2026-04-14 09:06:56.349 +07:00 [WRN] The decimal property 'KinhPhi' on entity type 'DaoTaoNuocNgoai' does not have a store type specified. This may lead to a precision loss if the values do not fit in the default precision and scale. Oracle recommends to explicitly specify the column type that can accommodate all the values in 'OnModelCreating' using 'HasColumnType', specify precision and scale using 'HasPrecision', or configure a value converter using 'HasConversion'.
2026-04-14 09:06:57.660 +07:00 [INF] Baseline seed data has been applied successfully.
2026-04-14 09:06:57.753 +07:00 [INF] User profile is available. Using 'C:\Users\CNTT\AppData\Local\ASP.NET\DataProtection-Keys' as key repository and Windows DPAPI to encrypt keys at rest.
2026-04-14 09:06:57.826 +07:00 [INF] Now listening on: http://localhost:5283
2026-04-14 09:06:57.827 +07:00 [INF] Application started. Press Ctrl+C to shut down.
2026-04-14 09:06:57.827 +07:00 [INF] Hosting environment: Development
2026-04-14 09:06:57.828 +07:00 [INF] Content root path: D:\Projects\ThucLuc_V2\.sources\backend\src\api
2026-04-14 11:09:34.628 +07:00 [INF] Request starting HTTP/1.1 OPTIONS http://localhost:5283/api/v1/ky-bao-cao - null null
2026-04-14 11:09:34.628 +07:00 [INF] Request starting HTTP/1.1 OPTIONS http://localhost:5283/api/v1/don-vi/2001 - null null
2026-04-14 11:09:34.628 +07:00 [INF] Request starting HTTP/1.1 OPTIONS http://localhost:5283/api/v1/ky-bao-cao/current - null null
2026-04-14 11:09:34.678 +07:00 [WRN] Failed to determine the https port for redirect.
2026-04-14 11:09:34.680 +07:00 [INF] CORS policy execution successful.
2026-04-14 11:09:34.680 +07:00 [INF] CORS policy execution successful.
2026-04-14 11:09:34.680 +07:00 [INF] CORS policy execution successful.
2026-04-14 11:09:34.682 +07:00 [INF] HTTP OPTIONS /api/v1/don-vi/2001 => 204 in 14.2565 ms CorrelationId=83f300ab0eb74675ad79ac98733bf016 UserId=anonymous
2026-04-14 11:09:34.682 +07:00 [INF] HTTP OPTIONS /api/v1/ky-bao-cao => 204 in 13.7424 ms CorrelationId=c28784740ac74769984a58b55eead0a4 UserId=anonymous
2026-04-14 11:09:34.682 +07:00 [INF] HTTP OPTIONS /api/v1/ky-bao-cao/current => 204 in 14.9365 ms CorrelationId=c7ed1938b65e47869289ea0539196399 UserId=anonymous
2026-04-14 11:09:34.687 +07:00 [INF] HTTP OPTIONS /api/v1/don-vi/2001 responded 204 in 21.4988 ms
2026-04-14 11:09:34.687 +07:00 [INF] HTTP OPTIONS /api/v1/ky-bao-cao responded 204 in 22.1725 ms
2026-04-14 11:09:34.689 +07:00 [INF] HTTP OPTIONS /api/v1/ky-bao-cao/current responded 204 in 24.6501 ms
2026-04-14 11:09:34.694 +07:00 [INF] Request finished HTTP/1.1 OPTIONS http://localhost:5283/api/v1/ky-bao-cao - 204 null null 67.8046ms
2026-04-14 11:09:34.694 +07:00 [INF] Request finished HTTP/1.1 OPTIONS http://localhost:5283/api/v1/ky-bao-cao/current - 204 null null 67.9295ms
2026-04-14 11:09:34.694 +07:00 [INF] Request finished HTTP/1.1 OPTIONS http://localhost:5283/api/v1/don-vi/2001 - 204 null null 67.9284ms
2026-04-14 11:09:34.698 +07:00 [INF] Request starting HTTP/1.1 GET http://localhost:5283/api/v1/ky-bao-cao/current - null null
2026-04-14 11:09:34.699 +07:00 [INF] Request starting HTTP/1.1 GET http://localhost:5283/api/v1/ky-bao-cao - null null
2026-04-14 11:09:34.701 +07:00 [INF] Request starting HTTP/1.1 GET http://localhost:5283/api/v1/don-vi/2001 - null null
2026-04-14 11:09:34.712 +07:00 [INF] CORS policy execution successful.
2026-04-14 11:09:34.712 +07:00 [INF] CORS policy execution successful.
2026-04-14 11:09:34.712 +07:00 [INF] CORS policy execution successful.
2026-04-14 11:09:36.035 +07:00 [INF] Failed to validate the token.
Microsoft.IdentityModel.Tokens.SecurityTokenExpiredException: IDX10223: Lifetime validation failed. The token is expired. ValidTo (UTC): '4/13/2026 10:18:31 AM', Current time (UTC): '4/14/2026 4:09:36 AM'.
   at Microsoft.IdentityModel.Tokens.ValidatorUtilities.ValidateLifetime(Nullable`1 notBefore, Nullable`1 expires, SecurityToken securityToken, TokenValidationParameters validationParameters)
   at Microsoft.IdentityModel.Tokens.Validators.ValidateLifetime(Nullable`1 notBefore, Nullable`1 expires, SecurityToken securityToken, TokenValidationParameters validationParameters)
   at Microsoft.IdentityModel.JsonWebTokens.JsonWebTokenHandler.ValidateTokenPayloadAsync(JsonWebToken jsonWebToken, TokenValidationParameters validationParameters, BaseConfiguration configuration)
   at Microsoft.IdentityModel.JsonWebTokens.JsonWebTokenHandler.ValidateJWSAsync(JsonWebToken jsonWebToken, TokenValidationParameters validationParameters, BaseConfiguration configuration)
2026-04-14 11:09:36.035 +07:00 [INF] Failed to validate the token.
Microsoft.IdentityModel.Tokens.SecurityTokenExpiredException: IDX10223: Lifetime validation failed. The token is expired. ValidTo (UTC): '4/13/2026 10:18:31 AM', Current time (UTC): '4/14/2026 4:09:36 AM'.
   at Microsoft.IdentityModel.Tokens.ValidatorUtilities.ValidateLifetime(Nullable`1 notBefore, Nullable`1 expires, SecurityToken securityToken, TokenValidationParameters validationParameters)
   at Microsoft.IdentityModel.Tokens.Validators.ValidateLifetime(Nullable`1 notBefore, Nullable`1 expires, SecurityToken securityToken, TokenValidationParameters validationParameters)
   at Microsoft.IdentityModel.JsonWebTokens.JsonWebTokenHandler.ValidateTokenPayloadAsync(JsonWebToken jsonWebToken, TokenValidationParameters validationParameters, BaseConfiguration configuration)
   at Microsoft.IdentityModel.JsonWebTokens.JsonWebTokenHandler.ValidateJWSAsync(JsonWebToken jsonWebToken, TokenValidationParameters validationParameters, BaseConfiguration configuration)
2026-04-14 11:09:36.035 +07:00 [INF] Failed to validate the token.
Microsoft.IdentityModel.Tokens.SecurityTokenExpiredException: IDX10223: Lifetime validation failed. The token is expired. ValidTo (UTC): '4/13/2026 10:18:31 AM', Current time (UTC): '4/14/2026 4:09:36 AM'.
   at Microsoft.IdentityModel.Tokens.ValidatorUtilities.ValidateLifetime(Nullable`1 notBefore, Nullable`1 expires, SecurityToken securityToken, TokenValidationParameters validationParameters)
   at Microsoft.IdentityModel.Tokens.Validators.ValidateLifetime(Nullable`1 notBefore, Nullable`1 expires, SecurityToken securityToken, TokenValidationParameters validationParameters)
   at Microsoft.IdentityModel.JsonWebTokens.JsonWebTokenHandler.ValidateTokenPayloadAsync(JsonWebToken jsonWebToken, TokenValidationParameters validationParameters, BaseConfiguration configuration)
   at Microsoft.IdentityModel.JsonWebTokens.JsonWebTokenHandler.ValidateJWSAsync(JsonWebToken jsonWebToken, TokenValidationParameters validationParameters, BaseConfiguration configuration)
2026-04-14 11:09:36.050 +07:00 [INF] Bearer was not authenticated. Failure message: IDX10223: Lifetime validation failed. The token is expired. ValidTo (UTC): '4/13/2026 10:18:31 AM', Current time (UTC): '4/14/2026 4:09:36 AM'.
2026-04-14 11:09:36.051 +07:00 [INF] Bearer was not authenticated. Failure message: IDX10223: Lifetime validation failed. The token is expired. ValidTo (UTC): '4/13/2026 10:18:31 AM', Current time (UTC): '4/14/2026 4:09:36 AM'.
2026-04-14 11:09:36.055 +07:00 [INF] Bearer was not authenticated. Failure message: IDX10223: Lifetime validation failed. The token is expired. ValidTo (UTC): '4/13/2026 10:18:31 AM', Current time (UTC): '4/14/2026 4:09:36 AM'.
2026-04-14 11:09:36.065 +07:00 [INF] Authorization failed. These requirements were not met:
ThucLuc.Api.Common.Authorization.PermissionRequirement
2026-04-14 11:09:36.065 +07:00 [INF] Authorization failed. These requirements were not met:
ThucLuc.Api.Common.Authorization.PermissionRequirement
2026-04-14 11:09:36.065 +07:00 [INF] Authorization failed. These requirements were not met:
ThucLuc.Api.Common.Authorization.PermissionRequirement
2026-04-14 11:09:36.068 +07:00 [INF] AuthenticationScheme: Bearer was challenged.
2026-04-14 11:09:36.068 +07:00 [INF] AuthenticationScheme: Bearer was challenged.
2026-04-14 11:09:36.069 +07:00 [INF] HTTP GET /api/v1/ky-bao-cao/current => 401 in 1358.4257 ms CorrelationId=60ca7d8fca51481aa8c5b3d8f57b0904 UserId=anonymous
2026-04-14 11:09:36.068 +07:00 [INF] HTTP GET /api/v1/don-vi/2001 => 401 in 1357.8823 ms CorrelationId=c1d9da7acaec46718176b5fda76f72ba UserId=anonymous
2026-04-14 11:09:36.072 +07:00 [INF] HTTP GET /api/v1/don-vi/2001 responded 401 in 1361.5346 ms
2026-04-14 11:09:36.073 +07:00 [INF] Request finished HTTP/1.1 GET http://localhost:5283/api/v1/don-vi/2001 - 401 0 null 1371.7363ms
2026-04-14 11:09:36.068 +07:00 [INF] AuthenticationScheme: Bearer was challenged.
2026-04-14 11:09:36.075 +07:00 [INF] HTTP GET /api/v1/ky-bao-cao => 401 in 1364.4587 ms CorrelationId=9c944a8a0ad348659107182ab110ca2c UserId=anonymous
2026-04-14 11:09:36.077 +07:00 [INF] HTTP GET /api/v1/ky-bao-cao responded 401 in 1366.8647 ms
2026-04-14 11:09:36.070 +07:00 [INF] HTTP GET /api/v1/ky-bao-cao/current responded 401 in 1359.6608 ms
2026-04-14 11:09:36.081 +07:00 [INF] Request finished HTTP/1.1 GET http://localhost:5283/api/v1/ky-bao-cao - 401 0 null 1381.3301ms
2026-04-14 11:09:36.082 +07:00 [INF] Request finished HTTP/1.1 GET http://localhost:5283/api/v1/ky-bao-cao/current - 401 0 null 1383.3157ms
2026-04-14 11:09:51.704 +07:00 [INF] Request starting HTTP/1.1 OPTIONS http://localhost:5283/api/v1/auth/login - null null
2026-04-14 11:09:51.706 +07:00 [INF] CORS policy execution successful.
2026-04-14 11:09:51.707 +07:00 [INF] HTTP OPTIONS /api/v1/auth/login => 204 in 0.7007 ms CorrelationId=d8c3adfbc48c4d7881941c46392bd890 UserId=anonymous
2026-04-14 11:09:51.709 +07:00 [INF] HTTP OPTIONS /api/v1/auth/login responded 204 in 2.6871 ms
2026-04-14 11:09:51.712 +07:00 [INF] Request finished HTTP/1.1 OPTIONS http://localhost:5283/api/v1/auth/login - 204 null null 7.2885ms
2026-04-14 11:09:51.716 +07:00 [INF] Request starting HTTP/1.1 POST http://localhost:5283/api/v1/auth/login - application/json 43
2026-04-14 11:09:51.718 +07:00 [INF] CORS policy execution successful.
2026-04-14 11:09:51.722 +07:00 [INF] Executing endpoint 'ThucLuc.Api.Controllers.V1.AuthController.Login (ThucLuc.Api)'
2026-04-14 11:09:51.738 +07:00 [INF] Route matched with {action = "Login", controller = "Auth"}. Executing controller action with signature System.Threading.Tasks.Task`1[Microsoft.AspNetCore.Mvc.ActionResult`1[ThucLuc.Api.Common.Models.ApiResponse`1[ThucLuc.Application.Features.Auth.AuthTokenDto]]] Login(ThucLuc.Application.Features.Auth.LoginRequest, System.Threading.CancellationToken) on controller ThucLuc.Api.Controllers.V1.AuthController (ThucLuc.Api).
2026-04-14 11:09:52.517 +07:00 [INF] Executing OkObjectResult, writing value of type 'ThucLuc.Api.Common.Models.ApiResponse`1[[ThucLuc.Application.Features.Auth.AuthTokenDto, ThucLuc.Application, Version=1.0.0.0, Culture=neutral, PublicKeyToken=null]]'.
2026-04-14 11:09:52.542 +07:00 [INF] Executed action ThucLuc.Api.Controllers.V1.AuthController.Login (ThucLuc.Api) in 800.2658ms
2026-04-14 11:09:52.545 +07:00 [INF] Executed endpoint 'ThucLuc.Api.Controllers.V1.AuthController.Login (ThucLuc.Api)'
2026-04-14 11:09:52.548 +07:00 [INF] HTTP POST /api/v1/auth/login => 200 in 829.4191 ms CorrelationId=a701fda3993540eca30bdcaac59edd95 UserId=anonymous
2026-04-14 11:09:52.551 +07:00 [INF] HTTP POST /api/v1/auth/login responded 200 in 832.7901 ms
2026-04-14 11:09:52.559 +07:00 [INF] Request finished HTTP/1.1 POST http://localhost:5283/api/v1/auth/login - 200 null application/json; charset=utf-8 842.673ms
2026-04-14 11:09:52.563 +07:00 [INF] Request starting HTTP/1.1 OPTIONS http://localhost:5283/api/v1/auth/me - null null
2026-04-14 11:09:52.565 +07:00 [INF] CORS policy execution successful.
2026-04-14 11:09:52.566 +07:00 [INF] HTTP OPTIONS /api/v1/auth/me => 204 in 0.7834 ms CorrelationId=2329dcba6ade4b25a9caf6f460350631 UserId=anonymous
2026-04-14 11:09:52.567 +07:00 [INF] HTTP OPTIONS /api/v1/auth/me responded 204 in 1.7992 ms
2026-04-14 11:09:52.568 +07:00 [INF] Request finished HTTP/1.1 OPTIONS http://localhost:5283/api/v1/auth/me - 204 null null 5.4497ms
2026-04-14 11:09:52.570 +07:00 [INF] Request starting HTTP/1.1 GET http://localhost:5283/api/v1/auth/me - null null
2026-04-14 11:09:52.571 +07:00 [INF] CORS policy execution successful.
2026-04-14 11:09:52.580 +07:00 [INF] Executing endpoint 'ThucLuc.Api.Controllers.V1.AuthController.Me (ThucLuc.Api)'
2026-04-14 11:09:52.584 +07:00 [INF] Route matched with {action = "Me", controller = "Auth"}. Executing controller action with signature System.Threading.Tasks.Task`1[Microsoft.AspNetCore.Mvc.ActionResult`1[ThucLuc.Api.Common.Models.ApiResponse`1[ThucLuc.Application.Features.Auth.UserProfileDto]]] Me(System.Threading.CancellationToken) on controller ThucLuc.Api.Controllers.V1.AuthController (ThucLuc.Api).
2026-04-14 11:09:52.614 +07:00 [INF] Executing OkObjectResult, writing value of type 'ThucLuc.Api.Common.Models.ApiResponse`1[[ThucLuc.Application.Features.Auth.UserProfileDto, ThucLuc.Application, Version=1.0.0.0, Culture=neutral, PublicKeyToken=null]]'.
2026-04-14 11:09:52.617 +07:00 [INF] Executed action ThucLuc.Api.Controllers.V1.AuthController.Me (ThucLuc.Api) in 30.7358ms
2026-04-14 11:09:52.619 +07:00 [INF] Executed endpoint 'ThucLuc.Api.Controllers.V1.AuthController.Me (ThucLuc.Api)'
2026-04-14 11:09:52.620 +07:00 [INF] HTTP GET /api/v1/auth/me => 200 in 49.5795 ms CorrelationId=9a6a916538b1410db10e23addd1bd5e2 UserId=5001
2026-04-14 11:09:52.622 +07:00 [INF] HTTP GET /api/v1/auth/me responded 200 in 51.3687 ms
2026-04-14 11:09:52.624 +07:00 [INF] Request finished HTTP/1.1 GET http://localhost:5283/api/v1/auth/me - 200 null application/json; charset=utf-8 54.0713ms
2026-04-14 11:09:52.644 +07:00 [INF] Request starting HTTP/1.1 OPTIONS http://localhost:5283/api/v1/don-vi/2001 - null null
2026-04-14 11:09:52.644 +07:00 [INF] Request starting HTTP/1.1 OPTIONS http://localhost:5283/api/v1/ky-bao-cao/current - null null
2026-04-14 11:09:52.645 +07:00 [INF] Request starting HTTP/1.1 OPTIONS http://localhost:5283/api/v1/ky-bao-cao - null null
2026-04-14 11:09:52.648 +07:00 [INF] CORS policy execution successful.
2026-04-14 11:09:52.650 +07:00 [INF] CORS policy execution successful.
2026-04-14 11:09:52.651 +07:00 [INF] CORS policy execution successful.
2026-04-14 11:09:52.652 +07:00 [INF] HTTP OPTIONS /api/v1/don-vi/2001 => 204 in 4.3007 ms CorrelationId=042a6551fb4d4eb9bea6b9105c3cd746 UserId=anonymous
2026-04-14 11:09:52.652 +07:00 [INF] HTTP OPTIONS /api/v1/ky-bao-cao/current => 204 in 2.1673 ms CorrelationId=22c7bfc5dc5b49ac9c8baebd5336f4fa UserId=anonymous
2026-04-14 11:09:52.653 +07:00 [INF] HTTP OPTIONS /api/v1/ky-bao-cao => 204 in 1.3585 ms CorrelationId=5d9b365e295b4d49965681701923695d UserId=anonymous
2026-04-14 11:09:52.654 +07:00 [INF] HTTP OPTIONS /api/v1/don-vi/2001 responded 204 in 6.2564 ms
2026-04-14 11:09:52.655 +07:00 [INF] HTTP OPTIONS /api/v1/ky-bao-cao/current responded 204 in 5.1715 ms
2026-04-14 11:09:52.657 +07:00 [INF] HTTP OPTIONS /api/v1/ky-bao-cao responded 204 in 5.6887 ms
2026-04-14 11:09:52.659 +07:00 [INF] Request finished HTTP/1.1 OPTIONS http://localhost:5283/api/v1/don-vi/2001 - 204 null null 14.467ms
2026-04-14 11:09:52.661 +07:00 [INF] Request finished HTTP/1.1 OPTIONS http://localhost:5283/api/v1/ky-bao-cao/current - 204 null null 16.6594ms
2026-04-14 11:09:52.662 +07:00 [INF] Request finished HTTP/1.1 OPTIONS http://localhost:5283/api/v1/ky-bao-cao - 204 null null 17.2996ms
2026-04-14 11:09:52.665 +07:00 [INF] Request starting HTTP/1.1 GET http://localhost:5283/api/v1/don-vi/2001 - null null
2026-04-14 11:09:52.667 +07:00 [INF] Request starting HTTP/1.1 GET http://localhost:5283/api/v1/ky-bao-cao/current - null null
2026-04-14 11:09:52.669 +07:00 [INF] Request starting HTTP/1.1 GET http://localhost:5283/api/v1/ky-bao-cao - null null
2026-04-14 11:09:52.670 +07:00 [INF] CORS policy execution successful.
2026-04-14 11:09:52.672 +07:00 [INF] CORS policy execution successful.
2026-04-14 11:09:52.674 +07:00 [INF] Executing endpoint 'ThucLuc.Api.Controllers.V1.DonViController.GetById (ThucLuc.Api)'
2026-04-14 11:09:52.673 +07:00 [INF] CORS policy execution successful.
2026-04-14 11:09:52.675 +07:00 [INF] Executing endpoint 'ThucLuc.Api.Controllers.V1.KyBaoCaoController.GetCurrent (ThucLuc.Api)'
2026-04-14 11:09:52.677 +07:00 [INF] Executing endpoint 'ThucLuc.Api.Controllers.V1.KyBaoCaoController.GetAll (ThucLuc.Api)'
2026-04-14 11:09:52.681 +07:00 [INF] Route matched with {action = "GetAll", controller = "KyBaoCao"}. Executing controller action with signature System.Threading.Tasks.Task`1[Microsoft.AspNetCore.Mvc.ActionResult`1[ThucLuc.Api.Common.Models.ApiResponse`1[System.Collections.Generic.IReadOnlyCollection`1[ThucLuc.Application.Features.KyBaoCao.KyBaoCaoDto]]]] GetAll(System.Threading.CancellationToken) on controller ThucLuc.Api.Controllers.V1.KyBaoCaoController (ThucLuc.Api).
2026-04-14 11:09:52.681 +07:00 [INF] Route matched with {action = "GetCurrent", controller = "KyBaoCao"}. Executing controller action with signature System.Threading.Tasks.Task`1[Microsoft.AspNetCore.Mvc.ActionResult`1[ThucLuc.Api.Common.Models.ApiResponse`1[ThucLuc.Application.Features.KyBaoCao.KyBaoCaoDto]]] GetCurrent(System.Threading.CancellationToken) on controller ThucLuc.Api.Controllers.V1.KyBaoCaoController (ThucLuc.Api).
2026-04-14 11:09:52.683 +07:00 [INF] Route matched with {action = "GetById", controller = "DonVi"}. Executing controller action with signature System.Threading.Tasks.Task`1[Microsoft.AspNetCore.Mvc.ActionResult`1[ThucLuc.Api.Common.Models.ApiResponse`1[ThucLuc.Application.Features.DonVi.DonViDto]]] GetById(Int64, System.Threading.CancellationToken) on controller ThucLuc.Api.Controllers.V1.DonViController (ThucLuc.Api).
2026-04-14 11:09:52.706 +07:00 [INF] Executing OkObjectResult, writing value of type 'ThucLuc.Api.Common.Models.ApiResponse`1[[System.Collections.Generic.IReadOnlyCollection`1[[ThucLuc.Application.Features.KyBaoCao.KyBaoCaoDto, ThucLuc.Application, Version=1.0.0.0, Culture=neutral, PublicKeyToken=null]], System.Private.CoreLib, Version=8.0.0.0, Culture=neutral, PublicKeyToken=7cec85d7bea7798e]]'.
2026-04-14 11:09:52.725 +07:00 [INF] Executed action ThucLuc.Api.Controllers.V1.KyBaoCaoController.GetAll (ThucLuc.Api) in 42.1735ms
2026-04-14 11:09:52.727 +07:00 [INF] Executed endpoint 'ThucLuc.Api.Controllers.V1.KyBaoCaoController.GetAll (ThucLuc.Api)'
2026-04-14 11:09:52.728 +07:00 [INF] HTTP GET /api/v1/ky-bao-cao => 200 in 54.458 ms CorrelationId=be23937d49414a04b4bc391f8d086214 UserId=5001
2026-04-14 11:09:52.729 +07:00 [INF] HTTP GET /api/v1/ky-bao-cao responded 200 in 55.5967 ms
2026-04-14 11:09:52.732 +07:00 [INF] Request finished HTTP/1.1 GET http://localhost:5283/api/v1/ky-bao-cao - 200 null application/json; charset=utf-8 62.819ms
2026-04-14 11:09:52.748 +07:00 [INF] Executing OkObjectResult, writing value of type 'ThucLuc.Api.Common.Models.ApiResponse`1[[ThucLuc.Application.Features.DonVi.DonViDto, ThucLuc.Application, Version=1.0.0.0, Culture=neutral, PublicKeyToken=null]]'.
2026-04-14 11:09:52.752 +07:00 [INF] Executed action ThucLuc.Api.Controllers.V1.DonViController.GetById (ThucLuc.Api) in 66.1927ms
2026-04-14 11:09:52.754 +07:00 [INF] Executed endpoint 'ThucLuc.Api.Controllers.V1.DonViController.GetById (ThucLuc.Api)'
2026-04-14 11:09:52.755 +07:00 [INF] HTTP GET /api/v1/don-vi/2001 => 200 in 84.4725 ms CorrelationId=6916529616e14beba601a1828c0fb0a9 UserId=5001
2026-04-14 11:09:52.756 +07:00 [INF] HTTP GET /api/v1/don-vi/2001 responded 200 in 86.1220 ms
2026-04-14 11:09:52.757 +07:00 [INF] Request finished HTTP/1.1 GET http://localhost:5283/api/v1/don-vi/2001 - 200 null application/json; charset=utf-8 92.4863ms
2026-04-14 11:09:52.796 +07:00 [INF] Executing OkObjectResult, writing value of type 'ThucLuc.Api.Common.Models.ApiResponse`1[[ThucLuc.Application.Features.KyBaoCao.KyBaoCaoDto, ThucLuc.Application, Version=1.0.0.0, Culture=neutral, PublicKeyToken=null]]'.
2026-04-14 11:09:52.800 +07:00 [INF] Executed action ThucLuc.Api.Controllers.V1.KyBaoCaoController.GetCurrent (ThucLuc.Api) in 115.6853ms
2026-04-14 11:09:52.802 +07:00 [INF] Executed endpoint 'ThucLuc.Api.Controllers.V1.KyBaoCaoController.GetCurrent (ThucLuc.Api)'
2026-04-14 11:09:52.804 +07:00 [INF] HTTP GET /api/v1/ky-bao-cao/current => 200 in 131.7573 ms CorrelationId=65165bd23a6e41ab928c9593877cb426 UserId=5001
2026-04-14 11:09:52.805 +07:00 [INF] HTTP GET /api/v1/ky-bao-cao/current responded 200 in 133.0062 ms
2026-04-14 11:09:52.807 +07:00 [INF] Request finished HTTP/1.1 GET http://localhost:5283/api/v1/ky-bao-cao/current - 200 null application/json; charset=utf-8 140.7955ms
2026-04-14 11:09:52.811 +07:00 [INF] Request starting HTTP/1.1 OPTIONS http://localhost:5283/api/v1/ky-bao-cao/6001/tien-do - null null
2026-04-14 11:09:52.814 +07:00 [INF] CORS policy execution successful.
2026-04-14 11:09:52.815 +07:00 [INF] HTTP OPTIONS /api/v1/ky-bao-cao/6001/tien-do => 204 in 1.3513 ms CorrelationId=46d86c9e837a4c6ca10d26fc4030b2bb UserId=anonymous
2026-04-14 11:09:52.817 +07:00 [INF] HTTP OPTIONS /api/v1/ky-bao-cao/6001/tien-do responded 204 in 3.4627 ms
2026-04-14 11:09:52.818 +07:00 [INF] Request finished HTTP/1.1 OPTIONS http://localhost:5283/api/v1/ky-bao-cao/6001/tien-do - 204 null null 7.4725ms
2026-04-14 11:09:52.823 +07:00 [INF] Request starting HTTP/1.1 GET http://localhost:5283/api/v1/ky-bao-cao/6001/tien-do - null null
2026-04-14 11:09:52.826 +07:00 [INF] CORS policy execution successful.
2026-04-14 11:09:52.827 +07:00 [INF] Executing endpoint 'ThucLuc.Api.Controllers.V1.KyBaoCaoController.GetTienDo (ThucLuc.Api)'
2026-04-14 11:09:52.832 +07:00 [INF] Route matched with {action = "GetTienDo", controller = "KyBaoCao"}. Executing controller action with signature System.Threading.Tasks.Task`1[Microsoft.AspNetCore.Mvc.ActionResult`1[ThucLuc.Api.Common.Models.ApiResponse`1[ThucLuc.Application.Features.KyBaoCao.KyBaoCaoTienDoDto]]] GetTienDo(Int64, System.Threading.CancellationToken) on controller ThucLuc.Api.Controllers.V1.KyBaoCaoController (ThucLuc.Api).
2026-04-14 11:09:53.419 +07:00 [ERR] 2026-04-14 11:09:53.419097 ThreadID:91  (ERROR)   OracleRelationalCommand.ExecuteReaderAsync() :  Oracle.ManagedDataAccess.Client.OracleException (0x80004005): ORA-00904: "TRUE": invalid identifier
https://docs.oracle.com/error-help/db/ora-00904/
   at Oracle.ManagedDataAccess.Client.OracleCommand.<>c.<ExecuteDbDataReaderAsync>b__225_0(Task`1 result)
   at System.Threading.Tasks.ContinuationResultTaskFromResultTask`2.InnerInvoke()
   at System.Threading.ExecutionContext.RunInternal(ExecutionContext executionContext, ContextCallback callback, Object state)
--- End of stack trace from previous location ---
   at System.Threading.ExecutionContext.RunInternal(ExecutionContext executionContext, ContextCallback callback, Object state)
   at System.Threading.Tasks.Task.ExecuteWithThreadLocal(Task& currentTaskSlot, Thread threadPoolThread)
--- End of stack trace from previous location ---
   at Oracle.EntityFrameworkCore.Storage.Internal.OracleRelationalCommandBuilderFactory.OracleRelationalCommandBuilder.OracleRelationalCommand.ExecuteReaderAsync(RelationalCommandParameterObject parameterObject, CancellationToken cancellationToken)
2026-04-14 11:09:53.427 +07:00 [ERR] Failed executing DbCommand (549ms) [Parameters=[:id_0='?' (DbType = Int64)], CommandType='"Text"', CommandTimeout='0']
SELECT "r"."DON_VI_ID", True, "t"."TEN_DON_VI", "r"."TRANG_THAI", (
    SELECT "r1"."ID"
    FROM "CAND_QLCNTT"."RPT_BAO_CAO_SNAPSHOT" "r1"
    WHERE (("r1"."DELETED_AT" IS NULL) AND ((("r1"."KY_BAO_CAO_ID" = "r"."KY_BAO_CAO_ID") AND ("r1"."DON_VI_ID" = "r"."DON_VI_ID"))))
    ORDER BY "r1"."PHIEN_BAN" DESC
    FETCH FIRST 1 ROWS ONLY), (
    SELECT "r2"."PHIEN_BAN"
    FROM "CAND_QLCNTT"."RPT_BAO_CAO_SNAPSHOT" "r2"
    WHERE (("r2"."DELETED_AT" IS NULL) AND ((("r2"."KY_BAO_CAO_ID" = "r"."KY_BAO_CAO_ID") AND ("r2"."DON_VI_ID" = "r"."DON_VI_ID"))))
    ORDER BY "r2"."PHIEN_BAN" DESC
    FETCH FIRST 1 ROWS ONLY), (
    SELECT "r3"."TRANG_THAI"
    FROM "CAND_QLCNTT"."RPT_BAO_CAO_SNAPSHOT" "r3"
    WHERE (("r3"."DELETED_AT" IS NULL) AND ((("r3"."KY_BAO_CAO_ID" = "r"."KY_BAO_CAO_ID") AND ("r3"."DON_VI_ID" = "r"."DON_VI_ID"))))
    ORDER BY "r3"."PHIEN_BAN" DESC
    FETCH FIRST 1 ROWS ONLY), (
    SELECT "r4"."SUBMITTED_AT"
    FROM "CAND_QLCNTT"."RPT_BAO_CAO_SNAPSHOT" "r4"
    WHERE (("r4"."DELETED_AT" IS NULL) AND ((("r4"."KY_BAO_CAO_ID" = "r"."KY_BAO_CAO_ID") AND ("r4"."DON_VI_ID" = "r"."DON_VI_ID"))))
    ORDER BY "r4"."PHIEN_BAN" DESC
    FETCH FIRST 1 ROWS ONLY), (
    SELECT "r5"."LOCKED_AT"
    FROM "CAND_QLCNTT"."RPT_BAO_CAO_SNAPSHOT" "r5"
    WHERE (("r5"."DELETED_AT" IS NULL) AND ((("r5"."KY_BAO_CAO_ID" = "r"."KY_BAO_CAO_ID") AND ("r5"."DON_VI_ID" = "r"."DON_VI_ID"))))
    ORDER BY "r5"."PHIEN_BAN" DESC
    FETCH FIRST 1 ROWS ONLY), "r"."NGAY_MO_LAI", "r"."NGAY_XAC_NHAN"
FROM "CAND_QLCNTT"."RPT_KY_TRANG_THAI_DON_VI" "r"
INNER JOIN (
    SELECT "r0"."ID", "r0"."TEN_DON_VI"
    FROM "CAND_QLCNTT"."REF_DON_VI" "r0"
    WHERE "r0"."DELETED_AT" IS NULL
) "t" ON "r"."DON_VI_ID" = "t"."ID"
WHERE "r"."KY_BAO_CAO_ID" = :id_0
ORDER BY "t"."TEN_DON_VI"
2026-04-14 11:09:53.433 +07:00 [ERR] 2026-04-14 11:09:53.433508 ThreadID:91  (ERROR)   OracleExecutionStrategy.ExecuteAsync() :  Oracle.ManagedDataAccess.Client.OracleException (0x80004005): ORA-00904: "TRUE": invalid identifier
https://docs.oracle.com/error-help/db/ora-00904/
   at Oracle.ManagedDataAccess.Client.OracleCommand.<>c.<ExecuteDbDataReaderAsync>b__225_0(Task`1 result)
   at System.Threading.Tasks.ContinuationResultTaskFromResultTask`2.InnerInvoke()
   at System.Threading.ExecutionContext.RunInternal(ExecutionContext executionContext, ContextCallback callback, Object state)
--- End of stack trace from previous location ---
   at System.Threading.ExecutionContext.RunInternal(ExecutionContext executionContext, ContextCallback callback, Object state)
   at System.Threading.Tasks.Task.ExecuteWithThreadLocal(Task& currentTaskSlot, Thread threadPoolThread)
--- End of stack trace from previous location ---
   at Oracle.EntityFrameworkCore.Storage.Internal.OracleRelationalCommandBuilderFactory.OracleRelationalCommandBuilder.OracleRelationalCommand.ExecuteReaderAsync(RelationalCommandParameterObject parameterObject, CancellationToken cancellationToken)
   at Oracle.EntityFrameworkCore.Storage.Internal.OracleRelationalCommandBuilderFactory.OracleRelationalCommandBuilder.OracleRelationalCommand.ExecuteReaderAsync(RelationalCommandParameterObject parameterObject, CancellationToken cancellationToken)
   at Oracle.EntityFrameworkCore.Storage.Internal.OracleRelationalCommandBuilderFactory.OracleRelationalCommandBuilder.OracleRelationalCommand.ExecuteReaderAsync(RelationalCommandParameterObject parameterObject, CancellationToken cancellationToken)
   at Microsoft.EntityFrameworkCore.Query.Internal.SingleQueryingEnumerable`1.AsyncEnumerator.InitializeReaderAsync(AsyncEnumerator enumerator, CancellationToken cancellationToken)
   at Oracle.EntityFrameworkCore.Storage.Internal.OracleExecutionStrategy.ExecuteAsync[TState,TResult](TState state, Func`4 operation, Func`4 verifySucceeded, CancellationToken cancellationToken)
2026-04-14 11:09:53.437 +07:00 [ERR] An exception occurred while iterating over the results of a query for context type 'ThucLuc.Infrastructure.Persistence.AppDbContext'.
Oracle.ManagedDataAccess.Client.OracleException (0x80004005): ORA-00904: "TRUE": invalid identifier
https://docs.oracle.com/error-help/db/ora-00904/
   at Oracle.ManagedDataAccess.Client.OracleCommand.<>c.<ExecuteDbDataReaderAsync>b__225_0(Task`1 result)
   at System.Threading.Tasks.ContinuationResultTaskFromResultTask`2.InnerInvoke()
   at System.Threading.ExecutionContext.RunInternal(ExecutionContext executionContext, ContextCallback callback, Object state)
--- End of stack trace from previous location ---
   at System.Threading.ExecutionContext.RunInternal(ExecutionContext executionContext, ContextCallback callback, Object state)
   at System.Threading.Tasks.Task.ExecuteWithThreadLocal(Task& currentTaskSlot, Thread threadPoolThread)
--- End of stack trace from previous location ---
   at Oracle.EntityFrameworkCore.Storage.Internal.OracleRelationalCommandBuilderFactory.OracleRelationalCommandBuilder.OracleRelationalCommand.ExecuteReaderAsync(RelationalCommandParameterObject parameterObject, CancellationToken cancellationToken)
   at Oracle.EntityFrameworkCore.Storage.Internal.OracleRelationalCommandBuilderFactory.OracleRelationalCommandBuilder.OracleRelationalCommand.ExecuteReaderAsync(RelationalCommandParameterObject parameterObject, CancellationToken cancellationToken)
   at Oracle.EntityFrameworkCore.Storage.Internal.OracleRelationalCommandBuilderFactory.OracleRelationalCommandBuilder.OracleRelationalCommand.ExecuteReaderAsync(RelationalCommandParameterObject parameterObject, CancellationToken cancellationToken)
   at Microsoft.EntityFrameworkCore.Query.Internal.SingleQueryingEnumerable`1.AsyncEnumerator.InitializeReaderAsync(AsyncEnumerator enumerator, CancellationToken cancellationToken)
   at Oracle.EntityFrameworkCore.Storage.Internal.OracleExecutionStrategy.ExecuteAsync[TState,TResult](TState state, Func`4 operation, Func`4 verifySucceeded, CancellationToken cancellationToken)
   at Microsoft.EntityFrameworkCore.Query.Internal.SingleQueryingEnumerable`1.AsyncEnumerator.MoveNextAsync()
Oracle.ManagedDataAccess.Client.OracleException (0x80004005): ORA-00904: "TRUE": invalid identifier
https://docs.oracle.com/error-help/db/ora-00904/
   at Oracle.ManagedDataAccess.Client.OracleCommand.<>c.<ExecuteDbDataReaderAsync>b__225_0(Task`1 result)
   at System.Threading.Tasks.ContinuationResultTaskFromResultTask`2.InnerInvoke()
   at System.Threading.ExecutionContext.RunInternal(ExecutionContext executionContext, ContextCallback callback, Object state)
--- End of stack trace from previous location ---
   at System.Threading.ExecutionContext.RunInternal(ExecutionContext executionContext, ContextCallback callback, Object state)
   at System.Threading.Tasks.Task.ExecuteWithThreadLocal(Task& currentTaskSlot, Thread threadPoolThread)
--- End of stack trace from previous location ---
   at Oracle.EntityFrameworkCore.Storage.Internal.OracleRelationalCommandBuilderFactory.OracleRelationalCommandBuilder.OracleRelationalCommand.ExecuteReaderAsync(RelationalCommandParameterObject parameterObject, CancellationToken cancellationToken)
   at Oracle.EntityFrameworkCore.Storage.Internal.OracleRelationalCommandBuilderFactory.OracleRelationalCommandBuilder.OracleRelationalCommand.ExecuteReaderAsync(RelationalCommandParameterObject parameterObject, CancellationToken cancellationToken)
   at Oracle.EntityFrameworkCore.Storage.Internal.OracleRelationalCommandBuilderFactory.OracleRelationalCommandBuilder.OracleRelationalCommand.ExecuteReaderAsync(RelationalCommandParameterObject parameterObject, CancellationToken cancellationToken)
   at Microsoft.EntityFrameworkCore.Query.Internal.SingleQueryingEnumerable`1.AsyncEnumerator.InitializeReaderAsync(AsyncEnumerator enumerator, CancellationToken cancellationToken)
   at Oracle.EntityFrameworkCore.Storage.Internal.OracleExecutionStrategy.ExecuteAsync[TState,TResult](TState state, Func`4 operation, Func`4 verifySucceeded, CancellationToken cancellationToken)
   at Microsoft.EntityFrameworkCore.Query.Internal.SingleQueryingEnumerable`1.AsyncEnumerator.MoveNextAsync()
2026-04-14 11:09:53.443 +07:00 [INF] Executed action ThucLuc.Api.Controllers.V1.KyBaoCaoController.GetTienDo (ThucLuc.Api) in 608.0308ms
2026-04-14 11:09:53.445 +07:00 [INF] Executed endpoint 'ThucLuc.Api.Controllers.V1.KyBaoCaoController.GetTienDo (ThucLuc.Api)'
2026-04-14 11:09:53.447 +07:00 [ERR] Unhandled exception. CorrelationId=b02990a21fd54e669db0b0c37def0c0a
Oracle.ManagedDataAccess.Client.OracleException (0x80004005): ORA-00904: "TRUE": invalid identifier
https://docs.oracle.com/error-help/db/ora-00904/
   at Oracle.ManagedDataAccess.Client.OracleCommand.<>c.<ExecuteDbDataReaderAsync>b__225_0(Task`1 result)
   at System.Threading.Tasks.ContinuationResultTaskFromResultTask`2.InnerInvoke()
   at System.Threading.ExecutionContext.RunInternal(ExecutionContext executionContext, ContextCallback callback, Object state)
--- End of stack trace from previous location ---
   at System.Threading.ExecutionContext.RunInternal(ExecutionContext executionContext, ContextCallback callback, Object state)
   at System.Threading.Tasks.Task.ExecuteWithThreadLocal(Task& currentTaskSlot, Thread threadPoolThread)
--- End of stack trace from previous location ---
   at Oracle.EntityFrameworkCore.Storage.Internal.OracleRelationalCommandBuilderFactory.OracleRelationalCommandBuilder.OracleRelationalCommand.ExecuteReaderAsync(RelationalCommandParameterObject parameterObject, CancellationToken cancellationToken)
   at Oracle.EntityFrameworkCore.Storage.Internal.OracleRelationalCommandBuilderFactory.OracleRelationalCommandBuilder.OracleRelationalCommand.ExecuteReaderAsync(RelationalCommandParameterObject parameterObject, CancellationToken cancellationToken)
   at Oracle.EntityFrameworkCore.Storage.Internal.OracleRelationalCommandBuilderFactory.OracleRelationalCommandBuilder.OracleRelationalCommand.ExecuteReaderAsync(RelationalCommandParameterObject parameterObject, CancellationToken cancellationToken)
   at Microsoft.EntityFrameworkCore.Query.Internal.SingleQueryingEnumerable`1.AsyncEnumerator.InitializeReaderAsync(AsyncEnumerator enumerator, CancellationToken cancellationToken)
   at Oracle.EntityFrameworkCore.Storage.Internal.OracleExecutionStrategy.ExecuteAsync[TState,TResult](TState state, Func`4 operation, Func`4 verifySucceeded, CancellationToken cancellationToken)
   at Microsoft.EntityFrameworkCore.Query.Internal.SingleQueryingEnumerable`1.AsyncEnumerator.MoveNextAsync()
   at Microsoft.EntityFrameworkCore.EntityFrameworkQueryableExtensions.ToListAsync[TSource](IQueryable`1 source, CancellationToken cancellationToken)
   at Microsoft.EntityFrameworkCore.EntityFrameworkQueryableExtensions.ToListAsync[TSource](IQueryable`1 source, CancellationToken cancellationToken)
   at ThucLuc.Application.Features.KyBaoCao.KyBaoCaoService.GetTienDoAsync(Int64 id, CancellationToken cancellationToken) in D:\Projects\ThucLuc_V2\.sources\backend\src\Application\Features\KyBaoCao\KyBaoCaoService.cs:line 75
   at ThucLuc.Api.Controllers.V1.KyBaoCaoController.GetTienDo(Int64 id, CancellationToken cancellationToken) in D:\Projects\ThucLuc_V2\.sources\backend\src\api\Controllers\V1\KyBaoCaoController.cs:line 46
   at lambda_method1356(Closure, Object)
   at Microsoft.AspNetCore.Mvc.Infrastructure.ActionMethodExecutor.AwaitableObjectResultExecutor.Execute(ActionContext actionContext, IActionResultTypeMapper mapper, ObjectMethodExecutor executor, Object controller, Object[] arguments)
   at Microsoft.AspNetCore.Mvc.Infrastructure.ControllerActionInvoker.<InvokeActionMethodAsync>g__Awaited|12_0(ControllerActionInvoker invoker, ValueTask`1 actionResultValueTask)
   at Microsoft.AspNetCore.Mvc.Infrastructure.ControllerActionInvoker.<InvokeNextActionFilterAsync>g__Awaited|10_0(ControllerActionInvoker invoker, Task lastTask, State next, Scope scope, Object state, Boolean isCompleted)
   at Microsoft.AspNetCore.Mvc.Infrastructure.ControllerActionInvoker.Rethrow(ActionExecutedContextSealed context)
   at Microsoft.AspNetCore.Mvc.Infrastructure.ControllerActionInvoker.Next(State& next, Scope& scope, Object& state, Boolean& isCompleted)
   at Microsoft.AspNetCore.Mvc.Infrastructure.ControllerActionInvoker.<InvokeInnerFilterAsync>g__Awaited|13_0(ControllerActionInvoker invoker, Task lastTask, State next, Scope scope, Object state, Boolean isCompleted)
   at Microsoft.AspNetCore.Mvc.Infrastructure.ResourceInvoker.<InvokeFilterPipelineAsync>g__Awaited|20_0(ResourceInvoker invoker, Task lastTask, State next, Scope scope, Object state, Boolean isCompleted)
   at Microsoft.AspNetCore.Mvc.Infrastructure.ResourceInvoker.<InvokeAsync>g__Logged|17_1(ResourceInvoker invoker)
   at Microsoft.AspNetCore.Mvc.Infrastructure.ResourceInvoker.<InvokeAsync>g__Logged|17_1(ResourceInvoker invoker)
   at Microsoft.AspNetCore.Routing.EndpointMiddleware.<Invoke>g__AwaitRequestTask|7_0(Endpoint endpoint, Task requestTask, ILogger logger)
   at Microsoft.AspNetCore.Authorization.AuthorizationMiddleware.Invoke(HttpContext context)
   at Microsoft.AspNetCore.Authentication.AuthenticationMiddleware.Invoke(HttpContext context)
   at Swashbuckle.AspNetCore.SwaggerUI.SwaggerUIMiddleware.Invoke(HttpContext httpContext)
   at Swashbuckle.AspNetCore.Swagger.SwaggerMiddleware.Invoke(HttpContext httpContext, ISwaggerProvider swaggerProvider)
   at ThucLuc.Api.Common.Middleware.GlobalExceptionMiddleware.InvokeAsync(HttpContext context) in D:\Projects\ThucLuc_V2\.sources\backend\src\api\Common\Middleware\GlobalExceptionMiddleware.cs:line 23
2026-04-14 11:09:53.480 +07:00 [INF] HTTP GET /api/v1/ky-bao-cao/6001/tien-do => 500 in 653.8559 ms CorrelationId=b02990a21fd54e669db0b0c37def0c0a UserId=5001
2026-04-14 11:09:53.481 +07:00 [ERR] HTTP GET /api/v1/ky-bao-cao/6001/tien-do responded 500 in 655.2393 ms
2026-04-14 11:09:53.482 +07:00 [INF] Request finished HTTP/1.1 GET http://localhost:5283/api/v1/ky-bao-cao/6001/tien-do - 500 null application/json 659.6929ms
2026-04-14 11:16:46.400 +07:00 [INF] Request starting HTTP/1.1 OPTIONS http://localhost:5283/api/v1/dao-tao-boi-duong - null null
2026-04-14 11:16:46.402 +07:00 [INF] CORS policy execution successful.
2026-04-14 11:16:46.403 +07:00 [INF] HTTP OPTIONS /api/v1/dao-tao-boi-duong => 204 in 0.8328 ms CorrelationId=c5ffbdf7453543bfb5454f44bb6aa29e UserId=anonymous
2026-04-14 11:16:46.404 +07:00 [INF] HTTP OPTIONS /api/v1/dao-tao-boi-duong responded 204 in 2.3787 ms
2026-04-14 11:16:46.405 +07:00 [INF] Request finished HTTP/1.1 OPTIONS http://localhost:5283/api/v1/dao-tao-boi-duong - 204 null null 5.6617ms
2026-04-14 11:16:46.408 +07:00 [INF] Request starting HTTP/1.1 GET http://localhost:5283/api/v1/dao-tao-boi-duong - null null
2026-04-14 11:16:46.411 +07:00 [INF] CORS policy execution successful.
2026-04-14 11:16:46.413 +07:00 [INF] Executing endpoint 'ThucLuc.Api.Controllers.V1.DaoTaoBoiDuongController.GetAll (ThucLuc.Api)'
2026-04-14 11:16:46.419 +07:00 [INF] Route matched with {action = "GetAll", controller = "DaoTaoBoiDuong"}. Executing controller action with signature System.Threading.Tasks.Task`1[Microsoft.AspNetCore.Mvc.ActionResult`1[ThucLuc.Api.Common.Models.ApiResponse`1[System.Collections.Generic.IReadOnlyCollection`1[ThucLuc.Application.Features.DaoTaoBoiDuong.DaoTaoBoiDuongDto]]]] GetAll(System.String, System.Threading.CancellationToken) on controller ThucLuc.Api.Controllers.V1.DaoTaoBoiDuongController (ThucLuc.Api).
2026-04-14 11:16:46.501 +07:00 [INF] Executing OkObjectResult, writing value of type 'ThucLuc.Api.Common.Models.ApiResponse`1[[System.Collections.Generic.IReadOnlyCollection`1[[ThucLuc.Application.Features.DaoTaoBoiDuong.DaoTaoBoiDuongDto, ThucLuc.Application, Version=1.0.0.0, Culture=neutral, PublicKeyToken=null]], System.Private.CoreLib, Version=8.0.0.0, Culture=neutral, PublicKeyToken=7cec85d7bea7798e]]'.
2026-04-14 11:16:46.504 +07:00 [INF] Executed action ThucLuc.Api.Controllers.V1.DaoTaoBoiDuongController.GetAll (ThucLuc.Api) in 84.2237ms
2026-04-14 11:16:46.505 +07:00 [INF] Executed endpoint 'ThucLuc.Api.Controllers.V1.DaoTaoBoiDuongController.GetAll (ThucLuc.Api)'
2026-04-14 11:16:46.506 +07:00 [INF] HTTP GET /api/v1/dao-tao-boi-duong => 200 in 95.4357 ms CorrelationId=7d302e7584d548e0b3b31d70d8f742a0 UserId=5001
2026-04-14 11:16:46.510 +07:00 [INF] HTTP GET /api/v1/dao-tao-boi-duong responded 200 in 98.5415 ms
2026-04-14 11:16:46.511 +07:00 [INF] Request finished HTTP/1.1 GET http://localhost:5283/api/v1/dao-tao-boi-duong - 200 null application/json; charset=utf-8 103.1555ms
2026-04-14 12:01:19.192 +07:00 [INF] Request starting HTTP/1.1 OPTIONS http://localhost:5283/api/v1/ky-bao-cao - null null
2026-04-14 12:01:19.192 +07:00 [INF] Request starting HTTP/1.1 OPTIONS http://localhost:5283/api/v1/ky-bao-cao/current - null null
2026-04-14 12:01:19.194 +07:00 [INF] CORS policy execution successful.
2026-04-14 12:01:19.195 +07:00 [INF] CORS policy execution successful.
2026-04-14 12:01:19.195 +07:00 [INF] HTTP OPTIONS /api/v1/ky-bao-cao => 204 in 1.4266 ms CorrelationId=333663118eb742cdbd9298aaf544b17a UserId=anonymous
2026-04-14 12:01:19.195 +07:00 [INF] HTTP OPTIONS /api/v1/ky-bao-cao/current => 204 in 0.7457 ms CorrelationId=07ffa86b61934f35ad0747226871f825 UserId=anonymous
2026-04-14 12:01:19.197 +07:00 [INF] HTTP OPTIONS /api/v1/ky-bao-cao responded 204 in 3.2502 ms
2026-04-14 12:01:19.198 +07:00 [INF] HTTP OPTIONS /api/v1/ky-bao-cao/current responded 204 in 3.4911 ms
2026-04-14 12:01:19.199 +07:00 [INF] Request finished HTTP/1.1 OPTIONS http://localhost:5283/api/v1/ky-bao-cao - 204 null null 7.6544ms
2026-04-14 12:01:19.200 +07:00 [INF] Request finished HTTP/1.1 OPTIONS http://localhost:5283/api/v1/ky-bao-cao/current - 204 null null 8.3905ms
2026-04-14 12:01:19.202 +07:00 [INF] Request starting HTTP/1.1 GET http://localhost:5283/api/v1/ky-bao-cao/current - null null
2026-04-14 12:01:19.205 +07:00 [INF] Request starting HTTP/1.1 GET http://localhost:5283/api/v1/ky-bao-cao - null null
2026-04-14 12:01:19.207 +07:00 [INF] CORS policy execution successful.
2026-04-14 12:01:19.208 +07:00 [INF] CORS policy execution successful.
2026-04-14 12:01:19.209 +07:00 [INF] Executing endpoint 'ThucLuc.Api.Controllers.V1.KyBaoCaoController.GetCurrent (ThucLuc.Api)'
2026-04-14 12:01:19.210 +07:00 [INF] Executing endpoint 'ThucLuc.Api.Controllers.V1.KyBaoCaoController.GetAll (ThucLuc.Api)'
2026-04-14 12:01:19.211 +07:00 [INF] Route matched with {action = "GetCurrent", controller = "KyBaoCao"}. Executing controller action with signature System.Threading.Tasks.Task`1[Microsoft.AspNetCore.Mvc.ActionResult`1[ThucLuc.Api.Common.Models.ApiResponse`1[ThucLuc.Application.Features.KyBaoCao.KyBaoCaoDto]]] GetCurrent(System.Threading.CancellationToken) on controller ThucLuc.Api.Controllers.V1.KyBaoCaoController (ThucLuc.Api).
2026-04-14 12:01:19.211 +07:00 [INF] Route matched with {action = "GetAll", controller = "KyBaoCao"}. Executing controller action with signature System.Threading.Tasks.Task`1[Microsoft.AspNetCore.Mvc.ActionResult`1[ThucLuc.Api.Common.Models.ApiResponse`1[System.Collections.Generic.IReadOnlyCollection`1[ThucLuc.Application.Features.KyBaoCao.KyBaoCaoDto]]]] GetAll(System.Threading.CancellationToken) on controller ThucLuc.Api.Controllers.V1.KyBaoCaoController (ThucLuc.Api).
2026-04-14 12:01:19.261 +07:00 [INF] Executing OkObjectResult, writing value of type 'ThucLuc.Api.Common.Models.ApiResponse`1[[System.Collections.Generic.IReadOnlyCollection`1[[ThucLuc.Application.Features.KyBaoCao.KyBaoCaoDto, ThucLuc.Application, Version=1.0.0.0, Culture=neutral, PublicKeyToken=null]], System.Private.CoreLib, Version=8.0.0.0, Culture=neutral, PublicKeyToken=7cec85d7bea7798e]]'.
2026-04-14 12:01:19.263 +07:00 [INF] Executed action ThucLuc.Api.Controllers.V1.KyBaoCaoController.GetAll (ThucLuc.Api) in 49.4473ms
2026-04-14 12:01:19.264 +07:00 [INF] Executed endpoint 'ThucLuc.Api.Controllers.V1.KyBaoCaoController.GetAll (ThucLuc.Api)'
2026-04-14 12:01:19.264 +07:00 [INF] HTTP GET /api/v1/ky-bao-cao => 200 in 56.2188 ms CorrelationId=718ffedc9ab744cd970710194721388d UserId=5001
2026-04-14 12:01:19.265 +07:00 [INF] HTTP GET /api/v1/ky-bao-cao responded 200 in 57.1907 ms
2026-04-14 12:01:19.266 +07:00 [INF] Request finished HTTP/1.1 GET http://localhost:5283/api/v1/ky-bao-cao - 200 null application/json; charset=utf-8 61.2298ms
2026-04-14 12:01:19.295 +07:00 [INF] Executing OkObjectResult, writing value of type 'ThucLuc.Api.Common.Models.ApiResponse`1[[ThucLuc.Application.Features.KyBaoCao.KyBaoCaoDto, ThucLuc.Application, Version=1.0.0.0, Culture=neutral, PublicKeyToken=null]]'.
2026-04-14 12:01:19.296 +07:00 [INF] Executed action ThucLuc.Api.Controllers.V1.KyBaoCaoController.GetCurrent (ThucLuc.Api) in 83.9072ms
2026-04-14 12:01:19.297 +07:00 [INF] Executed endpoint 'ThucLuc.Api.Controllers.V1.KyBaoCaoController.GetCurrent (ThucLuc.Api)'
2026-04-14 12:01:19.298 +07:00 [INF] HTTP GET /api/v1/ky-bao-cao/current => 200 in 91.5242 ms CorrelationId=553c5dacd99842e0954dd4fc6c588f9e UserId=5001
2026-04-14 12:01:19.300 +07:00 [INF] HTTP GET /api/v1/ky-bao-cao/current responded 200 in 93.0793 ms
2026-04-14 12:01:19.301 +07:00 [INF] Request finished HTTP/1.1 GET http://localhost:5283/api/v1/ky-bao-cao/current - 200 null application/json; charset=utf-8 98.5478ms
2026-04-14 12:01:19.306 +07:00 [INF] Request starting HTTP/1.1 OPTIONS http://localhost:5283/api/v1/snapshot?kyBaoCaoId=6001 - null null
2026-04-14 12:01:19.308 +07:00 [INF] CORS policy execution successful.
2026-04-14 12:01:19.309 +07:00 [INF] HTTP OPTIONS /api/v1/snapshot => 204 in 1.0044 ms CorrelationId=426355cddfff4a23930c2b5caff4d92f UserId=anonymous
2026-04-14 12:01:19.310 +07:00 [INF] HTTP OPTIONS /api/v1/snapshot responded 204 in 2.0058 ms
2026-04-14 12:01:19.310 +07:00 [INF] Request finished HTTP/1.1 OPTIONS http://localhost:5283/api/v1/snapshot?kyBaoCaoId=6001 - 204 null null 4.5114ms
2026-04-14 12:01:19.312 +07:00 [INF] Request starting HTTP/1.1 GET http://localhost:5283/api/v1/snapshot?kyBaoCaoId=6001 - null null
2026-04-14 12:01:19.313 +07:00 [INF] CORS policy execution successful.
2026-04-14 12:01:19.314 +07:00 [INF] Executing endpoint 'ThucLuc.Api.Controllers.V1.BaoCaoSnapshotController.GetByKy (ThucLuc.Api)'
2026-04-14 12:01:19.318 +07:00 [INF] Route matched with {action = "GetByKy", controller = "BaoCaoSnapshot"}. Executing controller action with signature System.Threading.Tasks.Task`1[Microsoft.AspNetCore.Mvc.ActionResult`1[ThucLuc.Api.Common.Models.ApiResponse`1[System.Collections.Generic.IReadOnlyCollection`1[ThucLuc.Application.Features.BaoCaoSnapshot.BaoCaoSnapshotDto]]]] GetByKy(Int64, System.Threading.CancellationToken) on controller ThucLuc.Api.Controllers.V1.BaoCaoSnapshotController (ThucLuc.Api).
2026-04-14 12:01:19.399 +07:00 [INF] Executing OkObjectResult, writing value of type 'ThucLuc.Api.Common.Models.ApiResponse`1[[System.Collections.Generic.IReadOnlyCollection`1[[ThucLuc.Application.Features.BaoCaoSnapshot.BaoCaoSnapshotDto, ThucLuc.Application, Version=1.0.0.0, Culture=neutral, PublicKeyToken=null]], System.Private.CoreLib, Version=8.0.0.0, Culture=neutral, PublicKeyToken=7cec85d7bea7798e]]'.
2026-04-14 12:01:19.407 +07:00 [INF] Executed action ThucLuc.Api.Controllers.V1.BaoCaoSnapshotController.GetByKy (ThucLuc.Api) in 86.0857ms
2026-04-14 12:01:19.408 +07:00 [INF] Executed endpoint 'ThucLuc.Api.Controllers.V1.BaoCaoSnapshotController.GetByKy (ThucLuc.Api)'
2026-04-14 12:01:19.408 +07:00 [INF] HTTP GET /api/v1/snapshot => 200 in 95.2105 ms CorrelationId=8b051131ee8645758f73d31da4b5c04a UserId=5001
2026-04-14 12:01:19.410 +07:00 [INF] HTTP GET /api/v1/snapshot responded 200 in 96.3529 ms
2026-04-14 12:01:19.410 +07:00 [INF] Request finished HTTP/1.1 GET http://localhost:5283/api/v1/snapshot?kyBaoCaoId=6001 - 200 null application/json; charset=utf-8 98.4015ms
2026-04-14 12:23:53.715 +07:00 [INF] Request starting HTTP/1.1 OPTIONS http://localhost:5283/api/v1/dao-tao-boi-duong - null null
2026-04-14 12:23:53.717 +07:00 [INF] CORS policy execution successful.
2026-04-14 12:23:53.718 +07:00 [INF] HTTP OPTIONS /api/v1/dao-tao-boi-duong => 204 in 0.7677 ms CorrelationId=699eb346ee1f400c99494e0955ff4d73 UserId=anonymous
2026-04-14 12:23:53.720 +07:00 [INF] HTTP OPTIONS /api/v1/dao-tao-boi-duong responded 204 in 2.2266 ms
2026-04-14 12:23:53.721 +07:00 [INF] Request finished HTTP/1.1 OPTIONS http://localhost:5283/api/v1/dao-tao-boi-duong - 204 null null 5.6899ms
2026-04-14 12:23:53.723 +07:00 [INF] Request starting HTTP/1.1 GET http://localhost:5283/api/v1/dao-tao-boi-duong - null null
2026-04-14 12:23:53.725 +07:00 [INF] CORS policy execution successful.
2026-04-14 12:23:53.726 +07:00 [INF] Executing endpoint 'ThucLuc.Api.Controllers.V1.DaoTaoBoiDuongController.GetAll (ThucLuc.Api)'
2026-04-14 12:23:53.727 +07:00 [INF] Route matched with {action = "GetAll", controller = "DaoTaoBoiDuong"}. Executing controller action with signature System.Threading.Tasks.Task`1[Microsoft.AspNetCore.Mvc.ActionResult`1[ThucLuc.Api.Common.Models.ApiResponse`1[System.Collections.Generic.IReadOnlyCollection`1[ThucLuc.Application.Features.DaoTaoBoiDuong.DaoTaoBoiDuongDto]]]] GetAll(System.String, System.Threading.CancellationToken) on controller ThucLuc.Api.Controllers.V1.DaoTaoBoiDuongController (ThucLuc.Api).
2026-04-14 12:23:53.778 +07:00 [INF] Executing OkObjectResult, writing value of type 'ThucLuc.Api.Common.Models.ApiResponse`1[[System.Collections.Generic.IReadOnlyCollection`1[[ThucLuc.Application.Features.DaoTaoBoiDuong.DaoTaoBoiDuongDto, ThucLuc.Application, Version=1.0.0.0, Culture=neutral, PublicKeyToken=null]], System.Private.CoreLib, Version=8.0.0.0, Culture=neutral, PublicKeyToken=7cec85d7bea7798e]]'.
2026-04-14 12:23:53.780 +07:00 [INF] Executed action ThucLuc.Api.Controllers.V1.DaoTaoBoiDuongController.GetAll (ThucLuc.Api) in 50.1565ms
2026-04-14 12:23:53.780 +07:00 [INF] Executed endpoint 'ThucLuc.Api.Controllers.V1.DaoTaoBoiDuongController.GetAll (ThucLuc.Api)'
2026-04-14 12:23:53.781 +07:00 [INF] HTTP GET /api/v1/dao-tao-boi-duong => 200 in 56.3538 ms CorrelationId=6290bbc730eb4c6db0c3227e75890095 UserId=5001
2026-04-14 12:23:53.782 +07:00 [INF] HTTP GET /api/v1/dao-tao-boi-duong responded 200 in 57.5601 ms
2026-04-14 12:23:53.783 +07:00 [INF] Request finished HTTP/1.1 GET http://localhost:5283/api/v1/dao-tao-boi-duong - 200 null application/json; charset=utf-8 60.0742ms
2026-04-14 12:25:02.934 +07:00 [INF] Request starting HTTP/1.1 OPTIONS http://localhost:5283/api/v1/ky-bao-cao/current - null null
2026-04-14 12:25:02.937 +07:00 [INF] CORS policy execution successful.
2026-04-14 12:25:02.938 +07:00 [INF] HTTP OPTIONS /api/v1/ky-bao-cao/current => 204 in 0.5775 ms CorrelationId=890bfd178a0a460588bd1d5cd0926ed2 UserId=anonymous
2026-04-14 12:25:02.939 +07:00 [INF] HTTP OPTIONS /api/v1/ky-bao-cao/current responded 204 in 2.2145 ms
2026-04-14 12:25:02.941 +07:00 [INF] Request finished HTTP/1.1 OPTIONS http://localhost:5283/api/v1/ky-bao-cao/current - 204 null null 6.6604ms
2026-04-14 12:25:02.945 +07:00 [INF] Request starting HTTP/1.1 GET http://localhost:5283/api/v1/ky-bao-cao/current - null null
2026-04-14 12:25:02.948 +07:00 [INF] CORS policy execution successful.
2026-04-14 12:25:02.950 +07:00 [INF] Executing endpoint 'ThucLuc.Api.Controllers.V1.KyBaoCaoController.GetCurrent (ThucLuc.Api)'
2026-04-14 12:25:02.952 +07:00 [INF] Route matched with {action = "GetCurrent", controller = "KyBaoCao"}. Executing controller action with signature System.Threading.Tasks.Task`1[Microsoft.AspNetCore.Mvc.ActionResult`1[ThucLuc.Api.Common.Models.ApiResponse`1[ThucLuc.Application.Features.KyBaoCao.KyBaoCaoDto]]] GetCurrent(System.Threading.CancellationToken) on controller ThucLuc.Api.Controllers.V1.KyBaoCaoController (ThucLuc.Api).
2026-04-14 12:25:02.998 +07:00 [INF] Executing OkObjectResult, writing value of type 'ThucLuc.Api.Common.Models.ApiResponse`1[[ThucLuc.Application.Features.KyBaoCao.KyBaoCaoDto, ThucLuc.Application, Version=1.0.0.0, Culture=neutral, PublicKeyToken=null]]'.
2026-04-14 12:25:02.999 +07:00 [INF] Executed action ThucLuc.Api.Controllers.V1.KyBaoCaoController.GetCurrent (ThucLuc.Api) in 45.4341ms
2026-04-14 12:25:03.000 +07:00 [INF] Executed endpoint 'ThucLuc.Api.Controllers.V1.KyBaoCaoController.GetCurrent (ThucLuc.Api)'
2026-04-14 12:25:03.001 +07:00 [INF] HTTP GET /api/v1/ky-bao-cao/current => 200 in 52.2054 ms CorrelationId=04ae4504f7f047caa3c8b5c46a3c0e16 UserId=5001
2026-04-14 12:25:03.002 +07:00 [INF] HTTP GET /api/v1/ky-bao-cao/current responded 200 in 53.4781 ms
2026-04-14 12:25:03.003 +07:00 [INF] Request finished HTTP/1.1 GET http://localhost:5283/api/v1/ky-bao-cao/current - 200 null application/json; charset=utf-8 58.1205ms
2026-04-14 12:25:03.007 +07:00 [INF] Request starting HTTP/1.1 OPTIONS http://localhost:5283/api/v1/ky-bao-cao - null null
2026-04-14 12:25:03.008 +07:00 [INF] CORS policy execution successful.
2026-04-14 12:25:03.009 +07:00 [INF] HTTP OPTIONS /api/v1/ky-bao-cao => 204 in 0.515 ms CorrelationId=5fcb5611b3e14e13bf967300ebc01c7f UserId=anonymous
2026-04-14 12:25:03.010 +07:00 [INF] HTTP OPTIONS /api/v1/ky-bao-cao responded 204 in 1.7629 ms
2026-04-14 12:25:03.011 +07:00 [INF] Request finished HTTP/1.1 OPTIONS http://localhost:5283/api/v1/ky-bao-cao - 204 null null 4.5425ms
2026-04-14 12:25:03.013 +07:00 [INF] Request starting HTTP/1.1 GET http://localhost:5283/api/v1/ky-bao-cao - null null
2026-04-14 12:25:03.014 +07:00 [INF] CORS policy execution successful.
2026-04-14 12:25:03.015 +07:00 [INF] Executing endpoint 'ThucLuc.Api.Controllers.V1.KyBaoCaoController.GetAll (ThucLuc.Api)'
2026-04-14 12:25:03.016 +07:00 [INF] Route matched with {action = "GetAll", controller = "KyBaoCao"}. Executing controller action with signature System.Threading.Tasks.Task`1[Microsoft.AspNetCore.Mvc.ActionResult`1[ThucLuc.Api.Common.Models.ApiResponse`1[System.Collections.Generic.IReadOnlyCollection`1[ThucLuc.Application.Features.KyBaoCao.KyBaoCaoDto]]]] GetAll(System.Threading.CancellationToken) on controller ThucLuc.Api.Controllers.V1.KyBaoCaoController (ThucLuc.Api).
2026-04-14 12:25:03.019 +07:00 [INF] Executing OkObjectResult, writing value of type 'ThucLuc.Api.Common.Models.ApiResponse`1[[System.Collections.Generic.IReadOnlyCollection`1[[ThucLuc.Application.Features.KyBaoCao.KyBaoCaoDto, ThucLuc.Application, Version=1.0.0.0, Culture=neutral, PublicKeyToken=null]], System.Private.CoreLib, Version=8.0.0.0, Culture=neutral, PublicKeyToken=7cec85d7bea7798e]]'.
2026-04-14 12:25:03.021 +07:00 [INF] Executed action ThucLuc.Api.Controllers.V1.KyBaoCaoController.GetAll (ThucLuc.Api) in 3.277ms
2026-04-14 12:25:03.021 +07:00 [INF] Executed endpoint 'ThucLuc.Api.Controllers.V1.KyBaoCaoController.GetAll (ThucLuc.Api)'
2026-04-14 12:25:03.022 +07:00 [INF] HTTP GET /api/v1/ky-bao-cao => 200 in 8.0889 ms CorrelationId=5a452beebbb7432aa9215a54511a408d UserId=5001
2026-04-14 12:25:03.024 +07:00 [INF] HTTP GET /api/v1/ky-bao-cao responded 200 in 9.5323 ms
2026-04-14 12:25:03.025 +07:00 [INF] Request finished HTTP/1.1 GET http://localhost:5283/api/v1/ky-bao-cao - 200 null application/json; charset=utf-8 11.8208ms
2026-04-14 12:25:03.027 +07:00 [INF] Request starting HTTP/1.1 OPTIONS http://localhost:5283/api/v1/mau-bao-cao?includeInactive=false - null null
2026-04-14 12:25:03.028 +07:00 [INF] CORS policy execution successful.
2026-04-14 12:25:03.029 +07:00 [INF] HTTP OPTIONS /api/v1/mau-bao-cao => 204 in 0.5039 ms CorrelationId=e38fd8812b30491d8aafbc77148756e4 UserId=anonymous
2026-04-14 12:25:03.030 +07:00 [INF] HTTP OPTIONS /api/v1/mau-bao-cao responded 204 in 1.6514 ms
2026-04-14 12:25:03.031 +07:00 [INF] Request finished HTTP/1.1 OPTIONS http://localhost:5283/api/v1/mau-bao-cao?includeInactive=false - 204 null null 4.1691ms
2026-04-14 12:25:03.032 +07:00 [INF] Request starting HTTP/1.1 GET http://localhost:5283/api/v1/mau-bao-cao?includeInactive=false - null null
2026-04-14 12:25:03.034 +07:00 [INF] CORS policy execution successful.
2026-04-14 12:25:03.035 +07:00 [INF] Executing endpoint 'ThucLuc.Api.Controllers.V1.MauBaoCaoController.GetAll (ThucLuc.Api)'
2026-04-14 12:25:03.041 +07:00 [INF] Route matched with {action = "GetAll", controller = "MauBaoCao"}. Executing controller action with signature System.Threading.Tasks.Task`1[Microsoft.AspNetCore.Mvc.ActionResult`1[ThucLuc.Api.Common.Models.ApiResponse`1[System.Collections.Generic.IReadOnlyCollection`1[ThucLuc.Application.Features.MauBaoCao.MauBaoCaoDto]]]] GetAll(Boolean, System.Threading.CancellationToken) on controller ThucLuc.Api.Controllers.V1.MauBaoCaoController (ThucLuc.Api).
2026-04-14 12:25:03.065 +07:00 [INF] Executing OkObjectResult, writing value of type 'ThucLuc.Api.Common.Models.ApiResponse`1[[System.Collections.Generic.IReadOnlyCollection`1[[ThucLuc.Application.Features.MauBaoCao.MauBaoCaoDto, ThucLuc.Application, Version=1.0.0.0, Culture=neutral, PublicKeyToken=null]], System.Private.CoreLib, Version=8.0.0.0, Culture=neutral, PublicKeyToken=7cec85d7bea7798e]]'.
2026-04-14 12:25:03.070 +07:00 [INF] Executed action ThucLuc.Api.Controllers.V1.MauBaoCaoController.GetAll (ThucLuc.Api) in 26.8386ms
2026-04-14 12:25:03.071 +07:00 [INF] Executed endpoint 'ThucLuc.Api.Controllers.V1.MauBaoCaoController.GetAll (ThucLuc.Api)'
2026-04-14 12:25:03.072 +07:00 [INF] HTTP GET /api/v1/mau-bao-cao => 200 in 38.0141 ms CorrelationId=eabe15cde47d47b4acae67f58848eb84 UserId=5001
2026-04-14 12:25:03.074 +07:00 [INF] HTTP GET /api/v1/mau-bao-cao responded 200 in 39.8055 ms
2026-04-14 12:25:03.075 +07:00 [INF] Request finished HTTP/1.1 GET http://localhost:5283/api/v1/mau-bao-cao?includeInactive=false - 200 null application/json; charset=utf-8 43.1094ms
2026-04-14 12:25:26.689 +07:00 [INF] Request starting HTTP/1.1 OPTIONS http://localhost:5283/api/v1/dao-tao-boi-duong - null null
2026-04-14 12:25:26.693 +07:00 [INF] CORS policy execution successful.
2026-04-14 12:25:26.694 +07:00 [INF] HTTP OPTIONS /api/v1/dao-tao-boi-duong => 204 in 1.2578 ms CorrelationId=adb10a4ee1684bb8a7342d0c111b6b87 UserId=anonymous
2026-04-14 12:25:26.697 +07:00 [INF] HTTP OPTIONS /api/v1/dao-tao-boi-duong responded 204 in 4.3856 ms
2026-04-14 12:25:26.699 +07:00 [INF] Request finished HTTP/1.1 OPTIONS http://localhost:5283/api/v1/dao-tao-boi-duong - 204 null null 10.3057ms
2026-04-14 12:25:26.707 +07:00 [INF] Request starting HTTP/1.1 GET http://localhost:5283/api/v1/dao-tao-boi-duong - null null
2026-04-14 12:25:26.710 +07:00 [INF] CORS policy execution successful.
2026-04-14 12:25:26.711 +07:00 [INF] Executing endpoint 'ThucLuc.Api.Controllers.V1.DaoTaoBoiDuongController.GetAll (ThucLuc.Api)'
2026-04-14 12:25:26.713 +07:00 [INF] Route matched with {action = "GetAll", controller = "DaoTaoBoiDuong"}. Executing controller action with signature System.Threading.Tasks.Task`1[Microsoft.AspNetCore.Mvc.ActionResult`1[ThucLuc.Api.Common.Models.ApiResponse`1[System.Collections.Generic.IReadOnlyCollection`1[ThucLuc.Application.Features.DaoTaoBoiDuong.DaoTaoBoiDuongDto]]]] GetAll(System.String, System.Threading.CancellationToken) on controller ThucLuc.Api.Controllers.V1.DaoTaoBoiDuongController (ThucLuc.Api).
2026-04-14 12:25:26.718 +07:00 [INF] Executing OkObjectResult, writing value of type 'ThucLuc.Api.Common.Models.ApiResponse`1[[System.Collections.Generic.IReadOnlyCollection`1[[ThucLuc.Application.Features.DaoTaoBoiDuong.DaoTaoBoiDuongDto, ThucLuc.Application, Version=1.0.0.0, Culture=neutral, PublicKeyToken=null]], System.Private.CoreLib, Version=8.0.0.0, Culture=neutral, PublicKeyToken=7cec85d7bea7798e]]'.
2026-04-14 12:25:26.720 +07:00 [INF] Executed action ThucLuc.Api.Controllers.V1.DaoTaoBoiDuongController.GetAll (ThucLuc.Api) in 5.2211ms
2026-04-14 12:25:26.722 +07:00 [INF] Executed endpoint 'ThucLuc.Api.Controllers.V1.DaoTaoBoiDuongController.GetAll (ThucLuc.Api)'
2026-04-14 12:25:26.723 +07:00 [INF] HTTP GET /api/v1/dao-tao-boi-duong => 200 in 12.7689 ms CorrelationId=d22a2f4ba94147798a5f89132d4b27d3 UserId=5001
2026-04-14 12:25:26.725 +07:00 [INF] HTTP GET /api/v1/dao-tao-boi-duong responded 200 in 14.9995 ms
2026-04-14 12:25:26.727 +07:00 [INF] Request finished HTTP/1.1 GET http://localhost:5283/api/v1/dao-tao-boi-duong - 200 null application/json; charset=utf-8 20.037ms
2026-04-14 12:33:07.547 +07:00 [INF] Application is shutting down...
2026-04-14 14:08:18.492 +07:00 [WRN] The decimal property 'KinhPhi' on entity type 'DaoTaoNuocNgoai' does not have a store type specified. This may lead to a precision loss if the values do not fit in the default precision and scale. Oracle recommends to explicitly specify the column type that can accommodate all the values in 'OnModelCreating' using 'HasColumnType', specify precision and scale using 'HasPrecision', or configure a value converter using 'HasConversion'.
2026-04-14 14:08:19.782 +07:00 [INF] Baseline seed data has been applied successfully.
2026-04-14 14:08:19.889 +07:00 [INF] User profile is available. Using 'C:\Users\CNTT\AppData\Local\ASP.NET\DataProtection-Keys' as key repository and Windows DPAPI to encrypt keys at rest.
2026-04-14 14:08:20.010 +07:00 [INF] Now listening on: http://localhost:5283
2026-04-14 14:08:20.010 +07:00 [INF] Application started. Press Ctrl+C to shut down.
2026-04-14 14:08:20.010 +07:00 [INF] Hosting environment: Development
2026-04-14 14:08:20.010 +07:00 [INF] Content root path: D:\Projects\ThucLuc_V2\.sources\backend\src\Api
2026-04-14 14:09:08.993 +07:00 [INF] Request starting HTTP/1.1 OPTIONS http://localhost:5283/api/v1/ky-bao-cao/current - null null
2026-04-14 14:09:08.993 +07:00 [INF] Request starting HTTP/1.1 OPTIONS http://localhost:5283/api/v1/don-vi/2001 - null null
2026-04-14 14:09:08.993 +07:00 [INF] Request starting HTTP/1.1 OPTIONS http://localhost:5283/api/v1/ky-bao-cao - null null
2026-04-14 14:09:09.028 +07:00 [WRN] Failed to determine the https port for redirect.
2026-04-14 14:09:09.029 +07:00 [INF] CORS policy execution successful.
2026-04-14 14:09:09.029 +07:00 [INF] CORS policy execution successful.
2026-04-14 14:09:09.029 +07:00 [INF] CORS policy execution successful.
2026-04-14 14:09:09.031 +07:00 [INF] HTTP OPTIONS /api/v1/ky-bao-cao => 204 in 13.3931 ms CorrelationId=7a4890dbede4496c88919dd5dbc1352c UserId=anonymous
2026-04-14 14:09:09.031 +07:00 [INF] HTTP OPTIONS /api/v1/don-vi/2001 => 204 in 13.3828 ms CorrelationId=5af9e36951d14cb8a76e8a01f3238bbe UserId=anonymous
2026-04-14 14:09:09.031 +07:00 [INF] HTTP OPTIONS /api/v1/ky-bao-cao/current => 204 in 13.408 ms CorrelationId=3c76e3197476455d849aab3467a87b6e UserId=anonymous
2026-04-14 14:09:09.036 +07:00 [INF] HTTP OPTIONS /api/v1/don-vi/2001 responded 204 in 20.1572 ms
2026-04-14 14:09:09.036 +07:00 [INF] HTTP OPTIONS /api/v1/ky-bao-cao/current responded 204 in 20.2209 ms
2026-04-14 14:09:09.036 +07:00 [INF] HTTP OPTIONS /api/v1/ky-bao-cao responded 204 in 20.1046 ms
2026-04-14 14:09:09.041 +07:00 [INF] Request finished HTTP/1.1 OPTIONS http://localhost:5283/api/v1/ky-bao-cao/current - 204 null null 49.4736ms
2026-04-14 14:09:09.041 +07:00 [INF] Request finished HTTP/1.1 OPTIONS http://localhost:5283/api/v1/don-vi/2001 - 204 null null 49.473ms
2026-04-14 14:09:09.041 +07:00 [INF] Request finished HTTP/1.1 OPTIONS http://localhost:5283/api/v1/ky-bao-cao - 204 null null 49.473ms
2026-04-14 14:09:09.044 +07:00 [INF] Request starting HTTP/1.1 GET http://localhost:5283/api/v1/ky-bao-cao/current - null null
2026-04-14 14:09:09.044 +07:00 [INF] Request starting HTTP/1.1 GET http://localhost:5283/api/v1/ky-bao-cao - null null
2026-04-14 14:09:09.044 +07:00 [INF] Request starting HTTP/1.1 GET http://localhost:5283/api/v1/don-vi/2001 - null null
2026-04-14 14:12:02.727 +07:00 [WRN] The decimal property 'KinhPhi' on entity type 'DaoTaoNuocNgoai' does not have a store type specified. This may lead to a precision loss if the values do not fit in the default precision and scale. Oracle recommends to explicitly specify the column type that can accommodate all the values in 'OnModelCreating' using 'HasColumnType', specify precision and scale using 'HasPrecision', or configure a value converter using 'HasConversion'.
2026-04-14 14:12:03.711 +07:00 [INF] Baseline seed data has been applied successfully.
2026-04-14 14:12:03.768 +07:00 [INF] User profile is available. Using 'C:\Users\CNTT\AppData\Local\ASP.NET\DataProtection-Keys' as key repository and Windows DPAPI to encrypt keys at rest.
2026-04-14 14:12:03.809 +07:00 [INF] Now listening on: http://localhost:5283
2026-04-14 14:12:03.809 +07:00 [INF] Application started. Press Ctrl+C to shut down.
2026-04-14 14:12:03.810 +07:00 [INF] Hosting environment: Development
2026-04-14 14:12:03.811 +07:00 [INF] Content root path: D:\Projects\ThucLuc_V2\.sources\backend\src\api
2026-04-14 14:12:40.592 +07:00 [INF] Request starting HTTP/1.1 OPTIONS http://localhost:5283/api/v1/dao-tao-boi-duong - null null
2026-04-14 14:12:40.592 +07:00 [INF] Request starting HTTP/1.1 OPTIONS http://localhost:5283/api/v1/don-vi/2001 - null null
2026-04-14 14:12:40.633 +07:00 [WRN] Failed to determine the https port for redirect.
2026-04-14 14:12:40.635 +07:00 [INF] CORS policy execution successful.
2026-04-14 14:12:40.635 +07:00 [INF] CORS policy execution successful.
2026-04-14 14:12:40.637 +07:00 [INF] HTTP OPTIONS /api/v1/don-vi/2001 => 204 in 12.2118 ms CorrelationId=c38dc5a56b6d47b8bf2669ff1f29a7c4 UserId=anonymous
2026-04-14 14:12:40.637 +07:00 [INF] HTTP OPTIONS /api/v1/dao-tao-boi-duong => 204 in 12.3769 ms CorrelationId=b8b40fcc33a8426a811afc1f3aefaecb UserId=anonymous
2026-04-14 14:12:40.641 +07:00 [INF] HTTP OPTIONS /api/v1/dao-tao-boi-duong responded 204 in 19.6304 ms
2026-04-14 14:12:40.641 +07:00 [INF] HTTP OPTIONS /api/v1/don-vi/2001 responded 204 in 18.4411 ms
2026-04-14 14:12:40.646 +07:00 [INF] Request finished HTTP/1.1 OPTIONS http://localhost:5283/api/v1/don-vi/2001 - 204 null null 55.045ms
2026-04-14 14:12:40.646 +07:00 [INF] Request finished HTTP/1.1 OPTIONS http://localhost:5283/api/v1/dao-tao-boi-duong - 204 null null 55.0449ms
2026-04-14 14:12:40.649 +07:00 [INF] Request starting HTTP/1.1 GET http://localhost:5283/api/v1/dao-tao-boi-duong - null null
2026-04-14 14:12:40.651 +07:00 [INF] Request starting HTTP/1.1 GET http://localhost:5283/api/v1/don-vi/2001 - null null
2026-04-14 14:12:40.657 +07:00 [INF] CORS policy execution successful.
2026-04-14 14:12:40.657 +07:00 [INF] CORS policy execution successful.
2026-04-14 14:12:40.703 +07:00 [INF] Executing endpoint 'ThucLuc.Api.Controllers.V1.DonViController.GetById (ThucLuc.Api)'
2026-04-14 14:12:40.703 +07:00 [INF] Executing endpoint 'ThucLuc.Api.Controllers.V1.DaoTaoBoiDuongController.GetAll (ThucLuc.Api)'
2026-04-14 14:12:40.719 +07:00 [INF] Route matched with {action = "GetById", controller = "DonVi"}. Executing controller action with signature System.Threading.Tasks.Task`1[Microsoft.AspNetCore.Mvc.ActionResult`1[ThucLuc.Api.Common.Models.ApiResponse`1[ThucLuc.Application.Features.DonVi.DonViDto]]] GetById(Int64, System.Threading.CancellationToken) on controller ThucLuc.Api.Controllers.V1.DonViController (ThucLuc.Api).
2026-04-14 14:12:40.719 +07:00 [INF] Route matched with {action = "GetAll", controller = "DaoTaoBoiDuong"}. Executing controller action with signature System.Threading.Tasks.Task`1[Microsoft.AspNetCore.Mvc.ActionResult`1[ThucLuc.Api.Common.Models.ApiResponse`1[System.Collections.Generic.IReadOnlyCollection`1[ThucLuc.Application.Features.DaoTaoBoiDuong.DaoTaoBoiDuongDto]]]] GetAll(System.Threading.CancellationToken) on controller ThucLuc.Api.Controllers.V1.DaoTaoBoiDuongController (ThucLuc.Api).
2026-04-14 14:12:40.837 +07:00 [INF] Executing OkObjectResult, writing value of type 'ThucLuc.Api.Common.Models.ApiResponse`1[[System.Collections.Generic.IReadOnlyCollection`1[[ThucLuc.Application.Features.DaoTaoBoiDuong.DaoTaoBoiDuongDto, ThucLuc.Application, Version=1.0.0.0, Culture=neutral, PublicKeyToken=null]], System.Private.CoreLib, Version=8.0.0.0, Culture=neutral, PublicKeyToken=7cec85d7bea7798e]]'.
2026-04-14 14:12:40.873 +07:00 [INF] Executed action ThucLuc.Api.Controllers.V1.DaoTaoBoiDuongController.GetAll (ThucLuc.Api) in 149.5192ms
2026-04-14 14:12:40.876 +07:00 [INF] Executed endpoint 'ThucLuc.Api.Controllers.V1.DaoTaoBoiDuongController.GetAll (ThucLuc.Api)'
2026-04-14 14:12:40.878 +07:00 [INF] HTTP GET /api/v1/dao-tao-boi-duong => 200 in 221.9457 ms CorrelationId=69987fd29b5f49c993b87873c5f2c9f2 UserId=5001
2026-04-14 14:12:40.883 +07:00 [INF] HTTP GET /api/v1/dao-tao-boi-duong responded 200 in 227.0641 ms
2026-04-14 14:12:40.888 +07:00 [INF] Request finished HTTP/1.1 GET http://localhost:5283/api/v1/dao-tao-boi-duong - 200 null application/json; charset=utf-8 238.791ms
2026-04-14 14:12:40.913 +07:00 [INF] Executing OkObjectResult, writing value of type 'ThucLuc.Api.Common.Models.ApiResponse`1[[ThucLuc.Application.Features.DonVi.DonViDto, ThucLuc.Application, Version=1.0.0.0, Culture=neutral, PublicKeyToken=null]]'.
2026-04-14 14:12:40.925 +07:00 [INF] Executed action ThucLuc.Api.Controllers.V1.DonViController.GetById (ThucLuc.Api) in 204.5194ms
2026-04-14 14:12:40.928 +07:00 [INF] Executed endpoint 'ThucLuc.Api.Controllers.V1.DonViController.GetById (ThucLuc.Api)'
2026-04-14 14:12:40.929 +07:00 [INF] HTTP GET /api/v1/don-vi/2001 => 200 in 273.2043 ms CorrelationId=9771a7f603084223b40d36bd7990ddcd UserId=5001
2026-04-14 14:12:40.931 +07:00 [INF] HTTP GET /api/v1/don-vi/2001 responded 200 in 275.0267 ms
2026-04-14 14:12:40.933 +07:00 [INF] Request finished HTTP/1.1 GET http://localhost:5283/api/v1/don-vi/2001 - 200 null application/json; charset=utf-8 282.028ms
2026-04-14 14:21:14.174 +07:00 [INF] Request starting HTTP/1.1 OPTIONS http://localhost:5283/api/v1/ky-bao-cao/current - null null
2026-04-14 14:21:14.174 +07:00 [INF] Request starting HTTP/1.1 OPTIONS http://localhost:5283/api/v1/ky-bao-cao - null null
2026-04-14 14:21:14.177 +07:00 [INF] CORS policy execution successful.
2026-04-14 14:21:14.177 +07:00 [INF] CORS policy execution successful.
2026-04-14 14:21:14.178 +07:00 [INF] HTTP OPTIONS /api/v1/ky-bao-cao/current => 204 in 1.4676 ms CorrelationId=4b3e583839df4d05a6751c0da16958ed UserId=anonymous
2026-04-14 14:21:14.178 +07:00 [INF] HTTP OPTIONS /api/v1/ky-bao-cao => 204 in 0.9108 ms CorrelationId=ea68b67932cb473698ca46302d85cd5f UserId=anonymous
2026-04-14 14:21:14.179 +07:00 [INF] HTTP OPTIONS /api/v1/ky-bao-cao/current responded 204 in 3.0739 ms
2026-04-14 14:21:14.181 +07:00 [INF] HTTP OPTIONS /api/v1/ky-bao-cao responded 204 in 3.3133 ms
2026-04-14 14:21:14.182 +07:00 [INF] Request finished HTTP/1.1 OPTIONS http://localhost:5283/api/v1/ky-bao-cao/current - 204 null null 7.5476ms
2026-04-14 14:21:14.183 +07:00 [INF] Request finished HTTP/1.1 OPTIONS http://localhost:5283/api/v1/ky-bao-cao - 204 null null 8.5884ms
2026-04-14 14:21:14.186 +07:00 [INF] Request starting HTTP/1.1 GET http://localhost:5283/api/v1/ky-bao-cao/current - null null
2026-04-14 14:21:14.187 +07:00 [INF] Request starting HTTP/1.1 GET http://localhost:5283/api/v1/ky-bao-cao - null null
2026-04-14 14:21:14.189 +07:00 [INF] CORS policy execution successful.
2026-04-14 14:21:14.190 +07:00 [INF] CORS policy execution successful.
2026-04-14 14:21:14.194 +07:00 [INF] Executing endpoint 'ThucLuc.Api.Controllers.V1.KyBaoCaoController.GetCurrent (ThucLuc.Api)'
2026-04-14 14:21:14.194 +07:00 [INF] Executing endpoint 'ThucLuc.Api.Controllers.V1.KyBaoCaoController.GetAll (ThucLuc.Api)'
2026-04-14 14:21:14.200 +07:00 [INF] Route matched with {action = "GetAll", controller = "KyBaoCao"}. Executing controller action with signature System.Threading.Tasks.Task`1[Microsoft.AspNetCore.Mvc.ActionResult`1[ThucLuc.Api.Common.Models.ApiResponse`1[System.Collections.Generic.IReadOnlyCollection`1[ThucLuc.Application.Features.KyBaoCao.KyBaoCaoDto]]]] GetAll(System.Threading.CancellationToken) on controller ThucLuc.Api.Controllers.V1.KyBaoCaoController (ThucLuc.Api).
2026-04-14 14:21:14.200 +07:00 [INF] Route matched with {action = "GetCurrent", controller = "KyBaoCao"}. Executing controller action with signature System.Threading.Tasks.Task`1[Microsoft.AspNetCore.Mvc.ActionResult`1[ThucLuc.Api.Common.Models.ApiResponse`1[ThucLuc.Application.Features.KyBaoCao.KyBaoCaoDto]]] GetCurrent(System.Threading.CancellationToken) on controller ThucLuc.Api.Controllers.V1.KyBaoCaoController (ThucLuc.Api).
2026-04-14 14:21:14.271 +07:00 [INF] Executing OkObjectResult, writing value of type 'ThucLuc.Api.Common.Models.ApiResponse`1[[ThucLuc.Application.Features.KyBaoCao.KyBaoCaoDto, ThucLuc.Application, Version=1.0.0.0, Culture=neutral, PublicKeyToken=null]]'.
2026-04-14 14:21:14.271 +07:00 [INF] Executing OkObjectResult, writing value of type 'ThucLuc.Api.Common.Models.ApiResponse`1[[System.Collections.Generic.IReadOnlyCollection`1[[ThucLuc.Application.Features.KyBaoCao.KyBaoCaoDto, ThucLuc.Application, Version=1.0.0.0, Culture=neutral, PublicKeyToken=null]], System.Private.CoreLib, Version=8.0.0.0, Culture=neutral, PublicKeyToken=7cec85d7bea7798e]]'.
2026-04-14 14:21:14.281 +07:00 [INF] Executed action ThucLuc.Api.Controllers.V1.KyBaoCaoController.GetCurrent (ThucLuc.Api) in 76.689ms
2026-04-14 14:21:14.281 +07:00 [INF] Executed action ThucLuc.Api.Controllers.V1.KyBaoCaoController.GetAll (ThucLuc.Api) in 78.6946ms
2026-04-14 14:21:14.282 +07:00 [INF] Executed endpoint 'ThucLuc.Api.Controllers.V1.KyBaoCaoController.GetCurrent (ThucLuc.Api)'
2026-04-14 14:21:14.284 +07:00 [INF] Executed endpoint 'ThucLuc.Api.Controllers.V1.KyBaoCaoController.GetAll (ThucLuc.Api)'
2026-04-14 14:21:14.285 +07:00 [INF] HTTP GET /api/v1/ky-bao-cao/current => 200 in 96.6415 ms CorrelationId=01786621aa924336bdeb64bf3720c07a UserId=5001
2026-04-14 14:21:14.286 +07:00 [INF] HTTP GET /api/v1/ky-bao-cao => 200 in 96.4987 ms CorrelationId=a6f4f28dd4a444989a9f1ca31ec57ced UserId=5001
2026-04-14 14:21:14.288 +07:00 [INF] HTTP GET /api/v1/ky-bao-cao/current responded 200 in 99.1845 ms
2026-04-14 14:21:14.290 +07:00 [INF] HTTP GET /api/v1/ky-bao-cao responded 200 in 99.8355 ms
2026-04-14 14:21:14.291 +07:00 [INF] Request finished HTTP/1.1 GET http://localhost:5283/api/v1/ky-bao-cao/current - 200 null application/json; charset=utf-8 105.0797ms
2026-04-14 14:21:14.292 +07:00 [INF] Request finished HTTP/1.1 GET http://localhost:5283/api/v1/ky-bao-cao - 200 null application/json; charset=utf-8 105.021ms
2026-04-14 14:21:14.299 +07:00 [INF] Request starting HTTP/1.1 OPTIONS http://localhost:5283/api/v1/snapshot?kyBaoCaoId=6001 - null null
2026-04-14 14:21:14.301 +07:00 [INF] CORS policy execution successful.
2026-04-14 14:21:14.302 +07:00 [INF] HTTP OPTIONS /api/v1/snapshot => 204 in 1.0818 ms CorrelationId=a686f2934dd844439683317ffff22f82 UserId=anonymous
2026-04-14 14:21:14.304 +07:00 [INF] HTTP OPTIONS /api/v1/snapshot responded 204 in 3.7022 ms
2026-04-14 14:21:14.306 +07:00 [INF] Request finished HTTP/1.1 OPTIONS http://localhost:5283/api/v1/snapshot?kyBaoCaoId=6001 - 204 null null 6.9694ms
2026-04-14 14:21:14.309 +07:00 [INF] Request starting HTTP/1.1 GET http://localhost:5283/api/v1/snapshot?kyBaoCaoId=6001 - null null
2026-04-14 14:21:14.312 +07:00 [INF] CORS policy execution successful.
2026-04-14 14:21:14.314 +07:00 [INF] Executing endpoint 'ThucLuc.Api.Controllers.V1.BaoCaoSnapshotController.GetByKy (ThucLuc.Api)'
2026-04-14 14:21:14.320 +07:00 [INF] Route matched with {action = "GetByKy", controller = "BaoCaoSnapshot"}. Executing controller action with signature System.Threading.Tasks.Task`1[Microsoft.AspNetCore.Mvc.ActionResult`1[ThucLuc.Api.Common.Models.ApiResponse`1[System.Collections.Generic.IReadOnlyCollection`1[ThucLuc.Application.Features.BaoCaoSnapshot.BaoCaoSnapshotDto]]]] GetByKy(Int64, System.Threading.CancellationToken) on controller ThucLuc.Api.Controllers.V1.BaoCaoSnapshotController (ThucLuc.Api).
2026-04-14 14:21:14.437 +07:00 [INF] Executing OkObjectResult, writing value of type 'ThucLuc.Api.Common.Models.ApiResponse`1[[System.Collections.Generic.IReadOnlyCollection`1[[ThucLuc.Application.Features.BaoCaoSnapshot.BaoCaoSnapshotDto, ThucLuc.Application, Version=1.0.0.0, Culture=neutral, PublicKeyToken=null]], System.Private.CoreLib, Version=8.0.0.0, Culture=neutral, PublicKeyToken=7cec85d7bea7798e]]'.
2026-04-14 14:21:14.444 +07:00 [INF] Executed action ThucLuc.Api.Controllers.V1.BaoCaoSnapshotController.GetByKy (ThucLuc.Api) in 122.3426ms
2026-04-14 14:21:14.445 +07:00 [INF] Executed endpoint 'ThucLuc.Api.Controllers.V1.BaoCaoSnapshotController.GetByKy (ThucLuc.Api)'
2026-04-14 14:21:14.446 +07:00 [INF] HTTP GET /api/v1/snapshot => 200 in 133.2325 ms CorrelationId=507a384e934847578ec42e219bd01072 UserId=5001
2026-04-14 14:21:14.447 +07:00 [INF] HTTP GET /api/v1/snapshot responded 200 in 134.3242 ms
2026-04-14 14:21:14.448 +07:00 [INF] Request finished HTTP/1.1 GET http://localhost:5283/api/v1/snapshot?kyBaoCaoId=6001 - 200 null application/json; charset=utf-8 139.0033ms
2026-04-14 14:40:43.998 +07:00 [INF] Request starting HTTP/1.1 OPTIONS http://localhost:5283/api/v1/don-vi/2001 - null null
2026-04-14 14:40:44.002 +07:00 [INF] CORS policy execution successful.
2026-04-14 14:40:44.003 +07:00 [INF] HTTP OPTIONS /api/v1/don-vi/2001 => 204 in 1.0284 ms CorrelationId=2c37c6bac6d2489b94263de999ade440 UserId=anonymous
2026-04-14 14:40:44.006 +07:00 [INF] Request starting HTTP/1.1 OPTIONS http://localhost:5283/api/v1/ky-bao-cao/current - null null
2026-04-14 14:40:44.007 +07:00 [INF] HTTP OPTIONS /api/v1/don-vi/2001 responded 204 in 5.1413 ms
2026-04-14 14:40:44.007 +07:00 [INF] Request starting HTTP/1.1 OPTIONS http://localhost:5283/api/v1/ky-bao-cao - null null
2026-04-14 14:40:44.008 +07:00 [INF] CORS policy execution successful.
2026-04-14 14:40:44.010 +07:00 [INF] Request finished HTTP/1.1 OPTIONS http://localhost:5283/api/v1/don-vi/2001 - 204 null null 12.5917ms
2026-04-14 14:40:44.012 +07:00 [INF] CORS policy execution successful.
2026-04-14 14:40:44.013 +07:00 [INF] HTTP OPTIONS /api/v1/ky-bao-cao/current => 204 in 4.9935 ms CorrelationId=fafeef01c86f4aa28d793ddc5d8766b2 UserId=anonymous
2026-04-14 14:40:44.017 +07:00 [INF] Request starting HTTP/1.1 GET http://localhost:5283/api/v1/don-vi/2001 - null null
2026-04-14 14:40:44.018 +07:00 [INF] HTTP OPTIONS /api/v1/ky-bao-cao => 204 in 5.5286 ms CorrelationId=cb5d0b8e14db480fb796da0932cdd8e6 UserId=anonymous
2026-04-14 14:40:44.022 +07:00 [INF] HTTP OPTIONS /api/v1/ky-bao-cao/current responded 204 in 13.5761 ms
2026-04-14 14:40:44.026 +07:00 [INF] CORS policy execution successful.
2026-04-14 14:40:44.028 +07:00 [INF] HTTP OPTIONS /api/v1/ky-bao-cao responded 204 in 15.8374 ms
2026-04-14 14:40:44.030 +07:00 [INF] Request finished HTTP/1.1 OPTIONS http://localhost:5283/api/v1/ky-bao-cao/current - 204 null null 24.0448ms
2026-04-14 14:40:44.033 +07:00 [INF] Executing endpoint 'ThucLuc.Api.Controllers.V1.DonViController.GetById (ThucLuc.Api)'
2026-04-14 14:40:44.033 +07:00 [INF] Request finished HTTP/1.1 OPTIONS http://localhost:5283/api/v1/ky-bao-cao - 204 null null 26.4389ms
2026-04-14 14:40:44.039 +07:00 [INF] Request starting HTTP/1.1 GET http://localhost:5283/api/v1/ky-bao-cao/current - null null
2026-04-14 14:40:44.041 +07:00 [INF] Route matched with {action = "GetById", controller = "DonVi"}. Executing controller action with signature System.Threading.Tasks.Task`1[Microsoft.AspNetCore.Mvc.ActionResult`1[ThucLuc.Api.Common.Models.ApiResponse`1[ThucLuc.Application.Features.DonVi.DonViDto]]] GetById(Int64, System.Threading.CancellationToken) on controller ThucLuc.Api.Controllers.V1.DonViController (ThucLuc.Api).
2026-04-14 14:40:44.044 +07:00 [INF] Request starting HTTP/1.1 GET http://localhost:5283/api/v1/ky-bao-cao - null null
2026-04-14 14:40:44.048 +07:00 [INF] CORS policy execution successful.
2026-04-14 14:40:44.055 +07:00 [INF] CORS policy execution successful.
2026-04-14 14:40:44.056 +07:00 [INF] Executing endpoint 'ThucLuc.Api.Controllers.V1.KyBaoCaoController.GetCurrent (ThucLuc.Api)'
2026-04-14 14:40:44.057 +07:00 [INF] Executing endpoint 'ThucLuc.Api.Controllers.V1.KyBaoCaoController.GetAll (ThucLuc.Api)'
2026-04-14 14:40:44.059 +07:00 [INF] Route matched with {action = "GetCurrent", controller = "KyBaoCao"}. Executing controller action with signature System.Threading.Tasks.Task`1[Microsoft.AspNetCore.Mvc.ActionResult`1[ThucLuc.Api.Common.Models.ApiResponse`1[ThucLuc.Application.Features.KyBaoCao.KyBaoCaoDto]]] GetCurrent(System.Threading.CancellationToken) on controller ThucLuc.Api.Controllers.V1.KyBaoCaoController (ThucLuc.Api).
2026-04-14 14:40:44.061 +07:00 [INF] Route matched with {action = "GetAll", controller = "KyBaoCao"}. Executing controller action with signature System.Threading.Tasks.Task`1[Microsoft.AspNetCore.Mvc.ActionResult`1[ThucLuc.Api.Common.Models.ApiResponse`1[System.Collections.Generic.IReadOnlyCollection`1[ThucLuc.Application.Features.KyBaoCao.KyBaoCaoDto]]]] GetAll(System.Threading.CancellationToken) on controller ThucLuc.Api.Controllers.V1.KyBaoCaoController (ThucLuc.Api).
2026-04-14 14:40:44.099 +07:00 [INF] Executing OkObjectResult, writing value of type 'ThucLuc.Api.Common.Models.ApiResponse`1[[ThucLuc.Application.Features.DonVi.DonViDto, ThucLuc.Application, Version=1.0.0.0, Culture=neutral, PublicKeyToken=null]]'.
2026-04-14 14:40:44.101 +07:00 [INF] Executed action ThucLuc.Api.Controllers.V1.DonViController.GetById (ThucLuc.Api) in 50.238ms
2026-04-14 14:40:44.103 +07:00 [INF] Executed endpoint 'ThucLuc.Api.Controllers.V1.DonViController.GetById (ThucLuc.Api)'
2026-04-14 14:40:44.104 +07:00 [INF] HTTP GET /api/v1/don-vi/2001 => 200 in 78.755 ms CorrelationId=364b90c7becf484c9e4267337417aa55 UserId=5001
2026-04-14 14:40:44.108 +07:00 [INF] HTTP GET /api/v1/don-vi/2001 responded 200 in 82.4357 ms
2026-04-14 14:40:44.110 +07:00 [INF] Request finished HTTP/1.1 GET http://localhost:5283/api/v1/don-vi/2001 - 200 null application/json; charset=utf-8 93.2652ms
2026-04-14 14:40:44.142 +07:00 [INF] Executing OkObjectResult, writing value of type 'ThucLuc.Api.Common.Models.ApiResponse`1[[System.Collections.Generic.IReadOnlyCollection`1[[ThucLuc.Application.Features.KyBaoCao.KyBaoCaoDto, ThucLuc.Application, Version=1.0.0.0, Culture=neutral, PublicKeyToken=null]], System.Private.CoreLib, Version=8.0.0.0, Culture=neutral, PublicKeyToken=7cec85d7bea7798e]]'.
2026-04-14 14:40:44.146 +07:00 [INF] Executed action ThucLuc.Api.Controllers.V1.KyBaoCaoController.GetAll (ThucLuc.Api) in 79.2186ms
2026-04-14 14:40:44.148 +07:00 [INF] Executed endpoint 'ThucLuc.Api.Controllers.V1.KyBaoCaoController.GetAll (ThucLuc.Api)'
2026-04-14 14:40:44.150 +07:00 [INF] HTTP GET /api/v1/ky-bao-cao => 200 in 95.1794 ms CorrelationId=d2eacbe74b4f40c7a50c8f58aa772da3 UserId=5001
2026-04-14 14:40:44.154 +07:00 [INF] HTTP GET /api/v1/ky-bao-cao responded 200 in 99.3853 ms
2026-04-14 14:40:44.158 +07:00 [INF] Request finished HTTP/1.1 GET http://localhost:5283/api/v1/ky-bao-cao - 200 null application/json; charset=utf-8 113.0356ms
2026-04-14 14:40:44.182 +07:00 [INF] Executing OkObjectResult, writing value of type 'ThucLuc.Api.Common.Models.ApiResponse`1[[ThucLuc.Application.Features.KyBaoCao.KyBaoCaoDto, ThucLuc.Application, Version=1.0.0.0, Culture=neutral, PublicKeyToken=null]]'.
2026-04-14 14:40:44.183 +07:00 [INF] Executed action ThucLuc.Api.Controllers.V1.KyBaoCaoController.GetCurrent (ThucLuc.Api) in 119.6312ms
2026-04-14 14:40:44.185 +07:00 [INF] Executed endpoint 'ThucLuc.Api.Controllers.V1.KyBaoCaoController.GetCurrent (ThucLuc.Api)'
2026-04-14 14:40:44.186 +07:00 [INF] HTTP GET /api/v1/ky-bao-cao/current => 200 in 137.7593 ms CorrelationId=3e9de8764fa345a2ab2425e1f4b3d9c6 UserId=5001
2026-04-14 14:40:44.190 +07:00 [INF] HTTP GET /api/v1/ky-bao-cao/current responded 200 in 141.9887 ms
2026-04-14 14:40:44.193 +07:00 [INF] Request finished HTTP/1.1 GET http://localhost:5283/api/v1/ky-bao-cao/current - 200 null application/json; charset=utf-8 153.9158ms
2026-04-14 14:40:44.244 +07:00 [INF] Request starting HTTP/1.1 OPTIONS http://localhost:5283/api/v1/ky-bao-cao/6001/tien-do - null null
2026-04-14 14:40:44.249 +07:00 [INF] CORS policy execution successful.
2026-04-14 14:40:44.251 +07:00 [INF] HTTP OPTIONS /api/v1/ky-bao-cao/6001/tien-do => 204 in 1.8106 ms CorrelationId=b5d2eb1fcb4546a1be748dad3d695b67 UserId=anonymous
2026-04-14 14:40:44.255 +07:00 [INF] HTTP OPTIONS /api/v1/ky-bao-cao/6001/tien-do responded 204 in 6.5086 ms
2026-04-14 14:40:44.259 +07:00 [INF] Request finished HTTP/1.1 OPTIONS http://localhost:5283/api/v1/ky-bao-cao/6001/tien-do - 204 null null 15.1619ms
2026-04-14 14:40:44.265 +07:00 [INF] Request starting HTTP/1.1 GET http://localhost:5283/api/v1/ky-bao-cao/6001/tien-do - null null
2026-04-14 14:40:44.272 +07:00 [INF] CORS policy execution successful.
2026-04-14 14:40:44.274 +07:00 [INF] Executing endpoint 'ThucLuc.Api.Controllers.V1.KyBaoCaoController.GetTienDo (ThucLuc.Api)'
2026-04-14 14:40:44.285 +07:00 [INF] Route matched with {action = "GetTienDo", controller = "KyBaoCao"}. Executing controller action with signature System.Threading.Tasks.Task`1[Microsoft.AspNetCore.Mvc.ActionResult`1[ThucLuc.Api.Common.Models.ApiResponse`1[ThucLuc.Application.Features.KyBaoCao.KyBaoCaoTienDoDto]]] GetTienDo(Int64, System.Threading.CancellationToken) on controller ThucLuc.Api.Controllers.V1.KyBaoCaoController (ThucLuc.Api).
2026-04-14 14:40:44.402 +07:00 [ERR] 2026-04-14 14:40:44.402025 ThreadID:45  (ERROR)   OracleRelationalCommand.ExecuteReaderAsync() :  Oracle.ManagedDataAccess.Client.OracleException (0x80004005): ORA-00904: "TRUE": invalid identifier
https://docs.oracle.com/error-help/db/ora-00904/
   at Oracle.ManagedDataAccess.Client.OracleCommand.<>c.<ExecuteDbDataReaderAsync>b__225_0(Task`1 result)
   at System.Threading.Tasks.ContinuationResultTaskFromResultTask`2.InnerInvoke()
   at System.Threading.ExecutionContext.RunInternal(ExecutionContext executionContext, ContextCallback callback, Object state)
--- End of stack trace from previous location ---
   at System.Threading.ExecutionContext.RunInternal(ExecutionContext executionContext, ContextCallback callback, Object state)
   at System.Threading.Tasks.Task.ExecuteWithThreadLocal(Task& currentTaskSlot, Thread threadPoolThread)
--- End of stack trace from previous location ---
   at Oracle.EntityFrameworkCore.Storage.Internal.OracleRelationalCommandBuilderFactory.OracleRelationalCommandBuilder.OracleRelationalCommand.ExecuteReaderAsync(RelationalCommandParameterObject parameterObject, CancellationToken cancellationToken)
2026-04-14 14:40:44.415 +07:00 [ERR] Failed executing DbCommand (46ms) [Parameters=[:id_0='?' (DbType = Int64)], CommandType='"Text"', CommandTimeout='0']
SELECT "r"."DON_VI_ID", True, "t"."TEN_DON_VI", "r"."TRANG_THAI", (
    SELECT "r1"."ID"
    FROM "CAND_QLCNTT"."RPT_BAO_CAO_SNAPSHOT" "r1"
    WHERE (("r1"."DELETED_AT" IS NULL) AND ((("r1"."KY_BAO_CAO_ID" = "r"."KY_BAO_CAO_ID") AND ("r1"."DON_VI_ID" = "r"."DON_VI_ID"))))
    ORDER BY "r1"."PHIEN_BAN" DESC
    FETCH FIRST 1 ROWS ONLY), (
    SELECT "r2"."PHIEN_BAN"
    FROM "CAND_QLCNTT"."RPT_BAO_CAO_SNAPSHOT" "r2"
    WHERE (("r2"."DELETED_AT" IS NULL) AND ((("r2"."KY_BAO_CAO_ID" = "r"."KY_BAO_CAO_ID") AND ("r2"."DON_VI_ID" = "r"."DON_VI_ID"))))
    ORDER BY "r2"."PHIEN_BAN" DESC
    FETCH FIRST 1 ROWS ONLY), (
    SELECT "r3"."TRANG_THAI"
    FROM "CAND_QLCNTT"."RPT_BAO_CAO_SNAPSHOT" "r3"
    WHERE (("r3"."DELETED_AT" IS NULL) AND ((("r3"."KY_BAO_CAO_ID" = "r"."KY_BAO_CAO_ID") AND ("r3"."DON_VI_ID" = "r"."DON_VI_ID"))))
    ORDER BY "r3"."PHIEN_BAN" DESC
    FETCH FIRST 1 ROWS ONLY), (
    SELECT "r4"."SUBMITTED_AT"
    FROM "CAND_QLCNTT"."RPT_BAO_CAO_SNAPSHOT" "r4"
    WHERE (("r4"."DELETED_AT" IS NULL) AND ((("r4"."KY_BAO_CAO_ID" = "r"."KY_BAO_CAO_ID") AND ("r4"."DON_VI_ID" = "r"."DON_VI_ID"))))
    ORDER BY "r4"."PHIEN_BAN" DESC
    FETCH FIRST 1 ROWS ONLY), (
    SELECT "r5"."LOCKED_AT"
    FROM "CAND_QLCNTT"."RPT_BAO_CAO_SNAPSHOT" "r5"
    WHERE (("r5"."DELETED_AT" IS NULL) AND ((("r5"."KY_BAO_CAO_ID" = "r"."KY_BAO_CAO_ID") AND ("r5"."DON_VI_ID" = "r"."DON_VI_ID"))))
    ORDER BY "r5"."PHIEN_BAN" DESC
    FETCH FIRST 1 ROWS ONLY), "r"."NGAY_MO_LAI", "r"."NGAY_XAC_NHAN"
FROM "CAND_QLCNTT"."RPT_KY_TRANG_THAI_DON_VI" "r"
INNER JOIN (
    SELECT "r0"."ID", "r0"."TEN_DON_VI"
    FROM "CAND_QLCNTT"."REF_DON_VI" "r0"
    WHERE "r0"."DELETED_AT" IS NULL
) "t" ON "r"."DON_VI_ID" = "t"."ID"
WHERE "r"."KY_BAO_CAO_ID" = :id_0
ORDER BY "t"."TEN_DON_VI"
2026-04-14 14:40:44.424 +07:00 [ERR] 2026-04-14 14:40:44.424835 ThreadID:45  (ERROR)   OracleExecutionStrategy.ExecuteAsync() :  Oracle.ManagedDataAccess.Client.OracleException (0x80004005): ORA-00904: "TRUE": invalid identifier
https://docs.oracle.com/error-help/db/ora-00904/
   at Oracle.ManagedDataAccess.Client.OracleCommand.<>c.<ExecuteDbDataReaderAsync>b__225_0(Task`1 result)
   at System.Threading.Tasks.ContinuationResultTaskFromResultTask`2.InnerInvoke()
   at System.Threading.ExecutionContext.RunInternal(ExecutionContext executionContext, ContextCallback callback, Object state)
--- End of stack trace from previous location ---
   at System.Threading.ExecutionContext.RunInternal(ExecutionContext executionContext, ContextCallback callback, Object state)
   at System.Threading.Tasks.Task.ExecuteWithThreadLocal(Task& currentTaskSlot, Thread threadPoolThread)
--- End of stack trace from previous location ---
   at Oracle.EntityFrameworkCore.Storage.Internal.OracleRelationalCommandBuilderFactory.OracleRelationalCommandBuilder.OracleRelationalCommand.ExecuteReaderAsync(RelationalCommandParameterObject parameterObject, CancellationToken cancellationToken)
   at Oracle.EntityFrameworkCore.Storage.Internal.OracleRelationalCommandBuilderFactory.OracleRelationalCommandBuilder.OracleRelationalCommand.ExecuteReaderAsync(RelationalCommandParameterObject parameterObject, CancellationToken cancellationToken)
   at Oracle.EntityFrameworkCore.Storage.Internal.OracleRelationalCommandBuilderFactory.OracleRelationalCommandBuilder.OracleRelationalCommand.ExecuteReaderAsync(RelationalCommandParameterObject parameterObject, CancellationToken cancellationToken)
   at Microsoft.EntityFrameworkCore.Query.Internal.SingleQueryingEnumerable`1.AsyncEnumerator.InitializeReaderAsync(AsyncEnumerator enumerator, CancellationToken cancellationToken)
   at Oracle.EntityFrameworkCore.Storage.Internal.OracleExecutionStrategy.ExecuteAsync[TState,TResult](TState state, Func`4 operation, Func`4 verifySucceeded, CancellationToken cancellationToken)
2026-04-14 14:40:44.435 +07:00 [ERR] An exception occurred while iterating over the results of a query for context type 'ThucLuc.Infrastructure.Persistence.AppDbContext'.
Oracle.ManagedDataAccess.Client.OracleException (0x80004005): ORA-00904: "TRUE": invalid identifier
https://docs.oracle.com/error-help/db/ora-00904/
   at Oracle.ManagedDataAccess.Client.OracleCommand.<>c.<ExecuteDbDataReaderAsync>b__225_0(Task`1 result)
   at System.Threading.Tasks.ContinuationResultTaskFromResultTask`2.InnerInvoke()
   at System.Threading.ExecutionContext.RunInternal(ExecutionContext executionContext, ContextCallback callback, Object state)
--- End of stack trace from previous location ---
   at System.Threading.ExecutionContext.RunInternal(ExecutionContext executionContext, ContextCallback callback, Object state)
   at System.Threading.Tasks.Task.ExecuteWithThreadLocal(Task& currentTaskSlot, Thread threadPoolThread)
--- End of stack trace from previous location ---
   at Oracle.EntityFrameworkCore.Storage.Internal.OracleRelationalCommandBuilderFactory.OracleRelationalCommandBuilder.OracleRelationalCommand.ExecuteReaderAsync(RelationalCommandParameterObject parameterObject, CancellationToken cancellationToken)
   at Oracle.EntityFrameworkCore.Storage.Internal.OracleRelationalCommandBuilderFactory.OracleRelationalCommandBuilder.OracleRelationalCommand.ExecuteReaderAsync(RelationalCommandParameterObject parameterObject, CancellationToken cancellationToken)
   at Oracle.EntityFrameworkCore.Storage.Internal.OracleRelationalCommandBuilderFactory.OracleRelationalCommandBuilder.OracleRelationalCommand.ExecuteReaderAsync(RelationalCommandParameterObject parameterObject, CancellationToken cancellationToken)
   at Microsoft.EntityFrameworkCore.Query.Internal.SingleQueryingEnumerable`1.AsyncEnumerator.InitializeReaderAsync(AsyncEnumerator enumerator, CancellationToken cancellationToken)
   at Oracle.EntityFrameworkCore.Storage.Internal.OracleExecutionStrategy.ExecuteAsync[TState,TResult](TState state, Func`4 operation, Func`4 verifySucceeded, CancellationToken cancellationToken)
   at Microsoft.EntityFrameworkCore.Query.Internal.SingleQueryingEnumerable`1.AsyncEnumerator.MoveNextAsync()
Oracle.ManagedDataAccess.Client.OracleException (0x80004005): ORA-00904: "TRUE": invalid identifier
https://docs.oracle.com/error-help/db/ora-00904/
   at Oracle.ManagedDataAccess.Client.OracleCommand.<>c.<ExecuteDbDataReaderAsync>b__225_0(Task`1 result)
   at System.Threading.Tasks.ContinuationResultTaskFromResultTask`2.InnerInvoke()
   at System.Threading.ExecutionContext.RunInternal(ExecutionContext executionContext, ContextCallback callback, Object state)
--- End of stack trace from previous location ---
   at System.Threading.ExecutionContext.RunInternal(ExecutionContext executionContext, ContextCallback callback, Object state)
   at System.Threading.Tasks.Task.ExecuteWithThreadLocal(Task& currentTaskSlot, Thread threadPoolThread)
--- End of stack trace from previous location ---
   at Oracle.EntityFrameworkCore.Storage.Internal.OracleRelationalCommandBuilderFactory.OracleRelationalCommandBuilder.OracleRelationalCommand.ExecuteReaderAsync(RelationalCommandParameterObject parameterObject, CancellationToken cancellationToken)
   at Oracle.EntityFrameworkCore.Storage.Internal.OracleRelationalCommandBuilderFactory.OracleRelationalCommandBuilder.OracleRelationalCommand.ExecuteReaderAsync(RelationalCommandParameterObject parameterObject, CancellationToken cancellationToken)
   at Oracle.EntityFrameworkCore.Storage.Internal.OracleRelationalCommandBuilderFactory.OracleRelationalCommandBuilder.OracleRelationalCommand.ExecuteReaderAsync(RelationalCommandParameterObject parameterObject, CancellationToken cancellationToken)
   at Microsoft.EntityFrameworkCore.Query.Internal.SingleQueryingEnumerable`1.AsyncEnumerator.InitializeReaderAsync(AsyncEnumerator enumerator, CancellationToken cancellationToken)
   at Oracle.EntityFrameworkCore.Storage.Internal.OracleExecutionStrategy.ExecuteAsync[TState,TResult](TState state, Func`4 operation, Func`4 verifySucceeded, CancellationToken cancellationToken)
   at Microsoft.EntityFrameworkCore.Query.Internal.SingleQueryingEnumerable`1.AsyncEnumerator.MoveNextAsync()
2026-04-14 14:40:44.451 +07:00 [INF] Executed action ThucLuc.Api.Controllers.V1.KyBaoCaoController.GetTienDo (ThucLuc.Api) in 162.169ms
2026-04-14 14:40:44.454 +07:00 [INF] Executed endpoint 'ThucLuc.Api.Controllers.V1.KyBaoCaoController.GetTienDo (ThucLuc.Api)'
2026-04-14 14:40:44.464 +07:00 [ERR] Unhandled exception. CorrelationId=a5d43d0e20aa4fa78b00dcd27f363b93
Oracle.ManagedDataAccess.Client.OracleException (0x80004005): ORA-00904: "TRUE": invalid identifier
https://docs.oracle.com/error-help/db/ora-00904/
   at Oracle.ManagedDataAccess.Client.OracleCommand.<>c.<ExecuteDbDataReaderAsync>b__225_0(Task`1 result)
   at System.Threading.Tasks.ContinuationResultTaskFromResultTask`2.InnerInvoke()
   at System.Threading.ExecutionContext.RunInternal(ExecutionContext executionContext, ContextCallback callback, Object state)
--- End of stack trace from previous location ---
   at System.Threading.ExecutionContext.RunInternal(ExecutionContext executionContext, ContextCallback callback, Object state)
   at System.Threading.Tasks.Task.ExecuteWithThreadLocal(Task& currentTaskSlot, Thread threadPoolThread)
--- End of stack trace from previous location ---
   at Oracle.EntityFrameworkCore.Storage.Internal.OracleRelationalCommandBuilderFactory.OracleRelationalCommandBuilder.OracleRelationalCommand.ExecuteReaderAsync(RelationalCommandParameterObject parameterObject, CancellationToken cancellationToken)
   at Oracle.EntityFrameworkCore.Storage.Internal.OracleRelationalCommandBuilderFactory.OracleRelationalCommandBuilder.OracleRelationalCommand.ExecuteReaderAsync(RelationalCommandParameterObject parameterObject, CancellationToken cancellationToken)
   at Oracle.EntityFrameworkCore.Storage.Internal.OracleRelationalCommandBuilderFactory.OracleRelationalCommandBuilder.OracleRelationalCommand.ExecuteReaderAsync(RelationalCommandParameterObject parameterObject, CancellationToken cancellationToken)
   at Microsoft.EntityFrameworkCore.Query.Internal.SingleQueryingEnumerable`1.AsyncEnumerator.InitializeReaderAsync(AsyncEnumerator enumerator, CancellationToken cancellationToken)
   at Oracle.EntityFrameworkCore.Storage.Internal.OracleExecutionStrategy.ExecuteAsync[TState,TResult](TState state, Func`4 operation, Func`4 verifySucceeded, CancellationToken cancellationToken)
   at Microsoft.EntityFrameworkCore.Query.Internal.SingleQueryingEnumerable`1.AsyncEnumerator.MoveNextAsync()
   at Microsoft.EntityFrameworkCore.EntityFrameworkQueryableExtensions.ToListAsync[TSource](IQueryable`1 source, CancellationToken cancellationToken)
   at Microsoft.EntityFrameworkCore.EntityFrameworkQueryableExtensions.ToListAsync[TSource](IQueryable`1 source, CancellationToken cancellationToken)
   at ThucLuc.Application.Features.KyBaoCao.KyBaoCaoService.GetTienDoAsync(Int64 id, CancellationToken cancellationToken) in D:\Projects\ThucLuc_V2\.sources\backend\src\Application\Features\KyBaoCao\KyBaoCaoService.cs:line 75
   at ThucLuc.Api.Controllers.V1.KyBaoCaoController.GetTienDo(Int64 id, CancellationToken cancellationToken) in D:\Projects\ThucLuc_V2\.sources\backend\src\Api\Controllers\V1\KyBaoCaoController.cs:line 46
   at lambda_method1243(Closure, Object)
   at Microsoft.AspNetCore.Mvc.Infrastructure.ActionMethodExecutor.AwaitableObjectResultExecutor.Execute(ActionContext actionContext, IActionResultTypeMapper mapper, ObjectMethodExecutor executor, Object controller, Object[] arguments)
   at Microsoft.AspNetCore.Mvc.Infrastructure.ControllerActionInvoker.<InvokeActionMethodAsync>g__Awaited|12_0(ControllerActionInvoker invoker, ValueTask`1 actionResultValueTask)
   at Microsoft.AspNetCore.Mvc.Infrastructure.ControllerActionInvoker.<InvokeNextActionFilterAsync>g__Awaited|10_0(ControllerActionInvoker invoker, Task lastTask, State next, Scope scope, Object state, Boolean isCompleted)
   at Microsoft.AspNetCore.Mvc.Infrastructure.ControllerActionInvoker.Rethrow(ActionExecutedContextSealed context)
   at Microsoft.AspNetCore.Mvc.Infrastructure.ControllerActionInvoker.Next(State& next, Scope& scope, Object& state, Boolean& isCompleted)
   at Microsoft.AspNetCore.Mvc.Infrastructure.ControllerActionInvoker.<InvokeInnerFilterAsync>g__Awaited|13_0(ControllerActionInvoker invoker, Task lastTask, State next, Scope scope, Object state, Boolean isCompleted)
   at Microsoft.AspNetCore.Mvc.Infrastructure.ResourceInvoker.<InvokeFilterPipelineAsync>g__Awaited|20_0(ResourceInvoker invoker, Task lastTask, State next, Scope scope, Object state, Boolean isCompleted)
   at Microsoft.AspNetCore.Mvc.Infrastructure.ResourceInvoker.<InvokeAsync>g__Logged|17_1(ResourceInvoker invoker)
   at Microsoft.AspNetCore.Mvc.Infrastructure.ResourceInvoker.<InvokeAsync>g__Logged|17_1(ResourceInvoker invoker)
   at Microsoft.AspNetCore.Routing.EndpointMiddleware.<Invoke>g__AwaitRequestTask|7_0(Endpoint endpoint, Task requestTask, ILogger logger)
   at Microsoft.AspNetCore.Authorization.AuthorizationMiddleware.Invoke(HttpContext context)
   at Microsoft.AspNetCore.Authentication.AuthenticationMiddleware.Invoke(HttpContext context)
   at Swashbuckle.AspNetCore.SwaggerUI.SwaggerUIMiddleware.Invoke(HttpContext httpContext)
   at Swashbuckle.AspNetCore.Swagger.SwaggerMiddleware.Invoke(HttpContext httpContext, ISwaggerProvider swaggerProvider)
   at ThucLuc.Api.Common.Middleware.GlobalExceptionMiddleware.InvokeAsync(HttpContext context) in D:\Projects\ThucLuc_V2\.sources\backend\src\Api\Common\Middleware\GlobalExceptionMiddleware.cs:line 23
2026-04-14 14:40:44.515 +07:00 [INF] HTTP GET /api/v1/ky-bao-cao/6001/tien-do => 500 in 243.5307 ms CorrelationId=a5d43d0e20aa4fa78b00dcd27f363b93 UserId=5001
2026-04-14 14:40:44.519 +07:00 [ERR] HTTP GET /api/v1/ky-bao-cao/6001/tien-do responded 500 in 247.1400 ms
2026-04-14 14:40:44.521 +07:00 [INF] Request finished HTTP/1.1 GET http://localhost:5283/api/v1/ky-bao-cao/6001/tien-do - 500 null application/json 256.0637ms
2026-04-14 14:43:35.464 +07:00 [INF] Application is shutting down...
2026-04-14 14:44:19.080 +07:00 [WRN] The decimal property 'KinhPhi' on entity type 'DaoTaoNuocNgoai' does not have a store type specified. This may lead to a precision loss if the values do not fit in the default precision and scale. Oracle recommends to explicitly specify the column type that can accommodate all the values in 'OnModelCreating' using 'HasColumnType', specify precision and scale using 'HasPrecision', or configure a value converter using 'HasConversion'.
2026-04-14 14:44:20.056 +07:00 [INF] Baseline seed data has been applied successfully.
2026-04-14 14:44:20.117 +07:00 [INF] User profile is available. Using 'C:\Users\CNTT\AppData\Local\ASP.NET\DataProtection-Keys' as key repository and Windows DPAPI to encrypt keys at rest.
2026-04-14 14:44:20.156 +07:00 [INF] Now listening on: http://localhost:5283
2026-04-14 14:44:20.157 +07:00 [INF] Application started. Press Ctrl+C to shut down.
2026-04-14 14:44:20.158 +07:00 [INF] Hosting environment: Development
2026-04-14 14:44:20.158 +07:00 [INF] Content root path: D:\Projects\ThucLuc_V2\.sources\backend\src\api
2026-04-14 14:44:29.425 +07:00 [INF] Request starting HTTP/1.1 OPTIONS http://localhost:5283/api/v1/don-vi/2001 - null null
2026-04-14 14:44:29.436 +07:00 [INF] Request starting HTTP/1.1 OPTIONS http://localhost:5283/api/v1/dao-tao-boi-duong - null null
2026-04-14 14:44:29.464 +07:00 [WRN] Failed to determine the https port for redirect.
2026-04-14 14:44:29.466 +07:00 [INF] CORS policy execution successful.
2026-04-14 14:44:29.466 +07:00 [INF] CORS policy execution successful.
2026-04-14 14:44:29.468 +07:00 [INF] HTTP OPTIONS /api/v1/dao-tao-boi-duong => 204 in 10.4508 ms CorrelationId=e59f51807c334d299e3ee7937022a6d8 UserId=anonymous
2026-04-14 14:44:29.468 +07:00 [INF] HTTP OPTIONS /api/v1/don-vi/2001 => 204 in 10.7855 ms CorrelationId=9985c7d968304886ad1170db76dcc169 UserId=anonymous
2026-04-14 14:44:29.473 +07:00 [INF] HTTP OPTIONS /api/v1/don-vi/2001 responded 204 in 18.8971 ms
2026-04-14 14:44:29.472 +07:00 [INF] HTTP OPTIONS /api/v1/dao-tao-boi-duong responded 204 in 17.1742 ms
2026-04-14 14:44:29.477 +07:00 [INF] Request finished HTTP/1.1 OPTIONS http://localhost:5283/api/v1/dao-tao-boi-duong - 204 null null 41.2601ms
2026-04-14 14:44:29.477 +07:00 [INF] Request finished HTTP/1.1 OPTIONS http://localhost:5283/api/v1/don-vi/2001 - 204 null null 53.9363ms
2026-04-14 14:44:29.479 +07:00 [INF] Request starting HTTP/1.1 GET http://localhost:5283/api/v1/don-vi/2001 - null null
2026-04-14 14:44:29.481 +07:00 [INF] Request starting HTTP/1.1 GET http://localhost:5283/api/v1/dao-tao-boi-duong - null null
2026-04-14 14:44:29.485 +07:00 [INF] CORS policy execution successful.
2026-04-14 14:44:29.485 +07:00 [INF] CORS policy execution successful.
2026-04-14 14:44:29.526 +07:00 [INF] Executing endpoint 'ThucLuc.Api.Controllers.V1.DaoTaoBoiDuongController.GetAll (ThucLuc.Api)'
2026-04-14 14:44:29.526 +07:00 [INF] Executing endpoint 'ThucLuc.Api.Controllers.V1.DonViController.GetById (ThucLuc.Api)'
2026-04-14 14:44:29.537 +07:00 [INF] Route matched with {action = "GetAll", controller = "DaoTaoBoiDuong"}. Executing controller action with signature System.Threading.Tasks.Task`1[Microsoft.AspNetCore.Mvc.ActionResult`1[ThucLuc.Api.Common.Models.ApiResponse`1[System.Collections.Generic.IReadOnlyCollection`1[ThucLuc.Application.Features.DaoTaoBoiDuong.DaoTaoBoiDuongDto]]]] GetAll(System.Threading.CancellationToken) on controller ThucLuc.Api.Controllers.V1.DaoTaoBoiDuongController (ThucLuc.Api).
2026-04-14 14:44:29.537 +07:00 [INF] Route matched with {action = "GetById", controller = "DonVi"}. Executing controller action with signature System.Threading.Tasks.Task`1[Microsoft.AspNetCore.Mvc.ActionResult`1[ThucLuc.Api.Common.Models.ApiResponse`1[ThucLuc.Application.Features.DonVi.DonViDto]]] GetById(Int64, System.Threading.CancellationToken) on controller ThucLuc.Api.Controllers.V1.DonViController (ThucLuc.Api).
2026-04-14 14:44:29.600 +07:00 [INF] Executing OkObjectResult, writing value of type 'ThucLuc.Api.Common.Models.ApiResponse`1[[System.Collections.Generic.IReadOnlyCollection`1[[ThucLuc.Application.Features.DaoTaoBoiDuong.DaoTaoBoiDuongDto, ThucLuc.Application, Version=1.0.0.0, Culture=neutral, PublicKeyToken=null]], System.Private.CoreLib, Version=8.0.0.0, Culture=neutral, PublicKeyToken=7cec85d7bea7798e]]'.
2026-04-14 14:44:29.621 +07:00 [INF] Executed action ThucLuc.Api.Controllers.V1.DaoTaoBoiDuongController.GetAll (ThucLuc.Api) in 80.0971ms
2026-04-14 14:44:29.623 +07:00 [INF] Executed endpoint 'ThucLuc.Api.Controllers.V1.DaoTaoBoiDuongController.GetAll (ThucLuc.Api)'
2026-04-14 14:44:29.624 +07:00 [INF] HTTP GET /api/v1/dao-tao-boi-duong => 200 in 139.5699 ms CorrelationId=d499daa6ae634eccb001a75f1c49d9a7 UserId=5001
2026-04-14 14:44:29.626 +07:00 [INF] Executing OkObjectResult, writing value of type 'ThucLuc.Api.Common.Models.ApiResponse`1[[ThucLuc.Application.Features.DonVi.DonViDto, ThucLuc.Application, Version=1.0.0.0, Culture=neutral, PublicKeyToken=null]]'.
2026-04-14 14:44:29.626 +07:00 [INF] HTTP GET /api/v1/dao-tao-boi-duong responded 200 in 141.7636 ms
2026-04-14 14:44:29.630 +07:00 [INF] Request finished HTTP/1.1 GET http://localhost:5283/api/v1/dao-tao-boi-duong - 200 null application/json; charset=utf-8 149.6297ms
2026-04-14 14:44:29.633 +07:00 [INF] Executed action ThucLuc.Api.Controllers.V1.DonViController.GetById (ThucLuc.Api) in 92.5472ms
2026-04-14 14:44:29.634 +07:00 [INF] Executed endpoint 'ThucLuc.Api.Controllers.V1.DonViController.GetById (ThucLuc.Api)'
2026-04-14 14:44:29.635 +07:00 [INF] HTTP GET /api/v1/don-vi/2001 => 200 in 150.5965 ms CorrelationId=b56372a4a8d9411d8adc91af2ae2e69a UserId=5001
2026-04-14 14:44:29.638 +07:00 [INF] HTTP GET /api/v1/don-vi/2001 responded 200 in 152.9654 ms
2026-04-14 14:44:29.639 +07:00 [INF] Request finished HTTP/1.1 GET http://localhost:5283/api/v1/don-vi/2001 - 200 null application/json; charset=utf-8 159.6881ms
2026-04-14 14:44:51.232 +07:00 [INF] Request starting HTTP/1.1 OPTIONS http://localhost:5283/api/v1/dao-tao-boi-duong/1 - null null
2026-04-14 14:44:51.249 +07:00 [INF] CORS policy execution successful.
2026-04-14 14:44:51.254 +07:00 [INF] HTTP OPTIONS /api/v1/dao-tao-boi-duong/1 => 204 in 4.0931 ms CorrelationId=0d1cb6954c5244f097ad20812cfc700a UserId=anonymous
2026-04-14 14:44:51.271 +07:00 [INF] HTTP OPTIONS /api/v1/dao-tao-boi-duong/1 responded 204 in 21.8486 ms
2026-04-14 14:44:51.292 +07:00 [INF] Request finished HTTP/1.1 OPTIONS http://localhost:5283/api/v1/dao-tao-boi-duong/1 - 204 null null 60.9688ms
2026-04-14 14:44:51.344 +07:00 [INF] Request starting HTTP/1.1 GET http://localhost:5283/api/v1/dao-tao-boi-duong/1 - null null
2026-04-14 14:44:51.394 +07:00 [INF] CORS policy execution successful.
2026-04-14 14:44:51.404 +07:00 [INF] Executing endpoint 'ThucLuc.Api.Controllers.V1.DaoTaoBoiDuongController.GetById (ThucLuc.Api)'
2026-04-14 14:44:51.415 +07:00 [INF] Route matched with {action = "GetById", controller = "DaoTaoBoiDuong"}. Executing controller action with signature System.Threading.Tasks.Task`1[Microsoft.AspNetCore.Mvc.ActionResult`1[ThucLuc.Api.Common.Models.ApiResponse`1[ThucLuc.Application.Features.DaoTaoBoiDuong.DaoTaoBoiDuongDto]]] GetById(Int64, System.Threading.CancellationToken) on controller ThucLuc.Api.Controllers.V1.DaoTaoBoiDuongController (ThucLuc.Api).
2026-04-14 14:44:51.448 +07:00 [INF] Executing OkObjectResult, writing value of type 'ThucLuc.Api.Common.Models.ApiResponse`1[[ThucLuc.Application.Features.DaoTaoBoiDuong.DaoTaoBoiDuongDto, ThucLuc.Application, Version=1.0.0.0, Culture=neutral, PublicKeyToken=null]]'.
2026-04-14 14:44:51.453 +07:00 [INF] Executed action ThucLuc.Api.Controllers.V1.DaoTaoBoiDuongController.GetById (ThucLuc.Api) in 32.1415ms
2026-04-14 14:44:51.455 +07:00 [INF] Executed endpoint 'ThucLuc.Api.Controllers.V1.DaoTaoBoiDuongController.GetById (ThucLuc.Api)'
2026-04-14 14:44:51.456 +07:00 [INF] HTTP GET /api/v1/dao-tao-boi-duong/1 => 200 in 62.2999 ms CorrelationId=1af8cc5e4876442fa5d579b22cb95f0e UserId=5001
2026-04-14 14:44:51.459 +07:00 [INF] HTTP GET /api/v1/dao-tao-boi-duong/1 responded 200 in 65.0468 ms
2026-04-14 14:44:51.461 +07:00 [INF] Request finished HTTP/1.1 GET http://localhost:5283/api/v1/dao-tao-boi-duong/1 - 200 null application/json; charset=utf-8 116.5834ms
2026-04-14 14:47:09.052 +07:00 [INF] Request starting HTTP/1.1 OPTIONS http://localhost:5283/api/v1/codes/by-code/NOI_DUNG_DAO_TAO_HV - null null
2026-04-14 14:47:09.054 +07:00 [INF] CORS policy execution successful.
2026-04-14 14:47:09.055 +07:00 [INF] HTTP OPTIONS /api/v1/codes/by-code/NOI_DUNG_DAO_TAO_HV => 204 in 0.5074 ms CorrelationId=1f4f03c49da14f41bb2e16764db2e85a UserId=anonymous
2026-04-14 14:47:09.056 +07:00 [INF] HTTP OPTIONS /api/v1/codes/by-code/NOI_DUNG_DAO_TAO_HV responded 204 in 1.6042 ms
2026-04-14 14:47:09.057 +07:00 [INF] Request finished HTTP/1.1 OPTIONS http://localhost:5283/api/v1/codes/by-code/NOI_DUNG_DAO_TAO_HV - 204 null null 4.7732ms
2026-04-14 14:47:09.059 +07:00 [INF] Request starting HTTP/1.1 GET http://localhost:5283/api/v1/codes/by-code/NOI_DUNG_DAO_TAO_HV - null null
2026-04-14 14:47:09.060 +07:00 [INF] CORS policy execution successful.
2026-04-14 14:47:09.061 +07:00 [INF] Executing endpoint 'ThucLuc.Api.Controllers.V1.CodesController.GetByCode (ThucLuc.Api)'
2026-04-14 14:47:09.064 +07:00 [INF] Route matched with {action = "GetByCode", controller = "Codes"}. Executing controller action with signature System.Threading.Tasks.Task`1[Microsoft.AspNetCore.Mvc.ActionResult`1[ThucLuc.Api.Common.Models.ApiResponse`1[ThucLuc.Application.Features.Codes.CodeDto]]] GetByCode(System.String, System.Threading.CancellationToken) on controller ThucLuc.Api.Controllers.V1.CodesController (ThucLuc.Api).
2026-04-14 14:47:09.173 +07:00 [INF] Executing OkObjectResult, writing value of type 'ThucLuc.Api.Common.Models.ApiResponse`1[[ThucLuc.Application.Features.Codes.CodeDto, ThucLuc.Application, Version=1.0.0.0, Culture=neutral, PublicKeyToken=null]]'.
2026-04-14 14:47:09.176 +07:00 [INF] Executed action ThucLuc.Api.Controllers.V1.CodesController.GetByCode (ThucLuc.Api) in 110.3856ms
2026-04-14 14:47:09.177 +07:00 [INF] Executed endpoint 'ThucLuc.Api.Controllers.V1.CodesController.GetByCode (ThucLuc.Api)'
2026-04-14 14:47:09.178 +07:00 [INF] HTTP GET /api/v1/codes/by-code/NOI_DUNG_DAO_TAO_HV => 200 in 117.747 ms CorrelationId=8af1055b642a4674b68a2e904e718496 UserId=5001
2026-04-14 14:47:09.181 +07:00 [INF] HTTP GET /api/v1/codes/by-code/NOI_DUNG_DAO_TAO_HV responded 200 in 121.0686 ms
2026-04-14 14:47:09.183 +07:00 [INF] Request finished HTTP/1.1 GET http://localhost:5283/api/v1/codes/by-code/NOI_DUNG_DAO_TAO_HV - 200 null application/json; charset=utf-8 124.3139ms
2026-04-14 14:47:09.188 +07:00 [INF] Request starting HTTP/1.1 OPTIONS http://localhost:5283/api/v1/dao-tao-hoc-vien?kyCode=2026Q1 - null null
2026-04-14 14:47:09.191 +07:00 [INF] CORS policy execution successful.
2026-04-14 14:47:09.192 +07:00 [INF] HTTP OPTIONS /api/v1/dao-tao-hoc-vien => 204 in 0.713 ms CorrelationId=da4ef022a62b49d99304ebec6ec9ab97 UserId=anonymous
2026-04-14 14:47:09.194 +07:00 [INF] HTTP OPTIONS /api/v1/dao-tao-hoc-vien responded 204 in 2.6980 ms
2026-04-14 14:47:09.196 +07:00 [INF] Request finished HTTP/1.1 OPTIONS http://localhost:5283/api/v1/dao-tao-hoc-vien?kyCode=2026Q1 - 204 null null 7.7965ms
2026-04-14 14:47:09.199 +07:00 [INF] Request starting HTTP/1.1 GET http://localhost:5283/api/v1/dao-tao-hoc-vien?kyCode=2026Q1 - null null
2026-04-14 14:47:09.202 +07:00 [INF] CORS policy execution successful.
2026-04-14 14:47:09.203 +07:00 [INF] Executing endpoint 'ThucLuc.Api.Controllers.V1.DaoTaoHocVienController.GetAll (ThucLuc.Api)'
2026-04-14 14:47:09.207 +07:00 [INF] Route matched with {action = "GetAll", controller = "DaoTaoHocVien"}. Executing controller action with signature System.Threading.Tasks.Task`1[Microsoft.AspNetCore.Mvc.ActionResult`1[ThucLuc.Api.Common.Models.ApiResponse`1[System.Collections.Generic.IReadOnlyCollection`1[ThucLuc.Application.Features.DaoTaoHocVien.DaoTaoHocVienDto]]]] GetAll(System.Nullable`1[System.Int32], System.Threading.CancellationToken) on controller ThucLuc.Api.Controllers.V1.DaoTaoHocVienController (ThucLuc.Api).
2026-04-14 14:47:09.234 +07:00 [INF] Executing OkObjectResult, writing value of type 'ThucLuc.Api.Common.Models.ApiResponse`1[[System.Collections.Generic.IReadOnlyCollection`1[[ThucLuc.Application.Features.DaoTaoHocVien.DaoTaoHocVienDto, ThucLuc.Application, Version=1.0.0.0, Culture=neutral, PublicKeyToken=null]], System.Private.CoreLib, Version=8.0.0.0, Culture=neutral, PublicKeyToken=7cec85d7bea7798e]]'.
2026-04-14 14:47:09.237 +07:00 [INF] Executed action ThucLuc.Api.Controllers.V1.DaoTaoHocVienController.GetAll (ThucLuc.Api) in 27.7486ms
2026-04-14 14:47:09.238 +07:00 [INF] Executed endpoint 'ThucLuc.Api.Controllers.V1.DaoTaoHocVienController.GetAll (ThucLuc.Api)'
2026-04-14 14:47:09.239 +07:00 [INF] HTTP GET /api/v1/dao-tao-hoc-vien => 200 in 37.3081 ms CorrelationId=b2a3742e53314e1ca0362ce0c40d924d UserId=5001
2026-04-14 14:47:09.240 +07:00 [INF] HTTP GET /api/v1/dao-tao-hoc-vien responded 200 in 38.5257 ms
2026-04-14 14:47:09.241 +07:00 [INF] Request finished HTTP/1.1 GET http://localhost:5283/api/v1/dao-tao-hoc-vien?kyCode=2026Q1 - 200 null application/json; charset=utf-8 41.9532ms
2026-04-14 14:47:11.989 +07:00 [INF] Request starting HTTP/1.1 OPTIONS http://localhost:5283/api/v1/dao-tao-nuoc-ngoai?kyCode=2026Q1 - null null
2026-04-14 14:47:11.991 +07:00 [INF] CORS policy execution successful.
2026-04-14 14:47:11.992 +07:00 [INF] HTTP OPTIONS /api/v1/dao-tao-nuoc-ngoai => 204 in 0.5714 ms CorrelationId=4512c6b331734671926a4dfdb73b8a8d UserId=anonymous
2026-04-14 14:47:11.996 +07:00 [INF] HTTP OPTIONS /api/v1/dao-tao-nuoc-ngoai responded 204 in 4.4162 ms
2026-04-14 14:47:11.999 +07:00 [INF] Request finished HTTP/1.1 OPTIONS http://localhost:5283/api/v1/dao-tao-nuoc-ngoai?kyCode=2026Q1 - 204 null null 9.8952ms
2026-04-14 14:47:12.001 +07:00 [INF] Request starting HTTP/1.1 GET http://localhost:5283/api/v1/dao-tao-nuoc-ngoai?kyCode=2026Q1 - null null
2026-04-14 14:47:12.002 +07:00 [INF] CORS policy execution successful.
2026-04-14 14:47:12.004 +07:00 [INF] Executing endpoint 'ThucLuc.Api.Controllers.V1.DaoTaoNuocNgoaiController.GetAll (ThucLuc.Api)'
2026-04-14 14:47:12.008 +07:00 [INF] Route matched with {action = "GetAll", controller = "DaoTaoNuocNgoai"}. Executing controller action with signature System.Threading.Tasks.Task`1[Microsoft.AspNetCore.Mvc.ActionResult`1[ThucLuc.Api.Common.Models.ApiResponse`1[System.Collections.Generic.IReadOnlyCollection`1[ThucLuc.Application.Features.DaoTaoNuocNgoai.DaoTaoNuocNgoaiDto]]]] GetAll(System.Nullable`1[System.Int32], System.Threading.CancellationToken) on controller ThucLuc.Api.Controllers.V1.DaoTaoNuocNgoaiController (ThucLuc.Api).
2026-04-14 14:47:12.033 +07:00 [INF] Executing OkObjectResult, writing value of type 'ThucLuc.Api.Common.Models.ApiResponse`1[[System.Collections.Generic.IReadOnlyCollection`1[[ThucLuc.Application.Features.DaoTaoNuocNgoai.DaoTaoNuocNgoaiDto, ThucLuc.Application, Version=1.0.0.0, Culture=neutral, PublicKeyToken=null]], System.Private.CoreLib, Version=8.0.0.0, Culture=neutral, PublicKeyToken=7cec85d7bea7798e]]'.
2026-04-14 14:47:12.038 +07:00 [INF] Executed action ThucLuc.Api.Controllers.V1.DaoTaoNuocNgoaiController.GetAll (ThucLuc.Api) in 28.6925ms
2026-04-14 14:47:12.039 +07:00 [INF] Executed endpoint 'ThucLuc.Api.Controllers.V1.DaoTaoNuocNgoaiController.GetAll (ThucLuc.Api)'
2026-04-14 14:47:12.039 +07:00 [INF] HTTP GET /api/v1/dao-tao-nuoc-ngoai => 200 in 37.1785 ms CorrelationId=78020134af774be5a27cc485b238c2a7 UserId=5001
2026-04-14 14:47:12.040 +07:00 [INF] HTTP GET /api/v1/dao-tao-nuoc-ngoai responded 200 in 38.1524 ms
2026-04-14 14:47:12.041 +07:00 [INF] Request finished HTTP/1.1 GET http://localhost:5283/api/v1/dao-tao-nuoc-ngoai?kyCode=2026Q1 - 200 null application/json; charset=utf-8 40.6121ms
2026-04-14 14:47:13.031 +07:00 [INF] Request starting HTTP/1.1 OPTIONS http://localhost:5283/api/v1/codes/by-code/NHOM_NANG_LUC_SO - null null
2026-04-14 14:47:13.034 +07:00 [INF] CORS policy execution successful.
2026-04-14 14:47:13.034 +07:00 [INF] HTTP OPTIONS /api/v1/codes/by-code/NHOM_NANG_LUC_SO => 204 in 0.4746 ms CorrelationId=3c0b01ef73fd4dd288f51b35e0c9ff9b UserId=anonymous
2026-04-14 14:47:13.035 +07:00 [INF] HTTP OPTIONS /api/v1/codes/by-code/NHOM_NANG_LUC_SO responded 204 in 1.6174 ms
2026-04-14 14:47:13.036 +07:00 [INF] Request finished HTTP/1.1 OPTIONS http://localhost:5283/api/v1/codes/by-code/NHOM_NANG_LUC_SO - 204 null null 4.6933ms
2026-04-14 14:47:13.039 +07:00 [INF] Request starting HTTP/1.1 GET http://localhost:5283/api/v1/codes/by-code/NHOM_NANG_LUC_SO - null null
2026-04-14 14:47:13.040 +07:00 [INF] CORS policy execution successful.
2026-04-14 14:47:13.041 +07:00 [INF] Executing endpoint 'ThucLuc.Api.Controllers.V1.CodesController.GetByCode (ThucLuc.Api)'
2026-04-14 14:47:13.042 +07:00 [INF] Route matched with {action = "GetByCode", controller = "Codes"}. Executing controller action with signature System.Threading.Tasks.Task`1[Microsoft.AspNetCore.Mvc.ActionResult`1[ThucLuc.Api.Common.Models.ApiResponse`1[ThucLuc.Application.Features.Codes.CodeDto]]] GetByCode(System.String, System.Threading.CancellationToken) on controller ThucLuc.Api.Controllers.V1.CodesController (ThucLuc.Api).
2026-04-14 14:47:13.047 +07:00 [INF] Executing OkObjectResult, writing value of type 'ThucLuc.Api.Common.Models.ApiResponse`1[[ThucLuc.Application.Features.Codes.CodeDto, ThucLuc.Application, Version=1.0.0.0, Culture=neutral, PublicKeyToken=null]]'.
2026-04-14 14:47:13.048 +07:00 [INF] Executed action ThucLuc.Api.Controllers.V1.CodesController.GetByCode (ThucLuc.Api) in 5.418ms
2026-04-14 14:47:13.049 +07:00 [INF] Executed endpoint 'ThucLuc.Api.Controllers.V1.CodesController.GetByCode (ThucLuc.Api)'
2026-04-14 14:47:13.050 +07:00 [INF] HTTP GET /api/v1/codes/by-code/NHOM_NANG_LUC_SO => 200 in 9.8071 ms CorrelationId=5b1381500c6e4e9ea6102d94b9253851 UserId=5001
2026-04-14 14:47:13.051 +07:00 [INF] HTTP GET /api/v1/codes/by-code/NHOM_NANG_LUC_SO responded 200 in 10.7885 ms
2026-04-14 14:47:13.051 +07:00 [INF] Request finished HTTP/1.1 GET http://localhost:5283/api/v1/codes/by-code/NHOM_NANG_LUC_SO - 200 null application/json; charset=utf-8 12.8591ms
2026-04-14 14:47:13.053 +07:00 [INF] Request starting HTTP/1.1 OPTIONS http://localhost:5283/api/v1/nang-luc-so?kyCode=2026Q1 - null null
2026-04-14 14:47:13.054 +07:00 [INF] CORS policy execution successful.
2026-04-14 14:47:13.055 +07:00 [INF] HTTP OPTIONS /api/v1/nang-luc-so => 204 in 0.5513 ms CorrelationId=4178570a28084bcd933a0e3b0727b66a UserId=anonymous
2026-04-14 14:47:13.056 +07:00 [INF] HTTP OPTIONS /api/v1/nang-luc-so responded 204 in 2.0196 ms
2026-04-14 14:47:13.057 +07:00 [INF] Request finished HTTP/1.1 OPTIONS http://localhost:5283/api/v1/nang-luc-so?kyCode=2026Q1 - 204 null null 4.2825ms
2026-04-14 14:47:13.060 +07:00 [INF] Request starting HTTP/1.1 GET http://localhost:5283/api/v1/nang-luc-so?kyCode=2026Q1 - null null
2026-04-14 14:47:13.061 +07:00 [INF] CORS policy execution successful.
2026-04-14 14:47:13.063 +07:00 [INF] Executing endpoint 'ThucLuc.Api.Controllers.V1.NangLucSoController.GetAll (ThucLuc.Api)'
2026-04-14 14:47:13.067 +07:00 [INF] Route matched with {action = "GetAll", controller = "NangLucSo"}. Executing controller action with signature System.Threading.Tasks.Task`1[Microsoft.AspNetCore.Mvc.ActionResult`1[ThucLuc.Api.Common.Models.ApiResponse`1[System.Collections.Generic.IReadOnlyCollection`1[ThucLuc.Application.Features.NangLucSo.NangLucSoDto]]]] GetAll(System.String, System.Threading.CancellationToken) on controller ThucLuc.Api.Controllers.V1.NangLucSoController (ThucLuc.Api).
2026-04-14 14:47:13.082 +07:00 [INF] Executing OkObjectResult, writing value of type 'ThucLuc.Api.Common.Models.ApiResponse`1[[System.Collections.Generic.IReadOnlyCollection`1[[ThucLuc.Application.Features.NangLucSo.NangLucSoDto, ThucLuc.Application, Version=1.0.0.0, Culture=neutral, PublicKeyToken=null]], System.Private.CoreLib, Version=8.0.0.0, Culture=neutral, PublicKeyToken=7cec85d7bea7798e]]'.
2026-04-14 14:47:13.085 +07:00 [INF] Executed action ThucLuc.Api.Controllers.V1.NangLucSoController.GetAll (ThucLuc.Api) in 16.5725ms
2026-04-14 14:47:13.086 +07:00 [INF] Executed endpoint 'ThucLuc.Api.Controllers.V1.NangLucSoController.GetAll (ThucLuc.Api)'
2026-04-14 14:47:13.087 +07:00 [INF] HTTP GET /api/v1/nang-luc-so => 200 in 25.2922 ms CorrelationId=d6cc20ffcffb4e398ee3020741fef642 UserId=5001
2026-04-14 14:47:13.087 +07:00 [INF] HTTP GET /api/v1/nang-luc-so responded 200 in 26.2416 ms
2026-04-14 14:47:13.089 +07:00 [INF] Request finished HTTP/1.1 GET http://localhost:5283/api/v1/nang-luc-so?kyCode=2026Q1 - 200 null application/json; charset=utf-8 28.6481ms
2026-04-14 14:47:13.948 +07:00 [INF] Request starting HTTP/1.1 GET http://localhost:5283/api/v1/dao-tao-nuoc-ngoai?kyCode=2026Q1 - null null
2026-04-14 14:47:13.950 +07:00 [INF] CORS policy execution successful.
2026-04-14 14:47:13.951 +07:00 [INF] Executing endpoint 'ThucLuc.Api.Controllers.V1.DaoTaoNuocNgoaiController.GetAll (ThucLuc.Api)'
2026-04-14 14:47:13.952 +07:00 [INF] Route matched with {action = "GetAll", controller = "DaoTaoNuocNgoai"}. Executing controller action with signature System.Threading.Tasks.Task`1[Microsoft.AspNetCore.Mvc.ActionResult`1[ThucLuc.Api.Common.Models.ApiResponse`1[System.Collections.Generic.IReadOnlyCollection`1[ThucLuc.Application.Features.DaoTaoNuocNgoai.DaoTaoNuocNgoaiDto]]]] GetAll(System.Nullable`1[System.Int32], System.Threading.CancellationToken) on controller ThucLuc.Api.Controllers.V1.DaoTaoNuocNgoaiController (ThucLuc.Api).
2026-04-14 14:47:13.956 +07:00 [INF] Executing OkObjectResult, writing value of type 'ThucLuc.Api.Common.Models.ApiResponse`1[[System.Collections.Generic.IReadOnlyCollection`1[[ThucLuc.Application.Features.DaoTaoNuocNgoai.DaoTaoNuocNgoaiDto, ThucLuc.Application, Version=1.0.0.0, Culture=neutral, PublicKeyToken=null]], System.Private.CoreLib, Version=8.0.0.0, Culture=neutral, PublicKeyToken=7cec85d7bea7798e]]'.
2026-04-14 14:47:13.957 +07:00 [INF] Executed action ThucLuc.Api.Controllers.V1.DaoTaoNuocNgoaiController.GetAll (ThucLuc.Api) in 3.5261ms
2026-04-14 14:47:13.957 +07:00 [INF] Executed endpoint 'ThucLuc.Api.Controllers.V1.DaoTaoNuocNgoaiController.GetAll (ThucLuc.Api)'
2026-04-14 14:47:13.958 +07:00 [INF] HTTP GET /api/v1/dao-tao-nuoc-ngoai => 200 in 7.7658 ms CorrelationId=572478e6a26d4052a542048e51ec795c UserId=5001
2026-04-14 14:47:13.959 +07:00 [INF] HTTP GET /api/v1/dao-tao-nuoc-ngoai responded 200 in 9.0046 ms
2026-04-14 14:47:13.960 +07:00 [INF] Request finished HTTP/1.1 GET http://localhost:5283/api/v1/dao-tao-nuoc-ngoai?kyCode=2026Q1 - 200 null application/json; charset=utf-8 12.3394ms
2026-04-14 14:47:14.317 +07:00 [INF] Request starting HTTP/1.1 OPTIONS http://localhost:5283/api/v1/codes/by-code/NOI_DUNG_DAO_TAO_HV - null null
2026-04-14 14:47:14.319 +07:00 [INF] CORS policy execution successful.
2026-04-14 14:47:14.321 +07:00 [INF] HTTP OPTIONS /api/v1/codes/by-code/NOI_DUNG_DAO_TAO_HV => 204 in 1.2401 ms CorrelationId=7168403d69694ecd910f3b90fcbb15d1 UserId=anonymous
2026-04-14 14:47:14.322 +07:00 [INF] HTTP OPTIONS /api/v1/codes/by-code/NOI_DUNG_DAO_TAO_HV responded 204 in 2.4777 ms
2026-04-14 14:47:14.323 +07:00 [INF] Request finished HTTP/1.1 OPTIONS http://localhost:5283/api/v1/codes/by-code/NOI_DUNG_DAO_TAO_HV - 204 null null 5.3782ms
2026-04-14 14:47:14.329 +07:00 [INF] Request starting HTTP/1.1 GET http://localhost:5283/api/v1/codes/by-code/NOI_DUNG_DAO_TAO_HV - null null
2026-04-14 14:47:14.333 +07:00 [INF] CORS policy execution successful.
2026-04-14 14:47:14.334 +07:00 [INF] Executing endpoint 'ThucLuc.Api.Controllers.V1.CodesController.GetByCode (ThucLuc.Api)'
2026-04-14 14:47:14.334 +07:00 [INF] Route matched with {action = "GetByCode", controller = "Codes"}. Executing controller action with signature System.Threading.Tasks.Task`1[Microsoft.AspNetCore.Mvc.ActionResult`1[ThucLuc.Api.Common.Models.ApiResponse`1[ThucLuc.Application.Features.Codes.CodeDto]]] GetByCode(System.String, System.Threading.CancellationToken) on controller ThucLuc.Api.Controllers.V1.CodesController (ThucLuc.Api).
2026-04-14 14:47:14.339 +07:00 [INF] Executing OkObjectResult, writing value of type 'ThucLuc.Api.Common.Models.ApiResponse`1[[ThucLuc.Application.Features.Codes.CodeDto, ThucLuc.Application, Version=1.0.0.0, Culture=neutral, PublicKeyToken=null]]'.
2026-04-14 14:47:14.340 +07:00 [INF] Executed action ThucLuc.Api.Controllers.V1.CodesController.GetByCode (ThucLuc.Api) in 4.3054ms
2026-04-14 14:47:14.341 +07:00 [INF] Executed endpoint 'ThucLuc.Api.Controllers.V1.CodesController.GetByCode (ThucLuc.Api)'
2026-04-14 14:47:14.341 +07:00 [INF] HTTP GET /api/v1/codes/by-code/NOI_DUNG_DAO_TAO_HV => 200 in 8.8678 ms CorrelationId=78b9c7f6432c416c867a2788524c34be UserId=5001
2026-04-14 14:47:14.342 +07:00 [INF] HTTP GET /api/v1/codes/by-code/NOI_DUNG_DAO_TAO_HV responded 200 in 9.9267 ms
2026-04-14 14:47:14.343 +07:00 [INF] Request finished HTTP/1.1 GET http://localhost:5283/api/v1/codes/by-code/NOI_DUNG_DAO_TAO_HV - 200 null application/json; charset=utf-8 14.7321ms
2026-04-14 14:47:14.348 +07:00 [INF] Request starting HTTP/1.1 OPTIONS http://localhost:5283/api/v1/dao-tao-hoc-vien?kyCode=2026Q1 - null null
2026-04-14 14:47:14.352 +07:00 [INF] CORS policy execution successful.
2026-04-14 14:47:14.352 +07:00 [INF] HTTP OPTIONS /api/v1/dao-tao-hoc-vien => 204 in 0.6475 ms CorrelationId=99fa2c1648fb41eea595ee904cc9efee UserId=anonymous
2026-04-14 14:47:14.354 +07:00 [INF] HTTP OPTIONS /api/v1/dao-tao-hoc-vien responded 204 in 2.2631 ms
2026-04-14 14:47:14.355 +07:00 [INF] Request finished HTTP/1.1 OPTIONS http://localhost:5283/api/v1/dao-tao-hoc-vien?kyCode=2026Q1 - 204 null null 7.024ms
2026-04-14 14:47:14.358 +07:00 [INF] Request starting HTTP/1.1 GET http://localhost:5283/api/v1/dao-tao-hoc-vien?kyCode=2026Q1 - null null
2026-04-14 14:47:14.360 +07:00 [INF] CORS policy execution successful.
2026-04-14 14:47:14.361 +07:00 [INF] Executing endpoint 'ThucLuc.Api.Controllers.V1.DaoTaoHocVienController.GetAll (ThucLuc.Api)'
2026-04-14 14:47:14.362 +07:00 [INF] Route matched with {action = "GetAll", controller = "DaoTaoHocVien"}. Executing controller action with signature System.Threading.Tasks.Task`1[Microsoft.AspNetCore.Mvc.ActionResult`1[ThucLuc.Api.Common.Models.ApiResponse`1[System.Collections.Generic.IReadOnlyCollection`1[ThucLuc.Application.Features.DaoTaoHocVien.DaoTaoHocVienDto]]]] GetAll(System.Nullable`1[System.Int32], System.Threading.CancellationToken) on controller ThucLuc.Api.Controllers.V1.DaoTaoHocVienController (ThucLuc.Api).
2026-04-14 14:47:14.367 +07:00 [INF] Executing OkObjectResult, writing value of type 'ThucLuc.Api.Common.Models.ApiResponse`1[[System.Collections.Generic.IReadOnlyCollection`1[[ThucLuc.Application.Features.DaoTaoHocVien.DaoTaoHocVienDto, ThucLuc.Application, Version=1.0.0.0, Culture=neutral, PublicKeyToken=null]], System.Private.CoreLib, Version=8.0.0.0, Culture=neutral, PublicKeyToken=7cec85d7bea7798e]]'.
2026-04-14 14:47:14.369 +07:00 [INF] Executed action ThucLuc.Api.Controllers.V1.DaoTaoHocVienController.GetAll (ThucLuc.Api) in 4.8549ms
2026-04-14 14:47:14.369 +07:00 [INF] Executed endpoint 'ThucLuc.Api.Controllers.V1.DaoTaoHocVienController.GetAll (ThucLuc.Api)'
2026-04-14 14:47:14.370 +07:00 [INF] HTTP GET /api/v1/dao-tao-hoc-vien => 200 in 10.0195 ms CorrelationId=1807080441e04b1e86b667e3dd7d6831 UserId=5001
2026-04-14 14:47:14.371 +07:00 [INF] HTTP GET /api/v1/dao-tao-hoc-vien responded 200 in 11.1256 ms
2026-04-14 14:47:14.372 +07:00 [INF] Request finished HTTP/1.1 GET http://localhost:5283/api/v1/dao-tao-hoc-vien?kyCode=2026Q1 - 200 null application/json; charset=utf-8 14.0171ms
2026-04-14 14:47:15.004 +07:00 [INF] Request starting HTTP/1.1 OPTIONS http://localhost:5283/api/v1/dao-tao-boi-duong - null null
2026-04-14 14:47:15.006 +07:00 [INF] CORS policy execution successful.
2026-04-14 14:47:15.007 +07:00 [INF] HTTP OPTIONS /api/v1/dao-tao-boi-duong => 204 in 0.6944 ms CorrelationId=6c40e68054134168b8b3ed61c4242be9 UserId=anonymous
2026-04-14 14:47:15.008 +07:00 [INF] HTTP OPTIONS /api/v1/dao-tao-boi-duong responded 204 in 1.9867 ms
2026-04-14 14:47:15.009 +07:00 [INF] Request finished HTTP/1.1 OPTIONS http://localhost:5283/api/v1/dao-tao-boi-duong - 204 null null 4.8368ms
2026-04-14 14:47:15.011 +07:00 [INF] Request starting HTTP/1.1 GET http://localhost:5283/api/v1/dao-tao-boi-duong - null null
2026-04-14 14:47:15.013 +07:00 [INF] CORS policy execution successful.
2026-04-14 14:47:15.014 +07:00 [INF] Executing endpoint 'ThucLuc.Api.Controllers.V1.DaoTaoBoiDuongController.GetAll (ThucLuc.Api)'
2026-04-14 14:47:15.015 +07:00 [INF] Route matched with {action = "GetAll", controller = "DaoTaoBoiDuong"}. Executing controller action with signature System.Threading.Tasks.Task`1[Microsoft.AspNetCore.Mvc.ActionResult`1[ThucLuc.Api.Common.Models.ApiResponse`1[System.Collections.Generic.IReadOnlyCollection`1[ThucLuc.Application.Features.DaoTaoBoiDuong.DaoTaoBoiDuongDto]]]] GetAll(System.Threading.CancellationToken) on controller ThucLuc.Api.Controllers.V1.DaoTaoBoiDuongController (ThucLuc.Api).
2026-04-14 14:47:15.018 +07:00 [INF] Executing OkObjectResult, writing value of type 'ThucLuc.Api.Common.Models.ApiResponse`1[[System.Collections.Generic.IReadOnlyCollection`1[[ThucLuc.Application.Features.DaoTaoBoiDuong.DaoTaoBoiDuongDto, ThucLuc.Application, Version=1.0.0.0, Culture=neutral, PublicKeyToken=null]], System.Private.CoreLib, Version=8.0.0.0, Culture=neutral, PublicKeyToken=7cec85d7bea7798e]]'.
2026-04-14 14:47:15.019 +07:00 [INF] Executed action ThucLuc.Api.Controllers.V1.DaoTaoBoiDuongController.GetAll (ThucLuc.Api) in 3.8726ms
2026-04-14 14:47:15.020 +07:00 [INF] Executed endpoint 'ThucLuc.Api.Controllers.V1.DaoTaoBoiDuongController.GetAll (ThucLuc.Api)'
2026-04-14 14:47:15.021 +07:00 [INF] HTTP GET /api/v1/dao-tao-boi-duong => 200 in 7.9245 ms CorrelationId=af0a619fe63f4001b076004c8c6b40c8 UserId=5001
2026-04-14 14:47:15.022 +07:00 [INF] HTTP GET /api/v1/dao-tao-boi-duong responded 200 in 8.9727 ms
2026-04-14 14:47:15.023 +07:00 [INF] Request finished HTTP/1.1 GET http://localhost:5283/api/v1/dao-tao-boi-duong - 200 null application/json; charset=utf-8 11.6321ms
2026-04-14 14:47:15.407 +07:00 [INF] Request starting HTTP/1.1 OPTIONS http://localhost:5283/api/v1/codes/by-code/GIOI_TINH - null null
2026-04-14 14:47:15.407 +07:00 [INF] Request starting HTTP/1.1 OPTIONS http://localhost:5283/api/v1/codes/by-code/CAP_BAC_CONG_AN - null null
2026-04-14 14:47:15.408 +07:00 [INF] Request starting HTTP/1.1 OPTIONS http://localhost:5283/api/v1/codes/by-code/LOAI_NHAN_LUC - null null
2026-04-14 14:47:15.408 +07:00 [INF] Request starting HTTP/1.1 OPTIONS http://localhost:5283/api/v1/codes/by-code/TRINH_DO_LLCT - null null
2026-04-14 14:47:15.408 +07:00 [INF] Request starting HTTP/1.1 OPTIONS http://localhost:5283/api/v1/codes/by-code/TRINH_DO_CNTT - null null
2026-04-14 14:47:15.409 +07:00 [INF] Request starting HTTP/1.1 OPTIONS http://localhost:5283/api/v1/don-vi/tree - null null
2026-04-14 14:47:15.410 +07:00 [INF] CORS policy execution successful.
2026-04-14 14:47:15.411 +07:00 [INF] CORS policy execution successful.
2026-04-14 14:47:15.412 +07:00 [INF] CORS policy execution successful.
2026-04-14 14:47:15.415 +07:00 [INF] CORS policy execution successful.
2026-04-14 14:47:15.416 +07:00 [INF] CORS policy execution successful.
2026-04-14 14:47:15.418 +07:00 [INF] CORS policy execution successful.
2026-04-14 14:47:15.418 +07:00 [INF] HTTP OPTIONS /api/v1/codes/by-code/GIOI_TINH => 204 in 8.7638 ms CorrelationId=28685b97ebf547fab070ac149ac38399 UserId=anonymous
2026-04-14 14:47:15.419 +07:00 [INF] HTTP OPTIONS /api/v1/codes/by-code/CAP_BAC_CONG_AN => 204 in 8.2074 ms CorrelationId=a4f85621fbc643508f688b2b247c17e8 UserId=anonymous
2026-04-14 14:47:15.423 +07:00 [INF] HTTP OPTIONS /api/v1/codes/by-code/CAP_BAC_CONG_AN responded 204 in 12.6280 ms
2026-04-14 14:47:15.424 +07:00 [INF] Request finished HTTP/1.1 OPTIONS http://localhost:5283/api/v1/codes/by-code/CAP_BAC_CONG_AN - 204 null null 16.5982ms
2026-04-14 14:47:15.420 +07:00 [INF] HTTP OPTIONS /api/v1/codes/by-code/TRINH_DO_LLCT => 204 in 5.7131 ms CorrelationId=1b4750d2edf4400fb40bf4933f2db616 UserId=anonymous
2026-04-14 14:47:15.421 +07:00 [INF] HTTP OPTIONS /api/v1/codes/by-code/TRINH_DO_CNTT => 204 in 4.7515 ms CorrelationId=1328ad55e1dc41709cf21406e8c9200f UserId=anonymous
2026-04-14 14:47:15.421 +07:00 [INF] HTTP OPTIONS /api/v1/don-vi/tree => 204 in 3.0901 ms CorrelationId=fbfde9d177bf4df1b339513b745f9635 UserId=anonymous
2026-04-14 14:47:15.434 +07:00 [INF] HTTP OPTIONS /api/v1/don-vi/tree responded 204 in 16.2233 ms
2026-04-14 14:47:15.419 +07:00 [INF] HTTP OPTIONS /api/v1/codes/by-code/LOAI_NHAN_LUC => 204 in 7.3576 ms CorrelationId=aadab1a9074148288a34fb9a9ec6c9e7 UserId=anonymous
2026-04-14 14:47:15.428 +07:00 [INF] Request starting HTTP/1.1 GET http://localhost:5283/api/v1/codes/by-code/CAP_BAC_CONG_AN - null null
2026-04-14 14:47:15.431 +07:00 [INF] HTTP OPTIONS /api/v1/codes/by-code/TRINH_DO_LLCT responded 204 in 16.1501 ms
2026-04-14 14:47:15.432 +07:00 [INF] HTTP OPTIONS /api/v1/codes/by-code/TRINH_DO_CNTT responded 204 in 15.8087 ms
2026-04-14 14:47:15.423 +07:00 [INF] HTTP OPTIONS /api/v1/codes/by-code/GIOI_TINH responded 204 in 12.9434 ms
2026-04-14 14:47:15.436 +07:00 [INF] Request finished HTTP/1.1 OPTIONS http://localhost:5283/api/v1/don-vi/tree - 204 null null 26.4131ms
2026-04-14 14:47:15.438 +07:00 [INF] HTTP OPTIONS /api/v1/codes/by-code/LOAI_NHAN_LUC responded 204 in 25.7107 ms
2026-04-14 14:47:15.440 +07:00 [INF] CORS policy execution successful.
2026-04-14 14:47:15.441 +07:00 [INF] Request finished HTTP/1.1 OPTIONS http://localhost:5283/api/v1/codes/by-code/TRINH_DO_LLCT - 204 null null 33.1448ms
2026-04-14 14:47:15.443 +07:00 [INF] Request finished HTTP/1.1 OPTIONS http://localhost:5283/api/v1/codes/by-code/TRINH_DO_CNTT - 204 null null 34.1578ms
2026-04-14 14:47:15.455 +07:00 [INF] Request starting HTTP/1.1 GET http://localhost:5283/api/v1/codes/by-code/TRINH_DO_CNTT - null null
2026-04-14 14:47:15.447 +07:00 [INF] Request starting HTTP/1.1 GET http://localhost:5283/api/v1/don-vi/tree - null null
2026-04-14 14:47:15.448 +07:00 [INF] Request finished HTTP/1.1 OPTIONS http://localhost:5283/api/v1/codes/by-code/LOAI_NHAN_LUC - 204 null null 39.6842ms
2026-04-14 14:47:15.449 +07:00 [INF] Executing endpoint 'ThucLuc.Api.Controllers.V1.CodesController.GetByCode (ThucLuc.Api)'
2026-04-14 14:47:15.451 +07:00 [INF] Request starting HTTP/1.1 GET http://localhost:5283/api/v1/codes/by-code/TRINH_DO_LLCT - null null
2026-04-14 14:47:15.444 +07:00 [INF] Request finished HTTP/1.1 OPTIONS http://localhost:5283/api/v1/codes/by-code/GIOI_TINH - 204 null null 36.9159ms
2026-04-14 14:47:15.457 +07:00 [INF] CORS policy execution successful.
2026-04-14 14:47:15.461 +07:00 [INF] CORS policy execution successful.
2026-04-14 14:47:15.464 +07:00 [INF] Request starting HTTP/1.1 GET http://localhost:5283/api/v1/codes/by-code/LOAI_NHAN_LUC - null null
2026-04-14 14:47:15.465 +07:00 [INF] Route matched with {action = "GetByCode", controller = "Codes"}. Executing controller action with signature System.Threading.Tasks.Task`1[Microsoft.AspNetCore.Mvc.ActionResult`1[ThucLuc.Api.Common.Models.ApiResponse`1[ThucLuc.Application.Features.Codes.CodeDto]]] GetByCode(System.String, System.Threading.CancellationToken) on controller ThucLuc.Api.Controllers.V1.CodesController (ThucLuc.Api).
2026-04-14 14:47:15.467 +07:00 [INF] CORS policy execution successful.
2026-04-14 14:47:15.468 +07:00 [INF] Request starting HTTP/1.1 GET http://localhost:5283/api/v1/codes/by-code/GIOI_TINH - null null
2026-04-14 14:47:15.469 +07:00 [INF] Executing endpoint 'ThucLuc.Api.Controllers.V1.CodesController.GetByCode (ThucLuc.Api)'
2026-04-14 14:47:15.470 +07:00 [INF] Executing endpoint 'ThucLuc.Api.Controllers.V1.DonViController.GetTree (ThucLuc.Api)'
2026-04-14 14:47:15.471 +07:00 [INF] CORS policy execution successful.
2026-04-14 14:47:15.473 +07:00 [INF] Executing endpoint 'ThucLuc.Api.Controllers.V1.CodesController.GetByCode (ThucLuc.Api)'
2026-04-14 14:47:15.474 +07:00 [INF] CORS policy execution successful.
2026-04-14 14:47:15.475 +07:00 [INF] Route matched with {action = "GetByCode", controller = "Codes"}. Executing controller action with signature System.Threading.Tasks.Task`1[Microsoft.AspNetCore.Mvc.ActionResult`1[ThucLuc.Api.Common.Models.ApiResponse`1[ThucLuc.Application.Features.Codes.CodeDto]]] GetByCode(System.String, System.Threading.CancellationToken) on controller ThucLuc.Api.Controllers.V1.CodesController (ThucLuc.Api).
2026-04-14 14:47:15.475 +07:00 [INF] Executing OkObjectResult, writing value of type 'ThucLuc.Api.Common.Models.ApiResponse`1[[ThucLuc.Application.Features.Codes.CodeDto, ThucLuc.Application, Version=1.0.0.0, Culture=neutral, PublicKeyToken=null]]'.
2026-04-14 14:47:15.476 +07:00 [INF] Executing endpoint 'ThucLuc.Api.Controllers.V1.CodesController.GetByCode (ThucLuc.Api)'
2026-04-14 14:47:15.478 +07:00 [INF] Route matched with {action = "GetByCode", controller = "Codes"}. Executing controller action with signature System.Threading.Tasks.Task`1[Microsoft.AspNetCore.Mvc.ActionResult`1[ThucLuc.Api.Common.Models.ApiResponse`1[ThucLuc.Application.Features.Codes.CodeDto]]] GetByCode(System.String, System.Threading.CancellationToken) on controller ThucLuc.Api.Controllers.V1.CodesController (ThucLuc.Api).
2026-04-14 14:47:15.478 +07:00 [INF] Route matched with {action = "GetTree", controller = "DonVi"}. Executing controller action with signature System.Threading.Tasks.Task`1[Microsoft.AspNetCore.Mvc.ActionResult`1[ThucLuc.Api.Common.Models.ApiResponse`1[System.Collections.Generic.IReadOnlyCollection`1[ThucLuc.Application.Features.DonVi.DonViDto]]]] GetTree(System.Threading.CancellationToken) on controller ThucLuc.Api.Controllers.V1.DonViController (ThucLuc.Api).
2026-04-14 14:47:15.479 +07:00 [INF] Executing endpoint 'ThucLuc.Api.Controllers.V1.CodesController.GetByCode (ThucLuc.Api)'
2026-04-14 14:47:15.482 +07:00 [INF] Executed action ThucLuc.Api.Controllers.V1.CodesController.GetByCode (ThucLuc.Api) in 10.348ms
2026-04-14 14:47:15.483 +07:00 [INF] Route matched with {action = "GetByCode", controller = "Codes"}. Executing controller action with signature System.Threading.Tasks.Task`1[Microsoft.AspNetCore.Mvc.ActionResult`1[ThucLuc.Api.Common.Models.ApiResponse`1[ThucLuc.Application.Features.Codes.CodeDto]]] GetByCode(System.String, System.Threading.CancellationToken) on controller ThucLuc.Api.Controllers.V1.CodesController (ThucLuc.Api).
2026-04-14 14:47:15.484 +07:00 [INF] Executing OkObjectResult, writing value of type 'ThucLuc.Api.Common.Models.ApiResponse`1[[ThucLuc.Application.Features.Codes.CodeDto, ThucLuc.Application, Version=1.0.0.0, Culture=neutral, PublicKeyToken=null]]'.
2026-04-14 14:47:15.487 +07:00 [INF] Executing OkObjectResult, writing value of type 'ThucLuc.Api.Common.Models.ApiResponse`1[[ThucLuc.Application.Features.Codes.CodeDto, ThucLuc.Application, Version=1.0.0.0, Culture=neutral, PublicKeyToken=null]]'.
2026-04-14 14:47:15.488 +07:00 [INF] Route matched with {action = "GetByCode", controller = "Codes"}. Executing controller action with signature System.Threading.Tasks.Task`1[Microsoft.AspNetCore.Mvc.ActionResult`1[ThucLuc.Api.Common.Models.ApiResponse`1[ThucLuc.Application.Features.Codes.CodeDto]]] GetByCode(System.String, System.Threading.CancellationToken) on controller ThucLuc.Api.Controllers.V1.CodesController (ThucLuc.Api).
2026-04-14 14:47:15.489 +07:00 [INF] Executed endpoint 'ThucLuc.Api.Controllers.V1.CodesController.GetByCode (ThucLuc.Api)'
2026-04-14 14:47:15.492 +07:00 [INF] Executed action ThucLuc.Api.Controllers.V1.CodesController.GetByCode (ThucLuc.Api) in 11.3278ms
2026-04-14 14:47:15.493 +07:00 [INF] Executed action ThucLuc.Api.Controllers.V1.CodesController.GetByCode (ThucLuc.Api) in 8.291ms
2026-04-14 14:47:15.493 +07:00 [INF] Executing OkObjectResult, writing value of type 'ThucLuc.Api.Common.Models.ApiResponse`1[[ThucLuc.Application.Features.Codes.CodeDto, ThucLuc.Application, Version=1.0.0.0, Culture=neutral, PublicKeyToken=null]]'.
2026-04-14 14:47:15.496 +07:00 [INF] HTTP GET /api/v1/codes/by-code/CAP_BAC_CONG_AN => 200 in 56.1274 ms CorrelationId=ad4d2a1c795845439afa35939ffbe268 UserId=5001
2026-04-14 14:47:15.497 +07:00 [INF] Executed endpoint 'ThucLuc.Api.Controllers.V1.CodesController.GetByCode (ThucLuc.Api)'
2026-04-14 14:47:15.498 +07:00 [INF] Executing OkObjectResult, writing value of type 'ThucLuc.Api.Common.Models.ApiResponse`1[[ThucLuc.Application.Features.Codes.CodeDto, ThucLuc.Application, Version=1.0.0.0, Culture=neutral, PublicKeyToken=null]]'.
2026-04-14 14:47:15.498 +07:00 [INF] Executed endpoint 'ThucLuc.Api.Controllers.V1.CodesController.GetByCode (ThucLuc.Api)'
2026-04-14 14:47:15.499 +07:00 [INF] Executed action ThucLuc.Api.Controllers.V1.CodesController.GetByCode (ThucLuc.Api) in 8.8269ms
2026-04-14 14:47:15.501 +07:00 [INF] HTTP GET /api/v1/codes/by-code/CAP_BAC_CONG_AN responded 200 in 60.5688 ms
2026-04-14 14:47:15.502 +07:00 [INF] HTTP GET /api/v1/codes/by-code/TRINH_DO_CNTT => 200 in 44.3819 ms CorrelationId=5af64472c7ba4a7eb88cefa03684a98d UserId=5001
2026-04-14 14:47:15.502 +07:00 [INF] Executed action ThucLuc.Api.Controllers.V1.CodesController.GetByCode (ThucLuc.Api) in 7.3711ms
2026-04-14 14:47:15.503 +07:00 [INF] HTTP GET /api/v1/codes/by-code/TRINH_DO_LLCT => 200 in 36.0982 ms CorrelationId=8190f4177a3548c9962414f09e313844 UserId=5001
2026-04-14 14:47:15.503 +07:00 [INF] Executed endpoint 'ThucLuc.Api.Controllers.V1.CodesController.GetByCode (ThucLuc.Api)'
2026-04-14 14:47:15.504 +07:00 [INF] Request finished HTTP/1.1 GET http://localhost:5283/api/v1/codes/by-code/CAP_BAC_CONG_AN - 200 null application/json; charset=utf-8 76.4844ms
2026-04-14 14:47:15.506 +07:00 [INF] HTTP GET /api/v1/codes/by-code/TRINH_DO_CNTT responded 200 in 48.8716 ms
2026-04-14 14:47:15.507 +07:00 [INF] Executed endpoint 'ThucLuc.Api.Controllers.V1.CodesController.GetByCode (ThucLuc.Api)'
2026-04-14 14:47:15.508 +07:00 [INF] HTTP GET /api/v1/codes/by-code/TRINH_DO_LLCT responded 200 in 41.8919 ms
2026-04-14 14:47:15.509 +07:00 [INF] HTTP GET /api/v1/codes/by-code/LOAI_NHAN_LUC => 200 in 38.0446 ms CorrelationId=d38583b6572b4f32bc23c33ed66d6e1d UserId=5001
2026-04-14 14:47:15.513 +07:00 [INF] Request finished HTTP/1.1 GET http://localhost:5283/api/v1/codes/by-code/TRINH_DO_CNTT - 200 null application/json; charset=utf-8 57.5213ms
2026-04-14 14:47:15.514 +07:00 [INF] HTTP GET /api/v1/codes/by-code/GIOI_TINH => 200 in 40.1981 ms CorrelationId=0acb3269cff54d688e1b67b50c0728ac UserId=5001
2026-04-14 14:47:15.516 +07:00 [INF] Request finished HTTP/1.1 GET http://localhost:5283/api/v1/codes/by-code/TRINH_DO_LLCT - 200 null application/json; charset=utf-8 65.0541ms
2026-04-14 14:47:15.517 +07:00 [INF] HTTP GET /api/v1/codes/by-code/LOAI_NHAN_LUC responded 200 in 46.2831 ms
2026-04-14 14:47:15.520 +07:00 [INF] HTTP GET /api/v1/codes/by-code/GIOI_TINH responded 200 in 46.4717 ms
2026-04-14 14:47:15.523 +07:00 [INF] Request finished HTTP/1.1 GET http://localhost:5283/api/v1/codes/by-code/LOAI_NHAN_LUC - 200 null application/json; charset=utf-8 59.5664ms
2026-04-14 14:47:15.524 +07:00 [INF] Request finished HTTP/1.1 GET http://localhost:5283/api/v1/codes/by-code/GIOI_TINH - 200 null application/json; charset=utf-8 55.8411ms
2026-04-14 14:47:15.576 +07:00 [INF] Executing OkObjectResult, writing value of type 'ThucLuc.Api.Common.Models.ApiResponse`1[[System.Collections.Generic.IReadOnlyCollection`1[[ThucLuc.Application.Features.DonVi.DonViDto, ThucLuc.Application, Version=1.0.0.0, Culture=neutral, PublicKeyToken=null]], System.Private.CoreLib, Version=8.0.0.0, Culture=neutral, PublicKeyToken=7cec85d7bea7798e]]'.
2026-04-14 14:47:15.580 +07:00 [INF] Executed action ThucLuc.Api.Controllers.V1.DonViController.GetTree (ThucLuc.Api) in 92.7388ms
2026-04-14 14:47:15.581 +07:00 [INF] Executed endpoint 'ThucLuc.Api.Controllers.V1.DonViController.GetTree (ThucLuc.Api)'
2026-04-14 14:47:15.583 +07:00 [INF] HTTP GET /api/v1/don-vi/tree => 200 in 121.6395 ms CorrelationId=c38d220e17ce4b5badac9342ba0000ea UserId=5001
2026-04-14 14:47:15.585 +07:00 [INF] HTTP GET /api/v1/don-vi/tree responded 200 in 124.3245 ms
2026-04-14 14:47:15.587 +07:00 [INF] Request finished HTTP/1.1 GET http://localhost:5283/api/v1/don-vi/tree - 200 null application/json; charset=utf-8 140.4222ms
2026-04-14 14:47:15.591 +07:00 [INF] Request starting HTTP/1.1 OPTIONS http://localhost:5283/api/v1/nhan-luc-cntt?page=1&pageSize=10&namBaoCao=2026 - null null
2026-04-14 14:47:15.595 +07:00 [INF] CORS policy execution successful.
2026-04-14 14:47:15.596 +07:00 [INF] HTTP OPTIONS /api/v1/nhan-luc-cntt => 204 in 1.5609 ms CorrelationId=569a964dd5824c91b5a8721a4f170c0c UserId=anonymous
2026-04-14 14:47:15.599 +07:00 [INF] HTTP OPTIONS /api/v1/nhan-luc-cntt responded 204 in 4.0995 ms
2026-04-14 14:47:15.601 +07:00 [INF] Request finished HTTP/1.1 OPTIONS http://localhost:5283/api/v1/nhan-luc-cntt?page=1&pageSize=10&namBaoCao=2026 - 204 null null 10.1424ms
2026-04-14 14:47:15.605 +07:00 [INF] Request starting HTTP/1.1 GET http://localhost:5283/api/v1/nhan-luc-cntt?page=1&pageSize=10&namBaoCao=2026 - null null
2026-04-14 14:47:15.608 +07:00 [INF] CORS policy execution successful.
2026-04-14 14:47:15.610 +07:00 [INF] Executing endpoint 'ThucLuc.Api.Controllers.V1.NhanLucCnttController.GetAll (ThucLuc.Api)'
2026-04-14 14:47:15.616 +07:00 [INF] Route matched with {action = "GetAll", controller = "NhanLucCntt"}. Executing controller action with signature System.Threading.Tasks.Task`1[Microsoft.AspNetCore.Mvc.ActionResult`1[ThucLuc.Api.Common.Models.ApiResponse`1[ThucLuc.Application.Common.Models.PagedResult`1[ThucLuc.Application.Features.NhanLucCntt.NhanLucCnttDto]]]] GetAll(ThucLuc.Application.Features.NhanLucCntt.NhanLucCnttQuery, System.Threading.CancellationToken) on controller ThucLuc.Api.Controllers.V1.NhanLucCnttController (ThucLuc.Api).
2026-04-14 14:47:15.672 +07:00 [INF] Executing OkObjectResult, writing value of type 'ThucLuc.Api.Common.Models.ApiResponse`1[[ThucLuc.Application.Common.Models.PagedResult`1[[ThucLuc.Application.Features.NhanLucCntt.NhanLucCnttDto, ThucLuc.Application, Version=1.0.0.0, Culture=neutral, PublicKeyToken=null]], ThucLuc.Application, Version=1.0.0.0, Culture=neutral, PublicKeyToken=null]]'.
2026-04-14 14:47:15.676 +07:00 [INF] Executed action ThucLuc.Api.Controllers.V1.NhanLucCnttController.GetAll (ThucLuc.Api) in 58.1424ms
2026-04-14 14:47:15.677 +07:00 [INF] Executed endpoint 'ThucLuc.Api.Controllers.V1.NhanLucCnttController.GetAll (ThucLuc.Api)'
2026-04-14 14:47:15.678 +07:00 [INF] HTTP GET /api/v1/nhan-luc-cntt => 200 in 69.6075 ms CorrelationId=6174371336b24759a6239ce22edd72ac UserId=5001
2026-04-14 14:47:15.681 +07:00 [INF] HTTP GET /api/v1/nhan-luc-cntt responded 200 in 72.5082 ms
2026-04-14 14:47:15.682 +07:00 [INF] Request finished HTTP/1.1 GET http://localhost:5283/api/v1/nhan-luc-cntt?page=1&pageSize=10&namBaoCao=2026 - 200 null application/json; charset=utf-8 77.4196ms
2026-04-14 14:47:17.692 +07:00 [INF] Request starting HTTP/1.1 GET http://localhost:5283/api/v1/dao-tao-boi-duong - null null
2026-04-14 14:47:17.694 +07:00 [INF] CORS policy execution successful.
2026-04-14 14:47:17.696 +07:00 [INF] Executing endpoint 'ThucLuc.Api.Controllers.V1.DaoTaoBoiDuongController.GetAll (ThucLuc.Api)'
2026-04-14 14:47:17.697 +07:00 [INF] Route matched with {action = "GetAll", controller = "DaoTaoBoiDuong"}. Executing controller action with signature System.Threading.Tasks.Task`1[Microsoft.AspNetCore.Mvc.ActionResult`1[ThucLuc.Api.Common.Models.ApiResponse`1[System.Collections.Generic.IReadOnlyCollection`1[ThucLuc.Application.Features.DaoTaoBoiDuong.DaoTaoBoiDuongDto]]]] GetAll(System.Threading.CancellationToken) on controller ThucLuc.Api.Controllers.V1.DaoTaoBoiDuongController (ThucLuc.Api).
2026-04-14 14:47:17.700 +07:00 [INF] Executing OkObjectResult, writing value of type 'ThucLuc.Api.Common.Models.ApiResponse`1[[System.Collections.Generic.IReadOnlyCollection`1[[ThucLuc.Application.Features.DaoTaoBoiDuong.DaoTaoBoiDuongDto, ThucLuc.Application, Version=1.0.0.0, Culture=neutral, PublicKeyToken=null]], System.Private.CoreLib, Version=8.0.0.0, Culture=neutral, PublicKeyToken=7cec85d7bea7798e]]'.
2026-04-14 14:47:17.701 +07:00 [INF] Executed action ThucLuc.Api.Controllers.V1.DaoTaoBoiDuongController.GetAll (ThucLuc.Api) in 3.3059ms
2026-04-14 14:47:17.702 +07:00 [INF] Executed endpoint 'ThucLuc.Api.Controllers.V1.DaoTaoBoiDuongController.GetAll (ThucLuc.Api)'
2026-04-14 14:47:17.703 +07:00 [INF] HTTP GET /api/v1/dao-tao-boi-duong => 200 in 8.4794 ms CorrelationId=99241ef1dca14831a9efb033501b408a UserId=5001
2026-04-14 14:47:17.704 +07:00 [INF] HTTP GET /api/v1/dao-tao-boi-duong responded 200 in 10.2863 ms
2026-04-14 14:47:17.705 +07:00 [INF] Request finished HTTP/1.1 GET http://localhost:5283/api/v1/dao-tao-boi-duong - 200 null application/json; charset=utf-8 13.2736ms
2026-04-14 14:49:05.475 +07:00 [INF] Request starting HTTP/1.1 OPTIONS http://localhost:5283/api/v1/mau-bao-cao?includeInactive=true - null null
2026-04-14 14:49:05.476 +07:00 [INF] Request starting HTTP/1.1 OPTIONS http://localhost:5283/api/v1/mau-bao-cao/module-catalog - null null
2026-04-14 14:49:05.478 +07:00 [INF] CORS policy execution successful.
2026-04-14 14:49:05.480 +07:00 [INF] CORS policy execution successful.
2026-04-14 14:49:05.481 +07:00 [INF] HTTP OPTIONS /api/v1/mau-bao-cao => 204 in 3.4754 ms CorrelationId=f2865499389248a49822c10f8d281ff9 UserId=anonymous
2026-04-14 14:49:05.483 +07:00 [INF] HTTP OPTIONS /api/v1/mau-bao-cao/module-catalog => 204 in 2.6549 ms CorrelationId=20d61bbce7de4ed1823fbf2c882fec6d UserId=anonymous
2026-04-14 14:49:05.486 +07:00 [INF] HTTP OPTIONS /api/v1/mau-bao-cao responded 204 in 7.9771 ms
2026-04-14 14:49:05.487 +07:00 [INF] HTTP OPTIONS /api/v1/mau-bao-cao/module-catalog responded 204 in 7.3292 ms
2026-04-14 14:49:05.488 +07:00 [INF] Request finished HTTP/1.1 OPTIONS http://localhost:5283/api/v1/mau-bao-cao?includeInactive=true - 204 null null 13.1148ms
2026-04-14 14:49:05.490 +07:00 [INF] Request finished HTTP/1.1 OPTIONS http://localhost:5283/api/v1/mau-bao-cao/module-catalog - 204 null null 14.2069ms
2026-04-14 14:49:05.494 +07:00 [INF] Request starting HTTP/1.1 GET http://localhost:5283/api/v1/mau-bao-cao?includeInactive=true - null null
2026-04-14 14:49:05.498 +07:00 [INF] Request starting HTTP/1.1 GET http://localhost:5283/api/v1/mau-bao-cao/module-catalog - null null
2026-04-14 14:49:05.499 +07:00 [INF] CORS policy execution successful.
2026-04-14 14:49:05.500 +07:00 [INF] CORS policy execution successful.
2026-04-14 14:49:05.502 +07:00 [INF] Executing endpoint 'ThucLuc.Api.Controllers.V1.MauBaoCaoController.GetAll (ThucLuc.Api)'
2026-04-14 14:49:05.503 +07:00 [INF] Executing endpoint 'ThucLuc.Api.Controllers.V1.MauBaoCaoController.GetModuleCatalog (ThucLuc.Api)'
2026-04-14 14:49:05.507 +07:00 [INF] Route matched with {action = "GetAll", controller = "MauBaoCao"}. Executing controller action with signature System.Threading.Tasks.Task`1[Microsoft.AspNetCore.Mvc.ActionResult`1[ThucLuc.Api.Common.Models.ApiResponse`1[System.Collections.Generic.IReadOnlyCollection`1[ThucLuc.Application.Features.MauBaoCao.MauBaoCaoDto]]]] GetAll(Boolean, System.Threading.CancellationToken) on controller ThucLuc.Api.Controllers.V1.MauBaoCaoController (ThucLuc.Api).
2026-04-14 14:49:05.509 +07:00 [INF] Route matched with {action = "GetModuleCatalog", controller = "MauBaoCao"}. Executing controller action with signature System.Threading.Tasks.Task`1[Microsoft.AspNetCore.Mvc.ActionResult`1[ThucLuc.Api.Common.Models.ApiResponse`1[System.Collections.Generic.IReadOnlyCollection`1[ThucLuc.Application.Features.MauBaoCao.MauBaoCaoModuleCatalogGroupDto]]]] GetModuleCatalog(System.Threading.CancellationToken) on controller ThucLuc.Api.Controllers.V1.MauBaoCaoController (ThucLuc.Api).
2026-04-14 14:49:05.518 +07:00 [INF] Executing OkObjectResult, writing value of type 'ThucLuc.Api.Common.Models.ApiResponse`1[[System.Collections.Generic.IReadOnlyCollection`1[[ThucLuc.Application.Features.MauBaoCao.MauBaoCaoModuleCatalogGroupDto, ThucLuc.Application, Version=1.0.0.0, Culture=neutral, PublicKeyToken=null]], System.Private.CoreLib, Version=8.0.0.0, Culture=neutral, PublicKeyToken=7cec85d7bea7798e]]'.
2026-04-14 14:49:05.521 +07:00 [INF] Executed action ThucLuc.Api.Controllers.V1.MauBaoCaoController.GetModuleCatalog (ThucLuc.Api) in 9.899ms
2026-04-14 14:49:05.523 +07:00 [INF] Executed endpoint 'ThucLuc.Api.Controllers.V1.MauBaoCaoController.GetModuleCatalog (ThucLuc.Api)'
2026-04-14 14:49:05.524 +07:00 [INF] HTTP GET /api/v1/mau-bao-cao/module-catalog => 200 in 23.2773 ms CorrelationId=dfa54af38c4940a8a9570a5490dde13f UserId=5001
2026-04-14 14:49:05.525 +07:00 [INF] HTTP GET /api/v1/mau-bao-cao/module-catalog responded 200 in 24.9694 ms
2026-04-14 14:49:05.527 +07:00 [INF] Request finished HTTP/1.1 GET http://localhost:5283/api/v1/mau-bao-cao/module-catalog - 200 null application/json; charset=utf-8 28.7167ms
2026-04-14 14:49:05.575 +07:00 [INF] Executing OkObjectResult, writing value of type 'ThucLuc.Api.Common.Models.ApiResponse`1[[System.Collections.Generic.IReadOnlyCollection`1[[ThucLuc.Application.Features.MauBaoCao.MauBaoCaoDto, ThucLuc.Application, Version=1.0.0.0, Culture=neutral, PublicKeyToken=null]], System.Private.CoreLib, Version=8.0.0.0, Culture=neutral, PublicKeyToken=7cec85d7bea7798e]]'.
2026-04-14 14:49:05.585 +07:00 [INF] Executed action ThucLuc.Api.Controllers.V1.MauBaoCaoController.GetAll (ThucLuc.Api) in 74.9803ms
2026-04-14 14:49:05.586 +07:00 [INF] Executed endpoint 'ThucLuc.Api.Controllers.V1.MauBaoCaoController.GetAll (ThucLuc.Api)'
2026-04-14 14:49:05.587 +07:00 [INF] HTTP GET /api/v1/mau-bao-cao => 200 in 87.6887 ms CorrelationId=e496af8963e34dfc84a93c57ce0fa364 UserId=5001
2026-04-14 14:49:05.588 +07:00 [INF] HTTP GET /api/v1/mau-bao-cao responded 200 in 89.1949 ms
2026-04-14 14:49:05.589 +07:00 [INF] Request finished HTTP/1.1 GET http://localhost:5283/api/v1/mau-bao-cao?includeInactive=true - 200 null application/json; charset=utf-8 95.3787ms
2026-04-14 14:52:46.186 +07:00 [INF] Request starting HTTP/1.1 OPTIONS http://localhost:5283/api/v1/dao-tao-boi-duong - null null
2026-04-14 14:52:46.189 +07:00 [INF] CORS policy execution successful.
2026-04-14 14:52:46.189 +07:00 [INF] HTTP OPTIONS /api/v1/dao-tao-boi-duong => 204 in 0.5133 ms CorrelationId=5365eb44b4ca46d99ceeb7343381401d UserId=anonymous
2026-04-14 14:52:46.191 +07:00 [INF] HTTP OPTIONS /api/v1/dao-tao-boi-duong responded 204 in 1.9815 ms
2026-04-14 14:52:46.192 +07:00 [INF] Request finished HTTP/1.1 OPTIONS http://localhost:5283/api/v1/dao-tao-boi-duong - 204 null null 5.8882ms
2026-04-14 14:52:46.194 +07:00 [INF] Request starting HTTP/1.1 GET http://localhost:5283/api/v1/dao-tao-boi-duong - null null
2026-04-14 14:52:46.196 +07:00 [INF] CORS policy execution successful.
2026-04-14 14:52:46.197 +07:00 [INF] Executing endpoint 'ThucLuc.Api.Controllers.V1.DaoTaoBoiDuongController.GetAll (ThucLuc.Api)'
2026-04-14 14:52:46.198 +07:00 [INF] Route matched with {action = "GetAll", controller = "DaoTaoBoiDuong"}. Executing controller action with signature System.Threading.Tasks.Task`1[Microsoft.AspNetCore.Mvc.ActionResult`1[ThucLuc.Api.Common.Models.ApiResponse`1[System.Collections.Generic.IReadOnlyCollection`1[ThucLuc.Application.Features.DaoTaoBoiDuong.DaoTaoBoiDuongDto]]]] GetAll(System.Threading.CancellationToken) on controller ThucLuc.Api.Controllers.V1.DaoTaoBoiDuongController (ThucLuc.Api).
2026-04-14 14:52:46.248 +07:00 [INF] Executing OkObjectResult, writing value of type 'ThucLuc.Api.Common.Models.ApiResponse`1[[System.Collections.Generic.IReadOnlyCollection`1[[ThucLuc.Application.Features.DaoTaoBoiDuong.DaoTaoBoiDuongDto, ThucLuc.Application, Version=1.0.0.0, Culture=neutral, PublicKeyToken=null]], System.Private.CoreLib, Version=8.0.0.0, Culture=neutral, PublicKeyToken=7cec85d7bea7798e]]'.
2026-04-14 14:52:46.249 +07:00 [INF] Executed action ThucLuc.Api.Controllers.V1.DaoTaoBoiDuongController.GetAll (ThucLuc.Api) in 49.1561ms
2026-04-14 14:52:46.250 +07:00 [INF] Executed endpoint 'ThucLuc.Api.Controllers.V1.DaoTaoBoiDuongController.GetAll (ThucLuc.Api)'
2026-04-14 14:52:46.251 +07:00 [INF] HTTP GET /api/v1/dao-tao-boi-duong => 200 in 54.8025 ms CorrelationId=6a1f69275ee1438db2fff3128d8b3048 UserId=5001
2026-04-14 14:52:46.252 +07:00 [INF] HTTP GET /api/v1/dao-tao-boi-duong responded 200 in 55.7772 ms
2026-04-14 14:52:46.252 +07:00 [INF] Request finished HTTP/1.1 GET http://localhost:5283/api/v1/dao-tao-boi-duong - 200 null application/json; charset=utf-8 57.9079ms
2026-04-14 15:01:24.196 +07:00 [INF] Request starting HTTP/1.1 OPTIONS http://localhost:5283/api/v1/don-vi/2001 - null null
2026-04-14 15:01:24.198 +07:00 [INF] CORS policy execution successful.
2026-04-14 15:01:24.198 +07:00 [INF] HTTP OPTIONS /api/v1/don-vi/2001 => 204 in 0.4554 ms CorrelationId=fe6866571c9d49ca875376d5abf936b5 UserId=anonymous
2026-04-14 15:01:24.200 +07:00 [INF] HTTP OPTIONS /api/v1/don-vi/2001 responded 204 in 1.6779 ms
2026-04-14 15:01:24.200 +07:00 [INF] Request finished HTTP/1.1 OPTIONS http://localhost:5283/api/v1/don-vi/2001 - 204 null null 3.9283ms
2026-04-14 15:01:24.202 +07:00 [INF] Request starting HTTP/1.1 GET http://localhost:5283/api/v1/don-vi/2001 - null null
2026-04-14 15:01:24.204 +07:00 [INF] CORS policy execution successful.
2026-04-14 15:01:24.205 +07:00 [INF] Executing endpoint 'ThucLuc.Api.Controllers.V1.DonViController.GetById (ThucLuc.Api)'
2026-04-14 15:01:24.206 +07:00 [INF] Route matched with {action = "GetById", controller = "DonVi"}. Executing controller action with signature System.Threading.Tasks.Task`1[Microsoft.AspNetCore.Mvc.ActionResult`1[ThucLuc.Api.Common.Models.ApiResponse`1[ThucLuc.Application.Features.DonVi.DonViDto]]] GetById(Int64, System.Threading.CancellationToken) on controller ThucLuc.Api.Controllers.V1.DonViController (ThucLuc.Api).
2026-04-14 15:01:24.224 +07:00 [INF] Request starting HTTP/1.1 OPTIONS http://localhost:5283/api/v1/dao-tao-boi-duong - null null
2026-04-14 15:01:24.229 +07:00 [INF] CORS policy execution successful.
2026-04-14 15:01:24.230 +07:00 [INF] HTTP OPTIONS /api/v1/dao-tao-boi-duong => 204 in 0.9489 ms CorrelationId=565f6c3c3a19443898fe2e33a0bce40d UserId=anonymous
2026-04-14 15:01:24.231 +07:00 [INF] HTTP OPTIONS /api/v1/dao-tao-boi-duong responded 204 in 2.4361 ms
2026-04-14 15:01:24.233 +07:00 [INF] Request finished HTTP/1.1 OPTIONS http://localhost:5283/api/v1/dao-tao-boi-duong - 204 null null 8.4542ms
2026-04-14 15:01:24.236 +07:00 [INF] Request starting HTTP/1.1 GET http://localhost:5283/api/v1/dao-tao-boi-duong - null null
2026-04-14 15:01:24.239 +07:00 [INF] CORS policy execution successful.
2026-04-14 15:01:24.241 +07:00 [INF] Executing endpoint 'ThucLuc.Api.Controllers.V1.DaoTaoBoiDuongController.GetAll (ThucLuc.Api)'
2026-04-14 15:01:24.243 +07:00 [INF] Route matched with {action = "GetAll", controller = "DaoTaoBoiDuong"}. Executing controller action with signature System.Threading.Tasks.Task`1[Microsoft.AspNetCore.Mvc.ActionResult`1[ThucLuc.Api.Common.Models.ApiResponse`1[System.Collections.Generic.IReadOnlyCollection`1[ThucLuc.Application.Features.DaoTaoBoiDuong.DaoTaoBoiDuongDto]]]] GetAll(System.Threading.CancellationToken) on controller ThucLuc.Api.Controllers.V1.DaoTaoBoiDuongController (ThucLuc.Api).
2026-04-14 15:01:24.260 +07:00 [INF] Executing OkObjectResult, writing value of type 'ThucLuc.Api.Common.Models.ApiResponse`1[[ThucLuc.Application.Features.DonVi.DonViDto, ThucLuc.Application, Version=1.0.0.0, Culture=neutral, PublicKeyToken=null]]'.
2026-04-14 15:01:24.263 +07:00 [INF] Executed action ThucLuc.Api.Controllers.V1.DonViController.GetById (ThucLuc.Api) in 53.4864ms
2026-04-14 15:01:24.264 +07:00 [INF] Executed endpoint 'ThucLuc.Api.Controllers.V1.DonViController.GetById (ThucLuc.Api)'
2026-04-14 15:01:24.264 +07:00 [INF] HTTP GET /api/v1/don-vi/2001 => 200 in 60.6545 ms CorrelationId=155eed2291fe4c8db28a4dfe21d362ff UserId=5001
2026-04-14 15:01:24.268 +07:00 [INF] HTTP GET /api/v1/don-vi/2001 responded 200 in 63.7664 ms
2026-04-14 15:01:24.270 +07:00 [INF] Request finished HTTP/1.1 GET http://localhost:5283/api/v1/don-vi/2001 - 200 null application/json; charset=utf-8 67.8303ms
2026-04-14 15:01:24.294 +07:00 [INF] Executing OkObjectResult, writing value of type 'ThucLuc.Api.Common.Models.ApiResponse`1[[System.Collections.Generic.IReadOnlyCollection`1[[ThucLuc.Application.Features.DaoTaoBoiDuong.DaoTaoBoiDuongDto, ThucLuc.Application, Version=1.0.0.0, Culture=neutral, PublicKeyToken=null]], System.Private.CoreLib, Version=8.0.0.0, Culture=neutral, PublicKeyToken=7cec85d7bea7798e]]'.
2026-04-14 15:01:24.295 +07:00 [INF] Executed action ThucLuc.Api.Controllers.V1.DaoTaoBoiDuongController.GetAll (ThucLuc.Api) in 48.4058ms
2026-04-14 15:01:24.296 +07:00 [INF] Executed endpoint 'ThucLuc.Api.Controllers.V1.DaoTaoBoiDuongController.GetAll (ThucLuc.Api)'
2026-04-14 15:01:24.297 +07:00 [INF] HTTP GET /api/v1/dao-tao-boi-duong => 200 in 57.5072 ms CorrelationId=13d4f5c7f5884f5393ac4d72cbaa8d16 UserId=5001
2026-04-14 15:01:24.298 +07:00 [INF] HTTP GET /api/v1/dao-tao-boi-duong responded 200 in 58.6161 ms
2026-04-14 15:01:24.299 +07:00 [INF] Request finished HTTP/1.1 GET http://localhost:5283/api/v1/dao-tao-boi-duong - 200 null application/json; charset=utf-8 62.7257ms
2026-04-14 15:01:25.347 +07:00 [INF] Request starting HTTP/1.1 OPTIONS http://localhost:5283/api/v1/codes/by-code/GIOI_TINH - null null
2026-04-14 15:01:25.347 +07:00 [INF] Request starting HTTP/1.1 OPTIONS http://localhost:5283/api/v1/codes/by-code/LOAI_NHAN_LUC - null null
2026-04-14 15:01:25.347 +07:00 [INF] Request starting HTTP/1.1 OPTIONS http://localhost:5283/api/v1/codes/by-code/CAP_BAC_CONG_AN - null null
2026-04-14 15:01:25.348 +07:00 [INF] Request starting HTTP/1.1 OPTIONS http://localhost:5283/api/v1/codes/by-code/TRINH_DO_CNTT - null null
2026-04-14 15:01:25.348 +07:00 [INF] Request starting HTTP/1.1 OPTIONS http://localhost:5283/api/v1/codes/by-code/TRINH_DO_LLCT - null null
2026-04-14 15:01:25.348 +07:00 [INF] Request starting HTTP/1.1 OPTIONS http://localhost:5283/api/v1/don-vi/tree - null null
2026-04-14 15:01:25.350 +07:00 [INF] CORS policy execution successful.
2026-04-14 15:01:25.352 +07:00 [INF] CORS policy execution successful.
2026-04-14 15:01:25.353 +07:00 [INF] CORS policy execution successful.
2026-04-14 15:01:25.359 +07:00 [INF] CORS policy execution successful.
2026-04-14 15:01:25.362 +07:00 [INF] CORS policy execution successful.
2026-04-14 15:01:25.364 +07:00 [INF] CORS policy execution successful.
2026-04-14 15:01:25.365 +07:00 [INF] HTTP OPTIONS /api/v1/codes/by-code/GIOI_TINH => 204 in 14.6142 ms CorrelationId=f1815e4702794bd0b72137a1a7c70c60 UserId=anonymous
2026-04-14 15:01:25.365 +07:00 [INF] HTTP OPTIONS /api/v1/codes/by-code/LOAI_NHAN_LUC => 204 in 13.2816 ms CorrelationId=6e4a95d3a19049ccb82ac98bfe7a1cda UserId=anonymous
2026-04-14 15:01:25.366 +07:00 [INF] HTTP OPTIONS /api/v1/codes/by-code/CAP_BAC_CONG_AN => 204 in 13.038 ms CorrelationId=c90f2569b2534e7ba80abe2b1de0e5ae UserId=anonymous
2026-04-14 15:01:25.367 +07:00 [INF] HTTP OPTIONS /api/v1/codes/by-code/TRINH_DO_CNTT => 204 in 7.8078 ms CorrelationId=aa7ea33a36884eb5a8c38ab3bffce1e9 UserId=anonymous
2026-04-14 15:01:25.367 +07:00 [INF] HTTP OPTIONS /api/v1/codes/by-code/TRINH_DO_LLCT => 204 in 5.6292 ms CorrelationId=ad28e4539fad4897a094745183d61c93 UserId=anonymous
2026-04-14 15:01:25.368 +07:00 [INF] HTTP OPTIONS /api/v1/don-vi/tree => 204 in 3.8872 ms CorrelationId=0880d4ac0ead4dc19d5cb3d8732ac73a UserId=anonymous
2026-04-14 15:01:25.370 +07:00 [INF] HTTP OPTIONS /api/v1/codes/by-code/GIOI_TINH responded 204 in 19.6598 ms
2026-04-14 15:01:25.372 +07:00 [INF] HTTP OPTIONS /api/v1/codes/by-code/LOAI_NHAN_LUC responded 204 in 19.5992 ms
2026-04-14 15:01:25.374 +07:00 [INF] HTTP OPTIONS /api/v1/codes/by-code/CAP_BAC_CONG_AN responded 204 in 20.5674 ms
2026-04-14 15:01:25.376 +07:00 [INF] HTTP OPTIONS /api/v1/codes/by-code/TRINH_DO_CNTT responded 204 in 16.3714 ms
2026-04-14 15:01:25.377 +07:00 [INF] HTTP OPTIONS /api/v1/codes/by-code/TRINH_DO_LLCT responded 204 in 15.1144 ms
2026-04-14 15:01:25.378 +07:00 [INF] HTTP OPTIONS /api/v1/don-vi/tree responded 204 in 13.8771 ms
2026-04-14 15:01:25.379 +07:00 [INF] Request finished HTTP/1.1 OPTIONS http://localhost:5283/api/v1/codes/by-code/GIOI_TINH - 204 null null 32.1059ms
2026-04-14 15:01:25.380 +07:00 [INF] Request finished HTTP/1.1 OPTIONS http://localhost:5283/api/v1/codes/by-code/LOAI_NHAN_LUC - 204 null null 32.1589ms
2026-04-14 15:01:25.381 +07:00 [INF] Request finished HTTP/1.1 OPTIONS http://localhost:5283/api/v1/codes/by-code/CAP_BAC_CONG_AN - 204 null null 33.8443ms
2026-04-14 15:01:25.382 +07:00 [INF] Request finished HTTP/1.1 OPTIONS http://localhost:5283/api/v1/codes/by-code/TRINH_DO_CNTT - 204 null null 34.4006ms
2026-04-14 15:01:25.384 +07:00 [INF] Request finished HTTP/1.1 OPTIONS http://localhost:5283/api/v1/codes/by-code/TRINH_DO_LLCT - 204 null null 35.9429ms
2026-04-14 15:01:25.385 +07:00 [INF] Request finished HTTP/1.1 OPTIONS http://localhost:5283/api/v1/don-vi/tree - 204 null null 37.0738ms
2026-04-14 15:01:25.387 +07:00 [INF] Request starting HTTP/1.1 GET http://localhost:5283/api/v1/codes/by-code/LOAI_NHAN_LUC - null null
2026-04-14 15:01:25.390 +07:00 [INF] Request starting HTTP/1.1 GET http://localhost:5283/api/v1/codes/by-code/GIOI_TINH - null null
2026-04-14 15:01:25.392 +07:00 [INF] Request starting HTTP/1.1 GET http://localhost:5283/api/v1/codes/by-code/CAP_BAC_CONG_AN - null null
2026-04-14 15:01:25.393 +07:00 [INF] Request starting HTTP/1.1 GET http://localhost:5283/api/v1/codes/by-code/TRINH_DO_CNTT - null null
2026-04-14 15:01:25.395 +07:00 [INF] Request starting HTTP/1.1 GET http://localhost:5283/api/v1/codes/by-code/TRINH_DO_LLCT - null null
2026-04-14 15:01:25.397 +07:00 [INF] Request starting HTTP/1.1 GET http://localhost:5283/api/v1/don-vi/tree - null null
2026-04-14 15:01:25.398 +07:00 [INF] CORS policy execution successful.
2026-04-14 15:01:25.399 +07:00 [INF] CORS policy execution successful.
2026-04-14 15:01:25.400 +07:00 [INF] CORS policy execution successful.
2026-04-14 15:01:25.401 +07:00 [INF] CORS policy execution successful.
2026-04-14 15:01:25.403 +07:00 [INF] CORS policy execution successful.
2026-04-14 15:01:25.404 +07:00 [INF] CORS policy execution successful.
2026-04-14 15:01:25.405 +07:00 [INF] Executing endpoint 'ThucLuc.Api.Controllers.V1.CodesController.GetByCode (ThucLuc.Api)'
2026-04-14 15:01:25.406 +07:00 [INF] Executing endpoint 'ThucLuc.Api.Controllers.V1.CodesController.GetByCode (ThucLuc.Api)'
2026-04-14 15:01:25.406 +07:00 [INF] Executing endpoint 'ThucLuc.Api.Controllers.V1.CodesController.GetByCode (ThucLuc.Api)'
2026-04-14 15:01:25.407 +07:00 [INF] Executing endpoint 'ThucLuc.Api.Controllers.V1.CodesController.GetByCode (ThucLuc.Api)'
2026-04-14 15:01:25.408 +07:00 [INF] Executing endpoint 'ThucLuc.Api.Controllers.V1.CodesController.GetByCode (ThucLuc.Api)'
2026-04-14 15:01:25.408 +07:00 [INF] Executing endpoint 'ThucLuc.Api.Controllers.V1.DonViController.GetTree (ThucLuc.Api)'
2026-04-14 15:01:25.409 +07:00 [INF] Route matched with {action = "GetByCode", controller = "Codes"}. Executing controller action with signature System.Threading.Tasks.Task`1[Microsoft.AspNetCore.Mvc.ActionResult`1[ThucLuc.Api.Common.Models.ApiResponse`1[ThucLuc.Application.Features.Codes.CodeDto]]] GetByCode(System.String, System.Threading.CancellationToken) on controller ThucLuc.Api.Controllers.V1.CodesController (ThucLuc.Api).
2026-04-14 15:01:25.410 +07:00 [INF] Route matched with {action = "GetByCode", controller = "Codes"}. Executing controller action with signature System.Threading.Tasks.Task`1[Microsoft.AspNetCore.Mvc.ActionResult`1[ThucLuc.Api.Common.Models.ApiResponse`1[ThucLuc.Application.Features.Codes.CodeDto]]] GetByCode(System.String, System.Threading.CancellationToken) on controller ThucLuc.Api.Controllers.V1.CodesController (ThucLuc.Api).
2026-04-14 15:01:25.410 +07:00 [INF] Route matched with {action = "GetByCode", controller = "Codes"}. Executing controller action with signature System.Threading.Tasks.Task`1[Microsoft.AspNetCore.Mvc.ActionResult`1[ThucLuc.Api.Common.Models.ApiResponse`1[ThucLuc.Application.Features.Codes.CodeDto]]] GetByCode(System.String, System.Threading.CancellationToken) on controller ThucLuc.Api.Controllers.V1.CodesController (ThucLuc.Api).
2026-04-14 15:01:25.411 +07:00 [INF] Route matched with {action = "GetByCode", controller = "Codes"}. Executing controller action with signature System.Threading.Tasks.Task`1[Microsoft.AspNetCore.Mvc.ActionResult`1[ThucLuc.Api.Common.Models.ApiResponse`1[ThucLuc.Application.Features.Codes.CodeDto]]] GetByCode(System.String, System.Threading.CancellationToken) on controller ThucLuc.Api.Controllers.V1.CodesController (ThucLuc.Api).
2026-04-14 15:01:25.412 +07:00 [INF] Route matched with {action = "GetByCode", controller = "Codes"}. Executing controller action with signature System.Threading.Tasks.Task`1[Microsoft.AspNetCore.Mvc.ActionResult`1[ThucLuc.Api.Common.Models.ApiResponse`1[ThucLuc.Application.Features.Codes.CodeDto]]] GetByCode(System.String, System.Threading.CancellationToken) on controller ThucLuc.Api.Controllers.V1.CodesController (ThucLuc.Api).
2026-04-14 15:01:25.413 +07:00 [INF] Route matched with {action = "GetTree", controller = "DonVi"}. Executing controller action with signature System.Threading.Tasks.Task`1[Microsoft.AspNetCore.Mvc.ActionResult`1[ThucLuc.Api.Common.Models.ApiResponse`1[System.Collections.Generic.IReadOnlyCollection`1[ThucLuc.Application.Features.DonVi.DonViDto]]]] GetTree(System.Threading.CancellationToken) on controller ThucLuc.Api.Controllers.V1.DonViController (ThucLuc.Api).
2026-04-14 15:01:25.417 +07:00 [INF] Executing OkObjectResult, writing value of type 'ThucLuc.Api.Common.Models.ApiResponse`1[[ThucLuc.Application.Features.Codes.CodeDto, ThucLuc.Application, Version=1.0.0.0, Culture=neutral, PublicKeyToken=null]]'.
2026-04-14 15:01:25.417 +07:00 [INF] Executing OkObjectResult, writing value of type 'ThucLuc.Api.Common.Models.ApiResponse`1[[ThucLuc.Application.Features.Codes.CodeDto, ThucLuc.Application, Version=1.0.0.0, Culture=neutral, PublicKeyToken=null]]'.
2026-04-14 15:01:25.421 +07:00 [INF] Executed action ThucLuc.Api.Controllers.V1.CodesController.GetByCode (ThucLuc.Api) in 7.3811ms
2026-04-14 15:01:25.421 +07:00 [INF] Executing OkObjectResult, writing value of type 'ThucLuc.Api.Common.Models.ApiResponse`1[[ThucLuc.Application.Features.Codes.CodeDto, ThucLuc.Application, Version=1.0.0.0, Culture=neutral, PublicKeyToken=null]]'.
2026-04-14 15:01:25.421 +07:00 [INF] Executing OkObjectResult, writing value of type 'ThucLuc.Api.Common.Models.ApiResponse`1[[ThucLuc.Application.Features.Codes.CodeDto, ThucLuc.Application, Version=1.0.0.0, Culture=neutral, PublicKeyToken=null]]'.
2026-04-14 15:01:25.422 +07:00 [INF] Executed action ThucLuc.Api.Controllers.V1.CodesController.GetByCode (ThucLuc.Api) in 7.218ms
2026-04-14 15:01:25.423 +07:00 [INF] Executed endpoint 'ThucLuc.Api.Controllers.V1.CodesController.GetByCode (ThucLuc.Api)'
2026-04-14 15:01:25.424 +07:00 [INF] Executed action ThucLuc.Api.Controllers.V1.CodesController.GetByCode (ThucLuc.Api) in 5.9327ms
2026-04-14 15:01:25.425 +07:00 [INF] Executed action ThucLuc.Api.Controllers.V1.CodesController.GetByCode (ThucLuc.Api) in 7.9721ms
2026-04-14 15:01:25.427 +07:00 [INF] Executed endpoint 'ThucLuc.Api.Controllers.V1.CodesController.GetByCode (ThucLuc.Api)'
2026-04-14 15:01:25.428 +07:00 [INF] HTTP GET /api/v1/codes/by-code/LOAI_NHAN_LUC => 200 in 29.8378 ms CorrelationId=14ea12323dca4f28aeb62896d94161a4 UserId=5001
2026-04-14 15:01:25.429 +07:00 [INF] Executed endpoint 'ThucLuc.Api.Controllers.V1.CodesController.GetByCode (ThucLuc.Api)'
2026-04-14 15:01:25.429 +07:00 [INF] Executed endpoint 'ThucLuc.Api.Controllers.V1.CodesController.GetByCode (ThucLuc.Api)'
2026-04-14 15:01:25.430 +07:00 [INF] HTTP GET /api/v1/codes/by-code/GIOI_TINH => 200 in 31.2318 ms CorrelationId=ade9bf1ae4324ebaa389975f74ea3bd2 UserId=5001
2026-04-14 15:01:25.431 +07:00 [INF] HTTP GET /api/v1/codes/by-code/LOAI_NHAN_LUC responded 200 in 33.4038 ms
2026-04-14 15:01:25.432 +07:00 [INF] HTTP GET /api/v1/codes/by-code/TRINH_DO_LLCT => 200 in 29.2853 ms CorrelationId=4442b8f71c474c7eae6417604fd5cf9c UserId=5001
2026-04-14 15:01:25.432 +07:00 [INF] HTTP GET /api/v1/codes/by-code/TRINH_DO_CNTT => 200 in 31.0014 ms CorrelationId=b22cf638003a428996716c74f145d4db UserId=5001
2026-04-14 15:01:25.434 +07:00 [INF] HTTP GET /api/v1/codes/by-code/GIOI_TINH responded 200 in 34.8430 ms
2026-04-14 15:01:25.435 +07:00 [INF] Request finished HTTP/1.1 GET http://localhost:5283/api/v1/codes/by-code/LOAI_NHAN_LUC - 200 null application/json; charset=utf-8 47.3636ms
2026-04-14 15:01:25.437 +07:00 [INF] HTTP GET /api/v1/codes/by-code/TRINH_DO_LLCT responded 200 in 34.2147 ms
2026-04-14 15:01:25.438 +07:00 [INF] HTTP GET /api/v1/codes/by-code/TRINH_DO_CNTT responded 200 in 36.4123 ms
2026-04-14 15:01:25.440 +07:00 [INF] Request finished HTTP/1.1 GET http://localhost:5283/api/v1/codes/by-code/GIOI_TINH - 200 null application/json; charset=utf-8 50.5064ms
2026-04-14 15:01:25.446 +07:00 [INF] Request finished HTTP/1.1 GET http://localhost:5283/api/v1/codes/by-code/TRINH_DO_LLCT - 200 null application/json; charset=utf-8 50.5851ms
2026-04-14 15:01:25.447 +07:00 [INF] Request finished HTTP/1.1 GET http://localhost:5283/api/v1/codes/by-code/TRINH_DO_CNTT - 200 null application/json; charset=utf-8 54.049ms
2026-04-14 15:01:25.494 +07:00 [INF] Executing OkObjectResult, writing value of type 'ThucLuc.Api.Common.Models.ApiResponse`1[[ThucLuc.Application.Features.Codes.CodeDto, ThucLuc.Application, Version=1.0.0.0, Culture=neutral, PublicKeyToken=null]]'.
2026-04-14 15:01:25.495 +07:00 [INF] Executed action ThucLuc.Api.Controllers.V1.CodesController.GetByCode (ThucLuc.Api) in 79.6136ms
2026-04-14 15:01:25.497 +07:00 [INF] Executed endpoint 'ThucLuc.Api.Controllers.V1.CodesController.GetByCode (ThucLuc.Api)'
2026-04-14 15:01:25.497 +07:00 [INF] HTTP GET /api/v1/codes/by-code/CAP_BAC_CONG_AN => 200 in 96.8829 ms CorrelationId=083d16984aa04a33bb9c9101e9d1c01c UserId=5001
2026-04-14 15:01:25.499 +07:00 [INF] HTTP GET /api/v1/codes/by-code/CAP_BAC_CONG_AN responded 200 in 98.2090 ms
2026-04-14 15:01:25.500 +07:00 [INF] Request finished HTTP/1.1 GET http://localhost:5283/api/v1/codes/by-code/CAP_BAC_CONG_AN - 200 null application/json; charset=utf-8 107.9157ms
2026-04-14 15:01:25.515 +07:00 [INF] Executing OkObjectResult, writing value of type 'ThucLuc.Api.Common.Models.ApiResponse`1[[System.Collections.Generic.IReadOnlyCollection`1[[ThucLuc.Application.Features.DonVi.DonViDto, ThucLuc.Application, Version=1.0.0.0, Culture=neutral, PublicKeyToken=null]], System.Private.CoreLib, Version=8.0.0.0, Culture=neutral, PublicKeyToken=7cec85d7bea7798e]]'.
2026-04-14 15:01:25.516 +07:00 [INF] Executed action ThucLuc.Api.Controllers.V1.DonViController.GetTree (ThucLuc.Api) in 96.9928ms
2026-04-14 15:01:25.517 +07:00 [INF] Executed endpoint 'ThucLuc.Api.Controllers.V1.DonViController.GetTree (ThucLuc.Api)'
2026-04-14 15:01:25.518 +07:00 [INF] HTTP GET /api/v1/don-vi/tree => 200 in 113.6023 ms CorrelationId=a16f6a2073104643bcfd7901f4801990 UserId=5001
2026-04-14 15:01:25.519 +07:00 [INF] HTTP GET /api/v1/don-vi/tree responded 200 in 114.7411 ms
2026-04-14 15:01:25.520 +07:00 [INF] Request finished HTTP/1.1 GET http://localhost:5283/api/v1/don-vi/tree - 200 null application/json; charset=utf-8 123.4982ms
2026-04-14 15:01:25.522 +07:00 [INF] Request starting HTTP/1.1 OPTIONS http://localhost:5283/api/v1/nhan-luc-cntt?page=1&pageSize=10&namBaoCao=2026 - null null
2026-04-14 15:01:25.525 +07:00 [INF] CORS policy execution successful.
2026-04-14 15:01:25.525 +07:00 [INF] HTTP OPTIONS /api/v1/nhan-luc-cntt => 204 in 0.5158 ms CorrelationId=76648445d219469a8522962e89cb4401 UserId=anonymous
2026-04-14 15:01:25.527 +07:00 [INF] HTTP OPTIONS /api/v1/nhan-luc-cntt responded 204 in 1.9421 ms
2026-04-14 15:01:25.528 +07:00 [INF] Request finished HTTP/1.1 OPTIONS http://localhost:5283/api/v1/nhan-luc-cntt?page=1&pageSize=10&namBaoCao=2026 - 204 null null 5.9563ms
2026-04-14 15:01:25.531 +07:00 [INF] Request starting HTTP/1.1 GET http://localhost:5283/api/v1/nhan-luc-cntt?page=1&pageSize=10&namBaoCao=2026 - null null
2026-04-14 15:01:25.532 +07:00 [INF] CORS policy execution successful.
2026-04-14 15:01:25.533 +07:00 [INF] Executing endpoint 'ThucLuc.Api.Controllers.V1.NhanLucCnttController.GetAll (ThucLuc.Api)'
2026-04-14 15:01:25.534 +07:00 [INF] Route matched with {action = "GetAll", controller = "NhanLucCntt"}. Executing controller action with signature System.Threading.Tasks.Task`1[Microsoft.AspNetCore.Mvc.ActionResult`1[ThucLuc.Api.Common.Models.ApiResponse`1[ThucLuc.Application.Common.Models.PagedResult`1[ThucLuc.Application.Features.NhanLucCntt.NhanLucCnttDto]]]] GetAll(ThucLuc.Application.Features.NhanLucCntt.NhanLucCnttQuery, System.Threading.CancellationToken) on controller ThucLuc.Api.Controllers.V1.NhanLucCnttController (ThucLuc.Api).
2026-04-14 15:01:25.543 +07:00 [INF] Executing OkObjectResult, writing value of type 'ThucLuc.Api.Common.Models.ApiResponse`1[[ThucLuc.Application.Common.Models.PagedResult`1[[ThucLuc.Application.Features.NhanLucCntt.NhanLucCnttDto, ThucLuc.Application, Version=1.0.0.0, Culture=neutral, PublicKeyToken=null]], ThucLuc.Application, Version=1.0.0.0, Culture=neutral, PublicKeyToken=null]]'.
2026-04-14 15:01:25.545 +07:00 [INF] Executed action ThucLuc.Api.Controllers.V1.NhanLucCnttController.GetAll (ThucLuc.Api) in 8.2781ms
2026-04-14 15:01:25.546 +07:00 [INF] Executed endpoint 'ThucLuc.Api.Controllers.V1.NhanLucCnttController.GetAll (ThucLuc.Api)'
2026-04-14 15:01:25.547 +07:00 [INF] HTTP GET /api/v1/nhan-luc-cntt => 200 in 14.8119 ms CorrelationId=4837da01248a4c4aba19105038f80f89 UserId=5001
2026-04-14 15:01:25.549 +07:00 [INF] HTTP GET /api/v1/nhan-luc-cntt responded 200 in 16.8137 ms
2026-04-14 15:01:25.551 +07:00 [INF] Request finished HTTP/1.1 GET http://localhost:5283/api/v1/nhan-luc-cntt?page=1&pageSize=10&namBaoCao=2026 - 200 null application/json; charset=utf-8 19.7114ms
2026-04-14 15:01:31.342 +07:00 [INF] Request starting HTTP/1.1 OPTIONS http://localhost:5283/api/v1/mau-bao-cao?includeInactive=true - null null
2026-04-14 15:01:31.342 +07:00 [INF] Request starting HTTP/1.1 OPTIONS http://localhost:5283/api/v1/mau-bao-cao/module-catalog - null null
2026-04-14 15:01:31.344 +07:00 [INF] CORS policy execution successful.
2026-04-14 15:01:31.346 +07:00 [INF] CORS policy execution successful.
2026-04-14 15:01:31.346 +07:00 [INF] HTTP OPTIONS /api/v1/mau-bao-cao => 204 in 1.889 ms CorrelationId=a0ef778f21c94d46b0b2c0a9158150a1 UserId=anonymous
2026-04-14 15:01:31.346 +07:00 [INF] HTTP OPTIONS /api/v1/mau-bao-cao/module-catalog => 204 in 0.8133 ms CorrelationId=7f698ccdb19f4120bc70c017d866c876 UserId=anonymous
2026-04-14 15:01:31.348 +07:00 [INF] HTTP OPTIONS /api/v1/mau-bao-cao responded 204 in 3.6652 ms
2026-04-14 15:01:31.350 +07:00 [INF] HTTP OPTIONS /api/v1/mau-bao-cao/module-catalog responded 204 in 4.2099 ms
2026-04-14 15:01:31.351 +07:00 [INF] Request finished HTTP/1.1 OPTIONS http://localhost:5283/api/v1/mau-bao-cao?includeInactive=true - 204 null null 9.2749ms
2026-04-14 15:01:31.352 +07:00 [INF] Request finished HTTP/1.1 OPTIONS http://localhost:5283/api/v1/mau-bao-cao/module-catalog - 204 null null 10.253ms
2026-04-14 15:01:31.356 +07:00 [INF] Request starting HTTP/1.1 GET http://localhost:5283/api/v1/mau-bao-cao/module-catalog - null null
2026-04-14 15:01:31.358 +07:00 [INF] Request starting HTTP/1.1 GET http://localhost:5283/api/v1/mau-bao-cao?includeInactive=true - null null
2026-04-14 15:01:31.360 +07:00 [INF] CORS policy execution successful.
2026-04-14 15:01:31.361 +07:00 [INF] CORS policy execution successful.
2026-04-14 15:01:31.362 +07:00 [INF] Executing endpoint 'ThucLuc.Api.Controllers.V1.MauBaoCaoController.GetAll (ThucLuc.Api)'
2026-04-14 15:01:31.362 +07:00 [INF] Executing endpoint 'ThucLuc.Api.Controllers.V1.MauBaoCaoController.GetModuleCatalog (ThucLuc.Api)'
2026-04-14 15:01:31.363 +07:00 [INF] Route matched with {action = "GetAll", controller = "MauBaoCao"}. Executing controller action with signature System.Threading.Tasks.Task`1[Microsoft.AspNetCore.Mvc.ActionResult`1[ThucLuc.Api.Common.Models.ApiResponse`1[System.Collections.Generic.IReadOnlyCollection`1[ThucLuc.Application.Features.MauBaoCao.MauBaoCaoDto]]]] GetAll(Boolean, System.Threading.CancellationToken) on controller ThucLuc.Api.Controllers.V1.MauBaoCaoController (ThucLuc.Api).
2026-04-14 15:01:31.364 +07:00 [INF] Route matched with {action = "GetModuleCatalog", controller = "MauBaoCao"}. Executing controller action with signature System.Threading.Tasks.Task`1[Microsoft.AspNetCore.Mvc.ActionResult`1[ThucLuc.Api.Common.Models.ApiResponse`1[System.Collections.Generic.IReadOnlyCollection`1[ThucLuc.Application.Features.MauBaoCao.MauBaoCaoModuleCatalogGroupDto]]]] GetModuleCatalog(System.Threading.CancellationToken) on controller ThucLuc.Api.Controllers.V1.MauBaoCaoController (ThucLuc.Api).
2026-04-14 15:01:31.366 +07:00 [INF] Executing OkObjectResult, writing value of type 'ThucLuc.Api.Common.Models.ApiResponse`1[[System.Collections.Generic.IReadOnlyCollection`1[[ThucLuc.Application.Features.MauBaoCao.MauBaoCaoModuleCatalogGroupDto, ThucLuc.Application, Version=1.0.0.0, Culture=neutral, PublicKeyToken=null]], System.Private.CoreLib, Version=8.0.0.0, Culture=neutral, PublicKeyToken=7cec85d7bea7798e]]'.
2026-04-14 15:01:31.368 +07:00 [INF] Executed action ThucLuc.Api.Controllers.V1.MauBaoCaoController.GetModuleCatalog (ThucLuc.Api) in 1.6971ms
2026-04-14 15:01:31.369 +07:00 [INF] Executed endpoint 'ThucLuc.Api.Controllers.V1.MauBaoCaoController.GetModuleCatalog (ThucLuc.Api)'
2026-04-14 15:01:31.369 +07:00 [INF] HTTP GET /api/v1/mau-bao-cao/module-catalog => 200 in 9.7719 ms CorrelationId=00a63277e1a848a1a94fb692c7265386 UserId=5001
2026-04-14 15:01:31.371 +07:00 [INF] HTTP GET /api/v1/mau-bao-cao/module-catalog responded 200 in 11.4842 ms
2026-04-14 15:01:31.373 +07:00 [INF] Request finished HTTP/1.1 GET http://localhost:5283/api/v1/mau-bao-cao/module-catalog - 200 null application/json; charset=utf-8 16.6367ms
2026-04-14 15:01:31.373 +07:00 [INF] Executing OkObjectResult, writing value of type 'ThucLuc.Api.Common.Models.ApiResponse`1[[System.Collections.Generic.IReadOnlyCollection`1[[ThucLuc.Application.Features.MauBaoCao.MauBaoCaoDto, ThucLuc.Application, Version=1.0.0.0, Culture=neutral, PublicKeyToken=null]], System.Private.CoreLib, Version=8.0.0.0, Culture=neutral, PublicKeyToken=7cec85d7bea7798e]]'.
2026-04-14 15:01:31.376 +07:00 [INF] Executed action ThucLuc.Api.Controllers.V1.MauBaoCaoController.GetAll (ThucLuc.Api) in 11.5816ms
2026-04-14 15:01:31.378 +07:00 [INF] Executed endpoint 'ThucLuc.Api.Controllers.V1.MauBaoCaoController.GetAll (ThucLuc.Api)'
2026-04-14 15:01:31.379 +07:00 [INF] HTTP GET /api/v1/mau-bao-cao => 200 in 17.6153 ms CorrelationId=c53d2bcea9424eecac58362b228fbbc5 UserId=5001
2026-04-14 15:01:31.380 +07:00 [INF] HTTP GET /api/v1/mau-bao-cao responded 200 in 19.2688 ms
2026-04-14 15:01:31.382 +07:00 [INF] Request finished HTTP/1.1 GET http://localhost:5283/api/v1/mau-bao-cao?includeInactive=true - 200 null application/json; charset=utf-8 23.4843ms
2026-04-14 15:01:35.549 +07:00 [INF] Request starting HTTP/1.1 OPTIONS http://localhost:5283/api/v1/dao-tao-boi-duong - null null
2026-04-14 15:01:35.551 +07:00 [INF] CORS policy execution successful.
2026-04-14 15:01:35.552 +07:00 [INF] HTTP OPTIONS /api/v1/dao-tao-boi-duong => 204 in 0.7181 ms CorrelationId=623eec0507144cee9771113a9549f0d1 UserId=anonymous
2026-04-14 15:01:35.553 +07:00 [INF] HTTP OPTIONS /api/v1/dao-tao-boi-duong responded 204 in 2.0356 ms
2026-04-14 15:01:35.554 +07:00 [INF] Request finished HTTP/1.1 OPTIONS http://localhost:5283/api/v1/dao-tao-boi-duong - 204 null null 5.3849ms
2026-04-14 15:01:35.556 +07:00 [INF] Request starting HTTP/1.1 GET http://localhost:5283/api/v1/dao-tao-boi-duong - null null
2026-04-14 15:01:35.558 +07:00 [INF] CORS policy execution successful.
2026-04-14 15:01:35.559 +07:00 [INF] Executing endpoint 'ThucLuc.Api.Controllers.V1.DaoTaoBoiDuongController.GetAll (ThucLuc.Api)'
2026-04-14 15:01:35.560 +07:00 [INF] Route matched with {action = "GetAll", controller = "DaoTaoBoiDuong"}. Executing controller action with signature System.Threading.Tasks.Task`1[Microsoft.AspNetCore.Mvc.ActionResult`1[ThucLuc.Api.Common.Models.ApiResponse`1[System.Collections.Generic.IReadOnlyCollection`1[ThucLuc.Application.Features.DaoTaoBoiDuong.DaoTaoBoiDuongDto]]]] GetAll(System.Threading.CancellationToken) on controller ThucLuc.Api.Controllers.V1.DaoTaoBoiDuongController (ThucLuc.Api).
2026-04-14 15:01:35.563 +07:00 [INF] Executing OkObjectResult, writing value of type 'ThucLuc.Api.Common.Models.ApiResponse`1[[System.Collections.Generic.IReadOnlyCollection`1[[ThucLuc.Application.Features.DaoTaoBoiDuong.DaoTaoBoiDuongDto, ThucLuc.Application, Version=1.0.0.0, Culture=neutral, PublicKeyToken=null]], System.Private.CoreLib, Version=8.0.0.0, Culture=neutral, PublicKeyToken=7cec85d7bea7798e]]'.
2026-04-14 15:01:35.564 +07:00 [INF] Executed action ThucLuc.Api.Controllers.V1.DaoTaoBoiDuongController.GetAll (ThucLuc.Api) in 3.0782ms
2026-04-14 15:01:35.567 +07:00 [INF] Executed endpoint 'ThucLuc.Api.Controllers.V1.DaoTaoBoiDuongController.GetAll (ThucLuc.Api)'
2026-04-14 15:01:35.568 +07:00 [INF] HTTP GET /api/v1/dao-tao-boi-duong => 200 in 9.6759 ms CorrelationId=ab05c690a12f4b93bd1f1308f45ae679 UserId=5001
2026-04-14 15:01:35.570 +07:00 [INF] HTTP GET /api/v1/dao-tao-boi-duong responded 200 in 11.4533 ms
2026-04-14 15:01:35.573 +07:00 [INF] Request finished HTTP/1.1 GET http://localhost:5283/api/v1/dao-tao-boi-duong - 200 null application/json; charset=utf-8 16.593ms
2026-04-14 15:06:03.675 +07:00 [INF] Request starting HTTP/1.1 OPTIONS http://localhost:5283/api/v1/don-vi/2001 - null null
2026-04-14 15:06:03.677 +07:00 [INF] CORS policy execution successful.
2026-04-14 15:06:03.678 +07:00 [INF] HTTP OPTIONS /api/v1/don-vi/2001 => 204 in 1.0235 ms CorrelationId=08ea053cc53f4993a50c22ccdf10d887 UserId=anonymous
2026-04-14 15:06:03.680 +07:00 [INF] HTTP OPTIONS /api/v1/don-vi/2001 responded 204 in 2.5070 ms
2026-04-14 15:06:03.681 +07:00 [INF] Request finished HTTP/1.1 OPTIONS http://localhost:5283/api/v1/don-vi/2001 - 204 null null 5.6416ms
2026-04-14 15:06:03.684 +07:00 [INF] Request starting HTTP/1.1 GET http://localhost:5283/api/v1/don-vi/2001 - null null
2026-04-14 15:06:03.685 +07:00 [INF] CORS policy execution successful.
2026-04-14 15:06:03.686 +07:00 [INF] Executing endpoint 'ThucLuc.Api.Controllers.V1.DonViController.GetById (ThucLuc.Api)'
2026-04-14 15:06:03.688 +07:00 [INF] Route matched with {action = "GetById", controller = "DonVi"}. Executing controller action with signature System.Threading.Tasks.Task`1[Microsoft.AspNetCore.Mvc.ActionResult`1[ThucLuc.Api.Common.Models.ApiResponse`1[ThucLuc.Application.Features.DonVi.DonViDto]]] GetById(Int64, System.Threading.CancellationToken) on controller ThucLuc.Api.Controllers.V1.DonViController (ThucLuc.Api).
2026-04-14 15:06:03.705 +07:00 [INF] Request starting HTTP/1.1 OPTIONS http://localhost:5283/api/v1/dao-tao-boi-duong - null null
2026-04-14 15:06:03.708 +07:00 [INF] CORS policy execution successful.
2026-04-14 15:06:03.709 +07:00 [INF] HTTP OPTIONS /api/v1/dao-tao-boi-duong => 204 in 0.9463 ms CorrelationId=a85df572a1ee4d6093ba7c094aded5c4 UserId=anonymous
2026-04-14 15:06:03.712 +07:00 [INF] HTTP OPTIONS /api/v1/dao-tao-boi-duong responded 204 in 4.4229 ms
2026-04-14 15:06:03.713 +07:00 [INF] Request finished HTTP/1.1 OPTIONS http://localhost:5283/api/v1/dao-tao-boi-duong - 204 null null 8.5687ms
2026-04-14 15:06:03.717 +07:00 [INF] Request starting HTTP/1.1 GET http://localhost:5283/api/v1/dao-tao-boi-duong - null null
2026-04-14 15:06:03.719 +07:00 [INF] CORS policy execution successful.
2026-04-14 15:06:03.720 +07:00 [INF] Executing endpoint 'ThucLuc.Api.Controllers.V1.DaoTaoBoiDuongController.GetAll (ThucLuc.Api)'
2026-04-14 15:06:03.721 +07:00 [INF] Route matched with {action = "GetAll", controller = "DaoTaoBoiDuong"}. Executing controller action with signature System.Threading.Tasks.Task`1[Microsoft.AspNetCore.Mvc.ActionResult`1[ThucLuc.Api.Common.Models.ApiResponse`1[System.Collections.Generic.IReadOnlyCollection`1[ThucLuc.Application.Features.DaoTaoBoiDuong.DaoTaoBoiDuongDto]]]] GetAll(System.Threading.CancellationToken) on controller ThucLuc.Api.Controllers.V1.DaoTaoBoiDuongController (ThucLuc.Api).
2026-04-14 15:06:03.736 +07:00 [INF] Executing OkObjectResult, writing value of type 'ThucLuc.Api.Common.Models.ApiResponse`1[[ThucLuc.Application.Features.DonVi.DonViDto, ThucLuc.Application, Version=1.0.0.0, Culture=neutral, PublicKeyToken=null]]'.
2026-04-14 15:06:03.737 +07:00 [INF] Executed action ThucLuc.Api.Controllers.V1.DonViController.GetById (ThucLuc.Api) in 48.564ms
2026-04-14 15:06:03.739 +07:00 [INF] Executed endpoint 'ThucLuc.Api.Controllers.V1.DonViController.GetById (ThucLuc.Api)'
2026-04-14 15:06:03.739 +07:00 [INF] HTTP GET /api/v1/don-vi/2001 => 200 in 53.9132 ms CorrelationId=f8e904f7aee14e44b79d9e09209ab3e0 UserId=5001
2026-04-14 15:06:03.740 +07:00 [INF] HTTP GET /api/v1/don-vi/2001 responded 200 in 55.1060 ms
2026-04-14 15:06:03.741 +07:00 [INF] Request finished HTTP/1.1 GET http://localhost:5283/api/v1/don-vi/2001 - 200 null application/json; charset=utf-8 57.3608ms
2026-04-14 15:06:03.767 +07:00 [INF] Executing OkObjectResult, writing value of type 'ThucLuc.Api.Common.Models.ApiResponse`1[[System.Collections.Generic.IReadOnlyCollection`1[[ThucLuc.Application.Features.DaoTaoBoiDuong.DaoTaoBoiDuongDto, ThucLuc.Application, Version=1.0.0.0, Culture=neutral, PublicKeyToken=null]], System.Private.CoreLib, Version=8.0.0.0, Culture=neutral, PublicKeyToken=7cec85d7bea7798e]]'.
2026-04-14 15:06:03.768 +07:00 [INF] Executed action ThucLuc.Api.Controllers.V1.DaoTaoBoiDuongController.GetAll (ThucLuc.Api) in 44.496ms
2026-04-14 15:06:03.769 +07:00 [INF] Executed endpoint 'ThucLuc.Api.Controllers.V1.DaoTaoBoiDuongController.GetAll (ThucLuc.Api)'
2026-04-14 15:06:03.770 +07:00 [INF] HTTP GET /api/v1/dao-tao-boi-duong => 200 in 51.0542 ms CorrelationId=96da6d7e35dc48178e3dc0b15ec18036 UserId=5001
2026-04-14 15:06:03.771 +07:00 [INF] HTTP GET /api/v1/dao-tao-boi-duong responded 200 in 52.2113 ms
2026-04-14 15:06:03.772 +07:00 [INF] Request finished HTTP/1.1 GET http://localhost:5283/api/v1/dao-tao-boi-duong - 200 null application/json; charset=utf-8 55.2205ms
2026-04-14 15:06:52.764 +07:00 [INF] Request starting HTTP/1.1 OPTIONS http://localhost:5283/api/v1/mau-bao-cao?includeInactive=true - null null
2026-04-14 15:06:52.767 +07:00 [INF] Request starting HTTP/1.1 OPTIONS http://localhost:5283/api/v1/mau-bao-cao/module-catalog - null null
2026-04-14 15:06:52.767 +07:00 [INF] CORS policy execution successful.
2026-04-14 15:06:52.769 +07:00 [INF] CORS policy execution successful.
2026-04-14 15:06:52.770 +07:00 [INF] HTTP OPTIONS /api/v1/mau-bao-cao => 204 in 2.9414 ms CorrelationId=0ba936fdbddc4b5eb85fd78de5a467e0 UserId=anonymous
2026-04-14 15:06:52.771 +07:00 [INF] HTTP OPTIONS /api/v1/mau-bao-cao/module-catalog => 204 in 1.525 ms CorrelationId=f4eb0376ada944318491cebec8b55fc7 UserId=anonymous
2026-04-14 15:06:52.772 +07:00 [INF] HTTP OPTIONS /api/v1/mau-bao-cao responded 204 in 5.5174 ms
2026-04-14 15:06:52.775 +07:00 [INF] HTTP OPTIONS /api/v1/mau-bao-cao/module-catalog responded 204 in 5.7743 ms
2026-04-14 15:06:52.777 +07:00 [INF] Request finished HTTP/1.1 OPTIONS http://localhost:5283/api/v1/mau-bao-cao?includeInactive=true - 204 null null 13.1531ms
2026-04-14 15:06:52.779 +07:00 [INF] Request finished HTTP/1.1 OPTIONS http://localhost:5283/api/v1/mau-bao-cao/module-catalog - 204 null null 12.3767ms
2026-04-14 15:06:52.782 +07:00 [INF] Request starting HTTP/1.1 GET http://localhost:5283/api/v1/mau-bao-cao?includeInactive=true - null null
2026-04-14 15:06:52.783 +07:00 [INF] Request starting HTTP/1.1 GET http://localhost:5283/api/v1/mau-bao-cao/module-catalog - null null
2026-04-14 15:06:52.785 +07:00 [INF] CORS policy execution successful.
2026-04-14 15:06:52.787 +07:00 [INF] CORS policy execution successful.
2026-04-14 15:06:52.788 +07:00 [INF] Executing endpoint 'ThucLuc.Api.Controllers.V1.MauBaoCaoController.GetAll (ThucLuc.Api)'
2026-04-14 15:06:52.789 +07:00 [INF] Executing endpoint 'ThucLuc.Api.Controllers.V1.MauBaoCaoController.GetModuleCatalog (ThucLuc.Api)'
2026-04-14 15:06:52.789 +07:00 [INF] Route matched with {action = "GetAll", controller = "MauBaoCao"}. Executing controller action with signature System.Threading.Tasks.Task`1[Microsoft.AspNetCore.Mvc.ActionResult`1[ThucLuc.Api.Common.Models.ApiResponse`1[System.Collections.Generic.IReadOnlyCollection`1[ThucLuc.Application.Features.MauBaoCao.MauBaoCaoDto]]]] GetAll(Boolean, System.Threading.CancellationToken) on controller ThucLuc.Api.Controllers.V1.MauBaoCaoController (ThucLuc.Api).
2026-04-14 15:06:52.790 +07:00 [INF] Route matched with {action = "GetModuleCatalog", controller = "MauBaoCao"}. Executing controller action with signature System.Threading.Tasks.Task`1[Microsoft.AspNetCore.Mvc.ActionResult`1[ThucLuc.Api.Common.Models.ApiResponse`1[System.Collections.Generic.IReadOnlyCollection`1[ThucLuc.Application.Features.MauBaoCao.MauBaoCaoModuleCatalogGroupDto]]]] GetModuleCatalog(System.Threading.CancellationToken) on controller ThucLuc.Api.Controllers.V1.MauBaoCaoController (ThucLuc.Api).
2026-04-14 15:06:52.794 +07:00 [INF] Executing OkObjectResult, writing value of type 'ThucLuc.Api.Common.Models.ApiResponse`1[[System.Collections.Generic.IReadOnlyCollection`1[[ThucLuc.Application.Features.MauBaoCao.MauBaoCaoModuleCatalogGroupDto, ThucLuc.Application, Version=1.0.0.0, Culture=neutral, PublicKeyToken=null]], System.Private.CoreLib, Version=8.0.0.0, Culture=neutral, PublicKeyToken=7cec85d7bea7798e]]'.
2026-04-14 15:06:52.796 +07:00 [INF] Executed action ThucLuc.Api.Controllers.V1.MauBaoCaoController.GetModuleCatalog (ThucLuc.Api) in 2.1113ms
2026-04-14 15:06:52.797 +07:00 [INF] Executed endpoint 'ThucLuc.Api.Controllers.V1.MauBaoCaoController.GetModuleCatalog (ThucLuc.Api)'
2026-04-14 15:06:52.798 +07:00 [INF] HTTP GET /api/v1/mau-bao-cao/module-catalog => 200 in 10.3312 ms CorrelationId=01646dbbd09c4344a80d8c5ea095eb4a UserId=5001
2026-04-14 15:06:52.799 +07:00 [INF] HTTP GET /api/v1/mau-bao-cao/module-catalog responded 200 in 11.8934 ms
2026-04-14 15:06:52.800 +07:00 [INF] Request finished HTTP/1.1 GET http://localhost:5283/api/v1/mau-bao-cao/module-catalog - 200 null application/json; charset=utf-8 17.0611ms
2026-04-14 15:06:52.844 +07:00 [INF] Executing OkObjectResult, writing value of type 'ThucLuc.Api.Common.Models.ApiResponse`1[[System.Collections.Generic.IReadOnlyCollection`1[[ThucLuc.Application.Features.MauBaoCao.MauBaoCaoDto, ThucLuc.Application, Version=1.0.0.0, Culture=neutral, PublicKeyToken=null]], System.Private.CoreLib, Version=8.0.0.0, Culture=neutral, PublicKeyToken=7cec85d7bea7798e]]'.
2026-04-14 15:06:52.845 +07:00 [INF] Executed action ThucLuc.Api.Controllers.V1.MauBaoCaoController.GetAll (ThucLuc.Api) in 53.5604ms
2026-04-14 15:06:52.846 +07:00 [INF] Executed endpoint 'ThucLuc.Api.Controllers.V1.MauBaoCaoController.GetAll (ThucLuc.Api)'
2026-04-14 15:06:52.847 +07:00 [INF] HTTP GET /api/v1/mau-bao-cao => 200 in 61.7928 ms CorrelationId=5375c3ebf12a4b30b53532b031be52cf UserId=5001
2026-04-14 15:06:52.849 +07:00 [INF] HTTP GET /api/v1/mau-bao-cao responded 200 in 63.4446 ms
2026-04-14 15:06:52.850 +07:00 [INF] Request finished HTTP/1.1 GET http://localhost:5283/api/v1/mau-bao-cao?includeInactive=true - 200 null application/json; charset=utf-8 68.2652ms
2026-04-14 15:10:03.716 +07:00 [INF] Request starting HTTP/1.1 OPTIONS http://localhost:5283/api/v1/don-vi/2001 - null null
2026-04-14 15:10:03.719 +07:00 [INF] CORS policy execution successful.
2026-04-14 15:10:03.720 +07:00 [INF] Request starting HTTP/1.1 OPTIONS http://localhost:5283/api/v1/mau-bao-cao?includeInactive=true - null null
2026-04-14 15:10:03.720 +07:00 [INF] Request starting HTTP/1.1 OPTIONS http://localhost:5283/api/v1/mau-bao-cao/module-catalog - null null
2026-04-14 15:10:03.721 +07:00 [INF] HTTP OPTIONS /api/v1/don-vi/2001 => 204 in 2.2557 ms CorrelationId=b8aa44cede6e4214aa7f1ba11bf6a142 UserId=anonymous
2026-04-14 15:10:03.722 +07:00 [INF] CORS policy execution successful.
2026-04-14 15:10:03.723 +07:00 [INF] CORS policy execution successful.
2026-04-14 15:10:03.726 +07:00 [INF] HTTP OPTIONS /api/v1/don-vi/2001 responded 204 in 7.6451 ms
2026-04-14 15:10:03.727 +07:00 [INF] HTTP OPTIONS /api/v1/mau-bao-cao => 204 in 4.4879 ms CorrelationId=46b9d8938f9b46b096ae6ed1164df6c3 UserId=anonymous
2026-04-14 15:10:03.727 +07:00 [INF] HTTP OPTIONS /api/v1/mau-bao-cao/module-catalog => 204 in 4.0014 ms CorrelationId=cdb3caf4651147368d652b338f645c5e UserId=anonymous
2026-04-14 15:10:03.728 +07:00 [INF] Request finished HTTP/1.1 OPTIONS http://localhost:5283/api/v1/don-vi/2001 - 204 null null 12.8601ms
2026-04-14 15:10:03.730 +07:00 [INF] HTTP OPTIONS /api/v1/mau-bao-cao responded 204 in 8.0001 ms
2026-04-14 15:10:03.732 +07:00 [INF] HTTP OPTIONS /api/v1/mau-bao-cao/module-catalog responded 204 in 8.3515 ms
2026-04-14 15:10:03.735 +07:00 [INF] Request starting HTTP/1.1 GET http://localhost:5283/api/v1/don-vi/2001 - null null
2026-04-14 15:10:03.736 +07:00 [INF] Request finished HTTP/1.1 OPTIONS http://localhost:5283/api/v1/mau-bao-cao?includeInactive=true - 204 null null 16.3507ms
2026-04-14 15:10:03.737 +07:00 [INF] Request finished HTTP/1.1 OPTIONS http://localhost:5283/api/v1/mau-bao-cao/module-catalog - 204 null null 17.1271ms
2026-04-14 15:10:03.739 +07:00 [INF] CORS policy execution successful.
2026-04-14 15:10:03.741 +07:00 [INF] Request starting HTTP/1.1 GET http://localhost:5283/api/v1/mau-bao-cao?includeInactive=true - null null
2026-04-14 15:10:03.743 +07:00 [INF] Request starting HTTP/1.1 GET http://localhost:5283/api/v1/mau-bao-cao/module-catalog - null null
2026-04-14 15:10:03.744 +07:00 [INF] Executing endpoint 'ThucLuc.Api.Controllers.V1.DonViController.GetById (ThucLuc.Api)'
2026-04-14 15:10:03.744 +07:00 [INF] CORS policy execution successful.
2026-04-14 15:10:03.746 +07:00 [INF] CORS policy execution successful.
2026-04-14 15:10:03.746 +07:00 [INF] Route matched with {action = "GetById", controller = "DonVi"}. Executing controller action with signature System.Threading.Tasks.Task`1[Microsoft.AspNetCore.Mvc.ActionResult`1[ThucLuc.Api.Common.Models.ApiResponse`1[ThucLuc.Application.Features.DonVi.DonViDto]]] GetById(Int64, System.Threading.CancellationToken) on controller ThucLuc.Api.Controllers.V1.DonViController (ThucLuc.Api).
2026-04-14 15:10:03.747 +07:00 [INF] Executing endpoint 'ThucLuc.Api.Controllers.V1.MauBaoCaoController.GetAll (ThucLuc.Api)'
2026-04-14 15:10:03.747 +07:00 [INF] Executing endpoint 'ThucLuc.Api.Controllers.V1.MauBaoCaoController.GetModuleCatalog (ThucLuc.Api)'
2026-04-14 15:10:03.750 +07:00 [INF] Route matched with {action = "GetAll", controller = "MauBaoCao"}. Executing controller action with signature System.Threading.Tasks.Task`1[Microsoft.AspNetCore.Mvc.ActionResult`1[ThucLuc.Api.Common.Models.ApiResponse`1[System.Collections.Generic.IReadOnlyCollection`1[ThucLuc.Application.Features.MauBaoCao.MauBaoCaoDto]]]] GetAll(Boolean, System.Threading.CancellationToken) on controller ThucLuc.Api.Controllers.V1.MauBaoCaoController (ThucLuc.Api).
2026-04-14 15:10:03.753 +07:00 [INF] Route matched with {action = "GetModuleCatalog", controller = "MauBaoCao"}. Executing controller action with signature System.Threading.Tasks.Task`1[Microsoft.AspNetCore.Mvc.ActionResult`1[ThucLuc.Api.Common.Models.ApiResponse`1[System.Collections.Generic.IReadOnlyCollection`1[ThucLuc.Application.Features.MauBaoCao.MauBaoCaoModuleCatalogGroupDto]]]] GetModuleCatalog(System.Threading.CancellationToken) on controller ThucLuc.Api.Controllers.V1.MauBaoCaoController (ThucLuc.Api).
2026-04-14 15:10:03.755 +07:00 [INF] Executing OkObjectResult, writing value of type 'ThucLuc.Api.Common.Models.ApiResponse`1[[System.Collections.Generic.IReadOnlyCollection`1[[ThucLuc.Application.Features.MauBaoCao.MauBaoCaoModuleCatalogGroupDto, ThucLuc.Application, Version=1.0.0.0, Culture=neutral, PublicKeyToken=null]], System.Private.CoreLib, Version=8.0.0.0, Culture=neutral, PublicKeyToken=7cec85d7bea7798e]]'.
2026-04-14 15:10:03.756 +07:00 [INF] Executed action ThucLuc.Api.Controllers.V1.MauBaoCaoController.GetModuleCatalog (ThucLuc.Api) in 1.238ms
2026-04-14 15:10:03.757 +07:00 [INF] Executed endpoint 'ThucLuc.Api.Controllers.V1.MauBaoCaoController.GetModuleCatalog (ThucLuc.Api)'
2026-04-14 15:10:03.758 +07:00 [INF] HTTP GET /api/v1/mau-bao-cao/module-catalog => 200 in 12.2002 ms CorrelationId=dd1c61ffd1354b85bd15f228092e4667 UserId=5001
2026-04-14 15:10:03.760 +07:00 [INF] HTTP GET /api/v1/mau-bao-cao/module-catalog responded 200 in 14.4215 ms
2026-04-14 15:10:03.761 +07:00 [INF] Request finished HTTP/1.1 GET http://localhost:5283/api/v1/mau-bao-cao/module-catalog - 200 null application/json; charset=utf-8 18.3471ms
2026-04-14 15:10:03.795 +07:00 [INF] Executing OkObjectResult, writing value of type 'ThucLuc.Api.Common.Models.ApiResponse`1[[ThucLuc.Application.Features.DonVi.DonViDto, ThucLuc.Application, Version=1.0.0.0, Culture=neutral, PublicKeyToken=null]]'.
2026-04-14 15:10:03.797 +07:00 [INF] Executed action ThucLuc.Api.Controllers.V1.DonViController.GetById (ThucLuc.Api) in 48.2183ms
2026-04-14 15:10:03.798 +07:00 [INF] Executed endpoint 'ThucLuc.Api.Controllers.V1.DonViController.GetById (ThucLuc.Api)'
2026-04-14 15:10:03.798 +07:00 [INF] HTTP GET /api/v1/don-vi/2001 => 200 in 59.6863 ms CorrelationId=f39d4d1cf44142d59dc30f212c2c1fcd UserId=5001
2026-04-14 15:10:03.801 +07:00 [INF] HTTP GET /api/v1/don-vi/2001 responded 200 in 61.9154 ms
2026-04-14 15:10:03.803 +07:00 [INF] Request finished HTTP/1.1 GET http://localhost:5283/api/v1/don-vi/2001 - 200 null application/json; charset=utf-8 67.9195ms
2026-04-14 15:10:03.806 +07:00 [INF] Executing OkObjectResult, writing value of type 'ThucLuc.Api.Common.Models.ApiResponse`1[[System.Collections.Generic.IReadOnlyCollection`1[[ThucLuc.Application.Features.MauBaoCao.MauBaoCaoDto, ThucLuc.Application, Version=1.0.0.0, Culture=neutral, PublicKeyToken=null]], System.Private.CoreLib, Version=8.0.0.0, Culture=neutral, PublicKeyToken=7cec85d7bea7798e]]'.
2026-04-14 15:10:03.807 +07:00 [INF] Executed action ThucLuc.Api.Controllers.V1.MauBaoCaoController.GetAll (ThucLuc.Api) in 53.3815ms
2026-04-14 15:10:03.808 +07:00 [INF] Executed endpoint 'ThucLuc.Api.Controllers.V1.MauBaoCaoController.GetAll (ThucLuc.Api)'
2026-04-14 15:10:03.809 +07:00 [INF] HTTP GET /api/v1/mau-bao-cao => 200 in 64.3064 ms CorrelationId=6be68fec3c0d42269a8f5d2c6928b26c UserId=5001
2026-04-14 15:10:03.810 +07:00 [INF] HTTP GET /api/v1/mau-bao-cao responded 200 in 65.3369 ms
2026-04-14 15:10:03.811 +07:00 [INF] Request finished HTTP/1.1 GET http://localhost:5283/api/v1/mau-bao-cao?includeInactive=true - 200 null application/json; charset=utf-8 69.8756ms
2026-04-14 15:10:05.440 +07:00 [INF] Request starting HTTP/1.1 OPTIONS http://localhost:5283/api/v1/dao-tao-boi-duong - null null
2026-04-14 15:10:05.442 +07:00 [INF] CORS policy execution successful.
2026-04-14 15:10:05.443 +07:00 [INF] HTTP OPTIONS /api/v1/dao-tao-boi-duong => 204 in 0.5823 ms CorrelationId=74d519d2b4784b8abc8e1905398fa68a UserId=anonymous
2026-04-14 15:10:05.444 +07:00 [INF] HTTP OPTIONS /api/v1/dao-tao-boi-duong responded 204 in 1.6338 ms
2026-04-14 15:10:05.444 +07:00 [INF] Request finished HTTP/1.1 OPTIONS http://localhost:5283/api/v1/dao-tao-boi-duong - 204 null null 3.9887ms
2026-04-14 15:10:05.446 +07:00 [INF] Request starting HTTP/1.1 GET http://localhost:5283/api/v1/dao-tao-boi-duong - null null
2026-04-14 15:10:05.448 +07:00 [INF] CORS policy execution successful.
2026-04-14 15:10:05.448 +07:00 [INF] Executing endpoint 'ThucLuc.Api.Controllers.V1.DaoTaoBoiDuongController.GetAll (ThucLuc.Api)'
2026-04-14 15:10:05.451 +07:00 [INF] Route matched with {action = "GetAll", controller = "DaoTaoBoiDuong"}. Executing controller action with signature System.Threading.Tasks.Task`1[Microsoft.AspNetCore.Mvc.ActionResult`1[ThucLuc.Api.Common.Models.ApiResponse`1[System.Collections.Generic.IReadOnlyCollection`1[ThucLuc.Application.Features.DaoTaoBoiDuong.DaoTaoBoiDuongDto]]]] GetAll(System.Threading.CancellationToken) on controller ThucLuc.Api.Controllers.V1.DaoTaoBoiDuongController (ThucLuc.Api).
2026-04-14 15:10:05.498 +07:00 [INF] Executing OkObjectResult, writing value of type 'ThucLuc.Api.Common.Models.ApiResponse`1[[System.Collections.Generic.IReadOnlyCollection`1[[ThucLuc.Application.Features.DaoTaoBoiDuong.DaoTaoBoiDuongDto, ThucLuc.Application, Version=1.0.0.0, Culture=neutral, PublicKeyToken=null]], System.Private.CoreLib, Version=8.0.0.0, Culture=neutral, PublicKeyToken=7cec85d7bea7798e]]'.
2026-04-14 15:10:05.501 +07:00 [INF] Executed action ThucLuc.Api.Controllers.V1.DaoTaoBoiDuongController.GetAll (ThucLuc.Api) in 47.7256ms
2026-04-14 15:10:05.502 +07:00 [INF] Executed endpoint 'ThucLuc.Api.Controllers.V1.DaoTaoBoiDuongController.GetAll (ThucLuc.Api)'
2026-04-14 15:10:05.502 +07:00 [INF] HTTP GET /api/v1/dao-tao-boi-duong => 200 in 54.5044 ms CorrelationId=c7123cb746f44300b3fe32292be18825 UserId=5001
2026-04-14 15:10:05.504 +07:00 [INF] HTTP GET /api/v1/dao-tao-boi-duong responded 200 in 55.9386 ms
2026-04-14 15:10:05.505 +07:00 [INF] Request finished HTTP/1.1 GET http://localhost:5283/api/v1/dao-tao-boi-duong - 200 null application/json; charset=utf-8 58.9012ms
2026-04-14 15:17:32.428 +07:00 [INF] Request starting HTTP/1.1 OPTIONS http://localhost:5283/api/v1/don-vi/2001 - null null
2026-04-14 15:17:32.431 +07:00 [INF] CORS policy execution successful.
2026-04-14 15:17:32.432 +07:00 [INF] HTTP OPTIONS /api/v1/don-vi/2001 => 204 in 0.7467 ms CorrelationId=89e174fcec6b464183020a3f045fee03 UserId=anonymous
2026-04-14 15:17:32.434 +07:00 [INF] HTTP OPTIONS /api/v1/don-vi/2001 responded 204 in 3.1527 ms
2026-04-14 15:17:32.436 +07:00 [INF] Request finished HTTP/1.1 OPTIONS http://localhost:5283/api/v1/don-vi/2001 - 204 null null 7.7331ms
2026-04-14 15:17:32.438 +07:00 [INF] Request starting HTTP/1.1 OPTIONS http://localhost:5283/api/v1/ky-bao-cao - null null
2026-04-14 15:17:32.439 +07:00 [INF] Request starting HTTP/1.1 OPTIONS http://localhost:5283/api/v1/ky-bao-cao/current - null null
2026-04-14 15:17:32.440 +07:00 [INF] Request starting HTTP/1.1 GET http://localhost:5283/api/v1/don-vi/2001 - null null
2026-04-14 15:17:32.441 +07:00 [INF] CORS policy execution successful.
2026-04-14 15:17:32.443 +07:00 [INF] CORS policy execution successful.
2026-04-14 15:17:32.445 +07:00 [INF] CORS policy execution successful.
2026-04-14 15:17:32.445 +07:00 [INF] HTTP OPTIONS /api/v1/ky-bao-cao => 204 in 4.3578 ms CorrelationId=c6bdec723bd848a2b8d5988facc95f56 UserId=anonymous
2026-04-14 15:17:32.446 +07:00 [INF] HTTP OPTIONS /api/v1/ky-bao-cao/current => 204 in 3.7408 ms CorrelationId=38d1a0f4582f483d8b066e3c76f57c0a UserId=anonymous
2026-04-14 15:17:32.448 +07:00 [INF] Executing endpoint 'ThucLuc.Api.Controllers.V1.DonViController.GetById (ThucLuc.Api)'
2026-04-14 15:17:32.449 +07:00 [INF] HTTP OPTIONS /api/v1/ky-bao-cao responded 204 in 8.1447 ms
2026-04-14 15:17:32.450 +07:00 [INF] HTTP OPTIONS /api/v1/ky-bao-cao/current responded 204 in 7.8040 ms
2026-04-14 15:17:32.452 +07:00 [INF] Route matched with {action = "GetById", controller = "DonVi"}. Executing controller action with signature System.Threading.Tasks.Task`1[Microsoft.AspNetCore.Mvc.ActionResult`1[ThucLuc.Api.Common.Models.ApiResponse`1[ThucLuc.Application.Features.DonVi.DonViDto]]] GetById(Int64, System.Threading.CancellationToken) on controller ThucLuc.Api.Controllers.V1.DonViController (ThucLuc.Api).
2026-04-14 15:17:32.453 +07:00 [INF] Request finished HTTP/1.1 OPTIONS http://localhost:5283/api/v1/ky-bao-cao - 204 null null 14.6414ms
2026-04-14 15:17:32.455 +07:00 [INF] Request finished HTTP/1.1 OPTIONS http://localhost:5283/api/v1/ky-bao-cao/current - 204 null null 16.1927ms
2026-04-14 15:17:32.459 +07:00 [INF] Request starting HTTP/1.1 GET http://localhost:5283/api/v1/ky-bao-cao - null null
2026-04-14 15:17:32.463 +07:00 [INF] Request starting HTTP/1.1 GET http://localhost:5283/api/v1/ky-bao-cao/current - null null
2026-04-14 15:17:32.466 +07:00 [INF] CORS policy execution successful.
2026-04-14 15:17:32.470 +07:00 [INF] CORS policy execution successful.
2026-04-14 15:17:32.472 +07:00 [INF] Executing endpoint 'ThucLuc.Api.Controllers.V1.KyBaoCaoController.GetAll (ThucLuc.Api)'
2026-04-14 15:17:32.472 +07:00 [INF] Executing endpoint 'ThucLuc.Api.Controllers.V1.KyBaoCaoController.GetCurrent (ThucLuc.Api)'
2026-04-14 15:17:32.478 +07:00 [INF] Route matched with {action = "GetAll", controller = "KyBaoCao"}. Executing controller action with signature System.Threading.Tasks.Task`1[Microsoft.AspNetCore.Mvc.ActionResult`1[ThucLuc.Api.Common.Models.ApiResponse`1[System.Collections.Generic.IReadOnlyCollection`1[ThucLuc.Application.Features.KyBaoCao.KyBaoCaoDto]]]] GetAll(System.Threading.CancellationToken) on controller ThucLuc.Api.Controllers.V1.KyBaoCaoController (ThucLuc.Api).
2026-04-14 15:17:32.478 +07:00 [INF] Route matched with {action = "GetCurrent", controller = "KyBaoCao"}. Executing controller action with signature System.Threading.Tasks.Task`1[Microsoft.AspNetCore.Mvc.ActionResult`1[ThucLuc.Api.Common.Models.ApiResponse`1[ThucLuc.Application.Features.KyBaoCao.KyBaoCaoDto]]] GetCurrent(System.Threading.CancellationToken) on controller ThucLuc.Api.Controllers.V1.KyBaoCaoController (ThucLuc.Api).
2026-04-14 15:17:32.501 +07:00 [INF] Executing OkObjectResult, writing value of type 'ThucLuc.Api.Common.Models.ApiResponse`1[[ThucLuc.Application.Features.DonVi.DonViDto, ThucLuc.Application, Version=1.0.0.0, Culture=neutral, PublicKeyToken=null]]'.
2026-04-14 15:17:32.503 +07:00 [INF] Executed action ThucLuc.Api.Controllers.V1.DonViController.GetById (ThucLuc.Api) in 46.1278ms
2026-04-14 15:17:32.504 +07:00 [INF] Executed endpoint 'ThucLuc.Api.Controllers.V1.DonViController.GetById (ThucLuc.Api)'
2026-04-14 15:17:32.505 +07:00 [INF] HTTP GET /api/v1/don-vi/2001 => 200 in 60.6354 ms CorrelationId=56203c0a9e82445daadf65aaca722808 UserId=5001
2026-04-14 15:17:32.508 +07:00 [INF] HTTP GET /api/v1/don-vi/2001 responded 200 in 63.2047 ms
2026-04-14 15:17:32.510 +07:00 [INF] Request finished HTTP/1.1 GET http://localhost:5283/api/v1/don-vi/2001 - 200 null application/json; charset=utf-8 69.471ms
2026-04-14 15:17:32.513 +07:00 [INF] Request starting HTTP/1.1 GET http://localhost:5283/api/v1/don-vi/2001 - null null
2026-04-14 15:17:32.515 +07:00 [INF] CORS policy execution successful.
2026-04-14 15:17:32.517 +07:00 [INF] Executing endpoint 'ThucLuc.Api.Controllers.V1.DonViController.GetById (ThucLuc.Api)'
2026-04-14 15:17:32.518 +07:00 [INF] Route matched with {action = "GetById", controller = "DonVi"}. Executing controller action with signature System.Threading.Tasks.Task`1[Microsoft.AspNetCore.Mvc.ActionResult`1[ThucLuc.Api.Common.Models.ApiResponse`1[ThucLuc.Application.Features.DonVi.DonViDto]]] GetById(Int64, System.Threading.CancellationToken) on controller ThucLuc.Api.Controllers.V1.DonViController (ThucLuc.Api).
2026-04-14 15:17:32.533 +07:00 [INF] Executing OkObjectResult, writing value of type 'ThucLuc.Api.Common.Models.ApiResponse`1[[ThucLuc.Application.Features.KyBaoCao.KyBaoCaoDto, ThucLuc.Application, Version=1.0.0.0, Culture=neutral, PublicKeyToken=null]]'.
2026-04-14 15:17:32.533 +07:00 [INF] Executing OkObjectResult, writing value of type 'ThucLuc.Api.Common.Models.ApiResponse`1[[System.Collections.Generic.IReadOnlyCollection`1[[ThucLuc.Application.Features.KyBaoCao.KyBaoCaoDto, ThucLuc.Application, Version=1.0.0.0, Culture=neutral, PublicKeyToken=null]], System.Private.CoreLib, Version=8.0.0.0, Culture=neutral, PublicKeyToken=7cec85d7bea7798e]]'.
2026-04-14 15:17:32.544 +07:00 [INF] Executed action ThucLuc.Api.Controllers.V1.KyBaoCaoController.GetCurrent (ThucLuc.Api) in 62.2675ms
2026-04-14 15:17:32.544 +07:00 [INF] Executed action ThucLuc.Api.Controllers.V1.KyBaoCaoController.GetAll (ThucLuc.Api) in 63.8606ms
2026-04-14 15:17:32.546 +07:00 [INF] Executed endpoint 'ThucLuc.Api.Controllers.V1.KyBaoCaoController.GetCurrent (ThucLuc.Api)'
2026-04-14 15:17:32.547 +07:00 [INF] Executed endpoint 'ThucLuc.Api.Controllers.V1.KyBaoCaoController.GetAll (ThucLuc.Api)'
2026-04-14 15:17:32.548 +07:00 [INF] HTTP GET /api/v1/ky-bao-cao/current => 200 in 77.7362 ms CorrelationId=b48b9a1968954c5196b7a22c8ca2de8f UserId=5001
2026-04-14 15:17:32.549 +07:00 [INF] HTTP GET /api/v1/ky-bao-cao => 200 in 82.5656 ms CorrelationId=cdb6e1cd955540c1a230a5a2c53fe050 UserId=5001
2026-04-14 15:17:32.551 +07:00 [INF] HTTP GET /api/v1/ky-bao-cao/current responded 200 in 80.2405 ms
2026-04-14 15:17:32.552 +07:00 [INF] HTTP GET /api/v1/ky-bao-cao responded 200 in 85.6640 ms
2026-04-14 15:17:32.553 +07:00 [INF] Request finished HTTP/1.1 GET http://localhost:5283/api/v1/ky-bao-cao/current - 200 null application/json; charset=utf-8 90.0233ms
2026-04-14 15:17:32.555 +07:00 [INF] Request finished HTTP/1.1 GET http://localhost:5283/api/v1/ky-bao-cao - 200 null application/json; charset=utf-8 95.7782ms
2026-04-14 15:17:32.565 +07:00 [INF] Executing OkObjectResult, writing value of type 'ThucLuc.Api.Common.Models.ApiResponse`1[[ThucLuc.Application.Features.DonVi.DonViDto, ThucLuc.Application, Version=1.0.0.0, Culture=neutral, PublicKeyToken=null]]'.
2026-04-14 15:17:32.566 +07:00 [INF] Executed action ThucLuc.Api.Controllers.V1.DonViController.GetById (ThucLuc.Api) in 46.4234ms
2026-04-14 15:17:32.568 +07:00 [INF] Executed endpoint 'ThucLuc.Api.Controllers.V1.DonViController.GetById (ThucLuc.Api)'
2026-04-14 15:17:32.569 +07:00 [INF] HTTP GET /api/v1/don-vi/2001 => 200 in 53.3821 ms CorrelationId=99b049ca8c8c49d78d4dca011cd90200 UserId=5001
2026-04-14 15:17:32.570 +07:00 [INF] Request starting HTTP/1.1 OPTIONS http://localhost:5283/api/v1/snapshot?kyBaoCaoId=6001 - null null
2026-04-14 15:17:32.571 +07:00 [INF] HTTP GET /api/v1/don-vi/2001 responded 200 in 55.6369 ms
2026-04-14 15:17:32.573 +07:00 [INF] CORS policy execution successful.
2026-04-14 15:17:32.575 +07:00 [INF] Request finished HTTP/1.1 GET http://localhost:5283/api/v1/don-vi/2001 - 200 null application/json; charset=utf-8 61.9927ms
2026-04-14 15:17:32.575 +07:00 [INF] HTTP OPTIONS /api/v1/snapshot => 204 in 1.985 ms CorrelationId=51c59b3fc3914995a8d5a6403822b121 UserId=anonymous
2026-04-14 15:17:32.580 +07:00 [INF] HTTP OPTIONS /api/v1/snapshot responded 204 in 6.8499 ms
2026-04-14 15:17:32.581 +07:00 [INF] Request starting HTTP/1.1 OPTIONS http://localhost:5283/api/v1/dao-tao-boi-duong - null null
2026-04-14 15:17:32.582 +07:00 [INF] Request finished HTTP/1.1 OPTIONS http://localhost:5283/api/v1/snapshot?kyBaoCaoId=6001 - 204 null null 11.9082ms
2026-04-14 15:17:32.584 +07:00 [INF] CORS policy execution successful.
2026-04-14 15:17:32.586 +07:00 [INF] Request starting HTTP/1.1 GET http://localhost:5283/api/v1/snapshot?kyBaoCaoId=6001 - null null
2026-04-14 15:17:32.587 +07:00 [INF] HTTP OPTIONS /api/v1/dao-tao-boi-duong => 204 in 3.0523 ms CorrelationId=92f9b3ba6a1448deaa7f70d84fc1a5cd UserId=anonymous
2026-04-14 15:17:32.589 +07:00 [INF] CORS policy execution successful.
2026-04-14 15:17:32.591 +07:00 [INF] HTTP OPTIONS /api/v1/dao-tao-boi-duong responded 204 in 6.6175 ms
2026-04-14 15:17:32.591 +07:00 [INF] Executing endpoint 'ThucLuc.Api.Controllers.V1.BaoCaoSnapshotController.GetByKy (ThucLuc.Api)'
2026-04-14 15:17:32.592 +07:00 [INF] Request finished HTTP/1.1 OPTIONS http://localhost:5283/api/v1/dao-tao-boi-duong - 204 null null 11.8732ms
2026-04-14 15:17:32.596 +07:00 [INF] Request starting HTTP/1.1 GET http://localhost:5283/api/v1/dao-tao-boi-duong - null null
2026-04-14 15:17:32.597 +07:00 [INF] Route matched with {action = "GetByKy", controller = "BaoCaoSnapshot"}. Executing controller action with signature System.Threading.Tasks.Task`1[Microsoft.AspNetCore.Mvc.ActionResult`1[ThucLuc.Api.Common.Models.ApiResponse`1[System.Collections.Generic.IReadOnlyCollection`1[ThucLuc.Application.Features.BaoCaoSnapshot.BaoCaoSnapshotDto]]]] GetByKy(Int64, System.Threading.CancellationToken) on controller ThucLuc.Api.Controllers.V1.BaoCaoSnapshotController (ThucLuc.Api).
2026-04-14 15:17:32.599 +07:00 [INF] CORS policy execution successful.
2026-04-14 15:17:32.601 +07:00 [INF] Executing endpoint 'ThucLuc.Api.Controllers.V1.DaoTaoBoiDuongController.GetAll (ThucLuc.Api)'
2026-04-14 15:17:32.601 +07:00 [INF] Route matched with {action = "GetAll", controller = "DaoTaoBoiDuong"}. Executing controller action with signature System.Threading.Tasks.Task`1[Microsoft.AspNetCore.Mvc.ActionResult`1[ThucLuc.Api.Common.Models.ApiResponse`1[System.Collections.Generic.IReadOnlyCollection`1[ThucLuc.Application.Features.DaoTaoBoiDuong.DaoTaoBoiDuongDto]]]] GetAll(System.Threading.CancellationToken) on controller ThucLuc.Api.Controllers.V1.DaoTaoBoiDuongController (ThucLuc.Api).
2026-04-14 15:17:32.605 +07:00 [INF] Executing OkObjectResult, writing value of type 'ThucLuc.Api.Common.Models.ApiResponse`1[[System.Collections.Generic.IReadOnlyCollection`1[[ThucLuc.Application.Features.DaoTaoBoiDuong.DaoTaoBoiDuongDto, ThucLuc.Application, Version=1.0.0.0, Culture=neutral, PublicKeyToken=null]], System.Private.CoreLib, Version=8.0.0.0, Culture=neutral, PublicKeyToken=7cec85d7bea7798e]]'.
2026-04-14 15:17:32.606 +07:00 [INF] Executed action ThucLuc.Api.Controllers.V1.DaoTaoBoiDuongController.GetAll (ThucLuc.Api) in 3.4133ms
2026-04-14 15:17:32.607 +07:00 [INF] Executed endpoint 'ThucLuc.Api.Controllers.V1.DaoTaoBoiDuongController.GetAll (ThucLuc.Api)'
2026-04-14 15:17:32.609 +07:00 [INF] HTTP GET /api/v1/dao-tao-boi-duong => 200 in 9.8628 ms CorrelationId=0d4e6015640940bea721f2f4ceaeaf87 UserId=5001
2026-04-14 15:17:32.610 +07:00 [INF] HTTP GET /api/v1/dao-tao-boi-duong responded 200 in 11.1650 ms
2026-04-14 15:17:32.612 +07:00 [INF] Request finished HTTP/1.1 GET http://localhost:5283/api/v1/dao-tao-boi-duong - 200 null application/json; charset=utf-8 15.8449ms
2026-04-14 15:17:32.674 +07:00 [INF] Executing OkObjectResult, writing value of type 'ThucLuc.Api.Common.Models.ApiResponse`1[[System.Collections.Generic.IReadOnlyCollection`1[[ThucLuc.Application.Features.BaoCaoSnapshot.BaoCaoSnapshotDto, ThucLuc.Application, Version=1.0.0.0, Culture=neutral, PublicKeyToken=null]], System.Private.CoreLib, Version=8.0.0.0, Culture=neutral, PublicKeyToken=7cec85d7bea7798e]]'.
2026-04-14 15:17:32.686 +07:00 [INF] Executed action ThucLuc.Api.Controllers.V1.BaoCaoSnapshotController.GetByKy (ThucLuc.Api) in 85.6998ms
2026-04-14 15:17:32.687 +07:00 [INF] Executed endpoint 'ThucLuc.Api.Controllers.V1.BaoCaoSnapshotController.GetByKy (ThucLuc.Api)'
2026-04-14 15:17:32.688 +07:00 [INF] HTTP GET /api/v1/snapshot => 200 in 98.5715 ms CorrelationId=350c2a91c03843b98f9db6e6c37c9939 UserId=5001
2026-04-14 15:17:32.689 +07:00 [INF] HTTP GET /api/v1/snapshot responded 200 in 100.0539 ms
2026-04-14 15:17:32.690 +07:00 [INF] Request finished HTTP/1.1 GET http://localhost:5283/api/v1/snapshot?kyBaoCaoId=6001 - 200 null application/json; charset=utf-8 103.9125ms
2026-04-14 15:19:38.734 +07:00 [INF] Request starting HTTP/1.1 OPTIONS http://localhost:5283/api/v1/don-vi/2001 - null null
2026-04-14 15:19:38.736 +07:00 [INF] CORS policy execution successful.
2026-04-14 15:19:38.736 +07:00 [INF] HTTP OPTIONS /api/v1/don-vi/2001 => 204 in 0.4179 ms CorrelationId=12d0c810e94a4bd7aad2121017cfa8f7 UserId=anonymous
2026-04-14 15:19:38.738 +07:00 [INF] HTTP OPTIONS /api/v1/don-vi/2001 responded 204 in 2.4348 ms
2026-04-14 15:19:38.740 +07:00 [INF] Request finished HTTP/1.1 OPTIONS http://localhost:5283/api/v1/don-vi/2001 - 204 null null 5.623ms
2026-04-14 15:19:38.745 +07:00 [INF] Request starting HTTP/1.1 GET http://localhost:5283/api/v1/don-vi/2001 - null null
2026-04-14 15:19:38.747 +07:00 [INF] CORS policy execution successful.
2026-04-14 15:19:38.748 +07:00 [INF] Executing endpoint 'ThucLuc.Api.Controllers.V1.DonViController.GetById (ThucLuc.Api)'
2026-04-14 15:19:38.750 +07:00 [INF] Route matched with {action = "GetById", controller = "DonVi"}. Executing controller action with signature System.Threading.Tasks.Task`1[Microsoft.AspNetCore.Mvc.ActionResult`1[ThucLuc.Api.Common.Models.ApiResponse`1[ThucLuc.Application.Features.DonVi.DonViDto]]] GetById(Int64, System.Threading.CancellationToken) on controller ThucLuc.Api.Controllers.V1.DonViController (ThucLuc.Api).
2026-04-14 15:19:38.763 +07:00 [INF] Request starting HTTP/1.1 OPTIONS http://localhost:5283/api/v1/dao-tao-boi-duong - null null
2026-04-14 15:19:38.767 +07:00 [INF] CORS policy execution successful.
2026-04-14 15:19:38.768 +07:00 [INF] HTTP OPTIONS /api/v1/dao-tao-boi-duong => 204 in 0.9802 ms CorrelationId=f8335218de424eee8f6f7175eb2f46e1 UserId=anonymous
2026-04-14 15:19:38.770 +07:00 [INF] HTTP OPTIONS /api/v1/dao-tao-boi-duong responded 204 in 3.1848 ms
2026-04-14 15:19:38.773 +07:00 [INF] Request finished HTTP/1.1 OPTIONS http://localhost:5283/api/v1/dao-tao-boi-duong - 204 null null 9.6029ms
2026-04-14 15:19:38.776 +07:00 [INF] Request starting HTTP/1.1 GET http://localhost:5283/api/v1/dao-tao-boi-duong - null null
2026-04-14 15:19:38.778 +07:00 [INF] CORS policy execution successful.
2026-04-14 15:19:38.779 +07:00 [INF] Executing endpoint 'ThucLuc.Api.Controllers.V1.DaoTaoBoiDuongController.GetAll (ThucLuc.Api)'
2026-04-14 15:19:38.780 +07:00 [INF] Route matched with {action = "GetAll", controller = "DaoTaoBoiDuong"}. Executing controller action with signature System.Threading.Tasks.Task`1[Microsoft.AspNetCore.Mvc.ActionResult`1[ThucLuc.Api.Common.Models.ApiResponse`1[System.Collections.Generic.IReadOnlyCollection`1[ThucLuc.Application.Features.DaoTaoBoiDuong.DaoTaoBoiDuongDto]]]] GetAll(System.Threading.CancellationToken) on controller ThucLuc.Api.Controllers.V1.DaoTaoBoiDuongController (ThucLuc.Api).
2026-04-14 15:19:38.795 +07:00 [INF] Executing OkObjectResult, writing value of type 'ThucLuc.Api.Common.Models.ApiResponse`1[[ThucLuc.Application.Features.DonVi.DonViDto, ThucLuc.Application, Version=1.0.0.0, Culture=neutral, PublicKeyToken=null]]'.
2026-04-14 15:19:38.796 +07:00 [INF] Executed action ThucLuc.Api.Controllers.V1.DonViController.GetById (ThucLuc.Api) in 44.9561ms
2026-04-14 15:19:38.797 +07:00 [INF] Executed endpoint 'ThucLuc.Api.Controllers.V1.DonViController.GetById (ThucLuc.Api)'
2026-04-14 15:19:38.798 +07:00 [INF] HTTP GET /api/v1/don-vi/2001 => 200 in 50.7363 ms CorrelationId=3137a53220f44855afbeac9a8fad8404 UserId=5001
2026-04-14 15:19:38.800 +07:00 [INF] HTTP GET /api/v1/don-vi/2001 responded 200 in 52.6318 ms
2026-04-14 15:19:38.801 +07:00 [INF] Request finished HTTP/1.1 GET http://localhost:5283/api/v1/don-vi/2001 - 200 null application/json; charset=utf-8 56.4981ms
2026-04-14 15:19:38.826 +07:00 [INF] Executing OkObjectResult, writing value of type 'ThucLuc.Api.Common.Models.ApiResponse`1[[System.Collections.Generic.IReadOnlyCollection`1[[ThucLuc.Application.Features.DaoTaoBoiDuong.DaoTaoBoiDuongDto, ThucLuc.Application, Version=1.0.0.0, Culture=neutral, PublicKeyToken=null]], System.Private.CoreLib, Version=8.0.0.0, Culture=neutral, PublicKeyToken=7cec85d7bea7798e]]'.
2026-04-14 15:19:38.828 +07:00 [INF] Executed action ThucLuc.Api.Controllers.V1.DaoTaoBoiDuongController.GetAll (ThucLuc.Api) in 45.7134ms
2026-04-14 15:19:38.830 +07:00 [INF] Executed endpoint 'ThucLuc.Api.Controllers.V1.DaoTaoBoiDuongController.GetAll (ThucLuc.Api)'
2026-04-14 15:19:38.830 +07:00 [INF] HTTP GET /api/v1/dao-tao-boi-duong => 200 in 51.9971 ms CorrelationId=3a24e39133dc44b2a448830c3fd57989 UserId=5001
2026-04-14 15:19:38.831 +07:00 [INF] HTTP GET /api/v1/dao-tao-boi-duong responded 200 in 53.1507 ms
2026-04-14 15:19:38.833 +07:00 [INF] Request finished HTTP/1.1 GET http://localhost:5283/api/v1/dao-tao-boi-duong - 200 null application/json; charset=utf-8 57.4096ms
2026-04-14 15:23:56.983 +07:00 [INF] Request starting HTTP/1.1 OPTIONS http://localhost:5283/api/v1/don-vi/2001 - null null
2026-04-14 15:23:56.987 +07:00 [INF] CORS policy execution successful.
2026-04-14 15:23:56.988 +07:00 [INF] HTTP OPTIONS /api/v1/don-vi/2001 => 204 in 1.2362 ms CorrelationId=629620bcb93540c3a78e3116e1669a1b UserId=anonymous
2026-04-14 15:23:56.989 +07:00 [INF] HTTP OPTIONS /api/v1/don-vi/2001 responded 204 in 2.4680 ms
2026-04-14 15:23:56.992 +07:00 [INF] Request finished HTTP/1.1 OPTIONS http://localhost:5283/api/v1/don-vi/2001 - 204 null null 8.6831ms
2026-04-14 15:23:56.996 +07:00 [INF] Request starting HTTP/1.1 GET http://localhost:5283/api/v1/don-vi/2001 - null null
2026-04-14 15:23:56.997 +07:00 [INF] CORS policy execution successful.
2026-04-14 15:23:56.998 +07:00 [INF] Executing endpoint 'ThucLuc.Api.Controllers.V1.DonViController.GetById (ThucLuc.Api)'
2026-04-14 15:23:57.000 +07:00 [INF] Route matched with {action = "GetById", controller = "DonVi"}. Executing controller action with signature System.Threading.Tasks.Task`1[Microsoft.AspNetCore.Mvc.ActionResult`1[ThucLuc.Api.Common.Models.ApiResponse`1[ThucLuc.Application.Features.DonVi.DonViDto]]] GetById(Int64, System.Threading.CancellationToken) on controller ThucLuc.Api.Controllers.V1.DonViController (ThucLuc.Api).
2026-04-14 15:23:57.014 +07:00 [INF] Request starting HTTP/1.1 OPTIONS http://localhost:5283/api/v1/dao-tao-boi-duong - null null
2026-04-14 15:23:57.016 +07:00 [INF] CORS policy execution successful.
2026-04-14 15:23:57.016 +07:00 [INF] HTTP OPTIONS /api/v1/dao-tao-boi-duong => 204 in 0.5655 ms CorrelationId=72e2fed1778648d3b451f866768fd5c6 UserId=anonymous
2026-04-14 15:23:57.018 +07:00 [INF] HTTP OPTIONS /api/v1/dao-tao-boi-duong responded 204 in 1.8571 ms
2026-04-14 15:23:57.019 +07:00 [INF] Request finished HTTP/1.1 OPTIONS http://localhost:5283/api/v1/dao-tao-boi-duong - 204 null null 4.2284ms
2026-04-14 15:23:57.021 +07:00 [INF] Request starting HTTP/1.1 GET http://localhost:5283/api/v1/dao-tao-boi-duong - null null
2026-04-14 15:23:57.023 +07:00 [INF] CORS policy execution successful.
2026-04-14 15:23:57.024 +07:00 [INF] Executing endpoint 'ThucLuc.Api.Controllers.V1.DaoTaoBoiDuongController.GetAll (ThucLuc.Api)'
2026-04-14 15:23:57.025 +07:00 [INF] Route matched with {action = "GetAll", controller = "DaoTaoBoiDuong"}. Executing controller action with signature System.Threading.Tasks.Task`1[Microsoft.AspNetCore.Mvc.ActionResult`1[ThucLuc.Api.Common.Models.ApiResponse`1[System.Collections.Generic.IReadOnlyCollection`1[ThucLuc.Application.Features.DaoTaoBoiDuong.DaoTaoBoiDuongDto]]]] GetAll(System.Threading.CancellationToken) on controller ThucLuc.Api.Controllers.V1.DaoTaoBoiDuongController (ThucLuc.Api).
2026-04-14 15:23:57.048 +07:00 [INF] Executing OkObjectResult, writing value of type 'ThucLuc.Api.Common.Models.ApiResponse`1[[ThucLuc.Application.Features.DonVi.DonViDto, ThucLuc.Application, Version=1.0.0.0, Culture=neutral, PublicKeyToken=null]]'.
2026-04-14 15:23:57.050 +07:00 [INF] Executed action ThucLuc.Api.Controllers.V1.DonViController.GetById (ThucLuc.Api) in 48.0828ms
2026-04-14 15:23:57.051 +07:00 [INF] Executed endpoint 'ThucLuc.Api.Controllers.V1.DonViController.GetById (ThucLuc.Api)'
2026-04-14 15:23:57.051 +07:00 [INF] HTTP GET /api/v1/don-vi/2001 => 200 in 53.8848 ms CorrelationId=4e30e095f7c8448487df523d3d53a2b9 UserId=5001
2026-04-14 15:23:57.052 +07:00 [INF] HTTP GET /api/v1/don-vi/2001 responded 200 in 55.1537 ms
2026-04-14 15:23:57.053 +07:00 [INF] Request finished HTTP/1.1 GET http://localhost:5283/api/v1/don-vi/2001 - 200 null application/json; charset=utf-8 57.4696ms
2026-04-14 15:23:57.075 +07:00 [INF] Executing OkObjectResult, writing value of type 'ThucLuc.Api.Common.Models.ApiResponse`1[[System.Collections.Generic.IReadOnlyCollection`1[[ThucLuc.Application.Features.DaoTaoBoiDuong.DaoTaoBoiDuongDto, ThucLuc.Application, Version=1.0.0.0, Culture=neutral, PublicKeyToken=null]], System.Private.CoreLib, Version=8.0.0.0, Culture=neutral, PublicKeyToken=7cec85d7bea7798e]]'.
2026-04-14 15:23:57.077 +07:00 [INF] Executed action ThucLuc.Api.Controllers.V1.DaoTaoBoiDuongController.GetAll (ThucLuc.Api) in 50.9859ms
2026-04-14 15:23:57.079 +07:00 [INF] Executed endpoint 'ThucLuc.Api.Controllers.V1.DaoTaoBoiDuongController.GetAll (ThucLuc.Api)'
2026-04-14 15:23:57.081 +07:00 [INF] HTTP GET /api/v1/dao-tao-boi-duong => 200 in 57.3508 ms CorrelationId=aff968e2ce7444e18c7bded1094a3aa5 UserId=5001
2026-04-14 15:23:57.083 +07:00 [INF] HTTP GET /api/v1/dao-tao-boi-duong responded 200 in 59.9629 ms
2026-04-14 15:23:57.085 +07:00 [INF] Request finished HTTP/1.1 GET http://localhost:5283/api/v1/dao-tao-boi-duong - 200 null application/json; charset=utf-8 64.1064ms
2026-04-14 15:26:22.068 +07:00 [INF] Request starting HTTP/1.1 OPTIONS http://localhost:5283/api/v1/don-vi/2001 - null null
2026-04-14 15:26:22.069 +07:00 [INF] CORS policy execution successful.
2026-04-14 15:26:22.070 +07:00 [INF] HTTP OPTIONS /api/v1/don-vi/2001 => 204 in 0.7187 ms CorrelationId=1906dbe529994439894ee3983cc5e899 UserId=anonymous
2026-04-14 15:26:22.073 +07:00 [INF] HTTP OPTIONS /api/v1/don-vi/2001 responded 204 in 3.4761 ms
2026-04-14 15:26:22.076 +07:00 [INF] Request finished HTTP/1.1 OPTIONS http://localhost:5283/api/v1/don-vi/2001 - 204 null null 7.7239ms
2026-04-14 15:26:22.079 +07:00 [INF] Request starting HTTP/1.1 GET http://localhost:5283/api/v1/don-vi/2001 - null null
2026-04-14 15:26:22.082 +07:00 [INF] CORS policy execution successful.
2026-04-14 15:26:22.083 +07:00 [INF] Executing endpoint 'ThucLuc.Api.Controllers.V1.DonViController.GetById (ThucLuc.Api)'
2026-04-14 15:26:22.084 +07:00 [INF] Route matched with {action = "GetById", controller = "DonVi"}. Executing controller action with signature System.Threading.Tasks.Task`1[Microsoft.AspNetCore.Mvc.ActionResult`1[ThucLuc.Api.Common.Models.ApiResponse`1[ThucLuc.Application.Features.DonVi.DonViDto]]] GetById(Int64, System.Threading.CancellationToken) on controller ThucLuc.Api.Controllers.V1.DonViController (ThucLuc.Api).
2026-04-14 15:26:22.088 +07:00 [INF] Request starting HTTP/1.1 OPTIONS http://localhost:5283/api/v1/dao-tao-boi-duong - null null
2026-04-14 15:26:22.090 +07:00 [INF] CORS policy execution successful.
2026-04-14 15:26:22.091 +07:00 [INF] HTTP OPTIONS /api/v1/dao-tao-boi-duong => 204 in 1.2138 ms CorrelationId=7332b53b12bf4f3a9b721b7e81f177df UserId=anonymous
2026-04-14 15:26:22.094 +07:00 [INF] HTTP OPTIONS /api/v1/dao-tao-boi-duong responded 204 in 3.6089 ms
2026-04-14 15:26:22.096 +07:00 [INF] Request finished HTTP/1.1 OPTIONS http://localhost:5283/api/v1/dao-tao-boi-duong - 204 null null 8.4745ms
2026-04-14 15:26:22.100 +07:00 [INF] Request starting HTTP/1.1 GET http://localhost:5283/api/v1/dao-tao-boi-duong - null null
2026-04-14 15:26:22.102 +07:00 [INF] CORS policy execution successful.
2026-04-14 15:26:22.104 +07:00 [INF] Executing endpoint 'ThucLuc.Api.Controllers.V1.DaoTaoBoiDuongController.GetAll (ThucLuc.Api)'
2026-04-14 15:26:22.105 +07:00 [INF] Route matched with {action = "GetAll", controller = "DaoTaoBoiDuong"}. Executing controller action with signature System.Threading.Tasks.Task`1[Microsoft.AspNetCore.Mvc.ActionResult`1[ThucLuc.Api.Common.Models.ApiResponse`1[System.Collections.Generic.IReadOnlyCollection`1[ThucLuc.Application.Features.DaoTaoBoiDuong.DaoTaoBoiDuongDto]]]] GetAll(System.Threading.CancellationToken) on controller ThucLuc.Api.Controllers.V1.DaoTaoBoiDuongController (ThucLuc.Api).
2026-04-14 15:26:22.133 +07:00 [INF] Executing OkObjectResult, writing value of type 'ThucLuc.Api.Common.Models.ApiResponse`1[[ThucLuc.Application.Features.DonVi.DonViDto, ThucLuc.Application, Version=1.0.0.0, Culture=neutral, PublicKeyToken=null]]'.
2026-04-14 15:26:22.134 +07:00 [INF] Executed action ThucLuc.Api.Controllers.V1.DonViController.GetById (ThucLuc.Api) in 48.057ms
2026-04-14 15:26:22.135 +07:00 [INF] Executed endpoint 'ThucLuc.Api.Controllers.V1.DonViController.GetById (ThucLuc.Api)'
2026-04-14 15:26:22.136 +07:00 [INF] HTTP GET /api/v1/don-vi/2001 => 200 in 54.0839 ms CorrelationId=234abb3d548b4bc6bbca4935c90c6b1b UserId=5001
2026-04-14 15:26:22.138 +07:00 [INF] HTTP GET /api/v1/don-vi/2001 responded 200 in 56.1773 ms
2026-04-14 15:26:22.140 +07:00 [INF] Request finished HTTP/1.1 GET http://localhost:5283/api/v1/don-vi/2001 - 200 null application/json; charset=utf-8 60.7634ms
2026-04-14 15:26:22.153 +07:00 [INF] Executing OkObjectResult, writing value of type 'ThucLuc.Api.Common.Models.ApiResponse`1[[System.Collections.Generic.IReadOnlyCollection`1[[ThucLuc.Application.Features.DaoTaoBoiDuong.DaoTaoBoiDuongDto, ThucLuc.Application, Version=1.0.0.0, Culture=neutral, PublicKeyToken=null]], System.Private.CoreLib, Version=8.0.0.0, Culture=neutral, PublicKeyToken=7cec85d7bea7798e]]'.
2026-04-14 15:26:22.154 +07:00 [INF] Executed action ThucLuc.Api.Controllers.V1.DaoTaoBoiDuongController.GetAll (ThucLuc.Api) in 46.6583ms
2026-04-14 15:26:22.155 +07:00 [INF] Executed endpoint 'ThucLuc.Api.Controllers.V1.DaoTaoBoiDuongController.GetAll (ThucLuc.Api)'
2026-04-14 15:26:22.156 +07:00 [INF] HTTP GET /api/v1/dao-tao-boi-duong => 200 in 53.5032 ms CorrelationId=5ba5452c6a024426934707d55842aa3c UserId=5001
2026-04-14 15:26:22.158 +07:00 [INF] HTTP GET /api/v1/dao-tao-boi-duong responded 200 in 55.2270 ms
2026-04-14 15:26:22.159 +07:00 [INF] Request finished HTTP/1.1 GET http://localhost:5283/api/v1/dao-tao-boi-duong - 200 null application/json; charset=utf-8 58.9768ms
2026-04-14 15:26:22.473 +07:00 [INF] Request starting HTTP/1.1 GET http://localhost:5283/api/v1/don-vi/2001 - null null
2026-04-14 15:26:22.475 +07:00 [INF] CORS policy execution successful.
2026-04-14 15:26:22.476 +07:00 [INF] Executing endpoint 'ThucLuc.Api.Controllers.V1.DonViController.GetById (ThucLuc.Api)'
2026-04-14 15:26:22.476 +07:00 [INF] Route matched with {action = "GetById", controller = "DonVi"}. Executing controller action with signature System.Threading.Tasks.Task`1[Microsoft.AspNetCore.Mvc.ActionResult`1[ThucLuc.Api.Common.Models.ApiResponse`1[ThucLuc.Application.Features.DonVi.DonViDto]]] GetById(Int64, System.Threading.CancellationToken) on controller ThucLuc.Api.Controllers.V1.DonViController (ThucLuc.Api).
2026-04-14 15:26:22.483 +07:00 [INF] Request starting HTTP/1.1 OPTIONS http://localhost:5283/api/v1/ky-bao-cao/current - null null
2026-04-14 15:26:22.483 +07:00 [INF] Request starting HTTP/1.1 OPTIONS http://localhost:5283/api/v1/ky-bao-cao - null null
2026-04-14 15:26:22.484 +07:00 [INF] CORS policy execution successful.
2026-04-14 15:26:22.485 +07:00 [INF] CORS policy execution successful.
2026-04-14 15:26:22.487 +07:00 [INF] HTTP OPTIONS /api/v1/ky-bao-cao/current => 204 in 3.3872 ms CorrelationId=637352438e5b429fa815d98d39bc4e5e UserId=anonymous
2026-04-14 15:26:22.488 +07:00 [INF] HTTP OPTIONS /api/v1/ky-bao-cao => 204 in 2.9469 ms CorrelationId=3c95f37b100744d89bf96e121b46ac18 UserId=anonymous
2026-04-14 15:26:22.491 +07:00 [INF] HTTP OPTIONS /api/v1/ky-bao-cao/current responded 204 in 6.9050 ms
2026-04-14 15:26:22.493 +07:00 [INF] Request finished HTTP/1.1 OPTIONS http://localhost:5283/api/v1/ky-bao-cao/current - 204 null null 10.4721ms
2026-04-14 15:26:22.492 +07:00 [INF] HTTP OPTIONS /api/v1/ky-bao-cao responded 204 in 7.0415 ms
2026-04-14 15:26:22.496 +07:00 [INF] Request finished HTTP/1.1 OPTIONS http://localhost:5283/api/v1/ky-bao-cao - 204 null null 12.8309ms
2026-04-14 15:26:22.496 +07:00 [INF] Request starting HTTP/1.1 GET http://localhost:5283/api/v1/ky-bao-cao/current - null null
2026-04-14 15:26:22.498 +07:00 [INF] Request starting HTTP/1.1 GET http://localhost:5283/api/v1/ky-bao-cao - null null
2026-04-14 15:26:22.500 +07:00 [INF] CORS policy execution successful.
2026-04-14 15:26:22.501 +07:00 [INF] CORS policy execution successful.
2026-04-14 15:26:22.502 +07:00 [INF] Executing endpoint 'ThucLuc.Api.Controllers.V1.KyBaoCaoController.GetCurrent (ThucLuc.Api)'
2026-04-14 15:26:22.503 +07:00 [INF] Route matched with {action = "GetCurrent", controller = "KyBaoCao"}. Executing controller action with signature System.Threading.Tasks.Task`1[Microsoft.AspNetCore.Mvc.ActionResult`1[ThucLuc.Api.Common.Models.ApiResponse`1[ThucLuc.Application.Features.KyBaoCao.KyBaoCaoDto]]] GetCurrent(System.Threading.CancellationToken) on controller ThucLuc.Api.Controllers.V1.KyBaoCaoController (ThucLuc.Api).
2026-04-14 15:26:22.502 +07:00 [INF] Executing endpoint 'ThucLuc.Api.Controllers.V1.KyBaoCaoController.GetAll (ThucLuc.Api)'
2026-04-14 15:26:22.506 +07:00 [INF] Route matched with {action = "GetAll", controller = "KyBaoCao"}. Executing controller action with signature System.Threading.Tasks.Task`1[Microsoft.AspNetCore.Mvc.ActionResult`1[ThucLuc.Api.Common.Models.ApiResponse`1[System.Collections.Generic.IReadOnlyCollection`1[ThucLuc.Application.Features.KyBaoCao.KyBaoCaoDto]]]] GetAll(System.Threading.CancellationToken) on controller ThucLuc.Api.Controllers.V1.KyBaoCaoController (ThucLuc.Api).
2026-04-14 15:26:22.508 +07:00 [INF] Executing OkObjectResult, writing value of type 'ThucLuc.Api.Common.Models.ApiResponse`1[[ThucLuc.Application.Features.KyBaoCao.KyBaoCaoDto, ThucLuc.Application, Version=1.0.0.0, Culture=neutral, PublicKeyToken=null]]'.
2026-04-14 15:26:22.508 +07:00 [INF] Executing OkObjectResult, writing value of type 'ThucLuc.Api.Common.Models.ApiResponse`1[[System.Collections.Generic.IReadOnlyCollection`1[[ThucLuc.Application.Features.KyBaoCao.KyBaoCaoDto, ThucLuc.Application, Version=1.0.0.0, Culture=neutral, PublicKeyToken=null]], System.Private.CoreLib, Version=8.0.0.0, Culture=neutral, PublicKeyToken=7cec85d7bea7798e]]'.
2026-04-14 15:26:22.509 +07:00 [INF] Executed action ThucLuc.Api.Controllers.V1.KyBaoCaoController.GetCurrent (ThucLuc.Api) in 4.8534ms
2026-04-14 15:26:22.509 +07:00 [INF] Executed action ThucLuc.Api.Controllers.V1.KyBaoCaoController.GetAll (ThucLuc.Api) in 2.4888ms
2026-04-14 15:26:22.510 +07:00 [INF] Executed endpoint 'ThucLuc.Api.Controllers.V1.KyBaoCaoController.GetCurrent (ThucLuc.Api)'
2026-04-14 15:26:22.511 +07:00 [INF] Executed endpoint 'ThucLuc.Api.Controllers.V1.KyBaoCaoController.GetAll (ThucLuc.Api)'
2026-04-14 15:26:22.511 +07:00 [INF] HTTP GET /api/v1/ky-bao-cao/current => 200 in 11.3979 ms CorrelationId=eb8ad316de214e159dfb420a8299a356 UserId=5001
2026-04-14 15:26:22.513 +07:00 [INF] HTTP GET /api/v1/ky-bao-cao/current responded 200 in 12.8494 ms
2026-04-14 15:26:22.512 +07:00 [INF] HTTP GET /api/v1/ky-bao-cao => 200 in 10.777 ms CorrelationId=a61d6b9a8a084503808a9dfe769ccb44 UserId=5001
2026-04-14 15:26:22.514 +07:00 [INF] Request finished HTTP/1.1 GET http://localhost:5283/api/v1/ky-bao-cao/current - 200 null application/json; charset=utf-8 18.5932ms
2026-04-14 15:26:22.516 +07:00 [INF] HTTP GET /api/v1/ky-bao-cao responded 200 in 14.9790 ms
2026-04-14 15:26:22.518 +07:00 [INF] Request finished HTTP/1.1 GET http://localhost:5283/api/v1/ky-bao-cao - 200 null application/json; charset=utf-8 20.6737ms
2026-04-14 15:26:22.521 +07:00 [INF] Executing OkObjectResult, writing value of type 'ThucLuc.Api.Common.Models.ApiResponse`1[[ThucLuc.Application.Features.DonVi.DonViDto, ThucLuc.Application, Version=1.0.0.0, Culture=neutral, PublicKeyToken=null]]'.
2026-04-14 15:26:22.522 +07:00 [INF] Executed action ThucLuc.Api.Controllers.V1.DonViController.GetById (ThucLuc.Api) in 44.5622ms
2026-04-14 15:26:22.523 +07:00 [INF] Executed endpoint 'ThucLuc.Api.Controllers.V1.DonViController.GetById (ThucLuc.Api)'
2026-04-14 15:26:22.523 +07:00 [INF] HTTP GET /api/v1/don-vi/2001 => 200 in 48.3718 ms CorrelationId=124558c1df4a4f5ea285f0fda8045a17 UserId=5001
2026-04-14 15:26:22.524 +07:00 [INF] HTTP GET /api/v1/don-vi/2001 responded 200 in 49.3619 ms
2026-04-14 15:26:22.525 +07:00 [INF] Request finished HTTP/1.1 GET http://localhost:5283/api/v1/don-vi/2001 - 200 null application/json; charset=utf-8 51.861ms
2026-04-14 15:26:22.610 +07:00 [INF] Request starting HTTP/1.1 OPTIONS http://localhost:5283/api/v1/snapshot?kyBaoCaoId=6001 - null null
2026-04-14 15:26:22.612 +07:00 [INF] CORS policy execution successful.
2026-04-14 15:26:22.614 +07:00 [INF] HTTP OPTIONS /api/v1/snapshot => 204 in 1.5777 ms CorrelationId=d45cae063da0495793f0cc55ae04d46a UserId=anonymous
2026-04-14 15:26:22.616 +07:00 [INF] HTTP OPTIONS /api/v1/snapshot responded 204 in 3.2639 ms
2026-04-14 15:26:22.617 +07:00 [INF] Request finished HTTP/1.1 OPTIONS http://localhost:5283/api/v1/snapshot?kyBaoCaoId=6001 - 204 null null 6.6383ms
2026-04-14 15:26:22.619 +07:00 [INF] Request starting HTTP/1.1 GET http://localhost:5283/api/v1/snapshot?kyBaoCaoId=6001 - null null
2026-04-14 15:26:22.622 +07:00 [INF] CORS policy execution successful.
2026-04-14 15:26:22.623 +07:00 [INF] Executing endpoint 'ThucLuc.Api.Controllers.V1.BaoCaoSnapshotController.GetByKy (ThucLuc.Api)'
2026-04-14 15:26:22.624 +07:00 [INF] Route matched with {action = "GetByKy", controller = "BaoCaoSnapshot"}. Executing controller action with signature System.Threading.Tasks.Task`1[Microsoft.AspNetCore.Mvc.ActionResult`1[ThucLuc.Api.Common.Models.ApiResponse`1[System.Collections.Generic.IReadOnlyCollection`1[ThucLuc.Application.Features.BaoCaoSnapshot.BaoCaoSnapshotDto]]]] GetByKy(Int64, System.Threading.CancellationToken) on controller ThucLuc.Api.Controllers.V1.BaoCaoSnapshotController (ThucLuc.Api).
2026-04-14 15:26:22.631 +07:00 [INF] Executing OkObjectResult, writing value of type 'ThucLuc.Api.Common.Models.ApiResponse`1[[System.Collections.Generic.IReadOnlyCollection`1[[ThucLuc.Application.Features.BaoCaoSnapshot.BaoCaoSnapshotDto, ThucLuc.Application, Version=1.0.0.0, Culture=neutral, PublicKeyToken=null]], System.Private.CoreLib, Version=8.0.0.0, Culture=neutral, PublicKeyToken=7cec85d7bea7798e]]'.
2026-04-14 15:26:22.635 +07:00 [INF] Executed action ThucLuc.Api.Controllers.V1.BaoCaoSnapshotController.GetByKy (ThucLuc.Api) in 9.3733ms
2026-04-14 15:26:22.637 +07:00 [INF] Executed endpoint 'ThucLuc.Api.Controllers.V1.BaoCaoSnapshotController.GetByKy (ThucLuc.Api)'
2026-04-14 15:26:22.639 +07:00 [INF] HTTP GET /api/v1/snapshot => 200 in 17.8987 ms CorrelationId=518e0de2f45847868152515bd5c10623 UserId=5001
2026-04-14 15:26:22.641 +07:00 [INF] HTTP GET /api/v1/snapshot responded 200 in 19.7483 ms
2026-04-14 15:26:22.644 +07:00 [INF] Request finished HTTP/1.1 GET http://localhost:5283/api/v1/snapshot?kyBaoCaoId=6001 - 200 null application/json; charset=utf-8 24.8216ms
2026-04-14 15:35:22.060 +07:00 [INF] Request starting HTTP/1.1 OPTIONS http://localhost:5283/api/v1/don-vi/2001 - null null
2026-04-14 15:35:22.062 +07:00 [INF] CORS policy execution successful.
2026-04-14 15:35:22.063 +07:00 [INF] HTTP OPTIONS /api/v1/don-vi/2001 => 204 in 1.0885 ms CorrelationId=99aa4aade68d40a6a69101bf77dd9f33 UserId=anonymous
2026-04-14 15:35:22.065 +07:00 [INF] HTTP OPTIONS /api/v1/don-vi/2001 responded 204 in 3.0513 ms
2026-04-14 15:35:22.068 +07:00 [INF] Request finished HTTP/1.1 OPTIONS http://localhost:5283/api/v1/don-vi/2001 - 204 null null 7.9686ms
2026-04-14 15:35:22.070 +07:00 [INF] Request starting HTTP/1.1 GET http://localhost:5283/api/v1/don-vi/2001 - null null
2026-04-14 15:35:22.072 +07:00 [INF] CORS policy execution successful.
2026-04-14 15:35:22.073 +07:00 [INF] Executing endpoint 'ThucLuc.Api.Controllers.V1.DonViController.GetById (ThucLuc.Api)'
2026-04-14 15:35:22.074 +07:00 [INF] Route matched with {action = "GetById", controller = "DonVi"}. Executing controller action with signature System.Threading.Tasks.Task`1[Microsoft.AspNetCore.Mvc.ActionResult`1[ThucLuc.Api.Common.Models.ApiResponse`1[ThucLuc.Application.Features.DonVi.DonViDto]]] GetById(Int64, System.Threading.CancellationToken) on controller ThucLuc.Api.Controllers.V1.DonViController (ThucLuc.Api).
2026-04-14 15:35:22.080 +07:00 [INF] Request starting HTTP/1.1 OPTIONS http://localhost:5283/api/v1/dao-tao-boi-duong - null null
2026-04-14 15:35:22.083 +07:00 [INF] CORS policy execution successful.
2026-04-14 15:35:22.084 +07:00 [INF] HTTP OPTIONS /api/v1/dao-tao-boi-duong => 204 in 1.216 ms CorrelationId=7268b7a217ed4089a50dfca8080db1f6 UserId=anonymous
2026-04-14 15:35:22.086 +07:00 [INF] HTTP OPTIONS /api/v1/dao-tao-boi-duong responded 204 in 2.3914 ms
2026-04-14 15:35:22.087 +07:00 [INF] Request finished HTTP/1.1 OPTIONS http://localhost:5283/api/v1/dao-tao-boi-duong - 204 null null 6.8623ms
2026-04-14 15:35:22.089 +07:00 [INF] Request starting HTTP/1.1 GET http://localhost:5283/api/v1/dao-tao-boi-duong - null null
2026-04-14 15:35:22.092 +07:00 [INF] CORS policy execution successful.
2026-04-14 15:35:22.093 +07:00 [INF] Executing endpoint 'ThucLuc.Api.Controllers.V1.DaoTaoBoiDuongController.GetAll (ThucLuc.Api)'
2026-04-14 15:35:22.094 +07:00 [INF] Route matched with {action = "GetAll", controller = "DaoTaoBoiDuong"}. Executing controller action with signature System.Threading.Tasks.Task`1[Microsoft.AspNetCore.Mvc.ActionResult`1[ThucLuc.Api.Common.Models.ApiResponse`1[System.Collections.Generic.IReadOnlyCollection`1[ThucLuc.Application.Features.DaoTaoBoiDuong.DaoTaoBoiDuongDto]]]] GetAll(System.Threading.CancellationToken) on controller ThucLuc.Api.Controllers.V1.DaoTaoBoiDuongController (ThucLuc.Api).
2026-04-14 15:35:22.124 +07:00 [INF] Executing OkObjectResult, writing value of type 'ThucLuc.Api.Common.Models.ApiResponse`1[[ThucLuc.Application.Features.DonVi.DonViDto, ThucLuc.Application, Version=1.0.0.0, Culture=neutral, PublicKeyToken=null]]'.
2026-04-14 15:35:22.125 +07:00 [INF] Executed action ThucLuc.Api.Controllers.V1.DonViController.GetById (ThucLuc.Api) in 49.2111ms
2026-04-14 15:35:22.126 +07:00 [INF] Executed endpoint 'ThucLuc.Api.Controllers.V1.DonViController.GetById (ThucLuc.Api)'
2026-04-14 15:35:22.126 +07:00 [INF] HTTP GET /api/v1/don-vi/2001 => 200 in 54.4019 ms CorrelationId=8e2d7285e5d2494699da436fdfa9973d UserId=5001
2026-04-14 15:35:22.127 +07:00 [INF] HTTP GET /api/v1/don-vi/2001 responded 200 in 55.3547 ms
2026-04-14 15:35:22.129 +07:00 [INF] Request finished HTTP/1.1 GET http://localhost:5283/api/v1/don-vi/2001 - 200 null application/json; charset=utf-8 58.157ms
2026-04-14 15:35:22.181 +07:00 [INF] Executing OkObjectResult, writing value of type 'ThucLuc.Api.Common.Models.ApiResponse`1[[System.Collections.Generic.IReadOnlyCollection`1[[ThucLuc.Application.Features.DaoTaoBoiDuong.DaoTaoBoiDuongDto, ThucLuc.Application, Version=1.0.0.0, Culture=neutral, PublicKeyToken=null]], System.Private.CoreLib, Version=8.0.0.0, Culture=neutral, PublicKeyToken=7cec85d7bea7798e]]'.
2026-04-14 15:35:22.183 +07:00 [INF] Executed action ThucLuc.Api.Controllers.V1.DaoTaoBoiDuongController.GetAll (ThucLuc.Api) in 86.4837ms
2026-04-14 15:35:22.184 +07:00 [INF] Executed endpoint 'ThucLuc.Api.Controllers.V1.DaoTaoBoiDuongController.GetAll (ThucLuc.Api)'
2026-04-14 15:35:22.186 +07:00 [INF] HTTP GET /api/v1/dao-tao-boi-duong => 200 in 93.7772 ms CorrelationId=973bec42e3bb469099c659a5cfc42826 UserId=5001
2026-04-14 15:35:22.188 +07:00 [INF] HTTP GET /api/v1/dao-tao-boi-duong responded 200 in 95.5634 ms
2026-04-14 15:35:22.192 +07:00 [INF] Request finished HTTP/1.1 GET http://localhost:5283/api/v1/dao-tao-boi-duong - 200 null application/json; charset=utf-8 102.5849ms
2026-04-14 15:37:08.930 +07:00 [INF] Request starting HTTP/1.1 OPTIONS http://localhost:5283/api/v1/don-vi/2001 - null null
2026-04-14 15:37:08.933 +07:00 [INF] CORS policy execution successful.
2026-04-14 15:37:08.933 +07:00 [INF] HTTP OPTIONS /api/v1/don-vi/2001 => 204 in 0.6017 ms CorrelationId=95bf189bd35b456781563929768f51e1 UserId=anonymous
2026-04-14 15:37:08.935 +07:00 [INF] HTTP OPTIONS /api/v1/don-vi/2001 responded 204 in 1.9222 ms
2026-04-14 15:37:08.936 +07:00 [INF] Request finished HTTP/1.1 OPTIONS http://localhost:5283/api/v1/don-vi/2001 - 204 null null 5.3513ms
2026-04-14 15:37:08.938 +07:00 [INF] Request starting HTTP/1.1 GET http://localhost:5283/api/v1/don-vi/2001 - null null
2026-04-14 15:37:08.940 +07:00 [INF] CORS policy execution successful.
2026-04-14 15:37:08.942 +07:00 [INF] Executing endpoint 'ThucLuc.Api.Controllers.V1.DonViController.GetById (ThucLuc.Api)'
2026-04-14 15:37:08.944 +07:00 [INF] Route matched with {action = "GetById", controller = "DonVi"}. Executing controller action with signature System.Threading.Tasks.Task`1[Microsoft.AspNetCore.Mvc.ActionResult`1[ThucLuc.Api.Common.Models.ApiResponse`1[ThucLuc.Application.Features.DonVi.DonViDto]]] GetById(Int64, System.Threading.CancellationToken) on controller ThucLuc.Api.Controllers.V1.DonViController (ThucLuc.Api).
2026-04-14 15:37:08.947 +07:00 [INF] Request starting HTTP/1.1 OPTIONS http://localhost:5283/api/v1/dao-tao-boi-duong - null null
2026-04-14 15:37:08.949 +07:00 [INF] CORS policy execution successful.
2026-04-14 15:37:08.949 +07:00 [INF] HTTP OPTIONS /api/v1/dao-tao-boi-duong => 204 in 0.5314 ms CorrelationId=2f743eaddb8c46258ee0aaf85d60826a UserId=anonymous
2026-04-14 15:37:08.951 +07:00 [INF] HTTP OPTIONS /api/v1/dao-tao-boi-duong responded 204 in 2.1699 ms
2026-04-14 15:37:08.952 +07:00 [INF] Request finished HTTP/1.1 OPTIONS http://localhost:5283/api/v1/dao-tao-boi-duong - 204 null null 5.0528ms
2026-04-14 15:37:08.955 +07:00 [INF] Request starting HTTP/1.1 GET http://localhost:5283/api/v1/dao-tao-boi-duong - null null
2026-04-14 15:37:08.959 +07:00 [INF] CORS policy execution successful.
2026-04-14 15:37:08.960 +07:00 [INF] Executing endpoint 'ThucLuc.Api.Controllers.V1.DaoTaoBoiDuongController.GetAll (ThucLuc.Api)'
2026-04-14 15:37:08.962 +07:00 [INF] Route matched with {action = "GetAll", controller = "DaoTaoBoiDuong"}. Executing controller action with signature System.Threading.Tasks.Task`1[Microsoft.AspNetCore.Mvc.ActionResult`1[ThucLuc.Api.Common.Models.ApiResponse`1[System.Collections.Generic.IReadOnlyCollection`1[ThucLuc.Application.Features.DaoTaoBoiDuong.DaoTaoBoiDuongDto]]]] GetAll(System.Threading.CancellationToken) on controller ThucLuc.Api.Controllers.V1.DaoTaoBoiDuongController (ThucLuc.Api).
2026-04-14 15:37:08.994 +07:00 [INF] Executing OkObjectResult, writing value of type 'ThucLuc.Api.Common.Models.ApiResponse`1[[ThucLuc.Application.Features.DonVi.DonViDto, ThucLuc.Application, Version=1.0.0.0, Culture=neutral, PublicKeyToken=null]]'.
2026-04-14 15:37:08.996 +07:00 [INF] Executed action ThucLuc.Api.Controllers.V1.DonViController.GetById (ThucLuc.Api) in 50.3391ms
2026-04-14 15:37:08.998 +07:00 [INF] Executed endpoint 'ThucLuc.Api.Controllers.V1.DonViController.GetById (ThucLuc.Api)'
2026-04-14 15:37:08.999 +07:00 [INF] HTTP GET /api/v1/don-vi/2001 => 200 in 58.7149 ms CorrelationId=82d08fc681194b8a8ebe6b111038db31 UserId=5001
2026-04-14 15:37:09.000 +07:00 [INF] HTTP GET /api/v1/don-vi/2001 responded 200 in 60.0126 ms
2026-04-14 15:37:09.001 +07:00 [INF] Request finished HTTP/1.1 GET http://localhost:5283/api/v1/don-vi/2001 - 200 null application/json; charset=utf-8 63.0992ms
2026-04-14 15:37:09.008 +07:00 [INF] Executing OkObjectResult, writing value of type 'ThucLuc.Api.Common.Models.ApiResponse`1[[System.Collections.Generic.IReadOnlyCollection`1[[ThucLuc.Application.Features.DaoTaoBoiDuong.DaoTaoBoiDuongDto, ThucLuc.Application, Version=1.0.0.0, Culture=neutral, PublicKeyToken=null]], System.Private.CoreLib, Version=8.0.0.0, Culture=neutral, PublicKeyToken=7cec85d7bea7798e]]'.
2026-04-14 15:37:09.010 +07:00 [INF] Executed action ThucLuc.Api.Controllers.V1.DaoTaoBoiDuongController.GetAll (ThucLuc.Api) in 46.0886ms
2026-04-14 15:37:09.011 +07:00 [INF] Executed endpoint 'ThucLuc.Api.Controllers.V1.DaoTaoBoiDuongController.GetAll (ThucLuc.Api)'
2026-04-14 15:37:09.012 +07:00 [INF] HTTP GET /api/v1/dao-tao-boi-duong => 200 in 52.6421 ms CorrelationId=4c9bd2cac838416ba37e43403f7fd8e1 UserId=5001
2026-04-14 15:37:09.013 +07:00 [INF] HTTP GET /api/v1/dao-tao-boi-duong responded 200 in 53.9910 ms
2026-04-14 15:37:09.014 +07:00 [INF] Request finished HTTP/1.1 GET http://localhost:5283/api/v1/dao-tao-boi-duong - 200 null application/json; charset=utf-8 59.1788ms
2026-04-14 15:40:38.596 +07:00 [INF] Request starting HTTP/1.1 OPTIONS http://localhost:5283/api/v1/don-vi/2001 - null null
2026-04-14 15:40:38.599 +07:00 [INF] CORS policy execution successful.
2026-04-14 15:40:38.599 +07:00 [INF] HTTP OPTIONS /api/v1/don-vi/2001 => 204 in 0.8025 ms CorrelationId=c033206718014e689a5a1bb42031766e UserId=anonymous
2026-04-14 15:40:38.601 +07:00 [INF] HTTP OPTIONS /api/v1/don-vi/2001 responded 204 in 2.2302 ms
2026-04-14 15:40:38.603 +07:00 [INF] Request finished HTTP/1.1 OPTIONS http://localhost:5283/api/v1/don-vi/2001 - 204 null null 6.6702ms
2026-04-14 15:40:38.606 +07:00 [INF] Request starting HTTP/1.1 GET http://localhost:5283/api/v1/don-vi/2001 - null null
2026-04-14 15:40:38.608 +07:00 [INF] CORS policy execution successful.
2026-04-14 15:40:38.609 +07:00 [INF] Executing endpoint 'ThucLuc.Api.Controllers.V1.DonViController.GetById (ThucLuc.Api)'
2026-04-14 15:40:38.609 +07:00 [INF] Route matched with {action = "GetById", controller = "DonVi"}. Executing controller action with signature System.Threading.Tasks.Task`1[Microsoft.AspNetCore.Mvc.ActionResult`1[ThucLuc.Api.Common.Models.ApiResponse`1[ThucLuc.Application.Features.DonVi.DonViDto]]] GetById(Int64, System.Threading.CancellationToken) on controller ThucLuc.Api.Controllers.V1.DonViController (ThucLuc.Api).
2026-04-14 15:40:38.621 +07:00 [INF] Request starting HTTP/1.1 OPTIONS http://localhost:5283/api/v1/dao-tao-boi-duong - null null
2026-04-14 15:40:38.623 +07:00 [INF] CORS policy execution successful.
2026-04-14 15:40:38.624 +07:00 [INF] HTTP OPTIONS /api/v1/dao-tao-boi-duong => 204 in 0.8095 ms CorrelationId=eb26436e42bd41a0b837eece91fc35ac UserId=anonymous
2026-04-14 15:40:38.626 +07:00 [INF] HTTP OPTIONS /api/v1/dao-tao-boi-duong responded 204 in 3.0726 ms
2026-04-14 15:40:38.627 +07:00 [INF] Request finished HTTP/1.1 OPTIONS http://localhost:5283/api/v1/dao-tao-boi-duong - 204 null null 6.6877ms
2026-04-14 15:40:38.632 +07:00 [INF] Request starting HTTP/1.1 GET http://localhost:5283/api/v1/dao-tao-boi-duong - null null
2026-04-14 15:40:38.634 +07:00 [INF] CORS policy execution successful.
2026-04-14 15:40:38.635 +07:00 [INF] Executing endpoint 'ThucLuc.Api.Controllers.V1.DaoTaoBoiDuongController.GetAll (ThucLuc.Api)'
2026-04-14 15:40:38.637 +07:00 [INF] Route matched with {action = "GetAll", controller = "DaoTaoBoiDuong"}. Executing controller action with signature System.Threading.Tasks.Task`1[Microsoft.AspNetCore.Mvc.ActionResult`1[ThucLuc.Api.Common.Models.ApiResponse`1[System.Collections.Generic.IReadOnlyCollection`1[ThucLuc.Application.Features.DaoTaoBoiDuong.DaoTaoBoiDuongDto]]]] GetAll(System.Threading.CancellationToken) on controller ThucLuc.Api.Controllers.V1.DaoTaoBoiDuongController (ThucLuc.Api).
2026-04-14 15:40:38.657 +07:00 [INF] Executing OkObjectResult, writing value of type 'ThucLuc.Api.Common.Models.ApiResponse`1[[ThucLuc.Application.Features.DonVi.DonViDto, ThucLuc.Application, Version=1.0.0.0, Culture=neutral, PublicKeyToken=null]]'.
2026-04-14 15:40:38.658 +07:00 [INF] Executed action ThucLuc.Api.Controllers.V1.DonViController.GetById (ThucLuc.Api) in 46.5483ms
2026-04-14 15:40:38.659 +07:00 [INF] Executed endpoint 'ThucLuc.Api.Controllers.V1.DonViController.GetById (ThucLuc.Api)'
2026-04-14 15:40:38.659 +07:00 [INF] HTTP GET /api/v1/don-vi/2001 => 200 in 51.3857 ms CorrelationId=b6ea977b1d0a44fd8928db0a8695ae7d UserId=5001
2026-04-14 15:40:38.662 +07:00 [INF] HTTP GET /api/v1/don-vi/2001 responded 200 in 53.5397 ms
2026-04-14 15:40:38.663 +07:00 [INF] Request finished HTTP/1.1 GET http://localhost:5283/api/v1/don-vi/2001 - 200 null application/json; charset=utf-8 57.131ms
2026-04-14 15:40:38.688 +07:00 [INF] Executing OkObjectResult, writing value of type 'ThucLuc.Api.Common.Models.ApiResponse`1[[System.Collections.Generic.IReadOnlyCollection`1[[ThucLuc.Application.Features.DaoTaoBoiDuong.DaoTaoBoiDuongDto, ThucLuc.Application, Version=1.0.0.0, Culture=neutral, PublicKeyToken=null]], System.Private.CoreLib, Version=8.0.0.0, Culture=neutral, PublicKeyToken=7cec85d7bea7798e]]'.
2026-04-14 15:40:38.689 +07:00 [INF] Executed action ThucLuc.Api.Controllers.V1.DaoTaoBoiDuongController.GetAll (ThucLuc.Api) in 51.0688ms
2026-04-14 15:40:38.690 +07:00 [INF] Executed endpoint 'ThucLuc.Api.Controllers.V1.DaoTaoBoiDuongController.GetAll (ThucLuc.Api)'
2026-04-14 15:40:38.690 +07:00 [INF] HTTP GET /api/v1/dao-tao-boi-duong => 200 in 56.0366 ms CorrelationId=2ad5566041f0448facfbb09f859220c0 UserId=5001
2026-04-14 15:40:38.691 +07:00 [INF] HTTP GET /api/v1/dao-tao-boi-duong responded 200 in 56.8021 ms
2026-04-14 15:40:38.692 +07:00 [INF] Request finished HTTP/1.1 GET http://localhost:5283/api/v1/dao-tao-boi-duong - 200 null application/json; charset=utf-8 59.9074ms
2026-04-14 15:40:39.475 +07:00 [INF] Request starting HTTP/1.1 GET http://localhost:5283/api/v1/don-vi/2001 - null null
2026-04-14 15:40:39.478 +07:00 [INF] CORS policy execution successful.
2026-04-14 15:40:39.480 +07:00 [INF] Executing endpoint 'ThucLuc.Api.Controllers.V1.DonViController.GetById (ThucLuc.Api)'
2026-04-14 15:40:39.482 +07:00 [INF] Route matched with {action = "GetById", controller = "DonVi"}. Executing controller action with signature System.Threading.Tasks.Task`1[Microsoft.AspNetCore.Mvc.ActionResult`1[ThucLuc.Api.Common.Models.ApiResponse`1[ThucLuc.Application.Features.DonVi.DonViDto]]] GetById(Int64, System.Threading.CancellationToken) on controller ThucLuc.Api.Controllers.V1.DonViController (ThucLuc.Api).
2026-04-14 15:40:39.491 +07:00 [INF] Request starting HTTP/1.1 OPTIONS http://localhost:5283/api/v1/ky-bao-cao/current - null null
2026-04-14 15:40:39.492 +07:00 [INF] Request starting HTTP/1.1 OPTIONS http://localhost:5283/api/v1/ky-bao-cao - null null
2026-04-14 15:40:39.497 +07:00 [INF] CORS policy execution successful.
2026-04-14 15:40:39.498 +07:00 [INF] HTTP OPTIONS /api/v1/ky-bao-cao => 204 in 0.8418 ms CorrelationId=770f5fb65d974032b55886a91e952554 UserId=anonymous
2026-04-14 15:40:39.494 +07:00 [INF] CORS policy execution successful.
2026-04-14 15:40:39.502 +07:00 [INF] HTTP OPTIONS /api/v1/ky-bao-cao responded 204 in 5.4214 ms
2026-04-14 15:40:39.503 +07:00 [INF] HTTP OPTIONS /api/v1/ky-bao-cao/current => 204 in 9.4542 ms CorrelationId=b2dba2ad172d4db2bf9bb0fd63bfea34 UserId=anonymous
2026-04-14 15:40:39.506 +07:00 [INF] Request finished HTTP/1.1 OPTIONS http://localhost:5283/api/v1/ky-bao-cao - 204 null null 13.7238ms
2026-04-14 15:40:39.509 +07:00 [INF] HTTP OPTIONS /api/v1/ky-bao-cao/current responded 204 in 14.9508 ms
2026-04-14 15:40:39.517 +07:00 [INF] Request starting HTTP/1.1 GET http://localhost:5283/api/v1/ky-bao-cao - null null
2026-04-14 15:40:39.520 +07:00 [INF] Request finished HTTP/1.1 OPTIONS http://localhost:5283/api/v1/ky-bao-cao/current - 204 null null 29.1502ms
2026-04-14 15:40:39.526 +07:00 [INF] Request starting HTTP/1.1 GET http://localhost:5283/api/v1/ky-bao-cao/current - null null
2026-04-14 15:40:39.522 +07:00 [INF] CORS policy execution successful.
2026-04-14 15:40:39.529 +07:00 [INF] CORS policy execution successful.
2026-04-14 15:40:39.530 +07:00 [INF] Executing endpoint 'ThucLuc.Api.Controllers.V1.KyBaoCaoController.GetAll (ThucLuc.Api)'
2026-04-14 15:40:39.534 +07:00 [INF] Executing OkObjectResult, writing value of type 'ThucLuc.Api.Common.Models.ApiResponse`1[[ThucLuc.Application.Features.DonVi.DonViDto, ThucLuc.Application, Version=1.0.0.0, Culture=neutral, PublicKeyToken=null]]'.
2026-04-14 15:40:39.534 +07:00 [INF] Route matched with {action = "GetAll", controller = "KyBaoCao"}. Executing controller action with signature System.Threading.Tasks.Task`1[Microsoft.AspNetCore.Mvc.ActionResult`1[ThucLuc.Api.Common.Models.ApiResponse`1[System.Collections.Generic.IReadOnlyCollection`1[ThucLuc.Application.Features.KyBaoCao.KyBaoCaoDto]]]] GetAll(System.Threading.CancellationToken) on controller ThucLuc.Api.Controllers.V1.KyBaoCaoController (ThucLuc.Api).
2026-04-14 15:40:39.532 +07:00 [INF] Executing endpoint 'ThucLuc.Api.Controllers.V1.KyBaoCaoController.GetCurrent (ThucLuc.Api)'
2026-04-14 15:40:39.535 +07:00 [INF] Executed action ThucLuc.Api.Controllers.V1.DonViController.GetById (ThucLuc.Api) in 49.366ms
2026-04-14 15:40:39.538 +07:00 [INF] Route matched with {action = "GetCurrent", controller = "KyBaoCao"}. Executing controller action with signature System.Threading.Tasks.Task`1[Microsoft.AspNetCore.Mvc.ActionResult`1[ThucLuc.Api.Common.Models.ApiResponse`1[ThucLuc.Application.Features.KyBaoCao.KyBaoCaoDto]]] GetCurrent(System.Threading.CancellationToken) on controller ThucLuc.Api.Controllers.V1.KyBaoCaoController (ThucLuc.Api).
2026-04-14 15:40:39.539 +07:00 [INF] Executed endpoint 'ThucLuc.Api.Controllers.V1.DonViController.GetById (ThucLuc.Api)'
2026-04-14 15:40:39.542 +07:00 [INF] HTTP GET /api/v1/don-vi/2001 => 200 in 64.0814 ms CorrelationId=836cfe96b96f4e4a9d58c3fca27e66d1 UserId=5001
2026-04-14 15:40:39.544 +07:00 [INF] HTTP GET /api/v1/don-vi/2001 responded 200 in 66.2110 ms
2026-04-14 15:40:39.546 +07:00 [INF] Request finished HTTP/1.1 GET http://localhost:5283/api/v1/don-vi/2001 - 200 null application/json; charset=utf-8 70.8024ms
2026-04-14 15:40:39.584 +07:00 [INF] Executing OkObjectResult, writing value of type 'ThucLuc.Api.Common.Models.ApiResponse`1[[System.Collections.Generic.IReadOnlyCollection`1[[ThucLuc.Application.Features.KyBaoCao.KyBaoCaoDto, ThucLuc.Application, Version=1.0.0.0, Culture=neutral, PublicKeyToken=null]], System.Private.CoreLib, Version=8.0.0.0, Culture=neutral, PublicKeyToken=7cec85d7bea7798e]]'.
2026-04-14 15:40:39.584 +07:00 [INF] Executing OkObjectResult, writing value of type 'ThucLuc.Api.Common.Models.ApiResponse`1[[ThucLuc.Application.Features.KyBaoCao.KyBaoCaoDto, ThucLuc.Application, Version=1.0.0.0, Culture=neutral, PublicKeyToken=null]]'.
2026-04-14 15:40:39.588 +07:00 [INF] Executed action ThucLuc.Api.Controllers.V1.KyBaoCaoController.GetAll (ThucLuc.Api) in 50.7688ms
2026-04-14 15:40:39.590 +07:00 [INF] Executed endpoint 'ThucLuc.Api.Controllers.V1.KyBaoCaoController.GetAll (ThucLuc.Api)'
2026-04-14 15:40:39.589 +07:00 [INF] Executed action ThucLuc.Api.Controllers.V1.KyBaoCaoController.GetCurrent (ThucLuc.Api) in 48.1095ms
2026-04-14 15:40:39.593 +07:00 [INF] Executed endpoint 'ThucLuc.Api.Controllers.V1.KyBaoCaoController.GetCurrent (ThucLuc.Api)'
2026-04-14 15:40:39.593 +07:00 [INF] HTTP GET /api/v1/ky-bao-cao/current => 200 in 64.1185 ms CorrelationId=53068977bab64352b14fb51d385d66c7 UserId=5001
2026-04-14 15:40:39.591 +07:00 [INF] HTTP GET /api/v1/ky-bao-cao => 200 in 69.1642 ms CorrelationId=af8d466ceafe48f18c9b4ae7e5347b4c UserId=5001
2026-04-14 15:40:39.599 +07:00 [INF] HTTP GET /api/v1/ky-bao-cao responded 200 in 76.3485 ms
2026-04-14 15:40:39.596 +07:00 [INF] HTTP GET /api/v1/ky-bao-cao/current responded 200 in 66.7231 ms
2026-04-14 15:40:39.601 +07:00 [INF] Request finished HTTP/1.1 GET http://localhost:5283/api/v1/ky-bao-cao - 200 null application/json; charset=utf-8 84.1217ms
2026-04-14 15:40:39.603 +07:00 [INF] Request finished HTTP/1.1 GET http://localhost:5283/api/v1/ky-bao-cao/current - 200 null application/json; charset=utf-8 76.4505ms
2026-04-14 15:40:39.631 +07:00 [INF] Request starting HTTP/1.1 OPTIONS http://localhost:5283/api/v1/snapshot?kyBaoCaoId=6001 - null null
2026-04-14 15:40:39.634 +07:00 [INF] CORS policy execution successful.
2026-04-14 15:40:39.637 +07:00 [INF] HTTP OPTIONS /api/v1/snapshot => 204 in 2.2718 ms CorrelationId=da340411327d4e5cb2e4029569f0f5ff UserId=anonymous
2026-04-14 15:40:39.640 +07:00 [INF] HTTP OPTIONS /api/v1/snapshot responded 204 in 5.6137 ms
2026-04-14 15:40:39.641 +07:00 [INF] Request finished HTTP/1.1 OPTIONS http://localhost:5283/api/v1/snapshot?kyBaoCaoId=6001 - 204 null null 9.3521ms
2026-04-14 15:40:39.644 +07:00 [INF] Request starting HTTP/1.1 GET http://localhost:5283/api/v1/snapshot?kyBaoCaoId=6001 - null null
2026-04-14 15:40:39.648 +07:00 [INF] CORS policy execution successful.
2026-04-14 15:40:39.648 +07:00 [INF] Executing endpoint 'ThucLuc.Api.Controllers.V1.BaoCaoSnapshotController.GetByKy (ThucLuc.Api)'
2026-04-14 15:40:39.650 +07:00 [INF] Route matched with {action = "GetByKy", controller = "BaoCaoSnapshot"}. Executing controller action with signature System.Threading.Tasks.Task`1[Microsoft.AspNetCore.Mvc.ActionResult`1[ThucLuc.Api.Common.Models.ApiResponse`1[System.Collections.Generic.IReadOnlyCollection`1[ThucLuc.Application.Features.BaoCaoSnapshot.BaoCaoSnapshotDto]]]] GetByKy(Int64, System.Threading.CancellationToken) on controller ThucLuc.Api.Controllers.V1.BaoCaoSnapshotController (ThucLuc.Api).
2026-04-14 15:40:39.701 +07:00 [INF] Executing OkObjectResult, writing value of type 'ThucLuc.Api.Common.Models.ApiResponse`1[[System.Collections.Generic.IReadOnlyCollection`1[[ThucLuc.Application.Features.BaoCaoSnapshot.BaoCaoSnapshotDto, ThucLuc.Application, Version=1.0.0.0, Culture=neutral, PublicKeyToken=null]], System.Private.CoreLib, Version=8.0.0.0, Culture=neutral, PublicKeyToken=7cec85d7bea7798e]]'.
2026-04-14 15:40:39.702 +07:00 [INF] Executed action ThucLuc.Api.Controllers.V1.BaoCaoSnapshotController.GetByKy (ThucLuc.Api) in 50.4179ms
2026-04-14 15:40:39.703 +07:00 [INF] Executed endpoint 'ThucLuc.Api.Controllers.V1.BaoCaoSnapshotController.GetByKy (ThucLuc.Api)'
2026-04-14 15:40:39.704 +07:00 [INF] HTTP GET /api/v1/snapshot => 200 in 56.7224 ms CorrelationId=456835c2d5db4dafbe62f3b49d8dd6bf UserId=5001
2026-04-14 15:40:39.706 +07:00 [INF] HTTP GET /api/v1/snapshot responded 200 in 57.9030 ms
2026-04-14 15:40:39.707 +07:00 [INF] Request finished HTTP/1.1 GET http://localhost:5283/api/v1/snapshot?kyBaoCaoId=6001 - 200 null application/json; charset=utf-8 62.2308ms
2026-04-14 15:43:20.605 +07:00 [INF] Request starting HTTP/1.1 OPTIONS http://localhost:5283/api/v1/don-vi/2001 - null null
2026-04-14 15:43:20.607 +07:00 [INF] CORS policy execution successful.
2026-04-14 15:43:20.608 +07:00 [INF] HTTP OPTIONS /api/v1/don-vi/2001 => 204 in 0.8109 ms CorrelationId=2f34dcb5f31340c882c595fe58435d35 UserId=anonymous
2026-04-14 15:43:20.609 +07:00 [INF] HTTP OPTIONS /api/v1/don-vi/2001 responded 204 in 2.4372 ms
2026-04-14 15:43:20.611 +07:00 [INF] Request finished HTTP/1.1 OPTIONS http://localhost:5283/api/v1/don-vi/2001 - 204 null null 6.8123ms
2026-04-14 15:43:20.613 +07:00 [INF] Request starting HTTP/1.1 GET http://localhost:5283/api/v1/don-vi/2001 - null null
2026-04-14 15:43:20.614 +07:00 [INF] CORS policy execution successful.
2026-04-14 15:43:20.615 +07:00 [INF] Executing endpoint 'ThucLuc.Api.Controllers.V1.DonViController.GetById (ThucLuc.Api)'
2026-04-14 15:43:20.617 +07:00 [INF] Route matched with {action = "GetById", controller = "DonVi"}. Executing controller action with signature System.Threading.Tasks.Task`1[Microsoft.AspNetCore.Mvc.ActionResult`1[ThucLuc.Api.Common.Models.ApiResponse`1[ThucLuc.Application.Features.DonVi.DonViDto]]] GetById(Int64, System.Threading.CancellationToken) on controller ThucLuc.Api.Controllers.V1.DonViController (ThucLuc.Api).
2026-04-14 15:43:20.624 +07:00 [INF] Request starting HTTP/1.1 OPTIONS http://localhost:5283/api/v1/dao-tao-boi-duong - null null
2026-04-14 15:43:20.627 +07:00 [INF] CORS policy execution successful.
2026-04-14 15:43:20.628 +07:00 [INF] HTTP OPTIONS /api/v1/dao-tao-boi-duong => 204 in 1.0538 ms CorrelationId=e6c7fbea9504402b995c71dbca09ee51 UserId=anonymous
2026-04-14 15:43:20.630 +07:00 [INF] HTTP OPTIONS /api/v1/dao-tao-boi-duong responded 204 in 3.8913 ms
2026-04-14 15:43:20.632 +07:00 [INF] Request finished HTTP/1.1 OPTIONS http://localhost:5283/api/v1/dao-tao-boi-duong - 204 null null 8.639ms
2026-04-14 15:43:20.635 +07:00 [INF] Request starting HTTP/1.1 GET http://localhost:5283/api/v1/dao-tao-boi-duong - null null
2026-04-14 15:43:20.637 +07:00 [INF] CORS policy execution successful.
2026-04-14 15:43:20.637 +07:00 [INF] Executing endpoint 'ThucLuc.Api.Controllers.V1.DaoTaoBoiDuongController.GetAll (ThucLuc.Api)'
2026-04-14 15:43:20.639 +07:00 [INF] Route matched with {action = "GetAll", controller = "DaoTaoBoiDuong"}. Executing controller action with signature System.Threading.Tasks.Task`1[Microsoft.AspNetCore.Mvc.ActionResult`1[ThucLuc.Api.Common.Models.ApiResponse`1[System.Collections.Generic.IReadOnlyCollection`1[ThucLuc.Application.Features.DaoTaoBoiDuong.DaoTaoBoiDuongDto]]]] GetAll(System.Threading.CancellationToken) on controller ThucLuc.Api.Controllers.V1.DaoTaoBoiDuongController (ThucLuc.Api).
2026-04-14 15:43:20.663 +07:00 [INF] Executing OkObjectResult, writing value of type 'ThucLuc.Api.Common.Models.ApiResponse`1[[ThucLuc.Application.Features.DonVi.DonViDto, ThucLuc.Application, Version=1.0.0.0, Culture=neutral, PublicKeyToken=null]]'.
2026-04-14 15:43:20.665 +07:00 [INF] Executed action ThucLuc.Api.Controllers.V1.DonViController.GetById (ThucLuc.Api) in 46.7511ms
2026-04-14 15:43:20.666 +07:00 [INF] Executed endpoint 'ThucLuc.Api.Controllers.V1.DonViController.GetById (ThucLuc.Api)'
2026-04-14 15:43:20.666 +07:00 [INF] HTTP GET /api/v1/don-vi/2001 => 200 in 52.0642 ms CorrelationId=703a61809403410bafd141b60cdaeffe UserId=5001
2026-04-14 15:43:20.669 +07:00 [INF] HTTP GET /api/v1/don-vi/2001 responded 200 in 55.0575 ms
2026-04-14 15:43:20.670 +07:00 [INF] Request finished HTTP/1.1 GET http://localhost:5283/api/v1/don-vi/2001 - 200 null application/json; charset=utf-8 57.0918ms
2026-04-14 15:43:20.686 +07:00 [INF] Executing OkObjectResult, writing value of type 'ThucLuc.Api.Common.Models.ApiResponse`1[[System.Collections.Generic.IReadOnlyCollection`1[[ThucLuc.Application.Features.DaoTaoBoiDuong.DaoTaoBoiDuongDto, ThucLuc.Application, Version=1.0.0.0, Culture=neutral, PublicKeyToken=null]], System.Private.CoreLib, Version=8.0.0.0, Culture=neutral, PublicKeyToken=7cec85d7bea7798e]]'.
2026-04-14 15:43:20.688 +07:00 [INF] Executed action ThucLuc.Api.Controllers.V1.DaoTaoBoiDuongController.GetAll (ThucLuc.Api) in 47.2646ms
2026-04-14 15:43:20.690 +07:00 [INF] Executed endpoint 'ThucLuc.Api.Controllers.V1.DaoTaoBoiDuongController.GetAll (ThucLuc.Api)'
2026-04-14 15:43:20.693 +07:00 [INF] HTTP GET /api/v1/dao-tao-boi-duong => 200 in 55.8546 ms CorrelationId=a511f3f9291b40cdba89e54b52eb9c9f UserId=5001
2026-04-14 15:43:20.695 +07:00 [INF] HTTP GET /api/v1/dao-tao-boi-duong responded 200 in 58.0162 ms
2026-04-14 15:43:20.695 +07:00 [INF] Request finished HTTP/1.1 GET http://localhost:5283/api/v1/dao-tao-boi-duong - 200 null application/json; charset=utf-8 60.8461ms
2026-04-14 15:44:59.134 +07:00 [INF] Request starting HTTP/1.1 OPTIONS http://localhost:5283/api/v1/mau-bao-cao/module-catalog - null null
2026-04-14 15:44:59.134 +07:00 [INF] Request starting HTTP/1.1 OPTIONS http://localhost:5283/api/v1/mau-bao-cao?includeInactive=true - null null
2026-04-14 15:44:59.139 +07:00 [INF] CORS policy execution successful.
2026-04-14 15:44:59.140 +07:00 [INF] CORS policy execution successful.
2026-04-14 15:44:59.141 +07:00 [INF] HTTP OPTIONS /api/v1/mau-bao-cao/module-catalog => 204 in 1.4507 ms CorrelationId=1d8f5b6de7ae4766a9bba4b52735cc39 UserId=anonymous
2026-04-14 15:44:59.141 +07:00 [INF] HTTP OPTIONS /api/v1/mau-bao-cao => 204 in 0.7729 ms CorrelationId=8271e86467da4ef28d7191b9692840d3 UserId=anonymous
2026-04-14 15:44:59.142 +07:00 [INF] HTTP OPTIONS /api/v1/mau-bao-cao/module-catalog responded 204 in 2.9982 ms
2026-04-14 15:44:59.143 +07:00 [INF] HTTP OPTIONS /api/v1/mau-bao-cao responded 204 in 3.0296 ms
2026-04-14 15:44:59.145 +07:00 [INF] Request finished HTTP/1.1 OPTIONS http://localhost:5283/api/v1/mau-bao-cao/module-catalog - 204 null null 10.598ms
2026-04-14 15:44:59.146 +07:00 [INF] Request finished HTTP/1.1 OPTIONS http://localhost:5283/api/v1/mau-bao-cao?includeInactive=true - 204 null null 11.4945ms
2026-04-14 15:44:59.149 +07:00 [INF] Request starting HTTP/1.1 GET http://localhost:5283/api/v1/mau-bao-cao?includeInactive=true - null null
2026-04-14 15:44:59.151 +07:00 [INF] Request starting HTTP/1.1 GET http://localhost:5283/api/v1/mau-bao-cao/module-catalog - null null
2026-04-14 15:44:59.152 +07:00 [INF] CORS policy execution successful.
2026-04-14 15:44:59.155 +07:00 [INF] CORS policy execution successful.
2026-04-14 15:44:59.155 +07:00 [INF] Executing endpoint 'ThucLuc.Api.Controllers.V1.MauBaoCaoController.GetAll (ThucLuc.Api)'
2026-04-14 15:44:59.156 +07:00 [INF] Executing endpoint 'ThucLuc.Api.Controllers.V1.MauBaoCaoController.GetModuleCatalog (ThucLuc.Api)'
2026-04-14 15:44:59.157 +07:00 [INF] Route matched with {action = "GetAll", controller = "MauBaoCao"}. Executing controller action with signature System.Threading.Tasks.Task`1[Microsoft.AspNetCore.Mvc.ActionResult`1[ThucLuc.Api.Common.Models.ApiResponse`1[System.Collections.Generic.IReadOnlyCollection`1[ThucLuc.Application.Features.MauBaoCao.MauBaoCaoDto]]]] GetAll(Boolean, System.Threading.CancellationToken) on controller ThucLuc.Api.Controllers.V1.MauBaoCaoController (ThucLuc.Api).
2026-04-14 15:44:59.157 +07:00 [INF] Route matched with {action = "GetModuleCatalog", controller = "MauBaoCao"}. Executing controller action with signature System.Threading.Tasks.Task`1[Microsoft.AspNetCore.Mvc.ActionResult`1[ThucLuc.Api.Common.Models.ApiResponse`1[System.Collections.Generic.IReadOnlyCollection`1[ThucLuc.Application.Features.MauBaoCao.MauBaoCaoModuleCatalogGroupDto]]]] GetModuleCatalog(System.Threading.CancellationToken) on controller ThucLuc.Api.Controllers.V1.MauBaoCaoController (ThucLuc.Api).
2026-04-14 15:44:59.159 +07:00 [INF] Executing OkObjectResult, writing value of type 'ThucLuc.Api.Common.Models.ApiResponse`1[[System.Collections.Generic.IReadOnlyCollection`1[[ThucLuc.Application.Features.MauBaoCao.MauBaoCaoModuleCatalogGroupDto, ThucLuc.Application, Version=1.0.0.0, Culture=neutral, PublicKeyToken=null]], System.Private.CoreLib, Version=8.0.0.0, Culture=neutral, PublicKeyToken=7cec85d7bea7798e]]'.
2026-04-14 15:44:59.159 +07:00 [INF] Executed action ThucLuc.Api.Controllers.V1.MauBaoCaoController.GetModuleCatalog (ThucLuc.Api) in 0.816ms
2026-04-14 15:44:59.160 +07:00 [INF] Executed endpoint 'ThucLuc.Api.Controllers.V1.MauBaoCaoController.GetModuleCatalog (ThucLuc.Api)'
2026-04-14 15:44:59.160 +07:00 [INF] HTTP GET /api/v1/mau-bao-cao/module-catalog => 200 in 5.9888 ms CorrelationId=ae4d65331fda4294940cc9769b6b8427 UserId=5001
2026-04-14 15:44:59.162 +07:00 [INF] HTTP GET /api/v1/mau-bao-cao/module-catalog responded 200 in 7.1687 ms
2026-04-14 15:44:59.162 +07:00 [INF] Request finished HTTP/1.1 GET http://localhost:5283/api/v1/mau-bao-cao/module-catalog - 200 null application/json; charset=utf-8 11.6204ms
2026-04-14 15:44:59.206 +07:00 [INF] Executing OkObjectResult, writing value of type 'ThucLuc.Api.Common.Models.ApiResponse`1[[System.Collections.Generic.IReadOnlyCollection`1[[ThucLuc.Application.Features.MauBaoCao.MauBaoCaoDto, ThucLuc.Application, Version=1.0.0.0, Culture=neutral, PublicKeyToken=null]], System.Private.CoreLib, Version=8.0.0.0, Culture=neutral, PublicKeyToken=7cec85d7bea7798e]]'.
2026-04-14 15:44:59.207 +07:00 [INF] Executed action ThucLuc.Api.Controllers.V1.MauBaoCaoController.GetAll (ThucLuc.Api) in 49.6901ms
2026-04-14 15:44:59.208 +07:00 [INF] Executed endpoint 'ThucLuc.Api.Controllers.V1.MauBaoCaoController.GetAll (ThucLuc.Api)'
2026-04-14 15:44:59.209 +07:00 [INF] HTTP GET /api/v1/mau-bao-cao => 200 in 56.4044 ms CorrelationId=0cb95e2b88be4dd6b28be0ed9a0025bf UserId=5001
2026-04-14 15:44:59.210 +07:00 [INF] HTTP GET /api/v1/mau-bao-cao responded 200 in 57.4042 ms
2026-04-14 15:44:59.210 +07:00 [INF] Request finished HTTP/1.1 GET http://localhost:5283/api/v1/mau-bao-cao?includeInactive=true - 200 null application/json; charset=utf-8 61.2651ms
2026-04-14 15:45:02.998 +07:00 [INF] Request starting HTTP/1.1 OPTIONS http://localhost:5283/api/v1/don-vi/2001 - null null
2026-04-14 15:45:03.000 +07:00 [INF] CORS policy execution successful.
2026-04-14 15:45:03.001 +07:00 [INF] HTTP OPTIONS /api/v1/don-vi/2001 => 204 in 0.8748 ms CorrelationId=dd61e931ca8c48e09e4d890307f1bc4a UserId=anonymous
2026-04-14 15:45:03.001 +07:00 [INF] Request starting HTTP/1.1 GET http://localhost:5283/api/v1/mau-bao-cao?includeInactive=true - null null
2026-04-14 15:45:03.001 +07:00 [INF] Request starting HTTP/1.1 GET http://localhost:5283/api/v1/mau-bao-cao/module-catalog - null null
2026-04-14 15:45:03.003 +07:00 [INF] HTTP OPTIONS /api/v1/don-vi/2001 responded 204 in 3.5568 ms
2026-04-14 15:45:03.006 +07:00 [INF] CORS policy execution successful.
2026-04-14 15:45:03.008 +07:00 [INF] CORS policy execution successful.
2026-04-14 15:45:03.009 +07:00 [INF] Request finished HTTP/1.1 OPTIONS http://localhost:5283/api/v1/don-vi/2001 - 204 null null 10.8936ms
2026-04-14 15:45:03.010 +07:00 [INF] Executing endpoint 'ThucLuc.Api.Controllers.V1.MauBaoCaoController.GetAll (ThucLuc.Api)'
2026-04-14 15:45:03.011 +07:00 [INF] Executing endpoint 'ThucLuc.Api.Controllers.V1.MauBaoCaoController.GetModuleCatalog (ThucLuc.Api)'
2026-04-14 15:45:03.014 +07:00 [INF] Request starting HTTP/1.1 GET http://localhost:5283/api/v1/don-vi/2001 - null null
2026-04-14 15:45:03.015 +07:00 [INF] Route matched with {action = "GetAll", controller = "MauBaoCao"}. Executing controller action with signature System.Threading.Tasks.Task`1[Microsoft.AspNetCore.Mvc.ActionResult`1[ThucLuc.Api.Common.Models.ApiResponse`1[System.Collections.Generic.IReadOnlyCollection`1[ThucLuc.Application.Features.MauBaoCao.MauBaoCaoDto]]]] GetAll(Boolean, System.Threading.CancellationToken) on controller ThucLuc.Api.Controllers.V1.MauBaoCaoController (ThucLuc.Api).
2026-04-14 15:45:03.016 +07:00 [INF] Route matched with {action = "GetModuleCatalog", controller = "MauBaoCao"}. Executing controller action with signature System.Threading.Tasks.Task`1[Microsoft.AspNetCore.Mvc.ActionResult`1[ThucLuc.Api.Common.Models.ApiResponse`1[System.Collections.Generic.IReadOnlyCollection`1[ThucLuc.Application.Features.MauBaoCao.MauBaoCaoModuleCatalogGroupDto]]]] GetModuleCatalog(System.Threading.CancellationToken) on controller ThucLuc.Api.Controllers.V1.MauBaoCaoController (ThucLuc.Api).
2026-04-14 15:45:03.018 +07:00 [INF] CORS policy execution successful.
2026-04-14 15:45:03.024 +07:00 [INF] Executing OkObjectResult, writing value of type 'ThucLuc.Api.Common.Models.ApiResponse`1[[System.Collections.Generic.IReadOnlyCollection`1[[ThucLuc.Application.Features.MauBaoCao.MauBaoCaoModuleCatalogGroupDto, ThucLuc.Application, Version=1.0.0.0, Culture=neutral, PublicKeyToken=null]], System.Private.CoreLib, Version=8.0.0.0, Culture=neutral, PublicKeyToken=7cec85d7bea7798e]]'.
2026-04-14 15:45:03.024 +07:00 [INF] Executing endpoint 'ThucLuc.Api.Controllers.V1.DonViController.GetById (ThucLuc.Api)'
2026-04-14 15:45:03.026 +07:00 [INF] Executed action ThucLuc.Api.Controllers.V1.MauBaoCaoController.GetModuleCatalog (ThucLuc.Api) in 2.1708ms
2026-04-14 15:45:03.027 +07:00 [INF] Route matched with {action = "GetById", controller = "DonVi"}. Executing controller action with signature System.Threading.Tasks.Task`1[Microsoft.AspNetCore.Mvc.ActionResult`1[ThucLuc.Api.Common.Models.ApiResponse`1[ThucLuc.Application.Features.DonVi.DonViDto]]] GetById(Int64, System.Threading.CancellationToken) on controller ThucLuc.Api.Controllers.V1.DonViController (ThucLuc.Api).
2026-04-14 15:45:03.028 +07:00 [INF] Executed endpoint 'ThucLuc.Api.Controllers.V1.MauBaoCaoController.GetModuleCatalog (ThucLuc.Api)'
2026-04-14 15:45:03.031 +07:00 [INF] HTTP GET /api/v1/mau-bao-cao/module-catalog => 200 in 23.2042 ms CorrelationId=a5c44857030d4feb983d34ba6886832d UserId=5001
2026-04-14 15:45:03.033 +07:00 [INF] HTTP GET /api/v1/mau-bao-cao/module-catalog responded 200 in 25.1686 ms
2026-04-14 15:45:03.037 +07:00 [INF] Request finished HTTP/1.1 GET http://localhost:5283/api/v1/mau-bao-cao/module-catalog - 200 null application/json; charset=utf-8 35.5661ms
2026-04-14 15:45:03.072 +07:00 [INF] Executing OkObjectResult, writing value of type 'ThucLuc.Api.Common.Models.ApiResponse`1[[System.Collections.Generic.IReadOnlyCollection`1[[ThucLuc.Application.Features.MauBaoCao.MauBaoCaoDto, ThucLuc.Application, Version=1.0.0.0, Culture=neutral, PublicKeyToken=null]], System.Private.CoreLib, Version=8.0.0.0, Culture=neutral, PublicKeyToken=7cec85d7bea7798e]]'.
2026-04-14 15:45:03.073 +07:00 [INF] Executing OkObjectResult, writing value of type 'ThucLuc.Api.Common.Models.ApiResponse`1[[ThucLuc.Application.Features.DonVi.DonViDto, ThucLuc.Application, Version=1.0.0.0, Culture=neutral, PublicKeyToken=null]]'.
2026-04-14 15:45:03.074 +07:00 [INF] Executed action ThucLuc.Api.Controllers.V1.MauBaoCaoController.GetAll (ThucLuc.Api) in 53.3791ms
2026-04-14 15:45:03.076 +07:00 [INF] Executed action ThucLuc.Api.Controllers.V1.DonViController.GetById (ThucLuc.Api) in 45.9935ms
2026-04-14 15:45:03.076 +07:00 [INF] Executed endpoint 'ThucLuc.Api.Controllers.V1.MauBaoCaoController.GetAll (ThucLuc.Api)'
2026-04-14 15:45:03.077 +07:00 [INF] Executed endpoint 'ThucLuc.Api.Controllers.V1.DonViController.GetById (ThucLuc.Api)'
2026-04-14 15:45:03.078 +07:00 [INF] HTTP GET /api/v1/mau-bao-cao => 200 in 72.2852 ms CorrelationId=3cefe91472524ecdb80b8cdb7965adea UserId=5001
2026-04-14 15:45:03.079 +07:00 [INF] HTTP GET /api/v1/don-vi/2001 => 200 in 60.8445 ms CorrelationId=80b947fe581746d5939cb107bcad4e76 UserId=5001
2026-04-14 15:45:03.081 +07:00 [INF] HTTP GET /api/v1/mau-bao-cao responded 200 in 74.6801 ms
2026-04-14 15:45:03.082 +07:00 [INF] HTTP GET /api/v1/don-vi/2001 responded 200 in 64.0676 ms
2026-04-14 15:45:03.084 +07:00 [INF] Request finished HTTP/1.1 GET http://localhost:5283/api/v1/mau-bao-cao?includeInactive=true - 200 null application/json; charset=utf-8 82.9224ms
2026-04-14 15:45:03.086 +07:00 [INF] Request finished HTTP/1.1 GET http://localhost:5283/api/v1/don-vi/2001 - 200 null application/json; charset=utf-8 72.7277ms
2026-04-14 15:45:03.484 +07:00 [INF] Request starting HTTP/1.1 GET http://localhost:5283/api/v1/don-vi/2001 - null null
2026-04-14 15:45:03.485 +07:00 [INF] CORS policy execution successful.
2026-04-14 15:45:03.486 +07:00 [INF] Executing endpoint 'ThucLuc.Api.Controllers.V1.DonViController.GetById (ThucLuc.Api)'
2026-04-14 15:45:03.487 +07:00 [INF] Route matched with {action = "GetById", controller = "DonVi"}. Executing controller action with signature System.Threading.Tasks.Task`1[Microsoft.AspNetCore.Mvc.ActionResult`1[ThucLuc.Api.Common.Models.ApiResponse`1[ThucLuc.Application.Features.DonVi.DonViDto]]] GetById(Int64, System.Threading.CancellationToken) on controller ThucLuc.Api.Controllers.V1.DonViController (ThucLuc.Api).
2026-04-14 15:45:03.500 +07:00 [INF] Request starting HTTP/1.1 OPTIONS http://localhost:5283/api/v1/ky-bao-cao/current - null null
2026-04-14 15:45:03.500 +07:00 [INF] Request starting HTTP/1.1 OPTIONS http://localhost:5283/api/v1/ky-bao-cao - null null
2026-04-14 15:45:03.502 +07:00 [INF] CORS policy execution successful.
2026-04-14 15:45:03.504 +07:00 [INF] CORS policy execution successful.
2026-04-14 15:45:03.505 +07:00 [INF] HTTP OPTIONS /api/v1/ky-bao-cao/current => 204 in 3.1511 ms CorrelationId=2fbf1254f5404a588d1ed6466c0b7191 UserId=anonymous
2026-04-14 15:45:03.505 +07:00 [INF] HTTP OPTIONS /api/v1/ky-bao-cao => 204 in 1.0012 ms CorrelationId=c70950970df7408fa759742af58ed7a6 UserId=anonymous
2026-04-14 15:45:03.507 +07:00 [INF] HTTP OPTIONS /api/v1/ky-bao-cao/current responded 204 in 4.9944 ms
2026-04-14 15:45:03.509 +07:00 [INF] HTTP OPTIONS /api/v1/ky-bao-cao responded 204 in 4.6691 ms
2026-04-14 15:45:03.510 +07:00 [INF] Request finished HTTP/1.1 OPTIONS http://localhost:5283/api/v1/ky-bao-cao/current - 204 null null 9.4874ms
2026-04-14 15:45:03.510 +07:00 [INF] Request finished HTTP/1.1 OPTIONS http://localhost:5283/api/v1/ky-bao-cao - 204 null null 9.9787ms
2026-04-14 15:45:03.512 +07:00 [INF] Request starting HTTP/1.1 GET http://localhost:5283/api/v1/ky-bao-cao/current - null null
2026-04-14 15:45:03.513 +07:00 [INF] Request starting HTTP/1.1 GET http://localhost:5283/api/v1/ky-bao-cao - null null
2026-04-14 15:45:03.519 +07:00 [INF] CORS policy execution successful.
2026-04-14 15:45:03.523 +07:00 [INF] CORS policy execution successful.
2026-04-14 15:45:03.523 +07:00 [INF] Executing endpoint 'ThucLuc.Api.Controllers.V1.KyBaoCaoController.GetCurrent (ThucLuc.Api)'
2026-04-14 15:45:03.524 +07:00 [INF] Executing endpoint 'ThucLuc.Api.Controllers.V1.KyBaoCaoController.GetAll (ThucLuc.Api)'
2026-04-14 15:45:03.525 +07:00 [INF] Route matched with {action = "GetCurrent", controller = "KyBaoCao"}. Executing controller action with signature System.Threading.Tasks.Task`1[Microsoft.AspNetCore.Mvc.ActionResult`1[ThucLuc.Api.Common.Models.ApiResponse`1[ThucLuc.Application.Features.KyBaoCao.KyBaoCaoDto]]] GetCurrent(System.Threading.CancellationToken) on controller ThucLuc.Api.Controllers.V1.KyBaoCaoController (ThucLuc.Api).
2026-04-14 15:45:03.526 +07:00 [INF] Route matched with {action = "GetAll", controller = "KyBaoCao"}. Executing controller action with signature System.Threading.Tasks.Task`1[Microsoft.AspNetCore.Mvc.ActionResult`1[ThucLuc.Api.Common.Models.ApiResponse`1[System.Collections.Generic.IReadOnlyCollection`1[ThucLuc.Application.Features.KyBaoCao.KyBaoCaoDto]]]] GetAll(System.Threading.CancellationToken) on controller ThucLuc.Api.Controllers.V1.KyBaoCaoController (ThucLuc.Api).
2026-04-14 15:45:03.533 +07:00 [INF] Executing OkObjectResult, writing value of type 'ThucLuc.Api.Common.Models.ApiResponse`1[[ThucLuc.Application.Features.DonVi.DonViDto, ThucLuc.Application, Version=1.0.0.0, Culture=neutral, PublicKeyToken=null]]'.
2026-04-14 15:45:03.534 +07:00 [INF] Executed action ThucLuc.Api.Controllers.V1.DonViController.GetById (ThucLuc.Api) in 45.4853ms
2026-04-14 15:45:03.536 +07:00 [INF] Executed endpoint 'ThucLuc.Api.Controllers.V1.DonViController.GetById (ThucLuc.Api)'
2026-04-14 15:45:03.537 +07:00 [INF] HTTP GET /api/v1/don-vi/2001 => 200 in 51.5475 ms CorrelationId=50f28eced1bc4fa79aad9be9af4920b8 UserId=5001
2026-04-14 15:45:03.539 +07:00 [INF] HTTP GET /api/v1/don-vi/2001 responded 200 in 53.6364 ms
2026-04-14 15:45:03.540 +07:00 [INF] Request finished HTTP/1.1 GET http://localhost:5283/api/v1/don-vi/2001 - 200 null application/json; charset=utf-8 56.1548ms
2026-04-14 15:45:03.573 +07:00 [INF] Executing OkObjectResult, writing value of type 'ThucLuc.Api.Common.Models.ApiResponse`1[[ThucLuc.Application.Features.KyBaoCao.KyBaoCaoDto, ThucLuc.Application, Version=1.0.0.0, Culture=neutral, PublicKeyToken=null]]'.
2026-04-14 15:45:03.573 +07:00 [INF] Executing OkObjectResult, writing value of type 'ThucLuc.Api.Common.Models.ApiResponse`1[[System.Collections.Generic.IReadOnlyCollection`1[[ThucLuc.Application.Features.KyBaoCao.KyBaoCaoDto, ThucLuc.Application, Version=1.0.0.0, Culture=neutral, PublicKeyToken=null]], System.Private.CoreLib, Version=8.0.0.0, Culture=neutral, PublicKeyToken=7cec85d7bea7798e]]'.
2026-04-14 15:45:03.574 +07:00 [INF] Executed action ThucLuc.Api.Controllers.V1.KyBaoCaoController.GetCurrent (ThucLuc.Api) in 45.9819ms
2026-04-14 15:45:03.575 +07:00 [INF] Executed action ThucLuc.Api.Controllers.V1.KyBaoCaoController.GetAll (ThucLuc.Api) in 45.0287ms
2026-04-14 15:45:03.576 +07:00 [INF] Executed endpoint 'ThucLuc.Api.Controllers.V1.KyBaoCaoController.GetCurrent (ThucLuc.Api)'
2026-04-14 15:45:03.577 +07:00 [INF] Executed endpoint 'ThucLuc.Api.Controllers.V1.KyBaoCaoController.GetAll (ThucLuc.Api)'
2026-04-14 15:45:03.578 +07:00 [INF] HTTP GET /api/v1/ky-bao-cao/current => 200 in 58.6695 ms CorrelationId=0a88bf3c04124718bd81eeef2fb6237b UserId=5001
2026-04-14 15:45:03.578 +07:00 [INF] HTTP GET /api/v1/ky-bao-cao => 200 in 55.6916 ms CorrelationId=49415b4e5cbc42dd8d8952990f5eca9b UserId=5001
2026-04-14 15:45:03.580 +07:00 [INF] HTTP GET /api/v1/ky-bao-cao/current responded 200 in 60.9445 ms
2026-04-14 15:45:03.581 +07:00 [INF] HTTP GET /api/v1/ky-bao-cao responded 200 in 58.4473 ms
2026-04-14 15:45:03.582 +07:00 [INF] Request finished HTTP/1.1 GET http://localhost:5283/api/v1/ky-bao-cao/current - 200 null application/json; charset=utf-8 69.8739ms
2026-04-14 15:45:03.583 +07:00 [INF] Request finished HTTP/1.1 GET http://localhost:5283/api/v1/ky-bao-cao - 200 null application/json; charset=utf-8 69.4276ms
2026-04-14 15:45:03.628 +07:00 [INF] Request starting HTTP/1.1 OPTIONS http://localhost:5283/api/v1/snapshot?kyBaoCaoId=6001 - null null
2026-04-14 15:45:03.631 +07:00 [INF] CORS policy execution successful.
2026-04-14 15:45:03.631 +07:00 [INF] HTTP OPTIONS /api/v1/snapshot => 204 in 0.8518 ms CorrelationId=eab8d78215d9495ca3d9c7578a5af633 UserId=anonymous
2026-04-14 15:45:03.633 +07:00 [INF] HTTP OPTIONS /api/v1/snapshot responded 204 in 2.6008 ms
2026-04-14 15:45:03.634 +07:00 [INF] Request finished HTTP/1.1 OPTIONS http://localhost:5283/api/v1/snapshot?kyBaoCaoId=6001 - 204 null null 5.9745ms
2026-04-14 15:45:03.638 +07:00 [INF] Request starting HTTP/1.1 GET http://localhost:5283/api/v1/snapshot?kyBaoCaoId=6001 - null null
2026-04-14 15:45:03.639 +07:00 [INF] CORS policy execution successful.
2026-04-14 15:45:03.640 +07:00 [INF] Executing endpoint 'ThucLuc.Api.Controllers.V1.BaoCaoSnapshotController.GetByKy (ThucLuc.Api)'
2026-04-14 15:45:03.641 +07:00 [INF] Route matched with {action = "GetByKy", controller = "BaoCaoSnapshot"}. Executing controller action with signature System.Threading.Tasks.Task`1[Microsoft.AspNetCore.Mvc.ActionResult`1[ThucLuc.Api.Common.Models.ApiResponse`1[System.Collections.Generic.IReadOnlyCollection`1[ThucLuc.Application.Features.BaoCaoSnapshot.BaoCaoSnapshotDto]]]] GetByKy(Int64, System.Threading.CancellationToken) on controller ThucLuc.Api.Controllers.V1.BaoCaoSnapshotController (ThucLuc.Api).
2026-04-14 15:45:03.690 +07:00 [INF] Executing OkObjectResult, writing value of type 'ThucLuc.Api.Common.Models.ApiResponse`1[[System.Collections.Generic.IReadOnlyCollection`1[[ThucLuc.Application.Features.BaoCaoSnapshot.BaoCaoSnapshotDto, ThucLuc.Application, Version=1.0.0.0, Culture=neutral, PublicKeyToken=null]], System.Private.CoreLib, Version=8.0.0.0, Culture=neutral, PublicKeyToken=7cec85d7bea7798e]]'.
2026-04-14 15:45:03.691 +07:00 [INF] Executed action ThucLuc.Api.Controllers.V1.BaoCaoSnapshotController.GetByKy (ThucLuc.Api) in 48.0336ms
2026-04-14 15:45:03.692 +07:00 [INF] Executed endpoint 'ThucLuc.Api.Controllers.V1.BaoCaoSnapshotController.GetByKy (ThucLuc.Api)'
2026-04-14 15:45:03.692 +07:00 [INF] HTTP GET /api/v1/snapshot => 200 in 52.9095 ms CorrelationId=bbb66fb7d75d4386aee0777c330fb695 UserId=5001
2026-04-14 15:45:03.693 +07:00 [INF] HTTP GET /api/v1/snapshot responded 200 in 53.9795 ms
2026-04-14 15:45:03.694 +07:00 [INF] Request finished HTTP/1.1 GET http://localhost:5283/api/v1/snapshot?kyBaoCaoId=6001 - 200 null application/json; charset=utf-8 56.535ms
2026-04-14 15:45:05.158 +07:00 [INF] Request starting HTTP/1.1 OPTIONS http://localhost:5283/api/v1/dao-tao-boi-duong - null null
2026-04-14 15:45:05.160 +07:00 [INF] CORS policy execution successful.
2026-04-14 15:45:05.160 +07:00 [INF] HTTP OPTIONS /api/v1/dao-tao-boi-duong => 204 in 0.3914 ms CorrelationId=4986030aad714bbf83ad47efddc072a9 UserId=anonymous
2026-04-14 15:45:05.161 +07:00 [INF] HTTP OPTIONS /api/v1/dao-tao-boi-duong responded 204 in 1.4342 ms
2026-04-14 15:45:05.162 +07:00 [INF] Request finished HTTP/1.1 OPTIONS http://localhost:5283/api/v1/dao-tao-boi-duong - 204 null null 4.0877ms
2026-04-14 15:45:05.165 +07:00 [INF] Request starting HTTP/1.1 GET http://localhost:5283/api/v1/dao-tao-boi-duong - null null
2026-04-14 15:45:05.168 +07:00 [INF] CORS policy execution successful.
2026-04-14 15:45:05.168 +07:00 [INF] Executing endpoint 'ThucLuc.Api.Controllers.V1.DaoTaoBoiDuongController.GetAll (ThucLuc.Api)'
2026-04-14 15:45:05.169 +07:00 [INF] Route matched with {action = "GetAll", controller = "DaoTaoBoiDuong"}. Executing controller action with signature System.Threading.Tasks.Task`1[Microsoft.AspNetCore.Mvc.ActionResult`1[ThucLuc.Api.Common.Models.ApiResponse`1[System.Collections.Generic.IReadOnlyCollection`1[ThucLuc.Application.Features.DaoTaoBoiDuong.DaoTaoBoiDuongDto]]]] GetAll(System.Threading.CancellationToken) on controller ThucLuc.Api.Controllers.V1.DaoTaoBoiDuongController (ThucLuc.Api).
2026-04-14 15:45:05.173 +07:00 [INF] Executing OkObjectResult, writing value of type 'ThucLuc.Api.Common.Models.ApiResponse`1[[System.Collections.Generic.IReadOnlyCollection`1[[ThucLuc.Application.Features.DaoTaoBoiDuong.DaoTaoBoiDuongDto, ThucLuc.Application, Version=1.0.0.0, Culture=neutral, PublicKeyToken=null]], System.Private.CoreLib, Version=8.0.0.0, Culture=neutral, PublicKeyToken=7cec85d7bea7798e]]'.
2026-04-14 15:45:05.174 +07:00 [INF] Executed action ThucLuc.Api.Controllers.V1.DaoTaoBoiDuongController.GetAll (ThucLuc.Api) in 3.4672ms
2026-04-14 15:45:05.175 +07:00 [INF] Executed endpoint 'ThucLuc.Api.Controllers.V1.DaoTaoBoiDuongController.GetAll (ThucLuc.Api)'
2026-04-14 15:45:05.175 +07:00 [INF] HTTP GET /api/v1/dao-tao-boi-duong => 200 in 7.9128 ms CorrelationId=f366c4f1902e412f9739195f9e0d02d8 UserId=5001
2026-04-14 15:45:05.176 +07:00 [INF] HTTP GET /api/v1/dao-tao-boi-duong responded 200 in 8.9341 ms
2026-04-14 15:45:05.177 +07:00 [INF] Request finished HTTP/1.1 GET http://localhost:5283/api/v1/dao-tao-boi-duong - 200 null application/json; charset=utf-8 12.0086ms
2026-04-14 15:45:12.941 +07:00 [INF] Request starting HTTP/1.1 OPTIONS http://localhost:5283/api/v1/don-vi/2001 - null null
2026-04-14 15:45:12.944 +07:00 [INF] CORS policy execution successful.
2026-04-14 15:45:12.945 +07:00 [INF] HTTP OPTIONS /api/v1/don-vi/2001 => 204 in 0.5262 ms CorrelationId=88bd00cd9d5543d6b15e6a6f53d3a0c6 UserId=anonymous
2026-04-14 15:45:12.946 +07:00 [INF] HTTP OPTIONS /api/v1/don-vi/2001 responded 204 in 2.1599 ms
2026-04-14 15:45:12.947 +07:00 [INF] Request finished HTTP/1.1 OPTIONS http://localhost:5283/api/v1/don-vi/2001 - 204 null null 6.5511ms
2026-04-14 15:45:12.950 +07:00 [INF] Request starting HTTP/1.1 GET http://localhost:5283/api/v1/don-vi/2001 - null null
2026-04-14 15:45:12.951 +07:00 [INF] CORS policy execution successful.
2026-04-14 15:45:12.953 +07:00 [INF] Executing endpoint 'ThucLuc.Api.Controllers.V1.DonViController.GetById (ThucLuc.Api)'
2026-04-14 15:45:12.954 +07:00 [INF] Route matched with {action = "GetById", controller = "DonVi"}. Executing controller action with signature System.Threading.Tasks.Task`1[Microsoft.AspNetCore.Mvc.ActionResult`1[ThucLuc.Api.Common.Models.ApiResponse`1[ThucLuc.Application.Features.DonVi.DonViDto]]] GetById(Int64, System.Threading.CancellationToken) on controller ThucLuc.Api.Controllers.V1.DonViController (ThucLuc.Api).
2026-04-14 15:45:12.958 +07:00 [INF] Request starting HTTP/1.1 OPTIONS http://localhost:5283/api/v1/dao-tao-boi-duong - null null
2026-04-14 15:45:12.959 +07:00 [INF] Executing OkObjectResult, writing value of type 'ThucLuc.Api.Common.Models.ApiResponse`1[[ThucLuc.Application.Features.DonVi.DonViDto, ThucLuc.Application, Version=1.0.0.0, Culture=neutral, PublicKeyToken=null]]'.
2026-04-14 15:45:12.960 +07:00 [INF] CORS policy execution successful.
2026-04-14 15:45:12.961 +07:00 [INF] Executed action ThucLuc.Api.Controllers.V1.DonViController.GetById (ThucLuc.Api) in 5.1791ms
2026-04-14 15:45:12.961 +07:00 [INF] HTTP OPTIONS /api/v1/dao-tao-boi-duong => 204 in 1.5036 ms CorrelationId=893690d398d14c3881dd6d9095d2bf1c UserId=anonymous
2026-04-14 15:45:12.962 +07:00 [INF] Executed endpoint 'ThucLuc.Api.Controllers.V1.DonViController.GetById (ThucLuc.Api)'
2026-04-14 15:45:12.963 +07:00 [INF] HTTP OPTIONS /api/v1/dao-tao-boi-duong responded 204 in 3.5753 ms
2026-04-14 15:45:12.964 +07:00 [INF] HTTP GET /api/v1/don-vi/2001 => 200 in 13.0544 ms CorrelationId=198a39215cda4f0e81d5db4b41d9f7f9 UserId=5001
2026-04-14 15:45:12.966 +07:00 [INF] Request finished HTTP/1.1 OPTIONS http://localhost:5283/api/v1/dao-tao-boi-duong - 204 null null 8.1338ms
2026-04-14 15:45:12.968 +07:00 [INF] HTTP GET /api/v1/don-vi/2001 responded 200 in 16.9166 ms
2026-04-14 15:45:12.971 +07:00 [INF] Request starting HTTP/1.1 GET http://localhost:5283/api/v1/dao-tao-boi-duong - null null
2026-04-14 15:45:12.972 +07:00 [INF] Request finished HTTP/1.1 GET http://localhost:5283/api/v1/don-vi/2001 - 200 null application/json; charset=utf-8 22.4345ms
2026-04-14 15:45:12.974 +07:00 [INF] CORS policy execution successful.
2026-04-14 15:45:12.977 +07:00 [INF] Executing endpoint 'ThucLuc.Api.Controllers.V1.DaoTaoBoiDuongController.GetAll (ThucLuc.Api)'
2026-04-14 15:45:12.978 +07:00 [INF] Route matched with {action = "GetAll", controller = "DaoTaoBoiDuong"}. Executing controller action with signature System.Threading.Tasks.Task`1[Microsoft.AspNetCore.Mvc.ActionResult`1[ThucLuc.Api.Common.Models.ApiResponse`1[System.Collections.Generic.IReadOnlyCollection`1[ThucLuc.Application.Features.DaoTaoBoiDuong.DaoTaoBoiDuongDto]]]] GetAll(System.Threading.CancellationToken) on controller ThucLuc.Api.Controllers.V1.DaoTaoBoiDuongController (ThucLuc.Api).
2026-04-14 15:45:12.983 +07:00 [INF] Executing OkObjectResult, writing value of type 'ThucLuc.Api.Common.Models.ApiResponse`1[[System.Collections.Generic.IReadOnlyCollection`1[[ThucLuc.Application.Features.DaoTaoBoiDuong.DaoTaoBoiDuongDto, ThucLuc.Application, Version=1.0.0.0, Culture=neutral, PublicKeyToken=null]], System.Private.CoreLib, Version=8.0.0.0, Culture=neutral, PublicKeyToken=7cec85d7bea7798e]]'.
2026-04-14 15:45:12.984 +07:00 [INF] Executed action ThucLuc.Api.Controllers.V1.DaoTaoBoiDuongController.GetAll (ThucLuc.Api) in 3.3325ms
2026-04-14 15:45:12.986 +07:00 [INF] Executed endpoint 'ThucLuc.Api.Controllers.V1.DaoTaoBoiDuongController.GetAll (ThucLuc.Api)'
2026-04-14 15:45:12.987 +07:00 [INF] HTTP GET /api/v1/dao-tao-boi-duong => 200 in 12.4765 ms CorrelationId=9394098b98bd4bf78c566cc225dfdc7a UserId=5001
2026-04-14 15:45:12.990 +07:00 [INF] HTTP GET /api/v1/dao-tao-boi-duong responded 200 in 15.3582 ms
2026-04-14 15:45:12.992 +07:00 [INF] Request finished HTTP/1.1 GET http://localhost:5283/api/v1/dao-tao-boi-duong - 200 null application/json; charset=utf-8 21.2841ms
2026-04-14 15:45:13.455 +07:00 [INF] Request starting HTTP/1.1 GET http://localhost:5283/api/v1/don-vi/2001 - null null
2026-04-14 15:45:13.456 +07:00 [INF] CORS policy execution successful.
2026-04-14 15:45:13.457 +07:00 [INF] Executing endpoint 'ThucLuc.Api.Controllers.V1.DonViController.GetById (ThucLuc.Api)'
2026-04-14 15:45:13.458 +07:00 [INF] Request starting HTTP/1.1 OPTIONS http://localhost:5283/api/v1/ky-bao-cao/current - null null
2026-04-14 15:45:13.458 +07:00 [INF] Route matched with {action = "GetById", controller = "DonVi"}. Executing controller action with signature System.Threading.Tasks.Task`1[Microsoft.AspNetCore.Mvc.ActionResult`1[ThucLuc.Api.Common.Models.ApiResponse`1[ThucLuc.Application.Features.DonVi.DonViDto]]] GetById(Int64, System.Threading.CancellationToken) on controller ThucLuc.Api.Controllers.V1.DonViController (ThucLuc.Api).
2026-04-14 15:45:13.458 +07:00 [INF] Request starting HTTP/1.1 OPTIONS http://localhost:5283/api/v1/ky-bao-cao - null null
2026-04-14 15:45:13.460 +07:00 [INF] CORS policy execution successful.
2026-04-14 15:45:13.462 +07:00 [INF] CORS policy execution successful.
2026-04-14 15:45:13.462 +07:00 [INF] Executing OkObjectResult, writing value of type 'ThucLuc.Api.Common.Models.ApiResponse`1[[ThucLuc.Application.Features.DonVi.DonViDto, ThucLuc.Application, Version=1.0.0.0, Culture=neutral, PublicKeyToken=null]]'.
2026-04-14 15:45:13.462 +07:00 [INF] HTTP OPTIONS /api/v1/ky-bao-cao/current => 204 in 2.8871 ms CorrelationId=73b08b37d7584efaab1d58b46877e269 UserId=anonymous
2026-04-14 15:45:13.463 +07:00 [INF] HTTP OPTIONS /api/v1/ky-bao-cao => 204 in 0.9582 ms CorrelationId=5e50c8775cd6467bbcc5d2dfa132be30 UserId=anonymous
2026-04-14 15:45:13.463 +07:00 [INF] Executed action ThucLuc.Api.Controllers.V1.DonViController.GetById (ThucLuc.Api) in 2.9889ms
2026-04-14 15:45:13.465 +07:00 [INF] HTTP OPTIONS /api/v1/ky-bao-cao/current responded 204 in 5.4104 ms
2026-04-14 15:45:13.466 +07:00 [INF] HTTP OPTIONS /api/v1/ky-bao-cao responded 204 in 4.1610 ms
2026-04-14 15:45:13.467 +07:00 [INF] Executed endpoint 'ThucLuc.Api.Controllers.V1.DonViController.GetById (ThucLuc.Api)'
2026-04-14 15:45:13.468 +07:00 [INF] Request finished HTTP/1.1 OPTIONS http://localhost:5283/api/v1/ky-bao-cao/current - 204 null null 10.0836ms
2026-04-14 15:45:13.469 +07:00 [INF] Request finished HTTP/1.1 OPTIONS http://localhost:5283/api/v1/ky-bao-cao - 204 null null 11.2452ms
2026-04-14 15:45:13.471 +07:00 [INF] HTTP GET /api/v1/don-vi/2001 => 200 in 14.6119 ms CorrelationId=9bdd8a9eb1ca4a9dbd398b4c85e63186 UserId=5001
2026-04-14 15:45:13.473 +07:00 [INF] Request starting HTTP/1.1 GET http://localhost:5283/api/v1/ky-bao-cao/current - null null
2026-04-14 15:45:13.474 +07:00 [INF] Request starting HTTP/1.1 GET http://localhost:5283/api/v1/ky-bao-cao - null null
2026-04-14 15:45:13.475 +07:00 [INF] HTTP GET /api/v1/don-vi/2001 responded 200 in 18.6268 ms
2026-04-14 15:45:13.476 +07:00 [INF] CORS policy execution successful.
2026-04-14 15:45:13.477 +07:00 [INF] CORS policy execution successful.
2026-04-14 15:45:13.478 +07:00 [INF] Request finished HTTP/1.1 GET http://localhost:5283/api/v1/don-vi/2001 - 200 null application/json; charset=utf-8 23.1497ms
2026-04-14 15:45:13.479 +07:00 [INF] Executing endpoint 'ThucLuc.Api.Controllers.V1.KyBaoCaoController.GetCurrent (ThucLuc.Api)'
2026-04-14 15:45:13.479 +07:00 [INF] Executing endpoint 'ThucLuc.Api.Controllers.V1.KyBaoCaoController.GetAll (ThucLuc.Api)'
2026-04-14 15:45:13.481 +07:00 [INF] Route matched with {action = "GetCurrent", controller = "KyBaoCao"}. Executing controller action with signature System.Threading.Tasks.Task`1[Microsoft.AspNetCore.Mvc.ActionResult`1[ThucLuc.Api.Common.Models.ApiResponse`1[ThucLuc.Application.Features.KyBaoCao.KyBaoCaoDto]]] GetCurrent(System.Threading.CancellationToken) on controller ThucLuc.Api.Controllers.V1.KyBaoCaoController (ThucLuc.Api).
2026-04-14 15:45:13.482 +07:00 [INF] Route matched with {action = "GetAll", controller = "KyBaoCao"}. Executing controller action with signature System.Threading.Tasks.Task`1[Microsoft.AspNetCore.Mvc.ActionResult`1[ThucLuc.Api.Common.Models.ApiResponse`1[System.Collections.Generic.IReadOnlyCollection`1[ThucLuc.Application.Features.KyBaoCao.KyBaoCaoDto]]]] GetAll(System.Threading.CancellationToken) on controller ThucLuc.Api.Controllers.V1.KyBaoCaoController (ThucLuc.Api).
2026-04-14 15:45:13.484 +07:00 [INF] Executing OkObjectResult, writing value of type 'ThucLuc.Api.Common.Models.ApiResponse`1[[ThucLuc.Application.Features.KyBaoCao.KyBaoCaoDto, ThucLuc.Application, Version=1.0.0.0, Culture=neutral, PublicKeyToken=null]]'.
2026-04-14 15:45:13.485 +07:00 [INF] Executing OkObjectResult, writing value of type 'ThucLuc.Api.Common.Models.ApiResponse`1[[System.Collections.Generic.IReadOnlyCollection`1[[ThucLuc.Application.Features.KyBaoCao.KyBaoCaoDto, ThucLuc.Application, Version=1.0.0.0, Culture=neutral, PublicKeyToken=null]], System.Private.CoreLib, Version=8.0.0.0, Culture=neutral, PublicKeyToken=7cec85d7bea7798e]]'.
2026-04-14 15:45:13.485 +07:00 [INF] Executed action ThucLuc.Api.Controllers.V1.KyBaoCaoController.GetCurrent (ThucLuc.Api) in 2.4295ms
2026-04-14 15:45:13.487 +07:00 [INF] Executed action ThucLuc.Api.Controllers.V1.KyBaoCaoController.GetAll (ThucLuc.Api) in 3.157ms
2026-04-14 15:45:13.487 +07:00 [INF] Executed endpoint 'ThucLuc.Api.Controllers.V1.KyBaoCaoController.GetCurrent (ThucLuc.Api)'
2026-04-14 15:45:13.488 +07:00 [INF] Executed endpoint 'ThucLuc.Api.Controllers.V1.KyBaoCaoController.GetAll (ThucLuc.Api)'
2026-04-14 15:45:13.488 +07:00 [INF] HTTP GET /api/v1/ky-bao-cao/current => 200 in 12.475 ms CorrelationId=851f13a5d59945299a25f3799586b82d UserId=5001
2026-04-14 15:45:13.489 +07:00 [INF] HTTP GET /api/v1/ky-bao-cao => 200 in 12.0122 ms CorrelationId=7e486204e9664ccab84d1bcfde46d339 UserId=5001
2026-04-14 15:45:13.490 +07:00 [INF] HTTP GET /api/v1/ky-bao-cao/current responded 200 in 13.8862 ms
2026-04-14 15:45:13.491 +07:00 [INF] HTTP GET /api/v1/ky-bao-cao responded 200 in 13.8440 ms
2026-04-14 15:45:13.492 +07:00 [INF] Request finished HTTP/1.1 GET http://localhost:5283/api/v1/ky-bao-cao/current - 200 null application/json; charset=utf-8 18.9319ms
2026-04-14 15:45:13.492 +07:00 [INF] Request finished HTTP/1.1 GET http://localhost:5283/api/v1/ky-bao-cao - 200 null application/json; charset=utf-8 18.4018ms
2026-04-14 15:45:13.506 +07:00 [INF] Request starting HTTP/1.1 OPTIONS http://localhost:5283/api/v1/snapshot?kyBaoCaoId=6001 - null null
2026-04-14 15:45:13.507 +07:00 [INF] CORS policy execution successful.
2026-04-14 15:45:13.508 +07:00 [INF] HTTP OPTIONS /api/v1/snapshot => 204 in 0.4987 ms CorrelationId=e38087c672aa425c81994d8257d387b8 UserId=anonymous
2026-04-14 15:45:13.509 +07:00 [INF] HTTP OPTIONS /api/v1/snapshot responded 204 in 1.4346 ms
2026-04-14 15:45:13.509 +07:00 [INF] Request finished HTTP/1.1 OPTIONS http://localhost:5283/api/v1/snapshot?kyBaoCaoId=6001 - 204 null null 3.8032ms
2026-04-14 15:45:13.511 +07:00 [INF] Request starting HTTP/1.1 GET http://localhost:5283/api/v1/snapshot?kyBaoCaoId=6001 - null null
2026-04-14 15:45:13.512 +07:00 [INF] CORS policy execution successful.
2026-04-14 15:45:13.512 +07:00 [INF] Executing endpoint 'ThucLuc.Api.Controllers.V1.BaoCaoSnapshotController.GetByKy (ThucLuc.Api)'
2026-04-14 15:45:13.513 +07:00 [INF] Route matched with {action = "GetByKy", controller = "BaoCaoSnapshot"}. Executing controller action with signature System.Threading.Tasks.Task`1[Microsoft.AspNetCore.Mvc.ActionResult`1[ThucLuc.Api.Common.Models.ApiResponse`1[System.Collections.Generic.IReadOnlyCollection`1[ThucLuc.Application.Features.BaoCaoSnapshot.BaoCaoSnapshotDto]]]] GetByKy(Int64, System.Threading.CancellationToken) on controller ThucLuc.Api.Controllers.V1.BaoCaoSnapshotController (ThucLuc.Api).
2026-04-14 15:45:13.516 +07:00 [INF] Executing OkObjectResult, writing value of type 'ThucLuc.Api.Common.Models.ApiResponse`1[[System.Collections.Generic.IReadOnlyCollection`1[[ThucLuc.Application.Features.BaoCaoSnapshot.BaoCaoSnapshotDto, ThucLuc.Application, Version=1.0.0.0, Culture=neutral, PublicKeyToken=null]], System.Private.CoreLib, Version=8.0.0.0, Culture=neutral, PublicKeyToken=7cec85d7bea7798e]]'.
2026-04-14 15:45:13.517 +07:00 [INF] Executed action ThucLuc.Api.Controllers.V1.BaoCaoSnapshotController.GetByKy (ThucLuc.Api) in 2.824ms
2026-04-14 15:45:13.517 +07:00 [INF] Executed endpoint 'ThucLuc.Api.Controllers.V1.BaoCaoSnapshotController.GetByKy (ThucLuc.Api)'
2026-04-14 15:45:13.518 +07:00 [INF] HTTP GET /api/v1/snapshot => 200 in 6.1417 ms CorrelationId=3d399afbe0ab4ffda9b96eb94f709d04 UserId=5001
2026-04-14 15:45:13.520 +07:00 [INF] HTTP GET /api/v1/snapshot responded 200 in 8.2842 ms
2026-04-14 15:45:13.521 +07:00 [INF] Request finished HTTP/1.1 GET http://localhost:5283/api/v1/snapshot?kyBaoCaoId=6001 - 200 null application/json; charset=utf-8 10.2384ms
2026-04-14 15:45:39.851 +07:00 [INF] Request starting HTTP/1.1 OPTIONS http://localhost:5283/api/v1/don-vi/2001 - null null
2026-04-14 15:45:39.856 +07:00 [INF] CORS policy execution successful.
2026-04-14 15:45:39.857 +07:00 [INF] HTTP OPTIONS /api/v1/don-vi/2001 => 204 in 1.7487 ms CorrelationId=e75ddfc53c3241128f8612939c95c06e UserId=anonymous
2026-04-14 15:45:39.859 +07:00 [INF] HTTP OPTIONS /api/v1/don-vi/2001 responded 204 in 3.9192 ms
2026-04-14 15:45:39.861 +07:00 [INF] Request finished HTTP/1.1 OPTIONS http://localhost:5283/api/v1/don-vi/2001 - 204 null null 9.4437ms
2026-04-14 15:45:39.864 +07:00 [INF] Request starting HTTP/1.1 GET http://localhost:5283/api/v1/don-vi/2001 - null null
2026-04-14 15:45:39.866 +07:00 [INF] CORS policy execution successful.
2026-04-14 15:45:39.867 +07:00 [INF] Executing endpoint 'ThucLuc.Api.Controllers.V1.DonViController.GetById (ThucLuc.Api)'
2026-04-14 15:45:39.869 +07:00 [INF] Route matched with {action = "GetById", controller = "DonVi"}. Executing controller action with signature System.Threading.Tasks.Task`1[Microsoft.AspNetCore.Mvc.ActionResult`1[ThucLuc.Api.Common.Models.ApiResponse`1[ThucLuc.Application.Features.DonVi.DonViDto]]] GetById(Int64, System.Threading.CancellationToken) on controller ThucLuc.Api.Controllers.V1.DonViController (ThucLuc.Api).
2026-04-14 15:45:39.873 +07:00 [INF] Request starting HTTP/1.1 OPTIONS http://localhost:5283/api/v1/dao-tao-boi-duong - null null
2026-04-14 15:45:39.875 +07:00 [INF] CORS policy execution successful.
2026-04-14 15:45:39.876 +07:00 [INF] HTTP OPTIONS /api/v1/dao-tao-boi-duong => 204 in 0.5121 ms CorrelationId=94690473498a4d0d9963c9d2629f61e4 UserId=anonymous
2026-04-14 15:45:39.877 +07:00 [INF] HTTP OPTIONS /api/v1/dao-tao-boi-duong responded 204 in 2.0256 ms
2026-04-14 15:45:39.879 +07:00 [INF] Request finished HTTP/1.1 OPTIONS http://localhost:5283/api/v1/dao-tao-boi-duong - 204 null null 6.3176ms
2026-04-14 15:45:39.881 +07:00 [INF] Request starting HTTP/1.1 GET http://localhost:5283/api/v1/dao-tao-boi-duong - null null
2026-04-14 15:45:39.883 +07:00 [INF] CORS policy execution successful.
2026-04-14 15:45:39.883 +07:00 [INF] Executing endpoint 'ThucLuc.Api.Controllers.V1.DaoTaoBoiDuongController.GetAll (ThucLuc.Api)'
2026-04-14 15:45:39.884 +07:00 [INF] Route matched with {action = "GetAll", controller = "DaoTaoBoiDuong"}. Executing controller action with signature System.Threading.Tasks.Task`1[Microsoft.AspNetCore.Mvc.ActionResult`1[ThucLuc.Api.Common.Models.ApiResponse`1[System.Collections.Generic.IReadOnlyCollection`1[ThucLuc.Application.Features.DaoTaoBoiDuong.DaoTaoBoiDuongDto]]]] GetAll(System.Threading.CancellationToken) on controller ThucLuc.Api.Controllers.V1.DaoTaoBoiDuongController (ThucLuc.Api).
2026-04-14 15:45:39.888 +07:00 [INF] Executing OkObjectResult, writing value of type 'ThucLuc.Api.Common.Models.ApiResponse`1[[System.Collections.Generic.IReadOnlyCollection`1[[ThucLuc.Application.Features.DaoTaoBoiDuong.DaoTaoBoiDuongDto, ThucLuc.Application, Version=1.0.0.0, Culture=neutral, PublicKeyToken=null]], System.Private.CoreLib, Version=8.0.0.0, Culture=neutral, PublicKeyToken=7cec85d7bea7798e]]'.
2026-04-14 15:45:39.889 +07:00 [INF] Executed action ThucLuc.Api.Controllers.V1.DaoTaoBoiDuongController.GetAll (ThucLuc.Api) in 3.5135ms
2026-04-14 15:45:39.890 +07:00 [INF] Executed endpoint 'ThucLuc.Api.Controllers.V1.DaoTaoBoiDuongController.GetAll (ThucLuc.Api)'
2026-04-14 15:45:39.891 +07:00 [INF] HTTP GET /api/v1/dao-tao-boi-duong => 200 in 8.4253 ms CorrelationId=916630e41e454d88b48ef54563a5956b UserId=5001
2026-04-14 15:45:39.893 +07:00 [INF] HTTP GET /api/v1/dao-tao-boi-duong responded 200 in 10.0284 ms
2026-04-14 15:45:39.894 +07:00 [INF] Request finished HTTP/1.1 GET http://localhost:5283/api/v1/dao-tao-boi-duong - 200 null application/json; charset=utf-8 13.2327ms
2026-04-14 15:45:39.916 +07:00 [INF] Executing OkObjectResult, writing value of type 'ThucLuc.Api.Common.Models.ApiResponse`1[[ThucLuc.Application.Features.DonVi.DonViDto, ThucLuc.Application, Version=1.0.0.0, Culture=neutral, PublicKeyToken=null]]'.
2026-04-14 15:45:39.917 +07:00 [INF] Executed action ThucLuc.Api.Controllers.V1.DonViController.GetById (ThucLuc.Api) in 46.12ms
2026-04-14 15:45:39.920 +07:00 [INF] Executed endpoint 'ThucLuc.Api.Controllers.V1.DonViController.GetById (ThucLuc.Api)'
2026-04-14 15:45:39.921 +07:00 [INF] HTTP GET /api/v1/don-vi/2001 => 200 in 54.4577 ms CorrelationId=615a4b65fb9e4e90b4b426c62dff9d89 UserId=5001
2026-04-14 15:45:39.922 +07:00 [INF] HTTP GET /api/v1/don-vi/2001 responded 200 in 55.7740 ms
2026-04-14 15:45:39.923 +07:00 [INF] Request finished HTTP/1.1 GET http://localhost:5283/api/v1/don-vi/2001 - 200 null application/json; charset=utf-8 59.199ms
2026-04-14 15:46:14.539 +07:00 [INF] Request starting HTTP/1.1 OPTIONS http://localhost:5283/api/v1/don-vi/2001 - null null
2026-04-14 15:46:14.541 +07:00 [INF] CORS policy execution successful.
2026-04-14 15:46:14.542 +07:00 [INF] HTTP OPTIONS /api/v1/don-vi/2001 => 204 in 0.9905 ms CorrelationId=ea2b92e4110b4e0f89642aebb4e7cca3 UserId=anonymous
2026-04-14 15:46:14.545 +07:00 [INF] HTTP OPTIONS /api/v1/don-vi/2001 responded 204 in 3.4337 ms
2026-04-14 15:46:14.547 +07:00 [INF] Request finished HTTP/1.1 OPTIONS http://localhost:5283/api/v1/don-vi/2001 - 204 null null 8.1502ms
2026-04-14 15:46:14.547 +07:00 [INF] Request starting HTTP/1.1 OPTIONS http://localhost:5283/api/v1/ky-bao-cao/current - null null
2026-04-14 15:46:14.548 +07:00 [INF] Request starting HTTP/1.1 OPTIONS http://localhost:5283/api/v1/ky-bao-cao - null null
2026-04-14 15:46:14.551 +07:00 [INF] Request starting HTTP/1.1 GET http://localhost:5283/api/v1/don-vi/2001 - null null
2026-04-14 15:46:14.554 +07:00 [INF] CORS policy execution successful.
2026-04-14 15:46:14.556 +07:00 [INF] CORS policy execution successful.
2026-04-14 15:46:14.558 +07:00 [INF] CORS policy execution successful.
2026-04-14 15:46:14.558 +07:00 [INF] HTTP OPTIONS /api/v1/ky-bao-cao/current => 204 in 4.837 ms CorrelationId=38e7d3e8d782429cabc06dd1692ced7e UserId=anonymous
2026-04-14 15:46:14.559 +07:00 [INF] HTTP OPTIONS /api/v1/ky-bao-cao => 204 in 3.5399 ms CorrelationId=a3df2f6b9f39439b9569ffb1390f86be UserId=anonymous
2026-04-14 15:46:14.560 +07:00 [INF] Executing endpoint 'ThucLuc.Api.Controllers.V1.DonViController.GetById (ThucLuc.Api)'
2026-04-14 15:46:14.562 +07:00 [INF] HTTP OPTIONS /api/v1/ky-bao-cao/current responded 204 in 8.2307 ms
2026-04-14 15:46:14.564 +07:00 [INF] HTTP OPTIONS /api/v1/ky-bao-cao responded 204 in 7.8619 ms
2026-04-14 15:46:14.565 +07:00 [INF] Route matched with {action = "GetById", controller = "DonVi"}. Executing controller action with signature System.Threading.Tasks.Task`1[Microsoft.AspNetCore.Mvc.ActionResult`1[ThucLuc.Api.Common.Models.ApiResponse`1[ThucLuc.Application.Features.DonVi.DonViDto]]] GetById(Int64, System.Threading.CancellationToken) on controller ThucLuc.Api.Controllers.V1.DonViController (ThucLuc.Api).
2026-04-14 15:46:14.567 +07:00 [INF] Request finished HTTP/1.1 OPTIONS http://localhost:5283/api/v1/ky-bao-cao/current - 204 null null 19.3703ms
2026-04-14 15:46:14.569 +07:00 [INF] Request finished HTTP/1.1 OPTIONS http://localhost:5283/api/v1/ky-bao-cao - 204 null null 20.8752ms
2026-04-14 15:46:14.573 +07:00 [INF] Request starting HTTP/1.1 GET http://localhost:5283/api/v1/ky-bao-cao - null null
2026-04-14 15:46:14.576 +07:00 [INF] Request starting HTTP/1.1 GET http://localhost:5283/api/v1/ky-bao-cao/current - null null
2026-04-14 15:46:14.578 +07:00 [INF] CORS policy execution successful.
2026-04-14 15:46:14.580 +07:00 [INF] CORS policy execution successful.
2026-04-14 15:46:14.581 +07:00 [INF] Executing endpoint 'ThucLuc.Api.Controllers.V1.KyBaoCaoController.GetAll (ThucLuc.Api)'
2026-04-14 15:46:14.581 +07:00 [INF] Executing endpoint 'ThucLuc.Api.Controllers.V1.KyBaoCaoController.GetCurrent (ThucLuc.Api)'
2026-04-14 15:46:14.583 +07:00 [INF] Route matched with {action = "GetAll", controller = "KyBaoCao"}. Executing controller action with signature System.Threading.Tasks.Task`1[Microsoft.AspNetCore.Mvc.ActionResult`1[ThucLuc.Api.Common.Models.ApiResponse`1[System.Collections.Generic.IReadOnlyCollection`1[ThucLuc.Application.Features.KyBaoCao.KyBaoCaoDto]]]] GetAll(System.Threading.CancellationToken) on controller ThucLuc.Api.Controllers.V1.KyBaoCaoController (ThucLuc.Api).
2026-04-14 15:46:14.584 +07:00 [INF] Route matched with {action = "GetCurrent", controller = "KyBaoCao"}. Executing controller action with signature System.Threading.Tasks.Task`1[Microsoft.AspNetCore.Mvc.ActionResult`1[ThucLuc.Api.Common.Models.ApiResponse`1[ThucLuc.Application.Features.KyBaoCao.KyBaoCaoDto]]] GetCurrent(System.Threading.CancellationToken) on controller ThucLuc.Api.Controllers.V1.KyBaoCaoController (ThucLuc.Api).
2026-04-14 15:46:14.617 +07:00 [INF] Executing OkObjectResult, writing value of type 'ThucLuc.Api.Common.Models.ApiResponse`1[[ThucLuc.Application.Features.DonVi.DonViDto, ThucLuc.Application, Version=1.0.0.0, Culture=neutral, PublicKeyToken=null]]'.
2026-04-14 15:46:14.618 +07:00 [INF] Executed action ThucLuc.Api.Controllers.V1.DonViController.GetById (ThucLuc.Api) in 48.133ms
2026-04-14 15:46:14.619 +07:00 [INF] Executed endpoint 'ThucLuc.Api.Controllers.V1.DonViController.GetById (ThucLuc.Api)'
2026-04-14 15:46:14.620 +07:00 [INF] HTTP GET /api/v1/don-vi/2001 => 200 in 62.5664 ms CorrelationId=816b181c79274af29965e58641eff3ad UserId=5001
2026-04-14 15:46:14.620 +07:00 [INF] Request starting HTTP/1.1 GET http://localhost:5283/api/v1/don-vi/2001 - null null
2026-04-14 15:46:14.622 +07:00 [INF] HTTP GET /api/v1/don-vi/2001 responded 200 in 63.9028 ms
2026-04-14 15:46:14.624 +07:00 [INF] CORS policy execution successful.
2026-04-14 15:46:14.626 +07:00 [INF] Request finished HTTP/1.1 GET http://localhost:5283/api/v1/don-vi/2001 - 200 null application/json; charset=utf-8 74.3808ms
2026-04-14 15:46:14.627 +07:00 [INF] Executing endpoint 'ThucLuc.Api.Controllers.V1.DonViController.GetById (ThucLuc.Api)'
2026-04-14 15:46:14.630 +07:00 [INF] Route matched with {action = "GetById", controller = "DonVi"}. Executing controller action with signature System.Threading.Tasks.Task`1[Microsoft.AspNetCore.Mvc.ActionResult`1[ThucLuc.Api.Common.Models.ApiResponse`1[ThucLuc.Application.Features.DonVi.DonViDto]]] GetById(Int64, System.Threading.CancellationToken) on controller ThucLuc.Api.Controllers.V1.DonViController (ThucLuc.Api).
2026-04-14 15:46:14.632 +07:00 [INF] Executing OkObjectResult, writing value of type 'ThucLuc.Api.Common.Models.ApiResponse`1[[System.Collections.Generic.IReadOnlyCollection`1[[ThucLuc.Application.Features.KyBaoCao.KyBaoCaoDto, ThucLuc.Application, Version=1.0.0.0, Culture=neutral, PublicKeyToken=null]], System.Private.CoreLib, Version=8.0.0.0, Culture=neutral, PublicKeyToken=7cec85d7bea7798e]]'.
2026-04-14 15:46:14.632 +07:00 [INF] Executing OkObjectResult, writing value of type 'ThucLuc.Api.Common.Models.ApiResponse`1[[ThucLuc.Application.Features.KyBaoCao.KyBaoCaoDto, ThucLuc.Application, Version=1.0.0.0, Culture=neutral, PublicKeyToken=null]]'.
2026-04-14 15:46:14.634 +07:00 [INF] Executed action ThucLuc.Api.Controllers.V1.KyBaoCaoController.GetAll (ThucLuc.Api) in 48.998ms
2026-04-14 15:46:14.636 +07:00 [INF] Executed action ThucLuc.Api.Controllers.V1.KyBaoCaoController.GetCurrent (ThucLuc.Api) in 48.4957ms
2026-04-14 15:46:14.638 +07:00 [INF] Executed endpoint 'ThucLuc.Api.Controllers.V1.KyBaoCaoController.GetAll (ThucLuc.Api)'
2026-04-14 15:46:14.639 +07:00 [INF] Executed endpoint 'ThucLuc.Api.Controllers.V1.KyBaoCaoController.GetCurrent (ThucLuc.Api)'
2026-04-14 15:46:14.640 +07:00 [INF] HTTP GET /api/v1/ky-bao-cao => 200 in 61.5005 ms CorrelationId=d7d6ef8d3c5241dfb993937857077eee UserId=5001
2026-04-14 15:46:14.640 +07:00 [INF] HTTP GET /api/v1/ky-bao-cao/current => 200 in 60.5158 ms CorrelationId=b6b5aa37d02c4c1a960ecaa6a0a959b7 UserId=5001
2026-04-14 15:46:14.642 +07:00 [INF] HTTP GET /api/v1/ky-bao-cao responded 200 in 64.0648 ms
2026-04-14 15:46:14.644 +07:00 [INF] HTTP GET /api/v1/ky-bao-cao/current responded 200 in 64.2486 ms
2026-04-14 15:46:14.646 +07:00 [INF] Request finished HTTP/1.1 GET http://localhost:5283/api/v1/ky-bao-cao - 200 null application/json; charset=utf-8 72.3105ms
2026-04-14 15:46:14.647 +07:00 [INF] Request finished HTTP/1.1 GET http://localhost:5283/api/v1/ky-bao-cao/current - 200 null application/json; charset=utf-8 71.5509ms
2026-04-14 15:46:14.677 +07:00 [INF] Executing OkObjectResult, writing value of type 'ThucLuc.Api.Common.Models.ApiResponse`1[[ThucLuc.Application.Features.DonVi.DonViDto, ThucLuc.Application, Version=1.0.0.0, Culture=neutral, PublicKeyToken=null]]'.
2026-04-14 15:46:14.678 +07:00 [INF] Executed action ThucLuc.Api.Controllers.V1.DonViController.GetById (ThucLuc.Api) in 47.4587ms
2026-04-14 15:46:14.680 +07:00 [INF] Executed endpoint 'ThucLuc.Api.Controllers.V1.DonViController.GetById (ThucLuc.Api)'
2026-04-14 15:46:14.680 +07:00 [INF] Request starting HTTP/1.1 OPTIONS http://localhost:5283/api/v1/snapshot?kyBaoCaoId=6001 - null null
2026-04-14 15:46:14.681 +07:00 [INF] HTTP GET /api/v1/don-vi/2001 => 200 in 57.1065 ms CorrelationId=cd3396efaad7443191223bf1def9da93 UserId=5001
2026-04-14 15:46:14.684 +07:00 [INF] CORS policy execution successful.
2026-04-14 15:46:14.685 +07:00 [INF] HTTP GET /api/v1/don-vi/2001 responded 200 in 61.8896 ms
2026-04-14 15:46:14.686 +07:00 [INF] HTTP OPTIONS /api/v1/snapshot => 204 in 2.5542 ms CorrelationId=702a0923e43749429c245bd62aa80b32 UserId=anonymous
2026-04-14 15:46:14.687 +07:00 [INF] Request finished HTTP/1.1 GET http://localhost:5283/api/v1/don-vi/2001 - 200 null application/json; charset=utf-8 66.8878ms
2026-04-14 15:46:14.688 +07:00 [INF] HTTP OPTIONS /api/v1/snapshot responded 204 in 4.6406 ms
2026-04-14 15:46:14.691 +07:00 [INF] Request finished HTTP/1.1 OPTIONS http://localhost:5283/api/v1/snapshot?kyBaoCaoId=6001 - 204 null null 10.7564ms
2026-04-14 15:46:14.693 +07:00 [INF] Request starting HTTP/1.1 GET http://localhost:5283/api/v1/snapshot?kyBaoCaoId=6001 - null null
2026-04-14 15:46:14.695 +07:00 [INF] CORS policy execution successful.
2026-04-14 15:46:14.695 +07:00 [INF] Executing endpoint 'ThucLuc.Api.Controllers.V1.BaoCaoSnapshotController.GetByKy (ThucLuc.Api)'
2026-04-14 15:46:14.696 +07:00 [INF] Route matched with {action = "GetByKy", controller = "BaoCaoSnapshot"}. Executing controller action with signature System.Threading.Tasks.Task`1[Microsoft.AspNetCore.Mvc.ActionResult`1[ThucLuc.Api.Common.Models.ApiResponse`1[System.Collections.Generic.IReadOnlyCollection`1[ThucLuc.Application.Features.BaoCaoSnapshot.BaoCaoSnapshotDto]]]] GetByKy(Int64, System.Threading.CancellationToken) on controller ThucLuc.Api.Controllers.V1.BaoCaoSnapshotController (ThucLuc.Api).
2026-04-14 15:46:14.708 +07:00 [INF] Request starting HTTP/1.1 OPTIONS http://localhost:5283/api/v1/dao-tao-boi-duong - null null
2026-04-14 15:46:14.710 +07:00 [INF] CORS policy execution successful.
2026-04-14 15:46:14.710 +07:00 [INF] HTTP OPTIONS /api/v1/dao-tao-boi-duong => 204 in 0.7993 ms CorrelationId=af8329ab545b46269d01b39dc3eb9baf UserId=anonymous
2026-04-14 15:46:14.712 +07:00 [INF] HTTP OPTIONS /api/v1/dao-tao-boi-duong responded 204 in 2.0855 ms
2026-04-14 15:46:14.713 +07:00 [INF] Request finished HTTP/1.1 OPTIONS http://localhost:5283/api/v1/dao-tao-boi-duong - 204 null null 4.837ms
2026-04-14 15:46:14.715 +07:00 [INF] Request starting HTTP/1.1 GET http://localhost:5283/api/v1/dao-tao-boi-duong - null null
2026-04-14 15:46:14.718 +07:00 [INF] CORS policy execution successful.
2026-04-14 15:46:14.719 +07:00 [INF] Executing endpoint 'ThucLuc.Api.Controllers.V1.DaoTaoBoiDuongController.GetAll (ThucLuc.Api)'
2026-04-14 15:46:14.720 +07:00 [INF] Route matched with {action = "GetAll", controller = "DaoTaoBoiDuong"}. Executing controller action with signature System.Threading.Tasks.Task`1[Microsoft.AspNetCore.Mvc.ActionResult`1[ThucLuc.Api.Common.Models.ApiResponse`1[System.Collections.Generic.IReadOnlyCollection`1[ThucLuc.Application.Features.DaoTaoBoiDuong.DaoTaoBoiDuongDto]]]] GetAll(System.Threading.CancellationToken) on controller ThucLuc.Api.Controllers.V1.DaoTaoBoiDuongController (ThucLuc.Api).
2026-04-14 15:46:14.741 +07:00 [INF] Executing OkObjectResult, writing value of type 'ThucLuc.Api.Common.Models.ApiResponse`1[[System.Collections.Generic.IReadOnlyCollection`1[[ThucLuc.Application.Features.BaoCaoSnapshot.BaoCaoSnapshotDto, ThucLuc.Application, Version=1.0.0.0, Culture=neutral, PublicKeyToken=null]], System.Private.CoreLib, Version=8.0.0.0, Culture=neutral, PublicKeyToken=7cec85d7bea7798e]]'.
2026-04-14 15:46:14.742 +07:00 [INF] Executed action ThucLuc.Api.Controllers.V1.BaoCaoSnapshotController.GetByKy (ThucLuc.Api) in 44.782ms
2026-04-14 15:46:14.743 +07:00 [INF] Executed endpoint 'ThucLuc.Api.Controllers.V1.BaoCaoSnapshotController.GetByKy (ThucLuc.Api)'
2026-04-14 15:46:14.744 +07:00 [INF] HTTP GET /api/v1/snapshot => 200 in 49.4847 ms CorrelationId=548c8149e24f479fb75700401d65375e UserId=5001
2026-04-14 15:46:14.745 +07:00 [INF] HTTP GET /api/v1/snapshot responded 200 in 50.5870 ms
2026-04-14 15:46:14.746 +07:00 [INF] Request finished HTTP/1.1 GET http://localhost:5283/api/v1/snapshot?kyBaoCaoId=6001 - 200 null application/json; charset=utf-8 53.0141ms
2026-04-14 15:46:14.764 +07:00 [INF] Executing OkObjectResult, writing value of type 'ThucLuc.Api.Common.Models.ApiResponse`1[[System.Collections.Generic.IReadOnlyCollection`1[[ThucLuc.Application.Features.DaoTaoBoiDuong.DaoTaoBoiDuongDto, ThucLuc.Application, Version=1.0.0.0, Culture=neutral, PublicKeyToken=null]], System.Private.CoreLib, Version=8.0.0.0, Culture=neutral, PublicKeyToken=7cec85d7bea7798e]]'.
2026-04-14 15:46:14.767 +07:00 [INF] Executed action ThucLuc.Api.Controllers.V1.DaoTaoBoiDuongController.GetAll (ThucLuc.Api) in 45.0419ms
2026-04-14 15:46:14.768 +07:00 [INF] Executed endpoint 'ThucLuc.Api.Controllers.V1.DaoTaoBoiDuongController.GetAll (ThucLuc.Api)'
2026-04-14 15:46:14.770 +07:00 [INF] HTTP GET /api/v1/dao-tao-boi-duong => 200 in 51.4487 ms CorrelationId=7c9246ff11fe406699ede2eafe714833 UserId=5001
2026-04-14 15:46:14.773 +07:00 [INF] HTTP GET /api/v1/dao-tao-boi-duong responded 200 in 54.4595 ms
2026-04-14 15:46:14.775 +07:00 [INF] Request finished HTTP/1.1 GET http://localhost:5283/api/v1/dao-tao-boi-duong - 200 null application/json; charset=utf-8 59.9764ms
2026-04-14 15:46:56.238 +07:00 [INF] Request starting HTTP/1.1 OPTIONS http://localhost:5283/api/v1/don-vi/2001 - null null
2026-04-14 15:46:56.242 +07:00 [INF] CORS policy execution successful.
2026-04-14 15:46:56.242 +07:00 [INF] HTTP OPTIONS /api/v1/don-vi/2001 => 204 in 0.5006 ms CorrelationId=a058ce72fc0a4b1babe284541478d92a UserId=anonymous
2026-04-14 15:46:56.243 +07:00 [INF] HTTP OPTIONS /api/v1/don-vi/2001 responded 204 in 1.7334 ms
2026-04-14 15:46:56.245 +07:00 [INF] Request finished HTTP/1.1 OPTIONS http://localhost:5283/api/v1/don-vi/2001 - 204 null null 6.8531ms
2026-04-14 15:46:56.247 +07:00 [INF] Request starting HTTP/1.1 GET http://localhost:5283/api/v1/don-vi/2001 - null null
2026-04-14 15:46:56.249 +07:00 [INF] CORS policy execution successful.
2026-04-14 15:46:56.250 +07:00 [INF] Executing endpoint 'ThucLuc.Api.Controllers.V1.DonViController.GetById (ThucLuc.Api)'
2026-04-14 15:46:56.251 +07:00 [INF] Route matched with {action = "GetById", controller = "DonVi"}. Executing controller action with signature System.Threading.Tasks.Task`1[Microsoft.AspNetCore.Mvc.ActionResult`1[ThucLuc.Api.Common.Models.ApiResponse`1[ThucLuc.Application.Features.DonVi.DonViDto]]] GetById(Int64, System.Threading.CancellationToken) on controller ThucLuc.Api.Controllers.V1.DonViController (ThucLuc.Api).
2026-04-14 15:46:56.257 +07:00 [INF] Request starting HTTP/1.1 OPTIONS http://localhost:5283/api/v1/dao-tao-boi-duong - null null
2026-04-14 15:46:56.259 +07:00 [INF] CORS policy execution successful.
2026-04-14 15:46:56.259 +07:00 [INF] HTTP OPTIONS /api/v1/dao-tao-boi-duong => 204 in 0.7534 ms CorrelationId=3c9018bd87894bbb93b71f8839ca6aa2 UserId=anonymous
2026-04-14 15:46:56.261 +07:00 [INF] HTTP OPTIONS /api/v1/dao-tao-boi-duong responded 204 in 2.0614 ms
2026-04-14 15:46:56.262 +07:00 [INF] Request finished HTTP/1.1 OPTIONS http://localhost:5283/api/v1/dao-tao-boi-duong - 204 null null 4.6152ms
2026-04-14 15:46:56.266 +07:00 [INF] Request starting HTTP/1.1 GET http://localhost:5283/api/v1/dao-tao-boi-duong - null null
2026-04-14 15:46:56.270 +07:00 [INF] CORS policy execution successful.
2026-04-14 15:46:56.271 +07:00 [INF] Executing endpoint 'ThucLuc.Api.Controllers.V1.DaoTaoBoiDuongController.GetAll (ThucLuc.Api)'
2026-04-14 15:46:56.272 +07:00 [INF] Route matched with {action = "GetAll", controller = "DaoTaoBoiDuong"}. Executing controller action with signature System.Threading.Tasks.Task`1[Microsoft.AspNetCore.Mvc.ActionResult`1[ThucLuc.Api.Common.Models.ApiResponse`1[System.Collections.Generic.IReadOnlyCollection`1[ThucLuc.Application.Features.DaoTaoBoiDuong.DaoTaoBoiDuongDto]]]] GetAll(System.Threading.CancellationToken) on controller ThucLuc.Api.Controllers.V1.DaoTaoBoiDuongController (ThucLuc.Api).
2026-04-14 15:46:56.299 +07:00 [INF] Executing OkObjectResult, writing value of type 'ThucLuc.Api.Common.Models.ApiResponse`1[[ThucLuc.Application.Features.DonVi.DonViDto, ThucLuc.Application, Version=1.0.0.0, Culture=neutral, PublicKeyToken=null]]'.
2026-04-14 15:46:56.300 +07:00 [INF] Executed action ThucLuc.Api.Controllers.V1.DonViController.GetById (ThucLuc.Api) in 47.59ms
2026-04-14 15:46:56.302 +07:00 [INF] Executed endpoint 'ThucLuc.Api.Controllers.V1.DonViController.GetById (ThucLuc.Api)'
2026-04-14 15:46:56.303 +07:00 [INF] HTTP GET /api/v1/don-vi/2001 => 200 in 53.5263 ms CorrelationId=cca036b1dc2b47acb89a2fb315032193 UserId=5001
2026-04-14 15:46:56.304 +07:00 [INF] HTTP GET /api/v1/don-vi/2001 responded 200 in 54.8141 ms
2026-04-14 15:46:56.305 +07:00 [INF] Request finished HTTP/1.1 GET http://localhost:5283/api/v1/don-vi/2001 - 200 null application/json; charset=utf-8 58.4132ms
2026-04-14 15:46:56.318 +07:00 [INF] Executing OkObjectResult, writing value of type 'ThucLuc.Api.Common.Models.ApiResponse`1[[System.Collections.Generic.IReadOnlyCollection`1[[ThucLuc.Application.Features.DaoTaoBoiDuong.DaoTaoBoiDuongDto, ThucLuc.Application, Version=1.0.0.0, Culture=neutral, PublicKeyToken=null]], System.Private.CoreLib, Version=8.0.0.0, Culture=neutral, PublicKeyToken=7cec85d7bea7798e]]'.
2026-04-14 15:46:56.319 +07:00 [INF] Executed action ThucLuc.Api.Controllers.V1.DaoTaoBoiDuongController.GetAll (ThucLuc.Api) in 45.5291ms
2026-04-14 15:46:56.320 +07:00 [INF] Executed endpoint 'ThucLuc.Api.Controllers.V1.DaoTaoBoiDuongController.GetAll (ThucLuc.Api)'
2026-04-14 15:46:56.320 +07:00 [INF] HTTP GET /api/v1/dao-tao-boi-duong => 200 in 50.7215 ms CorrelationId=f5832ffa4cc84a75bc03ffa761e7b755 UserId=5001
2026-04-14 15:46:56.322 +07:00 [INF] HTTP GET /api/v1/dao-tao-boi-duong responded 200 in 51.9756 ms
2026-04-14 15:46:56.323 +07:00 [INF] Request finished HTTP/1.1 GET http://localhost:5283/api/v1/dao-tao-boi-duong - 200 null application/json; charset=utf-8 56.8429ms
2026-04-14 15:48:28.580 +07:00 [INF] Request starting HTTP/1.1 OPTIONS http://localhost:5283/api/v1/mau-bao-cao?includeInactive=true - null null
2026-04-14 15:48:28.580 +07:00 [INF] Request starting HTTP/1.1 OPTIONS http://localhost:5283/api/v1/mau-bao-cao/module-catalog - null null
2026-04-14 15:48:28.581 +07:00 [INF] CORS policy execution successful.
2026-04-14 15:48:28.582 +07:00 [INF] CORS policy execution successful.
2026-04-14 15:48:28.583 +07:00 [INF] HTTP OPTIONS /api/v1/mau-bao-cao => 204 in 1.4279 ms CorrelationId=28b85ad05f1946058130999495d35cdc UserId=anonymous
2026-04-14 15:48:28.583 +07:00 [INF] HTTP OPTIONS /api/v1/mau-bao-cao/module-catalog => 204 in 0.9092 ms CorrelationId=377a1b2a353941f7a4ffefe9734d94ac UserId=anonymous
2026-04-14 15:48:28.584 +07:00 [INF] HTTP OPTIONS /api/v1/mau-bao-cao responded 204 in 3.0106 ms
2026-04-14 15:48:28.585 +07:00 [INF] HTTP OPTIONS /api/v1/mau-bao-cao/module-catalog responded 204 in 2.9688 ms
2026-04-14 15:48:28.586 +07:00 [INF] Request finished HTTP/1.1 OPTIONS http://localhost:5283/api/v1/mau-bao-cao?includeInactive=true - 204 null null 6.567ms
2026-04-14 15:48:28.588 +07:00 [INF] Request finished HTTP/1.1 OPTIONS http://localhost:5283/api/v1/mau-bao-cao/module-catalog - 204 null null 7.922ms
2026-04-14 15:48:28.591 +07:00 [INF] Request starting HTTP/1.1 GET http://localhost:5283/api/v1/mau-bao-cao?includeInactive=true - null null
2026-04-14 15:48:28.592 +07:00 [INF] Request starting HTTP/1.1 GET http://localhost:5283/api/v1/mau-bao-cao/module-catalog - null null
2026-04-14 15:48:28.595 +07:00 [INF] CORS policy execution successful.
2026-04-14 15:48:28.597 +07:00 [INF] CORS policy execution successful.
2026-04-14 15:48:28.598 +07:00 [INF] Executing endpoint 'ThucLuc.Api.Controllers.V1.MauBaoCaoController.GetAll (ThucLuc.Api)'
2026-04-14 15:48:28.599 +07:00 [INF] Executing endpoint 'ThucLuc.Api.Controllers.V1.MauBaoCaoController.GetModuleCatalog (ThucLuc.Api)'
2026-04-14 15:48:28.600 +07:00 [INF] Route matched with {action = "GetAll", controller = "MauBaoCao"}. Executing controller action with signature System.Threading.Tasks.Task`1[Microsoft.AspNetCore.Mvc.ActionResult`1[ThucLuc.Api.Common.Models.ApiResponse`1[System.Collections.Generic.IReadOnlyCollection`1[ThucLuc.Application.Features.MauBaoCao.MauBaoCaoDto]]]] GetAll(Boolean, System.Threading.CancellationToken) on controller ThucLuc.Api.Controllers.V1.MauBaoCaoController (ThucLuc.Api).
2026-04-14 15:48:28.601 +07:00 [INF] Route matched with {action = "GetModuleCatalog", controller = "MauBaoCao"}. Executing controller action with signature System.Threading.Tasks.Task`1[Microsoft.AspNetCore.Mvc.ActionResult`1[ThucLuc.Api.Common.Models.ApiResponse`1[System.Collections.Generic.IReadOnlyCollection`1[ThucLuc.Application.Features.MauBaoCao.MauBaoCaoModuleCatalogGroupDto]]]] GetModuleCatalog(System.Threading.CancellationToken) on controller ThucLuc.Api.Controllers.V1.MauBaoCaoController (ThucLuc.Api).
2026-04-14 15:48:28.605 +07:00 [INF] Executing OkObjectResult, writing value of type 'ThucLuc.Api.Common.Models.ApiResponse`1[[System.Collections.Generic.IReadOnlyCollection`1[[ThucLuc.Application.Features.MauBaoCao.MauBaoCaoModuleCatalogGroupDto, ThucLuc.Application, Version=1.0.0.0, Culture=neutral, PublicKeyToken=null]], System.Private.CoreLib, Version=8.0.0.0, Culture=neutral, PublicKeyToken=7cec85d7bea7798e]]'.
2026-04-14 15:48:28.606 +07:00 [INF] Executed action ThucLuc.Api.Controllers.V1.MauBaoCaoController.GetModuleCatalog (ThucLuc.Api) in 1.1948ms
2026-04-14 15:48:28.607 +07:00 [INF] Executed endpoint 'ThucLuc.Api.Controllers.V1.MauBaoCaoController.GetModuleCatalog (ThucLuc.Api)'
2026-04-14 15:48:28.608 +07:00 [INF] HTTP GET /api/v1/mau-bao-cao/module-catalog => 200 in 10.3596 ms CorrelationId=52d3cc3f2f7d400d8a7a3dce5865d962 UserId=5001
2026-04-14 15:48:28.609 +07:00 [INF] HTTP GET /api/v1/mau-bao-cao/module-catalog responded 200 in 11.9163 ms
2026-04-14 15:48:28.611 +07:00 [INF] Request finished HTTP/1.1 GET http://localhost:5283/api/v1/mau-bao-cao/module-catalog - 200 null application/json; charset=utf-8 18.7142ms
2026-04-14 15:48:28.652 +07:00 [INF] Executing OkObjectResult, writing value of type 'ThucLuc.Api.Common.Models.ApiResponse`1[[System.Collections.Generic.IReadOnlyCollection`1[[ThucLuc.Application.Features.MauBaoCao.MauBaoCaoDto, ThucLuc.Application, Version=1.0.0.0, Culture=neutral, PublicKeyToken=null]], System.Private.CoreLib, Version=8.0.0.0, Culture=neutral, PublicKeyToken=7cec85d7bea7798e]]'.
2026-04-14 15:48:28.653 +07:00 [INF] Executed action ThucLuc.Api.Controllers.V1.MauBaoCaoController.GetAll (ThucLuc.Api) in 51.4218ms
2026-04-14 15:48:28.654 +07:00 [INF] Executed endpoint 'ThucLuc.Api.Controllers.V1.MauBaoCaoController.GetAll (ThucLuc.Api)'
2026-04-14 15:48:28.655 +07:00 [INF] HTTP GET /api/v1/mau-bao-cao => 200 in 59.6964 ms CorrelationId=55f4416d268e4a29af34c53cd68f3a2e UserId=5001
2026-04-14 15:48:28.656 +07:00 [INF] HTTP GET /api/v1/mau-bao-cao responded 200 in 60.7542 ms
2026-04-14 15:48:28.658 +07:00 [INF] Request finished HTTP/1.1 GET http://localhost:5283/api/v1/mau-bao-cao?includeInactive=true - 200 null application/json; charset=utf-8 66.8704ms
2026-04-14 15:55:11.149 +07:00 [INF] Request starting HTTP/1.1 OPTIONS http://localhost:5283/api/v1/dao-tao-boi-duong - null null
2026-04-14 15:55:11.151 +07:00 [INF] CORS policy execution successful.
2026-04-14 15:55:11.151 +07:00 [INF] HTTP OPTIONS /api/v1/dao-tao-boi-duong => 204 in 0.4728 ms CorrelationId=ba906259e6fa4fea8ef206da51f06145 UserId=anonymous
2026-04-14 15:55:11.152 +07:00 [INF] HTTP OPTIONS /api/v1/dao-tao-boi-duong responded 204 in 1.4727 ms
2026-04-14 15:55:11.154 +07:00 [INF] Request finished HTTP/1.1 OPTIONS http://localhost:5283/api/v1/dao-tao-boi-duong - 204 null null 5.2656ms
2026-04-14 15:55:11.158 +07:00 [INF] Request starting HTTP/1.1 GET http://localhost:5283/api/v1/dao-tao-boi-duong - null null
2026-04-14 15:55:11.161 +07:00 [INF] CORS policy execution successful.
2026-04-14 15:55:11.162 +07:00 [INF] Executing endpoint 'ThucLuc.Api.Controllers.V1.DaoTaoBoiDuongController.GetAll (ThucLuc.Api)'
2026-04-14 15:55:11.163 +07:00 [INF] Route matched with {action = "GetAll", controller = "DaoTaoBoiDuong"}. Executing controller action with signature System.Threading.Tasks.Task`1[Microsoft.AspNetCore.Mvc.ActionResult`1[ThucLuc.Api.Common.Models.ApiResponse`1[System.Collections.Generic.IReadOnlyCollection`1[ThucLuc.Application.Features.DaoTaoBoiDuong.DaoTaoBoiDuongDto]]]] GetAll(System.Threading.CancellationToken) on controller ThucLuc.Api.Controllers.V1.DaoTaoBoiDuongController (ThucLuc.Api).
2026-04-14 15:55:11.208 +07:00 [INF] Executing OkObjectResult, writing value of type 'ThucLuc.Api.Common.Models.ApiResponse`1[[System.Collections.Generic.IReadOnlyCollection`1[[ThucLuc.Application.Features.DaoTaoBoiDuong.DaoTaoBoiDuongDto, ThucLuc.Application, Version=1.0.0.0, Culture=neutral, PublicKeyToken=null]], System.Private.CoreLib, Version=8.0.0.0, Culture=neutral, PublicKeyToken=7cec85d7bea7798e]]'.
2026-04-14 15:55:11.211 +07:00 [INF] Executed action ThucLuc.Api.Controllers.V1.DaoTaoBoiDuongController.GetAll (ThucLuc.Api) in 46.3091ms
2026-04-14 15:55:11.213 +07:00 [INF] Executed endpoint 'ThucLuc.Api.Controllers.V1.DaoTaoBoiDuongController.GetAll (ThucLuc.Api)'
2026-04-14 15:55:11.215 +07:00 [INF] HTTP GET /api/v1/dao-tao-boi-duong => 200 in 54.5815 ms CorrelationId=85dad2e3b1e54c3c9c2919afd0cbdd95 UserId=5001
2026-04-14 15:55:11.219 +07:00 [INF] HTTP GET /api/v1/dao-tao-boi-duong responded 200 in 58.1023 ms
2026-04-14 15:55:11.221 +07:00 [INF] Request finished HTTP/1.1 GET http://localhost:5283/api/v1/dao-tao-boi-duong - 200 null application/json; charset=utf-8 62.9477ms
2026-04-14 15:55:17.221 +07:00 [INF] Request starting HTTP/1.1 OPTIONS http://localhost:5283/api/v1/don-vi/2001 - null null
2026-04-14 15:55:17.224 +07:00 [INF] CORS policy execution successful.
2026-04-14 15:55:17.225 +07:00 [INF] HTTP OPTIONS /api/v1/don-vi/2001 => 204 in 0.9592 ms CorrelationId=0ae820e2e9794a99a03d1438f12e535c UserId=anonymous
2026-04-14 15:55:17.226 +07:00 [INF] HTTP OPTIONS /api/v1/don-vi/2001 responded 204 in 2.6343 ms
2026-04-14 15:55:17.228 +07:00 [INF] Request finished HTTP/1.1 OPTIONS http://localhost:5283/api/v1/don-vi/2001 - 204 null null 6.5469ms
2026-04-14 15:55:17.230 +07:00 [INF] Request starting HTTP/1.1 GET http://localhost:5283/api/v1/don-vi/2001 - null null
2026-04-14 15:55:17.231 +07:00 [INF] CORS policy execution successful.
2026-04-14 15:55:17.232 +07:00 [INF] Executing endpoint 'ThucLuc.Api.Controllers.V1.DonViController.GetById (ThucLuc.Api)'
2026-04-14 15:55:17.232 +07:00 [INF] Route matched with {action = "GetById", controller = "DonVi"}. Executing controller action with signature System.Threading.Tasks.Task`1[Microsoft.AspNetCore.Mvc.ActionResult`1[ThucLuc.Api.Common.Models.ApiResponse`1[ThucLuc.Application.Features.DonVi.DonViDto]]] GetById(Int64, System.Threading.CancellationToken) on controller ThucLuc.Api.Controllers.V1.DonViController (ThucLuc.Api).
2026-04-14 15:55:17.251 +07:00 [INF] Request starting HTTP/1.1 OPTIONS http://localhost:5283/api/v1/dao-tao-boi-duong - null null
2026-04-14 15:55:17.253 +07:00 [INF] CORS policy execution successful.
2026-04-14 15:55:17.254 +07:00 [INF] HTTP OPTIONS /api/v1/dao-tao-boi-duong => 204 in 0.4044 ms CorrelationId=4e67fbbc9ba541c085f10c23f2ba58d7 UserId=anonymous
2026-04-14 15:55:17.256 +07:00 [INF] HTTP OPTIONS /api/v1/dao-tao-boi-duong responded 204 in 2.5504 ms
2026-04-14 15:55:17.257 +07:00 [INF] Request finished HTTP/1.1 OPTIONS http://localhost:5283/api/v1/dao-tao-boi-duong - 204 null null 5.768ms
2026-04-14 15:55:17.263 +07:00 [INF] Request starting HTTP/1.1 GET http://localhost:5283/api/v1/dao-tao-boi-duong - null null
2026-04-14 15:55:17.266 +07:00 [INF] CORS policy execution successful.
2026-04-14 15:55:17.266 +07:00 [INF] Executing endpoint 'ThucLuc.Api.Controllers.V1.DaoTaoBoiDuongController.GetAll (ThucLuc.Api)'
2026-04-14 15:55:17.267 +07:00 [INF] Route matched with {action = "GetAll", controller = "DaoTaoBoiDuong"}. Executing controller action with signature System.Threading.Tasks.Task`1[Microsoft.AspNetCore.Mvc.ActionResult`1[ThucLuc.Api.Common.Models.ApiResponse`1[System.Collections.Generic.IReadOnlyCollection`1[ThucLuc.Application.Features.DaoTaoBoiDuong.DaoTaoBoiDuongDto]]]] GetAll(System.Threading.CancellationToken) on controller ThucLuc.Api.Controllers.V1.DaoTaoBoiDuongController (ThucLuc.Api).
2026-04-14 15:55:17.280 +07:00 [INF] Executing OkObjectResult, writing value of type 'ThucLuc.Api.Common.Models.ApiResponse`1[[ThucLuc.Application.Features.DonVi.DonViDto, ThucLuc.Application, Version=1.0.0.0, Culture=neutral, PublicKeyToken=null]]'.
2026-04-14 15:55:17.281 +07:00 [INF] Executed action ThucLuc.Api.Controllers.V1.DonViController.GetById (ThucLuc.Api) in 46.9817ms
2026-04-14 15:55:17.282 +07:00 [INF] Executed endpoint 'ThucLuc.Api.Controllers.V1.DonViController.GetById (ThucLuc.Api)'
2026-04-14 15:55:17.283 +07:00 [INF] HTTP GET /api/v1/don-vi/2001 => 200 in 52.4532 ms CorrelationId=2622fbbbf88f4a0892faf4d158fd963b UserId=5001
2026-04-14 15:55:17.285 +07:00 [INF] HTTP GET /api/v1/don-vi/2001 responded 200 in 54.3760 ms
2026-04-14 15:55:17.287 +07:00 [INF] Request finished HTTP/1.1 GET http://localhost:5283/api/v1/don-vi/2001 - 200 null application/json; charset=utf-8 56.9563ms
2026-04-14 15:55:17.311 +07:00 [INF] Executing OkObjectResult, writing value of type 'ThucLuc.Api.Common.Models.ApiResponse`1[[System.Collections.Generic.IReadOnlyCollection`1[[ThucLuc.Application.Features.DaoTaoBoiDuong.DaoTaoBoiDuongDto, ThucLuc.Application, Version=1.0.0.0, Culture=neutral, PublicKeyToken=null]], System.Private.CoreLib, Version=8.0.0.0, Culture=neutral, PublicKeyToken=7cec85d7bea7798e]]'.
2026-04-14 15:55:17.313 +07:00 [INF] Executed action ThucLuc.Api.Controllers.V1.DaoTaoBoiDuongController.GetAll (ThucLuc.Api) in 44.6601ms
2026-04-14 15:55:17.314 +07:00 [INF] Executed endpoint 'ThucLuc.Api.Controllers.V1.DaoTaoBoiDuongController.GetAll (ThucLuc.Api)'
2026-04-14 15:55:17.314 +07:00 [INF] HTTP GET /api/v1/dao-tao-boi-duong => 200 in 48.7777 ms CorrelationId=5ac2afe23478448296e9c94da28fffbf UserId=5001
2026-04-14 15:55:17.315 +07:00 [INF] HTTP GET /api/v1/dao-tao-boi-duong responded 200 in 49.8090 ms
2026-04-14 15:55:17.317 +07:00 [INF] Request finished HTTP/1.1 GET http://localhost:5283/api/v1/dao-tao-boi-duong - 200 null application/json; charset=utf-8 53.9745ms
2026-04-14 15:56:07.133 +07:00 [INF] Request starting HTTP/1.1 OPTIONS http://localhost:5283/api/v1/mau-bao-cao?includeInactive=true - null null
2026-04-14 15:56:07.133 +07:00 [INF] Request starting HTTP/1.1 OPTIONS http://localhost:5283/api/v1/mau-bao-cao/module-catalog - null null
2026-04-14 15:56:07.135 +07:00 [INF] CORS policy execution successful.
2026-04-14 15:56:07.136 +07:00 [INF] CORS policy execution successful.
2026-04-14 15:56:07.136 +07:00 [INF] HTTP OPTIONS /api/v1/mau-bao-cao => 204 in 1.5448 ms CorrelationId=b60c7bcaf4224abaaf0447ddca557e23 UserId=anonymous
2026-04-14 15:56:07.137 +07:00 [INF] HTTP OPTIONS /api/v1/mau-bao-cao/module-catalog => 204 in 1.3161 ms CorrelationId=025a3ba7f19c4abdb37c0619cf50cfc8 UserId=anonymous
2026-04-14 15:56:07.139 +07:00 [INF] HTTP OPTIONS /api/v1/mau-bao-cao responded 204 in 3.8859 ms
2026-04-14 15:56:07.141 +07:00 [INF] HTTP OPTIONS /api/v1/mau-bao-cao/module-catalog responded 204 in 4.9730 ms
2026-04-14 15:56:07.142 +07:00 [INF] Request finished HTTP/1.1 OPTIONS http://localhost:5283/api/v1/mau-bao-cao?includeInactive=true - 204 null null 9.1728ms
2026-04-14 15:56:07.143 +07:00 [INF] Request finished HTTP/1.1 OPTIONS http://localhost:5283/api/v1/mau-bao-cao/module-catalog - 204 null null 9.8206ms
2026-04-14 15:56:07.146 +07:00 [INF] Request starting HTTP/1.1 GET http://localhost:5283/api/v1/mau-bao-cao/module-catalog - null null
2026-04-14 15:56:07.148 +07:00 [INF] Request starting HTTP/1.1 GET http://localhost:5283/api/v1/mau-bao-cao?includeInactive=true - null null
2026-04-14 15:56:07.149 +07:00 [INF] CORS policy execution successful.
2026-04-14 15:56:07.150 +07:00 [INF] CORS policy execution successful.
2026-04-14 15:56:07.150 +07:00 [INF] Executing endpoint 'ThucLuc.Api.Controllers.V1.MauBaoCaoController.GetModuleCatalog (ThucLuc.Api)'
2026-04-14 15:56:07.150 +07:00 [INF] Executing endpoint 'ThucLuc.Api.Controllers.V1.MauBaoCaoController.GetAll (ThucLuc.Api)'
2026-04-14 15:56:07.151 +07:00 [INF] Route matched with {action = "GetModuleCatalog", controller = "MauBaoCao"}. Executing controller action with signature System.Threading.Tasks.Task`1[Microsoft.AspNetCore.Mvc.ActionResult`1[ThucLuc.Api.Common.Models.ApiResponse`1[System.Collections.Generic.IReadOnlyCollection`1[ThucLuc.Application.Features.MauBaoCao.MauBaoCaoModuleCatalogGroupDto]]]] GetModuleCatalog(System.Threading.CancellationToken) on controller ThucLuc.Api.Controllers.V1.MauBaoCaoController (ThucLuc.Api).
2026-04-14 15:56:07.152 +07:00 [INF] Route matched with {action = "GetAll", controller = "MauBaoCao"}. Executing controller action with signature System.Threading.Tasks.Task`1[Microsoft.AspNetCore.Mvc.ActionResult`1[ThucLuc.Api.Common.Models.ApiResponse`1[System.Collections.Generic.IReadOnlyCollection`1[ThucLuc.Application.Features.MauBaoCao.MauBaoCaoDto]]]] GetAll(Boolean, System.Threading.CancellationToken) on controller ThucLuc.Api.Controllers.V1.MauBaoCaoController (ThucLuc.Api).
2026-04-14 15:56:07.153 +07:00 [INF] Executing OkObjectResult, writing value of type 'ThucLuc.Api.Common.Models.ApiResponse`1[[System.Collections.Generic.IReadOnlyCollection`1[[ThucLuc.Application.Features.MauBaoCao.MauBaoCaoModuleCatalogGroupDto, ThucLuc.Application, Version=1.0.0.0, Culture=neutral, PublicKeyToken=null]], System.Private.CoreLib, Version=8.0.0.0, Culture=neutral, PublicKeyToken=7cec85d7bea7798e]]'.
2026-04-14 15:56:07.154 +07:00 [INF] Executed action ThucLuc.Api.Controllers.V1.MauBaoCaoController.GetModuleCatalog (ThucLuc.Api) in 1.6493ms
2026-04-14 15:56:07.155 +07:00 [INF] Executed endpoint 'ThucLuc.Api.Controllers.V1.MauBaoCaoController.GetModuleCatalog (ThucLuc.Api)'
2026-04-14 15:56:07.157 +07:00 [INF] HTTP GET /api/v1/mau-bao-cao/module-catalog => 200 in 7.9318 ms CorrelationId=88d8946fd15b48598a202a2808a9c8bd UserId=5001
2026-04-14 15:56:07.158 +07:00 [INF] HTTP GET /api/v1/mau-bao-cao/module-catalog responded 200 in 9.0379 ms
2026-04-14 15:56:07.159 +07:00 [INF] Request finished HTTP/1.1 GET http://localhost:5283/api/v1/mau-bao-cao/module-catalog - 200 null application/json; charset=utf-8 12.6774ms
2026-04-14 15:56:07.202 +07:00 [INF] Executing OkObjectResult, writing value of type 'ThucLuc.Api.Common.Models.ApiResponse`1[[System.Collections.Generic.IReadOnlyCollection`1[[ThucLuc.Application.Features.MauBaoCao.MauBaoCaoDto, ThucLuc.Application, Version=1.0.0.0, Culture=neutral, PublicKeyToken=null]], System.Private.CoreLib, Version=8.0.0.0, Culture=neutral, PublicKeyToken=7cec85d7bea7798e]]'.
2026-04-14 15:56:07.204 +07:00 [INF] Executed action ThucLuc.Api.Controllers.V1.MauBaoCaoController.GetAll (ThucLuc.Api) in 50.2554ms
2026-04-14 15:56:07.205 +07:00 [INF] Executed endpoint 'ThucLuc.Api.Controllers.V1.MauBaoCaoController.GetAll (ThucLuc.Api)'
2026-04-14 15:56:07.206 +07:00 [INF] HTTP GET /api/v1/mau-bao-cao => 200 in 56.6142 ms CorrelationId=d3178f9bd199480993b22d0282e09f86 UserId=5001
2026-04-14 15:56:07.208 +07:00 [INF] HTTP GET /api/v1/mau-bao-cao responded 200 in 57.8983 ms
2026-04-14 15:56:07.209 +07:00 [INF] Request finished HTTP/1.1 GET http://localhost:5283/api/v1/mau-bao-cao?includeInactive=true - 200 null application/json; charset=utf-8 61.4523ms
2026-04-14 16:02:09.550 +07:00 [INF] Request starting HTTP/1.1 OPTIONS http://localhost:5283/api/v1/don-vi/2001 - null null
2026-04-14 16:02:09.552 +07:00 [INF] Request starting HTTP/1.1 OPTIONS http://localhost:5283/api/v1/don-vi/2001 - null null
2026-04-14 16:02:09.552 +07:00 [INF] Request starting HTTP/1.1 OPTIONS http://localhost:5283/api/v1/ky-bao-cao - null null
2026-04-14 16:02:09.553 +07:00 [INF] Request starting HTTP/1.1 OPTIONS http://localhost:5283/api/v1/mau-bao-cao?includeInactive=true - null null
2026-04-14 16:02:09.552 +07:00 [INF] Request starting HTTP/1.1 OPTIONS http://localhost:5283/api/v1/ky-bao-cao/current - null null
2026-04-14 16:02:09.554 +07:00 [INF] Request starting HTTP/1.1 OPTIONS http://localhost:5283/api/v1/mau-bao-cao/module-catalog - null null
2026-04-14 16:02:09.554 +07:00 [INF] CORS policy execution successful.
2026-04-14 16:02:09.558 +07:00 [INF] CORS policy execution successful.
2026-04-14 16:02:09.560 +07:00 [INF] CORS policy execution successful.
2026-04-14 16:02:09.562 +07:00 [INF] CORS policy execution successful.
2026-04-14 16:02:09.564 +07:00 [INF] CORS policy execution successful.
2026-04-14 16:02:09.566 +07:00 [INF] CORS policy execution successful.
2026-04-14 16:02:09.566 +07:00 [INF] HTTP OPTIONS /api/v1/don-vi/2001 => 204 in 12.5043 ms CorrelationId=9e4d3810ea684b0e96a5c7351dd98d9d UserId=anonymous
2026-04-14 16:02:09.567 +07:00 [INF] HTTP OPTIONS /api/v1/don-vi/2001 => 204 in 9.6484 ms CorrelationId=c1f9b37745f94abf92de9f035b9850c6 UserId=anonymous
2026-04-14 16:02:09.568 +07:00 [INF] HTTP OPTIONS /api/v1/ky-bao-cao => 204 in 7.3155 ms CorrelationId=49d32b98629f4958b0485dd98f12954e UserId=anonymous
2026-04-14 16:02:09.568 +07:00 [INF] HTTP OPTIONS /api/v1/mau-bao-cao => 204 in 5.9795 ms CorrelationId=4ec1635530ed4b5d8896362e4d14faa2 UserId=anonymous
2026-04-14 16:02:09.569 +07:00 [INF] HTTP OPTIONS /api/v1/ky-bao-cao/current => 204 in 4.7251 ms CorrelationId=28c23ed26bc448d68c12cbbc14f5b5c0 UserId=anonymous
2026-04-14 16:02:09.569 +07:00 [INF] HTTP OPTIONS /api/v1/mau-bao-cao/module-catalog => 204 in 3.6622 ms CorrelationId=bc1394f55a9945c8abb07304cdfcfafb UserId=anonymous
2026-04-14 16:02:09.571 +07:00 [INF] HTTP OPTIONS /api/v1/don-vi/2001 responded 204 in 17.0318 ms
2026-04-14 16:02:09.572 +07:00 [INF] HTTP OPTIONS /api/v1/don-vi/2001 responded 204 in 14.8422 ms
2026-04-14 16:02:09.574 +07:00 [INF] HTTP OPTIONS /api/v1/ky-bao-cao responded 204 in 14.1126 ms
2026-04-14 16:02:09.576 +07:00 [INF] HTTP OPTIONS /api/v1/mau-bao-cao responded 204 in 13.7482 ms
2026-04-14 16:02:09.578 +07:00 [INF] HTTP OPTIONS /api/v1/ky-bao-cao/current responded 204 in 13.6114 ms
2026-04-14 16:02:09.579 +07:00 [INF] HTTP OPTIONS /api/v1/mau-bao-cao/module-catalog responded 204 in 13.7206 ms
2026-04-14 16:02:09.581 +07:00 [INF] Request finished HTTP/1.1 OPTIONS http://localhost:5283/api/v1/don-vi/2001 - 204 null null 30.5846ms
2026-04-14 16:02:09.582 +07:00 [INF] Request finished HTTP/1.1 OPTIONS http://localhost:5283/api/v1/don-vi/2001 - 204 null null 30.4891ms
2026-04-14 16:02:09.584 +07:00 [INF] Request finished HTTP/1.1 OPTIONS http://localhost:5283/api/v1/ky-bao-cao - 204 null null 32.2401ms
2026-04-14 16:02:09.586 +07:00 [INF] Request finished HTTP/1.1 OPTIONS http://localhost:5283/api/v1/mau-bao-cao?includeInactive=true - 204 null null 33.1827ms
2026-04-14 16:02:09.587 +07:00 [INF] Request finished HTTP/1.1 OPTIONS http://localhost:5283/api/v1/ky-bao-cao/current - 204 null null 35.2703ms
2026-04-14 16:02:09.589 +07:00 [INF] Request finished HTTP/1.1 OPTIONS http://localhost:5283/api/v1/mau-bao-cao/module-catalog - 204 null null 35.2629ms
2026-04-14 16:02:09.591 +07:00 [INF] Request starting HTTP/1.1 GET http://localhost:5283/api/v1/don-vi/2001 - null null
2026-04-14 16:02:09.596 +07:00 [INF] Request starting HTTP/1.1 GET http://localhost:5283/api/v1/ky-bao-cao - null null
2026-04-14 16:02:09.599 +07:00 [INF] Request starting HTTP/1.1 GET http://localhost:5283/api/v1/mau-bao-cao?includeInactive=true - null null
2026-04-14 16:02:09.601 +07:00 [INF] Request starting HTTP/1.1 GET http://localhost:5283/api/v1/ky-bao-cao/current - null null
2026-04-14 16:02:09.603 +07:00 [INF] Request starting HTTP/1.1 GET http://localhost:5283/api/v1/mau-bao-cao/module-catalog - null null
2026-04-14 16:02:09.604 +07:00 [INF] CORS policy execution successful.
2026-04-14 16:02:09.609 +07:00 [INF] CORS policy execution successful.
2026-04-14 16:02:09.611 +07:00 [INF] CORS policy execution successful.
2026-04-14 16:02:09.612 +07:00 [INF] CORS policy execution successful.
2026-04-14 16:02:09.614 +07:00 [INF] CORS policy execution successful.
2026-04-14 16:02:09.615 +07:00 [INF] Executing endpoint 'ThucLuc.Api.Controllers.V1.DonViController.GetById (ThucLuc.Api)'
2026-04-14 16:02:09.616 +07:00 [INF] Executing endpoint 'ThucLuc.Api.Controllers.V1.KyBaoCaoController.GetAll (ThucLuc.Api)'
2026-04-14 16:02:09.616 +07:00 [INF] Executing endpoint 'ThucLuc.Api.Controllers.V1.MauBaoCaoController.GetAll (ThucLuc.Api)'
2026-04-14 16:02:09.617 +07:00 [INF] Executing endpoint 'ThucLuc.Api.Controllers.V1.KyBaoCaoController.GetCurrent (ThucLuc.Api)'
2026-04-14 16:02:09.618 +07:00 [INF] Executing endpoint 'ThucLuc.Api.Controllers.V1.MauBaoCaoController.GetModuleCatalog (ThucLuc.Api)'
2026-04-14 16:02:09.618 +07:00 [INF] Route matched with {action = "GetById", controller = "DonVi"}. Executing controller action with signature System.Threading.Tasks.Task`1[Microsoft.AspNetCore.Mvc.ActionResult`1[ThucLuc.Api.Common.Models.ApiResponse`1[ThucLuc.Application.Features.DonVi.DonViDto]]] GetById(Int64, System.Threading.CancellationToken) on controller ThucLuc.Api.Controllers.V1.DonViController (ThucLuc.Api).
2026-04-14 16:02:09.619 +07:00 [INF] Route matched with {action = "GetAll", controller = "KyBaoCao"}. Executing controller action with signature System.Threading.Tasks.Task`1[Microsoft.AspNetCore.Mvc.ActionResult`1[ThucLuc.Api.Common.Models.ApiResponse`1[System.Collections.Generic.IReadOnlyCollection`1[ThucLuc.Application.Features.KyBaoCao.KyBaoCaoDto]]]] GetAll(System.Threading.CancellationToken) on controller ThucLuc.Api.Controllers.V1.KyBaoCaoController (ThucLuc.Api).
2026-04-14 16:02:09.620 +07:00 [INF] Route matched with {action = "GetAll", controller = "MauBaoCao"}. Executing controller action with signature System.Threading.Tasks.Task`1[Microsoft.AspNetCore.Mvc.ActionResult`1[ThucLuc.Api.Common.Models.ApiResponse`1[System.Collections.Generic.IReadOnlyCollection`1[ThucLuc.Application.Features.MauBaoCao.MauBaoCaoDto]]]] GetAll(Boolean, System.Threading.CancellationToken) on controller ThucLuc.Api.Controllers.V1.MauBaoCaoController (ThucLuc.Api).
2026-04-14 16:02:09.621 +07:00 [INF] Route matched with {action = "GetCurrent", controller = "KyBaoCao"}. Executing controller action with signature System.Threading.Tasks.Task`1[Microsoft.AspNetCore.Mvc.ActionResult`1[ThucLuc.Api.Common.Models.ApiResponse`1[ThucLuc.Application.Features.KyBaoCao.KyBaoCaoDto]]] GetCurrent(System.Threading.CancellationToken) on controller ThucLuc.Api.Controllers.V1.KyBaoCaoController (ThucLuc.Api).
2026-04-14 16:02:09.622 +07:00 [INF] Route matched with {action = "GetModuleCatalog", controller = "MauBaoCao"}. Executing controller action with signature System.Threading.Tasks.Task`1[Microsoft.AspNetCore.Mvc.ActionResult`1[ThucLuc.Api.Common.Models.ApiResponse`1[System.Collections.Generic.IReadOnlyCollection`1[ThucLuc.Application.Features.MauBaoCao.MauBaoCaoModuleCatalogGroupDto]]]] GetModuleCatalog(System.Threading.CancellationToken) on controller ThucLuc.Api.Controllers.V1.MauBaoCaoController (ThucLuc.Api).
2026-04-14 16:02:09.630 +07:00 [INF] Executing OkObjectResult, writing value of type 'ThucLuc.Api.Common.Models.ApiResponse`1[[System.Collections.Generic.IReadOnlyCollection`1[[ThucLuc.Application.Features.MauBaoCao.MauBaoCaoModuleCatalogGroupDto, ThucLuc.Application, Version=1.0.0.0, Culture=neutral, PublicKeyToken=null]], System.Private.CoreLib, Version=8.0.0.0, Culture=neutral, PublicKeyToken=7cec85d7bea7798e]]'.
2026-04-14 16:02:09.631 +07:00 [INF] Executed action ThucLuc.Api.Controllers.V1.MauBaoCaoController.GetModuleCatalog (ThucLuc.Api) in 0.9332ms
2026-04-14 16:02:09.632 +07:00 [INF] Executed endpoint 'ThucLuc.Api.Controllers.V1.MauBaoCaoController.GetModuleCatalog (ThucLuc.Api)'
2026-04-14 16:02:09.633 +07:00 [INF] HTTP GET /api/v1/mau-bao-cao/module-catalog => 200 in 18.6064 ms CorrelationId=b84bc5df67c04f96a96fcbaa4ff41d68 UserId=5001
2026-04-14 16:02:09.635 +07:00 [INF] HTTP GET /api/v1/mau-bao-cao/module-catalog responded 200 in 20.2160 ms
2026-04-14 16:02:09.636 +07:00 [INF] Request finished HTTP/1.1 GET http://localhost:5283/api/v1/mau-bao-cao/module-catalog - 200 null application/json; charset=utf-8 33.3807ms
2026-04-14 16:02:09.671 +07:00 [INF] Executing OkObjectResult, writing value of type 'ThucLuc.Api.Common.Models.ApiResponse`1[[System.Collections.Generic.IReadOnlyCollection`1[[ThucLuc.Application.Features.KyBaoCao.KyBaoCaoDto, ThucLuc.Application, Version=1.0.0.0, Culture=neutral, PublicKeyToken=null]], System.Private.CoreLib, Version=8.0.0.0, Culture=neutral, PublicKeyToken=7cec85d7bea7798e]]'.
2026-04-14 16:02:09.671 +07:00 [INF] Executing OkObjectResult, writing value of type 'ThucLuc.Api.Common.Models.ApiResponse`1[[ThucLuc.Application.Features.DonVi.DonViDto, ThucLuc.Application, Version=1.0.0.0, Culture=neutral, PublicKeyToken=null]]'.
2026-04-14 16:02:09.672 +07:00 [INF] Executed action ThucLuc.Api.Controllers.V1.KyBaoCaoController.GetAll (ThucLuc.Api) in 46.1485ms
2026-04-14 16:02:09.673 +07:00 [INF] Executed action ThucLuc.Api.Controllers.V1.DonViController.GetById (ThucLuc.Api) in 49.6352ms
2026-04-14 16:02:09.674 +07:00 [INF] Request starting HTTP/1.1 GET http://localhost:5283/api/v1/don-vi/2001 - null null
2026-04-14 16:02:09.675 +07:00 [INF] Executed endpoint 'ThucLuc.Api.Controllers.V1.KyBaoCaoController.GetAll (ThucLuc.Api)'
2026-04-14 16:02:09.675 +07:00 [INF] Executing OkObjectResult, writing value of type 'ThucLuc.Api.Common.Models.ApiResponse`1[[ThucLuc.Application.Features.KyBaoCao.KyBaoCaoDto, ThucLuc.Application, Version=1.0.0.0, Culture=neutral, PublicKeyToken=null]]'.
2026-04-14 16:02:09.676 +07:00 [INF] Executed endpoint 'ThucLuc.Api.Controllers.V1.DonViController.GetById (ThucLuc.Api)'
2026-04-14 16:02:09.676 +07:00 [INF] Executing OkObjectResult, writing value of type 'ThucLuc.Api.Common.Models.ApiResponse`1[[System.Collections.Generic.IReadOnlyCollection`1[[ThucLuc.Application.Features.MauBaoCao.MauBaoCaoDto, ThucLuc.Application, Version=1.0.0.0, Culture=neutral, PublicKeyToken=null]], System.Private.CoreLib, Version=8.0.0.0, Culture=neutral, PublicKeyToken=7cec85d7bea7798e]]'.
2026-04-14 16:02:09.677 +07:00 [INF] CORS policy execution successful.
2026-04-14 16:02:09.678 +07:00 [INF] HTTP GET /api/v1/ky-bao-cao => 200 in 69.2067 ms CorrelationId=062986a49e2642509a375caf896f2ddf UserId=5001
2026-04-14 16:02:09.679 +07:00 [INF] Executed action ThucLuc.Api.Controllers.V1.KyBaoCaoController.GetCurrent (ThucLuc.Api) in 50.173ms
2026-04-14 16:02:09.680 +07:00 [INF] HTTP GET /api/v1/don-vi/2001 => 200 in 75.3763 ms CorrelationId=0edcaa743744401680d50bdadef5dd1d UserId=5001
2026-04-14 16:02:09.681 +07:00 [INF] Executed action ThucLuc.Api.Controllers.V1.MauBaoCaoController.GetAll (ThucLuc.Api) in 53.4114ms
2026-04-14 16:02:09.681 +07:00 [INF] Executing endpoint 'ThucLuc.Api.Controllers.V1.DonViController.GetById (ThucLuc.Api)'
2026-04-14 16:02:09.683 +07:00 [INF] HTTP GET /api/v1/ky-bao-cao responded 200 in 73.7289 ms
2026-04-14 16:02:09.683 +07:00 [INF] Executed endpoint 'ThucLuc.Api.Controllers.V1.KyBaoCaoController.GetCurrent (ThucLuc.Api)'
2026-04-14 16:02:09.685 +07:00 [INF] HTTP GET /api/v1/don-vi/2001 responded 200 in 80.6608 ms
2026-04-14 16:02:09.685 +07:00 [INF] Executed endpoint 'ThucLuc.Api.Controllers.V1.MauBaoCaoController.GetAll (ThucLuc.Api)'
2026-04-14 16:02:09.686 +07:00 [INF] Route matched with {action = "GetById", controller = "DonVi"}. Executing controller action with signature System.Threading.Tasks.Task`1[Microsoft.AspNetCore.Mvc.ActionResult`1[ThucLuc.Api.Common.Models.ApiResponse`1[ThucLuc.Application.Features.DonVi.DonViDto]]] GetById(Int64, System.Threading.CancellationToken) on controller ThucLuc.Api.Controllers.V1.DonViController (ThucLuc.Api).
2026-04-14 16:02:09.687 +07:00 [INF] Request finished HTTP/1.1 GET http://localhost:5283/api/v1/ky-bao-cao - 200 null application/json; charset=utf-8 90.9865ms
2026-04-14 16:02:09.688 +07:00 [INF] HTTP GET /api/v1/ky-bao-cao/current => 200 in 75.4021 ms CorrelationId=c5b5a2089d4a488fab19a50310617da8 UserId=5001
2026-04-14 16:02:09.689 +07:00 [INF] Request finished HTTP/1.1 GET http://localhost:5283/api/v1/don-vi/2001 - 200 null application/json; charset=utf-8 98.3989ms
2026-04-14 16:02:09.691 +07:00 [INF] HTTP GET /api/v1/mau-bao-cao => 200 in 79.9613 ms CorrelationId=efa4f98fe7c04110bf971681e389702e UserId=5001
2026-04-14 16:02:09.695 +07:00 [INF] Executing OkObjectResult, writing value of type 'ThucLuc.Api.Common.Models.ApiResponse`1[[ThucLuc.Application.Features.DonVi.DonViDto, ThucLuc.Application, Version=1.0.0.0, Culture=neutral, PublicKeyToken=null]]'.
2026-04-14 16:02:09.695 +07:00 [INF] HTTP GET /api/v1/ky-bao-cao/current responded 200 in 82.6849 ms
2026-04-14 16:02:09.699 +07:00 [INF] HTTP GET /api/v1/mau-bao-cao responded 200 in 88.3118 ms
2026-04-14 16:02:09.700 +07:00 [INF] Executed action ThucLuc.Api.Controllers.V1.DonViController.GetById (ThucLuc.Api) in 7.4102ms
2026-04-14 16:02:09.701 +07:00 [INF] Request finished HTTP/1.1 GET http://localhost:5283/api/v1/ky-bao-cao/current - 200 null application/json; charset=utf-8 99.6259ms
2026-04-14 16:02:09.702 +07:00 [INF] Request finished HTTP/1.1 GET http://localhost:5283/api/v1/mau-bao-cao?includeInactive=true - 200 null application/json; charset=utf-8 103.3071ms
2026-04-14 16:02:09.703 +07:00 [INF] Executed endpoint 'ThucLuc.Api.Controllers.V1.DonViController.GetById (ThucLuc.Api)'
2026-04-14 16:02:09.708 +07:00 [INF] Request starting HTTP/1.1 OPTIONS http://localhost:5283/api/v1/snapshot?kyBaoCaoId=6001 - null null
2026-04-14 16:02:09.709 +07:00 [INF] HTTP GET /api/v1/don-vi/2001 => 200 in 31.444 ms CorrelationId=4cd25ac2a72b49778f9fba8eab274067 UserId=5001
2026-04-14 16:02:09.710 +07:00 [INF] CORS policy execution successful.
2026-04-14 16:02:09.712 +07:00 [INF] HTTP GET /api/v1/don-vi/2001 responded 200 in 34.4281 ms
2026-04-14 16:02:09.712 +07:00 [INF] HTTP OPTIONS /api/v1/snapshot => 204 in 1.7953 ms CorrelationId=e6cd99b6156b49a38a2137736a4e8448 UserId=anonymous
2026-04-14 16:02:09.713 +07:00 [INF] Request finished HTTP/1.1 GET http://localhost:5283/api/v1/don-vi/2001 - 200 null application/json; charset=utf-8 38.9948ms
2026-04-14 16:02:09.715 +07:00 [INF] HTTP OPTIONS /api/v1/snapshot responded 204 in 4.1487 ms
2026-04-14 16:02:09.718 +07:00 [INF] Request finished HTTP/1.1 OPTIONS http://localhost:5283/api/v1/snapshot?kyBaoCaoId=6001 - 204 null null 9.5172ms
2026-04-14 16:02:09.720 +07:00 [INF] Request starting HTTP/1.1 GET http://localhost:5283/api/v1/snapshot?kyBaoCaoId=6001 - null null
2026-04-14 16:02:09.721 +07:00 [INF] CORS policy execution successful.
2026-04-14 16:02:09.722 +07:00 [INF] Executing endpoint 'ThucLuc.Api.Controllers.V1.BaoCaoSnapshotController.GetByKy (ThucLuc.Api)'
2026-04-14 16:02:09.724 +07:00 [INF] Route matched with {action = "GetByKy", controller = "BaoCaoSnapshot"}. Executing controller action with signature System.Threading.Tasks.Task`1[Microsoft.AspNetCore.Mvc.ActionResult`1[ThucLuc.Api.Common.Models.ApiResponse`1[System.Collections.Generic.IReadOnlyCollection`1[ThucLuc.Application.Features.BaoCaoSnapshot.BaoCaoSnapshotDto]]]] GetByKy(Int64, System.Threading.CancellationToken) on controller ThucLuc.Api.Controllers.V1.BaoCaoSnapshotController (ThucLuc.Api).
2026-04-14 16:02:09.729 +07:00 [INF] Executing OkObjectResult, writing value of type 'ThucLuc.Api.Common.Models.ApiResponse`1[[System.Collections.Generic.IReadOnlyCollection`1[[ThucLuc.Application.Features.BaoCaoSnapshot.BaoCaoSnapshotDto, ThucLuc.Application, Version=1.0.0.0, Culture=neutral, PublicKeyToken=null]], System.Private.CoreLib, Version=8.0.0.0, Culture=neutral, PublicKeyToken=7cec85d7bea7798e]]'.
2026-04-14 16:02:09.730 +07:00 [INF] Executed action ThucLuc.Api.Controllers.V1.BaoCaoSnapshotController.GetByKy (ThucLuc.Api) in 4.2909ms
2026-04-14 16:02:09.731 +07:00 [INF] Executed endpoint 'ThucLuc.Api.Controllers.V1.BaoCaoSnapshotController.GetByKy (ThucLuc.Api)'
2026-04-14 16:02:09.732 +07:00 [INF] HTTP GET /api/v1/snapshot => 200 in 10.8128 ms CorrelationId=43d27ceb6de948f18fef122d1261fb92 UserId=5001
2026-04-14 16:02:09.733 +07:00 [INF] HTTP GET /api/v1/snapshot responded 200 in 12.0667 ms
2026-04-14 16:02:09.735 +07:00 [INF] Request finished HTTP/1.1 GET http://localhost:5283/api/v1/snapshot?kyBaoCaoId=6001 - 200 null application/json; charset=utf-8 15.0624ms
2026-04-14 16:02:28.542 +07:00 [INF] Request starting HTTP/1.1 OPTIONS http://localhost:5283/api/v1/don-vi/2001 - null null
2026-04-14 16:02:28.544 +07:00 [INF] CORS policy execution successful.
2026-04-14 16:02:28.545 +07:00 [INF] HTTP OPTIONS /api/v1/don-vi/2001 => 204 in 0.7471 ms CorrelationId=ebcabede1ed64752bb096efc4dd6596d UserId=anonymous
2026-04-14 16:02:28.546 +07:00 [INF] Request starting HTTP/1.1 OPTIONS http://localhost:5283/api/v1/mau-bao-cao?includeInactive=true - null null
2026-04-14 16:02:28.546 +07:00 [INF] Request starting HTTP/1.1 OPTIONS http://localhost:5283/api/v1/mau-bao-cao/module-catalog - null null
2026-04-14 16:02:28.547 +07:00 [INF] HTTP OPTIONS /api/v1/don-vi/2001 responded 204 in 2.4441 ms
2026-04-14 16:02:28.548 +07:00 [INF] CORS policy execution successful.
2026-04-14 16:02:28.550 +07:00 [INF] Request starting HTTP/1.1 OPTIONS http://localhost:5283/api/v1/don-vi/2001 - null null
2026-04-14 16:02:28.550 +07:00 [INF] CORS policy execution successful.
2026-04-14 16:02:28.551 +07:00 [INF] Request finished HTTP/1.1 OPTIONS http://localhost:5283/api/v1/don-vi/2001 - 204 null null 9.3485ms
2026-04-14 16:02:28.552 +07:00 [INF] HTTP OPTIONS /api/v1/mau-bao-cao => 204 in 3.7507 ms CorrelationId=b7d50e5834404517aa1091027fd95bf2 UserId=anonymous
2026-04-14 16:02:28.553 +07:00 [INF] Request starting HTTP/1.1 OPTIONS http://localhost:5283/api/v1/ky-bao-cao - null null
2026-04-14 16:02:28.553 +07:00 [INF] Request starting HTTP/1.1 GET http://localhost:5283/api/v1/don-vi/2001 - null null
2026-04-14 16:02:28.553 +07:00 [INF] CORS policy execution successful.
2026-04-14 16:02:28.554 +07:00 [INF] HTTP OPTIONS /api/v1/mau-bao-cao/module-catalog => 204 in 3.7569 ms CorrelationId=7557b1c8b9f34d7ba2a6802bddbfb300 UserId=anonymous
2026-04-14 16:02:28.557 +07:00 [INF] Request starting HTTP/1.1 OPTIONS http://localhost:5283/api/v1/ky-bao-cao/current - null null
2026-04-14 16:02:28.558 +07:00 [INF] HTTP OPTIONS /api/v1/mau-bao-cao responded 204 in 9.6578 ms
2026-04-14 16:02:28.559 +07:00 [INF] CORS policy execution successful.
2026-04-14 16:02:28.560 +07:00 [INF] CORS policy execution successful.
2026-04-14 16:02:28.561 +07:00 [INF] HTTP OPTIONS /api/v1/don-vi/2001 => 204 in 7.5711 ms CorrelationId=71a8097e8977400bb014195634413b90 UserId=anonymous
2026-04-14 16:02:28.562 +07:00 [INF] HTTP OPTIONS /api/v1/mau-bao-cao/module-catalog responded 204 in 11.9497 ms
2026-04-14 16:02:28.564 +07:00 [INF] CORS policy execution successful.
2026-04-14 16:02:28.565 +07:00 [INF] Request finished HTTP/1.1 OPTIONS http://localhost:5283/api/v1/mau-bao-cao?includeInactive=true - 204 null null 18.429ms
2026-04-14 16:02:28.565 +07:00 [INF] HTTP OPTIONS /api/v1/ky-bao-cao => 204 in 6.0438 ms CorrelationId=202ca24f36c649448b1df0757918f6eb UserId=anonymous
2026-04-14 16:02:28.566 +07:00 [INF] Executing endpoint 'ThucLuc.Api.Controllers.V1.DonViController.GetById (ThucLuc.Api)'
2026-04-14 16:02:28.567 +07:00 [INF] HTTP OPTIONS /api/v1/don-vi/2001 responded 204 in 14.1585 ms
2026-04-14 16:02:28.568 +07:00 [INF] Request finished HTTP/1.1 OPTIONS http://localhost:5283/api/v1/mau-bao-cao/module-catalog - 204 null null 22.0339ms
2026-04-14 16:02:28.569 +07:00 [INF] HTTP OPTIONS /api/v1/ky-bao-cao/current => 204 in 5.5588 ms CorrelationId=d14c33909dd84b96a002f673d73b9e67 UserId=anonymous
2026-04-14 16:02:28.572 +07:00 [INF] Request starting HTTP/1.1 GET http://localhost:5283/api/v1/mau-bao-cao?includeInactive=true - null null
2026-04-14 16:02:28.574 +07:00 [INF] HTTP OPTIONS /api/v1/ky-bao-cao responded 204 in 14.5872 ms
2026-04-14 16:02:28.575 +07:00 [INF] Route matched with {action = "GetById", controller = "DonVi"}. Executing controller action with signature System.Threading.Tasks.Task`1[Microsoft.AspNetCore.Mvc.ActionResult`1[ThucLuc.Api.Common.Models.ApiResponse`1[ThucLuc.Application.Features.DonVi.DonViDto]]] GetById(Int64, System.Threading.CancellationToken) on controller ThucLuc.Api.Controllers.V1.DonViController (ThucLuc.Api).
2026-04-14 16:02:28.576 +07:00 [INF] Request finished HTTP/1.1 OPTIONS http://localhost:5283/api/v1/don-vi/2001 - 204 null null 25.63ms
2026-04-14 16:02:28.578 +07:00 [INF] Request starting HTTP/1.1 GET http://localhost:5283/api/v1/mau-bao-cao/module-catalog - null null
2026-04-14 16:02:28.580 +07:00 [INF] HTTP OPTIONS /api/v1/ky-bao-cao/current responded 204 in 16.2113 ms
2026-04-14 16:02:28.582 +07:00 [INF] CORS policy execution successful.
2026-04-14 16:02:28.582 +07:00 [INF] Request finished HTTP/1.1 OPTIONS http://localhost:5283/api/v1/ky-bao-cao - 204 null null 29.7809ms
2026-04-14 16:02:28.586 +07:00 [INF] Executing OkObjectResult, writing value of type 'ThucLuc.Api.Common.Models.ApiResponse`1[[ThucLuc.Application.Features.DonVi.DonViDto, ThucLuc.Application, Version=1.0.0.0, Culture=neutral, PublicKeyToken=null]]'.
2026-04-14 16:02:28.588 +07:00 [INF] CORS policy execution successful.
2026-04-14 16:02:28.589 +07:00 [INF] Request finished HTTP/1.1 OPTIONS http://localhost:5283/api/v1/ky-bao-cao/current - 204 null null 32.568ms
2026-04-14 16:02:28.590 +07:00 [INF] Executing endpoint 'ThucLuc.Api.Controllers.V1.MauBaoCaoController.GetAll (ThucLuc.Api)'
2026-04-14 16:02:28.593 +07:00 [INF] Request starting HTTP/1.1 GET http://localhost:5283/api/v1/ky-bao-cao - null null
2026-04-14 16:02:28.594 +07:00 [INF] Executed action ThucLuc.Api.Controllers.V1.DonViController.GetById (ThucLuc.Api) in 9.8741ms
2026-04-14 16:02:28.594 +07:00 [INF] Request starting HTTP/1.1 GET http://localhost:5283/api/v1/don-vi/2001 - null null
2026-04-14 16:02:28.595 +07:00 [INF] Executing endpoint 'ThucLuc.Api.Controllers.V1.MauBaoCaoController.GetModuleCatalog (ThucLuc.Api)'
2026-04-14 16:02:28.596 +07:00 [INF] Request starting HTTP/1.1 GET http://localhost:5283/api/v1/ky-bao-cao/current - null null
2026-04-14 16:02:28.597 +07:00 [INF] Route matched with {action = "GetAll", controller = "MauBaoCao"}. Executing controller action with signature System.Threading.Tasks.Task`1[Microsoft.AspNetCore.Mvc.ActionResult`1[ThucLuc.Api.Common.Models.ApiResponse`1[System.Collections.Generic.IReadOnlyCollection`1[ThucLuc.Application.Features.MauBaoCao.MauBaoCaoDto]]]] GetAll(Boolean, System.Threading.CancellationToken) on controller ThucLuc.Api.Controllers.V1.MauBaoCaoController (ThucLuc.Api).
2026-04-14 16:02:28.598 +07:00 [INF] CORS policy execution successful.
2026-04-14 16:02:28.599 +07:00 [INF] Executed endpoint 'ThucLuc.Api.Controllers.V1.DonViController.GetById (ThucLuc.Api)'
2026-04-14 16:02:28.600 +07:00 [INF] CORS policy execution successful.
2026-04-14 16:02:28.600 +07:00 [INF] Route matched with {action = "GetModuleCatalog", controller = "MauBaoCao"}. Executing controller action with signature System.Threading.Tasks.Task`1[Microsoft.AspNetCore.Mvc.ActionResult`1[ThucLuc.Api.Common.Models.ApiResponse`1[System.Collections.Generic.IReadOnlyCollection`1[ThucLuc.Application.Features.MauBaoCao.MauBaoCaoModuleCatalogGroupDto]]]] GetModuleCatalog(System.Threading.CancellationToken) on controller ThucLuc.Api.Controllers.V1.MauBaoCaoController (ThucLuc.Api).
2026-04-14 16:02:28.601 +07:00 [INF] CORS policy execution successful.
2026-04-14 16:02:28.604 +07:00 [INF] Executing endpoint 'ThucLuc.Api.Controllers.V1.KyBaoCaoController.GetAll (ThucLuc.Api)'
2026-04-14 16:02:28.604 +07:00 [INF] HTTP GET /api/v1/don-vi/2001 => 200 in 43.3028 ms CorrelationId=c7ec97cacf28467382232b68f4fd32f4 UserId=5001
2026-04-14 16:02:28.605 +07:00 [INF] Executing endpoint 'ThucLuc.Api.Controllers.V1.DonViController.GetById (ThucLuc.Api)'
2026-04-14 16:02:28.607 +07:00 [INF] Executing OkObjectResult, writing value of type 'ThucLuc.Api.Common.Models.ApiResponse`1[[System.Collections.Generic.IReadOnlyCollection`1[[ThucLuc.Application.Features.MauBaoCao.MauBaoCaoModuleCatalogGroupDto, ThucLuc.Application, Version=1.0.0.0, Culture=neutral, PublicKeyToken=null]], System.Private.CoreLib, Version=8.0.0.0, Culture=neutral, PublicKeyToken=7cec85d7bea7798e]]'.
2026-04-14 16:02:28.607 +07:00 [INF] Executing endpoint 'ThucLuc.Api.Controllers.V1.KyBaoCaoController.GetCurrent (ThucLuc.Api)'
2026-04-14 16:02:28.608 +07:00 [INF] Executing OkObjectResult, writing value of type 'ThucLuc.Api.Common.Models.ApiResponse`1[[System.Collections.Generic.IReadOnlyCollection`1[[ThucLuc.Application.Features.MauBaoCao.MauBaoCaoDto, ThucLuc.Application, Version=1.0.0.0, Culture=neutral, PublicKeyToken=null]], System.Private.CoreLib, Version=8.0.0.0, Culture=neutral, PublicKeyToken=7cec85d7bea7798e]]'.
2026-04-14 16:02:28.608 +07:00 [INF] Route matched with {action = "GetAll", controller = "KyBaoCao"}. Executing controller action with signature System.Threading.Tasks.Task`1[Microsoft.AspNetCore.Mvc.ActionResult`1[ThucLuc.Api.Common.Models.ApiResponse`1[System.Collections.Generic.IReadOnlyCollection`1[ThucLuc.Application.Features.KyBaoCao.KyBaoCaoDto]]]] GetAll(System.Threading.CancellationToken) on controller ThucLuc.Api.Controllers.V1.KyBaoCaoController (ThucLuc.Api).
2026-04-14 16:02:28.609 +07:00 [INF] HTTP GET /api/v1/don-vi/2001 responded 200 in 48.6585 ms
2026-04-14 16:02:28.610 +07:00 [INF] Route matched with {action = "GetById", controller = "DonVi"}. Executing controller action with signature System.Threading.Tasks.Task`1[Microsoft.AspNetCore.Mvc.ActionResult`1[ThucLuc.Api.Common.Models.ApiResponse`1[ThucLuc.Application.Features.DonVi.DonViDto]]] GetById(Int64, System.Threading.CancellationToken) on controller ThucLuc.Api.Controllers.V1.DonViController (ThucLuc.Api).
2026-04-14 16:02:28.611 +07:00 [INF] Executed action ThucLuc.Api.Controllers.V1.MauBaoCaoController.GetModuleCatalog (ThucLuc.Api) in 4.1711ms
2026-04-14 16:02:28.611 +07:00 [INF] Route matched with {action = "GetCurrent", controller = "KyBaoCao"}. Executing controller action with signature System.Threading.Tasks.Task`1[Microsoft.AspNetCore.Mvc.ActionResult`1[ThucLuc.Api.Common.Models.ApiResponse`1[ThucLuc.Application.Features.KyBaoCao.KyBaoCaoDto]]] GetCurrent(System.Threading.CancellationToken) on controller ThucLuc.Api.Controllers.V1.KyBaoCaoController (ThucLuc.Api).
2026-04-14 16:02:28.612 +07:00 [INF] Executed action ThucLuc.Api.Controllers.V1.MauBaoCaoController.GetAll (ThucLuc.Api) in 9.5483ms
2026-04-14 16:02:28.615 +07:00 [INF] Request finished HTTP/1.1 GET http://localhost:5283/api/v1/don-vi/2001 - 200 null application/json; charset=utf-8 61.7673ms
2026-04-14 16:02:28.615 +07:00 [INF] Executing OkObjectResult, writing value of type 'ThucLuc.Api.Common.Models.ApiResponse`1[[System.Collections.Generic.IReadOnlyCollection`1[[ThucLuc.Application.Features.KyBaoCao.KyBaoCaoDto, ThucLuc.Application, Version=1.0.0.0, Culture=neutral, PublicKeyToken=null]], System.Private.CoreLib, Version=8.0.0.0, Culture=neutral, PublicKeyToken=7cec85d7bea7798e]]'.
2026-04-14 16:02:28.617 +07:00 [INF] Executed endpoint 'ThucLuc.Api.Controllers.V1.MauBaoCaoController.GetModuleCatalog (ThucLuc.Api)'
2026-04-14 16:02:28.618 +07:00 [INF] Executing OkObjectResult, writing value of type 'ThucLuc.Api.Common.Models.ApiResponse`1[[ThucLuc.Application.Features.DonVi.DonViDto, ThucLuc.Application, Version=1.0.0.0, Culture=neutral, PublicKeyToken=null]]'.
2026-04-14 16:02:28.619 +07:00 [INF] Executed endpoint 'ThucLuc.Api.Controllers.V1.MauBaoCaoController.GetAll (ThucLuc.Api)'
2026-04-14 16:02:28.620 +07:00 [INF] Executing OkObjectResult, writing value of type 'ThucLuc.Api.Common.Models.ApiResponse`1[[ThucLuc.Application.Features.KyBaoCao.KyBaoCaoDto, ThucLuc.Application, Version=1.0.0.0, Culture=neutral, PublicKeyToken=null]]'.
2026-04-14 16:02:28.623 +07:00 [INF] Executed action ThucLuc.Api.Controllers.V1.KyBaoCaoController.GetAll (ThucLuc.Api) in 9.413ms
2026-04-14 16:02:28.624 +07:00 [INF] HTTP GET /api/v1/mau-bao-cao/module-catalog => 200 in 36.3916 ms CorrelationId=c78e8ef8008e461787e718dabdacee7c UserId=5001
2026-04-14 16:02:28.625 +07:00 [INF] Executed action ThucLuc.Api.Controllers.V1.DonViController.GetById (ThucLuc.Api) in 9.1268ms
2026-04-14 16:02:28.626 +07:00 [INF] HTTP GET /api/v1/mau-bao-cao => 200 in 44.0586 ms CorrelationId=ddac6a49f3a14b33b6740c8ab32d5728 UserId=5001
2026-04-14 16:02:28.627 +07:00 [INF] Executed action ThucLuc.Api.Controllers.V1.KyBaoCaoController.GetCurrent (ThucLuc.Api) in 8.1706ms
2026-04-14 16:02:28.628 +07:00 [INF] Executed endpoint 'ThucLuc.Api.Controllers.V1.KyBaoCaoController.GetAll (ThucLuc.Api)'
2026-04-14 16:02:28.629 +07:00 [INF] HTTP GET /api/v1/mau-bao-cao/module-catalog responded 200 in 41.9251 ms
2026-04-14 16:02:28.630 +07:00 [INF] Executed endpoint 'ThucLuc.Api.Controllers.V1.DonViController.GetById (ThucLuc.Api)'
2026-04-14 16:02:28.631 +07:00 [INF] HTTP GET /api/v1/mau-bao-cao responded 200 in 49.7515 ms
2026-04-14 16:02:28.632 +07:00 [INF] Executed endpoint 'ThucLuc.Api.Controllers.V1.KyBaoCaoController.GetCurrent (ThucLuc.Api)'
2026-04-14 16:02:28.633 +07:00 [INF] HTTP GET /api/v1/ky-bao-cao => 200 in 35.1369 ms CorrelationId=43187daa90bb49a388be26acdf7ef35d UserId=5001
2026-04-14 16:02:28.634 +07:00 [INF] Request finished HTTP/1.1 GET http://localhost:5283/api/v1/mau-bao-cao/module-catalog - 200 null application/json; charset=utf-8 55.7551ms
2026-04-14 16:02:28.635 +07:00 [INF] HTTP GET /api/v1/don-vi/2001 => 200 in 35.3182 ms CorrelationId=32de86603fa048b38169122d5ea26cd7 UserId=5001
2026-04-14 16:02:28.637 +07:00 [INF] Request finished HTTP/1.1 GET http://localhost:5283/api/v1/mau-bao-cao?includeInactive=true - 200 null application/json; charset=utf-8 64.8064ms
2026-04-14 16:02:28.638 +07:00 [INF] HTTP GET /api/v1/ky-bao-cao/current => 200 in 36.9232 ms CorrelationId=c86c19821edd4fd995e2c3ee72f0e5b8 UserId=5001
2026-04-14 16:02:28.640 +07:00 [INF] HTTP GET /api/v1/ky-bao-cao responded 200 in 42.3544 ms
2026-04-14 16:02:28.645 +07:00 [INF] HTTP GET /api/v1/don-vi/2001 responded 200 in 45.1075 ms
2026-04-14 16:02:28.648 +07:00 [INF] HTTP GET /api/v1/ky-bao-cao/current responded 200 in 47.1004 ms
2026-04-14 16:02:28.650 +07:00 [INF] Request finished HTTP/1.1 GET http://localhost:5283/api/v1/ky-bao-cao - 200 null application/json; charset=utf-8 56.957ms
2026-04-14 16:02:28.651 +07:00 [INF] Request finished HTTP/1.1 GET http://localhost:5283/api/v1/don-vi/2001 - 200 null application/json; charset=utf-8 56.3141ms
2026-04-14 16:02:28.653 +07:00 [INF] Request finished HTTP/1.1 GET http://localhost:5283/api/v1/ky-bao-cao/current - 200 null application/json; charset=utf-8 56.1747ms
2026-04-14 16:02:28.669 +07:00 [INF] Request starting HTTP/1.1 OPTIONS http://localhost:5283/api/v1/snapshot?kyBaoCaoId=6001 - null null
2026-04-14 16:02:28.671 +07:00 [INF] CORS policy execution successful.
2026-04-14 16:02:28.672 +07:00 [INF] HTTP OPTIONS /api/v1/snapshot => 204 in 1.1093 ms CorrelationId=a71d23ee659f4b6dab0702cd034d2c6e UserId=anonymous
2026-04-14 16:02:28.674 +07:00 [INF] HTTP OPTIONS /api/v1/snapshot responded 204 in 3.1772 ms
2026-04-14 16:02:28.676 +07:00 [INF] Request finished HTTP/1.1 OPTIONS http://localhost:5283/api/v1/snapshot?kyBaoCaoId=6001 - 204 null null 6.4534ms
2026-04-14 16:02:28.679 +07:00 [INF] Request starting HTTP/1.1 GET http://localhost:5283/api/v1/snapshot?kyBaoCaoId=6001 - null null
2026-04-14 16:02:28.680 +07:00 [INF] CORS policy execution successful.
2026-04-14 16:02:28.681 +07:00 [INF] Executing endpoint 'ThucLuc.Api.Controllers.V1.BaoCaoSnapshotController.GetByKy (ThucLuc.Api)'
2026-04-14 16:02:28.681 +07:00 [INF] Route matched with {action = "GetByKy", controller = "BaoCaoSnapshot"}. Executing controller action with signature System.Threading.Tasks.Task`1[Microsoft.AspNetCore.Mvc.ActionResult`1[ThucLuc.Api.Common.Models.ApiResponse`1[System.Collections.Generic.IReadOnlyCollection`1[ThucLuc.Application.Features.BaoCaoSnapshot.BaoCaoSnapshotDto]]]] GetByKy(Int64, System.Threading.CancellationToken) on controller ThucLuc.Api.Controllers.V1.BaoCaoSnapshotController (ThucLuc.Api).
2026-04-14 16:02:28.686 +07:00 [INF] Executing OkObjectResult, writing value of type 'ThucLuc.Api.Common.Models.ApiResponse`1[[System.Collections.Generic.IReadOnlyCollection`1[[ThucLuc.Application.Features.BaoCaoSnapshot.BaoCaoSnapshotDto, ThucLuc.Application, Version=1.0.0.0, Culture=neutral, PublicKeyToken=null]], System.Private.CoreLib, Version=8.0.0.0, Culture=neutral, PublicKeyToken=7cec85d7bea7798e]]'.
2026-04-14 16:02:28.687 +07:00 [INF] Executed action ThucLuc.Api.Controllers.V1.BaoCaoSnapshotController.GetByKy (ThucLuc.Api) in 4.7985ms
2026-04-14 16:02:28.689 +07:00 [INF] Executed endpoint 'ThucLuc.Api.Controllers.V1.BaoCaoSnapshotController.GetByKy (ThucLuc.Api)'
2026-04-14 16:02:28.690 +07:00 [INF] HTTP GET /api/v1/snapshot => 200 in 9.3492 ms CorrelationId=f36ff40387af46b0b7c78fbf0a48e8cc UserId=5001
2026-04-14 16:02:28.691 +07:00 [INF] HTTP GET /api/v1/snapshot responded 200 in 10.6036 ms
2026-04-14 16:02:28.692 +07:00 [INF] Request finished HTTP/1.1 GET http://localhost:5283/api/v1/snapshot?kyBaoCaoId=6001 - 200 null application/json; charset=utf-8 13.0564ms
2026-04-14 16:43:09.868 +07:00 [INF] Request starting HTTP/1.1 OPTIONS http://localhost:5283/api/v1/don-vi/2001 - null null
2026-04-14 16:43:09.870 +07:00 [INF] CORS policy execution successful.
2026-04-14 16:43:09.871 +07:00 [INF] HTTP OPTIONS /api/v1/don-vi/2001 => 204 in 0.7221 ms CorrelationId=024b65eba29b49f2acdf57a5e8d909e0 UserId=anonymous
2026-04-14 16:43:09.871 +07:00 [INF] Request starting HTTP/1.1 OPTIONS http://localhost:5283/api/v1/ky-bao-cao/current - null null
2026-04-14 16:43:09.872 +07:00 [INF] Request starting HTTP/1.1 OPTIONS http://localhost:5283/api/v1/ky-bao-cao - null null
2026-04-14 16:43:09.873 +07:00 [INF] HTTP OPTIONS /api/v1/don-vi/2001 responded 204 in 2.8355 ms
2026-04-14 16:43:09.877 +07:00 [INF] CORS policy execution successful.
2026-04-14 16:43:09.879 +07:00 [INF] CORS policy execution successful.
2026-04-14 16:43:09.881 +07:00 [INF] Request finished HTTP/1.1 OPTIONS http://localhost:5283/api/v1/don-vi/2001 - 204 null null 12.832ms
2026-04-14 16:43:09.881 +07:00 [INF] HTTP OPTIONS /api/v1/ky-bao-cao/current => 204 in 4.5074 ms CorrelationId=87b5c7a5a87640eda2443a3f55df779d UserId=anonymous
2026-04-14 16:43:09.882 +07:00 [INF] HTTP OPTIONS /api/v1/ky-bao-cao => 204 in 2.6506 ms CorrelationId=5b5fc005ba36453bbaf2564e4c51acf3 UserId=anonymous
2026-04-14 16:43:09.884 +07:00 [INF] Request starting HTTP/1.1 GET http://localhost:5283/api/v1/don-vi/2001 - null null
2026-04-14 16:43:09.885 +07:00 [INF] HTTP OPTIONS /api/v1/ky-bao-cao/current responded 204 in 8.7294 ms
2026-04-14 16:43:09.887 +07:00 [INF] HTTP OPTIONS /api/v1/ky-bao-cao responded 204 in 7.4321 ms
2026-04-14 16:43:09.888 +07:00 [INF] CORS policy execution successful.
2026-04-14 16:43:09.889 +07:00 [INF] Request finished HTTP/1.1 OPTIONS http://localhost:5283/api/v1/ky-bao-cao/current - 204 null null 17.5189ms
2026-04-14 16:43:09.890 +07:00 [INF] Request finished HTTP/1.1 OPTIONS http://localhost:5283/api/v1/ky-bao-cao - 204 null null 18.4865ms
2026-04-14 16:43:09.892 +07:00 [INF] Executing endpoint 'ThucLuc.Api.Controllers.V1.DonViController.GetById (ThucLuc.Api)'
2026-04-14 16:43:09.894 +07:00 [INF] Request starting HTTP/1.1 GET http://localhost:5283/api/v1/ky-bao-cao/current - null null
2026-04-14 16:43:09.896 +07:00 [INF] Request starting HTTP/1.1 GET http://localhost:5283/api/v1/ky-bao-cao - null null
2026-04-14 16:43:09.897 +07:00 [INF] Route matched with {action = "GetById", controller = "DonVi"}. Executing controller action with signature System.Threading.Tasks.Task`1[Microsoft.AspNetCore.Mvc.ActionResult`1[ThucLuc.Api.Common.Models.ApiResponse`1[ThucLuc.Application.Features.DonVi.DonViDto]]] GetById(Int64, System.Threading.CancellationToken) on controller ThucLuc.Api.Controllers.V1.DonViController (ThucLuc.Api).
2026-04-14 16:43:09.899 +07:00 [INF] CORS policy execution successful.
2026-04-14 16:43:09.901 +07:00 [INF] CORS policy execution successful.
2026-04-14 16:43:09.904 +07:00 [INF] Executing endpoint 'ThucLuc.Api.Controllers.V1.KyBaoCaoController.GetCurrent (ThucLuc.Api)'
2026-04-14 16:43:09.904 +07:00 [INF] Executing endpoint 'ThucLuc.Api.Controllers.V1.KyBaoCaoController.GetAll (ThucLuc.Api)'
2026-04-14 16:43:09.905 +07:00 [INF] Route matched with {action = "GetCurrent", controller = "KyBaoCao"}. Executing controller action with signature System.Threading.Tasks.Task`1[Microsoft.AspNetCore.Mvc.ActionResult`1[ThucLuc.Api.Common.Models.ApiResponse`1[ThucLuc.Application.Features.KyBaoCao.KyBaoCaoDto]]] GetCurrent(System.Threading.CancellationToken) on controller ThucLuc.Api.Controllers.V1.KyBaoCaoController (ThucLuc.Api).
2026-04-14 16:43:09.906 +07:00 [INF] Route matched with {action = "GetAll", controller = "KyBaoCao"}. Executing controller action with signature System.Threading.Tasks.Task`1[Microsoft.AspNetCore.Mvc.ActionResult`1[ThucLuc.Api.Common.Models.ApiResponse`1[System.Collections.Generic.IReadOnlyCollection`1[ThucLuc.Application.Features.KyBaoCao.KyBaoCaoDto]]]] GetAll(System.Threading.CancellationToken) on controller ThucLuc.Api.Controllers.V1.KyBaoCaoController (ThucLuc.Api).
2026-04-14 16:43:09.952 +07:00 [INF] Executing OkObjectResult, writing value of type 'ThucLuc.Api.Common.Models.ApiResponse`1[[ThucLuc.Application.Features.DonVi.DonViDto, ThucLuc.Application, Version=1.0.0.0, Culture=neutral, PublicKeyToken=null]]'.
2026-04-14 16:43:09.953 +07:00 [INF] Executed action ThucLuc.Api.Controllers.V1.DonViController.GetById (ThucLuc.Api) in 50.8731ms
2026-04-14 16:43:09.954 +07:00 [INF] Executed endpoint 'ThucLuc.Api.Controllers.V1.DonViController.GetById (ThucLuc.Api)'
2026-04-14 16:43:09.955 +07:00 [INF] HTTP GET /api/v1/don-vi/2001 => 200 in 66.922 ms CorrelationId=5e24d6564c2440c98b472b5bf6815d13 UserId=5001
2026-04-14 16:43:09.956 +07:00 [INF] HTTP GET /api/v1/don-vi/2001 responded 200 in 68.2248 ms
2026-04-14 16:43:09.957 +07:00 [INF] Request finished HTTP/1.1 GET http://localhost:5283/api/v1/don-vi/2001 - 200 null application/json; charset=utf-8 73.39ms
2026-04-14 16:43:09.990 +07:00 [INF] Executing OkObjectResult, writing value of type 'ThucLuc.Api.Common.Models.ApiResponse`1[[System.Collections.Generic.IReadOnlyCollection`1[[ThucLuc.Application.Features.KyBaoCao.KyBaoCaoDto, ThucLuc.Application, Version=1.0.0.0, Culture=neutral, PublicKeyToken=null]], System.Private.CoreLib, Version=8.0.0.0, Culture=neutral, PublicKeyToken=7cec85d7bea7798e]]'.
2026-04-14 16:43:09.992 +07:00 [INF] Executed action ThucLuc.Api.Controllers.V1.KyBaoCaoController.GetAll (ThucLuc.Api) in 81.9289ms
2026-04-14 16:43:09.993 +07:00 [INF] Executed endpoint 'ThucLuc.Api.Controllers.V1.KyBaoCaoController.GetAll (ThucLuc.Api)'
2026-04-14 16:43:09.993 +07:00 [INF] Executing OkObjectResult, writing value of type 'ThucLuc.Api.Common.Models.ApiResponse`1[[ThucLuc.Application.Features.KyBaoCao.KyBaoCaoDto, ThucLuc.Application, Version=1.0.0.0, Culture=neutral, PublicKeyToken=null]]'.
2026-04-14 16:43:09.994 +07:00 [INF] HTTP GET /api/v1/ky-bao-cao => 200 in 92.9269 ms CorrelationId=c4825a0188d94ea7bd60c972a8f9fe5c UserId=5001
2026-04-14 16:43:09.995 +07:00 [INF] Executed action ThucLuc.Api.Controllers.V1.KyBaoCaoController.GetCurrent (ThucLuc.Api) in 87.3733ms
2026-04-14 16:43:09.997 +07:00 [INF] HTTP GET /api/v1/ky-bao-cao responded 200 in 96.3886 ms
2026-04-14 16:43:09.998 +07:00 [INF] Executed endpoint 'ThucLuc.Api.Controllers.V1.KyBaoCaoController.GetCurrent (ThucLuc.Api)'
2026-04-14 16:43:10.000 +07:00 [INF] Request finished HTTP/1.1 GET http://localhost:5283/api/v1/ky-bao-cao - 200 null application/json; charset=utf-8 104.4054ms
2026-04-14 16:43:10.001 +07:00 [INF] HTTP GET /api/v1/ky-bao-cao/current => 200 in 102.2303 ms CorrelationId=3820c54f61cb40d6b823c40d02a8363f UserId=5001
2026-04-14 16:43:10.006 +07:00 [INF] HTTP GET /api/v1/ky-bao-cao/current responded 200 in 107.2244 ms
2026-04-14 16:43:10.007 +07:00 [INF] Request finished HTTP/1.1 GET http://localhost:5283/api/v1/ky-bao-cao/current - 200 null application/json; charset=utf-8 113.8843ms
2026-04-14 16:43:10.010 +07:00 [INF] Request starting HTTP/1.1 OPTIONS http://localhost:5283/api/v1/snapshot?kyBaoCaoId=6001 - null null
2026-04-14 16:43:10.013 +07:00 [INF] CORS policy execution successful.
2026-04-14 16:43:10.013 +07:00 [INF] HTTP OPTIONS /api/v1/snapshot => 204 in 0.7009 ms CorrelationId=bd1413ea484b46fb8e771c1077b7b5b7 UserId=anonymous
2026-04-14 16:43:10.015 +07:00 [INF] HTTP OPTIONS /api/v1/snapshot responded 204 in 2.8204 ms
2026-04-14 16:43:10.017 +07:00 [INF] Request finished HTTP/1.1 OPTIONS http://localhost:5283/api/v1/snapshot?kyBaoCaoId=6001 - 204 null null 6.7332ms
2026-04-14 16:43:10.020 +07:00 [INF] Request starting HTTP/1.1 GET http://localhost:5283/api/v1/snapshot?kyBaoCaoId=6001 - null null
2026-04-14 16:43:10.021 +07:00 [INF] CORS policy execution successful.
2026-04-14 16:43:10.022 +07:00 [INF] Executing endpoint 'ThucLuc.Api.Controllers.V1.BaoCaoSnapshotController.GetByKy (ThucLuc.Api)'
2026-04-14 16:43:10.023 +07:00 [INF] Route matched with {action = "GetByKy", controller = "BaoCaoSnapshot"}. Executing controller action with signature System.Threading.Tasks.Task`1[Microsoft.AspNetCore.Mvc.ActionResult`1[ThucLuc.Api.Common.Models.ApiResponse`1[System.Collections.Generic.IReadOnlyCollection`1[ThucLuc.Application.Features.BaoCaoSnapshot.BaoCaoSnapshotDto]]]] GetByKy(Int64, System.Threading.CancellationToken) on controller ThucLuc.Api.Controllers.V1.BaoCaoSnapshotController (ThucLuc.Api).
2026-04-14 16:43:10.029 +07:00 [INF] Executing OkObjectResult, writing value of type 'ThucLuc.Api.Common.Models.ApiResponse`1[[System.Collections.Generic.IReadOnlyCollection`1[[ThucLuc.Application.Features.BaoCaoSnapshot.BaoCaoSnapshotDto, ThucLuc.Application, Version=1.0.0.0, Culture=neutral, PublicKeyToken=null]], System.Private.CoreLib, Version=8.0.0.0, Culture=neutral, PublicKeyToken=7cec85d7bea7798e]]'.
2026-04-14 16:43:10.031 +07:00 [INF] Executed action ThucLuc.Api.Controllers.V1.BaoCaoSnapshotController.GetByKy (ThucLuc.Api) in 6.5756ms
2026-04-14 16:43:10.032 +07:00 [INF] Executed endpoint 'ThucLuc.Api.Controllers.V1.BaoCaoSnapshotController.GetByKy (ThucLuc.Api)'
2026-04-14 16:43:10.033 +07:00 [INF] HTTP GET /api/v1/snapshot => 200 in 11.9479 ms CorrelationId=9a96a6bb5bff4ac89eee44383a138073 UserId=5001
2026-04-14 16:43:10.035 +07:00 [INF] HTTP GET /api/v1/snapshot responded 200 in 13.5076 ms
2026-04-14 16:43:10.036 +07:00 [INF] Request finished HTTP/1.1 GET http://localhost:5283/api/v1/snapshot?kyBaoCaoId=6001 - 200 null application/json; charset=utf-8 16.4459ms
2026-04-14 16:43:10.487 +07:00 [INF] Request starting HTTP/1.1 GET http://localhost:5283/api/v1/don-vi/2001 - null null
2026-04-14 16:43:10.490 +07:00 [INF] Request starting HTTP/1.1 OPTIONS http://localhost:5283/api/v1/mau-bao-cao?includeInactive=true - null null
2026-04-14 16:43:10.490 +07:00 [INF] Request starting HTTP/1.1 OPTIONS http://localhost:5283/api/v1/mau-bao-cao/module-catalog - null null
2026-04-14 16:43:10.490 +07:00 [INF] CORS policy execution successful.
2026-04-14 16:43:10.492 +07:00 [INF] CORS policy execution successful.
2026-04-14 16:43:10.494 +07:00 [INF] CORS policy execution successful.
2026-04-14 16:43:10.494 +07:00 [INF] Executing endpoint 'ThucLuc.Api.Controllers.V1.DonViController.GetById (ThucLuc.Api)'
2026-04-14 16:43:10.495 +07:00 [INF] HTTP OPTIONS /api/v1/mau-bao-cao => 204 in 3.192 ms CorrelationId=102ed1e1ca5c4702be0c656bcfddd562 UserId=anonymous
2026-04-14 16:43:10.496 +07:00 [INF] HTTP OPTIONS /api/v1/mau-bao-cao/module-catalog => 204 in 2.1841 ms CorrelationId=26e75317a0974904bbdccc2d40c780e5 UserId=anonymous
2026-04-14 16:43:10.496 +07:00 [INF] Route matched with {action = "GetById", controller = "DonVi"}. Executing controller action with signature System.Threading.Tasks.Task`1[Microsoft.AspNetCore.Mvc.ActionResult`1[ThucLuc.Api.Common.Models.ApiResponse`1[ThucLuc.Application.Features.DonVi.DonViDto]]] GetById(Int64, System.Threading.CancellationToken) on controller ThucLuc.Api.Controllers.V1.DonViController (ThucLuc.Api).
2026-04-14 16:43:10.498 +07:00 [INF] HTTP OPTIONS /api/v1/mau-bao-cao responded 204 in 6.4983 ms
2026-04-14 16:43:10.499 +07:00 [INF] HTTP OPTIONS /api/v1/mau-bao-cao/module-catalog responded 204 in 5.6916 ms
2026-04-14 16:43:10.502 +07:00 [INF] Request finished HTTP/1.1 OPTIONS http://localhost:5283/api/v1/mau-bao-cao?includeInactive=true - 204 null null 12.0839ms
2026-04-14 16:43:10.503 +07:00 [INF] Request finished HTTP/1.1 OPTIONS http://localhost:5283/api/v1/mau-bao-cao/module-catalog - 204 null null 13.0177ms
2026-04-14 16:43:10.504 +07:00 [INF] Executing OkObjectResult, writing value of type 'ThucLuc.Api.Common.Models.ApiResponse`1[[ThucLuc.Application.Features.DonVi.DonViDto, ThucLuc.Application, Version=1.0.0.0, Culture=neutral, PublicKeyToken=null]]'.
2026-04-14 16:43:10.505 +07:00 [INF] Request starting HTTP/1.1 GET http://localhost:5283/api/v1/mau-bao-cao?includeInactive=true - null null
2026-04-14 16:43:10.507 +07:00 [INF] Request starting HTTP/1.1 GET http://localhost:5283/api/v1/mau-bao-cao/module-catalog - null null
2026-04-14 16:43:10.508 +07:00 [INF] Executed action ThucLuc.Api.Controllers.V1.DonViController.GetById (ThucLuc.Api) in 6.7989ms
2026-04-14 16:43:10.509 +07:00 [INF] CORS policy execution successful.
2026-04-14 16:43:10.511 +07:00 [INF] CORS policy execution successful.
2026-04-14 16:43:10.512 +07:00 [INF] Executed endpoint 'ThucLuc.Api.Controllers.V1.DonViController.GetById (ThucLuc.Api)'
2026-04-14 16:43:10.512 +07:00 [INF] Executing endpoint 'ThucLuc.Api.Controllers.V1.MauBaoCaoController.GetAll (ThucLuc.Api)'
2026-04-14 16:43:10.513 +07:00 [INF] Executing endpoint 'ThucLuc.Api.Controllers.V1.MauBaoCaoController.GetModuleCatalog (ThucLuc.Api)'
2026-04-14 16:43:10.513 +07:00 [INF] HTTP GET /api/v1/don-vi/2001 => 200 in 23.35 ms CorrelationId=579ff788260e4683840fb259b5da9ced UserId=5001
2026-04-14 16:43:10.514 +07:00 [INF] Route matched with {action = "GetAll", controller = "MauBaoCao"}. Executing controller action with signature System.Threading.Tasks.Task`1[Microsoft.AspNetCore.Mvc.ActionResult`1[ThucLuc.Api.Common.Models.ApiResponse`1[System.Collections.Generic.IReadOnlyCollection`1[ThucLuc.Application.Features.MauBaoCao.MauBaoCaoDto]]]] GetAll(Boolean, System.Threading.CancellationToken) on controller ThucLuc.Api.Controllers.V1.MauBaoCaoController (ThucLuc.Api).
2026-04-14 16:43:10.515 +07:00 [INF] Route matched with {action = "GetModuleCatalog", controller = "MauBaoCao"}. Executing controller action with signature System.Threading.Tasks.Task`1[Microsoft.AspNetCore.Mvc.ActionResult`1[ThucLuc.Api.Common.Models.ApiResponse`1[System.Collections.Generic.IReadOnlyCollection`1[ThucLuc.Application.Features.MauBaoCao.MauBaoCaoModuleCatalogGroupDto]]]] GetModuleCatalog(System.Threading.CancellationToken) on controller ThucLuc.Api.Controllers.V1.MauBaoCaoController (ThucLuc.Api).
2026-04-14 16:43:10.516 +07:00 [INF] HTTP GET /api/v1/don-vi/2001 responded 200 in 25.7094 ms
2026-04-14 16:43:10.519 +07:00 [INF] Executing OkObjectResult, writing value of type 'ThucLuc.Api.Common.Models.ApiResponse`1[[System.Collections.Generic.IReadOnlyCollection`1[[ThucLuc.Application.Features.MauBaoCao.MauBaoCaoModuleCatalogGroupDto, ThucLuc.Application, Version=1.0.0.0, Culture=neutral, PublicKeyToken=null]], System.Private.CoreLib, Version=8.0.0.0, Culture=neutral, PublicKeyToken=7cec85d7bea7798e]]'.
2026-04-14 16:43:10.520 +07:00 [INF] Request finished HTTP/1.1 GET http://localhost:5283/api/v1/don-vi/2001 - 200 null application/json; charset=utf-8 32.3252ms
2026-04-14 16:43:10.521 +07:00 [INF] Executed action ThucLuc.Api.Controllers.V1.MauBaoCaoController.GetModuleCatalog (ThucLuc.Api) in 1.9552ms
2026-04-14 16:43:10.524 +07:00 [INF] Executed endpoint 'ThucLuc.Api.Controllers.V1.MauBaoCaoController.GetModuleCatalog (ThucLuc.Api)'
2026-04-14 16:43:10.525 +07:00 [INF] HTTP GET /api/v1/mau-bao-cao/module-catalog => 200 in 13.963 ms CorrelationId=038c9a4b03f14a7eac423aa55b95d29a UserId=5001
2026-04-14 16:43:10.525 +07:00 [INF] Executing OkObjectResult, writing value of type 'ThucLuc.Api.Common.Models.ApiResponse`1[[System.Collections.Generic.IReadOnlyCollection`1[[ThucLuc.Application.Features.MauBaoCao.MauBaoCaoDto, ThucLuc.Application, Version=1.0.0.0, Culture=neutral, PublicKeyToken=null]], System.Private.CoreLib, Version=8.0.0.0, Culture=neutral, PublicKeyToken=7cec85d7bea7798e]]'.
2026-04-14 16:43:10.529 +07:00 [INF] HTTP GET /api/v1/mau-bao-cao/module-catalog responded 200 in 17.9200 ms
2026-04-14 16:43:10.530 +07:00 [INF] Executed action ThucLuc.Api.Controllers.V1.MauBaoCaoController.GetAll (ThucLuc.Api) in 12.465ms
2026-04-14 16:43:10.532 +07:00 [INF] Request finished HTTP/1.1 GET http://localhost:5283/api/v1/mau-bao-cao/module-catalog - 200 null application/json; charset=utf-8 24.9932ms
2026-04-14 16:43:10.533 +07:00 [INF] Executed endpoint 'ThucLuc.Api.Controllers.V1.MauBaoCaoController.GetAll (ThucLuc.Api)'
2026-04-14 16:43:10.539 +07:00 [INF] HTTP GET /api/v1/mau-bao-cao => 200 in 30.5216 ms CorrelationId=e2a1f2a6ab3a41a084d99e9817fdad7a UserId=5001
2026-04-14 16:43:10.544 +07:00 [INF] HTTP GET /api/v1/mau-bao-cao responded 200 in 34.9411 ms
2026-04-14 16:43:10.545 +07:00 [INF] Request finished HTTP/1.1 GET http://localhost:5283/api/v1/mau-bao-cao?includeInactive=true - 200 null application/json; charset=utf-8 40.0291ms
2026-04-14 16:43:11.590 +07:00 [INF] Request starting HTTP/1.1 OPTIONS http://localhost:5283/api/v1/dao-tao-boi-duong - null null
2026-04-14 16:43:11.591 +07:00 [INF] CORS policy execution successful.
2026-04-14 16:43:11.592 +07:00 [INF] HTTP OPTIONS /api/v1/dao-tao-boi-duong => 204 in 0.7844 ms CorrelationId=f7a9d7eb5f3442389a650d4204993753 UserId=anonymous
2026-04-14 16:43:11.594 +07:00 [INF] HTTP OPTIONS /api/v1/dao-tao-boi-duong responded 204 in 2.6860 ms
2026-04-14 16:43:11.595 +07:00 [INF] Request finished HTTP/1.1 OPTIONS http://localhost:5283/api/v1/dao-tao-boi-duong - 204 null null 5.2426ms
2026-04-14 16:43:11.597 +07:00 [INF] Request starting HTTP/1.1 GET http://localhost:5283/api/v1/dao-tao-boi-duong - null null
2026-04-14 16:43:11.599 +07:00 [INF] CORS policy execution successful.
2026-04-14 16:43:11.599 +07:00 [INF] Executing endpoint 'ThucLuc.Api.Controllers.V1.DaoTaoBoiDuongController.GetAll (ThucLuc.Api)'
2026-04-14 16:43:11.600 +07:00 [INF] Route matched with {action = "GetAll", controller = "DaoTaoBoiDuong"}. Executing controller action with signature System.Threading.Tasks.Task`1[Microsoft.AspNetCore.Mvc.ActionResult`1[ThucLuc.Api.Common.Models.ApiResponse`1[System.Collections.Generic.IReadOnlyCollection`1[ThucLuc.Application.Features.DaoTaoBoiDuong.DaoTaoBoiDuongDto]]]] GetAll(System.Threading.CancellationToken) on controller ThucLuc.Api.Controllers.V1.DaoTaoBoiDuongController (ThucLuc.Api).
2026-04-14 16:43:11.603 +07:00 [INF] Executing OkObjectResult, writing value of type 'ThucLuc.Api.Common.Models.ApiResponse`1[[System.Collections.Generic.IReadOnlyCollection`1[[ThucLuc.Application.Features.DaoTaoBoiDuong.DaoTaoBoiDuongDto, ThucLuc.Application, Version=1.0.0.0, Culture=neutral, PublicKeyToken=null]], System.Private.CoreLib, Version=8.0.0.0, Culture=neutral, PublicKeyToken=7cec85d7bea7798e]]'.
2026-04-14 16:43:11.607 +07:00 [INF] Executed action ThucLuc.Api.Controllers.V1.DaoTaoBoiDuongController.GetAll (ThucLuc.Api) in 5.839ms
2026-04-14 16:43:11.608 +07:00 [INF] Executed endpoint 'ThucLuc.Api.Controllers.V1.DaoTaoBoiDuongController.GetAll (ThucLuc.Api)'
2026-04-14 16:43:11.609 +07:00 [INF] HTTP GET /api/v1/dao-tao-boi-duong => 200 in 10.1706 ms CorrelationId=402a34e5dbea49b1a5abd2ceea730278 UserId=5001
2026-04-14 16:43:11.610 +07:00 [INF] HTTP GET /api/v1/dao-tao-boi-duong responded 200 in 11.5397 ms
2026-04-14 16:43:11.612 +07:00 [INF] Request finished HTTP/1.1 GET http://localhost:5283/api/v1/dao-tao-boi-duong - 200 null application/json; charset=utf-8 14.4789ms
2026-04-14 16:43:18.975 +07:00 [INF] Request starting HTTP/1.1 OPTIONS http://localhost:5283/api/v1/don-vi/2001 - null null
2026-04-14 16:43:18.978 +07:00 [INF] CORS policy execution successful.
2026-04-14 16:43:18.979 +07:00 [INF] HTTP OPTIONS /api/v1/don-vi/2001 => 204 in 0.7792 ms CorrelationId=962ad7d801534dccb377e8510df10980 UserId=anonymous
2026-04-14 16:43:18.981 +07:00 [INF] HTTP OPTIONS /api/v1/don-vi/2001 responded 204 in 2.4689 ms
2026-04-14 16:43:18.982 +07:00 [INF] Request finished HTTP/1.1 OPTIONS http://localhost:5283/api/v1/don-vi/2001 - 204 null null 7.5701ms
2026-04-14 16:43:18.984 +07:00 [INF] Request starting HTTP/1.1 GET http://localhost:5283/api/v1/don-vi/2001 - null null
2026-04-14 16:43:18.986 +07:00 [INF] CORS policy execution successful.
2026-04-14 16:43:18.987 +07:00 [INF] Executing endpoint 'ThucLuc.Api.Controllers.V1.DonViController.GetById (ThucLuc.Api)'
2026-04-14 16:43:18.987 +07:00 [INF] Route matched with {action = "GetById", controller = "DonVi"}. Executing controller action with signature System.Threading.Tasks.Task`1[Microsoft.AspNetCore.Mvc.ActionResult`1[ThucLuc.Api.Common.Models.ApiResponse`1[ThucLuc.Application.Features.DonVi.DonViDto]]] GetById(Int64, System.Threading.CancellationToken) on controller ThucLuc.Api.Controllers.V1.DonViController (ThucLuc.Api).
2026-04-14 16:43:18.991 +07:00 [INF] Request starting HTTP/1.1 OPTIONS http://localhost:5283/api/v1/dao-tao-boi-duong - null null
2026-04-14 16:43:18.992 +07:00 [INF] Executing OkObjectResult, writing value of type 'ThucLuc.Api.Common.Models.ApiResponse`1[[ThucLuc.Application.Features.DonVi.DonViDto, ThucLuc.Application, Version=1.0.0.0, Culture=neutral, PublicKeyToken=null]]'.
2026-04-14 16:43:18.993 +07:00 [INF] CORS policy execution successful.
2026-04-14 16:43:18.995 +07:00 [INF] Executed action ThucLuc.Api.Controllers.V1.DonViController.GetById (ThucLuc.Api) in 6.65ms
2026-04-14 16:43:18.996 +07:00 [INF] HTTP OPTIONS /api/v1/dao-tao-boi-duong => 204 in 3.1572 ms CorrelationId=57ae6441516a45b1ae8e8f983322fbd6 UserId=anonymous
2026-04-14 16:43:18.998 +07:00 [INF] Executed endpoint 'ThucLuc.Api.Controllers.V1.DonViController.GetById (ThucLuc.Api)'
2026-04-14 16:43:19.000 +07:00 [INF] HTTP OPTIONS /api/v1/dao-tao-boi-duong responded 204 in 7.1934 ms
2026-04-14 16:43:19.001 +07:00 [INF] HTTP GET /api/v1/don-vi/2001 => 200 in 15.4013 ms CorrelationId=7a3ef150aadf44bcbdee7726a3cc661f UserId=5001
2026-04-14 16:43:19.003 +07:00 [INF] Request finished HTTP/1.1 OPTIONS http://localhost:5283/api/v1/dao-tao-boi-duong - 204 null null 12.0657ms
2026-04-14 16:43:19.005 +07:00 [INF] HTTP GET /api/v1/don-vi/2001 responded 200 in 19.1619 ms
2026-04-14 16:43:19.007 +07:00 [INF] Request starting HTTP/1.1 GET http://localhost:5283/api/v1/dao-tao-boi-duong - null null
2026-04-14 16:43:19.008 +07:00 [INF] Request finished HTTP/1.1 GET http://localhost:5283/api/v1/don-vi/2001 - 200 null application/json; charset=utf-8 23.705ms
2026-04-14 16:43:19.011 +07:00 [INF] CORS policy execution successful.
2026-04-14 16:43:19.014 +07:00 [INF] Executing endpoint 'ThucLuc.Api.Controllers.V1.DaoTaoBoiDuongController.GetAll (ThucLuc.Api)'
2026-04-14 16:43:19.015 +07:00 [INF] Route matched with {action = "GetAll", controller = "DaoTaoBoiDuong"}. Executing controller action with signature System.Threading.Tasks.Task`1[Microsoft.AspNetCore.Mvc.ActionResult`1[ThucLuc.Api.Common.Models.ApiResponse`1[System.Collections.Generic.IReadOnlyCollection`1[ThucLuc.Application.Features.DaoTaoBoiDuong.DaoTaoBoiDuongDto]]]] GetAll(System.Threading.CancellationToken) on controller ThucLuc.Api.Controllers.V1.DaoTaoBoiDuongController (ThucLuc.Api).
2026-04-14 16:43:19.019 +07:00 [INF] Executing OkObjectResult, writing value of type 'ThucLuc.Api.Common.Models.ApiResponse`1[[System.Collections.Generic.IReadOnlyCollection`1[[ThucLuc.Application.Features.DaoTaoBoiDuong.DaoTaoBoiDuongDto, ThucLuc.Application, Version=1.0.0.0, Culture=neutral, PublicKeyToken=null]], System.Private.CoreLib, Version=8.0.0.0, Culture=neutral, PublicKeyToken=7cec85d7bea7798e]]'.
2026-04-14 16:43:19.021 +07:00 [INF] Executed action ThucLuc.Api.Controllers.V1.DaoTaoBoiDuongController.GetAll (ThucLuc.Api) in 3.9071ms
2026-04-14 16:43:19.023 +07:00 [INF] Executed endpoint 'ThucLuc.Api.Controllers.V1.DaoTaoBoiDuongController.GetAll (ThucLuc.Api)'
2026-04-14 16:43:19.024 +07:00 [INF] HTTP GET /api/v1/dao-tao-boi-duong => 200 in 13.2635 ms CorrelationId=216a721e67ef4e5ba9df9b214c875483 UserId=5001
2026-04-14 16:43:19.027 +07:00 [INF] HTTP GET /api/v1/dao-tao-boi-duong responded 200 in 15.9617 ms
2026-04-14 16:43:19.028 +07:00 [INF] Request finished HTTP/1.1 GET http://localhost:5283/api/v1/dao-tao-boi-duong - 200 null application/json; charset=utf-8 21.6076ms
2026-04-14 16:48:32.699 +07:00 [INF] Request starting HTTP/1.1 OPTIONS http://localhost:5283/api/v1/mau-bao-cao/module-catalog - null null
2026-04-14 16:48:32.699 +07:00 [INF] Request starting HTTP/1.1 OPTIONS http://localhost:5283/api/v1/mau-bao-cao?includeInactive=true - null null
2026-04-14 16:48:32.701 +07:00 [INF] CORS policy execution successful.
2026-04-14 16:48:32.702 +07:00 [INF] CORS policy execution successful.
2026-04-14 16:48:32.703 +07:00 [INF] HTTP OPTIONS /api/v1/mau-bao-cao/module-catalog => 204 in 1.5353 ms CorrelationId=ea159a1409f04a5ba5877cbaa320bec4 UserId=anonymous
2026-04-14 16:48:32.703 +07:00 [INF] HTTP OPTIONS /api/v1/mau-bao-cao => 204 in 0.7257 ms CorrelationId=f193f06a893047139d3a7934aa7dd81b UserId=anonymous
2026-04-14 16:48:32.705 +07:00 [INF] HTTP OPTIONS /api/v1/mau-bao-cao responded 204 in 3.0912 ms
2026-04-14 16:48:32.704 +07:00 [INF] HTTP OPTIONS /api/v1/mau-bao-cao/module-catalog responded 204 in 2.8365 ms
2026-04-14 16:48:32.707 +07:00 [INF] Request finished HTTP/1.1 OPTIONS http://localhost:5283/api/v1/mau-bao-cao?includeInactive=true - 204 null null 7.7802ms
2026-04-14 16:48:32.708 +07:00 [INF] Request finished HTTP/1.1 OPTIONS http://localhost:5283/api/v1/mau-bao-cao/module-catalog - 204 null null 9.223ms
2026-04-14 16:48:32.710 +07:00 [INF] Request starting HTTP/1.1 GET http://localhost:5283/api/v1/mau-bao-cao?includeInactive=true - null null
2026-04-14 16:48:32.712 +07:00 [INF] Request starting HTTP/1.1 GET http://localhost:5283/api/v1/mau-bao-cao/module-catalog - null null
2026-04-14 16:48:32.714 +07:00 [INF] CORS policy execution successful.
2026-04-14 16:48:32.715 +07:00 [INF] CORS policy execution successful.
2026-04-14 16:48:32.716 +07:00 [INF] Executing endpoint 'ThucLuc.Api.Controllers.V1.MauBaoCaoController.GetAll (ThucLuc.Api)'
2026-04-14 16:48:32.717 +07:00 [INF] Executing endpoint 'ThucLuc.Api.Controllers.V1.MauBaoCaoController.GetModuleCatalog (ThucLuc.Api)'
2026-04-14 16:48:32.718 +07:00 [INF] Route matched with {action = "GetAll", controller = "MauBaoCao"}. Executing controller action with signature System.Threading.Tasks.Task`1[Microsoft.AspNetCore.Mvc.ActionResult`1[ThucLuc.Api.Common.Models.ApiResponse`1[System.Collections.Generic.IReadOnlyCollection`1[ThucLuc.Application.Features.MauBaoCao.MauBaoCaoDto]]]] GetAll(Boolean, System.Threading.CancellationToken) on controller ThucLuc.Api.Controllers.V1.MauBaoCaoController (ThucLuc.Api).
2026-04-14 16:48:32.718 +07:00 [INF] Route matched with {action = "GetModuleCatalog", controller = "MauBaoCao"}. Executing controller action with signature System.Threading.Tasks.Task`1[Microsoft.AspNetCore.Mvc.ActionResult`1[ThucLuc.Api.Common.Models.ApiResponse`1[System.Collections.Generic.IReadOnlyCollection`1[ThucLuc.Application.Features.MauBaoCao.MauBaoCaoModuleCatalogGroupDto]]]] GetModuleCatalog(System.Threading.CancellationToken) on controller ThucLuc.Api.Controllers.V1.MauBaoCaoController (ThucLuc.Api).
2026-04-14 16:48:32.720 +07:00 [INF] Executing OkObjectResult, writing value of type 'ThucLuc.Api.Common.Models.ApiResponse`1[[System.Collections.Generic.IReadOnlyCollection`1[[ThucLuc.Application.Features.MauBaoCao.MauBaoCaoModuleCatalogGroupDto, ThucLuc.Application, Version=1.0.0.0, Culture=neutral, PublicKeyToken=null]], System.Private.CoreLib, Version=8.0.0.0, Culture=neutral, PublicKeyToken=7cec85d7bea7798e]]'.
2026-04-14 16:48:32.722 +07:00 [INF] Executed action ThucLuc.Api.Controllers.V1.MauBaoCaoController.GetModuleCatalog (ThucLuc.Api) in 1.35ms
2026-04-14 16:48:32.722 +07:00 [INF] Executed endpoint 'ThucLuc.Api.Controllers.V1.MauBaoCaoController.GetModuleCatalog (ThucLuc.Api)'
2026-04-14 16:48:32.723 +07:00 [INF] HTTP GET /api/v1/mau-bao-cao/module-catalog => 200 in 8.1602 ms CorrelationId=26becd85bb6242f38a8aeb2883f1d798 UserId=5001
2026-04-14 16:48:32.724 +07:00 [INF] HTTP GET /api/v1/mau-bao-cao/module-catalog responded 200 in 9.1611 ms
2026-04-14 16:48:32.725 +07:00 [INF] Request finished HTTP/1.1 GET http://localhost:5283/api/v1/mau-bao-cao/module-catalog - 200 null application/json; charset=utf-8 13.094ms
2026-04-14 16:48:32.769 +07:00 [INF] Executing OkObjectResult, writing value of type 'ThucLuc.Api.Common.Models.ApiResponse`1[[System.Collections.Generic.IReadOnlyCollection`1[[ThucLuc.Application.Features.MauBaoCao.MauBaoCaoDto, ThucLuc.Application, Version=1.0.0.0, Culture=neutral, PublicKeyToken=null]], System.Private.CoreLib, Version=8.0.0.0, Culture=neutral, PublicKeyToken=7cec85d7bea7798e]]'.
2026-04-14 16:48:32.770 +07:00 [INF] Executed action ThucLuc.Api.Controllers.V1.MauBaoCaoController.GetAll (ThucLuc.Api) in 50.5854ms
2026-04-14 16:48:32.771 +07:00 [INF] Executed endpoint 'ThucLuc.Api.Controllers.V1.MauBaoCaoController.GetAll (ThucLuc.Api)'
2026-04-14 16:48:32.771 +07:00 [INF] HTTP GET /api/v1/mau-bao-cao => 200 in 57.243 ms CorrelationId=438d1b17c10546519314dee0487572f3 UserId=5001
2026-04-14 16:48:32.772 +07:00 [INF] HTTP GET /api/v1/mau-bao-cao responded 200 in 58.2384 ms
2026-04-14 16:48:32.773 +07:00 [INF] Request finished HTTP/1.1 GET http://localhost:5283/api/v1/mau-bao-cao?includeInactive=true - 200 null application/json; charset=utf-8 62.8297ms
2026-04-14 16:50:47.637 +07:00 [INF] Request starting HTTP/1.1 OPTIONS http://localhost:5283/api/v1/don-vi/2001 - null null
2026-04-14 16:50:47.641 +07:00 [INF] CORS policy execution successful.
2026-04-14 16:50:47.642 +07:00 [INF] HTTP OPTIONS /api/v1/don-vi/2001 => 204 in 0.9087 ms CorrelationId=bcbdf6fe35714193b0ea972393999957 UserId=anonymous
2026-04-14 16:50:47.644 +07:00 [INF] HTTP OPTIONS /api/v1/don-vi/2001 responded 204 in 3.2695 ms
2026-04-14 16:50:47.644 +07:00 [INF] Request starting HTTP/1.1 OPTIONS http://localhost:5283/api/v1/mau-bao-cao?includeInactive=true - null null
2026-04-14 16:50:47.645 +07:00 [INF] Request finished HTTP/1.1 OPTIONS http://localhost:5283/api/v1/don-vi/2001 - 204 null null 8.5555ms
2026-04-14 16:50:47.647 +07:00 [INF] Request starting HTTP/1.1 OPTIONS http://localhost:5283/api/v1/mau-bao-cao/module-catalog - null null
2026-04-14 16:50:47.648 +07:00 [INF] CORS policy execution successful.
2026-04-14 16:50:47.649 +07:00 [INF] Request starting HTTP/1.1 GET http://localhost:5283/api/v1/don-vi/2001 - null null
2026-04-14 16:50:47.651 +07:00 [INF] CORS policy execution successful.
2026-04-14 16:50:47.652 +07:00 [INF] HTTP OPTIONS /api/v1/mau-bao-cao => 204 in 4.2954 ms CorrelationId=74466055cbf047afbbee25474b5552ef UserId=anonymous
2026-04-14 16:50:47.654 +07:00 [INF] CORS policy execution successful.
2026-04-14 16:50:47.655 +07:00 [INF] HTTP OPTIONS /api/v1/mau-bao-cao/module-catalog => 204 in 3.3476 ms CorrelationId=e86ee1fc7e214ef2af27736b41030374 UserId=anonymous
2026-04-14 16:50:47.657 +07:00 [INF] HTTP OPTIONS /api/v1/mau-bao-cao responded 204 in 9.1433 ms
2026-04-14 16:50:47.658 +07:00 [INF] Executing endpoint 'ThucLuc.Api.Controllers.V1.DonViController.GetById (ThucLuc.Api)'
2026-04-14 16:50:47.660 +07:00 [INF] HTTP OPTIONS /api/v1/mau-bao-cao/module-catalog responded 204 in 8.3619 ms
2026-04-14 16:50:47.661 +07:00 [INF] Request finished HTTP/1.1 OPTIONS http://localhost:5283/api/v1/mau-bao-cao?includeInactive=true - 204 null null 16.7927ms
2026-04-14 16:50:47.662 +07:00 [INF] Route matched with {action = "GetById", controller = "DonVi"}. Executing controller action with signature System.Threading.Tasks.Task`1[Microsoft.AspNetCore.Mvc.ActionResult`1[ThucLuc.Api.Common.Models.ApiResponse`1[ThucLuc.Application.Features.DonVi.DonViDto]]] GetById(Int64, System.Threading.CancellationToken) on controller ThucLuc.Api.Controllers.V1.DonViController (ThucLuc.Api).
2026-04-14 16:50:47.664 +07:00 [INF] Request finished HTTP/1.1 OPTIONS http://localhost:5283/api/v1/mau-bao-cao/module-catalog - 204 null null 17.2421ms
2026-04-14 16:50:47.671 +07:00 [INF] Request starting HTTP/1.1 GET http://localhost:5283/api/v1/mau-bao-cao/module-catalog - null null
2026-04-14 16:50:47.667 +07:00 [INF] Request starting HTTP/1.1 GET http://localhost:5283/api/v1/mau-bao-cao?includeInactive=true - null null
2026-04-14 16:50:47.674 +07:00 [INF] CORS policy execution successful.
2026-04-14 16:50:47.676 +07:00 [INF] CORS policy execution successful.
2026-04-14 16:50:47.677 +07:00 [INF] Executing endpoint 'ThucLuc.Api.Controllers.V1.MauBaoCaoController.GetModuleCatalog (ThucLuc.Api)'
2026-04-14 16:50:47.678 +07:00 [INF] Executing endpoint 'ThucLuc.Api.Controllers.V1.MauBaoCaoController.GetAll (ThucLuc.Api)'
2026-04-14 16:50:47.679 +07:00 [INF] Route matched with {action = "GetModuleCatalog", controller = "MauBaoCao"}. Executing controller action with signature System.Threading.Tasks.Task`1[Microsoft.AspNetCore.Mvc.ActionResult`1[ThucLuc.Api.Common.Models.ApiResponse`1[System.Collections.Generic.IReadOnlyCollection`1[ThucLuc.Application.Features.MauBaoCao.MauBaoCaoModuleCatalogGroupDto]]]] GetModuleCatalog(System.Threading.CancellationToken) on controller ThucLuc.Api.Controllers.V1.MauBaoCaoController (ThucLuc.Api).
2026-04-14 16:50:47.680 +07:00 [INF] Route matched with {action = "GetAll", controller = "MauBaoCao"}. Executing controller action with signature System.Threading.Tasks.Task`1[Microsoft.AspNetCore.Mvc.ActionResult`1[ThucLuc.Api.Common.Models.ApiResponse`1[System.Collections.Generic.IReadOnlyCollection`1[ThucLuc.Application.Features.MauBaoCao.MauBaoCaoDto]]]] GetAll(Boolean, System.Threading.CancellationToken) on controller ThucLuc.Api.Controllers.V1.MauBaoCaoController (ThucLuc.Api).
2026-04-14 16:50:47.682 +07:00 [INF] Executing OkObjectResult, writing value of type 'ThucLuc.Api.Common.Models.ApiResponse`1[[System.Collections.Generic.IReadOnlyCollection`1[[ThucLuc.Application.Features.MauBaoCao.MauBaoCaoModuleCatalogGroupDto, ThucLuc.Application, Version=1.0.0.0, Culture=neutral, PublicKeyToken=null]], System.Private.CoreLib, Version=8.0.0.0, Culture=neutral, PublicKeyToken=7cec85d7bea7798e]]'.
2026-04-14 16:50:47.684 +07:00 [INF] Executed action ThucLuc.Api.Controllers.V1.MauBaoCaoController.GetModuleCatalog (ThucLuc.Api) in 3.1271ms
2026-04-14 16:50:47.686 +07:00 [INF] Executed endpoint 'ThucLuc.Api.Controllers.V1.MauBaoCaoController.GetModuleCatalog (ThucLuc.Api)'
2026-04-14 16:50:47.687 +07:00 [INF] HTTP GET /api/v1/mau-bao-cao/module-catalog => 200 in 13.1248 ms CorrelationId=6c6c98bfbe514f6f9a1bf6c9eeb2abc9 UserId=5001
2026-04-14 16:50:47.690 +07:00 [INF] HTTP GET /api/v1/mau-bao-cao/module-catalog responded 200 in 15.9676 ms
2026-04-14 16:50:47.692 +07:00 [INF] Request finished HTTP/1.1 GET http://localhost:5283/api/v1/mau-bao-cao/module-catalog - 200 null application/json; charset=utf-8 20.5763ms
2026-04-14 16:50:47.703 +07:00 [INF] Request starting HTTP/1.1 GET http://localhost:5283/api/v1/mau-bao-cao/module-catalog - null null
2026-04-14 16:50:47.706 +07:00 [INF] CORS policy execution successful.
2026-04-14 16:50:47.707 +07:00 [INF] Executing endpoint 'ThucLuc.Api.Controllers.V1.MauBaoCaoController.GetModuleCatalog (ThucLuc.Api)'
2026-04-14 16:50:47.708 +07:00 [INF] Route matched with {action = "GetModuleCatalog", controller = "MauBaoCao"}. Executing controller action with signature System.Threading.Tasks.Task`1[Microsoft.AspNetCore.Mvc.ActionResult`1[ThucLuc.Api.Common.Models.ApiResponse`1[System.Collections.Generic.IReadOnlyCollection`1[ThucLuc.Application.Features.MauBaoCao.MauBaoCaoModuleCatalogGroupDto]]]] GetModuleCatalog(System.Threading.CancellationToken) on controller ThucLuc.Api.Controllers.V1.MauBaoCaoController (ThucLuc.Api).
2026-04-14 16:50:47.710 +07:00 [INF] Executing OkObjectResult, writing value of type 'ThucLuc.Api.Common.Models.ApiResponse`1[[System.Collections.Generic.IReadOnlyCollection`1[[ThucLuc.Application.Features.MauBaoCao.MauBaoCaoModuleCatalogGroupDto, ThucLuc.Application, Version=1.0.0.0, Culture=neutral, PublicKeyToken=null]], System.Private.CoreLib, Version=8.0.0.0, Culture=neutral, PublicKeyToken=7cec85d7bea7798e]]'.
2026-04-14 16:50:47.711 +07:00 [INF] Executed action ThucLuc.Api.Controllers.V1.MauBaoCaoController.GetModuleCatalog (ThucLuc.Api) in 1.9428ms
2026-04-14 16:50:47.713 +07:00 [INF] Executed endpoint 'ThucLuc.Api.Controllers.V1.MauBaoCaoController.GetModuleCatalog (ThucLuc.Api)'
2026-04-14 16:50:47.714 +07:00 [INF] HTTP GET /api/v1/mau-bao-cao/module-catalog => 200 in 8.2777 ms CorrelationId=fcd152fa36f0494098f01f6735db4054 UserId=5001
2026-04-14 16:50:47.716 +07:00 [INF] Executing OkObjectResult, writing value of type 'ThucLuc.Api.Common.Models.ApiResponse`1[[ThucLuc.Application.Features.DonVi.DonViDto, ThucLuc.Application, Version=1.0.0.0, Culture=neutral, PublicKeyToken=null]]'.
2026-04-14 16:50:47.716 +07:00 [INF] HTTP GET /api/v1/mau-bao-cao/module-catalog responded 200 in 10.4619 ms
2026-04-14 16:50:47.717 +07:00 [INF] Executed action ThucLuc.Api.Controllers.V1.DonViController.GetById (ThucLuc.Api) in 48.9382ms
2026-04-14 16:50:47.719 +07:00 [INF] Request finished HTTP/1.1 GET http://localhost:5283/api/v1/mau-bao-cao/module-catalog - 200 null application/json; charset=utf-8 15.8999ms
2026-04-14 16:50:47.719 +07:00 [INF] Request starting HTTP/1.1 GET http://localhost:5283/api/v1/don-vi/2001 - null null
2026-04-14 16:50:47.720 +07:00 [INF] Executed endpoint 'ThucLuc.Api.Controllers.V1.DonViController.GetById (ThucLuc.Api)'
2026-04-14 16:50:47.726 +07:00 [INF] CORS policy execution successful.
2026-04-14 16:50:47.727 +07:00 [INF] HTTP GET /api/v1/don-vi/2001 => 200 in 72.637 ms CorrelationId=21af68747026424ca6ab4bdda4f44c56 UserId=5001
2026-04-14 16:50:47.728 +07:00 [INF] Executing endpoint 'ThucLuc.Api.Controllers.V1.DonViController.GetById (ThucLuc.Api)'
2026-04-14 16:50:47.729 +07:00 [INF] HTTP GET /api/v1/don-vi/2001 responded 200 in 75.0622 ms
2026-04-14 16:50:47.731 +07:00 [INF] Route matched with {action = "GetById", controller = "DonVi"}. Executing controller action with signature System.Threading.Tasks.Task`1[Microsoft.AspNetCore.Mvc.ActionResult`1[ThucLuc.Api.Common.Models.ApiResponse`1[ThucLuc.Application.Features.DonVi.DonViDto]]] GetById(Int64, System.Threading.CancellationToken) on controller ThucLuc.Api.Controllers.V1.DonViController (ThucLuc.Api).
2026-04-14 16:50:47.732 +07:00 [INF] Request finished HTTP/1.1 GET http://localhost:5283/api/v1/don-vi/2001 - 200 null application/json; charset=utf-8 82.4744ms
2026-04-14 16:50:47.739 +07:00 [INF] Executing OkObjectResult, writing value of type 'ThucLuc.Api.Common.Models.ApiResponse`1[[System.Collections.Generic.IReadOnlyCollection`1[[ThucLuc.Application.Features.MauBaoCao.MauBaoCaoDto, ThucLuc.Application, Version=1.0.0.0, Culture=neutral, PublicKeyToken=null]], System.Private.CoreLib, Version=8.0.0.0, Culture=neutral, PublicKeyToken=7cec85d7bea7798e]]'.
2026-04-14 16:50:47.741 +07:00 [INF] Executed action ThucLuc.Api.Controllers.V1.MauBaoCaoController.GetAll (ThucLuc.Api) in 57.8208ms
2026-04-14 16:50:47.741 +07:00 [INF] Request starting HTTP/1.1 GET http://localhost:5283/api/v1/mau-bao-cao?includeInactive=true - null null
2026-04-14 16:50:47.742 +07:00 [INF] Executed endpoint 'ThucLuc.Api.Controllers.V1.MauBaoCaoController.GetAll (ThucLuc.Api)'
2026-04-14 16:50:47.745 +07:00 [INF] CORS policy execution successful.
2026-04-14 16:50:47.745 +07:00 [INF] HTTP GET /api/v1/mau-bao-cao => 200 in 69.0707 ms CorrelationId=c7808f34f5654b328e023fb5cda02746 UserId=5001
2026-04-14 16:50:47.746 +07:00 [INF] Executing endpoint 'ThucLuc.Api.Controllers.V1.MauBaoCaoController.GetAll (ThucLuc.Api)'
2026-04-14 16:50:47.748 +07:00 [INF] HTTP GET /api/v1/mau-bao-cao responded 200 in 71.6357 ms
2026-04-14 16:50:47.749 +07:00 [INF] Route matched with {action = "GetAll", controller = "MauBaoCao"}. Executing controller action with signature System.Threading.Tasks.Task`1[Microsoft.AspNetCore.Mvc.ActionResult`1[ThucLuc.Api.Common.Models.ApiResponse`1[System.Collections.Generic.IReadOnlyCollection`1[ThucLuc.Application.Features.MauBaoCao.MauBaoCaoDto]]]] GetAll(Boolean, System.Threading.CancellationToken) on controller ThucLuc.Api.Controllers.V1.MauBaoCaoController (ThucLuc.Api).
2026-04-14 16:50:47.751 +07:00 [INF] Request finished HTTP/1.1 GET http://localhost:5283/api/v1/mau-bao-cao?includeInactive=true - 200 null application/json; charset=utf-8 84.0168ms
2026-04-14 16:50:47.781 +07:00 [INF] Executing OkObjectResult, writing value of type 'ThucLuc.Api.Common.Models.ApiResponse`1[[ThucLuc.Application.Features.DonVi.DonViDto, ThucLuc.Application, Version=1.0.0.0, Culture=neutral, PublicKeyToken=null]]'.
2026-04-14 16:50:47.782 +07:00 [INF] Executed action ThucLuc.Api.Controllers.V1.DonViController.GetById (ThucLuc.Api) in 48.6539ms
2026-04-14 16:50:47.784 +07:00 [INF] Executed endpoint 'ThucLuc.Api.Controllers.V1.DonViController.GetById (ThucLuc.Api)'
2026-04-14 16:50:47.785 +07:00 [INF] HTTP GET /api/v1/don-vi/2001 => 200 in 58.788 ms CorrelationId=a08fc5af886f40e2a4910074d1ad9fc7 UserId=5001
2026-04-14 16:50:47.786 +07:00 [INF] HTTP GET /api/v1/don-vi/2001 responded 200 in 60.7031 ms
2026-04-14 16:50:47.788 +07:00 [INF] Request finished HTTP/1.1 GET http://localhost:5283/api/v1/don-vi/2001 - 200 null application/json; charset=utf-8 69.3442ms
2026-04-14 16:50:47.797 +07:00 [INF] Executing OkObjectResult, writing value of type 'ThucLuc.Api.Common.Models.ApiResponse`1[[System.Collections.Generic.IReadOnlyCollection`1[[ThucLuc.Application.Features.MauBaoCao.MauBaoCaoDto, ThucLuc.Application, Version=1.0.0.0, Culture=neutral, PublicKeyToken=null]], System.Private.CoreLib, Version=8.0.0.0, Culture=neutral, PublicKeyToken=7cec85d7bea7798e]]'.
2026-04-14 16:50:47.798 +07:00 [INF] Executed action ThucLuc.Api.Controllers.V1.MauBaoCaoController.GetAll (ThucLuc.Api) in 45.8927ms
2026-04-14 16:50:47.800 +07:00 [INF] Executed endpoint 'ThucLuc.Api.Controllers.V1.MauBaoCaoController.GetAll (ThucLuc.Api)'
2026-04-14 16:50:47.801 +07:00 [INF] HTTP GET /api/v1/mau-bao-cao => 200 in 56.3951 ms CorrelationId=89f816e55633462eb00cf6f4d18a06eb UserId=5001
2026-04-14 16:50:47.803 +07:00 [INF] HTTP GET /api/v1/mau-bao-cao responded 200 in 58.7583 ms
2026-04-14 16:50:47.805 +07:00 [INF] Request finished HTTP/1.1 GET http://localhost:5283/api/v1/mau-bao-cao?includeInactive=true - 200 null application/json; charset=utf-8 63.1669ms
2026-04-14 16:51:07.718 +07:00 [INF] Request starting HTTP/1.1 OPTIONS http://localhost:5283/api/v1/dao-tao-boi-duong - null null
2026-04-14 16:51:07.720 +07:00 [INF] CORS policy execution successful.
2026-04-14 16:51:07.721 +07:00 [INF] HTTP OPTIONS /api/v1/dao-tao-boi-duong => 204 in 1.1142 ms CorrelationId=d999a9b172f548e0bb7e85321eee9587 UserId=anonymous
2026-04-14 16:51:07.723 +07:00 [INF] HTTP OPTIONS /api/v1/dao-tao-boi-duong responded 204 in 3.1570 ms
2026-04-14 16:51:07.725 +07:00 [INF] Request finished HTTP/1.1 OPTIONS http://localhost:5283/api/v1/dao-tao-boi-duong - 204 null null 7.1406ms
2026-04-14 16:51:07.728 +07:00 [INF] Request starting HTTP/1.1 GET http://localhost:5283/api/v1/dao-tao-boi-duong - null null
2026-04-14 16:51:07.730 +07:00 [INF] CORS policy execution successful.
2026-04-14 16:51:07.731 +07:00 [INF] Executing endpoint 'ThucLuc.Api.Controllers.V1.DaoTaoBoiDuongController.GetAll (ThucLuc.Api)'
2026-04-14 16:51:07.732 +07:00 [INF] Route matched with {action = "GetAll", controller = "DaoTaoBoiDuong"}. Executing controller action with signature System.Threading.Tasks.Task`1[Microsoft.AspNetCore.Mvc.ActionResult`1[ThucLuc.Api.Common.Models.ApiResponse`1[System.Collections.Generic.IReadOnlyCollection`1[ThucLuc.Application.Features.DaoTaoBoiDuong.DaoTaoBoiDuongDto]]]] GetAll(System.Threading.CancellationToken) on controller ThucLuc.Api.Controllers.V1.DaoTaoBoiDuongController (ThucLuc.Api).
2026-04-14 16:51:07.736 +07:00 [INF] Executing OkObjectResult, writing value of type 'ThucLuc.Api.Common.Models.ApiResponse`1[[System.Collections.Generic.IReadOnlyCollection`1[[ThucLuc.Application.Features.DaoTaoBoiDuong.DaoTaoBoiDuongDto, ThucLuc.Application, Version=1.0.0.0, Culture=neutral, PublicKeyToken=null]], System.Private.CoreLib, Version=8.0.0.0, Culture=neutral, PublicKeyToken=7cec85d7bea7798e]]'.
2026-04-14 16:51:07.737 +07:00 [INF] Executed action ThucLuc.Api.Controllers.V1.DaoTaoBoiDuongController.GetAll (ThucLuc.Api) in 3.1855ms
2026-04-14 16:51:07.738 +07:00 [INF] Executed endpoint 'ThucLuc.Api.Controllers.V1.DaoTaoBoiDuongController.GetAll (ThucLuc.Api)'
2026-04-14 16:51:07.739 +07:00 [INF] HTTP GET /api/v1/dao-tao-boi-duong => 200 in 9.4687 ms CorrelationId=70d4ba48a38f4af1847278cc823fd8a7 UserId=5001
2026-04-14 16:51:07.741 +07:00 [INF] HTTP GET /api/v1/dao-tao-boi-duong responded 200 in 11.3986 ms
2026-04-14 16:51:07.743 +07:00 [INF] Request finished HTTP/1.1 GET http://localhost:5283/api/v1/dao-tao-boi-duong - 200 null application/json; charset=utf-8 15.663ms
2026-04-14 16:51:17.782 +07:00 [INF] Request starting HTTP/1.1 OPTIONS http://localhost:5283/api/v1/don-vi/2001 - null null
2026-04-14 16:51:17.784 +07:00 [INF] CORS policy execution successful.
2026-04-14 16:51:17.785 +07:00 [INF] HTTP OPTIONS /api/v1/don-vi/2001 => 204 in 0.5068 ms CorrelationId=90c50188c2ae45b193e60bd73b2e7e91 UserId=anonymous
2026-04-14 16:51:17.786 +07:00 [INF] HTTP OPTIONS /api/v1/don-vi/2001 responded 204 in 1.9883 ms
2026-04-14 16:51:17.788 +07:00 [INF] Request finished HTTP/1.1 OPTIONS http://localhost:5283/api/v1/don-vi/2001 - 204 null null 6.0492ms
2026-04-14 16:51:17.792 +07:00 [INF] Request starting HTTP/1.1 GET http://localhost:5283/api/v1/don-vi/2001 - null null
2026-04-14 16:51:17.794 +07:00 [INF] CORS policy execution successful.
2026-04-14 16:51:17.794 +07:00 [INF] Executing endpoint 'ThucLuc.Api.Controllers.V1.DonViController.GetById (ThucLuc.Api)'
2026-04-14 16:51:17.795 +07:00 [INF] Route matched with {action = "GetById", controller = "DonVi"}. Executing controller action with signature System.Threading.Tasks.Task`1[Microsoft.AspNetCore.Mvc.ActionResult`1[ThucLuc.Api.Common.Models.ApiResponse`1[ThucLuc.Application.Features.DonVi.DonViDto]]] GetById(Int64, System.Threading.CancellationToken) on controller ThucLuc.Api.Controllers.V1.DonViController (ThucLuc.Api).
2026-04-14 16:51:17.807 +07:00 [INF] Request starting HTTP/1.1 OPTIONS http://localhost:5283/api/v1/dao-tao-boi-duong - null null
2026-04-14 16:51:17.809 +07:00 [INF] CORS policy execution successful.
2026-04-14 16:51:17.810 +07:00 [INF] HTTP OPTIONS /api/v1/dao-tao-boi-duong => 204 in 0.727 ms CorrelationId=060ea29472114ab88fe33ded95e66969 UserId=anonymous
2026-04-14 16:51:17.812 +07:00 [INF] HTTP OPTIONS /api/v1/dao-tao-boi-duong responded 204 in 3.0185 ms
2026-04-14 16:51:17.815 +07:00 [INF] Request finished HTTP/1.1 OPTIONS http://localhost:5283/api/v1/dao-tao-boi-duong - 204 null null 7.2549ms
2026-04-14 16:51:17.818 +07:00 [INF] Request starting HTTP/1.1 GET http://localhost:5283/api/v1/dao-tao-boi-duong - null null
2026-04-14 16:51:17.822 +07:00 [INF] CORS policy execution successful.
2026-04-14 16:51:17.823 +07:00 [INF] Executing endpoint 'ThucLuc.Api.Controllers.V1.DaoTaoBoiDuongController.GetAll (ThucLuc.Api)'
2026-04-14 16:51:17.824 +07:00 [INF] Route matched with {action = "GetAll", controller = "DaoTaoBoiDuong"}. Executing controller action with signature System.Threading.Tasks.Task`1[Microsoft.AspNetCore.Mvc.ActionResult`1[ThucLuc.Api.Common.Models.ApiResponse`1[System.Collections.Generic.IReadOnlyCollection`1[ThucLuc.Application.Features.DaoTaoBoiDuong.DaoTaoBoiDuongDto]]]] GetAll(System.Threading.CancellationToken) on controller ThucLuc.Api.Controllers.V1.DaoTaoBoiDuongController (ThucLuc.Api).
2026-04-14 16:51:17.842 +07:00 [INF] Executing OkObjectResult, writing value of type 'ThucLuc.Api.Common.Models.ApiResponse`1[[ThucLuc.Application.Features.DonVi.DonViDto, ThucLuc.Application, Version=1.0.0.0, Culture=neutral, PublicKeyToken=null]]'.
2026-04-14 16:51:17.844 +07:00 [INF] Executed action ThucLuc.Api.Controllers.V1.DonViController.GetById (ThucLuc.Api) in 46.6603ms
2026-04-14 16:51:17.845 +07:00 [INF] Executed endpoint 'ThucLuc.Api.Controllers.V1.DonViController.GetById (ThucLuc.Api)'
2026-04-14 16:51:17.846 +07:00 [INF] HTTP GET /api/v1/don-vi/2001 => 200 in 52.3416 ms CorrelationId=64d9c8d2c18c4300ba06b08999d99bc9 UserId=5001
2026-04-14 16:51:17.849 +07:00 [INF] HTTP GET /api/v1/don-vi/2001 responded 200 in 54.9080 ms
2026-04-14 16:51:17.850 +07:00 [INF] Request finished HTTP/1.1 GET http://localhost:5283/api/v1/don-vi/2001 - 200 null application/json; charset=utf-8 58.7998ms
2026-04-14 16:51:17.874 +07:00 [INF] Executing OkObjectResult, writing value of type 'ThucLuc.Api.Common.Models.ApiResponse`1[[System.Collections.Generic.IReadOnlyCollection`1[[ThucLuc.Application.Features.DaoTaoBoiDuong.DaoTaoBoiDuongDto, ThucLuc.Application, Version=1.0.0.0, Culture=neutral, PublicKeyToken=null]], System.Private.CoreLib, Version=8.0.0.0, Culture=neutral, PublicKeyToken=7cec85d7bea7798e]]'.
2026-04-14 16:51:17.875 +07:00 [INF] Executed action ThucLuc.Api.Controllers.V1.DaoTaoBoiDuongController.GetAll (ThucLuc.Api) in 48.711ms
2026-04-14 16:51:17.876 +07:00 [INF] Executed endpoint 'ThucLuc.Api.Controllers.V1.DaoTaoBoiDuongController.GetAll (ThucLuc.Api)'
2026-04-14 16:51:17.877 +07:00 [INF] HTTP GET /api/v1/dao-tao-boi-duong => 200 in 55.2458 ms CorrelationId=451bbbe8e1e5408287c3872c3e4e9d56 UserId=5001
2026-04-14 16:51:17.879 +07:00 [INF] HTTP GET /api/v1/dao-tao-boi-duong responded 200 in 56.9058 ms
2026-04-14 16:51:17.880 +07:00 [INF] Request finished HTTP/1.1 GET http://localhost:5283/api/v1/dao-tao-boi-duong - 200 null application/json; charset=utf-8 61.7464ms
2026-04-14 16:54:20.569 +07:00 [INF] Request starting HTTP/1.1 OPTIONS http://localhost:5283/api/v1/don-vi/2001 - null null
2026-04-14 16:54:20.569 +07:00 [INF] Request starting HTTP/1.1 OPTIONS http://localhost:5283/api/v1/don-vi/2001 - null null
2026-04-14 16:54:20.569 +07:00 [INF] Request starting HTTP/1.1 OPTIONS http://localhost:5283/api/v1/mau-bao-cao?includeInactive=true - null null
2026-04-14 16:54:20.571 +07:00 [INF] Request starting HTTP/1.1 OPTIONS http://localhost:5283/api/v1/mau-bao-cao/module-catalog - null null
2026-04-14 16:54:20.571 +07:00 [INF] CORS policy execution successful.
2026-04-14 16:54:20.572 +07:00 [INF] CORS policy execution successful.
2026-04-14 16:54:20.574 +07:00 [INF] CORS policy execution successful.
2026-04-14 16:54:20.576 +07:00 [INF] CORS policy execution successful.
2026-04-14 16:54:20.577 +07:00 [INF] HTTP OPTIONS /api/v1/don-vi/2001 => 204 in 5.4502 ms CorrelationId=2bf49807dae848638ad325f873f7ca5a UserId=anonymous
2026-04-14 16:54:20.577 +07:00 [INF] HTTP OPTIONS /api/v1/don-vi/2001 => 204 in 4.6904 ms CorrelationId=c5aba2ba53f440e3ade88327a42e9181 UserId=anonymous
2026-04-14 16:54:20.578 +07:00 [INF] HTTP OPTIONS /api/v1/mau-bao-cao => 204 in 3.2607 ms CorrelationId=629db8c2b9f245c780af3c8fa64e2aa1 UserId=anonymous
2026-04-14 16:54:20.578 +07:00 [INF] HTTP OPTIONS /api/v1/mau-bao-cao/module-catalog => 204 in 1.9405 ms CorrelationId=49e7befc24df44e1a76973f69b4161f9 UserId=anonymous
2026-04-14 16:54:20.580 +07:00 [INF] HTTP OPTIONS /api/v1/don-vi/2001 responded 204 in 9.0668 ms
2026-04-14 16:54:20.582 +07:00 [INF] HTTP OPTIONS /api/v1/don-vi/2001 responded 204 in 9.4889 ms
2026-04-14 16:54:20.584 +07:00 [INF] HTTP OPTIONS /api/v1/mau-bao-cao responded 204 in 9.3393 ms
2026-04-14 16:54:20.585 +07:00 [INF] HTTP OPTIONS /api/v1/mau-bao-cao/module-catalog responded 204 in 8.7596 ms
2026-04-14 16:54:20.586 +07:00 [INF] Request finished HTTP/1.1 OPTIONS http://localhost:5283/api/v1/don-vi/2001 - 204 null null 17.1752ms
2026-04-14 16:54:20.587 +07:00 [INF] Request finished HTTP/1.1 OPTIONS http://localhost:5283/api/v1/don-vi/2001 - 204 null null 18.5318ms
2026-04-14 16:54:20.588 +07:00 [INF] Request finished HTTP/1.1 OPTIONS http://localhost:5283/api/v1/mau-bao-cao?includeInactive=true - 204 null null 18.8239ms
2026-04-14 16:54:20.589 +07:00 [INF] Request finished HTTP/1.1 OPTIONS http://localhost:5283/api/v1/mau-bao-cao/module-catalog - 204 null null 18.5993ms
2026-04-14 16:54:20.591 +07:00 [INF] Request starting HTTP/1.1 GET http://localhost:5283/api/v1/don-vi/2001 - null null
2026-04-14 16:54:20.595 +07:00 [INF] Request starting HTTP/1.1 OPTIONS http://localhost:5283/api/v1/dao-tao-boi-duong - null null
2026-04-14 16:54:20.596 +07:00 [INF] Request starting HTTP/1.1 GET http://localhost:5283/api/v1/mau-bao-cao?includeInactive=true - null null
2026-04-14 16:54:20.598 +07:00 [INF] Request starting HTTP/1.1 GET http://localhost:5283/api/v1/mau-bao-cao/module-catalog - null null
2026-04-14 16:54:20.601 +07:00 [INF] CORS policy execution successful.
2026-04-14 16:54:20.603 +07:00 [INF] CORS policy execution successful.
2026-04-14 16:54:20.604 +07:00 [INF] CORS policy execution successful.
2026-04-14 16:54:20.606 +07:00 [INF] CORS policy execution successful.
2026-04-14 16:54:20.606 +07:00 [INF] Executing endpoint 'ThucLuc.Api.Controllers.V1.DonViController.GetById (ThucLuc.Api)'
2026-04-14 16:54:20.607 +07:00 [INF] HTTP OPTIONS /api/v1/dao-tao-boi-duong => 204 in 4.479 ms CorrelationId=0f57df7147ca4f6a827117697962dc3f UserId=anonymous
2026-04-14 16:54:20.608 +07:00 [INF] Executing endpoint 'ThucLuc.Api.Controllers.V1.MauBaoCaoController.GetAll (ThucLuc.Api)'
2026-04-14 16:54:20.608 +07:00 [INF] Executing endpoint 'ThucLuc.Api.Controllers.V1.MauBaoCaoController.GetModuleCatalog (ThucLuc.Api)'
2026-04-14 16:54:20.610 +07:00 [INF] Route matched with {action = "GetById", controller = "DonVi"}. Executing controller action with signature System.Threading.Tasks.Task`1[Microsoft.AspNetCore.Mvc.ActionResult`1[ThucLuc.Api.Common.Models.ApiResponse`1[ThucLuc.Application.Features.DonVi.DonViDto]]] GetById(Int64, System.Threading.CancellationToken) on controller ThucLuc.Api.Controllers.V1.DonViController (ThucLuc.Api).
2026-04-14 16:54:20.611 +07:00 [INF] HTTP OPTIONS /api/v1/dao-tao-boi-duong responded 204 in 8.1976 ms
2026-04-14 16:54:20.613 +07:00 [INF] Route matched with {action = "GetAll", controller = "MauBaoCao"}. Executing controller action with signature System.Threading.Tasks.Task`1[Microsoft.AspNetCore.Mvc.ActionResult`1[ThucLuc.Api.Common.Models.ApiResponse`1[System.Collections.Generic.IReadOnlyCollection`1[ThucLuc.Application.Features.MauBaoCao.MauBaoCaoDto]]]] GetAll(Boolean, System.Threading.CancellationToken) on controller ThucLuc.Api.Controllers.V1.MauBaoCaoController (ThucLuc.Api).
2026-04-14 16:54:20.614 +07:00 [INF] Route matched with {action = "GetModuleCatalog", controller = "MauBaoCao"}. Executing controller action with signature System.Threading.Tasks.Task`1[Microsoft.AspNetCore.Mvc.ActionResult`1[ThucLuc.Api.Common.Models.ApiResponse`1[System.Collections.Generic.IReadOnlyCollection`1[ThucLuc.Application.Features.MauBaoCao.MauBaoCaoModuleCatalogGroupDto]]]] GetModuleCatalog(System.Threading.CancellationToken) on controller ThucLuc.Api.Controllers.V1.MauBaoCaoController (ThucLuc.Api).
2026-04-14 16:54:20.617 +07:00 [INF] Request finished HTTP/1.1 OPTIONS http://localhost:5283/api/v1/dao-tao-boi-duong - 204 null null 22.6367ms
2026-04-14 16:54:20.621 +07:00 [INF] Executing OkObjectResult, writing value of type 'ThucLuc.Api.Common.Models.ApiResponse`1[[System.Collections.Generic.IReadOnlyCollection`1[[ThucLuc.Application.Features.MauBaoCao.MauBaoCaoModuleCatalogGroupDto, ThucLuc.Application, Version=1.0.0.0, Culture=neutral, PublicKeyToken=null]], System.Private.CoreLib, Version=8.0.0.0, Culture=neutral, PublicKeyToken=7cec85d7bea7798e]]'.
2026-04-14 16:54:20.623 +07:00 [INF] Request starting HTTP/1.1 GET http://localhost:5283/api/v1/dao-tao-boi-duong - null null
2026-04-14 16:54:20.624 +07:00 [INF] Executed action ThucLuc.Api.Controllers.V1.MauBaoCaoController.GetModuleCatalog (ThucLuc.Api) in 2.7388ms
2026-04-14 16:54:20.625 +07:00 [INF] CORS policy execution successful.
2026-04-14 16:54:20.626 +07:00 [INF] Executed endpoint 'ThucLuc.Api.Controllers.V1.MauBaoCaoController.GetModuleCatalog (ThucLuc.Api)'
2026-04-14 16:54:20.627 +07:00 [INF] Executing endpoint 'ThucLuc.Api.Controllers.V1.DaoTaoBoiDuongController.GetAll (ThucLuc.Api)'
2026-04-14 16:54:20.627 +07:00 [INF] HTTP GET /api/v1/mau-bao-cao/module-catalog => 200 in 21.6319 ms CorrelationId=8fecd1053f524b3a849ae890a6a57dd7 UserId=5001
2026-04-14 16:54:20.628 +07:00 [INF] Route matched with {action = "GetAll", controller = "DaoTaoBoiDuong"}. Executing controller action with signature System.Threading.Tasks.Task`1[Microsoft.AspNetCore.Mvc.ActionResult`1[ThucLuc.Api.Common.Models.ApiResponse`1[System.Collections.Generic.IReadOnlyCollection`1[ThucLuc.Application.Features.DaoTaoBoiDuong.DaoTaoBoiDuongDto]]]] GetAll(System.Threading.CancellationToken) on controller ThucLuc.Api.Controllers.V1.DaoTaoBoiDuongController (ThucLuc.Api).
2026-04-14 16:54:20.630 +07:00 [INF] HTTP GET /api/v1/mau-bao-cao/module-catalog responded 200 in 24.1083 ms
2026-04-14 16:54:20.633 +07:00 [INF] Request finished HTTP/1.1 GET http://localhost:5283/api/v1/mau-bao-cao/module-catalog - 200 null application/json; charset=utf-8 34.4462ms
2026-04-14 16:54:20.662 +07:00 [INF] Executing OkObjectResult, writing value of type 'ThucLuc.Api.Common.Models.ApiResponse`1[[ThucLuc.Application.Features.DonVi.DonViDto, ThucLuc.Application, Version=1.0.0.0, Culture=neutral, PublicKeyToken=null]]'.
2026-04-14 16:54:20.663 +07:00 [INF] Executed action ThucLuc.Api.Controllers.V1.DonViController.GetById (ThucLuc.Api) in 47.8746ms
2026-04-14 16:54:20.664 +07:00 [INF] Request starting HTTP/1.1 GET http://localhost:5283/api/v1/don-vi/2001 - null null
2026-04-14 16:54:20.665 +07:00 [INF] Executed endpoint 'ThucLuc.Api.Controllers.V1.DonViController.GetById (ThucLuc.Api)'
2026-04-14 16:54:20.667 +07:00 [INF] CORS policy execution successful.
2026-04-14 16:54:20.668 +07:00 [INF] HTTP GET /api/v1/don-vi/2001 => 200 in 66.7736 ms CorrelationId=f468d84c21af45c9a267275da605aa5a UserId=5001
2026-04-14 16:54:20.669 +07:00 [INF] Executing endpoint 'ThucLuc.Api.Controllers.V1.DonViController.GetById (ThucLuc.Api)'
2026-04-14 16:54:20.669 +07:00 [INF] Executing OkObjectResult, writing value of type 'ThucLuc.Api.Common.Models.ApiResponse`1[[System.Collections.Generic.IReadOnlyCollection`1[[ThucLuc.Application.Features.MauBaoCao.MauBaoCaoDto, ThucLuc.Application, Version=1.0.0.0, Culture=neutral, PublicKeyToken=null]], System.Private.CoreLib, Version=8.0.0.0, Culture=neutral, PublicKeyToken=7cec85d7bea7798e]]'.
2026-04-14 16:54:20.670 +07:00 [INF] HTTP GET /api/v1/don-vi/2001 responded 200 in 69.7084 ms
2026-04-14 16:54:20.671 +07:00 [INF] Route matched with {action = "GetById", controller = "DonVi"}. Executing controller action with signature System.Threading.Tasks.Task`1[Microsoft.AspNetCore.Mvc.ActionResult`1[ThucLuc.Api.Common.Models.ApiResponse`1[ThucLuc.Application.Features.DonVi.DonViDto]]] GetById(Int64, System.Threading.CancellationToken) on controller ThucLuc.Api.Controllers.V1.DonViController (ThucLuc.Api).
2026-04-14 16:54:20.672 +07:00 [INF] Executed action ThucLuc.Api.Controllers.V1.MauBaoCaoController.GetAll (ThucLuc.Api) in 52.9366ms
2026-04-14 16:54:20.674 +07:00 [INF] Request finished HTTP/1.1 GET http://localhost:5283/api/v1/don-vi/2001 - 200 null application/json; charset=utf-8 82.5811ms
2026-04-14 16:54:20.676 +07:00 [INF] Executed endpoint 'ThucLuc.Api.Controllers.V1.MauBaoCaoController.GetAll (ThucLuc.Api)'
2026-04-14 16:54:20.678 +07:00 [INF] Executing OkObjectResult, writing value of type 'ThucLuc.Api.Common.Models.ApiResponse`1[[System.Collections.Generic.IReadOnlyCollection`1[[ThucLuc.Application.Features.DaoTaoBoiDuong.DaoTaoBoiDuongDto, ThucLuc.Application, Version=1.0.0.0, Culture=neutral, PublicKeyToken=null]], System.Private.CoreLib, Version=8.0.0.0, Culture=neutral, PublicKeyToken=7cec85d7bea7798e]]'.
2026-04-14 16:54:20.680 +07:00 [INF] HTTP GET /api/v1/mau-bao-cao => 200 in 75.4464 ms CorrelationId=34cfb6293dd542c4a4374b257c69e0ce UserId=5001
2026-04-14 16:54:20.681 +07:00 [INF] Executed action ThucLuc.Api.Controllers.V1.DaoTaoBoiDuongController.GetAll (ThucLuc.Api) in 49.2297ms
2026-04-14 16:54:20.683 +07:00 [INF] HTTP GET /api/v1/mau-bao-cao responded 200 in 78.4088 ms
2026-04-14 16:54:20.684 +07:00 [INF] Executed endpoint 'ThucLuc.Api.Controllers.V1.DaoTaoBoiDuongController.GetAll (ThucLuc.Api)'
2026-04-14 16:54:20.685 +07:00 [INF] Request finished HTTP/1.1 GET http://localhost:5283/api/v1/mau-bao-cao?includeInactive=true - 200 null application/json; charset=utf-8 89.5763ms
2026-04-14 16:54:20.686 +07:00 [INF] HTTP GET /api/v1/dao-tao-boi-duong => 200 in 60.8404 ms CorrelationId=11213de4a5ad46898a06dc5845958fa4 UserId=5001
2026-04-14 16:54:20.690 +07:00 [INF] HTTP GET /api/v1/dao-tao-boi-duong responded 200 in 64.2192 ms
2026-04-14 16:54:20.691 +07:00 [INF] Request finished HTTP/1.1 GET http://localhost:5283/api/v1/dao-tao-boi-duong - 200 null application/json; charset=utf-8 67.8743ms
2026-04-14 16:54:20.722 +07:00 [INF] Executing OkObjectResult, writing value of type 'ThucLuc.Api.Common.Models.ApiResponse`1[[ThucLuc.Application.Features.DonVi.DonViDto, ThucLuc.Application, Version=1.0.0.0, Culture=neutral, PublicKeyToken=null]]'.
2026-04-14 16:54:20.723 +07:00 [INF] Executed action ThucLuc.Api.Controllers.V1.DonViController.GetById (ThucLuc.Api) in 47.9551ms
2026-04-14 16:54:20.724 +07:00 [INF] Executed endpoint 'ThucLuc.Api.Controllers.V1.DonViController.GetById (ThucLuc.Api)'
2026-04-14 16:54:20.725 +07:00 [INF] HTTP GET /api/v1/don-vi/2001 => 200 in 58.1059 ms CorrelationId=75c2a7de1b3844839bdfefedd13ce4fe UserId=5001
2026-04-14 16:54:20.726 +07:00 [INF] HTTP GET /api/v1/don-vi/2001 responded 200 in 59.4424 ms
2026-04-14 16:54:20.727 +07:00 [INF] Request finished HTTP/1.1 GET http://localhost:5283/api/v1/don-vi/2001 - 200 null application/json; charset=utf-8 62.9693ms
2026-04-14 16:56:52.753 +07:00 [INF] Request starting HTTP/1.1 OPTIONS http://localhost:5283/api/v1/mau-bao-cao?includeInactive=true - null null
2026-04-14 16:56:52.753 +07:00 [INF] Request starting HTTP/1.1 OPTIONS http://localhost:5283/api/v1/mau-bao-cao/module-catalog - null null
2026-04-14 16:56:52.757 +07:00 [INF] CORS policy execution successful.
2026-04-14 16:56:52.764 +07:00 [INF] HTTP OPTIONS /api/v1/mau-bao-cao => 204 in 6.4971 ms CorrelationId=b1c7ec549cc84494949b408f5f44558a UserId=anonymous
2026-04-14 16:56:52.760 +07:00 [INF] CORS policy execution successful.
2026-04-14 16:56:52.767 +07:00 [INF] HTTP OPTIONS /api/v1/mau-bao-cao responded 204 in 9.4966 ms
2026-04-14 16:56:52.767 +07:00 [INF] HTTP OPTIONS /api/v1/mau-bao-cao/module-catalog => 204 in 7.4338 ms CorrelationId=c1ab6bfbd36a4a6287c55200a911024e UserId=anonymous
2026-04-14 16:56:52.769 +07:00 [INF] Request finished HTTP/1.1 OPTIONS http://localhost:5283/api/v1/mau-bao-cao?includeInactive=true - 204 null null 16.4848ms
2026-04-14 16:56:52.771 +07:00 [INF] HTTP OPTIONS /api/v1/mau-bao-cao/module-catalog responded 204 in 11.1606 ms
2026-04-14 16:56:52.774 +07:00 [INF] Request starting HTTP/1.1 GET http://localhost:5283/api/v1/mau-bao-cao?includeInactive=true - null null
2026-04-14 16:56:52.776 +07:00 [INF] Request finished HTTP/1.1 OPTIONS http://localhost:5283/api/v1/mau-bao-cao/module-catalog - 204 null null 22.4219ms
2026-04-14 16:56:52.778 +07:00 [INF] CORS policy execution successful.
2026-04-14 16:56:52.780 +07:00 [INF] Request starting HTTP/1.1 GET http://localhost:5283/api/v1/mau-bao-cao/module-catalog - null null
2026-04-14 16:56:52.780 +07:00 [INF] Executing endpoint 'ThucLuc.Api.Controllers.V1.MauBaoCaoController.GetAll (ThucLuc.Api)'
2026-04-14 16:56:52.782 +07:00 [INF] CORS policy execution successful.
2026-04-14 16:56:52.783 +07:00 [INF] Route matched with {action = "GetAll", controller = "MauBaoCao"}. Executing controller action with signature System.Threading.Tasks.Task`1[Microsoft.AspNetCore.Mvc.ActionResult`1[ThucLuc.Api.Common.Models.ApiResponse`1[System.Collections.Generic.IReadOnlyCollection`1[ThucLuc.Application.Features.MauBaoCao.MauBaoCaoDto]]]] GetAll(Boolean, System.Threading.CancellationToken) on controller ThucLuc.Api.Controllers.V1.MauBaoCaoController (ThucLuc.Api).
2026-04-14 16:56:52.784 +07:00 [INF] Executing endpoint 'ThucLuc.Api.Controllers.V1.MauBaoCaoController.GetModuleCatalog (ThucLuc.Api)'
2026-04-14 16:56:52.786 +07:00 [INF] Route matched with {action = "GetModuleCatalog", controller = "MauBaoCao"}. Executing controller action with signature System.Threading.Tasks.Task`1[Microsoft.AspNetCore.Mvc.ActionResult`1[ThucLuc.Api.Common.Models.ApiResponse`1[System.Collections.Generic.IReadOnlyCollection`1[ThucLuc.Application.Features.MauBaoCao.MauBaoCaoModuleCatalogGroupDto]]]] GetModuleCatalog(System.Threading.CancellationToken) on controller ThucLuc.Api.Controllers.V1.MauBaoCaoController (ThucLuc.Api).
2026-04-14 16:56:52.787 +07:00 [INF] Executing OkObjectResult, writing value of type 'ThucLuc.Api.Common.Models.ApiResponse`1[[System.Collections.Generic.IReadOnlyCollection`1[[ThucLuc.Application.Features.MauBaoCao.MauBaoCaoModuleCatalogGroupDto, ThucLuc.Application, Version=1.0.0.0, Culture=neutral, PublicKeyToken=null]], System.Private.CoreLib, Version=8.0.0.0, Culture=neutral, PublicKeyToken=7cec85d7bea7798e]]'.
2026-04-14 16:56:52.788 +07:00 [INF] Executed action ThucLuc.Api.Controllers.V1.MauBaoCaoController.GetModuleCatalog (ThucLuc.Api) in 1.4276ms
2026-04-14 16:56:52.790 +07:00 [INF] Executed endpoint 'ThucLuc.Api.Controllers.V1.MauBaoCaoController.GetModuleCatalog (ThucLuc.Api)'
2026-04-14 16:56:52.791 +07:00 [INF] HTTP GET /api/v1/mau-bao-cao/module-catalog => 200 in 8.8055 ms CorrelationId=4252caa3959343a48fce835fec956410 UserId=5001
2026-04-14 16:56:52.792 +07:00 [INF] HTTP GET /api/v1/mau-bao-cao/module-catalog responded 200 in 10.3980 ms
2026-04-14 16:56:52.793 +07:00 [INF] Request finished HTTP/1.1 GET http://localhost:5283/api/v1/mau-bao-cao/module-catalog - 200 null application/json; charset=utf-8 13.5498ms
2026-04-14 16:56:52.832 +07:00 [INF] Executing OkObjectResult, writing value of type 'ThucLuc.Api.Common.Models.ApiResponse`1[[System.Collections.Generic.IReadOnlyCollection`1[[ThucLuc.Application.Features.MauBaoCao.MauBaoCaoDto, ThucLuc.Application, Version=1.0.0.0, Culture=neutral, PublicKeyToken=null]], System.Private.CoreLib, Version=8.0.0.0, Culture=neutral, PublicKeyToken=7cec85d7bea7798e]]'.
2026-04-14 16:56:52.833 +07:00 [INF] Executed action ThucLuc.Api.Controllers.V1.MauBaoCaoController.GetAll (ThucLuc.Api) in 47.7914ms
2026-04-14 16:56:52.834 +07:00 [INF] Executed endpoint 'ThucLuc.Api.Controllers.V1.MauBaoCaoController.GetAll (ThucLuc.Api)'
2026-04-14 16:56:52.835 +07:00 [INF] HTTP GET /api/v1/mau-bao-cao => 200 in 56.8517 ms CorrelationId=8724046f85c0451abe4e57fce470be9a UserId=5001
2026-04-14 16:56:52.836 +07:00 [INF] HTTP GET /api/v1/mau-bao-cao responded 200 in 58.1476 ms
2026-04-14 16:56:52.837 +07:00 [INF] Request finished HTTP/1.1 GET http://localhost:5283/api/v1/mau-bao-cao?includeInactive=true - 200 null application/json; charset=utf-8 62.4731ms
2026-04-14 16:57:10.424 +07:00 [INF] Request starting HTTP/1.1 OPTIONS http://localhost:5283/api/v1/dao-tao-boi-duong - null null
2026-04-14 16:57:10.426 +07:00 [INF] CORS policy execution successful.
2026-04-14 16:57:10.427 +07:00 [INF] HTTP OPTIONS /api/v1/dao-tao-boi-duong => 204 in 0.6046 ms CorrelationId=16b66d1cdefc4ecf90e52d2f8f3451cc UserId=anonymous
2026-04-14 16:57:10.428 +07:00 [INF] HTTP OPTIONS /api/v1/dao-tao-boi-duong responded 204 in 2.1577 ms
2026-04-14 16:57:10.429 +07:00 [INF] Request finished HTTP/1.1 OPTIONS http://localhost:5283/api/v1/dao-tao-boi-duong - 204 null null 5.622ms
2026-04-14 16:57:10.432 +07:00 [INF] Request starting HTTP/1.1 GET http://localhost:5283/api/v1/dao-tao-boi-duong - null null
2026-04-14 16:57:10.433 +07:00 [INF] CORS policy execution successful.
2026-04-14 16:57:10.434 +07:00 [INF] Executing endpoint 'ThucLuc.Api.Controllers.V1.DaoTaoBoiDuongController.GetAll (ThucLuc.Api)'
2026-04-14 16:57:10.435 +07:00 [INF] Route matched with {action = "GetAll", controller = "DaoTaoBoiDuong"}. Executing controller action with signature System.Threading.Tasks.Task`1[Microsoft.AspNetCore.Mvc.ActionResult`1[ThucLuc.Api.Common.Models.ApiResponse`1[System.Collections.Generic.IReadOnlyCollection`1[ThucLuc.Application.Features.DaoTaoBoiDuong.DaoTaoBoiDuongDto]]]] GetAll(System.Threading.CancellationToken) on controller ThucLuc.Api.Controllers.V1.DaoTaoBoiDuongController (ThucLuc.Api).
2026-04-14 16:57:10.483 +07:00 [INF] Executing OkObjectResult, writing value of type 'ThucLuc.Api.Common.Models.ApiResponse`1[[System.Collections.Generic.IReadOnlyCollection`1[[ThucLuc.Application.Features.DaoTaoBoiDuong.DaoTaoBoiDuongDto, ThucLuc.Application, Version=1.0.0.0, Culture=neutral, PublicKeyToken=null]], System.Private.CoreLib, Version=8.0.0.0, Culture=neutral, PublicKeyToken=7cec85d7bea7798e]]'.
2026-04-14 16:57:10.484 +07:00 [INF] Executed action ThucLuc.Api.Controllers.V1.DaoTaoBoiDuongController.GetAll (ThucLuc.Api) in 47.1329ms
2026-04-14 16:57:10.485 +07:00 [INF] Executed endpoint 'ThucLuc.Api.Controllers.V1.DaoTaoBoiDuongController.GetAll (ThucLuc.Api)'
2026-04-14 16:57:10.485 +07:00 [INF] HTTP GET /api/v1/dao-tao-boi-duong => 200 in 51.8626 ms CorrelationId=0bee113d0b524113b1603e0e72520d54 UserId=5001
2026-04-14 16:57:10.486 +07:00 [INF] HTTP GET /api/v1/dao-tao-boi-duong responded 200 in 52.9251 ms
2026-04-14 16:57:10.487 +07:00 [INF] Request finished HTTP/1.1 GET http://localhost:5283/api/v1/dao-tao-boi-duong - 200 null application/json; charset=utf-8 55.2558ms
2026-04-14 16:57:15.084 +07:00 [INF] Request starting HTTP/1.1 OPTIONS http://localhost:5283/api/v1/codes/by-code/NOI_DUNG_DAO_TAO_HV - null null
2026-04-14 16:57:15.086 +07:00 [INF] CORS policy execution successful.
2026-04-14 16:57:15.086 +07:00 [INF] HTTP OPTIONS /api/v1/codes/by-code/NOI_DUNG_DAO_TAO_HV => 204 in 0.3913 ms CorrelationId=27a6d99916e94ede8a1094466442abe7 UserId=anonymous
2026-04-14 16:57:15.088 +07:00 [INF] HTTP OPTIONS /api/v1/codes/by-code/NOI_DUNG_DAO_TAO_HV responded 204 in 2.0885 ms
2026-04-14 16:57:15.090 +07:00 [INF] Request finished HTTP/1.1 OPTIONS http://localhost:5283/api/v1/codes/by-code/NOI_DUNG_DAO_TAO_HV - 204 null null 6.2532ms
2026-04-14 16:57:15.092 +07:00 [INF] Request starting HTTP/1.1 GET http://localhost:5283/api/v1/codes/by-code/NOI_DUNG_DAO_TAO_HV - null null
2026-04-14 16:57:15.093 +07:00 [INF] CORS policy execution successful.
2026-04-14 16:57:15.094 +07:00 [INF] Executing endpoint 'ThucLuc.Api.Controllers.V1.CodesController.GetByCode (ThucLuc.Api)'
2026-04-14 16:57:15.094 +07:00 [INF] Route matched with {action = "GetByCode", controller = "Codes"}. Executing controller action with signature System.Threading.Tasks.Task`1[Microsoft.AspNetCore.Mvc.ActionResult`1[ThucLuc.Api.Common.Models.ApiResponse`1[ThucLuc.Application.Features.Codes.CodeDto]]] GetByCode(System.String, System.Threading.CancellationToken) on controller ThucLuc.Api.Controllers.V1.CodesController (ThucLuc.Api).
2026-04-14 16:57:15.140 +07:00 [INF] Executing OkObjectResult, writing value of type 'ThucLuc.Api.Common.Models.ApiResponse`1[[ThucLuc.Application.Features.Codes.CodeDto, ThucLuc.Application, Version=1.0.0.0, Culture=neutral, PublicKeyToken=null]]'.
2026-04-14 16:57:15.141 +07:00 [INF] Executed action ThucLuc.Api.Controllers.V1.CodesController.GetByCode (ThucLuc.Api) in 45.7309ms
2026-04-14 16:57:15.142 +07:00 [INF] Executed endpoint 'ThucLuc.Api.Controllers.V1.CodesController.GetByCode (ThucLuc.Api)'
2026-04-14 16:57:15.143 +07:00 [INF] HTTP GET /api/v1/codes/by-code/NOI_DUNG_DAO_TAO_HV => 200 in 49.6239 ms CorrelationId=3e1bd6a379054fcd86d01352afd90704 UserId=5001
2026-04-14 16:57:15.144 +07:00 [INF] HTTP GET /api/v1/codes/by-code/NOI_DUNG_DAO_TAO_HV responded 200 in 50.6173 ms
2026-04-14 16:57:15.145 +07:00 [INF] Request finished HTTP/1.1 GET http://localhost:5283/api/v1/codes/by-code/NOI_DUNG_DAO_TAO_HV - 200 null application/json; charset=utf-8 52.5156ms
2026-04-14 16:57:15.146 +07:00 [INF] Request starting HTTP/1.1 OPTIONS http://localhost:5283/api/v1/dao-tao-hoc-vien?kyCode=2026Q1 - null null
2026-04-14 16:57:15.148 +07:00 [INF] CORS policy execution successful.
2026-04-14 16:57:15.148 +07:00 [INF] HTTP OPTIONS /api/v1/dao-tao-hoc-vien => 204 in 0.4237 ms CorrelationId=85e2af1cd7c846479551aea97b6d0e5b UserId=anonymous
2026-04-14 16:57:15.149 +07:00 [INF] HTTP OPTIONS /api/v1/dao-tao-hoc-vien responded 204 in 1.3484 ms
2026-04-14 16:57:15.150 +07:00 [INF] Request finished HTTP/1.1 OPTIONS http://localhost:5283/api/v1/dao-tao-hoc-vien?kyCode=2026Q1 - 204 null null 3.3781ms
2026-04-14 16:57:15.151 +07:00 [INF] Request starting HTTP/1.1 GET http://localhost:5283/api/v1/dao-tao-hoc-vien?kyCode=2026Q1 - null null
2026-04-14 16:57:15.153 +07:00 [INF] CORS policy execution successful.
2026-04-14 16:57:15.153 +07:00 [INF] Executing endpoint 'ThucLuc.Api.Controllers.V1.DaoTaoHocVienController.GetAll (ThucLuc.Api)'
2026-04-14 16:57:15.154 +07:00 [INF] Route matched with {action = "GetAll", controller = "DaoTaoHocVien"}. Executing controller action with signature System.Threading.Tasks.Task`1[Microsoft.AspNetCore.Mvc.ActionResult`1[ThucLuc.Api.Common.Models.ApiResponse`1[System.Collections.Generic.IReadOnlyCollection`1[ThucLuc.Application.Features.DaoTaoHocVien.DaoTaoHocVienDto]]]] GetAll(System.Nullable`1[System.Int32], System.Threading.CancellationToken) on controller ThucLuc.Api.Controllers.V1.DaoTaoHocVienController (ThucLuc.Api).
2026-04-14 16:57:15.203 +07:00 [INF] Executing OkObjectResult, writing value of type 'ThucLuc.Api.Common.Models.ApiResponse`1[[System.Collections.Generic.IReadOnlyCollection`1[[ThucLuc.Application.Features.DaoTaoHocVien.DaoTaoHocVienDto, ThucLuc.Application, Version=1.0.0.0, Culture=neutral, PublicKeyToken=null]], System.Private.CoreLib, Version=8.0.0.0, Culture=neutral, PublicKeyToken=7cec85d7bea7798e]]'.
2026-04-14 16:57:15.204 +07:00 [INF] Executed action ThucLuc.Api.Controllers.V1.DaoTaoHocVienController.GetAll (ThucLuc.Api) in 48.1373ms
2026-04-14 16:57:15.205 +07:00 [INF] Executed endpoint 'ThucLuc.Api.Controllers.V1.DaoTaoHocVienController.GetAll (ThucLuc.Api)'
2026-04-14 16:57:15.206 +07:00 [INF] HTTP GET /api/v1/dao-tao-hoc-vien => 200 in 53.5702 ms CorrelationId=3fcdcf6425c54b8ea5747d2f073642a4 UserId=5001
2026-04-14 16:57:15.208 +07:00 [INF] HTTP GET /api/v1/dao-tao-hoc-vien responded 200 in 54.8228 ms
2026-04-14 16:57:15.208 +07:00 [INF] Request finished HTTP/1.1 GET http://localhost:5283/api/v1/dao-tao-hoc-vien?kyCode=2026Q1 - 200 null application/json; charset=utf-8 57.0627ms
2026-04-14 16:57:42.082 +07:00 [INF] Request starting HTTP/1.1 OPTIONS http://localhost:5283/api/v1/don-vi/2001 - null null
2026-04-14 16:57:42.084 +07:00 [INF] CORS policy execution successful.
2026-04-14 16:57:42.085 +07:00 [INF] HTTP OPTIONS /api/v1/don-vi/2001 => 204 in 0.5976 ms CorrelationId=77d1873b16e34e57a7658d5dc1f8c561 UserId=anonymous
2026-04-14 16:57:42.085 +07:00 [INF] Request starting HTTP/1.1 OPTIONS http://localhost:5283/api/v1/codes/by-code/NOI_DUNG_DAO_TAO_HV - null null
2026-04-14 16:57:42.087 +07:00 [INF] HTTP OPTIONS /api/v1/don-vi/2001 responded 204 in 2.8718 ms
2026-04-14 16:57:42.090 +07:00 [INF] CORS policy execution successful.
2026-04-14 16:57:42.092 +07:00 [INF] Request finished HTTP/1.1 OPTIONS http://localhost:5283/api/v1/don-vi/2001 - 204 null null 9.6396ms
2026-04-14 16:57:42.092 +07:00 [INF] HTTP OPTIONS /api/v1/codes/by-code/NOI_DUNG_DAO_TAO_HV => 204 in 2.1043 ms CorrelationId=81c1e834081e47bd89c7d19e8772c959 UserId=anonymous
2026-04-14 16:57:42.095 +07:00 [INF] Request starting HTTP/1.1 GET http://localhost:5283/api/v1/don-vi/2001 - null null
2026-04-14 16:57:42.096 +07:00 [INF] HTTP OPTIONS /api/v1/codes/by-code/NOI_DUNG_DAO_TAO_HV responded 204 in 6.0933 ms
2026-04-14 16:57:42.098 +07:00 [INF] CORS policy execution successful.
2026-04-14 16:57:42.099 +07:00 [INF] Request finished HTTP/1.1 OPTIONS http://localhost:5283/api/v1/codes/by-code/NOI_DUNG_DAO_TAO_HV - 204 null null 13.9068ms
2026-04-14 16:57:42.100 +07:00 [INF] Executing endpoint 'ThucLuc.Api.Controllers.V1.DonViController.GetById (ThucLuc.Api)'
2026-04-14 16:57:42.102 +07:00 [INF] Request starting HTTP/1.1 GET http://localhost:5283/api/v1/codes/by-code/NOI_DUNG_DAO_TAO_HV - null null
2026-04-14 16:57:42.104 +07:00 [INF] Route matched with {action = "GetById", controller = "DonVi"}. Executing controller action with signature System.Threading.Tasks.Task`1[Microsoft.AspNetCore.Mvc.ActionResult`1[ThucLuc.Api.Common.Models.ApiResponse`1[ThucLuc.Application.Features.DonVi.DonViDto]]] GetById(Int64, System.Threading.CancellationToken) on controller ThucLuc.Api.Controllers.V1.DonViController (ThucLuc.Api).
2026-04-14 16:57:42.106 +07:00 [INF] CORS policy execution successful.
2026-04-14 16:57:42.109 +07:00 [INF] Executing endpoint 'ThucLuc.Api.Controllers.V1.CodesController.GetByCode (ThucLuc.Api)'
2026-04-14 16:57:42.110 +07:00 [INF] Route matched with {action = "GetByCode", controller = "Codes"}. Executing controller action with signature System.Threading.Tasks.Task`1[Microsoft.AspNetCore.Mvc.ActionResult`1[ThucLuc.Api.Common.Models.ApiResponse`1[ThucLuc.Application.Features.Codes.CodeDto]]] GetByCode(System.String, System.Threading.CancellationToken) on controller ThucLuc.Api.Controllers.V1.CodesController (ThucLuc.Api).
2026-04-14 16:57:42.155 +07:00 [INF] Executing OkObjectResult, writing value of type 'ThucLuc.Api.Common.Models.ApiResponse`1[[ThucLuc.Application.Features.DonVi.DonViDto, ThucLuc.Application, Version=1.0.0.0, Culture=neutral, PublicKeyToken=null]]'.
2026-04-14 16:57:42.156 +07:00 [INF] Executed action ThucLuc.Api.Controllers.V1.DonViController.GetById (ThucLuc.Api) in 48.2114ms
2026-04-14 16:57:42.157 +07:00 [INF] Executed endpoint 'ThucLuc.Api.Controllers.V1.DonViController.GetById (ThucLuc.Api)'
2026-04-14 16:57:42.158 +07:00 [INF] HTTP GET /api/v1/don-vi/2001 => 200 in 60.3826 ms CorrelationId=e6474f3e1ca64174a081d48eedb397b5 UserId=5001
2026-04-14 16:57:42.159 +07:00 [INF] Executing OkObjectResult, writing value of type 'ThucLuc.Api.Common.Models.ApiResponse`1[[ThucLuc.Application.Features.Codes.CodeDto, ThucLuc.Application, Version=1.0.0.0, Culture=neutral, PublicKeyToken=null]]'.
2026-04-14 16:57:42.161 +07:00 [INF] HTTP GET /api/v1/don-vi/2001 responded 200 in 62.6545 ms
2026-04-14 16:57:42.162 +07:00 [INF] Executed action ThucLuc.Api.Controllers.V1.CodesController.GetByCode (ThucLuc.Api) in 50.0249ms
2026-04-14 16:57:42.164 +07:00 [INF] Request finished HTTP/1.1 GET http://localhost:5283/api/v1/don-vi/2001 - 200 null application/json; charset=utf-8 68.9233ms
2026-04-14 16:57:42.165 +07:00 [INF] Executed endpoint 'ThucLuc.Api.Controllers.V1.CodesController.GetByCode (ThucLuc.Api)'
2026-04-14 16:57:42.168 +07:00 [INF] HTTP GET /api/v1/codes/by-code/NOI_DUNG_DAO_TAO_HV => 200 in 62.1811 ms CorrelationId=0bc82bd9593b404ebd0ad8f0ab74dfdf UserId=5001
2026-04-14 16:57:42.170 +07:00 [INF] HTTP GET /api/v1/codes/by-code/NOI_DUNG_DAO_TAO_HV responded 200 in 64.3972 ms
2026-04-14 16:57:42.171 +07:00 [INF] Request finished HTTP/1.1 GET http://localhost:5283/api/v1/codes/by-code/NOI_DUNG_DAO_TAO_HV - 200 null application/json; charset=utf-8 69.8707ms
2026-04-14 16:57:42.175 +07:00 [INF] Request starting HTTP/1.1 OPTIONS http://localhost:5283/api/v1/dao-tao-hoc-vien?kyCode=2026Q1 - null null
2026-04-14 16:57:42.177 +07:00 [INF] CORS policy execution successful.
2026-04-14 16:57:42.178 +07:00 [INF] HTTP OPTIONS /api/v1/dao-tao-hoc-vien => 204 in 0.9964 ms CorrelationId=6c04290bf7ab4fbca2bdf6705c319eeb UserId=anonymous
2026-04-14 16:57:42.180 +07:00 [INF] HTTP OPTIONS /api/v1/dao-tao-hoc-vien responded 204 in 2.8567 ms
2026-04-14 16:57:42.181 +07:00 [INF] Request finished HTTP/1.1 OPTIONS http://localhost:5283/api/v1/dao-tao-hoc-vien?kyCode=2026Q1 - 204 null null 6.2842ms
2026-04-14 16:57:42.184 +07:00 [INF] Request starting HTTP/1.1 GET http://localhost:5283/api/v1/dao-tao-hoc-vien?kyCode=2026Q1 - null null
2026-04-14 16:57:42.185 +07:00 [INF] CORS policy execution successful.
2026-04-14 16:57:42.186 +07:00 [INF] Executing endpoint 'ThucLuc.Api.Controllers.V1.DaoTaoHocVienController.GetAll (ThucLuc.Api)'
2026-04-14 16:57:42.188 +07:00 [INF] Route matched with {action = "GetAll", controller = "DaoTaoHocVien"}. Executing controller action with signature System.Threading.Tasks.Task`1[Microsoft.AspNetCore.Mvc.ActionResult`1[ThucLuc.Api.Common.Models.ApiResponse`1[System.Collections.Generic.IReadOnlyCollection`1[ThucLuc.Application.Features.DaoTaoHocVien.DaoTaoHocVienDto]]]] GetAll(System.Nullable`1[System.Int32], System.Threading.CancellationToken) on controller ThucLuc.Api.Controllers.V1.DaoTaoHocVienController (ThucLuc.Api).
2026-04-14 16:57:42.194 +07:00 [INF] Executing OkObjectResult, writing value of type 'ThucLuc.Api.Common.Models.ApiResponse`1[[System.Collections.Generic.IReadOnlyCollection`1[[ThucLuc.Application.Features.DaoTaoHocVien.DaoTaoHocVienDto, ThucLuc.Application, Version=1.0.0.0, Culture=neutral, PublicKeyToken=null]], System.Private.CoreLib, Version=8.0.0.0, Culture=neutral, PublicKeyToken=7cec85d7bea7798e]]'.
2026-04-14 16:57:42.195 +07:00 [INF] Executed action ThucLuc.Api.Controllers.V1.DaoTaoHocVienController.GetAll (ThucLuc.Api) in 3.5621ms
2026-04-14 16:57:42.196 +07:00 [INF] Executed endpoint 'ThucLuc.Api.Controllers.V1.DaoTaoHocVienController.GetAll (ThucLuc.Api)'
2026-04-14 16:57:42.197 +07:00 [INF] HTTP GET /api/v1/dao-tao-hoc-vien => 200 in 12.4234 ms CorrelationId=89e945ed5a5b4690b6b86976f9bab89b UserId=5001
2026-04-14 16:57:42.200 +07:00 [INF] HTTP GET /api/v1/dao-tao-hoc-vien responded 200 in 14.7376 ms
2026-04-14 16:57:42.202 +07:00 [INF] Request finished HTTP/1.1 GET http://localhost:5283/api/v1/dao-tao-hoc-vien?kyCode=2026Q1 - 200 null application/json; charset=utf-8 18.0901ms
2026-04-14 16:57:42.488 +07:00 [INF] Request starting HTTP/1.1 GET http://localhost:5283/api/v1/don-vi/2001 - null null
2026-04-14 16:57:42.490 +07:00 [INF] CORS policy execution successful.
2026-04-14 16:57:42.490 +07:00 [INF] Executing endpoint 'ThucLuc.Api.Controllers.V1.DonViController.GetById (ThucLuc.Api)'
2026-04-14 16:57:42.491 +07:00 [INF] Route matched with {action = "GetById", controller = "DonVi"}. Executing controller action with signature System.Threading.Tasks.Task`1[Microsoft.AspNetCore.Mvc.ActionResult`1[ThucLuc.Api.Common.Models.ApiResponse`1[ThucLuc.Application.Features.DonVi.DonViDto]]] GetById(Int64, System.Threading.CancellationToken) on controller ThucLuc.Api.Controllers.V1.DonViController (ThucLuc.Api).
2026-04-14 16:57:42.493 +07:00 [INF] Executing OkObjectResult, writing value of type 'ThucLuc.Api.Common.Models.ApiResponse`1[[ThucLuc.Application.Features.DonVi.DonViDto, ThucLuc.Application, Version=1.0.0.0, Culture=neutral, PublicKeyToken=null]]'.
2026-04-14 16:57:42.494 +07:00 [INF] Executed action ThucLuc.Api.Controllers.V1.DonViController.GetById (ThucLuc.Api) in 2.6267ms
2026-04-14 16:57:42.495 +07:00 [INF] Executed endpoint 'ThucLuc.Api.Controllers.V1.DonViController.GetById (ThucLuc.Api)'
2026-04-14 16:57:42.496 +07:00 [INF] HTTP GET /api/v1/don-vi/2001 => 200 in 6.2272 ms CorrelationId=0d6c9270735b48f7ad8648010a517b19 UserId=5001
2026-04-14 16:57:42.497 +07:00 [INF] Request starting HTTP/1.1 OPTIONS http://localhost:5283/api/v1/mau-bao-cao?includeInactive=true - null null
2026-04-14 16:57:42.497 +07:00 [INF] Request starting HTTP/1.1 OPTIONS http://localhost:5283/api/v1/mau-bao-cao/module-catalog - null null
2026-04-14 16:57:42.498 +07:00 [INF] HTTP GET /api/v1/don-vi/2001 responded 200 in 7.8707 ms
2026-04-14 16:57:42.499 +07:00 [INF] CORS policy execution successful.
2026-04-14 16:57:42.500 +07:00 [INF] CORS policy execution successful.
2026-04-14 16:57:42.501 +07:00 [INF] Request finished HTTP/1.1 GET http://localhost:5283/api/v1/don-vi/2001 - 200 null application/json; charset=utf-8 13.262ms
2026-04-14 16:57:42.501 +07:00 [INF] HTTP OPTIONS /api/v1/mau-bao-cao => 204 in 2.6481 ms CorrelationId=bbb39fdc523a46d4ab30c54593853155 UserId=anonymous
2026-04-14 16:57:42.502 +07:00 [INF] HTTP OPTIONS /api/v1/mau-bao-cao/module-catalog => 204 in 1.6688 ms CorrelationId=b95cd3296e5c4812b97d7efb6ac9288a UserId=anonymous
2026-04-14 16:57:42.506 +07:00 [INF] HTTP OPTIONS /api/v1/mau-bao-cao responded 204 in 6.9177 ms
2026-04-14 16:57:42.507 +07:00 [INF] HTTP OPTIONS /api/v1/mau-bao-cao/module-catalog responded 204 in 6.7052 ms
2026-04-14 16:57:42.508 +07:00 [INF] Request finished HTTP/1.1 OPTIONS http://localhost:5283/api/v1/mau-bao-cao?includeInactive=true - 204 null null 11.1245ms
2026-04-14 16:57:42.509 +07:00 [INF] Request finished HTTP/1.1 OPTIONS http://localhost:5283/api/v1/mau-bao-cao/module-catalog - 204 null null 11.4758ms
2026-04-14 16:57:42.511 +07:00 [INF] Request starting HTTP/1.1 GET http://localhost:5283/api/v1/mau-bao-cao?includeInactive=true - null null
2026-04-14 16:57:42.512 +07:00 [INF] Request starting HTTP/1.1 GET http://localhost:5283/api/v1/mau-bao-cao/module-catalog - null null
2026-04-14 16:57:42.514 +07:00 [INF] CORS policy execution successful.
2026-04-14 16:57:42.515 +07:00 [INF] CORS policy execution successful.
2026-04-14 16:57:42.516 +07:00 [INF] Executing endpoint 'ThucLuc.Api.Controllers.V1.MauBaoCaoController.GetAll (ThucLuc.Api)'
2026-04-14 16:57:42.516 +07:00 [INF] Executing endpoint 'ThucLuc.Api.Controllers.V1.MauBaoCaoController.GetModuleCatalog (ThucLuc.Api)'
2026-04-14 16:57:42.517 +07:00 [INF] Route matched with {action = "GetAll", controller = "MauBaoCao"}. Executing controller action with signature System.Threading.Tasks.Task`1[Microsoft.AspNetCore.Mvc.ActionResult`1[ThucLuc.Api.Common.Models.ApiResponse`1[System.Collections.Generic.IReadOnlyCollection`1[ThucLuc.Application.Features.MauBaoCao.MauBaoCaoDto]]]] GetAll(Boolean, System.Threading.CancellationToken) on controller ThucLuc.Api.Controllers.V1.MauBaoCaoController (ThucLuc.Api).
2026-04-14 16:57:42.518 +07:00 [INF] Route matched with {action = "GetModuleCatalog", controller = "MauBaoCao"}. Executing controller action with signature System.Threading.Tasks.Task`1[Microsoft.AspNetCore.Mvc.ActionResult`1[ThucLuc.Api.Common.Models.ApiResponse`1[System.Collections.Generic.IReadOnlyCollection`1[ThucLuc.Application.Features.MauBaoCao.MauBaoCaoModuleCatalogGroupDto]]]] GetModuleCatalog(System.Threading.CancellationToken) on controller ThucLuc.Api.Controllers.V1.MauBaoCaoController (ThucLuc.Api).
2026-04-14 16:57:42.522 +07:00 [INF] Executing OkObjectResult, writing value of type 'ThucLuc.Api.Common.Models.ApiResponse`1[[System.Collections.Generic.IReadOnlyCollection`1[[ThucLuc.Application.Features.MauBaoCao.MauBaoCaoModuleCatalogGroupDto, ThucLuc.Application, Version=1.0.0.0, Culture=neutral, PublicKeyToken=null]], System.Private.CoreLib, Version=8.0.0.0, Culture=neutral, PublicKeyToken=7cec85d7bea7798e]]'.
2026-04-14 16:57:42.523 +07:00 [INF] Executed action ThucLuc.Api.Controllers.V1.MauBaoCaoController.GetModuleCatalog (ThucLuc.Api) in 1.4065ms
2026-04-14 16:57:42.524 +07:00 [INF] Executed endpoint 'ThucLuc.Api.Controllers.V1.MauBaoCaoController.GetModuleCatalog (ThucLuc.Api)'
2026-04-14 16:57:42.524 +07:00 [INF] Executing OkObjectResult, writing value of type 'ThucLuc.Api.Common.Models.ApiResponse`1[[System.Collections.Generic.IReadOnlyCollection`1[[ThucLuc.Application.Features.MauBaoCao.MauBaoCaoDto, ThucLuc.Application, Version=1.0.0.0, Culture=neutral, PublicKeyToken=null]], System.Private.CoreLib, Version=8.0.0.0, Culture=neutral, PublicKeyToken=7cec85d7bea7798e]]'.
2026-04-14 16:57:42.525 +07:00 [INF] HTTP GET /api/v1/mau-bao-cao/module-catalog => 200 in 9.4685 ms CorrelationId=ace072b37c3542248ea511165d37fc18 UserId=5001
2026-04-14 16:57:42.525 +07:00 [INF] Executed action ThucLuc.Api.Controllers.V1.MauBaoCaoController.GetAll (ThucLuc.Api) in 6.901ms
2026-04-14 16:57:42.527 +07:00 [INF] HTTP GET /api/v1/mau-bao-cao/module-catalog responded 200 in 11.4424 ms
2026-04-14 16:57:42.527 +07:00 [INF] Executed endpoint 'ThucLuc.Api.Controllers.V1.MauBaoCaoController.GetAll (ThucLuc.Api)'
2026-04-14 16:57:42.528 +07:00 [INF] Request finished HTTP/1.1 GET http://localhost:5283/api/v1/mau-bao-cao/module-catalog - 200 null application/json; charset=utf-8 16.1707ms
2026-04-14 16:57:42.529 +07:00 [INF] HTTP GET /api/v1/mau-bao-cao => 200 in 15.6244 ms CorrelationId=2dfecf05a7af4047a129adde4134c129 UserId=5001
2026-04-14 16:57:42.532 +07:00 [INF] HTTP GET /api/v1/mau-bao-cao responded 200 in 18.2643 ms
2026-04-14 16:57:42.533 +07:00 [INF] Request finished HTTP/1.1 GET http://localhost:5283/api/v1/mau-bao-cao?includeInactive=true - 200 null application/json; charset=utf-8 22.3322ms
2026-04-14 17:00:53.006 +07:00 [INF] Request starting HTTP/1.1 OPTIONS http://localhost:5283/api/v1/don-vi/2001 - null null
2026-04-14 17:00:53.007 +07:00 [INF] CORS policy execution successful.
2026-04-14 17:00:53.008 +07:00 [INF] HTTP OPTIONS /api/v1/don-vi/2001 => 204 in 0.4487 ms CorrelationId=4f15b32224f24ce6ba8ca8cae790a65e UserId=anonymous
2026-04-14 17:00:53.009 +07:00 [INF] HTTP OPTIONS /api/v1/don-vi/2001 responded 204 in 1.6876 ms
2026-04-14 17:00:53.009 +07:00 [INF] Request starting HTTP/1.1 OPTIONS http://localhost:5283/api/v1/codes/by-code/NOI_DUNG_DAO_TAO_HV - null null
2026-04-14 17:00:53.013 +07:00 [INF] Request finished HTTP/1.1 OPTIONS http://localhost:5283/api/v1/don-vi/2001 - 204 null null 6.9609ms
2026-04-14 17:00:53.015 +07:00 [INF] CORS policy execution successful.
2026-04-14 17:00:53.018 +07:00 [INF] Request starting HTTP/1.1 GET http://localhost:5283/api/v1/don-vi/2001 - null null
2026-04-14 17:00:53.018 +07:00 [INF] HTTP OPTIONS /api/v1/codes/by-code/NOI_DUNG_DAO_TAO_HV => 204 in 2.9996 ms CorrelationId=6794a673640d40fea30deb09901e5550 UserId=anonymous
2026-04-14 17:00:53.020 +07:00 [INF] CORS policy execution successful.
2026-04-14 17:00:53.021 +07:00 [INF] HTTP OPTIONS /api/v1/codes/by-code/NOI_DUNG_DAO_TAO_HV responded 204 in 5.7056 ms
2026-04-14 17:00:53.022 +07:00 [INF] Executing endpoint 'ThucLuc.Api.Controllers.V1.DonViController.GetById (ThucLuc.Api)'
2026-04-14 17:00:53.023 +07:00 [INF] Request finished HTTP/1.1 OPTIONS http://localhost:5283/api/v1/codes/by-code/NOI_DUNG_DAO_TAO_HV - 204 null null 13.2184ms
2026-04-14 17:00:53.024 +07:00 [INF] Route matched with {action = "GetById", controller = "DonVi"}. Executing controller action with signature System.Threading.Tasks.Task`1[Microsoft.AspNetCore.Mvc.ActionResult`1[ThucLuc.Api.Common.Models.ApiResponse`1[ThucLuc.Application.Features.DonVi.DonViDto]]] GetById(Int64, System.Threading.CancellationToken) on controller ThucLuc.Api.Controllers.V1.DonViController (ThucLuc.Api).
2026-04-14 17:00:53.026 +07:00 [INF] Request starting HTTP/1.1 GET http://localhost:5283/api/v1/codes/by-code/NOI_DUNG_DAO_TAO_HV - null null
2026-04-14 17:00:53.030 +07:00 [INF] CORS policy execution successful.
2026-04-14 17:00:53.031 +07:00 [INF] Executing endpoint 'ThucLuc.Api.Controllers.V1.CodesController.GetByCode (ThucLuc.Api)'
2026-04-14 17:00:53.032 +07:00 [INF] Route matched with {action = "GetByCode", controller = "Codes"}. Executing controller action with signature System.Threading.Tasks.Task`1[Microsoft.AspNetCore.Mvc.ActionResult`1[ThucLuc.Api.Common.Models.ApiResponse`1[ThucLuc.Application.Features.Codes.CodeDto]]] GetByCode(System.String, System.Threading.CancellationToken) on controller ThucLuc.Api.Controllers.V1.CodesController (ThucLuc.Api).
2026-04-14 17:00:53.074 +07:00 [INF] Executing OkObjectResult, writing value of type 'ThucLuc.Api.Common.Models.ApiResponse`1[[ThucLuc.Application.Features.DonVi.DonViDto, ThucLuc.Application, Version=1.0.0.0, Culture=neutral, PublicKeyToken=null]]'.
2026-04-14 17:00:53.076 +07:00 [INF] Executed action ThucLuc.Api.Controllers.V1.DonViController.GetById (ThucLuc.Api) in 47.6067ms
2026-04-14 17:00:53.077 +07:00 [INF] Executed endpoint 'ThucLuc.Api.Controllers.V1.DonViController.GetById (ThucLuc.Api)'
2026-04-14 17:00:53.079 +07:00 [INF] HTTP GET /api/v1/don-vi/2001 => 200 in 58.6503 ms CorrelationId=506ff4a9d8e842f4af5a0501d2624ea8 UserId=5001
2026-04-14 17:00:53.079 +07:00 [INF] Executing OkObjectResult, writing value of type 'ThucLuc.Api.Common.Models.ApiResponse`1[[ThucLuc.Application.Features.Codes.CodeDto, ThucLuc.Application, Version=1.0.0.0, Culture=neutral, PublicKeyToken=null]]'.
2026-04-14 17:00:53.081 +07:00 [INF] HTTP GET /api/v1/don-vi/2001 responded 200 in 60.8438 ms
2026-04-14 17:00:53.082 +07:00 [INF] Executed action ThucLuc.Api.Controllers.V1.CodesController.GetByCode (ThucLuc.Api) in 48.4971ms
2026-04-14 17:00:53.083 +07:00 [INF] Request finished HTTP/1.1 GET http://localhost:5283/api/v1/don-vi/2001 - 200 null application/json; charset=utf-8 65.4076ms
2026-04-14 17:00:53.085 +07:00 [INF] Executed endpoint 'ThucLuc.Api.Controllers.V1.CodesController.GetByCode (ThucLuc.Api)'
2026-04-14 17:00:53.088 +07:00 [INF] HTTP GET /api/v1/codes/by-code/NOI_DUNG_DAO_TAO_HV => 200 in 57.9021 ms CorrelationId=f43e0e2ef85d4dd69401cde3719650b7 UserId=5001
2026-04-14 17:00:53.089 +07:00 [INF] HTTP GET /api/v1/codes/by-code/NOI_DUNG_DAO_TAO_HV responded 200 in 59.2063 ms
2026-04-14 17:00:53.091 +07:00 [INF] Request finished HTTP/1.1 GET http://localhost:5283/api/v1/codes/by-code/NOI_DUNG_DAO_TAO_HV - 200 null application/json; charset=utf-8 65.0489ms
2026-04-14 17:00:53.097 +07:00 [INF] Request starting HTTP/1.1 OPTIONS http://localhost:5283/api/v1/dao-tao-hoc-vien?kyCode=2026Q1 - null null
2026-04-14 17:00:53.099 +07:00 [INF] CORS policy execution successful.
2026-04-14 17:00:53.099 +07:00 [INF] HTTP OPTIONS /api/v1/dao-tao-hoc-vien => 204 in 0.745 ms CorrelationId=a16e0df5b97247cba2e927214d6c25f2 UserId=anonymous
2026-04-14 17:00:53.101 +07:00 [INF] HTTP OPTIONS /api/v1/dao-tao-hoc-vien responded 204 in 2.6560 ms
2026-04-14 17:00:53.103 +07:00 [INF] Request finished HTTP/1.1 OPTIONS http://localhost:5283/api/v1/dao-tao-hoc-vien?kyCode=2026Q1 - 204 null null 6.3995ms
2026-04-14 17:00:53.108 +07:00 [INF] Request starting HTTP/1.1 GET http://localhost:5283/api/v1/dao-tao-hoc-vien?kyCode=2026Q1 - null null
2026-04-14 17:00:53.109 +07:00 [INF] CORS policy execution successful.
2026-04-14 17:00:53.110 +07:00 [INF] Executing endpoint 'ThucLuc.Api.Controllers.V1.DaoTaoHocVienController.GetAll (ThucLuc.Api)'
2026-04-14 17:00:53.111 +07:00 [INF] Route matched with {action = "GetAll", controller = "DaoTaoHocVien"}. Executing controller action with signature System.Threading.Tasks.Task`1[Microsoft.AspNetCore.Mvc.ActionResult`1[ThucLuc.Api.Common.Models.ApiResponse`1[System.Collections.Generic.IReadOnlyCollection`1[ThucLuc.Application.Features.DaoTaoHocVien.DaoTaoHocVienDto]]]] GetAll(System.Nullable`1[System.Int32], System.Threading.CancellationToken) on controller ThucLuc.Api.Controllers.V1.DaoTaoHocVienController (ThucLuc.Api).
2026-04-14 17:00:53.163 +07:00 [INF] Executing OkObjectResult, writing value of type 'ThucLuc.Api.Common.Models.ApiResponse`1[[System.Collections.Generic.IReadOnlyCollection`1[[ThucLuc.Application.Features.DaoTaoHocVien.DaoTaoHocVienDto, ThucLuc.Application, Version=1.0.0.0, Culture=neutral, PublicKeyToken=null]], System.Private.CoreLib, Version=8.0.0.0, Culture=neutral, PublicKeyToken=7cec85d7bea7798e]]'.
2026-04-14 17:00:53.166 +07:00 [INF] Executed action ThucLuc.Api.Controllers.V1.DaoTaoHocVienController.GetAll (ThucLuc.Api) in 52.5216ms
2026-04-14 17:00:53.169 +07:00 [INF] Executed endpoint 'ThucLuc.Api.Controllers.V1.DaoTaoHocVienController.GetAll (ThucLuc.Api)'
2026-04-14 17:00:53.170 +07:00 [INF] HTTP GET /api/v1/dao-tao-hoc-vien => 200 in 61.1275 ms CorrelationId=6fd52938acc14b2a81fefb8cfddd87ba UserId=5001
2026-04-14 17:00:53.172 +07:00 [INF] HTTP GET /api/v1/dao-tao-hoc-vien responded 200 in 62.7678 ms
2026-04-14 17:00:53.173 +07:00 [INF] Request finished HTTP/1.1 GET http://localhost:5283/api/v1/dao-tao-hoc-vien?kyCode=2026Q1 - 200 null application/json; charset=utf-8 65.7158ms
2026-04-14 17:00:53.455 +07:00 [INF] Request starting HTTP/1.1 GET http://localhost:5283/api/v1/don-vi/2001 - null null
2026-04-14 17:00:53.457 +07:00 [INF] CORS policy execution successful.
2026-04-14 17:00:53.458 +07:00 [INF] Executing endpoint 'ThucLuc.Api.Controllers.V1.DonViController.GetById (ThucLuc.Api)'
2026-04-14 17:00:53.459 +07:00 [INF] Route matched with {action = "GetById", controller = "DonVi"}. Executing controller action with signature System.Threading.Tasks.Task`1[Microsoft.AspNetCore.Mvc.ActionResult`1[ThucLuc.Api.Common.Models.ApiResponse`1[ThucLuc.Application.Features.DonVi.DonViDto]]] GetById(Int64, System.Threading.CancellationToken) on controller ThucLuc.Api.Controllers.V1.DonViController (ThucLuc.Api).
2026-04-14 17:00:53.463 +07:00 [INF] Request starting HTTP/1.1 OPTIONS http://localhost:5283/api/v1/mau-bao-cao?includeInactive=true - null null
2026-04-14 17:00:53.464 +07:00 [INF] Request starting HTTP/1.1 OPTIONS http://localhost:5283/api/v1/mau-bao-cao/module-catalog - null null
2026-04-14 17:00:53.466 +07:00 [INF] CORS policy execution successful.
2026-04-14 17:00:53.469 +07:00 [INF] CORS policy execution successful.
2026-04-14 17:00:53.469 +07:00 [INF] HTTP OPTIONS /api/v1/mau-bao-cao => 204 in 3.0073 ms CorrelationId=8375466673cf42eda04820c3ec7a9359 UserId=anonymous
2026-04-14 17:00:53.469 +07:00 [INF] HTTP OPTIONS /api/v1/mau-bao-cao/module-catalog => 204 in 0.9442 ms CorrelationId=a4f99768a6a548cea0fb8c870ac76fd4 UserId=anonymous
2026-04-14 17:00:53.471 +07:00 [INF] HTTP OPTIONS /api/v1/mau-bao-cao responded 204 in 5.0700 ms
2026-04-14 17:00:53.472 +07:00 [INF] HTTP OPTIONS /api/v1/mau-bao-cao/module-catalog responded 204 in 3.9536 ms
2026-04-14 17:00:53.473 +07:00 [INF] Request finished HTTP/1.1 OPTIONS http://localhost:5283/api/v1/mau-bao-cao?includeInactive=true - 204 null null 10.1334ms
2026-04-14 17:00:53.474 +07:00 [INF] Request finished HTTP/1.1 OPTIONS http://localhost:5283/api/v1/mau-bao-cao/module-catalog - 204 null null 10.2847ms
2026-04-14 17:00:53.476 +07:00 [INF] Request starting HTTP/1.1 GET http://localhost:5283/api/v1/mau-bao-cao/module-catalog - null null
2026-04-14 17:00:53.479 +07:00 [INF] Request starting HTTP/1.1 GET http://localhost:5283/api/v1/mau-bao-cao?includeInactive=true - null null
2026-04-14 17:00:53.481 +07:00 [INF] CORS policy execution successful.
2026-04-14 17:00:53.482 +07:00 [INF] CORS policy execution successful.
2026-04-14 17:00:53.483 +07:00 [INF] Executing endpoint 'ThucLuc.Api.Controllers.V1.MauBaoCaoController.GetModuleCatalog (ThucLuc.Api)'
2026-04-14 17:00:53.483 +07:00 [INF] Executing endpoint 'ThucLuc.Api.Controllers.V1.MauBaoCaoController.GetAll (ThucLuc.Api)'
2026-04-14 17:00:53.484 +07:00 [INF] Route matched with {action = "GetModuleCatalog", controller = "MauBaoCao"}. Executing controller action with signature System.Threading.Tasks.Task`1[Microsoft.AspNetCore.Mvc.ActionResult`1[ThucLuc.Api.Common.Models.ApiResponse`1[System.Collections.Generic.IReadOnlyCollection`1[ThucLuc.Application.Features.MauBaoCao.MauBaoCaoModuleCatalogGroupDto]]]] GetModuleCatalog(System.Threading.CancellationToken) on controller ThucLuc.Api.Controllers.V1.MauBaoCaoController (ThucLuc.Api).
2026-04-14 17:00:53.484 +07:00 [INF] Route matched with {action = "GetAll", controller = "MauBaoCao"}. Executing controller action with signature System.Threading.Tasks.Task`1[Microsoft.AspNetCore.Mvc.ActionResult`1[ThucLuc.Api.Common.Models.ApiResponse`1[System.Collections.Generic.IReadOnlyCollection`1[ThucLuc.Application.Features.MauBaoCao.MauBaoCaoDto]]]] GetAll(Boolean, System.Threading.CancellationToken) on controller ThucLuc.Api.Controllers.V1.MauBaoCaoController (ThucLuc.Api).
2026-04-14 17:00:53.486 +07:00 [INF] Executing OkObjectResult, writing value of type 'ThucLuc.Api.Common.Models.ApiResponse`1[[System.Collections.Generic.IReadOnlyCollection`1[[ThucLuc.Application.Features.MauBaoCao.MauBaoCaoModuleCatalogGroupDto, ThucLuc.Application, Version=1.0.0.0, Culture=neutral, PublicKeyToken=null]], System.Private.CoreLib, Version=8.0.0.0, Culture=neutral, PublicKeyToken=7cec85d7bea7798e]]'.
2026-04-14 17:00:53.488 +07:00 [INF] Executed action ThucLuc.Api.Controllers.V1.MauBaoCaoController.GetModuleCatalog (ThucLuc.Api) in 2.3033ms
2026-04-14 17:00:53.489 +07:00 [INF] Executed endpoint 'ThucLuc.Api.Controllers.V1.MauBaoCaoController.GetModuleCatalog (ThucLuc.Api)'
2026-04-14 17:00:53.490 +07:00 [INF] HTTP GET /api/v1/mau-bao-cao/module-catalog => 200 in 9.0293 ms CorrelationId=5957483a273747e4a050243772ca9cdc UserId=5001
2026-04-14 17:00:53.491 +07:00 [INF] HTTP GET /api/v1/mau-bao-cao/module-catalog responded 200 in 10.4433 ms
2026-04-14 17:00:53.492 +07:00 [INF] Request finished HTTP/1.1 GET http://localhost:5283/api/v1/mau-bao-cao/module-catalog - 200 null application/json; charset=utf-8 15.7989ms
2026-04-14 17:00:53.493 +07:00 [INF] Executing OkObjectResult, writing value of type 'ThucLuc.Api.Common.Models.ApiResponse`1[[System.Collections.Generic.IReadOnlyCollection`1[[ThucLuc.Application.Features.MauBaoCao.MauBaoCaoDto, ThucLuc.Application, Version=1.0.0.0, Culture=neutral, PublicKeyToken=null]], System.Private.CoreLib, Version=8.0.0.0, Culture=neutral, PublicKeyToken=7cec85d7bea7798e]]'.
2026-04-14 17:00:53.498 +07:00 [INF] Executed action ThucLuc.Api.Controllers.V1.MauBaoCaoController.GetAll (ThucLuc.Api) in 11.5885ms
2026-04-14 17:00:53.499 +07:00 [INF] Executed endpoint 'ThucLuc.Api.Controllers.V1.MauBaoCaoController.GetAll (ThucLuc.Api)'
2026-04-14 17:00:53.500 +07:00 [INF] HTTP GET /api/v1/mau-bao-cao => 200 in 18.251 ms CorrelationId=bfaf01478eb441aaaf396f68556454fd UserId=5001
2026-04-14 17:00:53.503 +07:00 [INF] HTTP GET /api/v1/mau-bao-cao responded 200 in 20.5016 ms
2026-04-14 17:00:53.504 +07:00 [INF] Request finished HTTP/1.1 GET http://localhost:5283/api/v1/mau-bao-cao?includeInactive=true - 200 null application/json; charset=utf-8 24.6601ms
2026-04-14 17:00:53.506 +07:00 [INF] Executing OkObjectResult, writing value of type 'ThucLuc.Api.Common.Models.ApiResponse`1[[ThucLuc.Application.Features.DonVi.DonViDto, ThucLuc.Application, Version=1.0.0.0, Culture=neutral, PublicKeyToken=null]]'.
2026-04-14 17:00:53.508 +07:00 [INF] Executed action ThucLuc.Api.Controllers.V1.DonViController.GetById (ThucLuc.Api) in 46.3375ms
2026-04-14 17:00:53.509 +07:00 [INF] Executed endpoint 'ThucLuc.Api.Controllers.V1.DonViController.GetById (ThucLuc.Api)'
2026-04-14 17:00:53.510 +07:00 [INF] HTTP GET /api/v1/don-vi/2001 => 200 in 52.3583 ms CorrelationId=943f41c4a71a4718b8904c06ca1c6bf0 UserId=5001
2026-04-14 17:00:53.512 +07:00 [INF] HTTP GET /api/v1/don-vi/2001 responded 200 in 55.0881 ms
2026-04-14 17:00:53.514 +07:00 [INF] Request finished HTTP/1.1 GET http://localhost:5283/api/v1/don-vi/2001 - 200 null application/json; charset=utf-8 59.0708ms
2026-04-14 17:00:55.165 +07:00 [INF] Request starting HTTP/1.1 OPTIONS http://localhost:5283/api/v1/dao-tao-boi-duong - null null
2026-04-14 17:00:55.171 +07:00 [INF] CORS policy execution successful.
2026-04-14 17:00:55.175 +07:00 [INF] HTTP OPTIONS /api/v1/dao-tao-boi-duong => 204 in 4.169 ms CorrelationId=c51e63b8d1ae4d49827fc1a5b25a8389 UserId=anonymous
2026-04-14 17:00:55.178 +07:00 [INF] HTTP OPTIONS /api/v1/dao-tao-boi-duong responded 204 in 6.7921 ms
2026-04-14 17:00:55.179 +07:00 [INF] Request finished HTTP/1.1 OPTIONS http://localhost:5283/api/v1/dao-tao-boi-duong - 204 null null 14.7544ms
2026-04-14 17:00:55.182 +07:00 [INF] Request starting HTTP/1.1 GET http://localhost:5283/api/v1/dao-tao-boi-duong - null null
2026-04-14 17:00:55.183 +07:00 [INF] CORS policy execution successful.
2026-04-14 17:00:55.184 +07:00 [INF] Executing endpoint 'ThucLuc.Api.Controllers.V1.DaoTaoBoiDuongController.GetAll (ThucLuc.Api)'
2026-04-14 17:00:55.185 +07:00 [INF] Route matched with {action = "GetAll", controller = "DaoTaoBoiDuong"}. Executing controller action with signature System.Threading.Tasks.Task`1[Microsoft.AspNetCore.Mvc.ActionResult`1[ThucLuc.Api.Common.Models.ApiResponse`1[System.Collections.Generic.IReadOnlyCollection`1[ThucLuc.Application.Features.DaoTaoBoiDuong.DaoTaoBoiDuongDto]]]] GetAll(System.Threading.CancellationToken) on controller ThucLuc.Api.Controllers.V1.DaoTaoBoiDuongController (ThucLuc.Api).
2026-04-14 17:00:55.189 +07:00 [INF] Executing OkObjectResult, writing value of type 'ThucLuc.Api.Common.Models.ApiResponse`1[[System.Collections.Generic.IReadOnlyCollection`1[[ThucLuc.Application.Features.DaoTaoBoiDuong.DaoTaoBoiDuongDto, ThucLuc.Application, Version=1.0.0.0, Culture=neutral, PublicKeyToken=null]], System.Private.CoreLib, Version=8.0.0.0, Culture=neutral, PublicKeyToken=7cec85d7bea7798e]]'.
2026-04-14 17:00:55.190 +07:00 [INF] Executed action ThucLuc.Api.Controllers.V1.DaoTaoBoiDuongController.GetAll (ThucLuc.Api) in 3.5486ms
2026-04-14 17:00:55.191 +07:00 [INF] Executed endpoint 'ThucLuc.Api.Controllers.V1.DaoTaoBoiDuongController.GetAll (ThucLuc.Api)'
2026-04-14 17:00:55.192 +07:00 [INF] HTTP GET /api/v1/dao-tao-boi-duong => 200 in 8.7788 ms CorrelationId=142aa587058f47f298eaed3ab6097f57 UserId=5001
2026-04-14 17:00:55.193 +07:00 [INF] HTTP GET /api/v1/dao-tao-boi-duong responded 200 in 10.2622 ms
2026-04-14 17:00:55.195 +07:00 [INF] Request finished HTTP/1.1 GET http://localhost:5283/api/v1/dao-tao-boi-duong - 200 null application/json; charset=utf-8 12.9888ms
2026-04-14 17:13:32.785 +07:00 [INF] Request starting HTTP/1.1 OPTIONS http://localhost:5283/api/v1/codes/by-code/NOI_DUNG_DAO_TAO_HV - null null
2026-04-14 17:13:32.787 +07:00 [INF] CORS policy execution successful.
2026-04-14 17:13:32.788 +07:00 [INF] HTTP OPTIONS /api/v1/codes/by-code/NOI_DUNG_DAO_TAO_HV => 204 in 0.6604 ms CorrelationId=e466d567451848dea890594fb0da28bf UserId=anonymous
2026-04-14 17:13:32.789 +07:00 [INF] HTTP OPTIONS /api/v1/codes/by-code/NOI_DUNG_DAO_TAO_HV responded 204 in 2.4365 ms
2026-04-14 17:13:32.790 +07:00 [INF] Request finished HTTP/1.1 OPTIONS http://localhost:5283/api/v1/codes/by-code/NOI_DUNG_DAO_TAO_HV - 204 null null 5.5686ms
2026-04-14 17:13:32.793 +07:00 [INF] Request starting HTTP/1.1 GET http://localhost:5283/api/v1/codes/by-code/NOI_DUNG_DAO_TAO_HV - null null
2026-04-14 17:13:32.795 +07:00 [INF] CORS policy execution successful.
2026-04-14 17:13:32.795 +07:00 [INF] Executing endpoint 'ThucLuc.Api.Controllers.V1.CodesController.GetByCode (ThucLuc.Api)'
2026-04-14 17:13:32.796 +07:00 [INF] Route matched with {action = "GetByCode", controller = "Codes"}. Executing controller action with signature System.Threading.Tasks.Task`1[Microsoft.AspNetCore.Mvc.ActionResult`1[ThucLuc.Api.Common.Models.ApiResponse`1[ThucLuc.Application.Features.Codes.CodeDto]]] GetByCode(System.String, System.Threading.CancellationToken) on controller ThucLuc.Api.Controllers.V1.CodesController (ThucLuc.Api).
2026-04-14 17:13:32.843 +07:00 [INF] Executing OkObjectResult, writing value of type 'ThucLuc.Api.Common.Models.ApiResponse`1[[ThucLuc.Application.Features.Codes.CodeDto, ThucLuc.Application, Version=1.0.0.0, Culture=neutral, PublicKeyToken=null]]'.
2026-04-14 17:13:32.844 +07:00 [INF] Executed action ThucLuc.Api.Controllers.V1.CodesController.GetByCode (ThucLuc.Api) in 47.1087ms
2026-04-14 17:13:32.845 +07:00 [INF] Executed endpoint 'ThucLuc.Api.Controllers.V1.CodesController.GetByCode (ThucLuc.Api)'
2026-04-14 17:13:32.846 +07:00 [INF] HTTP GET /api/v1/codes/by-code/NOI_DUNG_DAO_TAO_HV => 200 in 51.1892 ms CorrelationId=c5eff4a371e2460e8340dd664e9f4420 UserId=5001
2026-04-14 17:13:32.847 +07:00 [INF] HTTP GET /api/v1/codes/by-code/NOI_DUNG_DAO_TAO_HV responded 200 in 52.2696 ms
2026-04-14 17:13:32.848 +07:00 [INF] Request finished HTTP/1.1 GET http://localhost:5283/api/v1/codes/by-code/NOI_DUNG_DAO_TAO_HV - 200 null application/json; charset=utf-8 54.53ms
2026-04-14 17:13:32.850 +07:00 [INF] Request starting HTTP/1.1 OPTIONS http://localhost:5283/api/v1/dao-tao-hoc-vien?kyCode=2026Q1 - null null
2026-04-14 17:13:32.851 +07:00 [INF] CORS policy execution successful.
2026-04-14 17:13:32.851 +07:00 [INF] HTTP OPTIONS /api/v1/dao-tao-hoc-vien => 204 in 0.4441 ms CorrelationId=f9725e9a366f41f49aaf79608f58e3cc UserId=anonymous
2026-04-14 17:13:32.852 +07:00 [INF] HTTP OPTIONS /api/v1/dao-tao-hoc-vien responded 204 in 1.4603 ms
2026-04-14 17:13:32.853 +07:00 [INF] Request finished HTTP/1.1 OPTIONS http://localhost:5283/api/v1/dao-tao-hoc-vien?kyCode=2026Q1 - 204 null null 3.6177ms
2026-04-14 17:13:32.855 +07:00 [INF] Request starting HTTP/1.1 GET http://localhost:5283/api/v1/dao-tao-hoc-vien?kyCode=2026Q1 - null null
2026-04-14 17:13:32.857 +07:00 [INF] CORS policy execution successful.
2026-04-14 17:13:32.857 +07:00 [INF] Executing endpoint 'ThucLuc.Api.Controllers.V1.DaoTaoHocVienController.GetAll (ThucLuc.Api)'
2026-04-14 17:13:32.858 +07:00 [INF] Route matched with {action = "GetAll", controller = "DaoTaoHocVien"}. Executing controller action with signature System.Threading.Tasks.Task`1[Microsoft.AspNetCore.Mvc.ActionResult`1[ThucLuc.Api.Common.Models.ApiResponse`1[System.Collections.Generic.IReadOnlyCollection`1[ThucLuc.Application.Features.DaoTaoHocVien.DaoTaoHocVienDto]]]] GetAll(System.Nullable`1[System.Int32], System.Threading.CancellationToken) on controller ThucLuc.Api.Controllers.V1.DaoTaoHocVienController (ThucLuc.Api).
2026-04-14 17:13:32.861 +07:00 [INF] Executing OkObjectResult, writing value of type 'ThucLuc.Api.Common.Models.ApiResponse`1[[System.Collections.Generic.IReadOnlyCollection`1[[ThucLuc.Application.Features.DaoTaoHocVien.DaoTaoHocVienDto, ThucLuc.Application, Version=1.0.0.0, Culture=neutral, PublicKeyToken=null]], System.Private.CoreLib, Version=8.0.0.0, Culture=neutral, PublicKeyToken=7cec85d7bea7798e]]'.
2026-04-14 17:13:32.862 +07:00 [INF] Executed action ThucLuc.Api.Controllers.V1.DaoTaoHocVienController.GetAll (ThucLuc.Api) in 2.7391ms
2026-04-14 17:13:32.863 +07:00 [INF] Executed endpoint 'ThucLuc.Api.Controllers.V1.DaoTaoHocVienController.GetAll (ThucLuc.Api)'
2026-04-14 17:13:32.863 +07:00 [INF] HTTP GET /api/v1/dao-tao-hoc-vien => 200 in 6.6135 ms CorrelationId=56914e96a0324f8bb9d75f993733fb5b UserId=5001
2026-04-14 17:13:32.864 +07:00 [INF] HTTP GET /api/v1/dao-tao-hoc-vien responded 200 in 7.7388 ms
2026-04-14 17:13:32.865 +07:00 [INF] Request finished HTTP/1.1 GET http://localhost:5283/api/v1/dao-tao-hoc-vien?kyCode=2026Q1 - 200 null application/json; charset=utf-8 9.8434ms
2026-04-14 17:16:34.962 +07:00 [INF] Request starting HTTP/1.1 OPTIONS http://localhost:5283/api/v1/don-vi/2001 - null null
2026-04-14 17:16:34.965 +07:00 [INF] CORS policy execution successful.
2026-04-14 17:16:34.966 +07:00 [INF] HTTP OPTIONS /api/v1/don-vi/2001 => 204 in 1.3246 ms CorrelationId=db34b60649ca420d8592d08c589b99ef UserId=anonymous
2026-04-14 17:16:34.970 +07:00 [INF] HTTP OPTIONS /api/v1/don-vi/2001 responded 204 in 5.0258 ms
2026-04-14 17:16:34.972 +07:00 [INF] Request finished HTTP/1.1 OPTIONS http://localhost:5283/api/v1/don-vi/2001 - 204 null null 10.6552ms
2026-04-14 17:16:34.977 +07:00 [INF] Request starting HTTP/1.1 GET http://localhost:5283/api/v1/don-vi/2001 - null null
2026-04-14 17:16:34.982 +07:00 [INF] CORS policy execution successful.
2026-04-14 17:16:34.987 +07:00 [INF] Request starting HTTP/1.1 OPTIONS http://localhost:5283/api/v1/codes/by-code/NOI_DUNG_DAO_TAO_HV - null null
2026-04-14 17:16:34.988 +07:00 [INF] Executing endpoint 'ThucLuc.Api.Controllers.V1.DonViController.GetById (ThucLuc.Api)'
2026-04-14 17:16:34.992 +07:00 [INF] CORS policy execution successful.
2026-04-14 17:16:34.993 +07:00 [INF] Route matched with {action = "GetById", controller = "DonVi"}. Executing controller action with signature System.Threading.Tasks.Task`1[Microsoft.AspNetCore.Mvc.ActionResult`1[ThucLuc.Api.Common.Models.ApiResponse`1[ThucLuc.Application.Features.DonVi.DonViDto]]] GetById(Int64, System.Threading.CancellationToken) on controller ThucLuc.Api.Controllers.V1.DonViController (ThucLuc.Api).
2026-04-14 17:16:34.994 +07:00 [INF] HTTP OPTIONS /api/v1/codes/by-code/NOI_DUNG_DAO_TAO_HV => 204 in 1.7227 ms CorrelationId=b6ffde684ab24b5984fd555badd20420 UserId=anonymous
2026-04-14 17:16:35.002 +07:00 [INF] HTTP OPTIONS /api/v1/codes/by-code/NOI_DUNG_DAO_TAO_HV responded 204 in 10.3995 ms
2026-04-14 17:16:35.005 +07:00 [INF] Request finished HTTP/1.1 OPTIONS http://localhost:5283/api/v1/codes/by-code/NOI_DUNG_DAO_TAO_HV - 204 null null 18.8676ms
2026-04-14 17:16:35.011 +07:00 [INF] Request starting HTTP/1.1 GET http://localhost:5283/api/v1/codes/by-code/NOI_DUNG_DAO_TAO_HV - null null
2026-04-14 17:16:35.016 +07:00 [INF] CORS policy execution successful.
2026-04-14 17:16:35.017 +07:00 [INF] Executing endpoint 'ThucLuc.Api.Controllers.V1.CodesController.GetByCode (ThucLuc.Api)'
2026-04-14 17:16:35.019 +07:00 [INF] Route matched with {action = "GetByCode", controller = "Codes"}. Executing controller action with signature System.Threading.Tasks.Task`1[Microsoft.AspNetCore.Mvc.ActionResult`1[ThucLuc.Api.Common.Models.ApiResponse`1[ThucLuc.Application.Features.Codes.CodeDto]]] GetByCode(System.String, System.Threading.CancellationToken) on controller ThucLuc.Api.Controllers.V1.CodesController (ThucLuc.Api).
2026-04-14 17:16:35.047 +07:00 [INF] Executing OkObjectResult, writing value of type 'ThucLuc.Api.Common.Models.ApiResponse`1[[ThucLuc.Application.Features.DonVi.DonViDto, ThucLuc.Application, Version=1.0.0.0, Culture=neutral, PublicKeyToken=null]]'.
2026-04-14 17:16:35.049 +07:00 [INF] Executed action ThucLuc.Api.Controllers.V1.DonViController.GetById (ThucLuc.Api) in 52.4662ms
2026-04-14 17:16:35.053 +07:00 [INF] Executed endpoint 'ThucLuc.Api.Controllers.V1.DonViController.GetById (ThucLuc.Api)'
2026-04-14 17:16:35.054 +07:00 [INF] HTTP GET /api/v1/don-vi/2001 => 200 in 71.835 ms CorrelationId=c3a223b22bab41dda43e809502ca2d22 UserId=5001
2026-04-14 17:16:35.056 +07:00 [INF] HTTP GET /api/v1/don-vi/2001 responded 200 in 74.2512 ms
2026-04-14 17:16:35.059 +07:00 [INF] Request finished HTTP/1.1 GET http://localhost:5283/api/v1/don-vi/2001 - 200 null application/json; charset=utf-8 82.3759ms
2026-04-14 17:16:35.113 +07:00 [INF] Executing OkObjectResult, writing value of type 'ThucLuc.Api.Common.Models.ApiResponse`1[[ThucLuc.Application.Features.Codes.CodeDto, ThucLuc.Application, Version=1.0.0.0, Culture=neutral, PublicKeyToken=null]]'.
2026-04-14 17:16:35.116 +07:00 [INF] Executed action ThucLuc.Api.Controllers.V1.CodesController.GetByCode (ThucLuc.Api) in 93.5196ms
2026-04-14 17:16:35.117 +07:00 [INF] Executed endpoint 'ThucLuc.Api.Controllers.V1.CodesController.GetByCode (ThucLuc.Api)'
2026-04-14 17:16:35.119 +07:00 [INF] HTTP GET /api/v1/codes/by-code/NOI_DUNG_DAO_TAO_HV => 200 in 103.3389 ms CorrelationId=25791a5ebbd741928fff3024e59712b1 UserId=5001
2026-04-14 17:16:35.124 +07:00 [INF] HTTP GET /api/v1/codes/by-code/NOI_DUNG_DAO_TAO_HV responded 200 in 107.6810 ms
2026-04-14 17:16:35.126 +07:00 [INF] Request finished HTTP/1.1 GET http://localhost:5283/api/v1/codes/by-code/NOI_DUNG_DAO_TAO_HV - 200 null application/json; charset=utf-8 114.7744ms
2026-04-14 17:16:35.142 +07:00 [INF] Request starting HTTP/1.1 OPTIONS http://localhost:5283/api/v1/dao-tao-hoc-vien?kyCode=2026Q1 - null null
2026-04-14 17:16:35.145 +07:00 [INF] CORS policy execution successful.
2026-04-14 17:16:35.145 +07:00 [INF] HTTP OPTIONS /api/v1/dao-tao-hoc-vien => 204 in 0.7914 ms CorrelationId=c5da5710e2d84b56aba395273c7af690 UserId=anonymous
2026-04-14 17:16:35.147 +07:00 [INF] HTTP OPTIONS /api/v1/dao-tao-hoc-vien responded 204 in 2.8376 ms
2026-04-14 17:16:35.149 +07:00 [INF] Request finished HTTP/1.1 OPTIONS http://localhost:5283/api/v1/dao-tao-hoc-vien?kyCode=2026Q1 - 204 null null 6.8793ms
2026-04-14 17:16:35.152 +07:00 [INF] Request starting HTTP/1.1 GET http://localhost:5283/api/v1/dao-tao-hoc-vien?kyCode=2026Q1 - null null
2026-04-14 17:16:35.156 +07:00 [INF] CORS policy execution successful.
2026-04-14 17:16:35.158 +07:00 [INF] Executing endpoint 'ThucLuc.Api.Controllers.V1.DaoTaoHocVienController.GetAll (ThucLuc.Api)'
2026-04-14 17:16:35.159 +07:00 [INF] Route matched with {action = "GetAll", controller = "DaoTaoHocVien"}. Executing controller action with signature System.Threading.Tasks.Task`1[Microsoft.AspNetCore.Mvc.ActionResult`1[ThucLuc.Api.Common.Models.ApiResponse`1[System.Collections.Generic.IReadOnlyCollection`1[ThucLuc.Application.Features.DaoTaoHocVien.DaoTaoHocVienDto]]]] GetAll(System.Nullable`1[System.Int32], System.Threading.CancellationToken) on controller ThucLuc.Api.Controllers.V1.DaoTaoHocVienController (ThucLuc.Api).
2026-04-14 17:16:35.166 +07:00 [INF] Executing OkObjectResult, writing value of type 'ThucLuc.Api.Common.Models.ApiResponse`1[[System.Collections.Generic.IReadOnlyCollection`1[[ThucLuc.Application.Features.DaoTaoHocVien.DaoTaoHocVienDto, ThucLuc.Application, Version=1.0.0.0, Culture=neutral, PublicKeyToken=null]], System.Private.CoreLib, Version=8.0.0.0, Culture=neutral, PublicKeyToken=7cec85d7bea7798e]]'.
2026-04-14 17:16:35.167 +07:00 [INF] Executed action ThucLuc.Api.Controllers.V1.DaoTaoHocVienController.GetAll (ThucLuc.Api) in 3.7468ms
2026-04-14 17:16:35.169 +07:00 [INF] Executed endpoint 'ThucLuc.Api.Controllers.V1.DaoTaoHocVienController.GetAll (ThucLuc.Api)'
2026-04-14 17:16:35.170 +07:00 [INF] HTTP GET /api/v1/dao-tao-hoc-vien => 200 in 14.08 ms CorrelationId=1ce590b7a72345f9b73239bf72a16a40 UserId=5001
2026-04-14 17:16:35.173 +07:00 [INF] HTTP GET /api/v1/dao-tao-hoc-vien responded 200 in 17.1127 ms
2026-04-14 17:16:35.175 +07:00 [INF] Request finished HTTP/1.1 GET http://localhost:5283/api/v1/dao-tao-hoc-vien?kyCode=2026Q1 - 200 null application/json; charset=utf-8 22.2896ms
2026-04-14 17:16:35.195 +07:00 [INF] Request starting HTTP/1.1 GET http://localhost:5283/api/v1/don-vi/2001 - null null
2026-04-14 17:16:35.197 +07:00 [INF] CORS policy execution successful.
2026-04-14 17:16:35.198 +07:00 [INF] Executing endpoint 'ThucLuc.Api.Controllers.V1.DonViController.GetById (ThucLuc.Api)'
2026-04-14 17:16:35.198 +07:00 [INF] Request starting HTTP/1.1 OPTIONS http://localhost:5283/api/v1/mau-bao-cao?includeInactive=true - null null
2026-04-14 17:16:35.199 +07:00 [INF] Request starting HTTP/1.1 OPTIONS http://localhost:5283/api/v1/mau-bao-cao/module-catalog - null null
2026-04-14 17:16:35.199 +07:00 [INF] Route matched with {action = "GetById", controller = "DonVi"}. Executing controller action with signature System.Threading.Tasks.Task`1[Microsoft.AspNetCore.Mvc.ActionResult`1[ThucLuc.Api.Common.Models.ApiResponse`1[ThucLuc.Application.Features.DonVi.DonViDto]]] GetById(Int64, System.Threading.CancellationToken) on controller ThucLuc.Api.Controllers.V1.DonViController (ThucLuc.Api).
2026-04-14 17:16:35.202 +07:00 [INF] CORS policy execution successful.
2026-04-14 17:16:35.205 +07:00 [INF] CORS policy execution successful.
2026-04-14 17:16:35.208 +07:00 [INF] HTTP OPTIONS /api/v1/mau-bao-cao => 204 in 5.6808 ms CorrelationId=85beb41c650947d1b5eba73dda14b7b1 UserId=anonymous
2026-04-14 17:16:35.208 +07:00 [INF] HTTP OPTIONS /api/v1/mau-bao-cao/module-catalog => 204 in 3.6366 ms CorrelationId=6cbe12627271432d89bae3c7370088b5 UserId=anonymous
2026-04-14 17:16:35.210 +07:00 [INF] Executing OkObjectResult, writing value of type 'ThucLuc.Api.Common.Models.ApiResponse`1[[ThucLuc.Application.Features.DonVi.DonViDto, ThucLuc.Application, Version=1.0.0.0, Culture=neutral, PublicKeyToken=null]]'.
2026-04-14 17:16:35.210 +07:00 [INF] HTTP OPTIONS /api/v1/mau-bao-cao responded 204 in 8.0707 ms
2026-04-14 17:16:35.211 +07:00 [INF] HTTP OPTIONS /api/v1/mau-bao-cao/module-catalog responded 204 in 6.9038 ms
2026-04-14 17:16:35.213 +07:00 [INF] Executed action ThucLuc.Api.Controllers.V1.DonViController.GetById (ThucLuc.Api) in 6.0519ms
2026-04-14 17:16:35.214 +07:00 [INF] Request finished HTTP/1.1 OPTIONS http://localhost:5283/api/v1/mau-bao-cao?includeInactive=true - 204 null null 15.5064ms
2026-04-14 17:16:35.215 +07:00 [INF] Request finished HTTP/1.1 OPTIONS http://localhost:5283/api/v1/mau-bao-cao/module-catalog - 204 null null 16.4695ms
2026-04-14 17:16:35.217 +07:00 [INF] Executed endpoint 'ThucLuc.Api.Controllers.V1.DonViController.GetById (ThucLuc.Api)'
2026-04-14 17:16:35.220 +07:00 [INF] Request starting HTTP/1.1 GET http://localhost:5283/api/v1/mau-bao-cao?includeInactive=true - null null
2026-04-14 17:16:35.224 +07:00 [INF] Request starting HTTP/1.1 GET http://localhost:5283/api/v1/mau-bao-cao/module-catalog - null null
2026-04-14 17:16:35.225 +07:00 [INF] HTTP GET /api/v1/don-vi/2001 => 200 in 27.2588 ms CorrelationId=95e4a206252b4d83b0d920876f79370d UserId=5001
2026-04-14 17:16:35.227 +07:00 [INF] CORS policy execution successful.
2026-04-14 17:16:35.230 +07:00 [INF] CORS policy execution successful.
2026-04-14 17:16:35.232 +07:00 [INF] HTTP GET /api/v1/don-vi/2001 responded 200 in 34.2300 ms
2026-04-14 17:16:35.232 +07:00 [INF] Executing endpoint 'ThucLuc.Api.Controllers.V1.MauBaoCaoController.GetAll (ThucLuc.Api)'
2026-04-14 17:16:35.233 +07:00 [INF] Executing endpoint 'ThucLuc.Api.Controllers.V1.MauBaoCaoController.GetModuleCatalog (ThucLuc.Api)'
2026-04-14 17:16:35.235 +07:00 [INF] Request finished HTTP/1.1 GET http://localhost:5283/api/v1/don-vi/2001 - 200 null application/json; charset=utf-8 40.0735ms
2026-04-14 17:16:35.236 +07:00 [INF] Route matched with {action = "GetAll", controller = "MauBaoCao"}. Executing controller action with signature System.Threading.Tasks.Task`1[Microsoft.AspNetCore.Mvc.ActionResult`1[ThucLuc.Api.Common.Models.ApiResponse`1[System.Collections.Generic.IReadOnlyCollection`1[ThucLuc.Application.Features.MauBaoCao.MauBaoCaoDto]]]] GetAll(Boolean, System.Threading.CancellationToken) on controller ThucLuc.Api.Controllers.V1.MauBaoCaoController (ThucLuc.Api).
2026-04-14 17:16:35.237 +07:00 [INF] Route matched with {action = "GetModuleCatalog", controller = "MauBaoCao"}. Executing controller action with signature System.Threading.Tasks.Task`1[Microsoft.AspNetCore.Mvc.ActionResult`1[ThucLuc.Api.Common.Models.ApiResponse`1[System.Collections.Generic.IReadOnlyCollection`1[ThucLuc.Application.Features.MauBaoCao.MauBaoCaoModuleCatalogGroupDto]]]] GetModuleCatalog(System.Threading.CancellationToken) on controller ThucLuc.Api.Controllers.V1.MauBaoCaoController (ThucLuc.Api).
2026-04-14 17:16:35.245 +07:00 [INF] Executing OkObjectResult, writing value of type 'ThucLuc.Api.Common.Models.ApiResponse`1[[System.Collections.Generic.IReadOnlyCollection`1[[ThucLuc.Application.Features.MauBaoCao.MauBaoCaoModuleCatalogGroupDto, ThucLuc.Application, Version=1.0.0.0, Culture=neutral, PublicKeyToken=null]], System.Private.CoreLib, Version=8.0.0.0, Culture=neutral, PublicKeyToken=7cec85d7bea7798e]]'.
2026-04-14 17:16:35.246 +07:00 [INF] Executed action ThucLuc.Api.Controllers.V1.MauBaoCaoController.GetModuleCatalog (ThucLuc.Api) in 1.8393ms
2026-04-14 17:16:35.248 +07:00 [INF] Executed endpoint 'ThucLuc.Api.Controllers.V1.MauBaoCaoController.GetModuleCatalog (ThucLuc.Api)'
2026-04-14 17:16:35.249 +07:00 [INF] HTTP GET /api/v1/mau-bao-cao/module-catalog => 200 in 19.2356 ms CorrelationId=0369907e77314c049c222e2fa5bb9dd3 UserId=5001
2026-04-14 17:16:35.249 +07:00 [INF] Executing OkObjectResult, writing value of type 'ThucLuc.Api.Common.Models.ApiResponse`1[[System.Collections.Generic.IReadOnlyCollection`1[[ThucLuc.Application.Features.MauBaoCao.MauBaoCaoDto, ThucLuc.Application, Version=1.0.0.0, Culture=neutral, PublicKeyToken=null]], System.Private.CoreLib, Version=8.0.0.0, Culture=neutral, PublicKeyToken=7cec85d7bea7798e]]'.
2026-04-14 17:16:35.253 +07:00 [INF] HTTP GET /api/v1/mau-bao-cao/module-catalog responded 200 in 22.6206 ms
2026-04-14 17:16:35.254 +07:00 [INF] Executed action ThucLuc.Api.Controllers.V1.MauBaoCaoController.GetAll (ThucLuc.Api) in 12.2525ms
2026-04-14 17:16:35.256 +07:00 [INF] Request finished HTTP/1.1 GET http://localhost:5283/api/v1/mau-bao-cao/module-catalog - 200 null application/json; charset=utf-8 32.4308ms
2026-04-14 17:16:35.257 +07:00 [INF] Executed endpoint 'ThucLuc.Api.Controllers.V1.MauBaoCaoController.GetAll (ThucLuc.Api)'
2026-04-14 17:16:35.261 +07:00 [INF] HTTP GET /api/v1/mau-bao-cao => 200 in 33.3181 ms CorrelationId=f25384fb83d1469cbeaf4deabfc76360 UserId=5001
2026-04-14 17:16:35.262 +07:00 [INF] HTTP GET /api/v1/mau-bao-cao responded 200 in 34.8983 ms
2026-04-14 17:16:35.264 +07:00 [INF] Request finished HTTP/1.1 GET http://localhost:5283/api/v1/mau-bao-cao?includeInactive=true - 200 null application/json; charset=utf-8 43.8806ms
2026-04-14 17:16:39.082 +07:00 [INF] Request starting HTTP/1.1 GET http://localhost:5283/api/v1/don-vi/2001 - null null
2026-04-14 17:16:39.085 +07:00 [INF] CORS policy execution successful.
2026-04-14 17:16:39.086 +07:00 [INF] Executing endpoint 'ThucLuc.Api.Controllers.V1.DonViController.GetById (ThucLuc.Api)'
2026-04-14 17:16:39.087 +07:00 [INF] Route matched with {action = "GetById", controller = "DonVi"}. Executing controller action with signature System.Threading.Tasks.Task`1[Microsoft.AspNetCore.Mvc.ActionResult`1[ThucLuc.Api.Common.Models.ApiResponse`1[ThucLuc.Application.Features.DonVi.DonViDto]]] GetById(Int64, System.Threading.CancellationToken) on controller ThucLuc.Api.Controllers.V1.DonViController (ThucLuc.Api).
2026-04-14 17:16:39.088 +07:00 [INF] Request starting HTTP/1.1 GET http://localhost:5283/api/v1/codes/by-code/NOI_DUNG_DAO_TAO_HV - null null
2026-04-14 17:16:39.092 +07:00 [INF] CORS policy execution successful.
2026-04-14 17:16:39.092 +07:00 [INF] Executing endpoint 'ThucLuc.Api.Controllers.V1.CodesController.GetByCode (ThucLuc.Api)'
2026-04-14 17:16:39.092 +07:00 [INF] Executing OkObjectResult, writing value of type 'ThucLuc.Api.Common.Models.ApiResponse`1[[ThucLuc.Application.Features.DonVi.DonViDto, ThucLuc.Application, Version=1.0.0.0, Culture=neutral, PublicKeyToken=null]]'.
2026-04-14 17:16:39.094 +07:00 [INF] Route matched with {action = "GetByCode", controller = "Codes"}. Executing controller action with signature System.Threading.Tasks.Task`1[Microsoft.AspNetCore.Mvc.ActionResult`1[ThucLuc.Api.Common.Models.ApiResponse`1[ThucLuc.Application.Features.Codes.CodeDto]]] GetByCode(System.String, System.Threading.CancellationToken) on controller ThucLuc.Api.Controllers.V1.CodesController (ThucLuc.Api).
2026-04-14 17:16:39.096 +07:00 [INF] Executed action ThucLuc.Api.Controllers.V1.DonViController.GetById (ThucLuc.Api) in 6.8976ms
2026-04-14 17:16:39.098 +07:00 [INF] Executed endpoint 'ThucLuc.Api.Controllers.V1.DonViController.GetById (ThucLuc.Api)'
2026-04-14 17:16:39.099 +07:00 [INF] HTTP GET /api/v1/don-vi/2001 => 200 in 14.5027 ms CorrelationId=0a2420a6fcde4d03af7b377ba816b228 UserId=5001
2026-04-14 17:16:39.100 +07:00 [INF] Executing OkObjectResult, writing value of type 'ThucLuc.Api.Common.Models.ApiResponse`1[[ThucLuc.Application.Features.Codes.CodeDto, ThucLuc.Application, Version=1.0.0.0, Culture=neutral, PublicKeyToken=null]]'.
2026-04-14 17:16:39.101 +07:00 [INF] HTTP GET /api/v1/don-vi/2001 responded 200 in 16.2475 ms
2026-04-14 17:16:39.102 +07:00 [INF] Executed action ThucLuc.Api.Controllers.V1.CodesController.GetByCode (ThucLuc.Api) in 5.0512ms
2026-04-14 17:16:39.105 +07:00 [INF] Executed endpoint 'ThucLuc.Api.Controllers.V1.CodesController.GetByCode (ThucLuc.Api)'
2026-04-14 17:16:39.104 +07:00 [INF] Request finished HTTP/1.1 GET http://localhost:5283/api/v1/don-vi/2001 - 200 null application/json; charset=utf-8 21.9645ms
2026-04-14 17:16:39.106 +07:00 [INF] HTTP GET /api/v1/codes/by-code/NOI_DUNG_DAO_TAO_HV => 200 in 14.874 ms CorrelationId=bb410ef944a6455686bbfe338c6c8333 UserId=5001
2026-04-14 17:16:39.112 +07:00 [INF] HTTP GET /api/v1/codes/by-code/NOI_DUNG_DAO_TAO_HV responded 200 in 20.7777 ms
2026-04-14 17:16:39.114 +07:00 [INF] Request finished HTTP/1.1 GET http://localhost:5283/api/v1/codes/by-code/NOI_DUNG_DAO_TAO_HV - 200 null application/json; charset=utf-8 25.5315ms
2026-04-14 17:16:39.132 +07:00 [INF] Request starting HTTP/1.1 GET http://localhost:5283/api/v1/dao-tao-hoc-vien?kyCode=2026Q1 - null null
2026-04-14 17:16:39.134 +07:00 [INF] CORS policy execution successful.
2026-04-14 17:16:39.135 +07:00 [INF] Executing endpoint 'ThucLuc.Api.Controllers.V1.DaoTaoHocVienController.GetAll (ThucLuc.Api)'
2026-04-14 17:16:39.137 +07:00 [INF] Route matched with {action = "GetAll", controller = "DaoTaoHocVien"}. Executing controller action with signature System.Threading.Tasks.Task`1[Microsoft.AspNetCore.Mvc.ActionResult`1[ThucLuc.Api.Common.Models.ApiResponse`1[System.Collections.Generic.IReadOnlyCollection`1[ThucLuc.Application.Features.DaoTaoHocVien.DaoTaoHocVienDto]]]] GetAll(System.Nullable`1[System.Int32], System.Threading.CancellationToken) on controller ThucLuc.Api.Controllers.V1.DaoTaoHocVienController (ThucLuc.Api).
2026-04-14 17:16:39.141 +07:00 [INF] Executing OkObjectResult, writing value of type 'ThucLuc.Api.Common.Models.ApiResponse`1[[System.Collections.Generic.IReadOnlyCollection`1[[ThucLuc.Application.Features.DaoTaoHocVien.DaoTaoHocVienDto, ThucLuc.Application, Version=1.0.0.0, Culture=neutral, PublicKeyToken=null]], System.Private.CoreLib, Version=8.0.0.0, Culture=neutral, PublicKeyToken=7cec85d7bea7798e]]'.
2026-04-14 17:16:39.142 +07:00 [INF] Executed action ThucLuc.Api.Controllers.V1.DaoTaoHocVienController.GetAll (ThucLuc.Api) in 3.5792ms
2026-04-14 17:16:39.143 +07:00 [INF] Executed endpoint 'ThucLuc.Api.Controllers.V1.DaoTaoHocVienController.GetAll (ThucLuc.Api)'
2026-04-14 17:16:39.144 +07:00 [INF] HTTP GET /api/v1/dao-tao-hoc-vien => 200 in 10.4578 ms CorrelationId=186aae991ea34d0f96794319cfd00a04 UserId=5001
2026-04-14 17:16:39.146 +07:00 [INF] HTTP GET /api/v1/dao-tao-hoc-vien responded 200 in 11.9276 ms
2026-04-14 17:16:39.147 +07:00 [INF] Request finished HTTP/1.1 GET http://localhost:5283/api/v1/dao-tao-hoc-vien?kyCode=2026Q1 - 200 null application/json; charset=utf-8 15.4838ms
2026-04-14 17:24:53.562 +07:00 [INF] Request starting HTTP/1.1 OPTIONS http://localhost:5283/api/v1/don-vi/2001 - null null
2026-04-14 17:24:53.565 +07:00 [INF] CORS policy execution successful.
2026-04-14 17:24:53.566 +07:00 [INF] HTTP OPTIONS /api/v1/don-vi/2001 => 204 in 0.904 ms CorrelationId=8fe52b71715d4650a52db63d0daa80de UserId=anonymous
2026-04-14 17:24:53.567 +07:00 [INF] Request starting HTTP/1.1 OPTIONS http://localhost:5283/api/v1/mau-bao-cao?includeInactive=true - null null
2026-04-14 17:24:53.568 +07:00 [INF] HTTP OPTIONS /api/v1/don-vi/2001 responded 204 in 2.8758 ms
2026-04-14 17:24:53.568 +07:00 [INF] Request starting HTTP/1.1 OPTIONS http://localhost:5283/api/v1/mau-bao-cao/module-catalog - null null
2026-04-14 17:24:53.571 +07:00 [INF] CORS policy execution successful.
2026-04-14 17:24:53.572 +07:00 [INF] Request finished HTTP/1.1 OPTIONS http://localhost:5283/api/v1/don-vi/2001 - 204 null null 10.0647ms
2026-04-14 17:24:53.574 +07:00 [INF] CORS policy execution successful.
2026-04-14 17:24:53.575 +07:00 [INF] HTTP OPTIONS /api/v1/mau-bao-cao => 204 in 4.05 ms CorrelationId=5d220b6591664bb19e82270fa369dee3 UserId=anonymous
2026-04-14 17:24:53.577 +07:00 [INF] Request starting HTTP/1.1 GET http://localhost:5283/api/v1/don-vi/2001 - null null
2026-04-14 17:24:53.578 +07:00 [INF] HTTP OPTIONS /api/v1/mau-bao-cao/module-catalog => 204 in 3.3116 ms CorrelationId=e368d1bb9b494341b2afb99fb0b5de5c UserId=anonymous
2026-04-14 17:24:53.580 +07:00 [INF] HTTP OPTIONS /api/v1/mau-bao-cao responded 204 in 8.8481 ms
2026-04-14 17:24:53.581 +07:00 [INF] CORS policy execution successful.
2026-04-14 17:24:53.583 +07:00 [INF] HTTP OPTIONS /api/v1/mau-bao-cao/module-catalog responded 204 in 8.4358 ms
2026-04-14 17:24:53.587 +07:00 [INF] Request finished HTTP/1.1 OPTIONS http://localhost:5283/api/v1/mau-bao-cao?includeInactive=true - 204 null null 20.0372ms
2026-04-14 17:24:53.588 +07:00 [INF] Executing endpoint 'ThucLuc.Api.Controllers.V1.DonViController.GetById (ThucLuc.Api)'
2026-04-14 17:24:53.589 +07:00 [INF] Request finished HTTP/1.1 OPTIONS http://localhost:5283/api/v1/mau-bao-cao/module-catalog - 204 null null 20.4907ms
2026-04-14 17:24:53.593 +07:00 [INF] Route matched with {action = "GetById", controller = "DonVi"}. Executing controller action with signature System.Threading.Tasks.Task`1[Microsoft.AspNetCore.Mvc.ActionResult`1[ThucLuc.Api.Common.Models.ApiResponse`1[ThucLuc.Application.Features.DonVi.DonViDto]]] GetById(Int64, System.Threading.CancellationToken) on controller ThucLuc.Api.Controllers.V1.DonViController (ThucLuc.Api).
2026-04-14 17:24:53.611 +07:00 [INF] Request starting HTTP/1.1 GET http://localhost:5283/api/v1/mau-bao-cao?includeInactive=true - null null
2026-04-14 17:24:53.611 +07:00 [INF] Request starting HTTP/1.1 GET http://localhost:5283/api/v1/mau-bao-cao/module-catalog - null null
2026-04-14 17:24:53.613 +07:00 [INF] Request starting HTTP/1.1 OPTIONS http://localhost:5283/api/v1/codes/by-code/NOI_DUNG_DAO_TAO_HV - null null
2026-04-14 17:24:53.613 +07:00 [INF] CORS policy execution successful.
2026-04-14 17:24:53.615 +07:00 [INF] CORS policy execution successful.
2026-04-14 17:24:53.618 +07:00 [INF] CORS policy execution successful.
2026-04-14 17:24:53.619 +07:00 [INF] Executing endpoint 'ThucLuc.Api.Controllers.V1.MauBaoCaoController.GetAll (ThucLuc.Api)'
2026-04-14 17:24:53.620 +07:00 [INF] Executing endpoint 'ThucLuc.Api.Controllers.V1.MauBaoCaoController.GetModuleCatalog (ThucLuc.Api)'
2026-04-14 17:24:53.620 +07:00 [INF] HTTP OPTIONS /api/v1/codes/by-code/NOI_DUNG_DAO_TAO_HV => 204 in 2.1893 ms CorrelationId=249d4ad730af4047bedc5109162bb5d0 UserId=anonymous
2026-04-14 17:24:53.621 +07:00 [INF] Route matched with {action = "GetAll", controller = "MauBaoCao"}. Executing controller action with signature System.Threading.Tasks.Task`1[Microsoft.AspNetCore.Mvc.ActionResult`1[ThucLuc.Api.Common.Models.ApiResponse`1[System.Collections.Generic.IReadOnlyCollection`1[ThucLuc.Application.Features.MauBaoCao.MauBaoCaoDto]]]] GetAll(Boolean, System.Threading.CancellationToken) on controller ThucLuc.Api.Controllers.V1.MauBaoCaoController (ThucLuc.Api).
2026-04-14 17:24:53.622 +07:00 [INF] Route matched with {action = "GetModuleCatalog", controller = "MauBaoCao"}. Executing controller action with signature System.Threading.Tasks.Task`1[Microsoft.AspNetCore.Mvc.ActionResult`1[ThucLuc.Api.Common.Models.ApiResponse`1[System.Collections.Generic.IReadOnlyCollection`1[ThucLuc.Application.Features.MauBaoCao.MauBaoCaoModuleCatalogGroupDto]]]] GetModuleCatalog(System.Threading.CancellationToken) on controller ThucLuc.Api.Controllers.V1.MauBaoCaoController (ThucLuc.Api).
2026-04-14 17:24:53.623 +07:00 [INF] HTTP OPTIONS /api/v1/codes/by-code/NOI_DUNG_DAO_TAO_HV responded 204 in 5.5064 ms
2026-04-14 17:24:53.627 +07:00 [INF] Executing OkObjectResult, writing value of type 'ThucLuc.Api.Common.Models.ApiResponse`1[[System.Collections.Generic.IReadOnlyCollection`1[[ThucLuc.Application.Features.MauBaoCao.MauBaoCaoModuleCatalogGroupDto, ThucLuc.Application, Version=1.0.0.0, Culture=neutral, PublicKeyToken=null]], System.Private.CoreLib, Version=8.0.0.0, Culture=neutral, PublicKeyToken=7cec85d7bea7798e]]'.
2026-04-14 17:24:53.629 +07:00 [INF] Request finished HTTP/1.1 OPTIONS http://localhost:5283/api/v1/codes/by-code/NOI_DUNG_DAO_TAO_HV - 204 null null 15.7652ms
2026-04-14 17:24:53.631 +07:00 [INF] Executed action ThucLuc.Api.Controllers.V1.MauBaoCaoController.GetModuleCatalog (ThucLuc.Api) in 3.7143ms
2026-04-14 17:24:53.634 +07:00 [INF] Request starting HTTP/1.1 GET http://localhost:5283/api/v1/codes/by-code/NOI_DUNG_DAO_TAO_HV - null null
2026-04-14 17:24:53.635 +07:00 [INF] Executed endpoint 'ThucLuc.Api.Controllers.V1.MauBaoCaoController.GetModuleCatalog (ThucLuc.Api)'
2026-04-14 17:24:53.637 +07:00 [INF] CORS policy execution successful.
2026-04-14 17:24:53.637 +07:00 [INF] HTTP GET /api/v1/mau-bao-cao/module-catalog => 200 in 22.0094 ms CorrelationId=6558a1b1df14476baf200e02f69e6005 UserId=5001
2026-04-14 17:24:53.638 +07:00 [INF] Executing endpoint 'ThucLuc.Api.Controllers.V1.CodesController.GetByCode (ThucLuc.Api)'
2026-04-14 17:24:53.639 +07:00 [INF] HTTP GET /api/v1/mau-bao-cao/module-catalog responded 200 in 23.8646 ms
2026-04-14 17:24:53.640 +07:00 [INF] Route matched with {action = "GetByCode", controller = "Codes"}. Executing controller action with signature System.Threading.Tasks.Task`1[Microsoft.AspNetCore.Mvc.ActionResult`1[ThucLuc.Api.Common.Models.ApiResponse`1[ThucLuc.Application.Features.Codes.CodeDto]]] GetByCode(System.String, System.Threading.CancellationToken) on controller ThucLuc.Api.Controllers.V1.CodesController (ThucLuc.Api).
2026-04-14 17:24:53.641 +07:00 [INF] Request finished HTTP/1.1 GET http://localhost:5283/api/v1/mau-bao-cao/module-catalog - 200 null application/json; charset=utf-8 30.651ms
2026-04-14 17:24:53.642 +07:00 [INF] Executing OkObjectResult, writing value of type 'ThucLuc.Api.Common.Models.ApiResponse`1[[ThucLuc.Application.Features.DonVi.DonViDto, ThucLuc.Application, Version=1.0.0.0, Culture=neutral, PublicKeyToken=null]]'.
2026-04-14 17:24:53.647 +07:00 [INF] Executed action ThucLuc.Api.Controllers.V1.DonViController.GetById (ThucLuc.Api) in 50.0571ms
2026-04-14 17:24:53.648 +07:00 [INF] Request starting HTTP/1.1 GET http://localhost:5283/api/v1/don-vi/2001 - null null
2026-04-14 17:24:53.648 +07:00 [INF] Executed endpoint 'ThucLuc.Api.Controllers.V1.DonViController.GetById (ThucLuc.Api)'
2026-04-14 17:24:53.650 +07:00 [INF] CORS policy execution successful.
2026-04-14 17:24:53.651 +07:00 [INF] HTTP GET /api/v1/don-vi/2001 => 200 in 69.7739 ms CorrelationId=164963cb7cfa416489946eba057c8dab UserId=5001
2026-04-14 17:24:53.652 +07:00 [INF] Executing endpoint 'ThucLuc.Api.Controllers.V1.DonViController.GetById (ThucLuc.Api)'
2026-04-14 17:24:53.653 +07:00 [INF] HTTP GET /api/v1/don-vi/2001 responded 200 in 71.9478 ms
2026-04-14 17:24:53.654 +07:00 [INF] Route matched with {action = "GetById", controller = "DonVi"}. Executing controller action with signature System.Threading.Tasks.Task`1[Microsoft.AspNetCore.Mvc.ActionResult`1[ThucLuc.Api.Common.Models.ApiResponse`1[ThucLuc.Application.Features.DonVi.DonViDto]]] GetById(Int64, System.Threading.CancellationToken) on controller ThucLuc.Api.Controllers.V1.DonViController (ThucLuc.Api).
2026-04-14 17:24:53.655 +07:00 [INF] Request finished HTTP/1.1 GET http://localhost:5283/api/v1/don-vi/2001 - 200 null application/json; charset=utf-8 77.9232ms
2026-04-14 17:24:53.674 +07:00 [INF] Executing OkObjectResult, writing value of type 'ThucLuc.Api.Common.Models.ApiResponse`1[[System.Collections.Generic.IReadOnlyCollection`1[[ThucLuc.Application.Features.MauBaoCao.MauBaoCaoDto, ThucLuc.Application, Version=1.0.0.0, Culture=neutral, PublicKeyToken=null]], System.Private.CoreLib, Version=8.0.0.0, Culture=neutral, PublicKeyToken=7cec85d7bea7798e]]'.
2026-04-14 17:24:53.675 +07:00 [INF] Executed action ThucLuc.Api.Controllers.V1.MauBaoCaoController.GetAll (ThucLuc.Api) in 49.7596ms
2026-04-14 17:24:53.676 +07:00 [INF] Executed endpoint 'ThucLuc.Api.Controllers.V1.MauBaoCaoController.GetAll (ThucLuc.Api)'
2026-04-14 17:24:53.677 +07:00 [INF] HTTP GET /api/v1/mau-bao-cao => 200 in 64.1387 ms CorrelationId=ee2d751254594832b2dd9172f854cef3 UserId=5001
2026-04-14 17:24:53.680 +07:00 [INF] HTTP GET /api/v1/mau-bao-cao responded 200 in 67.0600 ms
2026-04-14 17:24:53.682 +07:00 [INF] Request finished HTTP/1.1 GET http://localhost:5283/api/v1/mau-bao-cao?includeInactive=true - 200 null application/json; charset=utf-8 71.3066ms
2026-04-14 17:24:53.689 +07:00 [INF] Executing OkObjectResult, writing value of type 'ThucLuc.Api.Common.Models.ApiResponse`1[[ThucLuc.Application.Features.Codes.CodeDto, ThucLuc.Application, Version=1.0.0.0, Culture=neutral, PublicKeyToken=null]]'.
2026-04-14 17:24:53.691 +07:00 [INF] Executed action ThucLuc.Api.Controllers.V1.CodesController.GetByCode (ThucLuc.Api) in 47.8022ms
2026-04-14 17:24:53.692 +07:00 [INF] Executed endpoint 'ThucLuc.Api.Controllers.V1.CodesController.GetByCode (ThucLuc.Api)'
2026-04-14 17:24:53.693 +07:00 [INF] HTTP GET /api/v1/codes/by-code/NOI_DUNG_DAO_TAO_HV => 200 in 56.2575 ms CorrelationId=4748ecff95124318a6765c74b468f41d UserId=5001
2026-04-14 17:24:53.695 +07:00 [INF] HTTP GET /api/v1/codes/by-code/NOI_DUNG_DAO_TAO_HV responded 200 in 57.9859 ms
2026-04-14 17:24:53.697 +07:00 [INF] Request finished HTTP/1.1 GET http://localhost:5283/api/v1/codes/by-code/NOI_DUNG_DAO_TAO_HV - 200 null application/json; charset=utf-8 63.6588ms
2026-04-14 17:24:53.701 +07:00 [INF] Executing OkObjectResult, writing value of type 'ThucLuc.Api.Common.Models.ApiResponse`1[[ThucLuc.Application.Features.DonVi.DonViDto, ThucLuc.Application, Version=1.0.0.0, Culture=neutral, PublicKeyToken=null]]'.
2026-04-14 17:24:53.702 +07:00 [INF] Executed action ThucLuc.Api.Controllers.V1.DonViController.GetById (ThucLuc.Api) in 45.4157ms
2026-04-14 17:24:53.704 +07:00 [INF] Executed endpoint 'ThucLuc.Api.Controllers.V1.DonViController.GetById (ThucLuc.Api)'
2026-04-14 17:24:53.704 +07:00 [INF] HTTP GET /api/v1/don-vi/2001 => 200 in 54.0848 ms CorrelationId=e29fe7eb96a14a20b019828fe1b95a05 UserId=5001
2026-04-14 17:24:53.706 +07:00 [INF] HTTP GET /api/v1/don-vi/2001 responded 200 in 55.8013 ms
2026-04-14 17:24:53.706 +07:00 [INF] Request starting HTTP/1.1 OPTIONS http://localhost:5283/api/v1/dao-tao-hoc-vien?kyCode=2026Q1 - null null
2026-04-14 17:24:53.708 +07:00 [INF] Request finished HTTP/1.1 GET http://localhost:5283/api/v1/don-vi/2001 - 200 null application/json; charset=utf-8 60.0211ms
2026-04-14 17:24:53.710 +07:00 [INF] CORS policy execution successful.
2026-04-14 17:24:53.713 +07:00 [INF] HTTP OPTIONS /api/v1/dao-tao-hoc-vien => 204 in 3.4471 ms CorrelationId=04fee70281b24d74880f19a932978dc8 UserId=anonymous
2026-04-14 17:24:53.715 +07:00 [INF] HTTP OPTIONS /api/v1/dao-tao-hoc-vien responded 204 in 4.9952 ms
2026-04-14 17:24:53.716 +07:00 [INF] Request finished HTTP/1.1 OPTIONS http://localhost:5283/api/v1/dao-tao-hoc-vien?kyCode=2026Q1 - 204 null null 9.7973ms
2026-04-14 17:24:53.718 +07:00 [INF] Request starting HTTP/1.1 GET http://localhost:5283/api/v1/dao-tao-hoc-vien?kyCode=2026Q1 - null null
2026-04-14 17:24:53.720 +07:00 [INF] CORS policy execution successful.
2026-04-14 17:24:53.720 +07:00 [INF] Executing endpoint 'ThucLuc.Api.Controllers.V1.DaoTaoHocVienController.GetAll (ThucLuc.Api)'
2026-04-14 17:24:53.722 +07:00 [INF] Route matched with {action = "GetAll", controller = "DaoTaoHocVien"}. Executing controller action with signature System.Threading.Tasks.Task`1[Microsoft.AspNetCore.Mvc.ActionResult`1[ThucLuc.Api.Common.Models.ApiResponse`1[System.Collections.Generic.IReadOnlyCollection`1[ThucLuc.Application.Features.DaoTaoHocVien.DaoTaoHocVienDto]]]] GetAll(System.Nullable`1[System.Int32], System.Threading.CancellationToken) on controller ThucLuc.Api.Controllers.V1.DaoTaoHocVienController (ThucLuc.Api).
2026-04-14 17:24:53.725 +07:00 [INF] Executing OkObjectResult, writing value of type 'ThucLuc.Api.Common.Models.ApiResponse`1[[System.Collections.Generic.IReadOnlyCollection`1[[ThucLuc.Application.Features.DaoTaoHocVien.DaoTaoHocVienDto, ThucLuc.Application, Version=1.0.0.0, Culture=neutral, PublicKeyToken=null]], System.Private.CoreLib, Version=8.0.0.0, Culture=neutral, PublicKeyToken=7cec85d7bea7798e]]'.
2026-04-14 17:24:53.727 +07:00 [INF] Executed action ThucLuc.Api.Controllers.V1.DaoTaoHocVienController.GetAll (ThucLuc.Api) in 3.8221ms
2026-04-14 17:24:53.728 +07:00 [INF] Executed endpoint 'ThucLuc.Api.Controllers.V1.DaoTaoHocVienController.GetAll (ThucLuc.Api)'
2026-04-14 17:24:53.730 +07:00 [INF] HTTP GET /api/v1/dao-tao-hoc-vien => 200 in 9.8137 ms CorrelationId=6cb57d4bcc204414abdc374380db71c3 UserId=5001
2026-04-14 17:24:53.732 +07:00 [INF] HTTP GET /api/v1/dao-tao-hoc-vien responded 200 in 12.3867 ms
2026-04-14 17:24:53.733 +07:00 [INF] Request finished HTTP/1.1 GET http://localhost:5283/api/v1/dao-tao-hoc-vien?kyCode=2026Q1 - 200 null application/json; charset=utf-8 15.1559ms
2026-04-14 17:25:11.526 +07:00 [INF] Request starting HTTP/1.1 OPTIONS http://localhost:5283/api/v1/don-vi/2001 - null null
2026-04-14 17:25:11.532 +07:00 [INF] CORS policy execution successful.
2026-04-14 17:25:11.533 +07:00 [INF] Request starting HTTP/1.1 OPTIONS http://localhost:5283/api/v1/mau-bao-cao?includeInactive=true - null null
2026-04-14 17:25:11.533 +07:00 [INF] Request starting HTTP/1.1 OPTIONS http://localhost:5283/api/v1/mau-bao-cao/module-catalog - null null
2026-04-14 17:25:11.536 +07:00 [INF] HTTP OPTIONS /api/v1/don-vi/2001 => 204 in 4.7189 ms CorrelationId=d43bd75389f649ce842744673faeff4f UserId=anonymous
2026-04-14 17:25:11.539 +07:00 [INF] CORS policy execution successful.
2026-04-14 17:25:11.541 +07:00 [INF] CORS policy execution successful.
2026-04-14 17:25:11.543 +07:00 [INF] HTTP OPTIONS /api/v1/don-vi/2001 responded 204 in 10.9175 ms
2026-04-14 17:25:11.543 +07:00 [INF] HTTP OPTIONS /api/v1/mau-bao-cao => 204 in 4.6167 ms CorrelationId=eb1f1db97dc04730b29b7f92bc4b5fda UserId=anonymous
2026-04-14 17:25:11.544 +07:00 [INF] HTTP OPTIONS /api/v1/mau-bao-cao/module-catalog => 204 in 3.1834 ms CorrelationId=e3105511dc404e8d92ee42623ad9e75e UserId=anonymous
2026-04-14 17:25:11.546 +07:00 [INF] Request finished HTTP/1.1 OPTIONS http://localhost:5283/api/v1/don-vi/2001 - 204 null null 19.3772ms
2026-04-14 17:25:11.547 +07:00 [INF] HTTP OPTIONS /api/v1/mau-bao-cao responded 204 in 8.8065 ms
2026-04-14 17:25:11.550 +07:00 [INF] HTTP OPTIONS /api/v1/mau-bao-cao/module-catalog responded 204 in 8.6720 ms
2026-04-14 17:25:11.552 +07:00 [INF] Request starting HTTP/1.1 GET http://localhost:5283/api/v1/don-vi/2001 - null null
2026-04-14 17:25:11.554 +07:00 [INF] Request finished HTTP/1.1 OPTIONS http://localhost:5283/api/v1/mau-bao-cao?includeInactive=true - 204 null null 21.3415ms
2026-04-14 17:25:11.556 +07:00 [INF] Request finished HTTP/1.1 OPTIONS http://localhost:5283/api/v1/mau-bao-cao/module-catalog - 204 null null 22.7107ms
2026-04-14 17:25:11.558 +07:00 [INF] CORS policy execution successful.
2026-04-14 17:25:11.561 +07:00 [INF] Request starting HTTP/1.1 GET http://localhost:5283/api/v1/mau-bao-cao?includeInactive=true - null null
2026-04-14 17:25:11.564 +07:00 [INF] Request starting HTTP/1.1 GET http://localhost:5283/api/v1/mau-bao-cao/module-catalog - null null
2026-04-14 17:25:11.565 +07:00 [INF] Executing endpoint 'ThucLuc.Api.Controllers.V1.DonViController.GetById (ThucLuc.Api)'
2026-04-14 17:25:11.567 +07:00 [INF] CORS policy execution successful.
2026-04-14 17:25:11.569 +07:00 [INF] CORS policy execution successful.
2026-04-14 17:25:11.570 +07:00 [INF] Route matched with {action = "GetById", controller = "DonVi"}. Executing controller action with signature System.Threading.Tasks.Task`1[Microsoft.AspNetCore.Mvc.ActionResult`1[ThucLuc.Api.Common.Models.ApiResponse`1[ThucLuc.Application.Features.DonVi.DonViDto]]] GetById(Int64, System.Threading.CancellationToken) on controller ThucLuc.Api.Controllers.V1.DonViController (ThucLuc.Api).
2026-04-14 17:25:11.571 +07:00 [INF] Executing endpoint 'ThucLuc.Api.Controllers.V1.MauBaoCaoController.GetAll (ThucLuc.Api)'
2026-04-14 17:25:11.572 +07:00 [INF] Executing endpoint 'ThucLuc.Api.Controllers.V1.MauBaoCaoController.GetModuleCatalog (ThucLuc.Api)'
2026-04-14 17:25:11.574 +07:00 [INF] Route matched with {action = "GetAll", controller = "MauBaoCao"}. Executing controller action with signature System.Threading.Tasks.Task`1[Microsoft.AspNetCore.Mvc.ActionResult`1[ThucLuc.Api.Common.Models.ApiResponse`1[System.Collections.Generic.IReadOnlyCollection`1[ThucLuc.Application.Features.MauBaoCao.MauBaoCaoDto]]]] GetAll(Boolean, System.Threading.CancellationToken) on controller ThucLuc.Api.Controllers.V1.MauBaoCaoController (ThucLuc.Api).
2026-04-14 17:25:11.575 +07:00 [INF] Route matched with {action = "GetModuleCatalog", controller = "MauBaoCao"}. Executing controller action with signature System.Threading.Tasks.Task`1[Microsoft.AspNetCore.Mvc.ActionResult`1[ThucLuc.Api.Common.Models.ApiResponse`1[System.Collections.Generic.IReadOnlyCollection`1[ThucLuc.Application.Features.MauBaoCao.MauBaoCaoModuleCatalogGroupDto]]]] GetModuleCatalog(System.Threading.CancellationToken) on controller ThucLuc.Api.Controllers.V1.MauBaoCaoController (ThucLuc.Api).
2026-04-14 17:25:11.576 +07:00 [INF] Executing OkObjectResult, writing value of type 'ThucLuc.Api.Common.Models.ApiResponse`1[[ThucLuc.Application.Features.DonVi.DonViDto, ThucLuc.Application, Version=1.0.0.0, Culture=neutral, PublicKeyToken=null]]'.
2026-04-14 17:25:11.579 +07:00 [INF] Executing OkObjectResult, writing value of type 'ThucLuc.Api.Common.Models.ApiResponse`1[[System.Collections.Generic.IReadOnlyCollection`1[[ThucLuc.Application.Features.MauBaoCao.MauBaoCaoModuleCatalogGroupDto, ThucLuc.Application, Version=1.0.0.0, Culture=neutral, PublicKeyToken=null]], System.Private.CoreLib, Version=8.0.0.0, Culture=neutral, PublicKeyToken=7cec85d7bea7798e]]'.
2026-04-14 17:25:11.580 +07:00 [INF] Executed action ThucLuc.Api.Controllers.V1.DonViController.GetById (ThucLuc.Api) in 6.9353ms
2026-04-14 17:25:11.581 +07:00 [INF] Executed action ThucLuc.Api.Controllers.V1.MauBaoCaoController.GetModuleCatalog (ThucLuc.Api) in 2.3307ms
2026-04-14 17:25:11.583 +07:00 [INF] Executed endpoint 'ThucLuc.Api.Controllers.V1.DonViController.GetById (ThucLuc.Api)'
2026-04-14 17:25:11.584 +07:00 [INF] Executed endpoint 'ThucLuc.Api.Controllers.V1.MauBaoCaoController.GetModuleCatalog (ThucLuc.Api)'
2026-04-14 17:25:11.585 +07:00 [INF] HTTP GET /api/v1/don-vi/2001 => 200 in 27.2179 ms CorrelationId=edceb5e79b414a618f00d75f98574899 UserId=5001
2026-04-14 17:25:11.585 +07:00 [INF] Executing OkObjectResult, writing value of type 'ThucLuc.Api.Common.Models.ApiResponse`1[[System.Collections.Generic.IReadOnlyCollection`1[[ThucLuc.Application.Features.MauBaoCao.MauBaoCaoDto, ThucLuc.Application, Version=1.0.0.0, Culture=neutral, PublicKeyToken=null]], System.Private.CoreLib, Version=8.0.0.0, Culture=neutral, PublicKeyToken=7cec85d7bea7798e]]'.
2026-04-14 17:25:11.586 +07:00 [INF] HTTP GET /api/v1/mau-bao-cao/module-catalog => 200 in 16.4191 ms CorrelationId=7df383b8cbd2477fa2c3f7ee360ef30b UserId=5001
2026-04-14 17:25:11.587 +07:00 [INF] HTTP GET /api/v1/don-vi/2001 responded 200 in 29.7790 ms
2026-04-14 17:25:11.588 +07:00 [INF] Executed action ThucLuc.Api.Controllers.V1.MauBaoCaoController.GetAll (ThucLuc.Api) in 11.2679ms
2026-04-14 17:25:11.589 +07:00 [INF] HTTP GET /api/v1/mau-bao-cao/module-catalog responded 200 in 20.0715 ms
2026-04-14 17:25:11.591 +07:00 [INF] Request finished HTTP/1.1 GET http://localhost:5283/api/v1/don-vi/2001 - 200 null application/json; charset=utf-8 38.5583ms
2026-04-14 17:25:11.592 +07:00 [INF] Executed endpoint 'ThucLuc.Api.Controllers.V1.MauBaoCaoController.GetAll (ThucLuc.Api)'
2026-04-14 17:25:11.594 +07:00 [INF] Request finished HTTP/1.1 GET http://localhost:5283/api/v1/mau-bao-cao/module-catalog - 200 null application/json; charset=utf-8 29.5737ms
2026-04-14 17:25:11.597 +07:00 [INF] HTTP GET /api/v1/mau-bao-cao => 200 in 30.284 ms CorrelationId=9acb2420749344bfab734a98896103ab UserId=5001
2026-04-14 17:25:11.602 +07:00 [INF] HTTP GET /api/v1/mau-bao-cao responded 200 in 35.1669 ms
2026-04-14 17:25:11.603 +07:00 [INF] Request finished HTTP/1.1 GET http://localhost:5283/api/v1/mau-bao-cao?includeInactive=true - 200 null application/json; charset=utf-8 42.8884ms
2026-04-14 17:25:11.606 +07:00 [INF] Request starting HTTP/1.1 GET http://localhost:5283/api/v1/don-vi/2001 - null null
2026-04-14 17:25:11.608 +07:00 [INF] CORS policy execution successful.
2026-04-14 17:25:11.609 +07:00 [INF] Executing endpoint 'ThucLuc.Api.Controllers.V1.DonViController.GetById (ThucLuc.Api)'
2026-04-14 17:25:11.610 +07:00 [INF] Route matched with {action = "GetById", controller = "DonVi"}. Executing controller action with signature System.Threading.Tasks.Task`1[Microsoft.AspNetCore.Mvc.ActionResult`1[ThucLuc.Api.Common.Models.ApiResponse`1[ThucLuc.Application.Features.DonVi.DonViDto]]] GetById(Int64, System.Threading.CancellationToken) on controller ThucLuc.Api.Controllers.V1.DonViController (ThucLuc.Api).
2026-04-14 17:25:11.613 +07:00 [INF] Request starting HTTP/1.1 OPTIONS http://localhost:5283/api/v1/codes/by-code/NOI_DUNG_DAO_TAO_HV - null null
2026-04-14 17:25:11.615 +07:00 [INF] Executing OkObjectResult, writing value of type 'ThucLuc.Api.Common.Models.ApiResponse`1[[ThucLuc.Application.Features.DonVi.DonViDto, ThucLuc.Application, Version=1.0.0.0, Culture=neutral, PublicKeyToken=null]]'.
2026-04-14 17:25:11.615 +07:00 [INF] CORS policy execution successful.
2026-04-14 17:25:11.616 +07:00 [INF] Executed action ThucLuc.Api.Controllers.V1.DonViController.GetById (ThucLuc.Api) in 4.2593ms
2026-04-14 17:25:11.617 +07:00 [INF] HTTP OPTIONS /api/v1/codes/by-code/NOI_DUNG_DAO_TAO_HV => 204 in 1.4918 ms CorrelationId=8073baaf75f14f5d848de24783ebd32f UserId=anonymous
2026-04-14 17:25:11.618 +07:00 [INF] Executed endpoint 'ThucLuc.Api.Controllers.V1.DonViController.GetById (ThucLuc.Api)'
2026-04-14 17:25:11.620 +07:00 [INF] HTTP OPTIONS /api/v1/codes/by-code/NOI_DUNG_DAO_TAO_HV responded 204 in 4.7563 ms
2026-04-14 17:25:11.621 +07:00 [INF] HTTP GET /api/v1/don-vi/2001 => 200 in 12.6422 ms CorrelationId=69b9cff386334b9dba85ff822cfc7be0 UserId=5001
2026-04-14 17:25:11.623 +07:00 [INF] Request finished HTTP/1.1 OPTIONS http://localhost:5283/api/v1/codes/by-code/NOI_DUNG_DAO_TAO_HV - 204 null null 9.2448ms
2026-04-14 17:25:11.625 +07:00 [INF] HTTP GET /api/v1/don-vi/2001 responded 200 in 16.4285 ms
2026-04-14 17:25:11.628 +07:00 [INF] Request starting HTTP/1.1 GET http://localhost:5283/api/v1/codes/by-code/NOI_DUNG_DAO_TAO_HV - null null
2026-04-14 17:25:11.630 +07:00 [INF] Request finished HTTP/1.1 GET http://localhost:5283/api/v1/don-vi/2001 - 200 null application/json; charset=utf-8 23.3492ms
2026-04-14 17:25:11.631 +07:00 [INF] CORS policy execution successful.
2026-04-14 17:25:11.634 +07:00 [INF] Executing endpoint 'ThucLuc.Api.Controllers.V1.CodesController.GetByCode (ThucLuc.Api)'
2026-04-14 17:25:11.635 +07:00 [INF] Route matched with {action = "GetByCode", controller = "Codes"}. Executing controller action with signature System.Threading.Tasks.Task`1[Microsoft.AspNetCore.Mvc.ActionResult`1[ThucLuc.Api.Common.Models.ApiResponse`1[ThucLuc.Application.Features.Codes.CodeDto]]] GetByCode(System.String, System.Threading.CancellationToken) on controller ThucLuc.Api.Controllers.V1.CodesController (ThucLuc.Api).
2026-04-14 17:25:11.640 +07:00 [INF] Executing OkObjectResult, writing value of type 'ThucLuc.Api.Common.Models.ApiResponse`1[[ThucLuc.Application.Features.Codes.CodeDto, ThucLuc.Application, Version=1.0.0.0, Culture=neutral, PublicKeyToken=null]]'.
2026-04-14 17:25:11.641 +07:00 [INF] Executed action ThucLuc.Api.Controllers.V1.CodesController.GetByCode (ThucLuc.Api) in 4.3072ms
2026-04-14 17:25:11.642 +07:00 [INF] Executed endpoint 'ThucLuc.Api.Controllers.V1.CodesController.GetByCode (ThucLuc.Api)'
2026-04-14 17:25:11.643 +07:00 [INF] HTTP GET /api/v1/codes/by-code/NOI_DUNG_DAO_TAO_HV => 200 in 11.4281 ms CorrelationId=ba53ac9804cc4b06a09a3f070b7bb163 UserId=5001
2026-04-14 17:25:11.645 +07:00 [INF] HTTP GET /api/v1/codes/by-code/NOI_DUNG_DAO_TAO_HV responded 200 in 13.3712 ms
2026-04-14 17:25:11.646 +07:00 [INF] Request finished HTTP/1.1 GET http://localhost:5283/api/v1/codes/by-code/NOI_DUNG_DAO_TAO_HV - 200 null application/json; charset=utf-8 17.6671ms
2026-04-14 17:25:11.694 +07:00 [INF] Request starting HTTP/1.1 OPTIONS http://localhost:5283/api/v1/dao-tao-hoc-vien?kyCode=2026Q1 - null null
2026-04-14 17:25:11.696 +07:00 [INF] CORS policy execution successful.
2026-04-14 17:25:11.697 +07:00 [INF] HTTP OPTIONS /api/v1/dao-tao-hoc-vien => 204 in 0.569 ms CorrelationId=c64b504bf9504f8ea902cf16d20661b6 UserId=anonymous
2026-04-14 17:25:11.698 +07:00 [INF] HTTP OPTIONS /api/v1/dao-tao-hoc-vien responded 204 in 2.1513 ms
2026-04-14 17:25:11.700 +07:00 [INF] Request finished HTTP/1.1 OPTIONS http://localhost:5283/api/v1/dao-tao-hoc-vien?kyCode=2026Q1 - 204 null null 6.0518ms
2026-04-14 17:25:11.702 +07:00 [INF] Request starting HTTP/1.1 GET http://localhost:5283/api/v1/dao-tao-hoc-vien?kyCode=2026Q1 - null null
2026-04-14 17:25:11.704 +07:00 [INF] CORS policy execution successful.
2026-04-14 17:25:11.704 +07:00 [INF] Executing endpoint 'ThucLuc.Api.Controllers.V1.DaoTaoHocVienController.GetAll (ThucLuc.Api)'
2026-04-14 17:25:11.706 +07:00 [INF] Route matched with {action = "GetAll", controller = "DaoTaoHocVien"}. Executing controller action with signature System.Threading.Tasks.Task`1[Microsoft.AspNetCore.Mvc.ActionResult`1[ThucLuc.Api.Common.Models.ApiResponse`1[System.Collections.Generic.IReadOnlyCollection`1[ThucLuc.Application.Features.DaoTaoHocVien.DaoTaoHocVienDto]]]] GetAll(System.Nullable`1[System.Int32], System.Threading.CancellationToken) on controller ThucLuc.Api.Controllers.V1.DaoTaoHocVienController (ThucLuc.Api).
2026-04-14 17:25:11.710 +07:00 [INF] Executing OkObjectResult, writing value of type 'ThucLuc.Api.Common.Models.ApiResponse`1[[System.Collections.Generic.IReadOnlyCollection`1[[ThucLuc.Application.Features.DaoTaoHocVien.DaoTaoHocVienDto, ThucLuc.Application, Version=1.0.0.0, Culture=neutral, PublicKeyToken=null]], System.Private.CoreLib, Version=8.0.0.0, Culture=neutral, PublicKeyToken=7cec85d7bea7798e]]'.
2026-04-14 17:25:11.712 +07:00 [INF] Executed action ThucLuc.Api.Controllers.V1.DaoTaoHocVienController.GetAll (ThucLuc.Api) in 4.0825ms
2026-04-14 17:25:11.713 +07:00 [INF] Executed endpoint 'ThucLuc.Api.Controllers.V1.DaoTaoHocVienController.GetAll (ThucLuc.Api)'
2026-04-14 17:25:11.714 +07:00 [INF] HTTP GET /api/v1/dao-tao-hoc-vien => 200 in 10.4644 ms CorrelationId=1ab07b4c311d4298811eaf823806f527 UserId=5001
2026-04-14 17:25:11.715 +07:00 [INF] HTTP GET /api/v1/dao-tao-hoc-vien responded 200 in 11.7483 ms
2026-04-14 17:25:11.716 +07:00 [INF] Request finished HTTP/1.1 GET http://localhost:5283/api/v1/dao-tao-hoc-vien?kyCode=2026Q1 - 200 null application/json; charset=utf-8 14.3665ms
2026-04-14 17:25:16.545 +07:00 [INF] Request starting HTTP/1.1 GET http://localhost:5283/api/v1/don-vi/2001 - null null
2026-04-14 17:25:16.546 +07:00 [INF] Request starting HTTP/1.1 GET http://localhost:5283/api/v1/mau-bao-cao/module-catalog - null null
2026-04-14 17:25:16.546 +07:00 [INF] Request starting HTTP/1.1 GET http://localhost:5283/api/v1/mau-bao-cao?includeInactive=true - null null
2026-04-14 17:25:16.547 +07:00 [INF] CORS policy execution successful.
2026-04-14 17:25:16.552 +07:00 [INF] CORS policy execution successful.
2026-04-14 17:25:16.555 +07:00 [INF] CORS policy execution successful.
2026-04-14 17:25:16.556 +07:00 [INF] Executing endpoint 'ThucLuc.Api.Controllers.V1.DonViController.GetById (ThucLuc.Api)'
2026-04-14 17:25:16.557 +07:00 [INF] Executing endpoint 'ThucLuc.Api.Controllers.V1.MauBaoCaoController.GetModuleCatalog (ThucLuc.Api)'
2026-04-14 17:25:16.562 +07:00 [INF] Route matched with {action = "GetModuleCatalog", controller = "MauBaoCao"}. Executing controller action with signature System.Threading.Tasks.Task`1[Microsoft.AspNetCore.Mvc.ActionResult`1[ThucLuc.Api.Common.Models.ApiResponse`1[System.Collections.Generic.IReadOnlyCollection`1[ThucLuc.Application.Features.MauBaoCao.MauBaoCaoModuleCatalogGroupDto]]]] GetModuleCatalog(System.Threading.CancellationToken) on controller ThucLuc.Api.Controllers.V1.MauBaoCaoController (ThucLuc.Api).
2026-04-14 17:25:16.559 +07:00 [INF] Route matched with {action = "GetById", controller = "DonVi"}. Executing controller action with signature System.Threading.Tasks.Task`1[Microsoft.AspNetCore.Mvc.ActionResult`1[ThucLuc.Api.Common.Models.ApiResponse`1[ThucLuc.Application.Features.DonVi.DonViDto]]] GetById(Int64, System.Threading.CancellationToken) on controller ThucLuc.Api.Controllers.V1.DonViController (ThucLuc.Api).
2026-04-14 17:25:16.558 +07:00 [INF] Executing endpoint 'ThucLuc.Api.Controllers.V1.MauBaoCaoController.GetAll (ThucLuc.Api)'
2026-04-14 17:25:16.565 +07:00 [INF] Executing OkObjectResult, writing value of type 'ThucLuc.Api.Common.Models.ApiResponse`1[[System.Collections.Generic.IReadOnlyCollection`1[[ThucLuc.Application.Features.MauBaoCao.MauBaoCaoModuleCatalogGroupDto, ThucLuc.Application, Version=1.0.0.0, Culture=neutral, PublicKeyToken=null]], System.Private.CoreLib, Version=8.0.0.0, Culture=neutral, PublicKeyToken=7cec85d7bea7798e]]'.
2026-04-14 17:25:16.568 +07:00 [INF] Route matched with {action = "GetAll", controller = "MauBaoCao"}. Executing controller action with signature System.Threading.Tasks.Task`1[Microsoft.AspNetCore.Mvc.ActionResult`1[ThucLuc.Api.Common.Models.ApiResponse`1[System.Collections.Generic.IReadOnlyCollection`1[ThucLuc.Application.Features.MauBaoCao.MauBaoCaoDto]]]] GetAll(Boolean, System.Threading.CancellationToken) on controller ThucLuc.Api.Controllers.V1.MauBaoCaoController (ThucLuc.Api).
2026-04-14 17:25:16.569 +07:00 [INF] Executed action ThucLuc.Api.Controllers.V1.MauBaoCaoController.GetModuleCatalog (ThucLuc.Api) in 5.0892ms
2026-04-14 17:25:16.569 +07:00 [INF] Executing OkObjectResult, writing value of type 'ThucLuc.Api.Common.Models.ApiResponse`1[[ThucLuc.Application.Features.DonVi.DonViDto, ThucLuc.Application, Version=1.0.0.0, Culture=neutral, PublicKeyToken=null]]'.
2026-04-14 17:25:16.573 +07:00 [INF] Executed endpoint 'ThucLuc.Api.Controllers.V1.MauBaoCaoController.GetModuleCatalog (ThucLuc.Api)'
2026-04-14 17:25:16.575 +07:00 [INF] Executed action ThucLuc.Api.Controllers.V1.DonViController.GetById (ThucLuc.Api) in 7.8729ms
2026-04-14 17:25:16.576 +07:00 [INF] HTTP GET /api/v1/mau-bao-cao/module-catalog => 200 in 23.3769 ms CorrelationId=5d5b0acc824b4618ab6f5c41643b644e UserId=5001
2026-04-14 17:25:16.577 +07:00 [INF] Executed endpoint 'ThucLuc.Api.Controllers.V1.DonViController.GetById (ThucLuc.Api)'
2026-04-14 17:25:16.579 +07:00 [INF] Executing OkObjectResult, writing value of type 'ThucLuc.Api.Common.Models.ApiResponse`1[[System.Collections.Generic.IReadOnlyCollection`1[[ThucLuc.Application.Features.MauBaoCao.MauBaoCaoDto, ThucLuc.Application, Version=1.0.0.0, Culture=neutral, PublicKeyToken=null]], System.Private.CoreLib, Version=8.0.0.0, Culture=neutral, PublicKeyToken=7cec85d7bea7798e]]'.
2026-04-14 17:25:16.580 +07:00 [INF] HTTP GET /api/v1/mau-bao-cao/module-catalog responded 200 in 27.1605 ms
2026-04-14 17:25:16.580 +07:00 [INF] HTTP GET /api/v1/don-vi/2001 => 200 in 33.3136 ms CorrelationId=1578756e40624cb4aa3d0431af114da7 UserId=5001
2026-04-14 17:25:16.583 +07:00 [INF] Executed action ThucLuc.Api.Controllers.V1.MauBaoCaoController.GetAll (ThucLuc.Api) in 11.3748ms
2026-04-14 17:25:16.584 +07:00 [INF] Request finished HTTP/1.1 GET http://localhost:5283/api/v1/mau-bao-cao/module-catalog - 200 null application/json; charset=utf-8 37.9956ms
2026-04-14 17:25:16.586 +07:00 [INF] HTTP GET /api/v1/don-vi/2001 responded 200 in 39.0549 ms
2026-04-14 17:25:16.587 +07:00 [INF] Executed endpoint 'ThucLuc.Api.Controllers.V1.MauBaoCaoController.GetAll (ThucLuc.Api)'
2026-04-14 17:25:16.592 +07:00 [INF] Request finished HTTP/1.1 GET http://localhost:5283/api/v1/don-vi/2001 - 200 null application/json; charset=utf-8 47.2421ms
2026-04-14 17:25:16.593 +07:00 [INF] HTTP GET /api/v1/mau-bao-cao => 200 in 37.656 ms CorrelationId=36bd2c9048b1471b9dbe64ff28ae816d UserId=5001
2026-04-14 17:25:16.599 +07:00 [INF] HTTP GET /api/v1/mau-bao-cao responded 200 in 43.3992 ms
2026-04-14 17:25:16.600 +07:00 [INF] Request finished HTTP/1.1 GET http://localhost:5283/api/v1/mau-bao-cao?includeInactive=true - 200 null application/json; charset=utf-8 53.4669ms
2026-04-14 17:25:16.624 +07:00 [INF] Request starting HTTP/1.1 OPTIONS http://localhost:5283/api/v1/don-vi/2001 - null null
2026-04-14 17:25:16.625 +07:00 [INF] CORS policy execution successful.
2026-04-14 17:25:16.626 +07:00 [INF] HTTP OPTIONS /api/v1/don-vi/2001 => 204 in 0.5393 ms CorrelationId=3e19fb76ce2b4ded8190dceb5ab8ecff UserId=anonymous
2026-04-14 17:25:16.628 +07:00 [INF] HTTP OPTIONS /api/v1/don-vi/2001 responded 204 in 2.7622 ms
2026-04-14 17:25:16.630 +07:00 [INF] Request starting HTTP/1.1 OPTIONS http://localhost:5283/api/v1/codes/by-code/NOI_DUNG_DAO_TAO_HV - null null
2026-04-14 17:25:16.630 +07:00 [INF] Request finished HTTP/1.1 OPTIONS http://localhost:5283/api/v1/don-vi/2001 - 204 null null 6.54ms
2026-04-14 17:25:16.632 +07:00 [INF] CORS policy execution successful.
2026-04-14 17:25:16.634 +07:00 [INF] Request starting HTTP/1.1 GET http://localhost:5283/api/v1/don-vi/2001 - null null
2026-04-14 17:25:16.634 +07:00 [INF] HTTP OPTIONS /api/v1/codes/by-code/NOI_DUNG_DAO_TAO_HV => 204 in 2.5032 ms CorrelationId=f7412eb03b0c449caeb5a12bbe8107c9 UserId=anonymous
2026-04-14 17:25:16.637 +07:00 [INF] CORS policy execution successful.
2026-04-14 17:25:16.639 +07:00 [INF] HTTP OPTIONS /api/v1/codes/by-code/NOI_DUNG_DAO_TAO_HV responded 204 in 6.8479 ms
2026-04-14 17:25:16.640 +07:00 [INF] Executing endpoint 'ThucLuc.Api.Controllers.V1.DonViController.GetById (ThucLuc.Api)'
2026-04-14 17:25:16.641 +07:00 [INF] Request finished HTTP/1.1 OPTIONS http://localhost:5283/api/v1/codes/by-code/NOI_DUNG_DAO_TAO_HV - 204 null null 11.4855ms
2026-04-14 17:25:16.642 +07:00 [INF] Route matched with {action = "GetById", controller = "DonVi"}. Executing controller action with signature System.Threading.Tasks.Task`1[Microsoft.AspNetCore.Mvc.ActionResult`1[ThucLuc.Api.Common.Models.ApiResponse`1[ThucLuc.Application.Features.DonVi.DonViDto]]] GetById(Int64, System.Threading.CancellationToken) on controller ThucLuc.Api.Controllers.V1.DonViController (ThucLuc.Api).
2026-04-14 17:25:16.645 +07:00 [INF] Request starting HTTP/1.1 GET http://localhost:5283/api/v1/codes/by-code/NOI_DUNG_DAO_TAO_HV - null null
2026-04-14 17:25:16.649 +07:00 [INF] CORS policy execution successful.
2026-04-14 17:25:16.649 +07:00 [INF] Executing OkObjectResult, writing value of type 'ThucLuc.Api.Common.Models.ApiResponse`1[[ThucLuc.Application.Features.DonVi.DonViDto, ThucLuc.Application, Version=1.0.0.0, Culture=neutral, PublicKeyToken=null]]'.
2026-04-14 17:25:16.649 +07:00 [INF] Executing endpoint 'ThucLuc.Api.Controllers.V1.CodesController.GetByCode (ThucLuc.Api)'
2026-04-14 17:25:16.650 +07:00 [INF] Executed action ThucLuc.Api.Controllers.V1.DonViController.GetById (ThucLuc.Api) in 3.0654ms
2026-04-14 17:25:16.651 +07:00 [INF] Route matched with {action = "GetByCode", controller = "Codes"}. Executing controller action with signature System.Threading.Tasks.Task`1[Microsoft.AspNetCore.Mvc.ActionResult`1[ThucLuc.Api.Common.Models.ApiResponse`1[ThucLuc.Application.Features.Codes.CodeDto]]] GetByCode(System.String, System.Threading.CancellationToken) on controller ThucLuc.Api.Controllers.V1.CodesController (ThucLuc.Api).
2026-04-14 17:25:16.652 +07:00 [INF] Executed endpoint 'ThucLuc.Api.Controllers.V1.DonViController.GetById (ThucLuc.Api)'
2026-04-14 17:25:16.654 +07:00 [INF] HTTP GET /api/v1/don-vi/2001 => 200 in 16.9011 ms CorrelationId=39d3cea392244ce59e54d73dce1f600c UserId=5001
2026-04-14 17:25:16.655 +07:00 [INF] HTTP GET /api/v1/don-vi/2001 responded 200 in 18.5806 ms
2026-04-14 17:25:16.655 +07:00 [INF] Executing OkObjectResult, writing value of type 'ThucLuc.Api.Common.Models.ApiResponse`1[[ThucLuc.Application.Features.Codes.CodeDto, ThucLuc.Application, Version=1.0.0.0, Culture=neutral, PublicKeyToken=null]]'.
2026-04-14 17:25:16.657 +07:00 [INF] Request finished HTTP/1.1 GET http://localhost:5283/api/v1/don-vi/2001 - 200 null application/json; charset=utf-8 22.6789ms
2026-04-14 17:25:16.658 +07:00 [INF] Executed action ThucLuc.Api.Controllers.V1.CodesController.GetByCode (ThucLuc.Api) in 5.0791ms
2026-04-14 17:25:16.663 +07:00 [INF] Executed endpoint 'ThucLuc.Api.Controllers.V1.CodesController.GetByCode (ThucLuc.Api)'
2026-04-14 17:25:16.663 +07:00 [INF] HTTP GET /api/v1/codes/by-code/NOI_DUNG_DAO_TAO_HV => 200 in 14.9232 ms CorrelationId=9667cffe6a0c4b748f1b2d6b27be4ad7 UserId=5001
2026-04-14 17:25:16.665 +07:00 [INF] HTTP GET /api/v1/codes/by-code/NOI_DUNG_DAO_TAO_HV responded 200 in 16.1611 ms
2026-04-14 17:25:16.666 +07:00 [INF] Request finished HTTP/1.1 GET http://localhost:5283/api/v1/codes/by-code/NOI_DUNG_DAO_TAO_HV - 200 null application/json; charset=utf-8 21.169ms
2026-04-14 17:25:16.688 +07:00 [INF] Request starting HTTP/1.1 GET http://localhost:5283/api/v1/dao-tao-hoc-vien?kyCode=2026Q1 - null null
2026-04-14 17:25:16.690 +07:00 [INF] CORS policy execution successful.
2026-04-14 17:25:16.691 +07:00 [INF] Executing endpoint 'ThucLuc.Api.Controllers.V1.DaoTaoHocVienController.GetAll (ThucLuc.Api)'
2026-04-14 17:25:16.691 +07:00 [INF] Route matched with {action = "GetAll", controller = "DaoTaoHocVien"}. Executing controller action with signature System.Threading.Tasks.Task`1[Microsoft.AspNetCore.Mvc.ActionResult`1[ThucLuc.Api.Common.Models.ApiResponse`1[System.Collections.Generic.IReadOnlyCollection`1[ThucLuc.Application.Features.DaoTaoHocVien.DaoTaoHocVienDto]]]] GetAll(System.Nullable`1[System.Int32], System.Threading.CancellationToken) on controller ThucLuc.Api.Controllers.V1.DaoTaoHocVienController (ThucLuc.Api).
2026-04-14 17:25:16.695 +07:00 [INF] Executing OkObjectResult, writing value of type 'ThucLuc.Api.Common.Models.ApiResponse`1[[System.Collections.Generic.IReadOnlyCollection`1[[ThucLuc.Application.Features.DaoTaoHocVien.DaoTaoHocVienDto, ThucLuc.Application, Version=1.0.0.0, Culture=neutral, PublicKeyToken=null]], System.Private.CoreLib, Version=8.0.0.0, Culture=neutral, PublicKeyToken=7cec85d7bea7798e]]'.
2026-04-14 17:25:16.697 +07:00 [INF] Executed action ThucLuc.Api.Controllers.V1.DaoTaoHocVienController.GetAll (ThucLuc.Api) in 4.6749ms
2026-04-14 17:25:16.699 +07:00 [INF] Executed endpoint 'ThucLuc.Api.Controllers.V1.DaoTaoHocVienController.GetAll (ThucLuc.Api)'
2026-04-14 17:25:16.699 +07:00 [INF] HTTP GET /api/v1/dao-tao-hoc-vien => 200 in 9.5885 ms CorrelationId=9be69977fcf74709a2e3225693ebe2b6 UserId=5001
2026-04-14 17:25:16.701 +07:00 [INF] HTTP GET /api/v1/dao-tao-hoc-vien responded 200 in 11.1512 ms
2026-04-14 17:25:16.702 +07:00 [INF] Request finished HTTP/1.1 GET http://localhost:5283/api/v1/dao-tao-hoc-vien?kyCode=2026Q1 - 200 null application/json; charset=utf-8 13.7605ms
2026-04-14 17:25:21.556 +07:00 [INF] Request starting HTTP/1.1 GET http://localhost:5283/api/v1/don-vi/2001 - null null
2026-04-14 17:25:21.560 +07:00 [INF] CORS policy execution successful.
2026-04-14 17:25:21.561 +07:00 [INF] Executing endpoint 'ThucLuc.Api.Controllers.V1.DonViController.GetById (ThucLuc.Api)'
2026-04-14 17:25:21.562 +07:00 [INF] Route matched with {action = "GetById", controller = "DonVi"}. Executing controller action with signature System.Threading.Tasks.Task`1[Microsoft.AspNetCore.Mvc.ActionResult`1[ThucLuc.Api.Common.Models.ApiResponse`1[ThucLuc.Application.Features.DonVi.DonViDto]]] GetById(Int64, System.Threading.CancellationToken) on controller ThucLuc.Api.Controllers.V1.DonViController (ThucLuc.Api).
2026-04-14 17:25:21.564 +07:00 [INF] Request starting HTTP/1.1 OPTIONS http://localhost:5283/api/v1/mau-bao-cao?includeInactive=true - null null
2026-04-14 17:25:21.565 +07:00 [INF] Request starting HTTP/1.1 OPTIONS http://localhost:5283/api/v1/mau-bao-cao/module-catalog - null null
2026-04-14 17:25:21.567 +07:00 [INF] Executing OkObjectResult, writing value of type 'ThucLuc.Api.Common.Models.ApiResponse`1[[ThucLuc.Application.Features.DonVi.DonViDto, ThucLuc.Application, Version=1.0.0.0, Culture=neutral, PublicKeyToken=null]]'.
2026-04-14 17:25:21.567 +07:00 [INF] CORS policy execution successful.
2026-04-14 17:25:21.569 +07:00 [INF] CORS policy execution successful.
2026-04-14 17:25:21.571 +07:00 [INF] Executed action ThucLuc.Api.Controllers.V1.DonViController.GetById (ThucLuc.Api) in 6.4102ms
2026-04-14 17:25:21.571 +07:00 [INF] HTTP OPTIONS /api/v1/mau-bao-cao => 204 in 4.6882 ms CorrelationId=ba76eab256b943baaf20cdd6d39b7f9b UserId=anonymous
2026-04-14 17:25:21.572 +07:00 [INF] HTTP OPTIONS /api/v1/mau-bao-cao/module-catalog => 204 in 2.6633 ms CorrelationId=2907fea50bd245509850913b3e0ffbb4 UserId=anonymous
2026-04-14 17:25:21.573 +07:00 [INF] Executed endpoint 'ThucLuc.Api.Controllers.V1.DonViController.GetById (ThucLuc.Api)'
2026-04-14 17:25:21.574 +07:00 [INF] HTTP OPTIONS /api/v1/mau-bao-cao responded 204 in 7.6331 ms
2026-04-14 17:25:21.576 +07:00 [INF] HTTP OPTIONS /api/v1/mau-bao-cao/module-catalog responded 204 in 6.5752 ms
2026-04-14 17:25:21.577 +07:00 [INF] HTTP GET /api/v1/don-vi/2001 => 200 in 17.4917 ms CorrelationId=0fd60d20c1724bdf844c0e31b36e693e UserId=5001
2026-04-14 17:25:21.579 +07:00 [INF] Request finished HTTP/1.1 OPTIONS http://localhost:5283/api/v1/mau-bao-cao?includeInactive=true - 204 null null 15.3737ms
2026-04-14 17:25:21.581 +07:00 [INF] Request finished HTTP/1.1 OPTIONS http://localhost:5283/api/v1/mau-bao-cao/module-catalog - 204 null null 16.3455ms
2026-04-14 17:25:21.583 +07:00 [INF] HTTP GET /api/v1/don-vi/2001 responded 200 in 23.7031 ms
2026-04-14 17:25:21.586 +07:00 [INF] Request starting HTTP/1.1 GET http://localhost:5283/api/v1/mau-bao-cao?includeInactive=true - null null
2026-04-14 17:25:21.588 +07:00 [INF] Request starting HTTP/1.1 GET http://localhost:5283/api/v1/mau-bao-cao/module-catalog - null null
2026-04-14 17:25:21.589 +07:00 [INF] Request finished HTTP/1.1 GET http://localhost:5283/api/v1/don-vi/2001 - 200 null application/json; charset=utf-8 33.2272ms
2026-04-14 17:25:21.592 +07:00 [INF] CORS policy execution successful.
2026-04-14 17:25:21.594 +07:00 [INF] CORS policy execution successful.
2026-04-14 17:25:21.597 +07:00 [INF] Request starting HTTP/1.1 GET http://localhost:5283/api/v1/don-vi/2001 - null null
2026-04-14 17:25:21.598 +07:00 [INF] Executing endpoint 'ThucLuc.Api.Controllers.V1.MauBaoCaoController.GetAll (ThucLuc.Api)'
2026-04-14 17:25:21.598 +07:00 [INF] Executing endpoint 'ThucLuc.Api.Controllers.V1.MauBaoCaoController.GetModuleCatalog (ThucLuc.Api)'
2026-04-14 17:25:21.598 +07:00 [INF] Request starting HTTP/1.1 GET http://localhost:5283/api/v1/codes/by-code/NOI_DUNG_DAO_TAO_HV - null null
2026-04-14 17:25:21.600 +07:00 [INF] CORS policy execution successful.
2026-04-14 17:25:21.601 +07:00 [INF] Route matched with {action = "GetAll", controller = "MauBaoCao"}. Executing controller action with signature System.Threading.Tasks.Task`1[Microsoft.AspNetCore.Mvc.ActionResult`1[ThucLuc.Api.Common.Models.ApiResponse`1[System.Collections.Generic.IReadOnlyCollection`1[ThucLuc.Application.Features.MauBaoCao.MauBaoCaoDto]]]] GetAll(Boolean, System.Threading.CancellationToken) on controller ThucLuc.Api.Controllers.V1.MauBaoCaoController (ThucLuc.Api).
2026-04-14 17:25:21.602 +07:00 [INF] Route matched with {action = "GetModuleCatalog", controller = "MauBaoCao"}. Executing controller action with signature System.Threading.Tasks.Task`1[Microsoft.AspNetCore.Mvc.ActionResult`1[ThucLuc.Api.Common.Models.ApiResponse`1[System.Collections.Generic.IReadOnlyCollection`1[ThucLuc.Application.Features.MauBaoCao.MauBaoCaoModuleCatalogGroupDto]]]] GetModuleCatalog(System.Threading.CancellationToken) on controller ThucLuc.Api.Controllers.V1.MauBaoCaoController (ThucLuc.Api).
2026-04-14 17:25:21.603 +07:00 [INF] CORS policy execution successful.
2026-04-14 17:25:21.604 +07:00 [INF] Executing endpoint 'ThucLuc.Api.Controllers.V1.DonViController.GetById (ThucLuc.Api)'
2026-04-14 17:25:21.607 +07:00 [INF] Executing OkObjectResult, writing value of type 'ThucLuc.Api.Common.Models.ApiResponse`1[[System.Collections.Generic.IReadOnlyCollection`1[[ThucLuc.Application.Features.MauBaoCao.MauBaoCaoModuleCatalogGroupDto, ThucLuc.Application, Version=1.0.0.0, Culture=neutral, PublicKeyToken=null]], System.Private.CoreLib, Version=8.0.0.0, Culture=neutral, PublicKeyToken=7cec85d7bea7798e]]'.
2026-04-14 17:25:21.608 +07:00 [INF] Executing endpoint 'ThucLuc.Api.Controllers.V1.CodesController.GetByCode (ThucLuc.Api)'
2026-04-14 17:25:21.608 +07:00 [INF] Route matched with {action = "GetById", controller = "DonVi"}. Executing controller action with signature System.Threading.Tasks.Task`1[Microsoft.AspNetCore.Mvc.ActionResult`1[ThucLuc.Api.Common.Models.ApiResponse`1[ThucLuc.Application.Features.DonVi.DonViDto]]] GetById(Int64, System.Threading.CancellationToken) on controller ThucLuc.Api.Controllers.V1.DonViController (ThucLuc.Api).
2026-04-14 17:25:21.610 +07:00 [INF] Executed action ThucLuc.Api.Controllers.V1.MauBaoCaoController.GetModuleCatalog (ThucLuc.Api) in 2.8312ms
2026-04-14 17:25:21.611 +07:00 [INF] Route matched with {action = "GetByCode", controller = "Codes"}. Executing controller action with signature System.Threading.Tasks.Task`1[Microsoft.AspNetCore.Mvc.ActionResult`1[ThucLuc.Api.Common.Models.ApiResponse`1[ThucLuc.Application.Features.Codes.CodeDto]]] GetByCode(System.String, System.Threading.CancellationToken) on controller ThucLuc.Api.Controllers.V1.CodesController (ThucLuc.Api).
2026-04-14 17:25:21.614 +07:00 [INF] Executing OkObjectResult, writing value of type 'ThucLuc.Api.Common.Models.ApiResponse`1[[System.Collections.Generic.IReadOnlyCollection`1[[ThucLuc.Application.Features.MauBaoCao.MauBaoCaoDto, ThucLuc.Application, Version=1.0.0.0, Culture=neutral, PublicKeyToken=null]], System.Private.CoreLib, Version=8.0.0.0, Culture=neutral, PublicKeyToken=7cec85d7bea7798e]]'.
2026-04-14 17:25:21.614 +07:00 [INF] Executed endpoint 'ThucLuc.Api.Controllers.V1.MauBaoCaoController.GetModuleCatalog (ThucLuc.Api)'
2026-04-14 17:25:21.615 +07:00 [INF] Executing OkObjectResult, writing value of type 'ThucLuc.Api.Common.Models.ApiResponse`1[[ThucLuc.Application.Features.DonVi.DonViDto, ThucLuc.Application, Version=1.0.0.0, Culture=neutral, PublicKeyToken=null]]'.
2026-04-14 17:25:21.617 +07:00 [INF] Executed action ThucLuc.Api.Controllers.V1.MauBaoCaoController.GetAll (ThucLuc.Api) in 11.293ms
2026-04-14 17:25:21.618 +07:00 [INF] Executing OkObjectResult, writing value of type 'ThucLuc.Api.Common.Models.ApiResponse`1[[ThucLuc.Application.Features.Codes.CodeDto, ThucLuc.Application, Version=1.0.0.0, Culture=neutral, PublicKeyToken=null]]'.
2026-04-14 17:25:21.619 +07:00 [INF] HTTP GET /api/v1/mau-bao-cao/module-catalog => 200 in 24.4469 ms CorrelationId=54f78c4b2a734b9a8aa53931462608da UserId=5001
2026-04-14 17:25:21.620 +07:00 [INF] Executed action ThucLuc.Api.Controllers.V1.DonViController.GetById (ThucLuc.Api) in 7.514ms
2026-04-14 17:25:21.622 +07:00 [INF] Executed endpoint 'ThucLuc.Api.Controllers.V1.MauBaoCaoController.GetAll (ThucLuc.Api)'
2026-04-14 17:25:21.623 +07:00 [INF] Executed action ThucLuc.Api.Controllers.V1.CodesController.GetByCode (ThucLuc.Api) in 6.6165ms
2026-04-14 17:25:21.624 +07:00 [INF] HTTP GET /api/v1/mau-bao-cao/module-catalog responded 200 in 29.6029 ms
2026-04-14 17:25:21.625 +07:00 [INF] Executed endpoint 'ThucLuc.Api.Controllers.V1.DonViController.GetById (ThucLuc.Api)'
2026-04-14 17:25:21.625 +07:00 [INF] HTTP GET /api/v1/mau-bao-cao => 200 in 33.2145 ms CorrelationId=59184a035fe24f28a002e1666f9e910c UserId=5001
2026-04-14 17:25:21.627 +07:00 [INF] Executed endpoint 'ThucLuc.Api.Controllers.V1.CodesController.GetByCode (ThucLuc.Api)'
2026-04-14 17:25:21.628 +07:00 [INF] Request finished HTTP/1.1 GET http://localhost:5283/api/v1/mau-bao-cao/module-catalog - 200 null application/json; charset=utf-8 39.9337ms
2026-04-14 17:25:21.629 +07:00 [INF] HTTP GET /api/v1/don-vi/2001 => 200 in 28.9042 ms CorrelationId=7ac5498100d2483eb7b592ef46b92d08 UserId=5001
2026-04-14 17:25:21.631 +07:00 [INF] HTTP GET /api/v1/mau-bao-cao responded 200 in 39.0433 ms
2026-04-14 17:25:21.633 +07:00 [INF] HTTP GET /api/v1/codes/by-code/NOI_DUNG_DAO_TAO_HV => 200 in 29.2392 ms CorrelationId=1811d76ef65c4fc8b69032d84901121b UserId=5001
2026-04-14 17:25:21.636 +07:00 [INF] HTTP GET /api/v1/don-vi/2001 responded 200 in 35.5082 ms
2026-04-14 17:25:21.637 +07:00 [INF] Request finished HTTP/1.1 GET http://localhost:5283/api/v1/mau-bao-cao?includeInactive=true - 200 null application/json; charset=utf-8 50.8512ms
2026-04-14 17:25:21.639 +07:00 [INF] HTTP GET /api/v1/codes/by-code/NOI_DUNG_DAO_TAO_HV responded 200 in 35.5308 ms
2026-04-14 17:25:21.640 +07:00 [INF] Request finished HTTP/1.1 GET http://localhost:5283/api/v1/don-vi/2001 - 200 null application/json; charset=utf-8 43.0566ms
2026-04-14 17:25:21.645 +07:00 [INF] Request finished HTTP/1.1 GET http://localhost:5283/api/v1/codes/by-code/NOI_DUNG_DAO_TAO_HV - 200 null application/json; charset=utf-8 46.5504ms
2026-04-14 17:25:21.679 +07:00 [INF] Request starting HTTP/1.1 OPTIONS http://localhost:5283/api/v1/dao-tao-hoc-vien?kyCode=2026Q1 - null null
2026-04-14 17:25:21.681 +07:00 [INF] CORS policy execution successful.
2026-04-14 17:25:21.682 +07:00 [INF] HTTP OPTIONS /api/v1/dao-tao-hoc-vien => 204 in 0.4748 ms CorrelationId=4b53e28659874b80ab613f8828820c45 UserId=anonymous
2026-04-14 17:25:21.683 +07:00 [INF] HTTP OPTIONS /api/v1/dao-tao-hoc-vien responded 204 in 1.6197 ms
2026-04-14 17:25:21.685 +07:00 [INF] Request finished HTTP/1.1 OPTIONS http://localhost:5283/api/v1/dao-tao-hoc-vien?kyCode=2026Q1 - 204 null null 5.2047ms
2026-04-14 17:25:21.690 +07:00 [INF] Request starting HTTP/1.1 GET http://localhost:5283/api/v1/dao-tao-hoc-vien?kyCode=2026Q1 - null null
2026-04-14 17:25:21.693 +07:00 [INF] CORS policy execution successful.
2026-04-14 17:25:21.694 +07:00 [INF] Executing endpoint 'ThucLuc.Api.Controllers.V1.DaoTaoHocVienController.GetAll (ThucLuc.Api)'
2026-04-14 17:25:21.695 +07:00 [INF] Route matched with {action = "GetAll", controller = "DaoTaoHocVien"}. Executing controller action with signature System.Threading.Tasks.Task`1[Microsoft.AspNetCore.Mvc.ActionResult`1[ThucLuc.Api.Common.Models.ApiResponse`1[System.Collections.Generic.IReadOnlyCollection`1[ThucLuc.Application.Features.DaoTaoHocVien.DaoTaoHocVienDto]]]] GetAll(System.Nullable`1[System.Int32], System.Threading.CancellationToken) on controller ThucLuc.Api.Controllers.V1.DaoTaoHocVienController (ThucLuc.Api).
2026-04-14 17:25:21.698 +07:00 [INF] Executing OkObjectResult, writing value of type 'ThucLuc.Api.Common.Models.ApiResponse`1[[System.Collections.Generic.IReadOnlyCollection`1[[ThucLuc.Application.Features.DaoTaoHocVien.DaoTaoHocVienDto, ThucLuc.Application, Version=1.0.0.0, Culture=neutral, PublicKeyToken=null]], System.Private.CoreLib, Version=8.0.0.0, Culture=neutral, PublicKeyToken=7cec85d7bea7798e]]'.
2026-04-14 17:25:21.700 +07:00 [INF] Executed action ThucLuc.Api.Controllers.V1.DaoTaoHocVienController.GetAll (ThucLuc.Api) in 3.4379ms
2026-04-14 17:25:21.701 +07:00 [INF] Executed endpoint 'ThucLuc.Api.Controllers.V1.DaoTaoHocVienController.GetAll (ThucLuc.Api)'
2026-04-14 17:25:21.702 +07:00 [INF] HTTP GET /api/v1/dao-tao-hoc-vien => 200 in 9.2019 ms CorrelationId=b322573f8cc045ccadd80f9dca53d908 UserId=5001
2026-04-14 17:25:21.704 +07:00 [INF] HTTP GET /api/v1/dao-tao-hoc-vien responded 200 in 11.0643 ms
2026-04-14 17:25:21.705 +07:00 [INF] Request finished HTTP/1.1 GET http://localhost:5283/api/v1/dao-tao-hoc-vien?kyCode=2026Q1 - 200 null application/json; charset=utf-8 14.8223ms
2026-04-14 17:25:27.523 +07:00 [INF] Request starting HTTP/1.1 OPTIONS http://localhost:5283/api/v1/don-vi/2001 - null null
2026-04-14 17:25:27.523 +07:00 [INF] Request starting HTTP/1.1 OPTIONS http://localhost:5283/api/v1/mau-bao-cao?includeInactive=true - null null
2026-04-14 17:25:27.525 +07:00 [INF] Request starting HTTP/1.1 OPTIONS http://localhost:5283/api/v1/mau-bao-cao/module-catalog - null null
2026-04-14 17:25:27.527 +07:00 [INF] CORS policy execution successful.
2026-04-14 17:25:27.530 +07:00 [INF] CORS policy execution successful.
2026-04-14 17:25:27.532 +07:00 [INF] CORS policy execution successful.
2026-04-14 17:25:27.533 +07:00 [INF] HTTP OPTIONS /api/v1/don-vi/2001 => 204 in 6.0519 ms CorrelationId=d3e8d70f649340be80fcdf242c29acec UserId=anonymous
2026-04-14 17:25:27.533 +07:00 [INF] HTTP OPTIONS /api/v1/mau-bao-cao => 204 in 3.0727 ms CorrelationId=dbdfc32a81084dafb2c0b7ceabaa840b UserId=anonymous
2026-04-14 17:25:27.534 +07:00 [INF] HTTP OPTIONS /api/v1/mau-bao-cao/module-catalog => 204 in 1.5634 ms CorrelationId=f03a726552044eeb86c796dc63e0faa0 UserId=anonymous
2026-04-14 17:25:27.535 +07:00 [INF] HTTP OPTIONS /api/v1/don-vi/2001 responded 204 in 8.6620 ms
2026-04-14 17:25:27.537 +07:00 [INF] HTTP OPTIONS /api/v1/mau-bao-cao responded 204 in 7.0023 ms
2026-04-14 17:25:27.539 +07:00 [INF] HTTP OPTIONS /api/v1/mau-bao-cao/module-catalog responded 204 in 6.6538 ms
2026-04-14 17:25:27.540 +07:00 [INF] Request finished HTTP/1.1 OPTIONS http://localhost:5283/api/v1/don-vi/2001 - 204 null null 17.5992ms
2026-04-14 17:25:27.541 +07:00 [INF] Request finished HTTP/1.1 OPTIONS http://localhost:5283/api/v1/mau-bao-cao?includeInactive=true - 204 null null 18.4417ms
2026-04-14 17:25:27.543 +07:00 [INF] Request finished HTTP/1.1 OPTIONS http://localhost:5283/api/v1/mau-bao-cao/module-catalog - 204 null null 18.7332ms
2026-04-14 17:25:27.547 +07:00 [INF] Request starting HTTP/1.1 GET http://localhost:5283/api/v1/don-vi/2001 - null null
2026-04-14 17:25:27.551 +07:00 [INF] Request starting HTTP/1.1 GET http://localhost:5283/api/v1/mau-bao-cao?includeInactive=true - null null
2026-04-14 17:25:27.553 +07:00 [INF] Request starting HTTP/1.1 GET http://localhost:5283/api/v1/mau-bao-cao/module-catalog - null null
2026-04-14 17:25:27.555 +07:00 [INF] CORS policy execution successful.
2026-04-14 17:25:27.558 +07:00 [INF] CORS policy execution successful.
2026-04-14 17:25:27.560 +07:00 [INF] CORS policy execution successful.
2026-04-14 17:25:27.561 +07:00 [INF] Executing endpoint 'ThucLuc.Api.Controllers.V1.DonViController.GetById (ThucLuc.Api)'
2026-04-14 17:25:27.562 +07:00 [INF] Executing endpoint 'ThucLuc.Api.Controllers.V1.MauBaoCaoController.GetAll (ThucLuc.Api)'
2026-04-14 17:25:27.563 +07:00 [INF] Executing endpoint 'ThucLuc.Api.Controllers.V1.MauBaoCaoController.GetModuleCatalog (ThucLuc.Api)'
2026-04-14 17:25:27.564 +07:00 [INF] Route matched with {action = "GetById", controller = "DonVi"}. Executing controller action with signature System.Threading.Tasks.Task`1[Microsoft.AspNetCore.Mvc.ActionResult`1[ThucLuc.Api.Common.Models.ApiResponse`1[ThucLuc.Application.Features.DonVi.DonViDto]]] GetById(Int64, System.Threading.CancellationToken) on controller ThucLuc.Api.Controllers.V1.DonViController (ThucLuc.Api).
2026-04-14 17:25:27.566 +07:00 [INF] Route matched with {action = "GetAll", controller = "MauBaoCao"}. Executing controller action with signature System.Threading.Tasks.Task`1[Microsoft.AspNetCore.Mvc.ActionResult`1[ThucLuc.Api.Common.Models.ApiResponse`1[System.Collections.Generic.IReadOnlyCollection`1[ThucLuc.Application.Features.MauBaoCao.MauBaoCaoDto]]]] GetAll(Boolean, System.Threading.CancellationToken) on controller ThucLuc.Api.Controllers.V1.MauBaoCaoController (ThucLuc.Api).
2026-04-14 17:25:27.567 +07:00 [INF] Route matched with {action = "GetModuleCatalog", controller = "MauBaoCao"}. Executing controller action with signature System.Threading.Tasks.Task`1[Microsoft.AspNetCore.Mvc.ActionResult`1[ThucLuc.Api.Common.Models.ApiResponse`1[System.Collections.Generic.IReadOnlyCollection`1[ThucLuc.Application.Features.MauBaoCao.MauBaoCaoModuleCatalogGroupDto]]]] GetModuleCatalog(System.Threading.CancellationToken) on controller ThucLuc.Api.Controllers.V1.MauBaoCaoController (ThucLuc.Api).
2026-04-14 17:25:27.570 +07:00 [INF] Executing OkObjectResult, writing value of type 'ThucLuc.Api.Common.Models.ApiResponse`1[[ThucLuc.Application.Features.DonVi.DonViDto, ThucLuc.Application, Version=1.0.0.0, Culture=neutral, PublicKeyToken=null]]'.
2026-04-14 17:25:27.571 +07:00 [INF] Executing OkObjectResult, writing value of type 'ThucLuc.Api.Common.Models.ApiResponse`1[[System.Collections.Generic.IReadOnlyCollection`1[[ThucLuc.Application.Features.MauBaoCao.MauBaoCaoModuleCatalogGroupDto, ThucLuc.Application, Version=1.0.0.0, Culture=neutral, PublicKeyToken=null]], System.Private.CoreLib, Version=8.0.0.0, Culture=neutral, PublicKeyToken=7cec85d7bea7798e]]'.
2026-04-14 17:25:27.572 +07:00 [INF] Executed action ThucLuc.Api.Controllers.V1.DonViController.GetById (ThucLuc.Api) in 4.3598ms
2026-04-14 17:25:27.574 +07:00 [INF] Executed action ThucLuc.Api.Controllers.V1.MauBaoCaoController.GetModuleCatalog (ThucLuc.Api) in 2.3307ms
2026-04-14 17:25:27.574 +07:00 [INF] Executing OkObjectResult, writing value of type 'ThucLuc.Api.Common.Models.ApiResponse`1[[System.Collections.Generic.IReadOnlyCollection`1[[ThucLuc.Application.Features.MauBaoCao.MauBaoCaoDto, ThucLuc.Application, Version=1.0.0.0, Culture=neutral, PublicKeyToken=null]], System.Private.CoreLib, Version=8.0.0.0, Culture=neutral, PublicKeyToken=7cec85d7bea7798e]]'.
2026-04-14 17:25:27.574 +07:00 [INF] Executed endpoint 'ThucLuc.Api.Controllers.V1.DonViController.GetById (ThucLuc.Api)'
2026-04-14 17:25:27.575 +07:00 [INF] Executed endpoint 'ThucLuc.Api.Controllers.V1.MauBaoCaoController.GetModuleCatalog (ThucLuc.Api)'
2026-04-14 17:25:27.580 +07:00 [INF] Executed action ThucLuc.Api.Controllers.V1.MauBaoCaoController.GetAll (ThucLuc.Api) in 10.042ms
2026-04-14 17:25:27.580 +07:00 [INF] HTTP GET /api/v1/don-vi/2001 => 200 in 25.107 ms CorrelationId=93928b8865d844c3bdca7c089831ab7c UserId=5001
2026-04-14 17:25:27.581 +07:00 [INF] HTTP GET /api/v1/mau-bao-cao/module-catalog => 200 in 20.9046 ms CorrelationId=35e2ee671b5b42688a8e1a1e6b6dd2aa UserId=5001
2026-04-14 17:25:27.582 +07:00 [INF] Executed endpoint 'ThucLuc.Api.Controllers.V1.MauBaoCaoController.GetAll (ThucLuc.Api)'
2026-04-14 17:25:27.583 +07:00 [INF] HTTP GET /api/v1/don-vi/2001 responded 200 in 27.8338 ms
2026-04-14 17:25:27.584 +07:00 [INF] HTTP GET /api/v1/mau-bao-cao/module-catalog responded 200 in 24.1525 ms
2026-04-14 17:25:27.585 +07:00 [INF] HTTP GET /api/v1/mau-bao-cao => 200 in 27.4427 ms CorrelationId=52eccb1850a04c3daa2a864e09a7bbba UserId=5001
2026-04-14 17:25:27.587 +07:00 [INF] Request finished HTTP/1.1 GET http://localhost:5283/api/v1/don-vi/2001 - 200 null application/json; charset=utf-8 39.5963ms
2026-04-14 17:25:27.588 +07:00 [INF] Request finished HTTP/1.1 GET http://localhost:5283/api/v1/mau-bao-cao/module-catalog - 200 null application/json; charset=utf-8 34.8381ms
2026-04-14 17:25:27.589 +07:00 [INF] HTTP GET /api/v1/mau-bao-cao responded 200 in 31.4856 ms
2026-04-14 17:25:27.595 +07:00 [INF] Request finished HTTP/1.1 GET http://localhost:5283/api/v1/mau-bao-cao?includeInactive=true - 200 null application/json; charset=utf-8 44.1317ms
2026-04-14 17:25:27.595 +07:00 [INF] Request starting HTTP/1.1 GET http://localhost:5283/api/v1/don-vi/2001 - null null
2026-04-14 17:25:27.600 +07:00 [INF] CORS policy execution successful.
2026-04-14 17:25:27.600 +07:00 [INF] Request starting HTTP/1.1 OPTIONS http://localhost:5283/api/v1/codes/by-code/NOI_DUNG_DAO_TAO_HV - null null
2026-04-14 17:25:27.600 +07:00 [INF] Executing endpoint 'ThucLuc.Api.Controllers.V1.DonViController.GetById (ThucLuc.Api)'
2026-04-14 17:25:27.602 +07:00 [INF] CORS policy execution successful.
2026-04-14 17:25:27.603 +07:00 [INF] Route matched with {action = "GetById", controller = "DonVi"}. Executing controller action with signature System.Threading.Tasks.Task`1[Microsoft.AspNetCore.Mvc.ActionResult`1[ThucLuc.Api.Common.Models.ApiResponse`1[ThucLuc.Application.Features.DonVi.DonViDto]]] GetById(Int64, System.Threading.CancellationToken) on controller ThucLuc.Api.Controllers.V1.DonViController (ThucLuc.Api).
2026-04-14 17:25:27.603 +07:00 [INF] HTTP OPTIONS /api/v1/codes/by-code/NOI_DUNG_DAO_TAO_HV => 204 in 1.0912 ms CorrelationId=35c7d081966d4b4c8c991c0dd23124ad UserId=anonymous
2026-04-14 17:25:27.606 +07:00 [INF] HTTP OPTIONS /api/v1/codes/by-code/NOI_DUNG_DAO_TAO_HV responded 204 in 4.1712 ms
2026-04-14 17:25:27.607 +07:00 [INF] Executing OkObjectResult, writing value of type 'ThucLuc.Api.Common.Models.ApiResponse`1[[ThucLuc.Application.Features.DonVi.DonViDto, ThucLuc.Application, Version=1.0.0.0, Culture=neutral, PublicKeyToken=null]]'.
2026-04-14 17:25:27.607 +07:00 [INF] Request finished HTTP/1.1 OPTIONS http://localhost:5283/api/v1/codes/by-code/NOI_DUNG_DAO_TAO_HV - 204 null null 6.9324ms
2026-04-14 17:25:27.608 +07:00 [INF] Executed action ThucLuc.Api.Controllers.V1.DonViController.GetById (ThucLuc.Api) in 3.8714ms
2026-04-14 17:25:27.611 +07:00 [INF] Request starting HTTP/1.1 GET http://localhost:5283/api/v1/codes/by-code/NOI_DUNG_DAO_TAO_HV - null null
2026-04-14 17:25:27.612 +07:00 [INF] Executed endpoint 'ThucLuc.Api.Controllers.V1.DonViController.GetById (ThucLuc.Api)'
2026-04-14 17:25:27.614 +07:00 [INF] CORS policy execution successful.
2026-04-14 17:25:27.615 +07:00 [INF] HTTP GET /api/v1/don-vi/2001 => 200 in 15.3134 ms CorrelationId=72da10d8125b443fa0f83df7111f0ed3 UserId=5001
2026-04-14 17:25:27.616 +07:00 [INF] Executing endpoint 'ThucLuc.Api.Controllers.V1.CodesController.GetByCode (ThucLuc.Api)'
2026-04-14 17:25:27.617 +07:00 [INF] HTTP GET /api/v1/don-vi/2001 responded 200 in 17.1876 ms
2026-04-14 17:25:27.618 +07:00 [INF] Route matched with {action = "GetByCode", controller = "Codes"}. Executing controller action with signature System.Threading.Tasks.Task`1[Microsoft.AspNetCore.Mvc.ActionResult`1[ThucLuc.Api.Common.Models.ApiResponse`1[ThucLuc.Application.Features.Codes.CodeDto]]] GetByCode(System.String, System.Threading.CancellationToken) on controller ThucLuc.Api.Controllers.V1.CodesController (ThucLuc.Api).
2026-04-14 17:25:27.618 +07:00 [INF] Request finished HTTP/1.1 GET http://localhost:5283/api/v1/don-vi/2001 - 200 null application/json; charset=utf-8 23.2506ms
2026-04-14 17:25:27.622 +07:00 [INF] Executing OkObjectResult, writing value of type 'ThucLuc.Api.Common.Models.ApiResponse`1[[ThucLuc.Application.Features.Codes.CodeDto, ThucLuc.Application, Version=1.0.0.0, Culture=neutral, PublicKeyToken=null]]'.
2026-04-14 17:25:27.623 +07:00 [INF] Executed action ThucLuc.Api.Controllers.V1.CodesController.GetByCode (ThucLuc.Api) in 2.8878ms
2026-04-14 17:25:27.624 +07:00 [INF] Executed endpoint 'ThucLuc.Api.Controllers.V1.CodesController.GetByCode (ThucLuc.Api)'
2026-04-14 17:25:27.624 +07:00 [INF] HTTP GET /api/v1/codes/by-code/NOI_DUNG_DAO_TAO_HV => 200 in 10.335 ms CorrelationId=5ef40f73056643de850b7ac0fad77c1d UserId=5001
2026-04-14 17:25:27.626 +07:00 [INF] HTTP GET /api/v1/codes/by-code/NOI_DUNG_DAO_TAO_HV responded 200 in 11.8790 ms
2026-04-14 17:25:27.628 +07:00 [INF] Request finished HTTP/1.1 GET http://localhost:5283/api/v1/codes/by-code/NOI_DUNG_DAO_TAO_HV - 200 null application/json; charset=utf-8 16.4325ms
2026-04-14 17:25:27.673 +07:00 [INF] Request starting HTTP/1.1 OPTIONS http://localhost:5283/api/v1/dao-tao-hoc-vien?kyCode=2026Q1 - null null
2026-04-14 17:25:27.675 +07:00 [INF] CORS policy execution successful.
2026-04-14 17:25:27.675 +07:00 [INF] HTTP OPTIONS /api/v1/dao-tao-hoc-vien => 204 in 0.5179 ms CorrelationId=b488352685ab42ccb8067c6883eaa49b UserId=anonymous
2026-04-14 17:25:27.678 +07:00 [INF] HTTP OPTIONS /api/v1/dao-tao-hoc-vien responded 204 in 2.9043 ms
2026-04-14 17:25:27.679 +07:00 [INF] Request finished HTTP/1.1 OPTIONS http://localhost:5283/api/v1/dao-tao-hoc-vien?kyCode=2026Q1 - 204 null null 6.4978ms
2026-04-14 17:25:27.682 +07:00 [INF] Request starting HTTP/1.1 GET http://localhost:5283/api/v1/dao-tao-hoc-vien?kyCode=2026Q1 - null null
2026-04-14 17:25:27.683 +07:00 [INF] CORS policy execution successful.
2026-04-14 17:25:27.684 +07:00 [INF] Executing endpoint 'ThucLuc.Api.Controllers.V1.DaoTaoHocVienController.GetAll (ThucLuc.Api)'
2026-04-14 17:25:27.685 +07:00 [INF] Route matched with {action = "GetAll", controller = "DaoTaoHocVien"}. Executing controller action with signature System.Threading.Tasks.Task`1[Microsoft.AspNetCore.Mvc.ActionResult`1[ThucLuc.Api.Common.Models.ApiResponse`1[System.Collections.Generic.IReadOnlyCollection`1[ThucLuc.Application.Features.DaoTaoHocVien.DaoTaoHocVienDto]]]] GetAll(System.Nullable`1[System.Int32], System.Threading.CancellationToken) on controller ThucLuc.Api.Controllers.V1.DaoTaoHocVienController (ThucLuc.Api).
2026-04-14 17:25:27.688 +07:00 [INF] Executing OkObjectResult, writing value of type 'ThucLuc.Api.Common.Models.ApiResponse`1[[System.Collections.Generic.IReadOnlyCollection`1[[ThucLuc.Application.Features.DaoTaoHocVien.DaoTaoHocVienDto, ThucLuc.Application, Version=1.0.0.0, Culture=neutral, PublicKeyToken=null]], System.Private.CoreLib, Version=8.0.0.0, Culture=neutral, PublicKeyToken=7cec85d7bea7798e]]'.
2026-04-14 17:25:27.689 +07:00 [INF] Executed action ThucLuc.Api.Controllers.V1.DaoTaoHocVienController.GetAll (ThucLuc.Api) in 2.5999ms
2026-04-14 17:25:27.690 +07:00 [INF] Executed endpoint 'ThucLuc.Api.Controllers.V1.DaoTaoHocVienController.GetAll (ThucLuc.Api)'
2026-04-14 17:25:27.691 +07:00 [INF] HTTP GET /api/v1/dao-tao-hoc-vien => 200 in 7.4945 ms CorrelationId=c2438abb628b41109d9c4c0313e10e34 UserId=5001
2026-04-14 17:25:27.692 +07:00 [INF] HTTP GET /api/v1/dao-tao-hoc-vien responded 200 in 8.7826 ms
2026-04-14 17:25:27.695 +07:00 [INF] Request finished HTTP/1.1 GET http://localhost:5283/api/v1/dao-tao-hoc-vien?kyCode=2026Q1 - 200 null application/json; charset=utf-8 12.9992ms
2026-04-14 17:25:31.516 +07:00 [INF] Request starting HTTP/1.1 GET http://localhost:5283/api/v1/don-vi/2001 - null null
2026-04-14 17:25:31.519 +07:00 [INF] CORS policy execution successful.
2026-04-14 17:25:31.519 +07:00 [INF] Executing endpoint 'ThucLuc.Api.Controllers.V1.DonViController.GetById (ThucLuc.Api)'
2026-04-14 17:25:31.520 +07:00 [INF] Route matched with {action = "GetById", controller = "DonVi"}. Executing controller action with signature System.Threading.Tasks.Task`1[Microsoft.AspNetCore.Mvc.ActionResult`1[ThucLuc.Api.Common.Models.ApiResponse`1[ThucLuc.Application.Features.DonVi.DonViDto]]] GetById(Int64, System.Threading.CancellationToken) on controller ThucLuc.Api.Controllers.V1.DonViController (ThucLuc.Api).
2026-04-14 17:25:31.522 +07:00 [INF] Request starting HTTP/1.1 GET http://localhost:5283/api/v1/mau-bao-cao?includeInactive=true - null null
2026-04-14 17:25:31.522 +07:00 [INF] Request starting HTTP/1.1 GET http://localhost:5283/api/v1/mau-bao-cao/module-catalog - null null
2026-04-14 17:25:31.523 +07:00 [INF] CORS policy execution successful.
2026-04-14 17:25:31.524 +07:00 [INF] Executing OkObjectResult, writing value of type 'ThucLuc.Api.Common.Models.ApiResponse`1[[ThucLuc.Application.Features.DonVi.DonViDto, ThucLuc.Application, Version=1.0.0.0, Culture=neutral, PublicKeyToken=null]]'.
2026-04-14 17:25:31.525 +07:00 [INF] CORS policy execution successful.
2026-04-14 17:25:31.525 +07:00 [INF] Executing endpoint 'ThucLuc.Api.Controllers.V1.MauBaoCaoController.GetAll (ThucLuc.Api)'
2026-04-14 17:25:31.527 +07:00 [INF] Executed action ThucLuc.Api.Controllers.V1.DonViController.GetById (ThucLuc.Api) in 4.9959ms
2026-04-14 17:25:31.527 +07:00 [INF] Executing endpoint 'ThucLuc.Api.Controllers.V1.MauBaoCaoController.GetModuleCatalog (ThucLuc.Api)'
2026-04-14 17:25:31.528 +07:00 [INF] Route matched with {action = "GetAll", controller = "MauBaoCao"}. Executing controller action with signature System.Threading.Tasks.Task`1[Microsoft.AspNetCore.Mvc.ActionResult`1[ThucLuc.Api.Common.Models.ApiResponse`1[System.Collections.Generic.IReadOnlyCollection`1[ThucLuc.Application.Features.MauBaoCao.MauBaoCaoDto]]]] GetAll(Boolean, System.Threading.CancellationToken) on controller ThucLuc.Api.Controllers.V1.MauBaoCaoController (ThucLuc.Api).
2026-04-14 17:25:31.529 +07:00 [INF] Executed endpoint 'ThucLuc.Api.Controllers.V1.DonViController.GetById (ThucLuc.Api)'
2026-04-14 17:25:31.530 +07:00 [INF] Route matched with {action = "GetModuleCatalog", controller = "MauBaoCao"}. Executing controller action with signature System.Threading.Tasks.Task`1[Microsoft.AspNetCore.Mvc.ActionResult`1[ThucLuc.Api.Common.Models.ApiResponse`1[System.Collections.Generic.IReadOnlyCollection`1[ThucLuc.Application.Features.MauBaoCao.MauBaoCaoModuleCatalogGroupDto]]]] GetModuleCatalog(System.Threading.CancellationToken) on controller ThucLuc.Api.Controllers.V1.MauBaoCaoController (ThucLuc.Api).
2026-04-14 17:25:31.532 +07:00 [INF] HTTP GET /api/v1/don-vi/2001 => 200 in 13.3802 ms CorrelationId=d961de0d55984cad89d69e2ba7664406 UserId=5001
2026-04-14 17:25:31.535 +07:00 [INF] Executing OkObjectResult, writing value of type 'ThucLuc.Api.Common.Models.ApiResponse`1[[System.Collections.Generic.IReadOnlyCollection`1[[ThucLuc.Application.Features.MauBaoCao.MauBaoCaoModuleCatalogGroupDto, ThucLuc.Application, Version=1.0.0.0, Culture=neutral, PublicKeyToken=null]], System.Private.CoreLib, Version=8.0.0.0, Culture=neutral, PublicKeyToken=7cec85d7bea7798e]]'.
2026-04-14 17:25:31.537 +07:00 [INF] Executing OkObjectResult, writing value of type 'ThucLuc.Api.Common.Models.ApiResponse`1[[System.Collections.Generic.IReadOnlyCollection`1[[ThucLuc.Application.Features.MauBaoCao.MauBaoCaoDto, ThucLuc.Application, Version=1.0.0.0, Culture=neutral, PublicKeyToken=null]], System.Private.CoreLib, Version=8.0.0.0, Culture=neutral, PublicKeyToken=7cec85d7bea7798e]]'.
2026-04-14 17:25:31.539 +07:00 [INF] HTTP GET /api/v1/don-vi/2001 responded 200 in 20.4278 ms
2026-04-14 17:25:31.540 +07:00 [INF] Executed action ThucLuc.Api.Controllers.V1.MauBaoCaoController.GetModuleCatalog (ThucLuc.Api) in 5.2898ms
2026-04-14 17:25:31.541 +07:00 [INF] Executed action ThucLuc.Api.Controllers.V1.MauBaoCaoController.GetAll (ThucLuc.Api) in 10.2936ms
2026-04-14 17:25:31.543 +07:00 [INF] Request finished HTTP/1.1 GET http://localhost:5283/api/v1/don-vi/2001 - 200 null application/json; charset=utf-8 26.8971ms
2026-04-14 17:25:31.544 +07:00 [INF] Executed endpoint 'ThucLuc.Api.Controllers.V1.MauBaoCaoController.GetModuleCatalog (ThucLuc.Api)'
2026-04-14 17:25:31.546 +07:00 [INF] Executed endpoint 'ThucLuc.Api.Controllers.V1.MauBaoCaoController.GetAll (ThucLuc.Api)'
2026-04-14 17:25:31.550 +07:00 [INF] HTTP GET /api/v1/mau-bao-cao/module-catalog => 200 in 25.5907 ms CorrelationId=82ed72d0e8a54707a90c12e3695e5012 UserId=5001
2026-04-14 17:25:31.551 +07:00 [INF] HTTP GET /api/v1/mau-bao-cao => 200 in 27.9615 ms CorrelationId=5b9202d93e0b478a9a5f2e95a30bce26 UserId=5001
2026-04-14 17:25:31.554 +07:00 [INF] HTTP GET /api/v1/mau-bao-cao/module-catalog responded 200 in 29.1436 ms
2026-04-14 17:25:31.556 +07:00 [INF] HTTP GET /api/v1/mau-bao-cao responded 200 in 32.9149 ms
2026-04-14 17:25:31.558 +07:00 [INF] Request finished HTTP/1.1 GET http://localhost:5283/api/v1/mau-bao-cao/module-catalog - 200 null application/json; charset=utf-8 35.8808ms
2026-04-14 17:25:31.560 +07:00 [INF] Request finished HTTP/1.1 GET http://localhost:5283/api/v1/mau-bao-cao?includeInactive=true - 200 null application/json; charset=utf-8 38.1375ms
2026-04-14 17:25:31.606 +07:00 [INF] Request starting HTTP/1.1 GET http://localhost:5283/api/v1/don-vi/2001 - null null
2026-04-14 17:25:31.608 +07:00 [INF] CORS policy execution successful.
2026-04-14 17:25:31.609 +07:00 [INF] Executing endpoint 'ThucLuc.Api.Controllers.V1.DonViController.GetById (ThucLuc.Api)'
2026-04-14 17:25:31.611 +07:00 [INF] Route matched with {action = "GetById", controller = "DonVi"}. Executing controller action with signature System.Threading.Tasks.Task`1[Microsoft.AspNetCore.Mvc.ActionResult`1[ThucLuc.Api.Common.Models.ApiResponse`1[ThucLuc.Application.Features.DonVi.DonViDto]]] GetById(Int64, System.Threading.CancellationToken) on controller ThucLuc.Api.Controllers.V1.DonViController (ThucLuc.Api).
2026-04-14 17:25:31.612 +07:00 [INF] Request starting HTTP/1.1 GET http://localhost:5283/api/v1/codes/by-code/NOI_DUNG_DAO_TAO_HV - null null
2026-04-14 17:25:31.616 +07:00 [INF] Executing OkObjectResult, writing value of type 'ThucLuc.Api.Common.Models.ApiResponse`1[[ThucLuc.Application.Features.DonVi.DonViDto, ThucLuc.Application, Version=1.0.0.0, Culture=neutral, PublicKeyToken=null]]'.
2026-04-14 17:25:31.616 +07:00 [INF] CORS policy execution successful.
2026-04-14 17:25:31.617 +07:00 [INF] Executed action ThucLuc.Api.Controllers.V1.DonViController.GetById (ThucLuc.Api) in 3.18ms
2026-04-14 17:25:31.617 +07:00 [INF] Executing endpoint 'ThucLuc.Api.Controllers.V1.CodesController.GetByCode (ThucLuc.Api)'
2026-04-14 17:25:31.618 +07:00 [INF] Executed endpoint 'ThucLuc.Api.Controllers.V1.DonViController.GetById (ThucLuc.Api)'
2026-04-14 17:25:31.619 +07:00 [INF] Route matched with {action = "GetByCode", controller = "Codes"}. Executing controller action with signature System.Threading.Tasks.Task`1[Microsoft.AspNetCore.Mvc.ActionResult`1[ThucLuc.Api.Common.Models.ApiResponse`1[ThucLuc.Application.Features.Codes.CodeDto]]] GetByCode(System.String, System.Threading.CancellationToken) on controller ThucLuc.Api.Controllers.V1.CodesController (ThucLuc.Api).
2026-04-14 17:25:31.619 +07:00 [INF] HTTP GET /api/v1/don-vi/2001 => 200 in 11.1025 ms CorrelationId=55d8d6a137c94c17bb1a1e582ce505cf UserId=5001
2026-04-14 17:25:31.622 +07:00 [INF] HTTP GET /api/v1/don-vi/2001 responded 200 in 13.4431 ms
2026-04-14 17:25:31.622 +07:00 [INF] Executing OkObjectResult, writing value of type 'ThucLuc.Api.Common.Models.ApiResponse`1[[ThucLuc.Application.Features.Codes.CodeDto, ThucLuc.Application, Version=1.0.0.0, Culture=neutral, PublicKeyToken=null]]'.
2026-04-14 17:25:31.623 +07:00 [INF] Request finished HTTP/1.1 GET http://localhost:5283/api/v1/don-vi/2001 - 200 null application/json; charset=utf-8 16.4916ms
2026-04-14 17:25:31.624 +07:00 [INF] Executed action ThucLuc.Api.Controllers.V1.CodesController.GetByCode (ThucLuc.Api) in 3.8496ms
2026-04-14 17:25:31.627 +07:00 [INF] Executed endpoint 'ThucLuc.Api.Controllers.V1.CodesController.GetByCode (ThucLuc.Api)'
2026-04-14 17:25:31.628 +07:00 [INF] HTTP GET /api/v1/codes/by-code/NOI_DUNG_DAO_TAO_HV => 200 in 11.7344 ms CorrelationId=996171b3535444028d574c93f23334d1 UserId=5001
2026-04-14 17:25:31.630 +07:00 [INF] HTTP GET /api/v1/codes/by-code/NOI_DUNG_DAO_TAO_HV responded 200 in 13.5791 ms
2026-04-14 17:25:31.631 +07:00 [INF] Request finished HTTP/1.1 GET http://localhost:5283/api/v1/codes/by-code/NOI_DUNG_DAO_TAO_HV - 200 null application/json; charset=utf-8 18.7465ms
2026-04-14 17:25:31.702 +07:00 [INF] Request starting HTTP/1.1 GET http://localhost:5283/api/v1/dao-tao-hoc-vien?kyCode=2026Q1 - null null
2026-04-14 17:25:31.704 +07:00 [INF] CORS policy execution successful.
2026-04-14 17:25:31.704 +07:00 [INF] Executing endpoint 'ThucLuc.Api.Controllers.V1.DaoTaoHocVienController.GetAll (ThucLuc.Api)'
2026-04-14 17:25:31.705 +07:00 [INF] Route matched with {action = "GetAll", controller = "DaoTaoHocVien"}. Executing controller action with signature System.Threading.Tasks.Task`1[Microsoft.AspNetCore.Mvc.ActionResult`1[ThucLuc.Api.Common.Models.ApiResponse`1[System.Collections.Generic.IReadOnlyCollection`1[ThucLuc.Application.Features.DaoTaoHocVien.DaoTaoHocVienDto]]]] GetAll(System.Nullable`1[System.Int32], System.Threading.CancellationToken) on controller ThucLuc.Api.Controllers.V1.DaoTaoHocVienController (ThucLuc.Api).
2026-04-14 17:25:31.708 +07:00 [INF] Executing OkObjectResult, writing value of type 'ThucLuc.Api.Common.Models.ApiResponse`1[[System.Collections.Generic.IReadOnlyCollection`1[[ThucLuc.Application.Features.DaoTaoHocVien.DaoTaoHocVienDto, ThucLuc.Application, Version=1.0.0.0, Culture=neutral, PublicKeyToken=null]], System.Private.CoreLib, Version=8.0.0.0, Culture=neutral, PublicKeyToken=7cec85d7bea7798e]]'.
2026-04-14 17:25:31.709 +07:00 [INF] Executed action ThucLuc.Api.Controllers.V1.DaoTaoHocVienController.GetAll (ThucLuc.Api) in 2.6909ms
2026-04-14 17:25:31.711 +07:00 [INF] Executed endpoint 'ThucLuc.Api.Controllers.V1.DaoTaoHocVienController.GetAll (ThucLuc.Api)'
2026-04-14 17:25:31.712 +07:00 [INF] HTTP GET /api/v1/dao-tao-hoc-vien => 200 in 7.8716 ms CorrelationId=11f7d3b8761349a4b40f3dfa2ad95fa9 UserId=5001
2026-04-14 17:25:31.714 +07:00 [INF] HTTP GET /api/v1/dao-tao-hoc-vien responded 200 in 9.8545 ms
2026-04-14 17:25:31.715 +07:00 [INF] Request finished HTTP/1.1 GET http://localhost:5283/api/v1/dao-tao-hoc-vien?kyCode=2026Q1 - 200 null application/json; charset=utf-8 12.4672ms
2026-04-14 17:25:35.547 +07:00 [INF] Request starting HTTP/1.1 OPTIONS http://localhost:5283/api/v1/don-vi/2001 - null null
2026-04-14 17:25:35.549 +07:00 [INF] CORS policy execution successful.
2026-04-14 17:25:35.549 +07:00 [INF] HTTP OPTIONS /api/v1/don-vi/2001 => 204 in 0.7798 ms CorrelationId=c93d0a9f0c8840328116588671221e6a UserId=anonymous
2026-04-14 17:25:35.551 +07:00 [INF] Request starting HTTP/1.1 OPTIONS http://localhost:5283/api/v1/mau-bao-cao?includeInactive=true - null null
2026-04-14 17:25:35.551 +07:00 [INF] Request starting HTTP/1.1 OPTIONS http://localhost:5283/api/v1/mau-bao-cao/module-catalog - null null
2026-04-14 17:25:35.551 +07:00 [INF] HTTP OPTIONS /api/v1/don-vi/2001 responded 204 in 2.5959 ms
2026-04-14 17:25:35.555 +07:00 [INF] CORS policy execution successful.
2026-04-14 17:25:35.561 +07:00 [INF] CORS policy execution successful.
2026-04-14 17:25:35.563 +07:00 [INF] Request finished HTTP/1.1 OPTIONS http://localhost:5283/api/v1/don-vi/2001 - 204 null null 16.1003ms
2026-04-14 17:25:35.563 +07:00 [INF] HTTP OPTIONS /api/v1/mau-bao-cao => 204 in 8.4103 ms CorrelationId=92b01a5d66ec4425882ecc2c4848fb25 UserId=anonymous
2026-04-14 17:25:35.564 +07:00 [INF] HTTP OPTIONS /api/v1/mau-bao-cao/module-catalog => 204 in 2.8135 ms CorrelationId=dc9e299096944e3586cd95a1d38b4171 UserId=anonymous
2026-04-14 17:25:35.566 +07:00 [INF] Request starting HTTP/1.1 GET http://localhost:5283/api/v1/don-vi/2001 - null null
2026-04-14 17:25:35.567 +07:00 [INF] HTTP OPTIONS /api/v1/mau-bao-cao responded 204 in 11.8350 ms
2026-04-14 17:25:35.568 +07:00 [INF] HTTP OPTIONS /api/v1/mau-bao-cao/module-catalog responded 204 in 6.9742 ms
2026-04-14 17:25:35.569 +07:00 [INF] CORS policy execution successful.
2026-04-14 17:25:35.570 +07:00 [INF] Request finished HTTP/1.1 OPTIONS http://localhost:5283/api/v1/mau-bao-cao?includeInactive=true - 204 null null 19.7603ms
2026-04-14 17:25:35.572 +07:00 [INF] Request finished HTTP/1.1 OPTIONS http://localhost:5283/api/v1/mau-bao-cao/module-catalog - 204 null null 20.3717ms
2026-04-14 17:25:35.572 +07:00 [INF] Executing endpoint 'ThucLuc.Api.Controllers.V1.DonViController.GetById (ThucLuc.Api)'
2026-04-14 17:25:35.574 +07:00 [INF] Request starting HTTP/1.1 GET http://localhost:5283/api/v1/mau-bao-cao?includeInactive=true - null null
2026-04-14 17:25:35.577 +07:00 [INF] Request starting HTTP/1.1 GET http://localhost:5283/api/v1/mau-bao-cao/module-catalog - null null
2026-04-14 17:25:35.578 +07:00 [INF] Route matched with {action = "GetById", controller = "DonVi"}. Executing controller action with signature System.Threading.Tasks.Task`1[Microsoft.AspNetCore.Mvc.ActionResult`1[ThucLuc.Api.Common.Models.ApiResponse`1[ThucLuc.Application.Features.DonVi.DonViDto]]] GetById(Int64, System.Threading.CancellationToken) on controller ThucLuc.Api.Controllers.V1.DonViController (ThucLuc.Api).
2026-04-14 17:25:35.580 +07:00 [INF] CORS policy execution successful.
2026-04-14 17:25:35.581 +07:00 [INF] CORS policy execution successful.
2026-04-14 17:25:35.583 +07:00 [INF] Executing endpoint 'ThucLuc.Api.Controllers.V1.MauBaoCaoController.GetAll (ThucLuc.Api)'
2026-04-14 17:25:35.584 +07:00 [INF] Executing OkObjectResult, writing value of type 'ThucLuc.Api.Common.Models.ApiResponse`1[[ThucLuc.Application.Features.DonVi.DonViDto, ThucLuc.Application, Version=1.0.0.0, Culture=neutral, PublicKeyToken=null]]'.
2026-04-14 17:25:35.583 +07:00 [INF] Executing endpoint 'ThucLuc.Api.Controllers.V1.MauBaoCaoController.GetModuleCatalog (ThucLuc.Api)'
2026-04-14 17:25:35.584 +07:00 [INF] Route matched with {action = "GetAll", controller = "MauBaoCao"}. Executing controller action with signature System.Threading.Tasks.Task`1[Microsoft.AspNetCore.Mvc.ActionResult`1[ThucLuc.Api.Common.Models.ApiResponse`1[System.Collections.Generic.IReadOnlyCollection`1[ThucLuc.Application.Features.MauBaoCao.MauBaoCaoDto]]]] GetAll(Boolean, System.Threading.CancellationToken) on controller ThucLuc.Api.Controllers.V1.MauBaoCaoController (ThucLuc.Api).
2026-04-14 17:25:35.585 +07:00 [INF] Executed action ThucLuc.Api.Controllers.V1.DonViController.GetById (ThucLuc.Api) in 2.9645ms
2026-04-14 17:25:35.586 +07:00 [INF] Route matched with {action = "GetModuleCatalog", controller = "MauBaoCao"}. Executing controller action with signature System.Threading.Tasks.Task`1[Microsoft.AspNetCore.Mvc.ActionResult`1[ThucLuc.Api.Common.Models.ApiResponse`1[System.Collections.Generic.IReadOnlyCollection`1[ThucLuc.Application.Features.MauBaoCao.MauBaoCaoModuleCatalogGroupDto]]]] GetModuleCatalog(System.Threading.CancellationToken) on controller ThucLuc.Api.Controllers.V1.MauBaoCaoController (ThucLuc.Api).
2026-04-14 17:25:35.588 +07:00 [INF] Executed endpoint 'ThucLuc.Api.Controllers.V1.DonViController.GetById (ThucLuc.Api)'
2026-04-14 17:25:35.589 +07:00 [INF] Executing OkObjectResult, writing value of type 'ThucLuc.Api.Common.Models.ApiResponse`1[[System.Collections.Generic.IReadOnlyCollection`1[[ThucLuc.Application.Features.MauBaoCao.MauBaoCaoModuleCatalogGroupDto, ThucLuc.Application, Version=1.0.0.0, Culture=neutral, PublicKeyToken=null]], System.Private.CoreLib, Version=8.0.0.0, Culture=neutral, PublicKeyToken=7cec85d7bea7798e]]'.
2026-04-14 17:25:35.590 +07:00 [INF] HTTP GET /api/v1/don-vi/2001 => 200 in 20.2212 ms CorrelationId=2c6cda28fbf54dc09964f7f094c368f6 UserId=5001
2026-04-14 17:25:35.591 +07:00 [INF] Executed action ThucLuc.Api.Controllers.V1.MauBaoCaoController.GetModuleCatalog (ThucLuc.Api) in 1.7403ms
2026-04-14 17:25:35.591 +07:00 [INF] Executing OkObjectResult, writing value of type 'ThucLuc.Api.Common.Models.ApiResponse`1[[System.Collections.Generic.IReadOnlyCollection`1[[ThucLuc.Application.Features.MauBaoCao.MauBaoCaoDto, ThucLuc.Application, Version=1.0.0.0, Culture=neutral, PublicKeyToken=null]], System.Private.CoreLib, Version=8.0.0.0, Culture=neutral, PublicKeyToken=7cec85d7bea7798e]]'.
2026-04-14 17:25:35.592 +07:00 [INF] HTTP GET /api/v1/don-vi/2001 responded 200 in 22.4210 ms
2026-04-14 17:25:35.593 +07:00 [INF] Executed endpoint 'ThucLuc.Api.Controllers.V1.MauBaoCaoController.GetModuleCatalog (ThucLuc.Api)'
2026-04-14 17:25:35.595 +07:00 [INF] Executed action ThucLuc.Api.Controllers.V1.MauBaoCaoController.GetAll (ThucLuc.Api) in 7.9221ms
2026-04-14 17:25:35.596 +07:00 [INF] Request finished HTTP/1.1 GET http://localhost:5283/api/v1/don-vi/2001 - 200 null application/json; charset=utf-8 30.2848ms
2026-04-14 17:25:35.597 +07:00 [INF] HTTP GET /api/v1/mau-bao-cao/module-catalog => 200 in 15.8931 ms CorrelationId=402842ed50f243d4b51afad72a26276b UserId=5001
2026-04-14 17:25:35.598 +07:00 [INF] Executed endpoint 'ThucLuc.Api.Controllers.V1.MauBaoCaoController.GetAll (ThucLuc.Api)'
2026-04-14 17:25:35.602 +07:00 [INF] HTTP GET /api/v1/mau-bao-cao/module-catalog responded 200 in 20.5980 ms
2026-04-14 17:25:35.602 +07:00 [INF] HTTP GET /api/v1/mau-bao-cao => 200 in 22.7709 ms CorrelationId=43476d40fcd3498dbd6f85e84c5d55ab UserId=5001
2026-04-14 17:25:35.603 +07:00 [INF] Request finished HTTP/1.1 GET http://localhost:5283/api/v1/mau-bao-cao/module-catalog - 200 null application/json; charset=utf-8 26.1361ms
2026-04-14 17:25:35.605 +07:00 [INF] HTTP GET /api/v1/mau-bao-cao responded 200 in 25.4420 ms
2026-04-14 17:25:35.608 +07:00 [INF] Request finished HTTP/1.1 GET http://localhost:5283/api/v1/mau-bao-cao?includeInactive=true - 200 null application/json; charset=utf-8 33.9647ms
2026-04-14 17:25:35.626 +07:00 [INF] Request starting HTTP/1.1 OPTIONS http://localhost:5283/api/v1/codes/by-code/NOI_DUNG_DAO_TAO_HV - null null
2026-04-14 17:25:35.626 +07:00 [INF] Request starting HTTP/1.1 GET http://localhost:5283/api/v1/don-vi/2001 - null null
2026-04-14 17:25:35.629 +07:00 [INF] CORS policy execution successful.
2026-04-14 17:25:35.630 +07:00 [INF] CORS policy execution successful.
2026-04-14 17:25:35.631 +07:00 [INF] HTTP OPTIONS /api/v1/codes/by-code/NOI_DUNG_DAO_TAO_HV => 204 in 2.2388 ms CorrelationId=a6d19b578c744af8b629dab0fe4cb7e2 UserId=anonymous
2026-04-14 17:25:35.631 +07:00 [INF] Executing endpoint 'ThucLuc.Api.Controllers.V1.DonViController.GetById (ThucLuc.Api)'
2026-04-14 17:25:35.634 +07:00 [INF] HTTP OPTIONS /api/v1/codes/by-code/NOI_DUNG_DAO_TAO_HV responded 204 in 5.8051 ms
2026-04-14 17:25:35.635 +07:00 [INF] Route matched with {action = "GetById", controller = "DonVi"}. Executing controller action with signature System.Threading.Tasks.Task`1[Microsoft.AspNetCore.Mvc.ActionResult`1[ThucLuc.Api.Common.Models.ApiResponse`1[ThucLuc.Application.Features.DonVi.DonViDto]]] GetById(Int64, System.Threading.CancellationToken) on controller ThucLuc.Api.Controllers.V1.DonViController (ThucLuc.Api).
2026-04-14 17:25:35.636 +07:00 [INF] Request finished HTTP/1.1 OPTIONS http://localhost:5283/api/v1/codes/by-code/NOI_DUNG_DAO_TAO_HV - 204 null null 10.4093ms
2026-04-14 17:25:35.639 +07:00 [INF] Request starting HTTP/1.1 GET http://localhost:5283/api/v1/codes/by-code/NOI_DUNG_DAO_TAO_HV - null null
2026-04-14 17:25:35.639 +07:00 [INF] Executing OkObjectResult, writing value of type 'ThucLuc.Api.Common.Models.ApiResponse`1[[ThucLuc.Application.Features.DonVi.DonViDto, ThucLuc.Application, Version=1.0.0.0, Culture=neutral, PublicKeyToken=null]]'.
2026-04-14 17:25:35.641 +07:00 [INF] CORS policy execution successful.
2026-04-14 17:25:35.641 +07:00 [INF] Executed action ThucLuc.Api.Controllers.V1.DonViController.GetById (ThucLuc.Api) in 4.2659ms
2026-04-14 17:25:35.642 +07:00 [INF] Executing endpoint 'ThucLuc.Api.Controllers.V1.CodesController.GetByCode (ThucLuc.Api)'
2026-04-14 17:25:35.644 +07:00 [INF] Executed endpoint 'ThucLuc.Api.Controllers.V1.DonViController.GetById (ThucLuc.Api)'
2026-04-14 17:25:35.645 +07:00 [INF] Route matched with {action = "GetByCode", controller = "Codes"}. Executing controller action with signature System.Threading.Tasks.Task`1[Microsoft.AspNetCore.Mvc.ActionResult`1[ThucLuc.Api.Common.Models.ApiResponse`1[ThucLuc.Application.Features.Codes.CodeDto]]] GetByCode(System.String, System.Threading.CancellationToken) on controller ThucLuc.Api.Controllers.V1.CodesController (ThucLuc.Api).
2026-04-14 17:25:35.646 +07:00 [INF] HTTP GET /api/v1/don-vi/2001 => 200 in 15.3767 ms CorrelationId=5a896f96ab214ab0a4f81ff2e292d7c6 UserId=5001
2026-04-14 17:25:35.648 +07:00 [INF] HTTP GET /api/v1/don-vi/2001 responded 200 in 17.9077 ms
2026-04-14 17:25:35.649 +07:00 [INF] Request finished HTTP/1.1 GET http://localhost:5283/api/v1/don-vi/2001 - 200 null application/json; charset=utf-8 23.2655ms
2026-04-14 17:25:35.649 +07:00 [INF] Executing OkObjectResult, writing value of type 'ThucLuc.Api.Common.Models.ApiResponse`1[[ThucLuc.Application.Features.Codes.CodeDto, ThucLuc.Application, Version=1.0.0.0, Culture=neutral, PublicKeyToken=null]]'.
2026-04-14 17:25:35.652 +07:00 [INF] Executed action ThucLuc.Api.Controllers.V1.CodesController.GetByCode (ThucLuc.Api) in 4.856ms
2026-04-14 17:25:35.653 +07:00 [INF] Executed endpoint 'ThucLuc.Api.Controllers.V1.CodesController.GetByCode (ThucLuc.Api)'
2026-04-14 17:25:35.654 +07:00 [INF] HTTP GET /api/v1/codes/by-code/NOI_DUNG_DAO_TAO_HV => 200 in 13.1266 ms CorrelationId=3db29f22718a4a47b881f58460fd7c25 UserId=5001
2026-04-14 17:25:35.655 +07:00 [INF] HTTP GET /api/v1/codes/by-code/NOI_DUNG_DAO_TAO_HV responded 200 in 14.4248 ms
2026-04-14 17:25:35.656 +07:00 [INF] Request finished HTTP/1.1 GET http://localhost:5283/api/v1/codes/by-code/NOI_DUNG_DAO_TAO_HV - 200 null application/json; charset=utf-8 17.2274ms
2026-04-14 17:25:35.693 +07:00 [INF] Request starting HTTP/1.1 OPTIONS http://localhost:5283/api/v1/dao-tao-hoc-vien?kyCode=2026Q1 - null null
2026-04-14 17:25:35.695 +07:00 [INF] CORS policy execution successful.
2026-04-14 17:25:35.696 +07:00 [INF] HTTP OPTIONS /api/v1/dao-tao-hoc-vien => 204 in 0.6325 ms CorrelationId=a1847c62e8cb42d5910e0bac84a326f4 UserId=anonymous
2026-04-14 17:25:35.697 +07:00 [INF] HTTP OPTIONS /api/v1/dao-tao-hoc-vien responded 204 in 1.8014 ms
2026-04-14 17:25:35.698 +07:00 [INF] Request finished HTTP/1.1 OPTIONS http://localhost:5283/api/v1/dao-tao-hoc-vien?kyCode=2026Q1 - 204 null null 5.1644ms
2026-04-14 17:25:35.700 +07:00 [INF] Request starting HTTP/1.1 GET http://localhost:5283/api/v1/dao-tao-hoc-vien?kyCode=2026Q1 - null null
2026-04-14 17:25:35.701 +07:00 [INF] CORS policy execution successful.
2026-04-14 17:25:35.702 +07:00 [INF] Executing endpoint 'ThucLuc.Api.Controllers.V1.DaoTaoHocVienController.GetAll (ThucLuc.Api)'
2026-04-14 17:25:35.702 +07:00 [INF] Route matched with {action = "GetAll", controller = "DaoTaoHocVien"}. Executing controller action with signature System.Threading.Tasks.Task`1[Microsoft.AspNetCore.Mvc.ActionResult`1[ThucLuc.Api.Common.Models.ApiResponse`1[System.Collections.Generic.IReadOnlyCollection`1[ThucLuc.Application.Features.DaoTaoHocVien.DaoTaoHocVienDto]]]] GetAll(System.Nullable`1[System.Int32], System.Threading.CancellationToken) on controller ThucLuc.Api.Controllers.V1.DaoTaoHocVienController (ThucLuc.Api).
2026-04-14 17:25:35.705 +07:00 [INF] Executing OkObjectResult, writing value of type 'ThucLuc.Api.Common.Models.ApiResponse`1[[System.Collections.Generic.IReadOnlyCollection`1[[ThucLuc.Application.Features.DaoTaoHocVien.DaoTaoHocVienDto, ThucLuc.Application, Version=1.0.0.0, Culture=neutral, PublicKeyToken=null]], System.Private.CoreLib, Version=8.0.0.0, Culture=neutral, PublicKeyToken=7cec85d7bea7798e]]'.
2026-04-14 17:25:35.706 +07:00 [INF] Executed action ThucLuc.Api.Controllers.V1.DaoTaoHocVienController.GetAll (ThucLuc.Api) in 2.7204ms
2026-04-14 17:25:35.707 +07:00 [INF] Executed endpoint 'ThucLuc.Api.Controllers.V1.DaoTaoHocVienController.GetAll (ThucLuc.Api)'
2026-04-14 17:25:35.707 +07:00 [INF] HTTP GET /api/v1/dao-tao-hoc-vien => 200 in 6.4035 ms CorrelationId=95849872f8894492852a6c3152ca2e59 UserId=5001
2026-04-14 17:25:35.709 +07:00 [INF] HTTP GET /api/v1/dao-tao-hoc-vien responded 200 in 8.2323 ms
2026-04-14 17:25:35.711 +07:00 [INF] Request finished HTTP/1.1 GET http://localhost:5283/api/v1/dao-tao-hoc-vien?kyCode=2026Q1 - 200 null application/json; charset=utf-8 11.5185ms
2026-04-14 17:25:42.524 +07:00 [INF] Request starting HTTP/1.1 OPTIONS http://localhost:5283/api/v1/don-vi/2001 - null null
2026-04-14 17:25:42.528 +07:00 [INF] CORS policy execution successful.
2026-04-14 17:25:42.528 +07:00 [INF] HTTP OPTIONS /api/v1/don-vi/2001 => 204 in 0.5289 ms CorrelationId=f0914d2700f142499713bea0d0dd76ec UserId=anonymous
2026-04-14 17:25:42.530 +07:00 [INF] HTTP OPTIONS /api/v1/don-vi/2001 responded 204 in 2.3965 ms
2026-04-14 17:25:42.531 +07:00 [INF] Request starting HTTP/1.1 OPTIONS http://localhost:5283/api/v1/mau-bao-cao?includeInactive=true - null null
2026-04-14 17:25:42.531 +07:00 [INF] Request starting HTTP/1.1 OPTIONS http://localhost:5283/api/v1/mau-bao-cao/module-catalog - null null
2026-04-14 17:25:42.532 +07:00 [INF] Request finished HTTP/1.1 OPTIONS http://localhost:5283/api/v1/don-vi/2001 - 204 null null 7.4845ms
2026-04-14 17:25:42.534 +07:00 [INF] CORS policy execution successful.
2026-04-14 17:25:42.536 +07:00 [INF] CORS policy execution successful.
2026-04-14 17:25:42.537 +07:00 [INF] Request starting HTTP/1.1 GET http://localhost:5283/api/v1/don-vi/2001 - null null
2026-04-14 17:25:42.538 +07:00 [INF] HTTP OPTIONS /api/v1/mau-bao-cao => 204 in 3.5856 ms CorrelationId=8a558cb9d4044e5ba70526dc54d03fdd UserId=anonymous
2026-04-14 17:25:42.538 +07:00 [INF] HTTP OPTIONS /api/v1/mau-bao-cao/module-catalog => 204 in 2.4297 ms CorrelationId=0c3dfcd455444c2daecdb675878d0aad UserId=anonymous
2026-04-14 17:25:42.540 +07:00 [INF] CORS policy execution successful.
2026-04-14 17:25:42.541 +07:00 [INF] HTTP OPTIONS /api/v1/mau-bao-cao responded 204 in 7.0391 ms
2026-04-14 17:25:42.543 +07:00 [INF] HTTP OPTIONS /api/v1/mau-bao-cao/module-catalog responded 204 in 7.0807 ms
2026-04-14 17:25:42.544 +07:00 [INF] Executing endpoint 'ThucLuc.Api.Controllers.V1.DonViController.GetById (ThucLuc.Api)'
2026-04-14 17:25:42.545 +07:00 [INF] Request finished HTTP/1.1 OPTIONS http://localhost:5283/api/v1/mau-bao-cao?includeInactive=true - 204 null null 13.4322ms
2026-04-14 17:25:42.546 +07:00 [INF] Request finished HTTP/1.1 OPTIONS http://localhost:5283/api/v1/mau-bao-cao/module-catalog - 204 null null 14.505ms
2026-04-14 17:25:42.547 +07:00 [INF] Route matched with {action = "GetById", controller = "DonVi"}. Executing controller action with signature System.Threading.Tasks.Task`1[Microsoft.AspNetCore.Mvc.ActionResult`1[ThucLuc.Api.Common.Models.ApiResponse`1[ThucLuc.Application.Features.DonVi.DonViDto]]] GetById(Int64, System.Threading.CancellationToken) on controller ThucLuc.Api.Controllers.V1.DonViController (ThucLuc.Api).
2026-04-14 17:25:42.550 +07:00 [INF] Request starting HTTP/1.1 GET http://localhost:5283/api/v1/mau-bao-cao/module-catalog - null null
2026-04-14 17:25:42.551 +07:00 [INF] Request starting HTTP/1.1 GET http://localhost:5283/api/v1/mau-bao-cao?includeInactive=true - null null
2026-04-14 17:25:42.553 +07:00 [INF] CORS policy execution successful.
2026-04-14 17:25:42.554 +07:00 [INF] Executing OkObjectResult, writing value of type 'ThucLuc.Api.Common.Models.ApiResponse`1[[ThucLuc.Application.Features.DonVi.DonViDto, ThucLuc.Application, Version=1.0.0.0, Culture=neutral, PublicKeyToken=null]]'.
2026-04-14 17:25:42.555 +07:00 [INF] CORS policy execution successful.
2026-04-14 17:25:42.555 +07:00 [INF] Executing endpoint 'ThucLuc.Api.Controllers.V1.MauBaoCaoController.GetModuleCatalog (ThucLuc.Api)'
2026-04-14 17:25:42.556 +07:00 [INF] Executed action ThucLuc.Api.Controllers.V1.DonViController.GetById (ThucLuc.Api) in 4.1895ms
2026-04-14 17:25:42.557 +07:00 [INF] Executing endpoint 'ThucLuc.Api.Controllers.V1.MauBaoCaoController.GetAll (ThucLuc.Api)'
2026-04-14 17:25:42.557 +07:00 [INF] Request starting HTTP/1.1 GET http://localhost:5283/api/v1/don-vi/2001 - null null
2026-04-14 17:25:42.558 +07:00 [INF] Route matched with {action = "GetModuleCatalog", controller = "MauBaoCao"}. Executing controller action with signature System.Threading.Tasks.Task`1[Microsoft.AspNetCore.Mvc.ActionResult`1[ThucLuc.Api.Common.Models.ApiResponse`1[System.Collections.Generic.IReadOnlyCollection`1[ThucLuc.Application.Features.MauBaoCao.MauBaoCaoModuleCatalogGroupDto]]]] GetModuleCatalog(System.Threading.CancellationToken) on controller ThucLuc.Api.Controllers.V1.MauBaoCaoController (ThucLuc.Api).
2026-04-14 17:25:42.558 +07:00 [INF] Executed endpoint 'ThucLuc.Api.Controllers.V1.DonViController.GetById (ThucLuc.Api)'
2026-04-14 17:25:42.559 +07:00 [INF] Route matched with {action = "GetAll", controller = "MauBaoCao"}. Executing controller action with signature System.Threading.Tasks.Task`1[Microsoft.AspNetCore.Mvc.ActionResult`1[ThucLuc.Api.Common.Models.ApiResponse`1[System.Collections.Generic.IReadOnlyCollection`1[ThucLuc.Application.Features.MauBaoCao.MauBaoCaoDto]]]] GetAll(Boolean, System.Threading.CancellationToken) on controller ThucLuc.Api.Controllers.V1.MauBaoCaoController (ThucLuc.Api).
2026-04-14 17:25:42.562 +07:00 [INF] CORS policy execution successful.
2026-04-14 17:25:42.563 +07:00 [INF] Request starting HTTP/1.1 OPTIONS http://localhost:5283/api/v1/codes/by-code/NOI_DUNG_DAO_TAO_HV - null null
2026-04-14 17:25:42.564 +07:00 [INF] Executing OkObjectResult, writing value of type 'ThucLuc.Api.Common.Models.ApiResponse`1[[System.Collections.Generic.IReadOnlyCollection`1[[ThucLuc.Application.Features.MauBaoCao.MauBaoCaoModuleCatalogGroupDto, ThucLuc.Application, Version=1.0.0.0, Culture=neutral, PublicKeyToken=null]], System.Private.CoreLib, Version=8.0.0.0, Culture=neutral, PublicKeyToken=7cec85d7bea7798e]]'.
2026-04-14 17:25:42.565 +07:00 [INF] HTTP GET /api/v1/don-vi/2001 => 200 in 24.8843 ms CorrelationId=1ffac68fe7a7471dbc81c3e143a3c14c UserId=5001
2026-04-14 17:25:42.566 +07:00 [INF] Executing endpoint 'ThucLuc.Api.Controllers.V1.DonViController.GetById (ThucLuc.Api)'
2026-04-14 17:25:42.569 +07:00 [INF] CORS policy execution successful.
2026-04-14 17:25:42.570 +07:00 [INF] Executed action ThucLuc.Api.Controllers.V1.MauBaoCaoController.GetModuleCatalog (ThucLuc.Api) in 5.6659ms
2026-04-14 17:25:42.571 +07:00 [INF] Executing OkObjectResult, writing value of type 'ThucLuc.Api.Common.Models.ApiResponse`1[[System.Collections.Generic.IReadOnlyCollection`1[[ThucLuc.Application.Features.MauBaoCao.MauBaoCaoDto, ThucLuc.Application, Version=1.0.0.0, Culture=neutral, PublicKeyToken=null]], System.Private.CoreLib, Version=8.0.0.0, Culture=neutral, PublicKeyToken=7cec85d7bea7798e]]'.
2026-04-14 17:25:42.571 +07:00 [INF] HTTP GET /api/v1/don-vi/2001 responded 200 in 31.4691 ms
2026-04-14 17:25:42.572 +07:00 [INF] Route matched with {action = "GetById", controller = "DonVi"}. Executing controller action with signature System.Threading.Tasks.Task`1[Microsoft.AspNetCore.Mvc.ActionResult`1[ThucLuc.Api.Common.Models.ApiResponse`1[ThucLuc.Application.Features.DonVi.DonViDto]]] GetById(Int64, System.Threading.CancellationToken) on controller ThucLuc.Api.Controllers.V1.DonViController (ThucLuc.Api).
2026-04-14 17:25:42.572 +07:00 [INF] HTTP OPTIONS /api/v1/codes/by-code/NOI_DUNG_DAO_TAO_HV => 204 in 3.3117 ms CorrelationId=c776130e8c4b48198b8d5b48a192aaf9 UserId=anonymous
2026-04-14 17:25:42.573 +07:00 [INF] Executed endpoint 'ThucLuc.Api.Controllers.V1.MauBaoCaoController.GetModuleCatalog (ThucLuc.Api)'
2026-04-14 17:25:42.581 +07:00 [INF] Executing OkObjectResult, writing value of type 'ThucLuc.Api.Common.Models.ApiResponse`1[[ThucLuc.Application.Features.DonVi.DonViDto, ThucLuc.Application, Version=1.0.0.0, Culture=neutral, PublicKeyToken=null]]'.
2026-04-14 17:25:42.576 +07:00 [INF] Executed action ThucLuc.Api.Controllers.V1.MauBaoCaoController.GetAll (ThucLuc.Api) in 10.1119ms
2026-04-14 17:25:42.578 +07:00 [INF] Request finished HTTP/1.1 GET http://localhost:5283/api/v1/don-vi/2001 - 200 null application/json; charset=utf-8 40.477ms
2026-04-14 17:25:42.581 +07:00 [INF] HTTP OPTIONS /api/v1/codes/by-code/NOI_DUNG_DAO_TAO_HV responded 204 in 11.9537 ms
2026-04-14 17:25:42.581 +07:00 [INF] HTTP GET /api/v1/mau-bao-cao/module-catalog => 200 in 27.9147 ms CorrelationId=6459c5d56bf34893b2a081e2e9f719b5 UserId=5001
2026-04-14 17:25:42.582 +07:00 [INF] Executed action ThucLuc.Api.Controllers.V1.DonViController.GetById (ThucLuc.Api) in 2.9288ms
2026-04-14 17:25:42.583 +07:00 [INF] Executed endpoint 'ThucLuc.Api.Controllers.V1.MauBaoCaoController.GetAll (ThucLuc.Api)'
2026-04-14 17:25:42.586 +07:00 [INF] Request finished HTTP/1.1 OPTIONS http://localhost:5283/api/v1/codes/by-code/NOI_DUNG_DAO_TAO_HV - 204 null null 23.1465ms
2026-04-14 17:25:42.588 +07:00 [INF] HTTP GET /api/v1/mau-bao-cao/module-catalog responded 200 in 34.6109 ms
2026-04-14 17:25:42.589 +07:00 [INF] Executed endpoint 'ThucLuc.Api.Controllers.V1.DonViController.GetById (ThucLuc.Api)'
2026-04-14 17:25:42.590 +07:00 [INF] HTTP GET /api/v1/mau-bao-cao => 200 in 34.5705 ms CorrelationId=8fb132d607be4e039ff48c3a734b6536 UserId=5001
2026-04-14 17:25:42.591 +07:00 [INF] Request starting HTTP/1.1 GET http://localhost:5283/api/v1/codes/by-code/NOI_DUNG_DAO_TAO_HV - null null
2026-04-14 17:25:42.592 +07:00 [INF] Request finished HTTP/1.1 GET http://localhost:5283/api/v1/mau-bao-cao/module-catalog - 200 null application/json; charset=utf-8 41.8428ms
2026-04-14 17:25:42.594 +07:00 [INF] HTTP GET /api/v1/don-vi/2001 => 200 in 32.2934 ms CorrelationId=f0152d9b23cf41658c1b546ce4e2eeef UserId=5001
2026-04-14 17:25:42.595 +07:00 [INF] HTTP GET /api/v1/mau-bao-cao responded 200 in 40.2852 ms
2026-04-14 17:25:42.597 +07:00 [INF] CORS policy execution successful.
2026-04-14 17:25:42.601 +07:00 [INF] HTTP GET /api/v1/don-vi/2001 responded 200 in 39.4854 ms
2026-04-14 17:25:42.602 +07:00 [INF] Request finished HTTP/1.1 GET http://localhost:5283/api/v1/mau-bao-cao?includeInactive=true - 200 null application/json; charset=utf-8 51.3072ms
2026-04-14 17:25:42.603 +07:00 [INF] Executing endpoint 'ThucLuc.Api.Controllers.V1.CodesController.GetByCode (ThucLuc.Api)'
2026-04-14 17:25:42.604 +07:00 [INF] Request finished HTTP/1.1 GET http://localhost:5283/api/v1/don-vi/2001 - 200 null application/json; charset=utf-8 46.7501ms
2026-04-14 17:25:42.607 +07:00 [INF] Route matched with {action = "GetByCode", controller = "Codes"}. Executing controller action with signature System.Threading.Tasks.Task`1[Microsoft.AspNetCore.Mvc.ActionResult`1[ThucLuc.Api.Common.Models.ApiResponse`1[ThucLuc.Application.Features.Codes.CodeDto]]] GetByCode(System.String, System.Threading.CancellationToken) on controller ThucLuc.Api.Controllers.V1.CodesController (ThucLuc.Api).
2026-04-14 17:25:42.613 +07:00 [INF] Executing OkObjectResult, writing value of type 'ThucLuc.Api.Common.Models.ApiResponse`1[[ThucLuc.Application.Features.Codes.CodeDto, ThucLuc.Application, Version=1.0.0.0, Culture=neutral, PublicKeyToken=null]]'.
2026-04-14 17:25:42.613 +07:00 [INF] Executed action ThucLuc.Api.Controllers.V1.CodesController.GetByCode (ThucLuc.Api) in 2.8203ms
2026-04-14 17:25:42.615 +07:00 [INF] Executed endpoint 'ThucLuc.Api.Controllers.V1.CodesController.GetByCode (ThucLuc.Api)'
2026-04-14 17:25:42.615 +07:00 [INF] HTTP GET /api/v1/codes/by-code/NOI_DUNG_DAO_TAO_HV => 200 in 18.269 ms CorrelationId=fe993f89d78c4a6c83db1a7cee44d55d UserId=5001
2026-04-14 17:25:42.617 +07:00 [INF] HTTP GET /api/v1/codes/by-code/NOI_DUNG_DAO_TAO_HV responded 200 in 19.9677 ms
2026-04-14 17:25:42.618 +07:00 [INF] Request finished HTTP/1.1 GET http://localhost:5283/api/v1/codes/by-code/NOI_DUNG_DAO_TAO_HV - 200 null application/json; charset=utf-8 27.1681ms
2026-04-14 17:25:42.621 +07:00 [INF] Request starting HTTP/1.1 OPTIONS http://localhost:5283/api/v1/dao-tao-hoc-vien?kyCode=2026Q1 - null null
2026-04-14 17:25:42.622 +07:00 [INF] CORS policy execution successful.
2026-04-14 17:25:42.623 +07:00 [INF] HTTP OPTIONS /api/v1/dao-tao-hoc-vien => 204 in 0.5575 ms CorrelationId=87dcca7844ba4903a7d88d995ae5c68a UserId=anonymous
2026-04-14 17:25:42.624 +07:00 [INF] HTTP OPTIONS /api/v1/dao-tao-hoc-vien responded 204 in 1.5780 ms
2026-04-14 17:25:42.626 +07:00 [INF] Request finished HTTP/1.1 OPTIONS http://localhost:5283/api/v1/dao-tao-hoc-vien?kyCode=2026Q1 - 204 null null 4.9695ms
2026-04-14 17:25:42.629 +07:00 [INF] Request starting HTTP/1.1 GET http://localhost:5283/api/v1/dao-tao-hoc-vien?kyCode=2026Q1 - null null
2026-04-14 17:25:42.631 +07:00 [INF] CORS policy execution successful.
2026-04-14 17:25:42.632 +07:00 [INF] Executing endpoint 'ThucLuc.Api.Controllers.V1.DaoTaoHocVienController.GetAll (ThucLuc.Api)'
2026-04-14 17:25:42.633 +07:00 [INF] Route matched with {action = "GetAll", controller = "DaoTaoHocVien"}. Executing controller action with signature System.Threading.Tasks.Task`1[Microsoft.AspNetCore.Mvc.ActionResult`1[ThucLuc.Api.Common.Models.ApiResponse`1[System.Collections.Generic.IReadOnlyCollection`1[ThucLuc.Application.Features.DaoTaoHocVien.DaoTaoHocVienDto]]]] GetAll(System.Nullable`1[System.Int32], System.Threading.CancellationToken) on controller ThucLuc.Api.Controllers.V1.DaoTaoHocVienController (ThucLuc.Api).
2026-04-14 17:25:42.637 +07:00 [INF] Executing OkObjectResult, writing value of type 'ThucLuc.Api.Common.Models.ApiResponse`1[[System.Collections.Generic.IReadOnlyCollection`1[[ThucLuc.Application.Features.DaoTaoHocVien.DaoTaoHocVienDto, ThucLuc.Application, Version=1.0.0.0, Culture=neutral, PublicKeyToken=null]], System.Private.CoreLib, Version=8.0.0.0, Culture=neutral, PublicKeyToken=7cec85d7bea7798e]]'.
2026-04-14 17:25:42.637 +07:00 [INF] Executed action ThucLuc.Api.Controllers.V1.DaoTaoHocVienController.GetAll (ThucLuc.Api) in 2.79ms
2026-04-14 17:25:42.638 +07:00 [INF] Executed endpoint 'ThucLuc.Api.Controllers.V1.DaoTaoHocVienController.GetAll (ThucLuc.Api)'
2026-04-14 17:25:42.639 +07:00 [INF] HTTP GET /api/v1/dao-tao-hoc-vien => 200 in 8.1487 ms CorrelationId=d466b7fbc6944f4fa4b749a422e4746c UserId=5001
2026-04-14 17:25:42.641 +07:00 [INF] HTTP GET /api/v1/dao-tao-hoc-vien responded 200 in 9.5397 ms
2026-04-14 17:25:42.641 +07:00 [INF] Request finished HTTP/1.1 GET http://localhost:5283/api/v1/dao-tao-hoc-vien?kyCode=2026Q1 - 200 null application/json; charset=utf-8 12.2928ms
2026-04-14 17:25:47.567 +07:00 [INF] Request starting HTTP/1.1 OPTIONS http://localhost:5283/api/v1/don-vi/2001 - null null
2026-04-14 17:25:47.568 +07:00 [INF] Request starting HTTP/1.1 OPTIONS http://localhost:5283/api/v1/mau-bao-cao?includeInactive=true - null null
2026-04-14 17:25:47.568 +07:00 [INF] Request starting HTTP/1.1 OPTIONS http://localhost:5283/api/v1/mau-bao-cao/module-catalog - null null
2026-04-14 17:25:47.569 +07:00 [INF] CORS policy execution successful.
2026-04-14 17:25:47.571 +07:00 [INF] CORS policy execution successful.
2026-04-14 17:25:47.572 +07:00 [INF] Request starting HTTP/1.1 OPTIONS http://localhost:5283/api/v1/don-vi/2001 - null null
2026-04-14 17:25:47.573 +07:00 [INF] CORS policy execution successful.
2026-04-14 17:25:47.574 +07:00 [INF] HTTP OPTIONS /api/v1/don-vi/2001 => 204 in 4.4385 ms CorrelationId=1f3591f3b6b14ad6954ad011d3fc0266 UserId=anonymous
2026-04-14 17:25:47.574 +07:00 [INF] HTTP OPTIONS /api/v1/mau-bao-cao => 204 in 3.1263 ms CorrelationId=d8cd13ae97f54fa6bbc38bd3fb80b864 UserId=anonymous
2026-04-14 17:25:47.576 +07:00 [INF] CORS policy execution successful.
2026-04-14 17:25:47.577 +07:00 [INF] HTTP OPTIONS /api/v1/mau-bao-cao/module-catalog => 204 in 3.5274 ms CorrelationId=86801e04ad764d4dbdf5d36ddab12bcb UserId=anonymous
2026-04-14 17:25:47.579 +07:00 [INF] HTTP OPTIONS /api/v1/don-vi/2001 responded 204 in 9.6619 ms
2026-04-14 17:25:47.579 +07:00 [INF] Request starting HTTP/1.1 GET http://localhost:5283/api/v1/codes/by-code/NOI_DUNG_DAO_TAO_HV - null null
2026-04-14 17:25:47.580 +07:00 [INF] HTTP OPTIONS /api/v1/mau-bao-cao responded 204 in 9.4819 ms
2026-04-14 17:25:47.581 +07:00 [INF] HTTP OPTIONS /api/v1/don-vi/2001 => 204 in 5.0735 ms CorrelationId=658cd09860b94d19b41569cde971cc32 UserId=anonymous
2026-04-14 17:25:47.582 +07:00 [INF] HTTP OPTIONS /api/v1/mau-bao-cao/module-catalog responded 204 in 9.4858 ms
2026-04-14 17:25:47.584 +07:00 [INF] Request finished HTTP/1.1 OPTIONS http://localhost:5283/api/v1/don-vi/2001 - 204 null null 17.0642ms
2026-04-14 17:25:47.586 +07:00 [INF] CORS policy execution successful.
2026-04-14 17:25:47.587 +07:00 [INF] Request finished HTTP/1.1 OPTIONS http://localhost:5283/api/v1/mau-bao-cao?includeInactive=true - 204 null null 19.0785ms
2026-04-14 17:25:47.589 +07:00 [INF] HTTP OPTIONS /api/v1/don-vi/2001 responded 204 in 13.3942 ms
2026-04-14 17:25:47.591 +07:00 [INF] Request finished HTTP/1.1 OPTIONS http://localhost:5283/api/v1/mau-bao-cao/module-catalog - 204 null null 22.233ms
2026-04-14 17:25:47.594 +07:00 [INF] Request starting HTTP/1.1 GET http://localhost:5283/api/v1/don-vi/2001 - null null
2026-04-14 17:25:47.594 +07:00 [INF] Executing endpoint 'ThucLuc.Api.Controllers.V1.CodesController.GetByCode (ThucLuc.Api)'
2026-04-14 17:25:47.597 +07:00 [INF] Request starting HTTP/1.1 GET http://localhost:5283/api/v1/mau-bao-cao?includeInactive=true - null null
2026-04-14 17:25:47.598 +07:00 [INF] Request finished HTTP/1.1 OPTIONS http://localhost:5283/api/v1/don-vi/2001 - 204 null null 26.0624ms
2026-04-14 17:25:47.600 +07:00 [INF] Request starting HTTP/1.1 GET http://localhost:5283/api/v1/mau-bao-cao/module-catalog - null null
2026-04-14 17:25:47.601 +07:00 [INF] CORS policy execution successful.
2026-04-14 17:25:47.602 +07:00 [INF] Route matched with {action = "GetByCode", controller = "Codes"}. Executing controller action with signature System.Threading.Tasks.Task`1[Microsoft.AspNetCore.Mvc.ActionResult`1[ThucLuc.Api.Common.Models.ApiResponse`1[ThucLuc.Application.Features.Codes.CodeDto]]] GetByCode(System.String, System.Threading.CancellationToken) on controller ThucLuc.Api.Controllers.V1.CodesController (ThucLuc.Api).
2026-04-14 17:25:47.604 +07:00 [INF] CORS policy execution successful.
2026-04-14 17:25:47.608 +07:00 [INF] CORS policy execution successful.
2026-04-14 17:25:47.608 +07:00 [INF] Executing endpoint 'ThucLuc.Api.Controllers.V1.DonViController.GetById (ThucLuc.Api)'
2026-04-14 17:25:47.611 +07:00 [INF] Executing endpoint 'ThucLuc.Api.Controllers.V1.MauBaoCaoController.GetAll (ThucLuc.Api)'
2026-04-14 17:25:47.611 +07:00 [INF] Executing endpoint 'ThucLuc.Api.Controllers.V1.MauBaoCaoController.GetModuleCatalog (ThucLuc.Api)'
2026-04-14 17:25:47.612 +07:00 [INF] Route matched with {action = "GetById", controller = "DonVi"}. Executing controller action with signature System.Threading.Tasks.Task`1[Microsoft.AspNetCore.Mvc.ActionResult`1[ThucLuc.Api.Common.Models.ApiResponse`1[ThucLuc.Application.Features.DonVi.DonViDto]]] GetById(Int64, System.Threading.CancellationToken) on controller ThucLuc.Api.Controllers.V1.DonViController (ThucLuc.Api).
2026-04-14 17:25:47.613 +07:00 [INF] Executing OkObjectResult, writing value of type 'ThucLuc.Api.Common.Models.ApiResponse`1[[ThucLuc.Application.Features.Codes.CodeDto, ThucLuc.Application, Version=1.0.0.0, Culture=neutral, PublicKeyToken=null]]'.
2026-04-14 17:25:47.614 +07:00 [INF] Route matched with {action = "GetAll", controller = "MauBaoCao"}. Executing controller action with signature System.Threading.Tasks.Task`1[Microsoft.AspNetCore.Mvc.ActionResult`1[ThucLuc.Api.Common.Models.ApiResponse`1[System.Collections.Generic.IReadOnlyCollection`1[ThucLuc.Application.Features.MauBaoCao.MauBaoCaoDto]]]] GetAll(Boolean, System.Threading.CancellationToken) on controller ThucLuc.Api.Controllers.V1.MauBaoCaoController (ThucLuc.Api).
2026-04-14 17:25:47.614 +07:00 [INF] Route matched with {action = "GetModuleCatalog", controller = "MauBaoCao"}. Executing controller action with signature System.Threading.Tasks.Task`1[Microsoft.AspNetCore.Mvc.ActionResult`1[ThucLuc.Api.Common.Models.ApiResponse`1[System.Collections.Generic.IReadOnlyCollection`1[ThucLuc.Application.Features.MauBaoCao.MauBaoCaoModuleCatalogGroupDto]]]] GetModuleCatalog(System.Threading.CancellationToken) on controller ThucLuc.Api.Controllers.V1.MauBaoCaoController (ThucLuc.Api).
2026-04-14 17:25:47.617 +07:00 [INF] Executed action ThucLuc.Api.Controllers.V1.CodesController.GetByCode (ThucLuc.Api) in 6.6994ms
2026-04-14 17:25:47.617 +07:00 [INF] Executing OkObjectResult, writing value of type 'ThucLuc.Api.Common.Models.ApiResponse`1[[ThucLuc.Application.Features.DonVi.DonViDto, ThucLuc.Application, Version=1.0.0.0, Culture=neutral, PublicKeyToken=null]]'.
2026-04-14 17:25:47.620 +07:00 [INF] Executing OkObjectResult, writing value of type 'ThucLuc.Api.Common.Models.ApiResponse`1[[System.Collections.Generic.IReadOnlyCollection`1[[ThucLuc.Application.Features.MauBaoCao.MauBaoCaoModuleCatalogGroupDto, ThucLuc.Application, Version=1.0.0.0, Culture=neutral, PublicKeyToken=null]], System.Private.CoreLib, Version=8.0.0.0, Culture=neutral, PublicKeyToken=7cec85d7bea7798e]]'.
2026-04-14 17:25:47.621 +07:00 [INF] Executed endpoint 'ThucLuc.Api.Controllers.V1.CodesController.GetByCode (ThucLuc.Api)'
2026-04-14 17:25:47.622 +07:00 [INF] Executed action ThucLuc.Api.Controllers.V1.DonViController.GetById (ThucLuc.Api) in 6.1435ms
2026-04-14 17:25:47.623 +07:00 [INF] Executing OkObjectResult, writing value of type 'ThucLuc.Api.Common.Models.ApiResponse`1[[System.Collections.Generic.IReadOnlyCollection`1[[ThucLuc.Application.Features.MauBaoCao.MauBaoCaoDto, ThucLuc.Application, Version=1.0.0.0, Culture=neutral, PublicKeyToken=null]], System.Private.CoreLib, Version=8.0.0.0, Culture=neutral, PublicKeyToken=7cec85d7bea7798e]]'.
2026-04-14 17:25:47.623 +07:00 [INF] Request starting HTTP/1.1 GET http://localhost:5283/api/v1/don-vi/2001 - null null
2026-04-14 17:25:47.623 +07:00 [INF] Executed action ThucLuc.Api.Controllers.V1.MauBaoCaoController.GetModuleCatalog (ThucLuc.Api) in 3.0149ms
2026-04-14 17:25:47.624 +07:00 [INF] HTTP GET /api/v1/codes/by-code/NOI_DUNG_DAO_TAO_HV => 200 in 38.4533 ms CorrelationId=7b2f5a1e00cd4c21bab359e73e6e82b9 UserId=5001
2026-04-14 17:25:47.625 +07:00 [INF] Executed endpoint 'ThucLuc.Api.Controllers.V1.DonViController.GetById (ThucLuc.Api)'
2026-04-14 17:25:47.626 +07:00 [INF] Executed action ThucLuc.Api.Controllers.V1.MauBaoCaoController.GetAll (ThucLuc.Api) in 7.5121ms
2026-04-14 17:25:47.628 +07:00 [INF] CORS policy execution successful.
2026-04-14 17:25:47.629 +07:00 [INF] Executed endpoint 'ThucLuc.Api.Controllers.V1.MauBaoCaoController.GetModuleCatalog (ThucLuc.Api)'
2026-04-14 17:25:47.631 +07:00 [INF] HTTP GET /api/v1/codes/by-code/NOI_DUNG_DAO_TAO_HV responded 200 in 45.3392 ms
2026-04-14 17:25:47.632 +07:00 [INF] HTTP GET /api/v1/don-vi/2001 => 200 in 30.4725 ms CorrelationId=8d1dcea2abe947f4b573abbb5cfe081d UserId=5001
2026-04-14 17:25:47.632 +07:00 [INF] Executed endpoint 'ThucLuc.Api.Controllers.V1.MauBaoCaoController.GetAll (ThucLuc.Api)'
2026-04-14 17:25:47.633 +07:00 [INF] Executing endpoint 'ThucLuc.Api.Controllers.V1.DonViController.GetById (ThucLuc.Api)'
2026-04-14 17:25:47.634 +07:00 [INF] HTTP GET /api/v1/mau-bao-cao/module-catalog => 200 in 26.234 ms CorrelationId=4a1983dcacbe47d8a46864d8db8b2a54 UserId=5001
2026-04-14 17:25:47.635 +07:00 [INF] Request finished HTTP/1.1 GET http://localhost:5283/api/v1/codes/by-code/NOI_DUNG_DAO_TAO_HV - 200 null application/json; charset=utf-8 55.451ms
2026-04-14 17:25:47.636 +07:00 [INF] HTTP GET /api/v1/don-vi/2001 responded 200 in 35.2012 ms
2026-04-14 17:25:47.637 +07:00 [INF] HTTP GET /api/v1/mau-bao-cao => 200 in 33.7044 ms CorrelationId=54c8e97af8b845a5ac0e307d21e81199 UserId=5001
2026-04-14 17:25:47.639 +07:00 [INF] Route matched with {action = "GetById", controller = "DonVi"}. Executing controller action with signature System.Threading.Tasks.Task`1[Microsoft.AspNetCore.Mvc.ActionResult`1[ThucLuc.Api.Common.Models.ApiResponse`1[ThucLuc.Application.Features.DonVi.DonViDto]]] GetById(Int64, System.Threading.CancellationToken) on controller ThucLuc.Api.Controllers.V1.DonViController (ThucLuc.Api).
2026-04-14 17:25:47.640 +07:00 [INF] HTTP GET /api/v1/mau-bao-cao/module-catalog responded 200 in 32.1837 ms
2026-04-14 17:25:47.642 +07:00 [INF] Request starting HTTP/1.1 OPTIONS http://localhost:5283/api/v1/dao-tao-hoc-vien?kyCode=2026Q1 - null null
2026-04-14 17:25:47.644 +07:00 [INF] Request finished HTTP/1.1 GET http://localhost:5283/api/v1/don-vi/2001 - 200 null application/json; charset=utf-8 50.4896ms
2026-04-14 17:25:47.645 +07:00 [INF] HTTP GET /api/v1/mau-bao-cao responded 200 in 41.6514 ms
2026-04-14 17:25:47.648 +07:00 [INF] Request finished HTTP/1.1 GET http://localhost:5283/api/v1/mau-bao-cao/module-catalog - 200 null application/json; charset=utf-8 47.992ms
2026-04-14 17:25:47.649 +07:00 [INF] Executing OkObjectResult, writing value of type 'ThucLuc.Api.Common.Models.ApiResponse`1[[ThucLuc.Application.Features.DonVi.DonViDto, ThucLuc.Application, Version=1.0.0.0, Culture=neutral, PublicKeyToken=null]]'.
2026-04-14 17:25:47.650 +07:00 [INF] CORS policy execution successful.
2026-04-14 17:25:47.653 +07:00 [INF] Request finished HTTP/1.1 GET http://localhost:5283/api/v1/mau-bao-cao?includeInactive=true - 200 null application/json; charset=utf-8 56.1551ms
2026-04-14 17:25:47.657 +07:00 [INF] Executed action ThucLuc.Api.Controllers.V1.DonViController.GetById (ThucLuc.Api) in 10.3248ms
2026-04-14 17:25:47.658 +07:00 [INF] HTTP OPTIONS /api/v1/dao-tao-hoc-vien => 204 in 7.1097 ms CorrelationId=4f8ab2fb55a644499dfc0d9338027f18 UserId=anonymous
2026-04-14 17:25:47.662 +07:00 [INF] Executed endpoint 'ThucLuc.Api.Controllers.V1.DonViController.GetById (ThucLuc.Api)'
2026-04-14 17:25:47.663 +07:00 [INF] HTTP OPTIONS /api/v1/dao-tao-hoc-vien responded 204 in 12.6817 ms
2026-04-14 17:25:47.664 +07:00 [INF] HTTP GET /api/v1/don-vi/2001 => 200 in 35.7166 ms CorrelationId=5c7badea7d064c2e9e0b655e3c4160af UserId=5001
2026-04-14 17:25:47.665 +07:00 [INF] Request finished HTTP/1.1 OPTIONS http://localhost:5283/api/v1/dao-tao-hoc-vien?kyCode=2026Q1 - 204 null null 23.03ms
2026-04-14 17:25:47.666 +07:00 [INF] HTTP GET /api/v1/don-vi/2001 responded 200 in 38.0365 ms
2026-04-14 17:25:47.668 +07:00 [INF] Request starting HTTP/1.1 GET http://localhost:5283/api/v1/dao-tao-hoc-vien?kyCode=2026Q1 - null null
2026-04-14 17:25:47.669 +07:00 [INF] Request finished HTTP/1.1 GET http://localhost:5283/api/v1/don-vi/2001 - 200 null application/json; charset=utf-8 46.1077ms
2026-04-14 17:25:47.672 +07:00 [INF] CORS policy execution successful.
2026-04-14 17:25:47.675 +07:00 [INF] Executing endpoint 'ThucLuc.Api.Controllers.V1.DaoTaoHocVienController.GetAll (ThucLuc.Api)'
2026-04-14 17:25:47.676 +07:00 [INF] Route matched with {action = "GetAll", controller = "DaoTaoHocVien"}. Executing controller action with signature System.Threading.Tasks.Task`1[Microsoft.AspNetCore.Mvc.ActionResult`1[ThucLuc.Api.Common.Models.ApiResponse`1[System.Collections.Generic.IReadOnlyCollection`1[ThucLuc.Application.Features.DaoTaoHocVien.DaoTaoHocVienDto]]]] GetAll(System.Nullable`1[System.Int32], System.Threading.CancellationToken) on controller ThucLuc.Api.Controllers.V1.DaoTaoHocVienController (ThucLuc.Api).
2026-04-14 17:25:47.680 +07:00 [INF] Executing OkObjectResult, writing value of type 'ThucLuc.Api.Common.Models.ApiResponse`1[[System.Collections.Generic.IReadOnlyCollection`1[[ThucLuc.Application.Features.DaoTaoHocVien.DaoTaoHocVienDto, ThucLuc.Application, Version=1.0.0.0, Culture=neutral, PublicKeyToken=null]], System.Private.CoreLib, Version=8.0.0.0, Culture=neutral, PublicKeyToken=7cec85d7bea7798e]]'.
2026-04-14 17:25:47.681 +07:00 [INF] Executed action ThucLuc.Api.Controllers.V1.DaoTaoHocVienController.GetAll (ThucLuc.Api) in 2.6015ms
2026-04-14 17:25:47.682 +07:00 [INF] Executed endpoint 'ThucLuc.Api.Controllers.V1.DaoTaoHocVienController.GetAll (ThucLuc.Api)'
2026-04-14 17:25:47.683 +07:00 [INF] HTTP GET /api/v1/dao-tao-hoc-vien => 200 in 11.1653 ms CorrelationId=9b0a1e5ff3e2475cb53dffb0f4f1c780 UserId=5001
2026-04-14 17:25:47.686 +07:00 [INF] HTTP GET /api/v1/dao-tao-hoc-vien responded 200 in 14.8799 ms
2026-04-14 17:25:47.688 +07:00 [INF] Request finished HTTP/1.1 GET http://localhost:5283/api/v1/dao-tao-hoc-vien?kyCode=2026Q1 - 200 null application/json; charset=utf-8 19.9058ms
2026-04-14 17:26:00.555 +07:00 [INF] Request starting HTTP/1.1 OPTIONS http://localhost:5283/api/v1/don-vi/2001 - null null
2026-04-14 17:26:00.558 +07:00 [INF] Request starting HTTP/1.1 OPTIONS http://localhost:5283/api/v1/codes/by-code/NOI_DUNG_DAO_TAO_HV - null null
2026-04-14 17:26:00.558 +07:00 [INF] CORS policy execution successful.
2026-04-14 17:26:00.560 +07:00 [INF] CORS policy execution successful.
2026-04-14 17:26:00.561 +07:00 [INF] HTTP OPTIONS /api/v1/don-vi/2001 => 204 in 3.2153 ms CorrelationId=9a263c982e9f477093fd3a4716c10b39 UserId=anonymous
2026-04-14 17:26:00.561 +07:00 [INF] HTTP OPTIONS /api/v1/codes/by-code/NOI_DUNG_DAO_TAO_HV => 204 in 1.1555 ms CorrelationId=5da805d579bb43ec869aaf0d36522dcb UserId=anonymous
2026-04-14 17:26:00.563 +07:00 [INF] HTTP OPTIONS /api/v1/don-vi/2001 responded 204 in 5.6074 ms
2026-04-14 17:26:00.564 +07:00 [INF] HTTP OPTIONS /api/v1/codes/by-code/NOI_DUNG_DAO_TAO_HV responded 204 in 3.9676 ms
2026-04-14 17:26:00.565 +07:00 [INF] Request finished HTTP/1.1 OPTIONS http://localhost:5283/api/v1/don-vi/2001 - 204 null null 9.6872ms
2026-04-14 17:26:00.566 +07:00 [INF] Request finished HTTP/1.1 OPTIONS http://localhost:5283/api/v1/codes/by-code/NOI_DUNG_DAO_TAO_HV - 204 null null 8.8486ms
2026-04-14 17:26:00.568 +07:00 [INF] Request starting HTTP/1.1 GET http://localhost:5283/api/v1/don-vi/2001 - null null
2026-04-14 17:26:00.570 +07:00 [INF] Request starting HTTP/1.1 GET http://localhost:5283/api/v1/codes/by-code/NOI_DUNG_DAO_TAO_HV - null null
2026-04-14 17:26:00.571 +07:00 [INF] CORS policy execution successful.
2026-04-14 17:26:00.573 +07:00 [INF] CORS policy execution successful.
2026-04-14 17:26:00.573 +07:00 [INF] Executing endpoint 'ThucLuc.Api.Controllers.V1.DonViController.GetById (ThucLuc.Api)'
2026-04-14 17:26:00.573 +07:00 [INF] Executing endpoint 'ThucLuc.Api.Controllers.V1.CodesController.GetByCode (ThucLuc.Api)'
2026-04-14 17:26:00.574 +07:00 [INF] Route matched with {action = "GetById", controller = "DonVi"}. Executing controller action with signature System.Threading.Tasks.Task`1[Microsoft.AspNetCore.Mvc.ActionResult`1[ThucLuc.Api.Common.Models.ApiResponse`1[ThucLuc.Application.Features.DonVi.DonViDto]]] GetById(Int64, System.Threading.CancellationToken) on controller ThucLuc.Api.Controllers.V1.DonViController (ThucLuc.Api).
2026-04-14 17:26:00.576 +07:00 [INF] Route matched with {action = "GetByCode", controller = "Codes"}. Executing controller action with signature System.Threading.Tasks.Task`1[Microsoft.AspNetCore.Mvc.ActionResult`1[ThucLuc.Api.Common.Models.ApiResponse`1[ThucLuc.Application.Features.Codes.CodeDto]]] GetByCode(System.String, System.Threading.CancellationToken) on controller ThucLuc.Api.Controllers.V1.CodesController (ThucLuc.Api).
2026-04-14 17:26:00.579 +07:00 [INF] Executing OkObjectResult, writing value of type 'ThucLuc.Api.Common.Models.ApiResponse`1[[ThucLuc.Application.Features.DonVi.DonViDto, ThucLuc.Application, Version=1.0.0.0, Culture=neutral, PublicKeyToken=null]]'.
2026-04-14 17:26:00.581 +07:00 [INF] Executing OkObjectResult, writing value of type 'ThucLuc.Api.Common.Models.ApiResponse`1[[ThucLuc.Application.Features.Codes.CodeDto, ThucLuc.Application, Version=1.0.0.0, Culture=neutral, PublicKeyToken=null]]'.
2026-04-14 17:26:00.581 +07:00 [INF] Executed action ThucLuc.Api.Controllers.V1.DonViController.GetById (ThucLuc.Api) in 3.7437ms
2026-04-14 17:26:00.581 +07:00 [INF] Executed action ThucLuc.Api.Controllers.V1.CodesController.GetByCode (ThucLuc.Api) in 2.7925ms
2026-04-14 17:26:00.582 +07:00 [INF] Executed endpoint 'ThucLuc.Api.Controllers.V1.DonViController.GetById (ThucLuc.Api)'
2026-04-14 17:26:00.583 +07:00 [INF] Executed endpoint 'ThucLuc.Api.Controllers.V1.CodesController.GetByCode (ThucLuc.Api)'
2026-04-14 17:26:00.584 +07:00 [INF] HTTP GET /api/v1/don-vi/2001 => 200 in 12.6444 ms CorrelationId=0e1055952de7418b9677f48e3a847002 UserId=5001
2026-04-14 17:26:00.584 +07:00 [INF] HTTP GET /api/v1/codes/by-code/NOI_DUNG_DAO_TAO_HV => 200 in 11.7371 ms CorrelationId=5039159f52be43858fbb2c2dd0bb9539 UserId=5001
2026-04-14 17:26:00.586 +07:00 [INF] HTTP GET /api/v1/don-vi/2001 responded 200 in 14.4425 ms
2026-04-14 17:26:00.587 +07:00 [INF] HTTP GET /api/v1/codes/by-code/NOI_DUNG_DAO_TAO_HV responded 200 in 14.0389 ms
2026-04-14 17:26:00.588 +07:00 [INF] Request finished HTTP/1.1 GET http://localhost:5283/api/v1/don-vi/2001 - 200 null application/json; charset=utf-8 19.5838ms
2026-04-14 17:26:00.589 +07:00 [INF] Request finished HTTP/1.1 GET http://localhost:5283/api/v1/codes/by-code/NOI_DUNG_DAO_TAO_HV - 200 null application/json; charset=utf-8 18.9379ms
2026-04-14 17:26:00.593 +07:00 [INF] Request starting HTTP/1.1 OPTIONS http://localhost:5283/api/v1/dao-tao-hoc-vien?kyCode=2026Q1 - null null
2026-04-14 17:26:00.595 +07:00 [INF] CORS policy execution successful.
2026-04-14 17:26:00.596 +07:00 [INF] HTTP OPTIONS /api/v1/dao-tao-hoc-vien => 204 in 0.5281 ms CorrelationId=3a4e675ffb844da591f50574ab1d3015 UserId=anonymous
2026-04-14 17:26:00.597 +07:00 [INF] HTTP OPTIONS /api/v1/dao-tao-hoc-vien responded 204 in 1.7683 ms
2026-04-14 17:26:00.598 +07:00 [INF] Request finished HTTP/1.1 OPTIONS http://localhost:5283/api/v1/dao-tao-hoc-vien?kyCode=2026Q1 - 204 null null 4.6221ms
2026-04-14 17:26:00.600 +07:00 [INF] Request starting HTTP/1.1 GET http://localhost:5283/api/v1/dao-tao-hoc-vien?kyCode=2026Q1 - null null
2026-04-14 17:26:00.601 +07:00 [INF] CORS policy execution successful.
2026-04-14 17:26:00.602 +07:00 [INF] Executing endpoint 'ThucLuc.Api.Controllers.V1.DaoTaoHocVienController.GetAll (ThucLuc.Api)'
2026-04-14 17:26:00.603 +07:00 [INF] Route matched with {action = "GetAll", controller = "DaoTaoHocVien"}. Executing controller action with signature System.Threading.Tasks.Task`1[Microsoft.AspNetCore.Mvc.ActionResult`1[ThucLuc.Api.Common.Models.ApiResponse`1[System.Collections.Generic.IReadOnlyCollection`1[ThucLuc.Application.Features.DaoTaoHocVien.DaoTaoHocVienDto]]]] GetAll(System.Nullable`1[System.Int32], System.Threading.CancellationToken) on controller ThucLuc.Api.Controllers.V1.DaoTaoHocVienController (ThucLuc.Api).
2026-04-14 17:26:00.606 +07:00 [INF] Executing OkObjectResult, writing value of type 'ThucLuc.Api.Common.Models.ApiResponse`1[[System.Collections.Generic.IReadOnlyCollection`1[[ThucLuc.Application.Features.DaoTaoHocVien.DaoTaoHocVienDto, ThucLuc.Application, Version=1.0.0.0, Culture=neutral, PublicKeyToken=null]], System.Private.CoreLib, Version=8.0.0.0, Culture=neutral, PublicKeyToken=7cec85d7bea7798e]]'.
2026-04-14 17:26:00.607 +07:00 [INF] Executed action ThucLuc.Api.Controllers.V1.DaoTaoHocVienController.GetAll (ThucLuc.Api) in 2.7073ms
2026-04-14 17:26:00.608 +07:00 [INF] Executed endpoint 'ThucLuc.Api.Controllers.V1.DaoTaoHocVienController.GetAll (ThucLuc.Api)'
2026-04-14 17:26:00.609 +07:00 [INF] HTTP GET /api/v1/dao-tao-hoc-vien => 200 in 7.2189 ms CorrelationId=0d1d552e60334c6181d63b2cfbd02f73 UserId=5001
2026-04-14 17:26:00.610 +07:00 [INF] HTTP GET /api/v1/dao-tao-hoc-vien responded 200 in 8.6045 ms
2026-04-14 17:26:00.611 +07:00 [INF] Request finished HTTP/1.1 GET http://localhost:5283/api/v1/dao-tao-hoc-vien?kyCode=2026Q1 - 200 null application/json; charset=utf-8 11.3186ms
2026-04-14 17:26:01.555 +07:00 [INF] Request starting HTTP/1.1 GET http://localhost:5283/api/v1/don-vi/2001 - null null
2026-04-14 17:26:01.556 +07:00 [INF] Request starting HTTP/1.1 GET http://localhost:5283/api/v1/codes/by-code/NOI_DUNG_DAO_TAO_HV - null null
2026-04-14 17:26:01.557 +07:00 [INF] CORS policy execution successful.
2026-04-14 17:26:01.560 +07:00 [INF] CORS policy execution successful.
2026-04-14 17:26:01.560 +07:00 [INF] Executing endpoint 'ThucLuc.Api.Controllers.V1.DonViController.GetById (ThucLuc.Api)'
2026-04-14 17:26:01.561 +07:00 [INF] Executing endpoint 'ThucLuc.Api.Controllers.V1.CodesController.GetByCode (ThucLuc.Api)'
2026-04-14 17:26:01.562 +07:00 [INF] Route matched with {action = "GetById", controller = "DonVi"}. Executing controller action with signature System.Threading.Tasks.Task`1[Microsoft.AspNetCore.Mvc.ActionResult`1[ThucLuc.Api.Common.Models.ApiResponse`1[ThucLuc.Application.Features.DonVi.DonViDto]]] GetById(Int64, System.Threading.CancellationToken) on controller ThucLuc.Api.Controllers.V1.DonViController (ThucLuc.Api).
2026-04-14 17:26:01.562 +07:00 [INF] Route matched with {action = "GetByCode", controller = "Codes"}. Executing controller action with signature System.Threading.Tasks.Task`1[Microsoft.AspNetCore.Mvc.ActionResult`1[ThucLuc.Api.Common.Models.ApiResponse`1[ThucLuc.Application.Features.Codes.CodeDto]]] GetByCode(System.String, System.Threading.CancellationToken) on controller ThucLuc.Api.Controllers.V1.CodesController (ThucLuc.Api).
2026-04-14 17:26:01.566 +07:00 [INF] Executing OkObjectResult, writing value of type 'ThucLuc.Api.Common.Models.ApiResponse`1[[ThucLuc.Application.Features.DonVi.DonViDto, ThucLuc.Application, Version=1.0.0.0, Culture=neutral, PublicKeyToken=null]]'.
2026-04-14 17:26:01.567 +07:00 [INF] Executing OkObjectResult, writing value of type 'ThucLuc.Api.Common.Models.ApiResponse`1[[ThucLuc.Application.Features.Codes.CodeDto, ThucLuc.Application, Version=1.0.0.0, Culture=neutral, PublicKeyToken=null]]'.
2026-04-14 17:26:01.568 +07:00 [INF] Executed action ThucLuc.Api.Controllers.V1.DonViController.GetById (ThucLuc.Api) in 4.151ms
2026-04-14 17:26:01.569 +07:00 [INF] Executed action ThucLuc.Api.Controllers.V1.CodesController.GetByCode (ThucLuc.Api) in 3.3479ms
2026-04-14 17:26:01.570 +07:00 [INF] Executed endpoint 'ThucLuc.Api.Controllers.V1.DonViController.GetById (ThucLuc.Api)'
2026-04-14 17:26:01.571 +07:00 [INF] Executed endpoint 'ThucLuc.Api.Controllers.V1.CodesController.GetByCode (ThucLuc.Api)'
2026-04-14 17:26:01.571 +07:00 [INF] HTTP GET /api/v1/don-vi/2001 => 200 in 14.0132 ms CorrelationId=5ffdd9e416fb4ee683a54aeafbddd646 UserId=5001
2026-04-14 17:26:01.572 +07:00 [INF] HTTP GET /api/v1/codes/by-code/NOI_DUNG_DAO_TAO_HV => 200 in 12.3898 ms CorrelationId=842d69a412094dc7aabd35ea56548168 UserId=5001
2026-04-14 17:26:01.573 +07:00 [INF] HTTP GET /api/v1/don-vi/2001 responded 200 in 15.9884 ms
2026-04-14 17:26:01.575 +07:00 [INF] HTTP GET /api/v1/codes/by-code/NOI_DUNG_DAO_TAO_HV responded 200 in 15.3317 ms
2026-04-14 17:26:01.577 +07:00 [INF] Request finished HTTP/1.1 GET http://localhost:5283/api/v1/don-vi/2001 - 200 null application/json; charset=utf-8 22.7578ms
2026-04-14 17:26:01.579 +07:00 [INF] Request finished HTTP/1.1 GET http://localhost:5283/api/v1/codes/by-code/NOI_DUNG_DAO_TAO_HV - 200 null application/json; charset=utf-8 22.4369ms
2026-04-14 17:26:01.588 +07:00 [INF] Request starting HTTP/1.1 GET http://localhost:5283/api/v1/dao-tao-hoc-vien?kyCode=2026Q1 - null null
2026-04-14 17:26:01.590 +07:00 [INF] CORS policy execution successful.
2026-04-14 17:26:01.591 +07:00 [INF] Executing endpoint 'ThucLuc.Api.Controllers.V1.DaoTaoHocVienController.GetAll (ThucLuc.Api)'
2026-04-14 17:26:01.592 +07:00 [INF] Route matched with {action = "GetAll", controller = "DaoTaoHocVien"}. Executing controller action with signature System.Threading.Tasks.Task`1[Microsoft.AspNetCore.Mvc.ActionResult`1[ThucLuc.Api.Common.Models.ApiResponse`1[System.Collections.Generic.IReadOnlyCollection`1[ThucLuc.Application.Features.DaoTaoHocVien.DaoTaoHocVienDto]]]] GetAll(System.Nullable`1[System.Int32], System.Threading.CancellationToken) on controller ThucLuc.Api.Controllers.V1.DaoTaoHocVienController (ThucLuc.Api).
2026-04-14 17:26:01.596 +07:00 [INF] Executing OkObjectResult, writing value of type 'ThucLuc.Api.Common.Models.ApiResponse`1[[System.Collections.Generic.IReadOnlyCollection`1[[ThucLuc.Application.Features.DaoTaoHocVien.DaoTaoHocVienDto, ThucLuc.Application, Version=1.0.0.0, Culture=neutral, PublicKeyToken=null]], System.Private.CoreLib, Version=8.0.0.0, Culture=neutral, PublicKeyToken=7cec85d7bea7798e]]'.
2026-04-14 17:26:01.597 +07:00 [INF] Executed action ThucLuc.Api.Controllers.V1.DaoTaoHocVienController.GetAll (ThucLuc.Api) in 3.7789ms
2026-04-14 17:26:01.598 +07:00 [INF] Executed endpoint 'ThucLuc.Api.Controllers.V1.DaoTaoHocVienController.GetAll (ThucLuc.Api)'
2026-04-14 17:26:01.599 +07:00 [INF] HTTP GET /api/v1/dao-tao-hoc-vien => 200 in 9.1664 ms CorrelationId=da178b5f5f60458c96b08d0a5ce50988 UserId=5001
2026-04-14 17:26:01.600 +07:00 [INF] HTTP GET /api/v1/dao-tao-hoc-vien responded 200 in 10.3823 ms
2026-04-14 17:26:01.601 +07:00 [INF] Request finished HTTP/1.1 GET http://localhost:5283/api/v1/dao-tao-hoc-vien?kyCode=2026Q1 - 200 null application/json; charset=utf-8 13.4203ms
2026-04-14 17:26:02.266 +07:00 [INF] Request starting HTTP/1.1 GET http://localhost:5283/api/v1/don-vi/2001 - null null
2026-04-14 17:26:02.268 +07:00 [INF] Request starting HTTP/1.1 GET http://localhost:5283/api/v1/codes/by-code/NOI_DUNG_DAO_TAO_HV - null null
2026-04-14 17:26:02.269 +07:00 [INF] CORS policy execution successful.
2026-04-14 17:26:02.270 +07:00 [INF] CORS policy execution successful.
2026-04-14 17:26:02.271 +07:00 [INF] Executing endpoint 'ThucLuc.Api.Controllers.V1.DonViController.GetById (ThucLuc.Api)'
2026-04-14 17:26:02.271 +07:00 [INF] Executing endpoint 'ThucLuc.Api.Controllers.V1.CodesController.GetByCode (ThucLuc.Api)'
2026-04-14 17:26:02.272 +07:00 [INF] Route matched with {action = "GetById", controller = "DonVi"}. Executing controller action with signature System.Threading.Tasks.Task`1[Microsoft.AspNetCore.Mvc.ActionResult`1[ThucLuc.Api.Common.Models.ApiResponse`1[ThucLuc.Application.Features.DonVi.DonViDto]]] GetById(Int64, System.Threading.CancellationToken) on controller ThucLuc.Api.Controllers.V1.DonViController (ThucLuc.Api).
2026-04-14 17:26:02.273 +07:00 [INF] Route matched with {action = "GetByCode", controller = "Codes"}. Executing controller action with signature System.Threading.Tasks.Task`1[Microsoft.AspNetCore.Mvc.ActionResult`1[ThucLuc.Api.Common.Models.ApiResponse`1[ThucLuc.Application.Features.Codes.CodeDto]]] GetByCode(System.String, System.Threading.CancellationToken) on controller ThucLuc.Api.Controllers.V1.CodesController (ThucLuc.Api).
2026-04-14 17:26:02.277 +07:00 [INF] Executing OkObjectResult, writing value of type 'ThucLuc.Api.Common.Models.ApiResponse`1[[ThucLuc.Application.Features.DonVi.DonViDto, ThucLuc.Application, Version=1.0.0.0, Culture=neutral, PublicKeyToken=null]]'.
2026-04-14 17:26:02.278 +07:00 [INF] Executing OkObjectResult, writing value of type 'ThucLuc.Api.Common.Models.ApiResponse`1[[ThucLuc.Application.Features.Codes.CodeDto, ThucLuc.Application, Version=1.0.0.0, Culture=neutral, PublicKeyToken=null]]'.
2026-04-14 17:26:02.279 +07:00 [INF] Executed action ThucLuc.Api.Controllers.V1.DonViController.GetById (ThucLuc.Api) in 4.59ms
2026-04-14 17:26:02.280 +07:00 [INF] Executed action ThucLuc.Api.Controllers.V1.CodesController.GetByCode (ThucLuc.Api) in 3.9605ms
2026-04-14 17:26:02.281 +07:00 [INF] Executed endpoint 'ThucLuc.Api.Controllers.V1.DonViController.GetById (ThucLuc.Api)'
2026-04-14 17:26:02.282 +07:00 [INF] Executed endpoint 'ThucLuc.Api.Controllers.V1.CodesController.GetByCode (ThucLuc.Api)'
2026-04-14 17:26:02.282 +07:00 [INF] HTTP GET /api/v1/don-vi/2001 => 200 in 13.6909 ms CorrelationId=0b7e3b13507f425fbb84aedbbe1cbfb6 UserId=5001
2026-04-14 17:26:02.283 +07:00 [INF] HTTP GET /api/v1/codes/by-code/NOI_DUNG_DAO_TAO_HV => 200 in 12.4929 ms CorrelationId=da9e1536d9dc4c828ff197e23c24e56e UserId=5001
2026-04-14 17:26:02.284 +07:00 [INF] HTTP GET /api/v1/don-vi/2001 responded 200 in 15.4414 ms
2026-04-14 17:26:02.285 +07:00 [INF] HTTP GET /api/v1/codes/by-code/NOI_DUNG_DAO_TAO_HV responded 200 in 15.0544 ms
2026-04-14 17:26:02.286 +07:00 [INF] Request finished HTTP/1.1 GET http://localhost:5283/api/v1/don-vi/2001 - 200 null application/json; charset=utf-8 19.8942ms
2026-04-14 17:26:02.287 +07:00 [INF] Request finished HTTP/1.1 GET http://localhost:5283/api/v1/codes/by-code/NOI_DUNG_DAO_TAO_HV - 200 null application/json; charset=utf-8 19.0935ms
2026-04-14 17:26:02.300 +07:00 [INF] Request starting HTTP/1.1 GET http://localhost:5283/api/v1/dao-tao-hoc-vien?kyCode=2026Q1 - null null
2026-04-14 17:26:02.302 +07:00 [INF] CORS policy execution successful.
2026-04-14 17:26:02.302 +07:00 [INF] Executing endpoint 'ThucLuc.Api.Controllers.V1.DaoTaoHocVienController.GetAll (ThucLuc.Api)'
2026-04-14 17:26:02.303 +07:00 [INF] Route matched with {action = "GetAll", controller = "DaoTaoHocVien"}. Executing controller action with signature System.Threading.Tasks.Task`1[Microsoft.AspNetCore.Mvc.ActionResult`1[ThucLuc.Api.Common.Models.ApiResponse`1[System.Collections.Generic.IReadOnlyCollection`1[ThucLuc.Application.Features.DaoTaoHocVien.DaoTaoHocVienDto]]]] GetAll(System.Nullable`1[System.Int32], System.Threading.CancellationToken) on controller ThucLuc.Api.Controllers.V1.DaoTaoHocVienController (ThucLuc.Api).
2026-04-14 17:26:02.306 +07:00 [INF] Executing OkObjectResult, writing value of type 'ThucLuc.Api.Common.Models.ApiResponse`1[[System.Collections.Generic.IReadOnlyCollection`1[[ThucLuc.Application.Features.DaoTaoHocVien.DaoTaoHocVienDto, ThucLuc.Application, Version=1.0.0.0, Culture=neutral, PublicKeyToken=null]], System.Private.CoreLib, Version=8.0.0.0, Culture=neutral, PublicKeyToken=7cec85d7bea7798e]]'.
2026-04-14 17:26:02.307 +07:00 [INF] Executed action ThucLuc.Api.Controllers.V1.DaoTaoHocVienController.GetAll (ThucLuc.Api) in 2.5876ms
2026-04-14 17:26:02.308 +07:00 [INF] Executed endpoint 'ThucLuc.Api.Controllers.V1.DaoTaoHocVienController.GetAll (ThucLuc.Api)'
2026-04-14 17:26:02.309 +07:00 [INF] HTTP GET /api/v1/dao-tao-hoc-vien => 200 in 7.5536 ms CorrelationId=0e420fb2d92641a4a3e0bea7a7f0e5bf UserId=5001
2026-04-14 17:26:02.311 +07:00 [INF] HTTP GET /api/v1/dao-tao-hoc-vien responded 200 in 9.0003 ms
2026-04-14 17:26:02.312 +07:00 [INF] Request finished HTTP/1.1 GET http://localhost:5283/api/v1/dao-tao-hoc-vien?kyCode=2026Q1 - 200 null application/json; charset=utf-8 11.844ms
2026-04-14 17:26:02.496 +07:00 [INF] Request starting HTTP/1.1 GET http://localhost:5283/api/v1/don-vi/2001 - null null
2026-04-14 17:26:02.498 +07:00 [INF] CORS policy execution successful.
2026-04-14 17:26:02.498 +07:00 [INF] Request starting HTTP/1.1 GET http://localhost:5283/api/v1/codes/by-code/NOI_DUNG_DAO_TAO_HV - null null
2026-04-14 17:26:02.498 +07:00 [INF] Executing endpoint 'ThucLuc.Api.Controllers.V1.DonViController.GetById (ThucLuc.Api)'
2026-04-14 17:26:02.500 +07:00 [INF] CORS policy execution successful.
2026-04-14 17:26:02.501 +07:00 [INF] Route matched with {action = "GetById", controller = "DonVi"}. Executing controller action with signature System.Threading.Tasks.Task`1[Microsoft.AspNetCore.Mvc.ActionResult`1[ThucLuc.Api.Common.Models.ApiResponse`1[ThucLuc.Application.Features.DonVi.DonViDto]]] GetById(Int64, System.Threading.CancellationToken) on controller ThucLuc.Api.Controllers.V1.DonViController (ThucLuc.Api).
2026-04-14 17:26:02.501 +07:00 [INF] Executing endpoint 'ThucLuc.Api.Controllers.V1.CodesController.GetByCode (ThucLuc.Api)'
2026-04-14 17:26:02.503 +07:00 [INF] Route matched with {action = "GetByCode", controller = "Codes"}. Executing controller action with signature System.Threading.Tasks.Task`1[Microsoft.AspNetCore.Mvc.ActionResult`1[ThucLuc.Api.Common.Models.ApiResponse`1[ThucLuc.Application.Features.Codes.CodeDto]]] GetByCode(System.String, System.Threading.CancellationToken) on controller ThucLuc.Api.Controllers.V1.CodesController (ThucLuc.Api).
2026-04-14 17:26:02.504 +07:00 [INF] Executing OkObjectResult, writing value of type 'ThucLuc.Api.Common.Models.ApiResponse`1[[ThucLuc.Application.Features.DonVi.DonViDto, ThucLuc.Application, Version=1.0.0.0, Culture=neutral, PublicKeyToken=null]]'.
2026-04-14 17:26:02.505 +07:00 [INF] Executed action ThucLuc.Api.Controllers.V1.DonViController.GetById (ThucLuc.Api) in 2.8128ms
2026-04-14 17:26:02.506 +07:00 [INF] Executing OkObjectResult, writing value of type 'ThucLuc.Api.Common.Models.ApiResponse`1[[ThucLuc.Application.Features.Codes.CodeDto, ThucLuc.Application, Version=1.0.0.0, Culture=neutral, PublicKeyToken=null]]'.
2026-04-14 17:26:02.506 +07:00 [INF] Executed endpoint 'ThucLuc.Api.Controllers.V1.DonViController.GetById (ThucLuc.Api)'
2026-04-14 17:26:02.507 +07:00 [INF] Executed action ThucLuc.Api.Controllers.V1.CodesController.GetByCode (ThucLuc.Api) in 2.524ms
2026-04-14 17:26:02.508 +07:00 [INF] HTTP GET /api/v1/don-vi/2001 => 200 in 10.0467 ms CorrelationId=94b6d29c373945dda138c4a4cf498609 UserId=5001
2026-04-14 17:26:02.509 +07:00 [INF] Executed endpoint 'ThucLuc.Api.Controllers.V1.CodesController.GetByCode (ThucLuc.Api)'
2026-04-14 17:26:02.511 +07:00 [INF] HTTP GET /api/v1/don-vi/2001 responded 200 in 13.0790 ms
2026-04-14 17:26:02.511 +07:00 [INF] HTTP GET /api/v1/codes/by-code/NOI_DUNG_DAO_TAO_HV => 200 in 11.4029 ms CorrelationId=71f5b3a546624305972cef4c80704299 UserId=5001
2026-04-14 17:26:02.513 +07:00 [INF] Request finished HTTP/1.1 GET http://localhost:5283/api/v1/don-vi/2001 - 200 null application/json; charset=utf-8 16.8288ms
2026-04-14 17:26:02.514 +07:00 [INF] HTTP GET /api/v1/codes/by-code/NOI_DUNG_DAO_TAO_HV responded 200 in 13.9989 ms
2026-04-14 17:26:02.516 +07:00 [INF] Request finished HTTP/1.1 GET http://localhost:5283/api/v1/codes/by-code/NOI_DUNG_DAO_TAO_HV - 200 null application/json; charset=utf-8 17.7211ms
2026-04-14 17:26:02.528 +07:00 [INF] Request starting HTTP/1.1 GET http://localhost:5283/api/v1/dao-tao-hoc-vien?kyCode=2026Q1 - null null
2026-04-14 17:26:02.530 +07:00 [INF] CORS policy execution successful.
2026-04-14 17:26:02.530 +07:00 [INF] Executing endpoint 'ThucLuc.Api.Controllers.V1.DaoTaoHocVienController.GetAll (ThucLuc.Api)'
2026-04-14 17:26:02.531 +07:00 [INF] Route matched with {action = "GetAll", controller = "DaoTaoHocVien"}. Executing controller action with signature System.Threading.Tasks.Task`1[Microsoft.AspNetCore.Mvc.ActionResult`1[ThucLuc.Api.Common.Models.ApiResponse`1[System.Collections.Generic.IReadOnlyCollection`1[ThucLuc.Application.Features.DaoTaoHocVien.DaoTaoHocVienDto]]]] GetAll(System.Nullable`1[System.Int32], System.Threading.CancellationToken) on controller ThucLuc.Api.Controllers.V1.DaoTaoHocVienController (ThucLuc.Api).
2026-04-14 17:26:02.534 +07:00 [INF] Executing OkObjectResult, writing value of type 'ThucLuc.Api.Common.Models.ApiResponse`1[[System.Collections.Generic.IReadOnlyCollection`1[[ThucLuc.Application.Features.DaoTaoHocVien.DaoTaoHocVienDto, ThucLuc.Application, Version=1.0.0.0, Culture=neutral, PublicKeyToken=null]], System.Private.CoreLib, Version=8.0.0.0, Culture=neutral, PublicKeyToken=7cec85d7bea7798e]]'.
2026-04-14 17:26:02.535 +07:00 [INF] Executed action ThucLuc.Api.Controllers.V1.DaoTaoHocVienController.GetAll (ThucLuc.Api) in 2.8703ms
2026-04-14 17:26:02.537 +07:00 [INF] Executed endpoint 'ThucLuc.Api.Controllers.V1.DaoTaoHocVienController.GetAll (ThucLuc.Api)'
2026-04-14 17:26:02.538 +07:00 [INF] HTTP GET /api/v1/dao-tao-hoc-vien => 200 in 7.7993 ms CorrelationId=b3254ab8e22f4a7daa7a8cae98cbbe27 UserId=5001
2026-04-14 17:26:02.539 +07:00 [INF] HTTP GET /api/v1/dao-tao-hoc-vien responded 200 in 9.1775 ms
2026-04-14 17:26:02.540 +07:00 [INF] Request finished HTTP/1.1 GET http://localhost:5283/api/v1/dao-tao-hoc-vien?kyCode=2026Q1 - 200 null application/json; charset=utf-8 12.1681ms
2026-04-14 17:26:02.712 +07:00 [INF] Request starting HTTP/1.1 GET http://localhost:5283/api/v1/don-vi/2001 - null null
2026-04-14 17:26:02.713 +07:00 [INF] CORS policy execution successful.
2026-04-14 17:26:02.714 +07:00 [INF] Executing endpoint 'ThucLuc.Api.Controllers.V1.DonViController.GetById (ThucLuc.Api)'
2026-04-14 17:26:02.714 +07:00 [INF] Request starting HTTP/1.1 GET http://localhost:5283/api/v1/codes/by-code/NOI_DUNG_DAO_TAO_HV - null null
2026-04-14 17:26:02.715 +07:00 [INF] Route matched with {action = "GetById", controller = "DonVi"}. Executing controller action with signature System.Threading.Tasks.Task`1[Microsoft.AspNetCore.Mvc.ActionResult`1[ThucLuc.Api.Common.Models.ApiResponse`1[ThucLuc.Application.Features.DonVi.DonViDto]]] GetById(Int64, System.Threading.CancellationToken) on controller ThucLuc.Api.Controllers.V1.DonViController (ThucLuc.Api).
2026-04-14 17:26:02.716 +07:00 [INF] CORS policy execution successful.
2026-04-14 17:26:02.717 +07:00 [INF] Executing endpoint 'ThucLuc.Api.Controllers.V1.CodesController.GetByCode (ThucLuc.Api)'
2026-04-14 17:26:02.718 +07:00 [INF] Route matched with {action = "GetByCode", controller = "Codes"}. Executing controller action with signature System.Threading.Tasks.Task`1[Microsoft.AspNetCore.Mvc.ActionResult`1[ThucLuc.Api.Common.Models.ApiResponse`1[ThucLuc.Application.Features.Codes.CodeDto]]] GetByCode(System.String, System.Threading.CancellationToken) on controller ThucLuc.Api.Controllers.V1.CodesController (ThucLuc.Api).
2026-04-14 17:26:02.718 +07:00 [INF] Executing OkObjectResult, writing value of type 'ThucLuc.Api.Common.Models.ApiResponse`1[[ThucLuc.Application.Features.DonVi.DonViDto, ThucLuc.Application, Version=1.0.0.0, Culture=neutral, PublicKeyToken=null]]'.
2026-04-14 17:26:02.720 +07:00 [INF] Executed action ThucLuc.Api.Controllers.V1.DonViController.GetById (ThucLuc.Api) in 3.052ms
2026-04-14 17:26:02.720 +07:00 [INF] Executing OkObjectResult, writing value of type 'ThucLuc.Api.Common.Models.ApiResponse`1[[ThucLuc.Application.Features.Codes.CodeDto, ThucLuc.Application, Version=1.0.0.0, Culture=neutral, PublicKeyToken=null]]'.
2026-04-14 17:26:02.721 +07:00 [INF] Executed endpoint 'ThucLuc.Api.Controllers.V1.DonViController.GetById (ThucLuc.Api)'
2026-04-14 17:26:02.721 +07:00 [INF] Executed action ThucLuc.Api.Controllers.V1.CodesController.GetByCode (ThucLuc.Api) in 2.3303ms
2026-04-14 17:26:02.722 +07:00 [INF] HTTP GET /api/v1/don-vi/2001 => 200 in 8.3953 ms CorrelationId=8af60180caf145fb919fb15d05ab9431 UserId=5001
2026-04-14 17:26:02.722 +07:00 [INF] Executed endpoint 'ThucLuc.Api.Controllers.V1.CodesController.GetByCode (ThucLuc.Api)'
2026-04-14 17:26:02.723 +07:00 [INF] HTTP GET /api/v1/don-vi/2001 responded 200 in 10.1238 ms
2026-04-14 17:26:02.724 +07:00 [INF] HTTP GET /api/v1/codes/by-code/NOI_DUNG_DAO_TAO_HV => 200 in 8.1656 ms CorrelationId=b250b88f1fd24b1cb9564a2f81b37a49 UserId=5001
2026-04-14 17:26:02.725 +07:00 [INF] Request finished HTTP/1.1 GET http://localhost:5283/api/v1/don-vi/2001 - 200 null application/json; charset=utf-8 13.0383ms
2026-04-14 17:26:02.726 +07:00 [INF] HTTP GET /api/v1/codes/by-code/NOI_DUNG_DAO_TAO_HV responded 200 in 10.4530 ms
2026-04-14 17:26:02.729 +07:00 [INF] Request finished HTTP/1.1 GET http://localhost:5283/api/v1/codes/by-code/NOI_DUNG_DAO_TAO_HV - 200 null application/json; charset=utf-8 14.6625ms
2026-04-14 17:26:02.743 +07:00 [INF] Request starting HTTP/1.1 GET http://localhost:5283/api/v1/dao-tao-hoc-vien?kyCode=2026Q1 - null null
2026-04-14 17:26:02.745 +07:00 [INF] CORS policy execution successful.
2026-04-14 17:26:02.745 +07:00 [INF] Executing endpoint 'ThucLuc.Api.Controllers.V1.DaoTaoHocVienController.GetAll (ThucLuc.Api)'
2026-04-14 17:26:02.746 +07:00 [INF] Route matched with {action = "GetAll", controller = "DaoTaoHocVien"}. Executing controller action with signature System.Threading.Tasks.Task`1[Microsoft.AspNetCore.Mvc.ActionResult`1[ThucLuc.Api.Common.Models.ApiResponse`1[System.Collections.Generic.IReadOnlyCollection`1[ThucLuc.Application.Features.DaoTaoHocVien.DaoTaoHocVienDto]]]] GetAll(System.Nullable`1[System.Int32], System.Threading.CancellationToken) on controller ThucLuc.Api.Controllers.V1.DaoTaoHocVienController (ThucLuc.Api).
2026-04-14 17:26:02.749 +07:00 [INF] Executing OkObjectResult, writing value of type 'ThucLuc.Api.Common.Models.ApiResponse`1[[System.Collections.Generic.IReadOnlyCollection`1[[ThucLuc.Application.Features.DaoTaoHocVien.DaoTaoHocVienDto, ThucLuc.Application, Version=1.0.0.0, Culture=neutral, PublicKeyToken=null]], System.Private.CoreLib, Version=8.0.0.0, Culture=neutral, PublicKeyToken=7cec85d7bea7798e]]'.
2026-04-14 17:26:02.749 +07:00 [INF] Executed action ThucLuc.Api.Controllers.V1.DaoTaoHocVienController.GetAll (ThucLuc.Api) in 2.0565ms
2026-04-14 17:26:02.750 +07:00 [INF] Executed endpoint 'ThucLuc.Api.Controllers.V1.DaoTaoHocVienController.GetAll (ThucLuc.Api)'
2026-04-14 17:26:02.751 +07:00 [INF] HTTP GET /api/v1/dao-tao-hoc-vien => 200 in 5.9085 ms CorrelationId=dbecc4c8932d4028a8deeda3e7226ff0 UserId=5001
2026-04-14 17:26:02.752 +07:00 [INF] HTTP GET /api/v1/dao-tao-hoc-vien responded 200 in 6.9292 ms
2026-04-14 17:26:02.752 +07:00 [INF] Request finished HTTP/1.1 GET http://localhost:5283/api/v1/dao-tao-hoc-vien?kyCode=2026Q1 - 200 null application/json; charset=utf-8 9.8441ms
2026-04-14 17:26:02.984 +07:00 [INF] Request starting HTTP/1.1 GET http://localhost:5283/api/v1/don-vi/2001 - null null
2026-04-14 17:26:02.985 +07:00 [INF] Request starting HTTP/1.1 GET http://localhost:5283/api/v1/codes/by-code/NOI_DUNG_DAO_TAO_HV - null null
2026-04-14 17:26:02.986 +07:00 [INF] CORS policy execution successful.
2026-04-14 17:26:02.987 +07:00 [INF] CORS policy execution successful.
2026-04-14 17:26:02.987 +07:00 [INF] Executing endpoint 'ThucLuc.Api.Controllers.V1.DonViController.GetById (ThucLuc.Api)'
2026-04-14 17:26:02.988 +07:00 [INF] Executing endpoint 'ThucLuc.Api.Controllers.V1.CodesController.GetByCode (ThucLuc.Api)'
2026-04-14 17:26:02.988 +07:00 [INF] Route matched with {action = "GetById", controller = "DonVi"}. Executing controller action with signature System.Threading.Tasks.Task`1[Microsoft.AspNetCore.Mvc.ActionResult`1[ThucLuc.Api.Common.Models.ApiResponse`1[ThucLuc.Application.Features.DonVi.DonViDto]]] GetById(Int64, System.Threading.CancellationToken) on controller ThucLuc.Api.Controllers.V1.DonViController (ThucLuc.Api).
2026-04-14 17:26:02.989 +07:00 [INF] Route matched with {action = "GetByCode", controller = "Codes"}. Executing controller action with signature System.Threading.Tasks.Task`1[Microsoft.AspNetCore.Mvc.ActionResult`1[ThucLuc.Api.Common.Models.ApiResponse`1[ThucLuc.Application.Features.Codes.CodeDto]]] GetByCode(System.String, System.Threading.CancellationToken) on controller ThucLuc.Api.Controllers.V1.CodesController (ThucLuc.Api).
2026-04-14 17:26:02.992 +07:00 [INF] Executing OkObjectResult, writing value of type 'ThucLuc.Api.Common.Models.ApiResponse`1[[ThucLuc.Application.Features.DonVi.DonViDto, ThucLuc.Application, Version=1.0.0.0, Culture=neutral, PublicKeyToken=null]]'.
2026-04-14 17:26:02.994 +07:00 [INF] Executed action ThucLuc.Api.Controllers.V1.DonViController.GetById (ThucLuc.Api) in 4.0348ms
2026-04-14 17:26:02.996 +07:00 [INF] Executed endpoint 'ThucLuc.Api.Controllers.V1.DonViController.GetById (ThucLuc.Api)'
2026-04-14 17:26:02.994 +07:00 [INF] Executing OkObjectResult, writing value of type 'ThucLuc.Api.Common.Models.ApiResponse`1[[ThucLuc.Application.Features.Codes.CodeDto, ThucLuc.Application, Version=1.0.0.0, Culture=neutral, PublicKeyToken=null]]'.
2026-04-14 17:26:02.997 +07:00 [INF] HTTP GET /api/v1/don-vi/2001 => 200 in 11.0883 ms CorrelationId=1c4a0bde4b4a42ed9aaa35a90f4f6459 UserId=5001
2026-04-14 17:26:02.998 +07:00 [INF] Executed action ThucLuc.Api.Controllers.V1.CodesController.GetByCode (ThucLuc.Api) in 5.8373ms
2026-04-14 17:26:02.999 +07:00 [INF] HTTP GET /api/v1/don-vi/2001 responded 200 in 13.1259 ms
2026-04-14 17:26:03.000 +07:00 [INF] Executed endpoint 'ThucLuc.Api.Controllers.V1.CodesController.GetByCode (ThucLuc.Api)'
2026-04-14 17:26:03.001 +07:00 [INF] Request finished HTTP/1.1 GET http://localhost:5283/api/v1/don-vi/2001 - 200 null application/json; charset=utf-8 17.5242ms
2026-04-14 17:26:03.002 +07:00 [INF] HTTP GET /api/v1/codes/by-code/NOI_DUNG_DAO_TAO_HV => 200 in 15.2004 ms CorrelationId=957d4aea6fdf45dab4aee9141cd7c23d UserId=5001
2026-04-14 17:26:03.008 +07:00 [INF] HTTP GET /api/v1/codes/by-code/NOI_DUNG_DAO_TAO_HV responded 200 in 20.6619 ms
2026-04-14 17:26:03.010 +07:00 [INF] Request finished HTTP/1.1 GET http://localhost:5283/api/v1/codes/by-code/NOI_DUNG_DAO_TAO_HV - 200 null application/json; charset=utf-8 24.9835ms
2026-04-14 17:26:03.015 +07:00 [INF] Request starting HTTP/1.1 GET http://localhost:5283/api/v1/dao-tao-hoc-vien?kyCode=2026Q1 - null null
2026-04-14 17:26:03.019 +07:00 [INF] CORS policy execution successful.
2026-04-14 17:26:03.020 +07:00 [INF] Executing endpoint 'ThucLuc.Api.Controllers.V1.DaoTaoHocVienController.GetAll (ThucLuc.Api)'
2026-04-14 17:26:03.022 +07:00 [INF] Route matched with {action = "GetAll", controller = "DaoTaoHocVien"}. Executing controller action with signature System.Threading.Tasks.Task`1[Microsoft.AspNetCore.Mvc.ActionResult`1[ThucLuc.Api.Common.Models.ApiResponse`1[System.Collections.Generic.IReadOnlyCollection`1[ThucLuc.Application.Features.DaoTaoHocVien.DaoTaoHocVienDto]]]] GetAll(System.Nullable`1[System.Int32], System.Threading.CancellationToken) on controller ThucLuc.Api.Controllers.V1.DaoTaoHocVienController (ThucLuc.Api).
2026-04-14 17:26:03.027 +07:00 [INF] Executing OkObjectResult, writing value of type 'ThucLuc.Api.Common.Models.ApiResponse`1[[System.Collections.Generic.IReadOnlyCollection`1[[ThucLuc.Application.Features.DaoTaoHocVien.DaoTaoHocVienDto, ThucLuc.Application, Version=1.0.0.0, Culture=neutral, PublicKeyToken=null]], System.Private.CoreLib, Version=8.0.0.0, Culture=neutral, PublicKeyToken=7cec85d7bea7798e]]'.
2026-04-14 17:26:03.028 +07:00 [INF] Executed action ThucLuc.Api.Controllers.V1.DaoTaoHocVienController.GetAll (ThucLuc.Api) in 4.2266ms
2026-04-14 17:26:03.031 +07:00 [INF] Executed endpoint 'ThucLuc.Api.Controllers.V1.DaoTaoHocVienController.GetAll (ThucLuc.Api)'
2026-04-14 17:26:03.032 +07:00 [INF] HTTP GET /api/v1/dao-tao-hoc-vien => 200 in 12.9899 ms CorrelationId=fe0b32f1b4a1482691c674affcb0e0bc UserId=5001
2026-04-14 17:26:03.034 +07:00 [INF] HTTP GET /api/v1/dao-tao-hoc-vien responded 200 in 15.4200 ms
2026-04-14 17:26:03.037 +07:00 [INF] Request finished HTTP/1.1 GET http://localhost:5283/api/v1/dao-tao-hoc-vien?kyCode=2026Q1 - 200 null application/json; charset=utf-8 21.5606ms
2026-04-14 17:26:08.146 +07:00 [INF] Request starting HTTP/1.1 OPTIONS http://localhost:5283/api/v1/don-vi/2001 - null null
2026-04-14 17:26:08.147 +07:00 [INF] CORS policy execution successful.
2026-04-14 17:26:08.148 +07:00 [INF] Request starting HTTP/1.1 OPTIONS http://localhost:5283/api/v1/codes/by-code/NOI_DUNG_DAO_TAO_HV - null null
2026-04-14 17:26:08.148 +07:00 [INF] HTTP OPTIONS /api/v1/don-vi/2001 => 204 in 0.5718 ms CorrelationId=d8906b6ee6f84628bbd8ab0fc9629ebe UserId=anonymous
2026-04-14 17:26:08.150 +07:00 [INF] CORS policy execution successful.
2026-04-14 17:26:08.152 +07:00 [INF] HTTP OPTIONS /api/v1/don-vi/2001 responded 204 in 4.7118 ms
2026-04-14 17:26:08.153 +07:00 [INF] HTTP OPTIONS /api/v1/codes/by-code/NOI_DUNG_DAO_TAO_HV => 204 in 2.3421 ms CorrelationId=26f17fde65f64ce2a8088c5dc1e5d1b0 UserId=anonymous
2026-04-14 17:26:08.154 +07:00 [INF] Request finished HTTP/1.1 OPTIONS http://localhost:5283/api/v1/don-vi/2001 - 204 null null 8.1733ms
2026-04-14 17:26:08.156 +07:00 [INF] HTTP OPTIONS /api/v1/codes/by-code/NOI_DUNG_DAO_TAO_HV responded 204 in 5.4554 ms
2026-04-14 17:26:08.158 +07:00 [INF] Request starting HTTP/1.1 GET http://localhost:5283/api/v1/don-vi/2001 - null null
2026-04-14 17:26:08.159 +07:00 [INF] Request finished HTTP/1.1 OPTIONS http://localhost:5283/api/v1/codes/by-code/NOI_DUNG_DAO_TAO_HV - 204 null null 11.1591ms
2026-04-14 17:26:08.161 +07:00 [INF] CORS policy execution successful.
2026-04-14 17:26:08.163 +07:00 [INF] Request starting HTTP/1.1 GET http://localhost:5283/api/v1/codes/by-code/NOI_DUNG_DAO_TAO_HV - null null
2026-04-14 17:26:08.164 +07:00 [INF] Executing endpoint 'ThucLuc.Api.Controllers.V1.DonViController.GetById (ThucLuc.Api)'
2026-04-14 17:26:08.166 +07:00 [INF] CORS policy execution successful.
2026-04-14 17:26:08.167 +07:00 [INF] Route matched with {action = "GetById", controller = "DonVi"}. Executing controller action with signature System.Threading.Tasks.Task`1[Microsoft.AspNetCore.Mvc.ActionResult`1[ThucLuc.Api.Common.Models.ApiResponse`1[ThucLuc.Application.Features.DonVi.DonViDto]]] GetById(Int64, System.Threading.CancellationToken) on controller ThucLuc.Api.Controllers.V1.DonViController (ThucLuc.Api).
2026-04-14 17:26:08.167 +07:00 [INF] Executing endpoint 'ThucLuc.Api.Controllers.V1.CodesController.GetByCode (ThucLuc.Api)'
2026-04-14 17:26:08.170 +07:00 [INF] Route matched with {action = "GetByCode", controller = "Codes"}. Executing controller action with signature System.Threading.Tasks.Task`1[Microsoft.AspNetCore.Mvc.ActionResult`1[ThucLuc.Api.Common.Models.ApiResponse`1[ThucLuc.Application.Features.Codes.CodeDto]]] GetByCode(System.String, System.Threading.CancellationToken) on controller ThucLuc.Api.Controllers.V1.CodesController (ThucLuc.Api).
2026-04-14 17:26:08.171 +07:00 [INF] Executing OkObjectResult, writing value of type 'ThucLuc.Api.Common.Models.ApiResponse`1[[ThucLuc.Application.Features.DonVi.DonViDto, ThucLuc.Application, Version=1.0.0.0, Culture=neutral, PublicKeyToken=null]]'.
2026-04-14 17:26:08.172 +07:00 [INF] Executed action ThucLuc.Api.Controllers.V1.DonViController.GetById (ThucLuc.Api) in 3.2591ms
2026-04-14 17:26:08.173 +07:00 [INF] Executing OkObjectResult, writing value of type 'ThucLuc.Api.Common.Models.ApiResponse`1[[ThucLuc.Application.Features.Codes.CodeDto, ThucLuc.Application, Version=1.0.0.0, Culture=neutral, PublicKeyToken=null]]'.
2026-04-14 17:26:08.173 +07:00 [INF] Executed endpoint 'ThucLuc.Api.Controllers.V1.DonViController.GetById (ThucLuc.Api)'
2026-04-14 17:26:08.174 +07:00 [INF] Executed action ThucLuc.Api.Controllers.V1.CodesController.GetByCode (ThucLuc.Api) in 3.1547ms
2026-04-14 17:26:08.175 +07:00 [INF] HTTP GET /api/v1/don-vi/2001 => 200 in 14.4172 ms CorrelationId=07960b658dda4701b014f835bf586973 UserId=5001
2026-04-14 17:26:08.177 +07:00 [INF] Executed endpoint 'ThucLuc.Api.Controllers.V1.CodesController.GetByCode (ThucLuc.Api)'
2026-04-14 17:26:08.178 +07:00 [INF] HTTP GET /api/v1/don-vi/2001 responded 200 in 17.4894 ms
2026-04-14 17:26:08.179 +07:00 [INF] HTTP GET /api/v1/codes/by-code/NOI_DUNG_DAO_TAO_HV => 200 in 13.4241 ms CorrelationId=d8742b297286484588e196717e566844 UserId=5001
2026-04-14 17:26:08.180 +07:00 [INF] Request finished HTTP/1.1 GET http://localhost:5283/api/v1/don-vi/2001 - 200 null application/json; charset=utf-8 22.937ms
2026-04-14 17:26:08.182 +07:00 [INF] HTTP GET /api/v1/codes/by-code/NOI_DUNG_DAO_TAO_HV responded 200 in 16.1874 ms
2026-04-14 17:26:08.185 +07:00 [INF] Request finished HTTP/1.1 GET http://localhost:5283/api/v1/codes/by-code/NOI_DUNG_DAO_TAO_HV - 200 null application/json; charset=utf-8 22.2028ms
2026-04-14 17:26:08.187 +07:00 [INF] Request starting HTTP/1.1 OPTIONS http://localhost:5283/api/v1/dao-tao-hoc-vien?kyCode=2026Q1 - null null
2026-04-14 17:26:08.190 +07:00 [INF] CORS policy execution successful.
2026-04-14 17:26:08.190 +07:00 [INF] HTTP OPTIONS /api/v1/dao-tao-hoc-vien => 204 in 0.5533 ms CorrelationId=2129688fa3684bc58a547a3040b6246a UserId=anonymous
2026-04-14 17:26:08.192 +07:00 [INF] HTTP OPTIONS /api/v1/dao-tao-hoc-vien responded 204 in 2.3392 ms
2026-04-14 17:26:08.193 +07:00 [INF] Request finished HTTP/1.1 OPTIONS http://localhost:5283/api/v1/dao-tao-hoc-vien?kyCode=2026Q1 - 204 null null 5.6113ms
2026-04-14 17:26:08.196 +07:00 [INF] Request starting HTTP/1.1 GET http://localhost:5283/api/v1/dao-tao-hoc-vien?kyCode=2026Q1 - null null
2026-04-14 17:26:08.197 +07:00 [INF] CORS policy execution successful.
2026-04-14 17:26:08.198 +07:00 [INF] Executing endpoint 'ThucLuc.Api.Controllers.V1.DaoTaoHocVienController.GetAll (ThucLuc.Api)'
2026-04-14 17:26:08.199 +07:00 [INF] Route matched with {action = "GetAll", controller = "DaoTaoHocVien"}. Executing controller action with signature System.Threading.Tasks.Task`1[Microsoft.AspNetCore.Mvc.ActionResult`1[ThucLuc.Api.Common.Models.ApiResponse`1[System.Collections.Generic.IReadOnlyCollection`1[ThucLuc.Application.Features.DaoTaoHocVien.DaoTaoHocVienDto]]]] GetAll(System.Nullable`1[System.Int32], System.Threading.CancellationToken) on controller ThucLuc.Api.Controllers.V1.DaoTaoHocVienController (ThucLuc.Api).
2026-04-14 17:26:08.202 +07:00 [INF] Executing OkObjectResult, writing value of type 'ThucLuc.Api.Common.Models.ApiResponse`1[[System.Collections.Generic.IReadOnlyCollection`1[[ThucLuc.Application.Features.DaoTaoHocVien.DaoTaoHocVienDto, ThucLuc.Application, Version=1.0.0.0, Culture=neutral, PublicKeyToken=null]], System.Private.CoreLib, Version=8.0.0.0, Culture=neutral, PublicKeyToken=7cec85d7bea7798e]]'.
2026-04-14 17:26:08.203 +07:00 [INF] Executed action ThucLuc.Api.Controllers.V1.DaoTaoHocVienController.GetAll (ThucLuc.Api) in 2.7114ms
2026-04-14 17:26:08.204 +07:00 [INF] Executed endpoint 'ThucLuc.Api.Controllers.V1.DaoTaoHocVienController.GetAll (ThucLuc.Api)'
2026-04-14 17:26:08.204 +07:00 [INF] HTTP GET /api/v1/dao-tao-hoc-vien => 200 in 6.9266 ms CorrelationId=c25e730472d44721bc6c2864cbfc6138 UserId=5001
2026-04-14 17:26:08.206 +07:00 [INF] HTTP GET /api/v1/dao-tao-hoc-vien responded 200 in 8.1034 ms
2026-04-14 17:26:08.207 +07:00 [INF] Request finished HTTP/1.1 GET http://localhost:5283/api/v1/dao-tao-hoc-vien?kyCode=2026Q1 - 200 null application/json; charset=utf-8 10.7683ms
2026-04-14 17:26:08.469 +07:00 [INF] Request starting HTTP/1.1 GET http://localhost:5283/api/v1/don-vi/2001 - null null
2026-04-14 17:26:08.471 +07:00 [INF] CORS policy execution successful.
2026-04-14 17:26:08.471 +07:00 [INF] Request starting HTTP/1.1 OPTIONS http://localhost:5283/api/v1/mau-bao-cao?includeInactive=true - null null
2026-04-14 17:26:08.472 +07:00 [INF] Request starting HTTP/1.1 OPTIONS http://localhost:5283/api/v1/mau-bao-cao/module-catalog - null null
2026-04-14 17:26:08.472 +07:00 [INF] Executing endpoint 'ThucLuc.Api.Controllers.V1.DonViController.GetById (ThucLuc.Api)'
2026-04-14 17:26:08.474 +07:00 [INF] CORS policy execution successful.
2026-04-14 17:26:08.476 +07:00 [INF] CORS policy execution successful.
2026-04-14 17:26:08.477 +07:00 [INF] Route matched with {action = "GetById", controller = "DonVi"}. Executing controller action with signature System.Threading.Tasks.Task`1[Microsoft.AspNetCore.Mvc.ActionResult`1[ThucLuc.Api.Common.Models.ApiResponse`1[ThucLuc.Application.Features.DonVi.DonViDto]]] GetById(Int64, System.Threading.CancellationToken) on controller ThucLuc.Api.Controllers.V1.DonViController (ThucLuc.Api).
2026-04-14 17:26:08.477 +07:00 [INF] HTTP OPTIONS /api/v1/mau-bao-cao => 204 in 3.4746 ms CorrelationId=194c4db5554041b999fa93ab302525fd UserId=anonymous
2026-04-14 17:26:08.478 +07:00 [INF] HTTP OPTIONS /api/v1/mau-bao-cao/module-catalog => 204 in 1.5441 ms CorrelationId=9a0abbddacc0438598518b5567e38da0 UserId=anonymous
2026-04-14 17:26:08.481 +07:00 [INF] HTTP OPTIONS /api/v1/mau-bao-cao responded 204 in 7.2568 ms
2026-04-14 17:26:08.481 +07:00 [INF] Executing OkObjectResult, writing value of type 'ThucLuc.Api.Common.Models.ApiResponse`1[[ThucLuc.Application.Features.DonVi.DonViDto, ThucLuc.Application, Version=1.0.0.0, Culture=neutral, PublicKeyToken=null]]'.
2026-04-14 17:26:08.482 +07:00 [INF] HTTP OPTIONS /api/v1/mau-bao-cao/module-catalog responded 204 in 6.3483 ms
2026-04-14 17:26:08.483 +07:00 [INF] Request finished HTTP/1.1 OPTIONS http://localhost:5283/api/v1/mau-bao-cao?includeInactive=true - 204 null null 12.0676ms
2026-04-14 17:26:08.485 +07:00 [INF] Executed action ThucLuc.Api.Controllers.V1.DonViController.GetById (ThucLuc.Api) in 5.5124ms
2026-04-14 17:26:08.486 +07:00 [INF] Request finished HTTP/1.1 OPTIONS http://localhost:5283/api/v1/mau-bao-cao/module-catalog - 204 null null 14.3695ms
2026-04-14 17:26:08.488 +07:00 [INF] Request starting HTTP/1.1 GET http://localhost:5283/api/v1/mau-bao-cao?includeInactive=true - null null
2026-04-14 17:26:08.489 +07:00 [INF] Executed endpoint 'ThucLuc.Api.Controllers.V1.DonViController.GetById (ThucLuc.Api)'
2026-04-14 17:26:08.491 +07:00 [INF] Request starting HTTP/1.1 GET http://localhost:5283/api/v1/mau-bao-cao/module-catalog - null null
2026-04-14 17:26:08.494 +07:00 [INF] CORS policy execution successful.
2026-04-14 17:26:08.494 +07:00 [INF] HTTP GET /api/v1/don-vi/2001 => 200 in 23.6361 ms CorrelationId=7dbc105bd02a42e08a29afa9f30f8ddb UserId=5001
2026-04-14 17:26:08.496 +07:00 [INF] CORS policy execution successful.
2026-04-14 17:26:08.497 +07:00 [INF] Executing endpoint 'ThucLuc.Api.Controllers.V1.MauBaoCaoController.GetAll (ThucLuc.Api)'
2026-04-14 17:26:08.498 +07:00 [INF] HTTP GET /api/v1/don-vi/2001 responded 200 in 27.3038 ms
2026-04-14 17:26:08.499 +07:00 [INF] Executing endpoint 'ThucLuc.Api.Controllers.V1.MauBaoCaoController.GetModuleCatalog (ThucLuc.Api)'
2026-04-14 17:26:08.499 +07:00 [INF] Route matched with {action = "GetAll", controller = "MauBaoCao"}. Executing controller action with signature System.Threading.Tasks.Task`1[Microsoft.AspNetCore.Mvc.ActionResult`1[ThucLuc.Api.Common.Models.ApiResponse`1[System.Collections.Generic.IReadOnlyCollection`1[ThucLuc.Application.Features.MauBaoCao.MauBaoCaoDto]]]] GetAll(Boolean, System.Threading.CancellationToken) on controller ThucLuc.Api.Controllers.V1.MauBaoCaoController (ThucLuc.Api).
2026-04-14 17:26:08.500 +07:00 [INF] Request finished HTTP/1.1 GET http://localhost:5283/api/v1/don-vi/2001 - 200 null application/json; charset=utf-8 31.5345ms
2026-04-14 17:26:08.501 +07:00 [INF] Route matched with {action = "GetModuleCatalog", controller = "MauBaoCao"}. Executing controller action with signature System.Threading.Tasks.Task`1[Microsoft.AspNetCore.Mvc.ActionResult`1[ThucLuc.Api.Common.Models.ApiResponse`1[System.Collections.Generic.IReadOnlyCollection`1[ThucLuc.Application.Features.MauBaoCao.MauBaoCaoModuleCatalogGroupDto]]]] GetModuleCatalog(System.Threading.CancellationToken) on controller ThucLuc.Api.Controllers.V1.MauBaoCaoController (ThucLuc.Api).
2026-04-14 17:26:08.506 +07:00 [INF] Executing OkObjectResult, writing value of type 'ThucLuc.Api.Common.Models.ApiResponse`1[[System.Collections.Generic.IReadOnlyCollection`1[[ThucLuc.Application.Features.MauBaoCao.MauBaoCaoModuleCatalogGroupDto, ThucLuc.Application, Version=1.0.0.0, Culture=neutral, PublicKeyToken=null]], System.Private.CoreLib, Version=8.0.0.0, Culture=neutral, PublicKeyToken=7cec85d7bea7798e]]'.
2026-04-14 17:26:08.507 +07:00 [INF] Executed action ThucLuc.Api.Controllers.V1.MauBaoCaoController.GetModuleCatalog (ThucLuc.Api) in 1.154ms
2026-04-14 17:26:08.507 +07:00 [INF] Executing OkObjectResult, writing value of type 'ThucLuc.Api.Common.Models.ApiResponse`1[[System.Collections.Generic.IReadOnlyCollection`1[[ThucLuc.Application.Features.MauBaoCao.MauBaoCaoDto, ThucLuc.Application, Version=1.0.0.0, Culture=neutral, PublicKeyToken=null]], System.Private.CoreLib, Version=8.0.0.0, Culture=neutral, PublicKeyToken=7cec85d7bea7798e]]'.
2026-04-14 17:26:08.509 +07:00 [INF] Executed endpoint 'ThucLuc.Api.Controllers.V1.MauBaoCaoController.GetModuleCatalog (ThucLuc.Api)'
2026-04-14 17:26:08.510 +07:00 [INF] Executed action ThucLuc.Api.Controllers.V1.MauBaoCaoController.GetAll (ThucLuc.Api) in 7.8378ms
2026-04-14 17:26:08.511 +07:00 [INF] HTTP GET /api/v1/mau-bao-cao/module-catalog => 200 in 14.2401 ms CorrelationId=18240a5fd5514e1ea7bcfe496b86bea5 UserId=5001
2026-04-14 17:26:08.511 +07:00 [INF] Executed endpoint 'ThucLuc.Api.Controllers.V1.MauBaoCaoController.GetAll (ThucLuc.Api)'
2026-04-14 17:26:08.513 +07:00 [INF] HTTP GET /api/v1/mau-bao-cao/module-catalog responded 200 in 16.4622 ms
2026-04-14 17:26:08.513 +07:00 [INF] HTTP GET /api/v1/mau-bao-cao => 200 in 19.8121 ms CorrelationId=a4260d5e485d4cb6a3db0753884b563b UserId=5001
2026-04-14 17:26:08.515 +07:00 [INF] Request finished HTTP/1.1 GET http://localhost:5283/api/v1/mau-bao-cao/module-catalog - 200 null application/json; charset=utf-8 23.8854ms
2026-04-14 17:26:08.516 +07:00 [INF] HTTP GET /api/v1/mau-bao-cao responded 200 in 22.4511 ms
2026-04-14 17:26:08.519 +07:00 [INF] Request finished HTTP/1.1 GET http://localhost:5283/api/v1/mau-bao-cao?includeInactive=true - 200 null application/json; charset=utf-8 31.211ms
2026-04-14 17:26:23.495 +07:00 [INF] Request starting HTTP/1.1 OPTIONS http://localhost:5283/api/v1/don-vi/2001 - null null
2026-04-14 17:26:23.497 +07:00 [INF] CORS policy execution successful.
2026-04-14 17:26:23.498 +07:00 [INF] HTTP OPTIONS /api/v1/don-vi/2001 => 204 in 0.824 ms CorrelationId=1fe1e223527a44f58b476c2ed000be18 UserId=anonymous
2026-04-14 17:26:23.499 +07:00 [INF] Request starting HTTP/1.1 OPTIONS http://localhost:5283/api/v1/don-vi/2001 - null null
2026-04-14 17:26:23.499 +07:00 [INF] HTTP OPTIONS /api/v1/don-vi/2001 responded 204 in 2.2948 ms
2026-04-14 17:26:23.500 +07:00 [INF] Request starting HTTP/1.1 OPTIONS http://localhost:5283/api/v1/codes/by-code/NOI_DUNG_DAO_TAO_HV - null null
2026-04-14 17:26:23.501 +07:00 [INF] CORS policy execution successful.
2026-04-14 17:26:23.502 +07:00 [INF] Request finished HTTP/1.1 OPTIONS http://localhost:5283/api/v1/don-vi/2001 - 204 null null 6.9943ms
2026-04-14 17:26:23.504 +07:00 [INF] Request starting HTTP/1.1 GET http://localhost:5283/api/v1/don-vi/2001 - null null
2026-04-14 17:26:23.504 +07:00 [INF] Request starting HTTP/1.1 OPTIONS http://localhost:5283/api/v1/mau-bao-cao/module-catalog - null null
2026-04-14 17:26:23.504 +07:00 [INF] CORS policy execution successful.
2026-04-14 17:26:23.505 +07:00 [INF] HTTP OPTIONS /api/v1/don-vi/2001 => 204 in 4.117 ms CorrelationId=a9f6fb1c9799448da169b4d02fcd43e5 UserId=anonymous
2026-04-14 17:26:23.508 +07:00 [INF] Request starting HTTP/1.1 OPTIONS http://localhost:5283/api/v1/mau-bao-cao?includeInactive=true - null null
2026-04-14 17:26:23.510 +07:00 [INF] CORS policy execution successful.
2026-04-14 17:26:23.511 +07:00 [INF] CORS policy execution successful.
2026-04-14 17:26:23.512 +07:00 [INF] HTTP OPTIONS /api/v1/codes/by-code/NOI_DUNG_DAO_TAO_HV => 204 in 7.3827 ms CorrelationId=ac89d56bd88c4cdf8b19fd69c4dda6f7 UserId=anonymous
2026-04-14 17:26:23.513 +07:00 [INF] HTTP OPTIONS /api/v1/don-vi/2001 responded 204 in 12.3794 ms
2026-04-14 17:26:23.515 +07:00 [INF] CORS policy execution successful.
2026-04-14 17:26:23.516 +07:00 [INF] Executing endpoint 'ThucLuc.Api.Controllers.V1.DonViController.GetById (ThucLuc.Api)'
2026-04-14 17:26:23.517 +07:00 [INF] HTTP OPTIONS /api/v1/mau-bao-cao/module-catalog => 204 in 5.5579 ms CorrelationId=2d0c2567a0ed4bd681e45bec848d7088 UserId=anonymous
2026-04-14 17:26:23.519 +07:00 [INF] HTTP OPTIONS /api/v1/codes/by-code/NOI_DUNG_DAO_TAO_HV responded 204 in 14.5573 ms
2026-04-14 17:26:23.520 +07:00 [INF] Request finished HTTP/1.1 OPTIONS http://localhost:5283/api/v1/don-vi/2001 - 204 null null 21.2768ms
2026-04-14 17:26:23.521 +07:00 [INF] HTTP OPTIONS /api/v1/mau-bao-cao => 204 in 6.0242 ms CorrelationId=fba33c3791df4282983b56c12185af71 UserId=anonymous
2026-04-14 17:26:23.522 +07:00 [INF] Route matched with {action = "GetById", controller = "DonVi"}. Executing controller action with signature System.Threading.Tasks.Task`1[Microsoft.AspNetCore.Mvc.ActionResult`1[ThucLuc.Api.Common.Models.ApiResponse`1[ThucLuc.Application.Features.DonVi.DonViDto]]] GetById(Int64, System.Threading.CancellationToken) on controller ThucLuc.Api.Controllers.V1.DonViController (ThucLuc.Api).
2026-04-14 17:26:23.525 +07:00 [INF] HTTP OPTIONS /api/v1/mau-bao-cao/module-catalog responded 204 in 13.6036 ms
2026-04-14 17:26:23.526 +07:00 [INF] Request finished HTTP/1.1 OPTIONS http://localhost:5283/api/v1/codes/by-code/NOI_DUNG_DAO_TAO_HV - 204 null null 26.3393ms
2026-04-14 17:26:23.531 +07:00 [INF] HTTP OPTIONS /api/v1/mau-bao-cao responded 204 in 15.8472 ms
2026-04-14 17:26:23.533 +07:00 [INF] Request finished HTTP/1.1 OPTIONS http://localhost:5283/api/v1/mau-bao-cao/module-catalog - 204 null null 29.3508ms
2026-04-14 17:26:23.534 +07:00 [INF] Executing OkObjectResult, writing value of type 'ThucLuc.Api.Common.Models.ApiResponse`1[[ThucLuc.Application.Features.DonVi.DonViDto, ThucLuc.Application, Version=1.0.0.0, Culture=neutral, PublicKeyToken=null]]'.
2026-04-14 17:26:23.536 +07:00 [INF] Request starting HTTP/1.1 GET http://localhost:5283/api/v1/codes/by-code/NOI_DUNG_DAO_TAO_HV - null null
2026-04-14 17:26:23.538 +07:00 [INF] Request finished HTTP/1.1 OPTIONS http://localhost:5283/api/v1/mau-bao-cao?includeInactive=true - 204 null null 29.9756ms
2026-04-14 17:26:23.540 +07:00 [INF] Request starting HTTP/1.1 GET http://localhost:5283/api/v1/mau-bao-cao/module-catalog - null null
2026-04-14 17:26:23.542 +07:00 [INF] Executed action ThucLuc.Api.Controllers.V1.DonViController.GetById (ThucLuc.Api) in 9.7264ms
2026-04-14 17:26:23.543 +07:00 [INF] Request starting HTTP/1.1 GET http://localhost:5283/api/v1/don-vi/2001 - null null
2026-04-14 17:26:23.545 +07:00 [INF] CORS policy execution successful.
2026-04-14 17:26:23.546 +07:00 [INF] Request starting HTTP/1.1 GET http://localhost:5283/api/v1/mau-bao-cao?includeInactive=true - null null
2026-04-14 17:26:23.549 +07:00 [INF] CORS policy execution successful.
2026-04-14 17:26:23.550 +07:00 [INF] Executed endpoint 'ThucLuc.Api.Controllers.V1.DonViController.GetById (ThucLuc.Api)'
2026-04-14 17:26:23.552 +07:00 [INF] CORS policy execution successful.
2026-04-14 17:26:23.553 +07:00 [INF] Executing endpoint 'ThucLuc.Api.Controllers.V1.CodesController.GetByCode (ThucLuc.Api)'
2026-04-14 17:26:23.555 +07:00 [INF] CORS policy execution successful.
2026-04-14 17:26:23.555 +07:00 [INF] Executing endpoint 'ThucLuc.Api.Controllers.V1.MauBaoCaoController.GetModuleCatalog (ThucLuc.Api)'
2026-04-14 17:26:23.556 +07:00 [INF] HTTP GET /api/v1/don-vi/2001 => 200 in 45.9691 ms CorrelationId=eefbd2b8f157482fb2fbae326a786f5a UserId=5001
2026-04-14 17:26:23.556 +07:00 [INF] Executing endpoint 'ThucLuc.Api.Controllers.V1.DonViController.GetById (ThucLuc.Api)'
2026-04-14 17:26:23.558 +07:00 [INF] Route matched with {action = "GetByCode", controller = "Codes"}. Executing controller action with signature System.Threading.Tasks.Task`1[Microsoft.AspNetCore.Mvc.ActionResult`1[ThucLuc.Api.Common.Models.ApiResponse`1[ThucLuc.Application.Features.Codes.CodeDto]]] GetByCode(System.String, System.Threading.CancellationToken) on controller ThucLuc.Api.Controllers.V1.CodesController (ThucLuc.Api).
2026-04-14 17:26:23.558 +07:00 [INF] Executing endpoint 'ThucLuc.Api.Controllers.V1.MauBaoCaoController.GetAll (ThucLuc.Api)'
2026-04-14 17:26:23.559 +07:00 [INF] Route matched with {action = "GetModuleCatalog", controller = "MauBaoCao"}. Executing controller action with signature System.Threading.Tasks.Task`1[Microsoft.AspNetCore.Mvc.ActionResult`1[ThucLuc.Api.Common.Models.ApiResponse`1[System.Collections.Generic.IReadOnlyCollection`1[ThucLuc.Application.Features.MauBaoCao.MauBaoCaoModuleCatalogGroupDto]]]] GetModuleCatalog(System.Threading.CancellationToken) on controller ThucLuc.Api.Controllers.V1.MauBaoCaoController (ThucLuc.Api).
2026-04-14 17:26:23.560 +07:00 [INF] HTTP GET /api/v1/don-vi/2001 responded 200 in 50.6418 ms
2026-04-14 17:26:23.561 +07:00 [INF] Route matched with {action = "GetById", controller = "DonVi"}. Executing controller action with signature System.Threading.Tasks.Task`1[Microsoft.AspNetCore.Mvc.ActionResult`1[ThucLuc.Api.Common.Models.ApiResponse`1[ThucLuc.Application.Features.DonVi.DonViDto]]] GetById(Int64, System.Threading.CancellationToken) on controller ThucLuc.Api.Controllers.V1.DonViController (ThucLuc.Api).
2026-04-14 17:26:23.563 +07:00 [INF] Route matched with {action = "GetAll", controller = "MauBaoCao"}. Executing controller action with signature System.Threading.Tasks.Task`1[Microsoft.AspNetCore.Mvc.ActionResult`1[ThucLuc.Api.Common.Models.ApiResponse`1[System.Collections.Generic.IReadOnlyCollection`1[ThucLuc.Application.Features.MauBaoCao.MauBaoCaoDto]]]] GetAll(Boolean, System.Threading.CancellationToken) on controller ThucLuc.Api.Controllers.V1.MauBaoCaoController (ThucLuc.Api).
2026-04-14 17:26:23.564 +07:00 [INF] Executing OkObjectResult, writing value of type 'ThucLuc.Api.Common.Models.ApiResponse`1[[ThucLuc.Application.Features.Codes.CodeDto, ThucLuc.Application, Version=1.0.0.0, Culture=neutral, PublicKeyToken=null]]'.
2026-04-14 17:26:23.565 +07:00 [INF] Executing OkObjectResult, writing value of type 'ThucLuc.Api.Common.Models.ApiResponse`1[[System.Collections.Generic.IReadOnlyCollection`1[[ThucLuc.Application.Features.MauBaoCao.MauBaoCaoModuleCatalogGroupDto, ThucLuc.Application, Version=1.0.0.0, Culture=neutral, PublicKeyToken=null]], System.Private.CoreLib, Version=8.0.0.0, Culture=neutral, PublicKeyToken=7cec85d7bea7798e]]'.
2026-04-14 17:26:23.566 +07:00 [INF] Request finished HTTP/1.1 GET http://localhost:5283/api/v1/don-vi/2001 - 200 null application/json; charset=utf-8 62.5805ms
2026-04-14 17:26:23.569 +07:00 [INF] Executing OkObjectResult, writing value of type 'ThucLuc.Api.Common.Models.ApiResponse`1[[ThucLuc.Application.Features.DonVi.DonViDto, ThucLuc.Application, Version=1.0.0.0, Culture=neutral, PublicKeyToken=null]]'.
2026-04-14 17:26:23.570 +07:00 [INF] Executed action ThucLuc.Api.Controllers.V1.CodesController.GetByCode (ThucLuc.Api) in 7.8214ms
2026-04-14 17:26:23.572 +07:00 [INF] Executed action ThucLuc.Api.Controllers.V1.MauBaoCaoController.GetModuleCatalog (ThucLuc.Api) in 6.5794ms
2026-04-14 17:26:23.573 +07:00 [INF] Executing OkObjectResult, writing value of type 'ThucLuc.Api.Common.Models.ApiResponse`1[[System.Collections.Generic.IReadOnlyCollection`1[[ThucLuc.Application.Features.MauBaoCao.MauBaoCaoDto, ThucLuc.Application, Version=1.0.0.0, Culture=neutral, PublicKeyToken=null]], System.Private.CoreLib, Version=8.0.0.0, Culture=neutral, PublicKeyToken=7cec85d7bea7798e]]'.
2026-04-14 17:26:23.576 +07:00 [INF] Executed action ThucLuc.Api.Controllers.V1.DonViController.GetById (ThucLuc.Api) in 8.4605ms
2026-04-14 17:26:23.577 +07:00 [INF] Executed endpoint 'ThucLuc.Api.Controllers.V1.CodesController.GetByCode (ThucLuc.Api)'
2026-04-14 17:26:23.578 +07:00 [INF] Executed endpoint 'ThucLuc.Api.Controllers.V1.MauBaoCaoController.GetModuleCatalog (ThucLuc.Api)'
2026-04-14 17:26:23.580 +07:00 [INF] Executed action ThucLuc.Api.Controllers.V1.MauBaoCaoController.GetAll (ThucLuc.Api) in 10.5097ms
2026-04-14 17:26:23.581 +07:00 [INF] Executed endpoint 'ThucLuc.Api.Controllers.V1.DonViController.GetById (ThucLuc.Api)'
2026-04-14 17:26:23.582 +07:00 [INF] HTTP GET /api/v1/codes/by-code/NOI_DUNG_DAO_TAO_HV => 200 in 37.0047 ms CorrelationId=87699b0af9994acab4cf537a507669e1 UserId=5001
2026-04-14 17:26:23.582 +07:00 [INF] HTTP GET /api/v1/mau-bao-cao/module-catalog => 200 in 33.5447 ms CorrelationId=36d2ba5c3e814a2680c27ce0f00df4f7 UserId=5001
2026-04-14 17:26:23.583 +07:00 [INF] Executed endpoint 'ThucLuc.Api.Controllers.V1.MauBaoCaoController.GetAll (ThucLuc.Api)'
2026-04-14 17:26:23.584 +07:00 [INF] HTTP GET /api/v1/don-vi/2001 => 200 in 32.0047 ms CorrelationId=df95a042728e498083f88790a0f83ca1 UserId=5001
2026-04-14 17:26:23.586 +07:00 [INF] HTTP GET /api/v1/codes/by-code/NOI_DUNG_DAO_TAO_HV responded 200 in 41.5260 ms
2026-04-14 17:26:23.587 +07:00 [INF] HTTP GET /api/v1/mau-bao-cao/module-catalog responded 200 in 38.4499 ms
2026-04-14 17:26:23.588 +07:00 [INF] HTTP GET /api/v1/mau-bao-cao => 200 in 33.5369 ms CorrelationId=04df383a6d6f4678b65f765bc3a52787 UserId=5001
2026-04-14 17:26:23.590 +07:00 [INF] HTTP GET /api/v1/don-vi/2001 responded 200 in 38.2318 ms
2026-04-14 17:26:23.592 +07:00 [INF] Request finished HTTP/1.1 GET http://localhost:5283/api/v1/codes/by-code/NOI_DUNG_DAO_TAO_HV - 200 null application/json; charset=utf-8 55.6396ms
2026-04-14 17:26:23.593 +07:00 [INF] Request finished HTTP/1.1 GET http://localhost:5283/api/v1/mau-bao-cao/module-catalog - 200 null application/json; charset=utf-8 53.1597ms
2026-04-14 17:26:23.595 +07:00 [INF] HTTP GET /api/v1/mau-bao-cao responded 200 in 40.5262 ms
2026-04-14 17:26:23.596 +07:00 [INF] Request finished HTTP/1.1 GET http://localhost:5283/api/v1/don-vi/2001 - 200 null application/json; charset=utf-8 53.4594ms
2026-04-14 17:26:23.602 +07:00 [INF] Request finished HTTP/1.1 GET http://localhost:5283/api/v1/mau-bao-cao?includeInactive=true - 200 null application/json; charset=utf-8 55.9285ms
2026-04-14 17:26:23.610 +07:00 [INF] Request starting HTTP/1.1 OPTIONS http://localhost:5283/api/v1/dao-tao-hoc-vien?kyCode=2026Q1 - null null
2026-04-14 17:26:23.612 +07:00 [INF] CORS policy execution successful.
2026-04-14 17:26:23.613 +07:00 [INF] HTTP OPTIONS /api/v1/dao-tao-hoc-vien => 204 in 0.8635 ms CorrelationId=36c0298d1e6448749adee05b024c7559 UserId=anonymous
2026-04-14 17:26:23.614 +07:00 [INF] HTTP OPTIONS /api/v1/dao-tao-hoc-vien responded 204 in 2.5110 ms
2026-04-14 17:26:23.616 +07:00 [INF] Request finished HTTP/1.1 OPTIONS http://localhost:5283/api/v1/dao-tao-hoc-vien?kyCode=2026Q1 - 204 null null 6.1739ms
2026-04-14 17:26:23.619 +07:00 [INF] Request starting HTTP/1.1 GET http://localhost:5283/api/v1/dao-tao-hoc-vien?kyCode=2026Q1 - null null
2026-04-14 17:26:23.621 +07:00 [INF] CORS policy execution successful.
2026-04-14 17:26:23.621 +07:00 [INF] Executing endpoint 'ThucLuc.Api.Controllers.V1.DaoTaoHocVienController.GetAll (ThucLuc.Api)'
2026-04-14 17:26:23.622 +07:00 [INF] Route matched with {action = "GetAll", controller = "DaoTaoHocVien"}. Executing controller action with signature System.Threading.Tasks.Task`1[Microsoft.AspNetCore.Mvc.ActionResult`1[ThucLuc.Api.Common.Models.ApiResponse`1[System.Collections.Generic.IReadOnlyCollection`1[ThucLuc.Application.Features.DaoTaoHocVien.DaoTaoHocVienDto]]]] GetAll(System.Nullable`1[System.Int32], System.Threading.CancellationToken) on controller ThucLuc.Api.Controllers.V1.DaoTaoHocVienController (ThucLuc.Api).
2026-04-14 17:26:23.626 +07:00 [INF] Executing OkObjectResult, writing value of type 'ThucLuc.Api.Common.Models.ApiResponse`1[[System.Collections.Generic.IReadOnlyCollection`1[[ThucLuc.Application.Features.DaoTaoHocVien.DaoTaoHocVienDto, ThucLuc.Application, Version=1.0.0.0, Culture=neutral, PublicKeyToken=null]], System.Private.CoreLib, Version=8.0.0.0, Culture=neutral, PublicKeyToken=7cec85d7bea7798e]]'.
2026-04-14 17:26:23.628 +07:00 [INF] Executed action ThucLuc.Api.Controllers.V1.DaoTaoHocVienController.GetAll (ThucLuc.Api) in 3.5527ms
2026-04-14 17:26:23.629 +07:00 [INF] Executed endpoint 'ThucLuc.Api.Controllers.V1.DaoTaoHocVienController.GetAll (ThucLuc.Api)'
2026-04-14 17:26:23.630 +07:00 [INF] HTTP GET /api/v1/dao-tao-hoc-vien => 200 in 9.7473 ms CorrelationId=bb7010fa31ba4a2ab75cff4dce10a4d1 UserId=5001
2026-04-14 17:26:23.632 +07:00 [INF] HTTP GET /api/v1/dao-tao-hoc-vien responded 200 in 11.4545 ms
2026-04-14 17:26:23.634 +07:00 [INF] Request finished HTTP/1.1 GET http://localhost:5283/api/v1/dao-tao-hoc-vien?kyCode=2026Q1 - 200 null application/json; charset=utf-8 15.2761ms
2026-04-14 17:26:37.196 +07:00 [INF] Request starting HTTP/1.1 OPTIONS http://localhost:5283/api/v1/don-vi/2001 - null null
2026-04-14 17:26:37.198 +07:00 [INF] Request starting HTTP/1.1 OPTIONS http://localhost:5283/api/v1/codes/by-code/NOI_DUNG_DAO_TAO_HV - null null
2026-04-14 17:26:37.198 +07:00 [INF] CORS policy execution successful.
2026-04-14 17:26:37.199 +07:00 [INF] CORS policy execution successful.
2026-04-14 17:26:37.199 +07:00 [INF] HTTP OPTIONS /api/v1/don-vi/2001 => 204 in 1.5728 ms CorrelationId=ae7d224978fb4d9faea06d958848a8b8 UserId=anonymous
2026-04-14 17:26:37.200 +07:00 [INF] HTTP OPTIONS /api/v1/codes/by-code/NOI_DUNG_DAO_TAO_HV => 204 in 0.7122 ms CorrelationId=64f14043594342d4b343463b922a13de UserId=anonymous
2026-04-14 17:26:37.201 +07:00 [INF] HTTP OPTIONS /api/v1/don-vi/2001 responded 204 in 2.8787 ms
2026-04-14 17:26:37.202 +07:00 [INF] HTTP OPTIONS /api/v1/codes/by-code/NOI_DUNG_DAO_TAO_HV responded 204 in 2.9191 ms
2026-04-14 17:26:37.203 +07:00 [INF] Request finished HTTP/1.1 OPTIONS http://localhost:5283/api/v1/don-vi/2001 - 204 null null 7.1856ms
2026-04-14 17:26:37.205 +07:00 [INF] Request finished HTTP/1.1 OPTIONS http://localhost:5283/api/v1/codes/by-code/NOI_DUNG_DAO_TAO_HV - 204 null null 7.0552ms
2026-04-14 17:26:37.207 +07:00 [INF] Request starting HTTP/1.1 GET http://localhost:5283/api/v1/don-vi/2001 - null null
2026-04-14 17:26:37.210 +07:00 [INF] Request starting HTTP/1.1 GET http://localhost:5283/api/v1/codes/by-code/NOI_DUNG_DAO_TAO_HV - null null
2026-04-14 17:26:37.211 +07:00 [INF] CORS policy execution successful.
2026-04-14 17:26:37.213 +07:00 [INF] CORS policy execution successful.
2026-04-14 17:26:37.213 +07:00 [INF] Executing endpoint 'ThucLuc.Api.Controllers.V1.DonViController.GetById (ThucLuc.Api)'
2026-04-14 17:26:37.214 +07:00 [INF] Executing endpoint 'ThucLuc.Api.Controllers.V1.CodesController.GetByCode (ThucLuc.Api)'
2026-04-14 17:26:37.214 +07:00 [INF] Route matched with {action = "GetById", controller = "DonVi"}. Executing controller action with signature System.Threading.Tasks.Task`1[Microsoft.AspNetCore.Mvc.ActionResult`1[ThucLuc.Api.Common.Models.ApiResponse`1[ThucLuc.Application.Features.DonVi.DonViDto]]] GetById(Int64, System.Threading.CancellationToken) on controller ThucLuc.Api.Controllers.V1.DonViController (ThucLuc.Api).
2026-04-14 17:26:37.215 +07:00 [INF] Route matched with {action = "GetByCode", controller = "Codes"}. Executing controller action with signature System.Threading.Tasks.Task`1[Microsoft.AspNetCore.Mvc.ActionResult`1[ThucLuc.Api.Common.Models.ApiResponse`1[ThucLuc.Application.Features.Codes.CodeDto]]] GetByCode(System.String, System.Threading.CancellationToken) on controller ThucLuc.Api.Controllers.V1.CodesController (ThucLuc.Api).
2026-04-14 17:26:37.218 +07:00 [INF] Executing OkObjectResult, writing value of type 'ThucLuc.Api.Common.Models.ApiResponse`1[[ThucLuc.Application.Features.DonVi.DonViDto, ThucLuc.Application, Version=1.0.0.0, Culture=neutral, PublicKeyToken=null]]'.
2026-04-14 17:26:37.219 +07:00 [INF] Executing OkObjectResult, writing value of type 'ThucLuc.Api.Common.Models.ApiResponse`1[[ThucLuc.Application.Features.Codes.CodeDto, ThucLuc.Application, Version=1.0.0.0, Culture=neutral, PublicKeyToken=null]]'.
2026-04-14 17:26:37.219 +07:00 [INF] Executed action ThucLuc.Api.Controllers.V1.DonViController.GetById (ThucLuc.Api) in 3.7414ms
2026-04-14 17:26:37.221 +07:00 [INF] Executed action ThucLuc.Api.Controllers.V1.CodesController.GetByCode (ThucLuc.Api) in 3.4953ms
2026-04-14 17:26:37.222 +07:00 [INF] Executed endpoint 'ThucLuc.Api.Controllers.V1.DonViController.GetById (ThucLuc.Api)'
2026-04-14 17:26:37.223 +07:00 [INF] Executed endpoint 'ThucLuc.Api.Controllers.V1.CodesController.GetByCode (ThucLuc.Api)'
2026-04-14 17:26:37.224 +07:00 [INF] HTTP GET /api/v1/don-vi/2001 => 200 in 12.4698 ms CorrelationId=77fff14f5c2943379d084eb8ff341cd1 UserId=5001
2026-04-14 17:26:37.225 +07:00 [INF] HTTP GET /api/v1/codes/by-code/NOI_DUNG_DAO_TAO_HV => 200 in 12.0901 ms CorrelationId=164c7bb94ba5457b9500320a45b8d463 UserId=5001
2026-04-14 17:26:37.227 +07:00 [INF] HTTP GET /api/v1/don-vi/2001 responded 200 in 15.2588 ms
2026-04-14 17:26:37.228 +07:00 [INF] HTTP GET /api/v1/codes/by-code/NOI_DUNG_DAO_TAO_HV responded 200 in 15.1214 ms
2026-04-14 17:26:37.229 +07:00 [INF] Request finished HTTP/1.1 GET http://localhost:5283/api/v1/don-vi/2001 - 200 null application/json; charset=utf-8 21.3891ms
2026-04-14 17:26:37.230 +07:00 [INF] Request finished HTTP/1.1 GET http://localhost:5283/api/v1/codes/by-code/NOI_DUNG_DAO_TAO_HV - 200 null application/json; charset=utf-8 20.0167ms
2026-04-14 17:26:37.234 +07:00 [INF] Request starting HTTP/1.1 OPTIONS http://localhost:5283/api/v1/dao-tao-hoc-vien?kyCode=2026Q1 - null null
2026-04-14 17:26:37.236 +07:00 [INF] CORS policy execution successful.
2026-04-14 17:26:37.236 +07:00 [INF] HTTP OPTIONS /api/v1/dao-tao-hoc-vien => 204 in 0.3967 ms CorrelationId=3606660d34994d3993d250b5f2950491 UserId=anonymous
2026-04-14 17:26:37.237 +07:00 [INF] HTTP OPTIONS /api/v1/dao-tao-hoc-vien responded 204 in 1.3791 ms
2026-04-14 17:26:37.238 +07:00 [INF] Request finished HTTP/1.1 OPTIONS http://localhost:5283/api/v1/dao-tao-hoc-vien?kyCode=2026Q1 - 204 null null 3.8169ms
2026-04-14 17:26:37.240 +07:00 [INF] Request starting HTTP/1.1 GET http://localhost:5283/api/v1/dao-tao-hoc-vien?kyCode=2026Q1 - null null
2026-04-14 17:26:37.243 +07:00 [INF] CORS policy execution successful.
2026-04-14 17:26:37.244 +07:00 [INF] Executing endpoint 'ThucLuc.Api.Controllers.V1.DaoTaoHocVienController.GetAll (ThucLuc.Api)'
2026-04-14 17:26:37.244 +07:00 [INF] Route matched with {action = "GetAll", controller = "DaoTaoHocVien"}. Executing controller action with signature System.Threading.Tasks.Task`1[Microsoft.AspNetCore.Mvc.ActionResult`1[ThucLuc.Api.Common.Models.ApiResponse`1[System.Collections.Generic.IReadOnlyCollection`1[ThucLuc.Application.Features.DaoTaoHocVien.DaoTaoHocVienDto]]]] GetAll(System.Nullable`1[System.Int32], System.Threading.CancellationToken) on controller ThucLuc.Api.Controllers.V1.DaoTaoHocVienController (ThucLuc.Api).
2026-04-14 17:26:37.247 +07:00 [INF] Executing OkObjectResult, writing value of type 'ThucLuc.Api.Common.Models.ApiResponse`1[[System.Collections.Generic.IReadOnlyCollection`1[[ThucLuc.Application.Features.DaoTaoHocVien.DaoTaoHocVienDto, ThucLuc.Application, Version=1.0.0.0, Culture=neutral, PublicKeyToken=null]], System.Private.CoreLib, Version=8.0.0.0, Culture=neutral, PublicKeyToken=7cec85d7bea7798e]]'.
2026-04-14 17:26:37.249 +07:00 [INF] Executed action ThucLuc.Api.Controllers.V1.DaoTaoHocVienController.GetAll (ThucLuc.Api) in 3.1728ms
2026-04-14 17:26:37.249 +07:00 [INF] Executed endpoint 'ThucLuc.Api.Controllers.V1.DaoTaoHocVienController.GetAll (ThucLuc.Api)'
2026-04-14 17:26:37.250 +07:00 [INF] HTTP GET /api/v1/dao-tao-hoc-vien => 200 in 7.1897 ms CorrelationId=ad0b75b9201f42da99c6071caa00d5b3 UserId=5001
2026-04-14 17:26:37.251 +07:00 [INF] HTTP GET /api/v1/dao-tao-hoc-vien responded 200 in 8.5033 ms
2026-04-14 17:26:37.252 +07:00 [INF] Request finished HTTP/1.1 GET http://localhost:5283/api/v1/dao-tao-hoc-vien?kyCode=2026Q1 - 200 null application/json; charset=utf-8 12.0799ms
2026-04-14 17:26:37.476 +07:00 [INF] Request starting HTTP/1.1 GET http://localhost:5283/api/v1/don-vi/2001 - null null
2026-04-14 17:26:37.479 +07:00 [INF] CORS policy execution successful.
2026-04-14 17:26:37.479 +07:00 [INF] Executing endpoint 'ThucLuc.Api.Controllers.V1.DonViController.GetById (ThucLuc.Api)'
2026-04-14 17:26:37.480 +07:00 [INF] Request starting HTTP/1.1 OPTIONS http://localhost:5283/api/v1/mau-bao-cao/module-catalog - null null
2026-04-14 17:26:37.480 +07:00 [INF] Request starting HTTP/1.1 OPTIONS http://localhost:5283/api/v1/mau-bao-cao?includeInactive=true - null null
2026-04-14 17:26:37.480 +07:00 [INF] Route matched with {action = "GetById", controller = "DonVi"}. Executing controller action with signature System.Threading.Tasks.Task`1[Microsoft.AspNetCore.Mvc.ActionResult`1[ThucLuc.Api.Common.Models.ApiResponse`1[ThucLuc.Application.Features.DonVi.DonViDto]]] GetById(Int64, System.Threading.CancellationToken) on controller ThucLuc.Api.Controllers.V1.DonViController (ThucLuc.Api).
2026-04-14 17:26:37.482 +07:00 [INF] CORS policy execution successful.
2026-04-14 17:26:37.483 +07:00 [INF] CORS policy execution successful.
2026-04-14 17:26:37.485 +07:00 [INF] HTTP OPTIONS /api/v1/mau-bao-cao/module-catalog => 204 in 3.1072 ms CorrelationId=7b446d5fe8534c2798ec72f2d49991a1 UserId=anonymous
2026-04-14 17:26:37.485 +07:00 [INF] HTTP OPTIONS /api/v1/mau-bao-cao => 204 in 2.2213 ms CorrelationId=c3b7e9292aa4489cad3347899266e4b1 UserId=anonymous
2026-04-14 17:26:37.486 +07:00 [INF] Executing OkObjectResult, writing value of type 'ThucLuc.Api.Common.Models.ApiResponse`1[[ThucLuc.Application.Features.DonVi.DonViDto, ThucLuc.Application, Version=1.0.0.0, Culture=neutral, PublicKeyToken=null]]'.
2026-04-14 17:26:37.486 +07:00 [INF] HTTP OPTIONS /api/v1/mau-bao-cao/module-catalog responded 204 in 4.6763 ms
2026-04-14 17:26:37.487 +07:00 [INF] HTTP OPTIONS /api/v1/mau-bao-cao responded 204 in 4.1757 ms
2026-04-14 17:26:37.488 +07:00 [INF] Executed action ThucLuc.Api.Controllers.V1.DonViController.GetById (ThucLuc.Api) in 3.5889ms
2026-04-14 17:26:37.489 +07:00 [INF] Request finished HTTP/1.1 OPTIONS http://localhost:5283/api/v1/mau-bao-cao/module-catalog - 204 null null 8.5247ms
2026-04-14 17:26:37.490 +07:00 [INF] Request finished HTTP/1.1 OPTIONS http://localhost:5283/api/v1/mau-bao-cao?includeInactive=true - 204 null null 10.4738ms
2026-04-14 17:26:37.492 +07:00 [INF] Executed endpoint 'ThucLuc.Api.Controllers.V1.DonViController.GetById (ThucLuc.Api)'
2026-04-14 17:26:37.493 +07:00 [INF] Request starting HTTP/1.1 GET http://localhost:5283/api/v1/mau-bao-cao/module-catalog - null null
2026-04-14 17:26:37.495 +07:00 [INF] Request starting HTTP/1.1 GET http://localhost:5283/api/v1/mau-bao-cao?includeInactive=true - null null
2026-04-14 17:26:37.495 +07:00 [INF] HTTP GET /api/v1/don-vi/2001 => 200 in 16.5412 ms CorrelationId=045acfbf60124e22ad737e84277b1269 UserId=5001
2026-04-14 17:26:37.496 +07:00 [INF] CORS policy execution successful.
2026-04-14 17:26:37.497 +07:00 [INF] CORS policy execution successful.
2026-04-14 17:26:37.498 +07:00 [INF] HTTP GET /api/v1/don-vi/2001 responded 200 in 19.7567 ms
2026-04-14 17:26:37.499 +07:00 [INF] Executing endpoint 'ThucLuc.Api.Controllers.V1.MauBaoCaoController.GetModuleCatalog (ThucLuc.Api)'
2026-04-14 17:26:37.499 +07:00 [INF] Executing endpoint 'ThucLuc.Api.Controllers.V1.MauBaoCaoController.GetAll (ThucLuc.Api)'
2026-04-14 17:26:37.501 +07:00 [INF] Request finished HTTP/1.1 GET http://localhost:5283/api/v1/don-vi/2001 - 200 null application/json; charset=utf-8 24.3206ms
2026-04-14 17:26:37.501 +07:00 [INF] Route matched with {action = "GetModuleCatalog", controller = "MauBaoCao"}. Executing controller action with signature System.Threading.Tasks.Task`1[Microsoft.AspNetCore.Mvc.ActionResult`1[ThucLuc.Api.Common.Models.ApiResponse`1[System.Collections.Generic.IReadOnlyCollection`1[ThucLuc.Application.Features.MauBaoCao.MauBaoCaoModuleCatalogGroupDto]]]] GetModuleCatalog(System.Threading.CancellationToken) on controller ThucLuc.Api.Controllers.V1.MauBaoCaoController (ThucLuc.Api).
2026-04-14 17:26:37.502 +07:00 [INF] Route matched with {action = "GetAll", controller = "MauBaoCao"}. Executing controller action with signature System.Threading.Tasks.Task`1[Microsoft.AspNetCore.Mvc.ActionResult`1[ThucLuc.Api.Common.Models.ApiResponse`1[System.Collections.Generic.IReadOnlyCollection`1[ThucLuc.Application.Features.MauBaoCao.MauBaoCaoDto]]]] GetAll(Boolean, System.Threading.CancellationToken) on controller ThucLuc.Api.Controllers.V1.MauBaoCaoController (ThucLuc.Api).
2026-04-14 17:26:37.504 +07:00 [INF] Executing OkObjectResult, writing value of type 'ThucLuc.Api.Common.Models.ApiResponse`1[[System.Collections.Generic.IReadOnlyCollection`1[[ThucLuc.Application.Features.MauBaoCao.MauBaoCaoModuleCatalogGroupDto, ThucLuc.Application, Version=1.0.0.0, Culture=neutral, PublicKeyToken=null]], System.Private.CoreLib, Version=8.0.0.0, Culture=neutral, PublicKeyToken=7cec85d7bea7798e]]'.
2026-04-14 17:26:37.506 +07:00 [INF] Executed action ThucLuc.Api.Controllers.V1.MauBaoCaoController.GetModuleCatalog (ThucLuc.Api) in 1.7486ms
2026-04-14 17:26:37.507 +07:00 [INF] Executed endpoint 'ThucLuc.Api.Controllers.V1.MauBaoCaoController.GetModuleCatalog (ThucLuc.Api)'
2026-04-14 17:26:37.508 +07:00 [INF] HTTP GET /api/v1/mau-bao-cao/module-catalog => 200 in 12.0365 ms CorrelationId=748e26a63c6b4064a1dab1fc6d1ee130 UserId=5001
2026-04-14 17:26:37.510 +07:00 [INF] HTTP GET /api/v1/mau-bao-cao/module-catalog responded 200 in 13.9424 ms
2026-04-14 17:26:37.512 +07:00 [INF] Request finished HTTP/1.1 GET http://localhost:5283/api/v1/mau-bao-cao/module-catalog - 200 null application/json; charset=utf-8 18.5949ms
2026-04-14 17:26:37.512 +07:00 [INF] Executing OkObjectResult, writing value of type 'ThucLuc.Api.Common.Models.ApiResponse`1[[System.Collections.Generic.IReadOnlyCollection`1[[ThucLuc.Application.Features.MauBaoCao.MauBaoCaoDto, ThucLuc.Application, Version=1.0.0.0, Culture=neutral, PublicKeyToken=null]], System.Private.CoreLib, Version=8.0.0.0, Culture=neutral, PublicKeyToken=7cec85d7bea7798e]]'.
2026-04-14 17:26:37.514 +07:00 [INF] Executed action ThucLuc.Api.Controllers.V1.MauBaoCaoController.GetAll (ThucLuc.Api) in 9.2868ms
2026-04-14 17:26:37.515 +07:00 [INF] Executed endpoint 'ThucLuc.Api.Controllers.V1.MauBaoCaoController.GetAll (ThucLuc.Api)'
2026-04-14 17:26:37.515 +07:00 [INF] HTTP GET /api/v1/mau-bao-cao => 200 in 18.1459 ms CorrelationId=073a2b371f4340afb3947669fb412f0c UserId=5001
2026-04-14 17:26:37.517 +07:00 [INF] HTTP GET /api/v1/mau-bao-cao responded 200 in 19.2954 ms
2026-04-14 17:26:37.517 +07:00 [INF] Request finished HTTP/1.1 GET http://localhost:5283/api/v1/mau-bao-cao?includeInactive=true - 200 null application/json; charset=utf-8 22.7702ms
2026-04-14 17:26:53.655 +07:00 [INF] Request starting HTTP/1.1 OPTIONS http://localhost:5283/api/v1/don-vi/2001 - null null
2026-04-14 17:26:53.658 +07:00 [INF] CORS policy execution successful.
2026-04-14 17:26:53.659 +07:00 [INF] HTTP OPTIONS /api/v1/don-vi/2001 => 204 in 0.8141 ms CorrelationId=dc93809e83274c2c8e4ec779c120d9a2 UserId=anonymous
2026-04-14 17:26:53.659 +07:00 [INF] Request starting HTTP/1.1 OPTIONS http://localhost:5283/api/v1/codes/by-code/NOI_DUNG_DAO_TAO_HV - null null
2026-04-14 17:26:53.660 +07:00 [INF] HTTP OPTIONS /api/v1/don-vi/2001 responded 204 in 2.3843 ms
2026-04-14 17:26:53.662 +07:00 [INF] CORS policy execution successful.
2026-04-14 17:26:53.663 +07:00 [INF] Request finished HTTP/1.1 OPTIONS http://localhost:5283/api/v1/don-vi/2001 - 204 null null 7.8839ms
2026-04-14 17:26:53.664 +07:00 [INF] HTTP OPTIONS /api/v1/codes/by-code/NOI_DUNG_DAO_TAO_HV => 204 in 1.7564 ms CorrelationId=aa12173893374bc09ea72d42a199b490 UserId=anonymous
2026-04-14 17:26:53.665 +07:00 [INF] Request starting HTTP/1.1 GET http://localhost:5283/api/v1/don-vi/2001 - null null
2026-04-14 17:26:53.667 +07:00 [INF] HTTP OPTIONS /api/v1/codes/by-code/NOI_DUNG_DAO_TAO_HV responded 204 in 5.2543 ms
2026-04-14 17:26:53.669 +07:00 [INF] CORS policy execution successful.
2026-04-14 17:26:53.670 +07:00 [INF] Request finished HTTP/1.1 OPTIONS http://localhost:5283/api/v1/codes/by-code/NOI_DUNG_DAO_TAO_HV - 204 null null 10.0911ms
2026-04-14 17:26:53.670 +07:00 [INF] Executing endpoint 'ThucLuc.Api.Controllers.V1.DonViController.GetById (ThucLuc.Api)'
2026-04-14 17:26:53.672 +07:00 [INF] Request starting HTTP/1.1 GET http://localhost:5283/api/v1/codes/by-code/NOI_DUNG_DAO_TAO_HV - null null
2026-04-14 17:26:53.673 +07:00 [INF] Route matched with {action = "GetById", controller = "DonVi"}. Executing controller action with signature System.Threading.Tasks.Task`1[Microsoft.AspNetCore.Mvc.ActionResult`1[ThucLuc.Api.Common.Models.ApiResponse`1[ThucLuc.Application.Features.DonVi.DonViDto]]] GetById(Int64, System.Threading.CancellationToken) on controller ThucLuc.Api.Controllers.V1.DonViController (ThucLuc.Api).
2026-04-14 17:26:53.676 +07:00 [INF] CORS policy execution successful.
2026-04-14 17:26:53.678 +07:00 [INF] Executing endpoint 'ThucLuc.Api.Controllers.V1.CodesController.GetByCode (ThucLuc.Api)'
2026-04-14 17:26:53.680 +07:00 [INF] Route matched with {action = "GetByCode", controller = "Codes"}. Executing controller action with signature System.Threading.Tasks.Task`1[Microsoft.AspNetCore.Mvc.ActionResult`1[ThucLuc.Api.Common.Models.ApiResponse`1[ThucLuc.Application.Features.Codes.CodeDto]]] GetByCode(System.String, System.Threading.CancellationToken) on controller ThucLuc.Api.Controllers.V1.CodesController (ThucLuc.Api).
2026-04-14 17:26:53.680 +07:00 [INF] Executing OkObjectResult, writing value of type 'ThucLuc.Api.Common.Models.ApiResponse`1[[ThucLuc.Application.Features.DonVi.DonViDto, ThucLuc.Application, Version=1.0.0.0, Culture=neutral, PublicKeyToken=null]]'.
2026-04-14 17:26:53.683 +07:00 [INF] Executed action ThucLuc.Api.Controllers.V1.DonViController.GetById (ThucLuc.Api) in 5.1962ms
2026-04-14 17:26:53.684 +07:00 [INF] Executed endpoint 'ThucLuc.Api.Controllers.V1.DonViController.GetById (ThucLuc.Api)'
2026-04-14 17:26:53.684 +07:00 [INF] Executing OkObjectResult, writing value of type 'ThucLuc.Api.Common.Models.ApiResponse`1[[ThucLuc.Application.Features.Codes.CodeDto, ThucLuc.Application, Version=1.0.0.0, Culture=neutral, PublicKeyToken=null]]'.
2026-04-14 17:26:53.685 +07:00 [INF] HTTP GET /api/v1/don-vi/2001 => 200 in 16.3207 ms CorrelationId=ef24f74738f5408cbd5298a2d87b36e0 UserId=5001
2026-04-14 17:26:53.686 +07:00 [INF] Executed action ThucLuc.Api.Controllers.V1.CodesController.GetByCode (ThucLuc.Api) in 3.8473ms
2026-04-14 17:26:53.687 +07:00 [INF] HTTP GET /api/v1/don-vi/2001 responded 200 in 18.3586 ms
2026-04-14 17:26:53.688 +07:00 [INF] Executed endpoint 'ThucLuc.Api.Controllers.V1.CodesController.GetByCode (ThucLuc.Api)'
2026-04-14 17:26:53.689 +07:00 [INF] Request finished HTTP/1.1 GET http://localhost:5283/api/v1/don-vi/2001 - 200 null application/json; charset=utf-8 23.5543ms
2026-04-14 17:26:53.690 +07:00 [INF] HTTP GET /api/v1/codes/by-code/NOI_DUNG_DAO_TAO_HV => 200 in 14.3733 ms CorrelationId=66b73af72ccc4e52a5a3c8328c3bee92 UserId=5001
2026-04-14 17:26:53.694 +07:00 [INF] HTTP GET /api/v1/codes/by-code/NOI_DUNG_DAO_TAO_HV responded 200 in 17.8999 ms
2026-04-14 17:26:53.695 +07:00 [INF] Request finished HTTP/1.1 GET http://localhost:5283/api/v1/codes/by-code/NOI_DUNG_DAO_TAO_HV - 200 null application/json; charset=utf-8 23.216ms
2026-04-14 17:26:53.697 +07:00 [INF] Request starting HTTP/1.1 OPTIONS http://localhost:5283/api/v1/dao-tao-hoc-vien?kyCode=2026Q1 - null null
2026-04-14 17:26:53.699 +07:00 [INF] CORS policy execution successful.
2026-04-14 17:26:53.700 +07:00 [INF] HTTP OPTIONS /api/v1/dao-tao-hoc-vien => 204 in 0.5597 ms CorrelationId=070d3f2161c0454085cd5ae0e3e74f89 UserId=anonymous
2026-04-14 17:26:53.702 +07:00 [INF] HTTP OPTIONS /api/v1/dao-tao-hoc-vien responded 204 in 2.8270 ms
2026-04-14 17:26:53.703 +07:00 [INF] Request finished HTTP/1.1 OPTIONS http://localhost:5283/api/v1/dao-tao-hoc-vien?kyCode=2026Q1 - 204 null null 5.8948ms
2026-04-14 17:26:53.705 +07:00 [INF] Request starting HTTP/1.1 GET http://localhost:5283/api/v1/dao-tao-hoc-vien?kyCode=2026Q1 - null null
2026-04-14 17:26:53.708 +07:00 [INF] CORS policy execution successful.
2026-04-14 17:26:53.709 +07:00 [INF] Executing endpoint 'ThucLuc.Api.Controllers.V1.DaoTaoHocVienController.GetAll (ThucLuc.Api)'
2026-04-14 17:26:53.710 +07:00 [INF] Route matched with {action = "GetAll", controller = "DaoTaoHocVien"}. Executing controller action with signature System.Threading.Tasks.Task`1[Microsoft.AspNetCore.Mvc.ActionResult`1[ThucLuc.Api.Common.Models.ApiResponse`1[System.Collections.Generic.IReadOnlyCollection`1[ThucLuc.Application.Features.DaoTaoHocVien.DaoTaoHocVienDto]]]] GetAll(System.Nullable`1[System.Int32], System.Threading.CancellationToken) on controller ThucLuc.Api.Controllers.V1.DaoTaoHocVienController (ThucLuc.Api).
2026-04-14 17:26:53.714 +07:00 [INF] Executing OkObjectResult, writing value of type 'ThucLuc.Api.Common.Models.ApiResponse`1[[System.Collections.Generic.IReadOnlyCollection`1[[ThucLuc.Application.Features.DaoTaoHocVien.DaoTaoHocVienDto, ThucLuc.Application, Version=1.0.0.0, Culture=neutral, PublicKeyToken=null]], System.Private.CoreLib, Version=8.0.0.0, Culture=neutral, PublicKeyToken=7cec85d7bea7798e]]'.
2026-04-14 17:26:53.715 +07:00 [INF] Executed action ThucLuc.Api.Controllers.V1.DaoTaoHocVienController.GetAll (ThucLuc.Api) in 3.3402ms
2026-04-14 17:26:53.716 +07:00 [INF] Executed endpoint 'ThucLuc.Api.Controllers.V1.DaoTaoHocVienController.GetAll (ThucLuc.Api)'
2026-04-14 17:26:53.718 +07:00 [INF] HTTP GET /api/v1/dao-tao-hoc-vien => 200 in 9.6308 ms CorrelationId=033d1ac0937645d2b5d28259a8f66377 UserId=5001
2026-04-14 17:26:53.719 +07:00 [INF] HTTP GET /api/v1/dao-tao-hoc-vien responded 200 in 11.0842 ms
2026-04-14 17:26:53.720 +07:00 [INF] Request finished HTTP/1.1 GET http://localhost:5283/api/v1/dao-tao-hoc-vien?kyCode=2026Q1 - 200 null application/json; charset=utf-8 15.202ms
2026-04-14 17:26:54.497 +07:00 [INF] Request starting HTTP/1.1 GET http://localhost:5283/api/v1/don-vi/2001 - null null
2026-04-14 17:26:54.499 +07:00 [INF] CORS policy execution successful.
2026-04-14 17:26:54.499 +07:00 [INF] Executing endpoint 'ThucLuc.Api.Controllers.V1.DonViController.GetById (ThucLuc.Api)'
2026-04-14 17:26:54.500 +07:00 [INF] Route matched with {action = "GetById", controller = "DonVi"}. Executing controller action with signature System.Threading.Tasks.Task`1[Microsoft.AspNetCore.Mvc.ActionResult`1[ThucLuc.Api.Common.Models.ApiResponse`1[ThucLuc.Application.Features.DonVi.DonViDto]]] GetById(Int64, System.Threading.CancellationToken) on controller ThucLuc.Api.Controllers.V1.DonViController (ThucLuc.Api).
2026-04-14 17:26:54.503 +07:00 [INF] Executing OkObjectResult, writing value of type 'ThucLuc.Api.Common.Models.ApiResponse`1[[ThucLuc.Application.Features.DonVi.DonViDto, ThucLuc.Application, Version=1.0.0.0, Culture=neutral, PublicKeyToken=null]]'.
2026-04-14 17:26:54.503 +07:00 [INF] Executed action ThucLuc.Api.Controllers.V1.DonViController.GetById (ThucLuc.Api) in 2.2752ms
2026-04-14 17:26:54.504 +07:00 [INF] Executed endpoint 'ThucLuc.Api.Controllers.V1.DonViController.GetById (ThucLuc.Api)'
2026-04-14 17:26:54.505 +07:00 [INF] Request starting HTTP/1.1 OPTIONS http://localhost:5283/api/v1/mau-bao-cao?includeInactive=true - null null
2026-04-14 17:26:54.505 +07:00 [INF] HTTP GET /api/v1/don-vi/2001 => 200 in 6.3888 ms CorrelationId=4cdd0963bed64e71bbe243e282a4ec36 UserId=5001
2026-04-14 17:26:54.505 +07:00 [INF] Request starting HTTP/1.1 OPTIONS http://localhost:5283/api/v1/mau-bao-cao/module-catalog - null null
2026-04-14 17:26:54.508 +07:00 [INF] CORS policy execution successful.
2026-04-14 17:26:54.509 +07:00 [INF] HTTP GET /api/v1/don-vi/2001 responded 200 in 9.9626 ms
2026-04-14 17:26:54.510 +07:00 [INF] CORS policy execution successful.
2026-04-14 17:26:54.510 +07:00 [INF] HTTP OPTIONS /api/v1/mau-bao-cao => 204 in 2.3953 ms CorrelationId=da5090c938a746a7bd7f8d95ba37e58b UserId=anonymous
2026-04-14 17:26:54.511 +07:00 [INF] Request finished HTTP/1.1 GET http://localhost:5283/api/v1/don-vi/2001 - 200 null application/json; charset=utf-8 13.8224ms
2026-04-14 17:26:54.511 +07:00 [INF] HTTP OPTIONS /api/v1/mau-bao-cao/module-catalog => 204 in 1.4705 ms CorrelationId=2713d30e34ad45f693c860922fec0211 UserId=anonymous
2026-04-14 17:26:54.512 +07:00 [INF] HTTP OPTIONS /api/v1/mau-bao-cao responded 204 in 4.8308 ms
2026-04-14 17:26:54.515 +07:00 [INF] HTTP OPTIONS /api/v1/mau-bao-cao/module-catalog responded 204 in 5.3261 ms
2026-04-14 17:26:54.516 +07:00 [INF] Request finished HTTP/1.1 OPTIONS http://localhost:5283/api/v1/mau-bao-cao?includeInactive=true - 204 null null 11.0811ms
2026-04-14 17:26:54.517 +07:00 [INF] Request finished HTTP/1.1 OPTIONS http://localhost:5283/api/v1/mau-bao-cao/module-catalog - 204 null null 11.2567ms
2026-04-14 17:26:54.518 +07:00 [INF] Request starting HTTP/1.1 GET http://localhost:5283/api/v1/mau-bao-cao?includeInactive=true - null null
2026-04-14 17:26:54.520 +07:00 [INF] Request starting HTTP/1.1 GET http://localhost:5283/api/v1/mau-bao-cao/module-catalog - null null
2026-04-14 17:26:54.521 +07:00 [INF] CORS policy execution successful.
2026-04-14 17:26:54.524 +07:00 [INF] CORS policy execution successful.
2026-04-14 17:26:54.525 +07:00 [INF] Executing endpoint 'ThucLuc.Api.Controllers.V1.MauBaoCaoController.GetAll (ThucLuc.Api)'
2026-04-14 17:26:54.525 +07:00 [INF] Executing endpoint 'ThucLuc.Api.Controllers.V1.MauBaoCaoController.GetModuleCatalog (ThucLuc.Api)'
2026-04-14 17:26:54.526 +07:00 [INF] Route matched with {action = "GetAll", controller = "MauBaoCao"}. Executing controller action with signature System.Threading.Tasks.Task`1[Microsoft.AspNetCore.Mvc.ActionResult`1[ThucLuc.Api.Common.Models.ApiResponse`1[System.Collections.Generic.IReadOnlyCollection`1[ThucLuc.Application.Features.MauBaoCao.MauBaoCaoDto]]]] GetAll(Boolean, System.Threading.CancellationToken) on controller ThucLuc.Api.Controllers.V1.MauBaoCaoController (ThucLuc.Api).
2026-04-14 17:26:54.527 +07:00 [INF] Route matched with {action = "GetModuleCatalog", controller = "MauBaoCao"}. Executing controller action with signature System.Threading.Tasks.Task`1[Microsoft.AspNetCore.Mvc.ActionResult`1[ThucLuc.Api.Common.Models.ApiResponse`1[System.Collections.Generic.IReadOnlyCollection`1[ThucLuc.Application.Features.MauBaoCao.MauBaoCaoModuleCatalogGroupDto]]]] GetModuleCatalog(System.Threading.CancellationToken) on controller ThucLuc.Api.Controllers.V1.MauBaoCaoController (ThucLuc.Api).
2026-04-14 17:26:54.530 +07:00 [INF] Executing OkObjectResult, writing value of type 'ThucLuc.Api.Common.Models.ApiResponse`1[[System.Collections.Generic.IReadOnlyCollection`1[[ThucLuc.Application.Features.MauBaoCao.MauBaoCaoModuleCatalogGroupDto, ThucLuc.Application, Version=1.0.0.0, Culture=neutral, PublicKeyToken=null]], System.Private.CoreLib, Version=8.0.0.0, Culture=neutral, PublicKeyToken=7cec85d7bea7798e]]'.
2026-04-14 17:26:54.531 +07:00 [INF] Executed action ThucLuc.Api.Controllers.V1.MauBaoCaoController.GetModuleCatalog (ThucLuc.Api) in 1.0759ms
2026-04-14 17:26:54.532 +07:00 [INF] Executed endpoint 'ThucLuc.Api.Controllers.V1.MauBaoCaoController.GetModuleCatalog (ThucLuc.Api)'
2026-04-14 17:26:54.533 +07:00 [INF] HTTP GET /api/v1/mau-bao-cao/module-catalog => 200 in 8.9078 ms CorrelationId=b2c2b8b2c6d8478eb7aad35d3d485452 UserId=5001
2026-04-14 17:26:54.533 +07:00 [INF] Executing OkObjectResult, writing value of type 'ThucLuc.Api.Common.Models.ApiResponse`1[[System.Collections.Generic.IReadOnlyCollection`1[[ThucLuc.Application.Features.MauBaoCao.MauBaoCaoDto, ThucLuc.Application, Version=1.0.0.0, Culture=neutral, PublicKeyToken=null]], System.Private.CoreLib, Version=8.0.0.0, Culture=neutral, PublicKeyToken=7cec85d7bea7798e]]'.
2026-04-14 17:26:54.534 +07:00 [INF] HTTP GET /api/v1/mau-bao-cao/module-catalog responded 200 in 9.9747 ms
2026-04-14 17:26:54.535 +07:00 [INF] Executed action ThucLuc.Api.Controllers.V1.MauBaoCaoController.GetAll (ThucLuc.Api) in 5.9006ms
2026-04-14 17:26:54.536 +07:00 [INF] Request finished HTTP/1.1 GET http://localhost:5283/api/v1/mau-bao-cao/module-catalog - 200 null application/json; charset=utf-8 15.956ms
2026-04-14 17:26:54.536 +07:00 [INF] Executed endpoint 'ThucLuc.Api.Controllers.V1.MauBaoCaoController.GetAll (ThucLuc.Api)'
2026-04-14 17:26:54.539 +07:00 [INF] HTTP GET /api/v1/mau-bao-cao => 200 in 17.3487 ms CorrelationId=9638230fb8d744f1aa7081949e404f60 UserId=5001
2026-04-14 17:26:54.540 +07:00 [INF] HTTP GET /api/v1/mau-bao-cao responded 200 in 19.0401 ms
2026-04-14 17:26:54.541 +07:00 [INF] Request finished HTTP/1.1 GET http://localhost:5283/api/v1/mau-bao-cao?includeInactive=true - 200 null application/json; charset=utf-8 22.9889ms
2026-04-14 17:26:58.951 +07:00 [INF] Request starting HTTP/1.1 OPTIONS http://localhost:5283/api/v1/don-vi/2001 - null null
2026-04-14 17:26:58.953 +07:00 [INF] CORS policy execution successful.
2026-04-14 17:26:58.953 +07:00 [INF] HTTP OPTIONS /api/v1/don-vi/2001 => 204 in 0.4334 ms CorrelationId=ff35a38e4f374a3cb13550713cb4ffff UserId=anonymous
2026-04-14 17:26:58.954 +07:00 [INF] Request starting HTTP/1.1 OPTIONS http://localhost:5283/api/v1/codes/by-code/NOI_DUNG_DAO_TAO_HV - null null
2026-04-14 17:26:58.954 +07:00 [INF] HTTP OPTIONS /api/v1/don-vi/2001 responded 204 in 1.7267 ms
2026-04-14 17:26:58.956 +07:00 [INF] CORS policy execution successful.
2026-04-14 17:26:58.958 +07:00 [INF] Request finished HTTP/1.1 OPTIONS http://localhost:5283/api/v1/don-vi/2001 - 204 null null 6.7735ms
2026-04-14 17:26:58.959 +07:00 [INF] HTTP OPTIONS /api/v1/codes/by-code/NOI_DUNG_DAO_TAO_HV => 204 in 2.5904 ms CorrelationId=780ac8e4157c402f93acbda8281637cd UserId=anonymous
2026-04-14 17:26:58.961 +07:00 [INF] Request starting HTTP/1.1 GET http://localhost:5283/api/v1/don-vi/2001 - null null
2026-04-14 17:26:58.962 +07:00 [INF] HTTP OPTIONS /api/v1/codes/by-code/NOI_DUNG_DAO_TAO_HV responded 204 in 5.9189 ms
2026-04-14 17:26:58.964 +07:00 [INF] CORS policy execution successful.
2026-04-14 17:26:58.965 +07:00 [INF] Request finished HTTP/1.1 OPTIONS http://localhost:5283/api/v1/codes/by-code/NOI_DUNG_DAO_TAO_HV - 204 null null 10.9249ms
2026-04-14 17:26:58.965 +07:00 [INF] Executing endpoint 'ThucLuc.Api.Controllers.V1.DonViController.GetById (ThucLuc.Api)'
2026-04-14 17:26:58.966 +07:00 [INF] Request starting HTTP/1.1 GET http://localhost:5283/api/v1/codes/by-code/NOI_DUNG_DAO_TAO_HV - null null
2026-04-14 17:26:58.968 +07:00 [INF] Route matched with {action = "GetById", controller = "DonVi"}. Executing controller action with signature System.Threading.Tasks.Task`1[Microsoft.AspNetCore.Mvc.ActionResult`1[ThucLuc.Api.Common.Models.ApiResponse`1[ThucLuc.Application.Features.DonVi.DonViDto]]] GetById(Int64, System.Threading.CancellationToken) on controller ThucLuc.Api.Controllers.V1.DonViController (ThucLuc.Api).
2026-04-14 17:26:58.969 +07:00 [INF] CORS policy execution successful.
2026-04-14 17:26:58.971 +07:00 [INF] Executing endpoint 'ThucLuc.Api.Controllers.V1.CodesController.GetByCode (ThucLuc.Api)'
2026-04-14 17:26:58.971 +07:00 [INF] Route matched with {action = "GetByCode", controller = "Codes"}. Executing controller action with signature System.Threading.Tasks.Task`1[Microsoft.AspNetCore.Mvc.ActionResult`1[ThucLuc.Api.Common.Models.ApiResponse`1[ThucLuc.Application.Features.Codes.CodeDto]]] GetByCode(System.String, System.Threading.CancellationToken) on controller ThucLuc.Api.Controllers.V1.CodesController (ThucLuc.Api).
2026-04-14 17:26:58.972 +07:00 [INF] Executing OkObjectResult, writing value of type 'ThucLuc.Api.Common.Models.ApiResponse`1[[ThucLuc.Application.Features.DonVi.DonViDto, ThucLuc.Application, Version=1.0.0.0, Culture=neutral, PublicKeyToken=null]]'.
2026-04-14 17:26:58.975 +07:00 [INF] Executed action ThucLuc.Api.Controllers.V1.DonViController.GetById (ThucLuc.Api) in 4.9302ms
2026-04-14 17:26:58.977 +07:00 [INF] Executed endpoint 'ThucLuc.Api.Controllers.V1.DonViController.GetById (ThucLuc.Api)'
2026-04-14 17:26:58.977 +07:00 [INF] Executing OkObjectResult, writing value of type 'ThucLuc.Api.Common.Models.ApiResponse`1[[ThucLuc.Application.Features.Codes.CodeDto, ThucLuc.Application, Version=1.0.0.0, Culture=neutral, PublicKeyToken=null]]'.
2026-04-14 17:26:58.977 +07:00 [INF] HTTP GET /api/v1/don-vi/2001 => 200 in 13.9433 ms CorrelationId=76eb36aac70d401ab62f41202614cec6 UserId=5001
2026-04-14 17:26:58.979 +07:00 [INF] Executed action ThucLuc.Api.Controllers.V1.CodesController.GetByCode (ThucLuc.Api) in 4.7295ms
2026-04-14 17:26:58.980 +07:00 [INF] HTTP GET /api/v1/don-vi/2001 responded 200 in 16.5483 ms
2026-04-14 17:26:58.981 +07:00 [INF] Executed endpoint 'ThucLuc.Api.Controllers.V1.CodesController.GetByCode (ThucLuc.Api)'
2026-04-14 17:26:58.982 +07:00 [INF] Request finished HTTP/1.1 GET http://localhost:5283/api/v1/don-vi/2001 - 200 null application/json; charset=utf-8 20.9899ms
2026-04-14 17:26:58.983 +07:00 [INF] HTTP GET /api/v1/codes/by-code/NOI_DUNG_DAO_TAO_HV => 200 in 13.6838 ms CorrelationId=5c1885d385574f7f8d120a818e4ed600 UserId=5001
2026-04-14 17:26:58.987 +07:00 [INF] HTTP GET /api/v1/codes/by-code/NOI_DUNG_DAO_TAO_HV responded 200 in 17.8647 ms
2026-04-14 17:26:58.988 +07:00 [INF] Request finished HTTP/1.1 GET http://localhost:5283/api/v1/codes/by-code/NOI_DUNG_DAO_TAO_HV - 200 null application/json; charset=utf-8 21.5524ms
2026-04-14 17:26:58.992 +07:00 [INF] Request starting HTTP/1.1 OPTIONS http://localhost:5283/api/v1/dao-tao-hoc-vien?kyCode=2026Q1 - null null
2026-04-14 17:26:58.994 +07:00 [INF] CORS policy execution successful.
2026-04-14 17:26:58.995 +07:00 [INF] HTTP OPTIONS /api/v1/dao-tao-hoc-vien => 204 in 0.6434 ms CorrelationId=e855dcfe158844f4ae0f20f9c1e6daae UserId=anonymous
2026-04-14 17:26:58.996 +07:00 [INF] HTTP OPTIONS /api/v1/dao-tao-hoc-vien responded 204 in 1.9450 ms
2026-04-14 17:26:58.998 +07:00 [INF] Request finished HTTP/1.1 OPTIONS http://localhost:5283/api/v1/dao-tao-hoc-vien?kyCode=2026Q1 - 204 null null 5.4644ms
2026-04-14 17:26:59.000 +07:00 [INF] Request starting HTTP/1.1 GET http://localhost:5283/api/v1/dao-tao-hoc-vien?kyCode=2026Q1 - null null
2026-04-14 17:26:59.002 +07:00 [INF] CORS policy execution successful.
2026-04-14 17:26:59.002 +07:00 [INF] Executing endpoint 'ThucLuc.Api.Controllers.V1.DaoTaoHocVienController.GetAll (ThucLuc.Api)'
2026-04-14 17:26:59.003 +07:00 [INF] Route matched with {action = "GetAll", controller = "DaoTaoHocVien"}. Executing controller action with signature System.Threading.Tasks.Task`1[Microsoft.AspNetCore.Mvc.ActionResult`1[ThucLuc.Api.Common.Models.ApiResponse`1[System.Collections.Generic.IReadOnlyCollection`1[ThucLuc.Application.Features.DaoTaoHocVien.DaoTaoHocVienDto]]]] GetAll(System.Nullable`1[System.Int32], System.Threading.CancellationToken) on controller ThucLuc.Api.Controllers.V1.DaoTaoHocVienController (ThucLuc.Api).
2026-04-14 17:26:59.007 +07:00 [INF] Executing OkObjectResult, writing value of type 'ThucLuc.Api.Common.Models.ApiResponse`1[[System.Collections.Generic.IReadOnlyCollection`1[[ThucLuc.Application.Features.DaoTaoHocVien.DaoTaoHocVienDto, ThucLuc.Application, Version=1.0.0.0, Culture=neutral, PublicKeyToken=null]], System.Private.CoreLib, Version=8.0.0.0, Culture=neutral, PublicKeyToken=7cec85d7bea7798e]]'.
2026-04-14 17:26:59.008 +07:00 [INF] Executed action ThucLuc.Api.Controllers.V1.DaoTaoHocVienController.GetAll (ThucLuc.Api) in 3.5703ms
2026-04-14 17:26:59.009 +07:00 [INF] Executed endpoint 'ThucLuc.Api.Controllers.V1.DaoTaoHocVienController.GetAll (ThucLuc.Api)'
2026-04-14 17:26:59.010 +07:00 [INF] HTTP GET /api/v1/dao-tao-hoc-vien => 200 in 8.3706 ms CorrelationId=9f9302a4904d4614a274da2e83935e87 UserId=5001
2026-04-14 17:26:59.011 +07:00 [INF] HTTP GET /api/v1/dao-tao-hoc-vien responded 200 in 9.7242 ms
2026-04-14 17:26:59.013 +07:00 [INF] Request finished HTTP/1.1 GET http://localhost:5283/api/v1/dao-tao-hoc-vien?kyCode=2026Q1 - 200 null application/json; charset=utf-8 12.416ms
2026-04-14 17:26:59.497 +07:00 [INF] Request starting HTTP/1.1 GET http://localhost:5283/api/v1/don-vi/2001 - null null
2026-04-14 17:26:59.499 +07:00 [INF] CORS policy execution successful.
2026-04-14 17:26:59.499 +07:00 [INF] Executing endpoint 'ThucLuc.Api.Controllers.V1.DonViController.GetById (ThucLuc.Api)'
2026-04-14 17:26:59.500 +07:00 [INF] Route matched with {action = "GetById", controller = "DonVi"}. Executing controller action with signature System.Threading.Tasks.Task`1[Microsoft.AspNetCore.Mvc.ActionResult`1[ThucLuc.Api.Common.Models.ApiResponse`1[ThucLuc.Application.Features.DonVi.DonViDto]]] GetById(Int64, System.Threading.CancellationToken) on controller ThucLuc.Api.Controllers.V1.DonViController (ThucLuc.Api).
2026-04-14 17:26:59.500 +07:00 [INF] Request starting HTTP/1.1 GET http://localhost:5283/api/v1/mau-bao-cao?includeInactive=true - null null
2026-04-14 17:26:59.501 +07:00 [INF] Request starting HTTP/1.1 GET http://localhost:5283/api/v1/mau-bao-cao/module-catalog - null null
2026-04-14 17:26:59.503 +07:00 [INF] CORS policy execution successful.
2026-04-14 17:26:59.503 +07:00 [INF] Executing OkObjectResult, writing value of type 'ThucLuc.Api.Common.Models.ApiResponse`1[[ThucLuc.Application.Features.DonVi.DonViDto, ThucLuc.Application, Version=1.0.0.0, Culture=neutral, PublicKeyToken=null]]'.
2026-04-14 17:26:59.505 +07:00 [INF] CORS policy execution successful.
2026-04-14 17:26:59.506 +07:00 [INF] Executing endpoint 'ThucLuc.Api.Controllers.V1.MauBaoCaoController.GetAll (ThucLuc.Api)'
2026-04-14 17:26:59.507 +07:00 [INF] Executed action ThucLuc.Api.Controllers.V1.DonViController.GetById (ThucLuc.Api) in 5.622ms
2026-04-14 17:26:59.508 +07:00 [INF] Executing endpoint 'ThucLuc.Api.Controllers.V1.MauBaoCaoController.GetModuleCatalog (ThucLuc.Api)'
2026-04-14 17:26:59.509 +07:00 [INF] Route matched with {action = "GetAll", controller = "MauBaoCao"}. Executing controller action with signature System.Threading.Tasks.Task`1[Microsoft.AspNetCore.Mvc.ActionResult`1[ThucLuc.Api.Common.Models.ApiResponse`1[System.Collections.Generic.IReadOnlyCollection`1[ThucLuc.Application.Features.MauBaoCao.MauBaoCaoDto]]]] GetAll(Boolean, System.Threading.CancellationToken) on controller ThucLuc.Api.Controllers.V1.MauBaoCaoController (ThucLuc.Api).
2026-04-14 17:26:59.510 +07:00 [INF] Executed endpoint 'ThucLuc.Api.Controllers.V1.DonViController.GetById (ThucLuc.Api)'
2026-04-14 17:26:59.510 +07:00 [INF] Route matched with {action = "GetModuleCatalog", controller = "MauBaoCao"}. Executing controller action with signature System.Threading.Tasks.Task`1[Microsoft.AspNetCore.Mvc.ActionResult`1[ThucLuc.Api.Common.Models.ApiResponse`1[System.Collections.Generic.IReadOnlyCollection`1[ThucLuc.Application.Features.MauBaoCao.MauBaoCaoModuleCatalogGroupDto]]]] GetModuleCatalog(System.Threading.CancellationToken) on controller ThucLuc.Api.Controllers.V1.MauBaoCaoController (ThucLuc.Api).
2026-04-14 17:26:59.513 +07:00 [INF] HTTP GET /api/v1/don-vi/2001 => 200 in 14.0509 ms CorrelationId=5f1d531fe97644be8705e9a66b156dd1 UserId=5001
2026-04-14 17:26:59.514 +07:00 [INF] Executing OkObjectResult, writing value of type 'ThucLuc.Api.Common.Models.ApiResponse`1[[System.Collections.Generic.IReadOnlyCollection`1[[ThucLuc.Application.Features.MauBaoCao.MauBaoCaoModuleCatalogGroupDto, ThucLuc.Application, Version=1.0.0.0, Culture=neutral, PublicKeyToken=null]], System.Private.CoreLib, Version=8.0.0.0, Culture=neutral, PublicKeyToken=7cec85d7bea7798e]]'.
2026-04-14 17:26:59.516 +07:00 [INF] HTTP GET /api/v1/don-vi/2001 responded 200 in 17.0136 ms
2026-04-14 17:26:59.519 +07:00 [INF] Executing OkObjectResult, writing value of type 'ThucLuc.Api.Common.Models.ApiResponse`1[[System.Collections.Generic.IReadOnlyCollection`1[[ThucLuc.Application.Features.MauBaoCao.MauBaoCaoDto, ThucLuc.Application, Version=1.0.0.0, Culture=neutral, PublicKeyToken=null]], System.Private.CoreLib, Version=8.0.0.0, Culture=neutral, PublicKeyToken=7cec85d7bea7798e]]'.
2026-04-14 17:26:59.520 +07:00 [INF] Executed action ThucLuc.Api.Controllers.V1.MauBaoCaoController.GetModuleCatalog (ThucLuc.Api) in 5.4229ms
2026-04-14 17:26:59.521 +07:00 [INF] Request finished HTTP/1.1 GET http://localhost:5283/api/v1/don-vi/2001 - 200 null application/json; charset=utf-8 24.3341ms
2026-04-14 17:26:59.522 +07:00 [INF] Executed action ThucLuc.Api.Controllers.V1.MauBaoCaoController.GetAll (ThucLuc.Api) in 10.899ms
2026-04-14 17:26:59.524 +07:00 [INF] Executed endpoint 'ThucLuc.Api.Controllers.V1.MauBaoCaoController.GetModuleCatalog (ThucLuc.Api)'
2026-04-14 17:26:59.527 +07:00 [INF] Executed endpoint 'ThucLuc.Api.Controllers.V1.MauBaoCaoController.GetAll (ThucLuc.Api)'
2026-04-14 17:26:59.528 +07:00 [INF] HTTP GET /api/v1/mau-bao-cao/module-catalog => 200 in 22.7757 ms CorrelationId=d4f35b2487ed4ad796fd9d65edaa0f8b UserId=5001
2026-04-14 17:26:59.529 +07:00 [INF] HTTP GET /api/v1/mau-bao-cao => 200 in 25.2135 ms CorrelationId=8fc308fbc50a4ddaafda199cf58f2a6c UserId=5001
2026-04-14 17:26:59.531 +07:00 [INF] HTTP GET /api/v1/mau-bao-cao/module-catalog responded 200 in 25.9671 ms
2026-04-14 17:26:59.532 +07:00 [INF] HTTP GET /api/v1/mau-bao-cao responded 200 in 28.8327 ms
2026-04-14 17:26:59.534 +07:00 [INF] Request finished HTTP/1.1 GET http://localhost:5283/api/v1/mau-bao-cao/module-catalog - 200 null application/json; charset=utf-8 32.6918ms
2026-04-14 17:26:59.535 +07:00 [INF] Request finished HTTP/1.1 GET http://localhost:5283/api/v1/mau-bao-cao?includeInactive=true - 200 null application/json; charset=utf-8 34.1443ms
2026-04-14 17:27:04.478 +07:00 [INF] Request starting HTTP/1.1 OPTIONS http://localhost:5283/api/v1/don-vi/2001 - null null
2026-04-14 17:27:04.480 +07:00 [INF] CORS policy execution successful.
2026-04-14 17:27:04.480 +07:00 [INF] HTTP OPTIONS /api/v1/don-vi/2001 => 204 in 0.5389 ms CorrelationId=16bf74e8add1455fb9f99702d05e62ad UserId=anonymous
2026-04-14 17:27:04.481 +07:00 [INF] Request starting HTTP/1.1 OPTIONS http://localhost:5283/api/v1/codes/by-code/NOI_DUNG_DAO_TAO_HV - null null
2026-04-14 17:27:04.482 +07:00 [INF] HTTP OPTIONS /api/v1/don-vi/2001 responded 204 in 2.1970 ms
2026-04-14 17:27:04.484 +07:00 [INF] CORS policy execution successful.
2026-04-14 17:27:04.485 +07:00 [INF] Request finished HTTP/1.1 OPTIONS http://localhost:5283/api/v1/don-vi/2001 - 204 null null 7.1177ms
2026-04-14 17:27:04.486 +07:00 [INF] HTTP OPTIONS /api/v1/codes/by-code/NOI_DUNG_DAO_TAO_HV => 204 in 2.1046 ms CorrelationId=20f0005c0d5945ae93b492c5da3ade89 UserId=anonymous
2026-04-14 17:27:04.488 +07:00 [INF] Request starting HTTP/1.1 GET http://localhost:5283/api/v1/don-vi/2001 - null null
2026-04-14 17:27:04.490 +07:00 [INF] HTTP OPTIONS /api/v1/codes/by-code/NOI_DUNG_DAO_TAO_HV responded 204 in 6.5258 ms
2026-04-14 17:27:04.493 +07:00 [INF] CORS policy execution successful.
2026-04-14 17:27:04.494 +07:00 [INF] Request finished HTTP/1.1 OPTIONS http://localhost:5283/api/v1/codes/by-code/NOI_DUNG_DAO_TAO_HV - 204 null null 13.9184ms
2026-04-14 17:27:04.496 +07:00 [INF] Executing endpoint 'ThucLuc.Api.Controllers.V1.DonViController.GetById (ThucLuc.Api)'
2026-04-14 17:27:04.498 +07:00 [INF] Request starting HTTP/1.1 GET http://localhost:5283/api/v1/codes/by-code/NOI_DUNG_DAO_TAO_HV - null null
2026-04-14 17:27:04.498 +07:00 [INF] Route matched with {action = "GetById", controller = "DonVi"}. Executing controller action with signature System.Threading.Tasks.Task`1[Microsoft.AspNetCore.Mvc.ActionResult`1[ThucLuc.Api.Common.Models.ApiResponse`1[ThucLuc.Application.Features.DonVi.DonViDto]]] GetById(Int64, System.Threading.CancellationToken) on controller ThucLuc.Api.Controllers.V1.DonViController (ThucLuc.Api).
2026-04-14 17:27:04.500 +07:00 [INF] CORS policy execution successful.
2026-04-14 17:27:04.502 +07:00 [INF] Executing endpoint 'ThucLuc.Api.Controllers.V1.CodesController.GetByCode (ThucLuc.Api)'
2026-04-14 17:27:04.503 +07:00 [INF] Route matched with {action = "GetByCode", controller = "Codes"}. Executing controller action with signature System.Threading.Tasks.Task`1[Microsoft.AspNetCore.Mvc.ActionResult`1[ThucLuc.Api.Common.Models.ApiResponse`1[ThucLuc.Application.Features.Codes.CodeDto]]] GetByCode(System.String, System.Threading.CancellationToken) on controller ThucLuc.Api.Controllers.V1.CodesController (ThucLuc.Api).
2026-04-14 17:27:04.503 +07:00 [INF] Executing OkObjectResult, writing value of type 'ThucLuc.Api.Common.Models.ApiResponse`1[[ThucLuc.Application.Features.DonVi.DonViDto, ThucLuc.Application, Version=1.0.0.0, Culture=neutral, PublicKeyToken=null]]'.
2026-04-14 17:27:04.506 +07:00 [INF] Executed action ThucLuc.Api.Controllers.V1.DonViController.GetById (ThucLuc.Api) in 5.1565ms
2026-04-14 17:27:04.508 +07:00 [INF] Executing OkObjectResult, writing value of type 'ThucLuc.Api.Common.Models.ApiResponse`1[[ThucLuc.Application.Features.Codes.CodeDto, ThucLuc.Application, Version=1.0.0.0, Culture=neutral, PublicKeyToken=null]]'.
2026-04-14 17:27:04.508 +07:00 [INF] Request starting HTTP/1.1 GET http://localhost:5283/api/v1/don-vi/2001 - null null
2026-04-14 17:27:04.508 +07:00 [INF] Executed endpoint 'ThucLuc.Api.Controllers.V1.DonViController.GetById (ThucLuc.Api)'
2026-04-14 17:27:04.509 +07:00 [INF] Executed action ThucLuc.Api.Controllers.V1.CodesController.GetByCode (ThucLuc.Api) in 4.3629ms
2026-04-14 17:27:04.511 +07:00 [INF] CORS policy execution successful.
2026-04-14 17:27:04.512 +07:00 [INF] HTTP GET /api/v1/don-vi/2001 => 200 in 19.0385 ms CorrelationId=01bf04139b144fd7a288f710374b418f UserId=5001
2026-04-14 17:27:04.513 +07:00 [INF] Request starting HTTP/1.1 OPTIONS http://localhost:5283/api/v1/mau-bao-cao?includeInactive=true - null null
2026-04-14 17:27:04.513 +07:00 [INF] Request starting HTTP/1.1 OPTIONS http://localhost:5283/api/v1/mau-bao-cao/module-catalog - null null
2026-04-14 17:27:04.513 +07:00 [INF] Executed endpoint 'ThucLuc.Api.Controllers.V1.CodesController.GetByCode (ThucLuc.Api)'
2026-04-14 17:27:04.514 +07:00 [INF] Executing endpoint 'ThucLuc.Api.Controllers.V1.DonViController.GetById (ThucLuc.Api)'
2026-04-14 17:27:04.515 +07:00 [INF] HTTP GET /api/v1/don-vi/2001 responded 200 in 22.1716 ms
2026-04-14 17:27:04.516 +07:00 [INF] CORS policy execution successful.
2026-04-14 17:27:04.518 +07:00 [INF] CORS policy execution successful.
2026-04-14 17:27:04.518 +07:00 [INF] HTTP GET /api/v1/codes/by-code/NOI_DUNG_DAO_TAO_HV => 200 in 18.4696 ms CorrelationId=576ed52c9a5d4596a348e3c69faa2cb6 UserId=5001
2026-04-14 17:27:04.519 +07:00 [INF] Route matched with {action = "GetById", controller = "DonVi"}. Executing controller action with signature System.Threading.Tasks.Task`1[Microsoft.AspNetCore.Mvc.ActionResult`1[ThucLuc.Api.Common.Models.ApiResponse`1[ThucLuc.Application.Features.DonVi.DonViDto]]] GetById(Int64, System.Threading.CancellationToken) on controller ThucLuc.Api.Controllers.V1.DonViController (ThucLuc.Api).
2026-04-14 17:27:04.520 +07:00 [INF] Request finished HTTP/1.1 GET http://localhost:5283/api/v1/don-vi/2001 - 200 null application/json; charset=utf-8 32.1601ms
2026-04-14 17:27:04.521 +07:00 [INF] HTTP OPTIONS /api/v1/mau-bao-cao => 204 in 4.1812 ms CorrelationId=08da95129be4453fa13916ad01ac5890 UserId=anonymous
2026-04-14 17:27:04.521 +07:00 [INF] HTTP OPTIONS /api/v1/mau-bao-cao/module-catalog => 204 in 3.7206 ms CorrelationId=b386f23aa37f44ab99fa6a270459e93d UserId=anonymous
2026-04-14 17:27:04.524 +07:00 [INF] HTTP GET /api/v1/codes/by-code/NOI_DUNG_DAO_TAO_HV responded 200 in 24.6441 ms
2026-04-14 17:27:04.528 +07:00 [INF] Executing OkObjectResult, writing value of type 'ThucLuc.Api.Common.Models.ApiResponse`1[[ThucLuc.Application.Features.DonVi.DonViDto, ThucLuc.Application, Version=1.0.0.0, Culture=neutral, PublicKeyToken=null]]'.
2026-04-14 17:27:04.529 +07:00 [INF] HTTP OPTIONS /api/v1/mau-bao-cao responded 204 in 12.8625 ms
2026-04-14 17:27:04.530 +07:00 [INF] HTTP OPTIONS /api/v1/mau-bao-cao/module-catalog responded 204 in 12.6898 ms
2026-04-14 17:27:04.531 +07:00 [INF] Request finished HTTP/1.1 GET http://localhost:5283/api/v1/codes/by-code/NOI_DUNG_DAO_TAO_HV - 200 null application/json; charset=utf-8 33.8732ms
2026-04-14 17:27:04.532 +07:00 [INF] Executed action ThucLuc.Api.Controllers.V1.DonViController.GetById (ThucLuc.Api) in 6.1989ms
2026-04-14 17:27:04.533 +07:00 [INF] Request finished HTTP/1.1 OPTIONS http://localhost:5283/api/v1/mau-bao-cao?includeInactive=true - 204 null null 20.7789ms
2026-04-14 17:27:04.534 +07:00 [INF] Request finished HTTP/1.1 OPTIONS http://localhost:5283/api/v1/mau-bao-cao/module-catalog - 204 null null 21.6854ms
2026-04-14 17:27:04.537 +07:00 [INF] Request starting HTTP/1.1 OPTIONS http://localhost:5283/api/v1/dao-tao-hoc-vien?kyCode=2026Q1 - null null
2026-04-14 17:27:04.537 +07:00 [INF] Executed endpoint 'ThucLuc.Api.Controllers.V1.DonViController.GetById (ThucLuc.Api)'
2026-04-14 17:27:04.540 +07:00 [INF] Request starting HTTP/1.1 GET http://localhost:5283/api/v1/mau-bao-cao?includeInactive=true - null null
2026-04-14 17:27:04.543 +07:00 [INF] Request starting HTTP/1.1 GET http://localhost:5283/api/v1/mau-bao-cao/module-catalog - null null
2026-04-14 17:27:04.545 +07:00 [INF] CORS policy execution successful.
2026-04-14 17:27:04.545 +07:00 [INF] HTTP GET /api/v1/don-vi/2001 => 200 in 34.2938 ms CorrelationId=552529f2ba274036887da18f404cd669 UserId=5001
2026-04-14 17:27:04.547 +07:00 [INF] CORS policy execution successful.
2026-04-14 17:27:04.548 +07:00 [INF] CORS policy execution successful.
2026-04-14 17:27:04.549 +07:00 [INF] HTTP OPTIONS /api/v1/dao-tao-hoc-vien => 204 in 4.4269 ms CorrelationId=49f0928a44ba46549e0ad04dccd3a12e UserId=anonymous
2026-04-14 17:27:04.550 +07:00 [INF] HTTP GET /api/v1/don-vi/2001 responded 200 in 39.2848 ms
2026-04-14 17:27:04.551 +07:00 [INF] Executing endpoint 'ThucLuc.Api.Controllers.V1.MauBaoCaoController.GetAll (ThucLuc.Api)'
2026-04-14 17:27:04.551 +07:00 [INF] Executing endpoint 'ThucLuc.Api.Controllers.V1.MauBaoCaoController.GetModuleCatalog (ThucLuc.Api)'
2026-04-14 17:27:04.553 +07:00 [INF] HTTP OPTIONS /api/v1/dao-tao-hoc-vien responded 204 in 8.4578 ms
2026-04-14 17:27:04.554 +07:00 [INF] Request finished HTTP/1.1 GET http://localhost:5283/api/v1/don-vi/2001 - 200 null application/json; charset=utf-8 46.1743ms
2026-04-14 17:27:04.555 +07:00 [INF] Route matched with {action = "GetAll", controller = "MauBaoCao"}. Executing controller action with signature System.Threading.Tasks.Task`1[Microsoft.AspNetCore.Mvc.ActionResult`1[ThucLuc.Api.Common.Models.ApiResponse`1[System.Collections.Generic.IReadOnlyCollection`1[ThucLuc.Application.Features.MauBaoCao.MauBaoCaoDto]]]] GetAll(Boolean, System.Threading.CancellationToken) on controller ThucLuc.Api.Controllers.V1.MauBaoCaoController (ThucLuc.Api).
2026-04-14 17:27:04.556 +07:00 [INF] Route matched with {action = "GetModuleCatalog", controller = "MauBaoCao"}. Executing controller action with signature System.Threading.Tasks.Task`1[Microsoft.AspNetCore.Mvc.ActionResult`1[ThucLuc.Api.Common.Models.ApiResponse`1[System.Collections.Generic.IReadOnlyCollection`1[ThucLuc.Application.Features.MauBaoCao.MauBaoCaoModuleCatalogGroupDto]]]] GetModuleCatalog(System.Threading.CancellationToken) on controller ThucLuc.Api.Controllers.V1.MauBaoCaoController (ThucLuc.Api).
2026-04-14 17:27:04.557 +07:00 [INF] Request finished HTTP/1.1 OPTIONS http://localhost:5283/api/v1/dao-tao-hoc-vien?kyCode=2026Q1 - 204 null null 20.8689ms
2026-04-14 17:27:04.563 +07:00 [INF] Executing OkObjectResult, writing value of type 'ThucLuc.Api.Common.Models.ApiResponse`1[[System.Collections.Generic.IReadOnlyCollection`1[[ThucLuc.Application.Features.MauBaoCao.MauBaoCaoModuleCatalogGroupDto, ThucLuc.Application, Version=1.0.0.0, Culture=neutral, PublicKeyToken=null]], System.Private.CoreLib, Version=8.0.0.0, Culture=neutral, PublicKeyToken=7cec85d7bea7798e]]'.
2026-04-14 17:27:04.565 +07:00 [INF] Request starting HTTP/1.1 GET http://localhost:5283/api/v1/dao-tao-hoc-vien?kyCode=2026Q1 - null null
2026-04-14 17:27:04.566 +07:00 [INF] Executed action ThucLuc.Api.Controllers.V1.MauBaoCaoController.GetModuleCatalog (ThucLuc.Api) in 2.8157ms
2026-04-14 17:27:04.566 +07:00 [INF] Executing OkObjectResult, writing value of type 'ThucLuc.Api.Common.Models.ApiResponse`1[[System.Collections.Generic.IReadOnlyCollection`1[[ThucLuc.Application.Features.MauBaoCao.MauBaoCaoDto, ThucLuc.Application, Version=1.0.0.0, Culture=neutral, PublicKeyToken=null]], System.Private.CoreLib, Version=8.0.0.0, Culture=neutral, PublicKeyToken=7cec85d7bea7798e]]'.
2026-04-14 17:27:04.567 +07:00 [INF] CORS policy execution successful.
2026-04-14 17:27:04.568 +07:00 [INF] Executed endpoint 'ThucLuc.Api.Controllers.V1.MauBaoCaoController.GetModuleCatalog (ThucLuc.Api)'
2026-04-14 17:27:04.569 +07:00 [INF] Executed action ThucLuc.Api.Controllers.V1.MauBaoCaoController.GetAll (ThucLuc.Api) in 7.8691ms
2026-04-14 17:27:04.569 +07:00 [INF] Executing endpoint 'ThucLuc.Api.Controllers.V1.DaoTaoHocVienController.GetAll (ThucLuc.Api)'
2026-04-14 17:27:04.570 +07:00 [INF] HTTP GET /api/v1/mau-bao-cao/module-catalog => 200 in 21.9691 ms CorrelationId=560a40b381654366a6b933c05a2475a8 UserId=5001
2026-04-14 17:27:04.571 +07:00 [INF] Executed endpoint 'ThucLuc.Api.Controllers.V1.MauBaoCaoController.GetAll (ThucLuc.Api)'
2026-04-14 17:27:04.573 +07:00 [INF] Route matched with {action = "GetAll", controller = "DaoTaoHocVien"}. Executing controller action with signature System.Threading.Tasks.Task`1[Microsoft.AspNetCore.Mvc.ActionResult`1[ThucLuc.Api.Common.Models.ApiResponse`1[System.Collections.Generic.IReadOnlyCollection`1[ThucLuc.Application.Features.DaoTaoHocVien.DaoTaoHocVienDto]]]] GetAll(System.Nullable`1[System.Int32], System.Threading.CancellationToken) on controller ThucLuc.Api.Controllers.V1.DaoTaoHocVienController (ThucLuc.Api).
2026-04-14 17:27:04.574 +07:00 [INF] HTTP GET /api/v1/mau-bao-cao/module-catalog responded 200 in 25.9270 ms
2026-04-14 17:27:04.575 +07:00 [INF] HTTP GET /api/v1/mau-bao-cao => 200 in 28.4203 ms CorrelationId=8728ebdca3d446718fdc29f6a219214d UserId=5001
2026-04-14 17:27:04.578 +07:00 [INF] Request finished HTTP/1.1 GET http://localhost:5283/api/v1/mau-bao-cao/module-catalog - 200 null application/json; charset=utf-8 35.202ms
2026-04-14 17:27:04.578 +07:00 [INF] Executing OkObjectResult, writing value of type 'ThucLuc.Api.Common.Models.ApiResponse`1[[System.Collections.Generic.IReadOnlyCollection`1[[ThucLuc.Application.Features.DaoTaoHocVien.DaoTaoHocVienDto, ThucLuc.Application, Version=1.0.0.0, Culture=neutral, PublicKeyToken=null]], System.Private.CoreLib, Version=8.0.0.0, Culture=neutral, PublicKeyToken=7cec85d7bea7798e]]'.
2026-04-14 17:27:04.580 +07:00 [INF] HTTP GET /api/v1/mau-bao-cao responded 200 in 33.3951 ms
2026-04-14 17:27:04.583 +07:00 [INF] Executed action ThucLuc.Api.Controllers.V1.DaoTaoHocVienController.GetAll (ThucLuc.Api) in 6.0666ms
2026-04-14 17:27:04.584 +07:00 [INF] Request finished HTTP/1.1 GET http://localhost:5283/api/v1/mau-bao-cao?includeInactive=true - 200 null application/json; charset=utf-8 43.4017ms
2026-04-14 17:27:04.585 +07:00 [INF] Executed endpoint 'ThucLuc.Api.Controllers.V1.DaoTaoHocVienController.GetAll (ThucLuc.Api)'
2026-04-14 17:27:04.587 +07:00 [INF] HTTP GET /api/v1/dao-tao-hoc-vien => 200 in 20.4859 ms CorrelationId=aec87d32dc7d48c6a8661bd83f071d03 UserId=5001
2026-04-14 17:27:04.589 +07:00 [INF] HTTP GET /api/v1/dao-tao-hoc-vien responded 200 in 22.3469 ms
2026-04-14 17:27:04.591 +07:00 [INF] Request finished HTTP/1.1 GET http://localhost:5283/api/v1/dao-tao-hoc-vien?kyCode=2026Q1 - 200 null application/json; charset=utf-8 25.9468ms
2026-04-14 17:27:19.179 +07:00 [INF] Request starting HTTP/1.1 OPTIONS http://localhost:5283/api/v1/don-vi/2001 - null null
2026-04-14 17:27:19.184 +07:00 [INF] Request starting HTTP/1.1 OPTIONS http://localhost:5283/api/v1/codes/by-code/NOI_DUNG_DAO_TAO_HV - null null
2026-04-14 17:27:19.218 +07:00 [INF] CORS policy execution successful.
2026-04-14 17:27:19.201 +07:00 [INF] CORS policy execution successful.
2026-04-14 17:27:19.221 +07:00 [INF] HTTP OPTIONS /api/v1/codes/by-code/NOI_DUNG_DAO_TAO_HV => 204 in 2.57 ms CorrelationId=7ed1a02dd4a047ac9c853263fdeeced4 UserId=anonymous
2026-04-14 17:27:19.233 +07:00 [INF] HTTP OPTIONS /api/v1/codes/by-code/NOI_DUNG_DAO_TAO_HV responded 204 in 15.2520 ms
2026-04-14 17:27:19.225 +07:00 [INF] HTTP OPTIONS /api/v1/don-vi/2001 => 204 in 24.3859 ms CorrelationId=64f45078a6b54d06b9f02b5489af5406 UserId=anonymous
2026-04-14 17:27:19.244 +07:00 [INF] Request finished HTTP/1.1 OPTIONS http://localhost:5283/api/v1/codes/by-code/NOI_DUNG_DAO_TAO_HV - 204 null null 60.1824ms
2026-04-14 17:27:19.262 +07:00 [INF] HTTP OPTIONS /api/v1/don-vi/2001 responded 204 in 60.8138 ms
2026-04-14 17:27:19.287 +07:00 [INF] Request starting HTTP/1.1 GET http://localhost:5283/api/v1/codes/by-code/NOI_DUNG_DAO_TAO_HV - null null
2026-04-14 17:27:19.294 +07:00 [INF] Request finished HTTP/1.1 OPTIONS http://localhost:5283/api/v1/don-vi/2001 - 204 null null 114.949ms
2026-04-14 17:27:19.302 +07:00 [INF] CORS policy execution successful.
2026-04-14 17:27:19.315 +07:00 [INF] Request starting HTTP/1.1 GET http://localhost:5283/api/v1/don-vi/2001 - null null
2026-04-14 17:27:19.316 +07:00 [INF] Executing endpoint 'ThucLuc.Api.Controllers.V1.CodesController.GetByCode (ThucLuc.Api)'
2026-04-14 17:27:19.324 +07:00 [INF] CORS policy execution successful.
2026-04-14 17:27:19.325 +07:00 [INF] Route matched with {action = "GetByCode", controller = "Codes"}. Executing controller action with signature System.Threading.Tasks.Task`1[Microsoft.AspNetCore.Mvc.ActionResult`1[ThucLuc.Api.Common.Models.ApiResponse`1[ThucLuc.Application.Features.Codes.CodeDto]]] GetByCode(System.String, System.Threading.CancellationToken) on controller ThucLuc.Api.Controllers.V1.CodesController (ThucLuc.Api).
2026-04-14 17:27:19.326 +07:00 [INF] Executing endpoint 'ThucLuc.Api.Controllers.V1.DonViController.GetById (ThucLuc.Api)'
2026-04-14 17:27:19.330 +07:00 [INF] Route matched with {action = "GetById", controller = "DonVi"}. Executing controller action with signature System.Threading.Tasks.Task`1[Microsoft.AspNetCore.Mvc.ActionResult`1[ThucLuc.Api.Common.Models.ApiResponse`1[ThucLuc.Application.Features.DonVi.DonViDto]]] GetById(Int64, System.Threading.CancellationToken) on controller ThucLuc.Api.Controllers.V1.DonViController (ThucLuc.Api).
2026-04-14 17:27:19.331 +07:00 [INF] Executing OkObjectResult, writing value of type 'ThucLuc.Api.Common.Models.ApiResponse`1[[ThucLuc.Application.Features.Codes.CodeDto, ThucLuc.Application, Version=1.0.0.0, Culture=neutral, PublicKeyToken=null]]'.
2026-04-14 17:27:19.333 +07:00 [INF] Executed action ThucLuc.Api.Controllers.V1.CodesController.GetByCode (ThucLuc.Api) in 5.88ms
2026-04-14 17:27:19.335 +07:00 [INF] Executed endpoint 'ThucLuc.Api.Controllers.V1.CodesController.GetByCode (ThucLuc.Api)'
2026-04-14 17:27:19.335 +07:00 [INF] Executing OkObjectResult, writing value of type 'ThucLuc.Api.Common.Models.ApiResponse`1[[ThucLuc.Application.Features.DonVi.DonViDto, ThucLuc.Application, Version=1.0.0.0, Culture=neutral, PublicKeyToken=null]]'.
2026-04-14 17:27:19.336 +07:00 [INF] HTTP GET /api/v1/codes/by-code/NOI_DUNG_DAO_TAO_HV => 200 in 34.1155 ms CorrelationId=2a78ff6fd4704bbc8bb2980fae6c4084 UserId=5001
2026-04-14 17:27:19.338 +07:00 [INF] Executed action ThucLuc.Api.Controllers.V1.DonViController.GetById (ThucLuc.Api) in 5.2632ms
2026-04-14 17:27:19.340 +07:00 [INF] HTTP GET /api/v1/codes/by-code/NOI_DUNG_DAO_TAO_HV responded 200 in 38.4892 ms
2026-04-14 17:27:19.342 +07:00 [INF] Executed endpoint 'ThucLuc.Api.Controllers.V1.DonViController.GetById (ThucLuc.Api)'
2026-04-14 17:27:19.344 +07:00 [INF] Request finished HTTP/1.1 GET http://localhost:5283/api/v1/codes/by-code/NOI_DUNG_DAO_TAO_HV - 200 null application/json; charset=utf-8 56.8105ms
2026-04-14 17:27:19.344 +07:00 [INF] HTTP GET /api/v1/don-vi/2001 => 200 in 20.003 ms CorrelationId=0708cbe49be44eda8b5dca46c3713510 UserId=5001
2026-04-14 17:27:19.347 +07:00 [INF] Request starting HTTP/1.1 OPTIONS http://localhost:5283/api/v1/dao-tao-hoc-vien?kyCode=2026Q1 - null null
2026-04-14 17:27:19.349 +07:00 [INF] HTTP GET /api/v1/don-vi/2001 responded 200 in 24.8962 ms
2026-04-14 17:27:19.352 +07:00 [INF] CORS policy execution successful.
2026-04-14 17:27:19.353 +07:00 [INF] Request finished HTTP/1.1 GET http://localhost:5283/api/v1/don-vi/2001 - 200 null application/json; charset=utf-8 37.9422ms
2026-04-14 17:27:19.354 +07:00 [INF] HTTP OPTIONS /api/v1/dao-tao-hoc-vien => 204 in 2.7168 ms CorrelationId=7dbf1a16d28d4da59bd858c6ac88d01d UserId=anonymous
2026-04-14 17:27:19.360 +07:00 [INF] HTTP OPTIONS /api/v1/dao-tao-hoc-vien responded 204 in 8.1710 ms
2026-04-14 17:27:19.361 +07:00 [INF] Request finished HTTP/1.1 OPTIONS http://localhost:5283/api/v1/dao-tao-hoc-vien?kyCode=2026Q1 - 204 null null 14.3062ms
2026-04-14 17:27:19.364 +07:00 [INF] Request starting HTTP/1.1 GET http://localhost:5283/api/v1/dao-tao-hoc-vien?kyCode=2026Q1 - null null
2026-04-14 17:27:19.367 +07:00 [INF] CORS policy execution successful.
2026-04-14 17:27:19.368 +07:00 [INF] Executing endpoint 'ThucLuc.Api.Controllers.V1.DaoTaoHocVienController.GetAll (ThucLuc.Api)'
2026-04-14 17:27:19.369 +07:00 [INF] Route matched with {action = "GetAll", controller = "DaoTaoHocVien"}. Executing controller action with signature System.Threading.Tasks.Task`1[Microsoft.AspNetCore.Mvc.ActionResult`1[ThucLuc.Api.Common.Models.ApiResponse`1[System.Collections.Generic.IReadOnlyCollection`1[ThucLuc.Application.Features.DaoTaoHocVien.DaoTaoHocVienDto]]]] GetAll(System.Nullable`1[System.Int32], System.Threading.CancellationToken) on controller ThucLuc.Api.Controllers.V1.DaoTaoHocVienController (ThucLuc.Api).
2026-04-14 17:27:19.375 +07:00 [INF] Executing OkObjectResult, writing value of type 'ThucLuc.Api.Common.Models.ApiResponse`1[[System.Collections.Generic.IReadOnlyCollection`1[[ThucLuc.Application.Features.DaoTaoHocVien.DaoTaoHocVienDto, ThucLuc.Application, Version=1.0.0.0, Culture=neutral, PublicKeyToken=null]], System.Private.CoreLib, Version=8.0.0.0, Culture=neutral, PublicKeyToken=7cec85d7bea7798e]]'.
2026-04-14 17:27:19.377 +07:00 [INF] Executed action ThucLuc.Api.Controllers.V1.DaoTaoHocVienController.GetAll (ThucLuc.Api) in 4.7028ms
2026-04-14 17:27:19.379 +07:00 [INF] Executed endpoint 'ThucLuc.Api.Controllers.V1.DaoTaoHocVienController.GetAll (ThucLuc.Api)'
2026-04-14 17:27:19.381 +07:00 [INF] HTTP GET /api/v1/dao-tao-hoc-vien => 200 in 14.2419 ms CorrelationId=c38eaf3e766b4bf487f84844deda1f6e UserId=5001
2026-04-14 17:27:19.383 +07:00 [INF] HTTP GET /api/v1/dao-tao-hoc-vien responded 200 in 16.5556 ms
2026-04-14 17:27:19.385 +07:00 [INF] Request finished HTTP/1.1 GET http://localhost:5283/api/v1/dao-tao-hoc-vien?kyCode=2026Q1 - 200 null application/json; charset=utf-8 20.6837ms
2026-04-14 17:27:19.494 +07:00 [INF] Request starting HTTP/1.1 GET http://localhost:5283/api/v1/don-vi/2001 - null null
2026-04-14 17:27:19.497 +07:00 [INF] CORS policy execution successful.
2026-04-14 17:27:19.498 +07:00 [INF] Executing endpoint 'ThucLuc.Api.Controllers.V1.DonViController.GetById (ThucLuc.Api)'
2026-04-14 17:27:19.499 +07:00 [INF] Route matched with {action = "GetById", controller = "DonVi"}. Executing controller action with signature System.Threading.Tasks.Task`1[Microsoft.AspNetCore.Mvc.ActionResult`1[ThucLuc.Api.Common.Models.ApiResponse`1[ThucLuc.Application.Features.DonVi.DonViDto]]] GetById(Int64, System.Threading.CancellationToken) on controller ThucLuc.Api.Controllers.V1.DonViController (ThucLuc.Api).
2026-04-14 17:27:19.501 +07:00 [INF] Request starting HTTP/1.1 OPTIONS http://localhost:5283/api/v1/mau-bao-cao?includeInactive=true - null null
2026-04-14 17:27:19.501 +07:00 [INF] Request starting HTTP/1.1 OPTIONS http://localhost:5283/api/v1/mau-bao-cao/module-catalog - null null
2026-04-14 17:27:19.503 +07:00 [INF] CORS policy execution successful.
2026-04-14 17:27:19.503 +07:00 [INF] Executing OkObjectResult, writing value of type 'ThucLuc.Api.Common.Models.ApiResponse`1[[ThucLuc.Application.Features.DonVi.DonViDto, ThucLuc.Application, Version=1.0.0.0, Culture=neutral, PublicKeyToken=null]]'.
2026-04-14 17:27:19.506 +07:00 [INF] CORS policy execution successful.
2026-04-14 17:27:19.507 +07:00 [INF] HTTP OPTIONS /api/v1/mau-bao-cao => 204 in 3.6183 ms CorrelationId=e5118dc768234e8496a39ea934324151 UserId=anonymous
2026-04-14 17:27:19.508 +07:00 [INF] Executed action ThucLuc.Api.Controllers.V1.DonViController.GetById (ThucLuc.Api) in 7.1352ms
2026-04-14 17:27:19.509 +07:00 [INF] HTTP OPTIONS /api/v1/mau-bao-cao/module-catalog => 204 in 2.8077 ms CorrelationId=1eb03ce030b8404194be2a9e304a3d73 UserId=anonymous
2026-04-14 17:27:19.510 +07:00 [INF] HTTP OPTIONS /api/v1/mau-bao-cao responded 204 in 7.3855 ms
2026-04-14 17:27:19.512 +07:00 [INF] Executed endpoint 'ThucLuc.Api.Controllers.V1.DonViController.GetById (ThucLuc.Api)'
2026-04-14 17:27:19.514 +07:00 [INF] HTTP OPTIONS /api/v1/mau-bao-cao/module-catalog responded 204 in 8.0052 ms
2026-04-14 17:27:19.515 +07:00 [INF] Request finished HTTP/1.1 OPTIONS http://localhost:5283/api/v1/mau-bao-cao?includeInactive=true - 204 null null 14.8351ms
2026-04-14 17:27:19.517 +07:00 [INF] HTTP GET /api/v1/don-vi/2001 => 200 in 19.8805 ms CorrelationId=801107d0534c40d797ecf2ca66fcb2ef UserId=5001
2026-04-14 17:27:19.518 +07:00 [INF] Request finished HTTP/1.1 OPTIONS http://localhost:5283/api/v1/mau-bao-cao/module-catalog - 204 null null 17.6593ms
2026-04-14 17:27:19.521 +07:00 [INF] Request starting HTTP/1.1 GET http://localhost:5283/api/v1/mau-bao-cao?includeInactive=true - null null
2026-04-14 17:27:19.524 +07:00 [INF] HTTP GET /api/v1/don-vi/2001 responded 200 in 27.1257 ms
2026-04-14 17:27:19.527 +07:00 [INF] Request starting HTTP/1.1 GET http://localhost:5283/api/v1/mau-bao-cao/module-catalog - null null
2026-04-14 17:27:19.530 +07:00 [INF] CORS policy execution successful.
2026-04-14 17:27:19.531 +07:00 [INF] Request finished HTTP/1.1 GET http://localhost:5283/api/v1/don-vi/2001 - 200 null application/json; charset=utf-8 36.3167ms
2026-04-14 17:27:19.533 +07:00 [INF] CORS policy execution successful.
2026-04-14 17:27:19.534 +07:00 [INF] Executing endpoint 'ThucLuc.Api.Controllers.V1.MauBaoCaoController.GetAll (ThucLuc.Api)'
2026-04-14 17:27:19.539 +07:00 [INF] Executing endpoint 'ThucLuc.Api.Controllers.V1.MauBaoCaoController.GetModuleCatalog (ThucLuc.Api)'
2026-04-14 17:27:19.539 +07:00 [INF] Route matched with {action = "GetAll", controller = "MauBaoCao"}. Executing controller action with signature System.Threading.Tasks.Task`1[Microsoft.AspNetCore.Mvc.ActionResult`1[ThucLuc.Api.Common.Models.ApiResponse`1[System.Collections.Generic.IReadOnlyCollection`1[ThucLuc.Application.Features.MauBaoCao.MauBaoCaoDto]]]] GetAll(Boolean, System.Threading.CancellationToken) on controller ThucLuc.Api.Controllers.V1.MauBaoCaoController (ThucLuc.Api).
2026-04-14 17:27:19.541 +07:00 [INF] Route matched with {action = "GetModuleCatalog", controller = "MauBaoCao"}. Executing controller action with signature System.Threading.Tasks.Task`1[Microsoft.AspNetCore.Mvc.ActionResult`1[ThucLuc.Api.Common.Models.ApiResponse`1[System.Collections.Generic.IReadOnlyCollection`1[ThucLuc.Application.Features.MauBaoCao.MauBaoCaoModuleCatalogGroupDto]]]] GetModuleCatalog(System.Threading.CancellationToken) on controller ThucLuc.Api.Controllers.V1.MauBaoCaoController (ThucLuc.Api).
2026-04-14 17:27:19.544 +07:00 [INF] Executing OkObjectResult, writing value of type 'ThucLuc.Api.Common.Models.ApiResponse`1[[System.Collections.Generic.IReadOnlyCollection`1[[ThucLuc.Application.Features.MauBaoCao.MauBaoCaoModuleCatalogGroupDto, ThucLuc.Application, Version=1.0.0.0, Culture=neutral, PublicKeyToken=null]], System.Private.CoreLib, Version=8.0.0.0, Culture=neutral, PublicKeyToken=7cec85d7bea7798e]]'.
2026-04-14 17:27:19.545 +07:00 [INF] Executed action ThucLuc.Api.Controllers.V1.MauBaoCaoController.GetModuleCatalog (ThucLuc.Api) in 1.3807ms
2026-04-14 17:27:19.547 +07:00 [INF] Executed endpoint 'ThucLuc.Api.Controllers.V1.MauBaoCaoController.GetModuleCatalog (ThucLuc.Api)'
2026-04-14 17:27:19.548 +07:00 [INF] HTTP GET /api/v1/mau-bao-cao/module-catalog => 200 in 14.5995 ms CorrelationId=3fb796f988fa4c12b99cc4e85813116f UserId=5001
2026-04-14 17:27:19.548 +07:00 [INF] Executing OkObjectResult, writing value of type 'ThucLuc.Api.Common.Models.ApiResponse`1[[System.Collections.Generic.IReadOnlyCollection`1[[ThucLuc.Application.Features.MauBaoCao.MauBaoCaoDto, ThucLuc.Application, Version=1.0.0.0, Culture=neutral, PublicKeyToken=null]], System.Private.CoreLib, Version=8.0.0.0, Culture=neutral, PublicKeyToken=7cec85d7bea7798e]]'.
2026-04-14 17:27:19.550 +07:00 [INF] HTTP GET /api/v1/mau-bao-cao/module-catalog responded 200 in 16.7456 ms
2026-04-14 17:27:19.551 +07:00 [INF] Executed action ThucLuc.Api.Controllers.V1.MauBaoCaoController.GetAll (ThucLuc.Api) in 9.0969ms
2026-04-14 17:27:19.553 +07:00 [INF] Request finished HTTP/1.1 GET http://localhost:5283/api/v1/mau-bao-cao/module-catalog - 200 null application/json; charset=utf-8 25.4911ms
2026-04-14 17:27:19.554 +07:00 [INF] Executed endpoint 'ThucLuc.Api.Controllers.V1.MauBaoCaoController.GetAll (ThucLuc.Api)'
2026-04-14 17:27:19.559 +07:00 [INF] HTTP GET /api/v1/mau-bao-cao => 200 in 29.126 ms CorrelationId=c142e12f510c438682f2bd890c1e9747 UserId=5001
2026-04-14 17:27:19.561 +07:00 [INF] HTTP GET /api/v1/mau-bao-cao responded 200 in 31.3272 ms
2026-04-14 17:27:19.562 +07:00 [INF] Request finished HTTP/1.1 GET http://localhost:5283/api/v1/mau-bao-cao?includeInactive=true - 200 null application/json; charset=utf-8 41.1358ms
2026-04-14 17:27:45.602 +07:00 [INF] Request starting HTTP/1.1 OPTIONS http://localhost:5283/api/v1/don-vi/2001 - null null
2026-04-14 17:27:45.604 +07:00 [INF] Request starting HTTP/1.1 OPTIONS http://localhost:5283/api/v1/codes/by-code/NOI_DUNG_DAO_TAO_HV - null null
2026-04-14 17:27:45.604 +07:00 [INF] CORS policy execution successful.
2026-04-14 17:27:45.607 +07:00 [INF] CORS policy execution successful.
2026-04-14 17:27:45.608 +07:00 [INF] HTTP OPTIONS /api/v1/don-vi/2001 => 204 in 3.8713 ms CorrelationId=093a05c0e6bb45a7b804d8f6da4fdb83 UserId=anonymous
2026-04-14 17:27:45.609 +07:00 [INF] HTTP OPTIONS /api/v1/codes/by-code/NOI_DUNG_DAO_TAO_HV => 204 in 1.1481 ms CorrelationId=c13e33d5dc464c928502a98c8a0da73b UserId=anonymous
2026-04-14 17:27:45.610 +07:00 [INF] HTTP OPTIONS /api/v1/don-vi/2001 responded 204 in 5.8838 ms
2026-04-14 17:27:45.612 +07:00 [INF] HTTP OPTIONS /api/v1/codes/by-code/NOI_DUNG_DAO_TAO_HV responded 204 in 4.1626 ms
2026-04-14 17:27:45.612 +07:00 [INF] Request finished HTTP/1.1 OPTIONS http://localhost:5283/api/v1/don-vi/2001 - 204 null null 10.7054ms
2026-04-14 17:27:45.614 +07:00 [INF] Request finished HTTP/1.1 OPTIONS http://localhost:5283/api/v1/codes/by-code/NOI_DUNG_DAO_TAO_HV - 204 null null 9.7022ms
2026-04-14 17:27:45.615 +07:00 [INF] Request starting HTTP/1.1 GET http://localhost:5283/api/v1/don-vi/2001 - null null
2026-04-14 17:27:45.617 +07:00 [INF] Request starting HTTP/1.1 GET http://localhost:5283/api/v1/codes/by-code/NOI_DUNG_DAO_TAO_HV - null null
2026-04-14 17:27:45.619 +07:00 [INF] CORS policy execution successful.
2026-04-14 17:27:45.622 +07:00 [INF] CORS policy execution successful.
2026-04-14 17:27:45.623 +07:00 [INF] Executing endpoint 'ThucLuc.Api.Controllers.V1.DonViController.GetById (ThucLuc.Api)'
2026-04-14 17:27:45.623 +07:00 [INF] Executing endpoint 'ThucLuc.Api.Controllers.V1.CodesController.GetByCode (ThucLuc.Api)'
2026-04-14 17:27:45.624 +07:00 [INF] Route matched with {action = "GetById", controller = "DonVi"}. Executing controller action with signature System.Threading.Tasks.Task`1[Microsoft.AspNetCore.Mvc.ActionResult`1[ThucLuc.Api.Common.Models.ApiResponse`1[ThucLuc.Application.Features.DonVi.DonViDto]]] GetById(Int64, System.Threading.CancellationToken) on controller ThucLuc.Api.Controllers.V1.DonViController (ThucLuc.Api).
2026-04-14 17:27:45.624 +07:00 [INF] Route matched with {action = "GetByCode", controller = "Codes"}. Executing controller action with signature System.Threading.Tasks.Task`1[Microsoft.AspNetCore.Mvc.ActionResult`1[ThucLuc.Api.Common.Models.ApiResponse`1[ThucLuc.Application.Features.Codes.CodeDto]]] GetByCode(System.String, System.Threading.CancellationToken) on controller ThucLuc.Api.Controllers.V1.CodesController (ThucLuc.Api).
2026-04-14 17:27:45.628 +07:00 [INF] Executing OkObjectResult, writing value of type 'ThucLuc.Api.Common.Models.ApiResponse`1[[ThucLuc.Application.Features.DonVi.DonViDto, ThucLuc.Application, Version=1.0.0.0, Culture=neutral, PublicKeyToken=null]]'.
2026-04-14 17:27:45.629 +07:00 [INF] Executing OkObjectResult, writing value of type 'ThucLuc.Api.Common.Models.ApiResponse`1[[ThucLuc.Application.Features.Codes.CodeDto, ThucLuc.Application, Version=1.0.0.0, Culture=neutral, PublicKeyToken=null]]'.
2026-04-14 17:27:45.630 +07:00 [INF] Executed action ThucLuc.Api.Controllers.V1.DonViController.GetById (ThucLuc.Api) in 4.2239ms
2026-04-14 17:27:45.631 +07:00 [INF] Executed action ThucLuc.Api.Controllers.V1.CodesController.GetByCode (ThucLuc.Api) in 3.9547ms
2026-04-14 17:27:45.632 +07:00 [INF] Executed endpoint 'ThucLuc.Api.Controllers.V1.DonViController.GetById (ThucLuc.Api)'
2026-04-14 17:27:45.633 +07:00 [INF] Executed endpoint 'ThucLuc.Api.Controllers.V1.CodesController.GetByCode (ThucLuc.Api)'
2026-04-14 17:27:45.634 +07:00 [INF] HTTP GET /api/v1/don-vi/2001 => 200 in 14.3644 ms CorrelationId=e399f307f22f410eb2844c3dacdf809c UserId=5001
2026-04-14 17:27:45.635 +07:00 [INF] HTTP GET /api/v1/codes/by-code/NOI_DUNG_DAO_TAO_HV => 200 in 12.8121 ms CorrelationId=17ddc9a82ccd4aa89c032136a0afee2b UserId=5001
2026-04-14 17:27:45.636 +07:00 [INF] HTTP GET /api/v1/don-vi/2001 responded 200 in 16.5036 ms
2026-04-14 17:27:45.638 +07:00 [INF] HTTP GET /api/v1/codes/by-code/NOI_DUNG_DAO_TAO_HV responded 200 in 16.0635 ms
2026-04-14 17:27:45.639 +07:00 [INF] Request finished HTTP/1.1 GET http://localhost:5283/api/v1/don-vi/2001 - 200 null application/json; charset=utf-8 23.3319ms
2026-04-14 17:27:45.640 +07:00 [INF] Request finished HTTP/1.1 GET http://localhost:5283/api/v1/codes/by-code/NOI_DUNG_DAO_TAO_HV - 200 null application/json; charset=utf-8 22.8992ms
2026-04-14 17:27:45.644 +07:00 [INF] Request starting HTTP/1.1 OPTIONS http://localhost:5283/api/v1/dao-tao-hoc-vien?kyCode=2026Q1 - null null
2026-04-14 17:27:45.646 +07:00 [INF] CORS policy execution successful.
2026-04-14 17:27:45.647 +07:00 [INF] HTTP OPTIONS /api/v1/dao-tao-hoc-vien => 204 in 0.6933 ms CorrelationId=0f1f0b2aff9c4168aadd45c36e7a5e98 UserId=anonymous
2026-04-14 17:27:45.648 +07:00 [INF] HTTP OPTIONS /api/v1/dao-tao-hoc-vien responded 204 in 1.7881 ms
2026-04-14 17:27:45.649 +07:00 [INF] Request finished HTTP/1.1 OPTIONS http://localhost:5283/api/v1/dao-tao-hoc-vien?kyCode=2026Q1 - 204 null null 4.8423ms
2026-04-14 17:27:45.652 +07:00 [INF] Request starting HTTP/1.1 GET http://localhost:5283/api/v1/dao-tao-hoc-vien?kyCode=2026Q1 - null null
2026-04-14 17:27:45.653 +07:00 [INF] CORS policy execution successful.
2026-04-14 17:27:45.654 +07:00 [INF] Executing endpoint 'ThucLuc.Api.Controllers.V1.DaoTaoHocVienController.GetAll (ThucLuc.Api)'
2026-04-14 17:27:45.655 +07:00 [INF] Route matched with {action = "GetAll", controller = "DaoTaoHocVien"}. Executing controller action with signature System.Threading.Tasks.Task`1[Microsoft.AspNetCore.Mvc.ActionResult`1[ThucLuc.Api.Common.Models.ApiResponse`1[System.Collections.Generic.IReadOnlyCollection`1[ThucLuc.Application.Features.DaoTaoHocVien.DaoTaoHocVienDto]]]] GetAll(System.Nullable`1[System.Int32], System.Threading.CancellationToken) on controller ThucLuc.Api.Controllers.V1.DaoTaoHocVienController (ThucLuc.Api).
2026-04-14 17:27:45.659 +07:00 [INF] Executing OkObjectResult, writing value of type 'ThucLuc.Api.Common.Models.ApiResponse`1[[System.Collections.Generic.IReadOnlyCollection`1[[ThucLuc.Application.Features.DaoTaoHocVien.DaoTaoHocVienDto, ThucLuc.Application, Version=1.0.0.0, Culture=neutral, PublicKeyToken=null]], System.Private.CoreLib, Version=8.0.0.0, Culture=neutral, PublicKeyToken=7cec85d7bea7798e]]'.
2026-04-14 17:27:45.661 +07:00 [INF] Executed action ThucLuc.Api.Controllers.V1.DaoTaoHocVienController.GetAll (ThucLuc.Api) in 4.2661ms
2026-04-14 17:27:45.662 +07:00 [INF] Executed endpoint 'ThucLuc.Api.Controllers.V1.DaoTaoHocVienController.GetAll (ThucLuc.Api)'
2026-04-14 17:27:45.663 +07:00 [INF] HTTP GET /api/v1/dao-tao-hoc-vien => 200 in 10.1203 ms CorrelationId=655a92eb2fcd4425a2709ff51d377253 UserId=5001
2026-04-14 17:27:45.665 +07:00 [INF] HTTP GET /api/v1/dao-tao-hoc-vien responded 200 in 11.8962 ms
2026-04-14 17:27:45.667 +07:00 [INF] Request finished HTTP/1.1 GET http://localhost:5283/api/v1/dao-tao-hoc-vien?kyCode=2026Q1 - 200 null application/json; charset=utf-8 15.597ms
2026-04-14 17:27:46.492 +07:00 [INF] Request starting HTTP/1.1 GET http://localhost:5283/api/v1/don-vi/2001 - null null
2026-04-14 17:27:46.494 +07:00 [INF] CORS policy execution successful.
2026-04-14 17:27:46.495 +07:00 [INF] Executing endpoint 'ThucLuc.Api.Controllers.V1.DonViController.GetById (ThucLuc.Api)'
2026-04-14 17:27:46.496 +07:00 [INF] Route matched with {action = "GetById", controller = "DonVi"}. Executing controller action with signature System.Threading.Tasks.Task`1[Microsoft.AspNetCore.Mvc.ActionResult`1[ThucLuc.Api.Common.Models.ApiResponse`1[ThucLuc.Application.Features.DonVi.DonViDto]]] GetById(Int64, System.Threading.CancellationToken) on controller ThucLuc.Api.Controllers.V1.DonViController (ThucLuc.Api).
2026-04-14 17:27:46.497 +07:00 [INF] Request starting HTTP/1.1 OPTIONS http://localhost:5283/api/v1/mau-bao-cao?includeInactive=true - null null
2026-04-14 17:27:46.497 +07:00 [INF] Request starting HTTP/1.1 OPTIONS http://localhost:5283/api/v1/mau-bao-cao/module-catalog - null null
2026-04-14 17:27:46.499 +07:00 [INF] Executing OkObjectResult, writing value of type 'ThucLuc.Api.Common.Models.ApiResponse`1[[ThucLuc.Application.Features.DonVi.DonViDto, ThucLuc.Application, Version=1.0.0.0, Culture=neutral, PublicKeyToken=null]]'.
2026-04-14 17:27:46.500 +07:00 [INF] CORS policy execution successful.
2026-04-14 17:27:46.501 +07:00 [INF] CORS policy execution successful.
2026-04-14 17:27:46.502 +07:00 [INF] Executed action ThucLuc.Api.Controllers.V1.DonViController.GetById (ThucLuc.Api) in 4.6182ms
2026-04-14 17:27:46.502 +07:00 [INF] HTTP OPTIONS /api/v1/mau-bao-cao => 204 in 2.5456 ms CorrelationId=d4c5d70432194ec6ac9eb50cf97d054e UserId=anonymous
2026-04-14 17:27:46.503 +07:00 [INF] HTTP OPTIONS /api/v1/mau-bao-cao/module-catalog => 204 in 2.0926 ms CorrelationId=4e055d6039824dd3b2369186de423095 UserId=anonymous
2026-04-14 17:27:46.504 +07:00 [INF] Executed endpoint 'ThucLuc.Api.Controllers.V1.DonViController.GetById (ThucLuc.Api)'
2026-04-14 17:27:46.508 +07:00 [INF] HTTP OPTIONS /api/v1/mau-bao-cao responded 204 in 7.8453 ms
2026-04-14 17:27:46.509 +07:00 [INF] HTTP OPTIONS /api/v1/mau-bao-cao/module-catalog responded 204 in 7.6792 ms
2026-04-14 17:27:46.509 +07:00 [INF] HTTP GET /api/v1/don-vi/2001 => 200 in 14.8142 ms CorrelationId=5577728d13834507a55049fcecc8a5bc UserId=5001
2026-04-14 17:27:46.510 +07:00 [INF] Request finished HTTP/1.1 OPTIONS http://localhost:5283/api/v1/mau-bao-cao?includeInactive=true - 204 null null 13.539ms
2026-04-14 17:27:46.511 +07:00 [INF] Request finished HTTP/1.1 OPTIONS http://localhost:5283/api/v1/mau-bao-cao/module-catalog - 204 null null 13.9361ms
2026-04-14 17:27:46.513 +07:00 [INF] HTTP GET /api/v1/don-vi/2001 responded 200 in 18.4989 ms
2026-04-14 17:27:46.515 +07:00 [INF] Request starting HTTP/1.1 GET http://localhost:5283/api/v1/mau-bao-cao?includeInactive=true - null null
2026-04-14 17:27:46.517 +07:00 [INF] Request starting HTTP/1.1 GET http://localhost:5283/api/v1/mau-bao-cao/module-catalog - null null
2026-04-14 17:27:46.519 +07:00 [INF] Request finished HTTP/1.1 GET http://localhost:5283/api/v1/don-vi/2001 - 200 null application/json; charset=utf-8 26.9072ms
2026-04-14 17:27:46.521 +07:00 [INF] CORS policy execution successful.
2026-04-14 17:27:46.522 +07:00 [INF] CORS policy execution successful.
2026-04-14 17:27:46.525 +07:00 [INF] Executing endpoint 'ThucLuc.Api.Controllers.V1.MauBaoCaoController.GetAll (ThucLuc.Api)'
2026-04-14 17:27:46.525 +07:00 [INF] Executing endpoint 'ThucLuc.Api.Controllers.V1.MauBaoCaoController.GetModuleCatalog (ThucLuc.Api)'
2026-04-14 17:27:46.526 +07:00 [INF] Route matched with {action = "GetAll", controller = "MauBaoCao"}. Executing controller action with signature System.Threading.Tasks.Task`1[Microsoft.AspNetCore.Mvc.ActionResult`1[ThucLuc.Api.Common.Models.ApiResponse`1[System.Collections.Generic.IReadOnlyCollection`1[ThucLuc.Application.Features.MauBaoCao.MauBaoCaoDto]]]] GetAll(Boolean, System.Threading.CancellationToken) on controller ThucLuc.Api.Controllers.V1.MauBaoCaoController (ThucLuc.Api).
2026-04-14 17:27:46.527 +07:00 [INF] Route matched with {action = "GetModuleCatalog", controller = "MauBaoCao"}. Executing controller action with signature System.Threading.Tasks.Task`1[Microsoft.AspNetCore.Mvc.ActionResult`1[ThucLuc.Api.Common.Models.ApiResponse`1[System.Collections.Generic.IReadOnlyCollection`1[ThucLuc.Application.Features.MauBaoCao.MauBaoCaoModuleCatalogGroupDto]]]] GetModuleCatalog(System.Threading.CancellationToken) on controller ThucLuc.Api.Controllers.V1.MauBaoCaoController (ThucLuc.Api).
2026-04-14 17:27:46.530 +07:00 [INF] Executing OkObjectResult, writing value of type 'ThucLuc.Api.Common.Models.ApiResponse`1[[System.Collections.Generic.IReadOnlyCollection`1[[ThucLuc.Application.Features.MauBaoCao.MauBaoCaoModuleCatalogGroupDto, ThucLuc.Application, Version=1.0.0.0, Culture=neutral, PublicKeyToken=null]], System.Private.CoreLib, Version=8.0.0.0, Culture=neutral, PublicKeyToken=7cec85d7bea7798e]]'.
2026-04-14 17:27:46.531 +07:00 [INF] Executed action ThucLuc.Api.Controllers.V1.MauBaoCaoController.GetModuleCatalog (ThucLuc.Api) in 1.2309ms
2026-04-14 17:27:46.532 +07:00 [INF] Executed endpoint 'ThucLuc.Api.Controllers.V1.MauBaoCaoController.GetModuleCatalog (ThucLuc.Api)'
2026-04-14 17:27:46.532 +07:00 [INF] HTTP GET /api/v1/mau-bao-cao/module-catalog => 200 in 10.0125 ms CorrelationId=ae4199ee5695433d83f82fd70a2ec98f UserId=5001
2026-04-14 17:27:46.533 +07:00 [INF] Executing OkObjectResult, writing value of type 'ThucLuc.Api.Common.Models.ApiResponse`1[[System.Collections.Generic.IReadOnlyCollection`1[[ThucLuc.Application.Features.MauBaoCao.MauBaoCaoDto, ThucLuc.Application, Version=1.0.0.0, Culture=neutral, PublicKeyToken=null]], System.Private.CoreLib, Version=8.0.0.0, Culture=neutral, PublicKeyToken=7cec85d7bea7798e]]'.
2026-04-14 17:27:46.534 +07:00 [INF] HTTP GET /api/v1/mau-bao-cao/module-catalog responded 200 in 11.5161 ms
2026-04-14 17:27:46.535 +07:00 [INF] Executed action ThucLuc.Api.Controllers.V1.MauBaoCaoController.GetAll (ThucLuc.Api) in 6.7003ms
2026-04-14 17:27:46.536 +07:00 [INF] Request finished HTTP/1.1 GET http://localhost:5283/api/v1/mau-bao-cao/module-catalog - 200 null application/json; charset=utf-8 18.698ms
2026-04-14 17:27:46.537 +07:00 [INF] Executed endpoint 'ThucLuc.Api.Controllers.V1.MauBaoCaoController.GetAll (ThucLuc.Api)'
2026-04-14 17:27:46.540 +07:00 [INF] HTTP GET /api/v1/mau-bao-cao => 200 in 19.2072 ms CorrelationId=aa91fc788b334061b03258acdcec6ebe UserId=5001
2026-04-14 17:27:46.542 +07:00 [INF] HTTP GET /api/v1/mau-bao-cao responded 200 in 20.5807 ms
2026-04-14 17:27:46.543 +07:00 [INF] Request finished HTTP/1.1 GET http://localhost:5283/api/v1/mau-bao-cao?includeInactive=true - 200 null application/json; charset=utf-8 27.8847ms
2026-04-14 17:28:11.485 +07:00 [INF] Request starting HTTP/1.1 OPTIONS http://localhost:5283/api/v1/don-vi/2001 - null null
2026-04-14 17:28:11.488 +07:00 [INF] CORS policy execution successful.
2026-04-14 17:28:11.488 +07:00 [INF] HTTP OPTIONS /api/v1/don-vi/2001 => 204 in 0.6312 ms CorrelationId=c02a43ae8faa41318eb86fcb7aa6717a UserId=anonymous
2026-04-14 17:28:11.490 +07:00 [INF] Request starting HTTP/1.1 OPTIONS http://localhost:5283/api/v1/codes/by-code/NOI_DUNG_DAO_TAO_HV - null null
2026-04-14 17:28:11.490 +07:00 [INF] HTTP OPTIONS /api/v1/don-vi/2001 responded 204 in 2.6657 ms
2026-04-14 17:28:11.492 +07:00 [INF] CORS policy execution successful.
2026-04-14 17:28:11.493 +07:00 [INF] Request finished HTTP/1.1 OPTIONS http://localhost:5283/api/v1/don-vi/2001 - 204 null null 7.6517ms
2026-04-14 17:28:11.493 +07:00 [INF] HTTP OPTIONS /api/v1/codes/by-code/NOI_DUNG_DAO_TAO_HV => 204 in 1.2818 ms CorrelationId=578e5f334a3048f2849e7f13fa4865f4 UserId=anonymous
2026-04-14 17:28:11.495 +07:00 [INF] Request starting HTTP/1.1 GET http://localhost:5283/api/v1/don-vi/2001 - null null
2026-04-14 17:28:11.496 +07:00 [INF] HTTP OPTIONS /api/v1/codes/by-code/NOI_DUNG_DAO_TAO_HV responded 204 in 4.0508 ms
2026-04-14 17:28:11.497 +07:00 [INF] CORS policy execution successful.
2026-04-14 17:28:11.498 +07:00 [INF] Request finished HTTP/1.1 OPTIONS http://localhost:5283/api/v1/codes/by-code/NOI_DUNG_DAO_TAO_HV - 204 null null 8.576ms
2026-04-14 17:28:11.499 +07:00 [INF] Executing endpoint 'ThucLuc.Api.Controllers.V1.DonViController.GetById (ThucLuc.Api)'
2026-04-14 17:28:11.500 +07:00 [INF] Request starting HTTP/1.1 GET http://localhost:5283/api/v1/codes/by-code/NOI_DUNG_DAO_TAO_HV - null null
2026-04-14 17:28:11.501 +07:00 [INF] Route matched with {action = "GetById", controller = "DonVi"}. Executing controller action with signature System.Threading.Tasks.Task`1[Microsoft.AspNetCore.Mvc.ActionResult`1[ThucLuc.Api.Common.Models.ApiResponse`1[ThucLuc.Application.Features.DonVi.DonViDto]]] GetById(Int64, System.Threading.CancellationToken) on controller ThucLuc.Api.Controllers.V1.DonViController (ThucLuc.Api).
2026-04-14 17:28:11.502 +07:00 [INF] CORS policy execution successful.
2026-04-14 17:28:11.506 +07:00 [INF] Executing endpoint 'ThucLuc.Api.Controllers.V1.CodesController.GetByCode (ThucLuc.Api)'
2026-04-14 17:28:11.507 +07:00 [INF] Route matched with {action = "GetByCode", controller = "Codes"}. Executing controller action with signature System.Threading.Tasks.Task`1[Microsoft.AspNetCore.Mvc.ActionResult`1[ThucLuc.Api.Common.Models.ApiResponse`1[ThucLuc.Application.Features.Codes.CodeDto]]] GetByCode(System.String, System.Threading.CancellationToken) on controller ThucLuc.Api.Controllers.V1.CodesController (ThucLuc.Api).
2026-04-14 17:28:11.509 +07:00 [INF] Executing OkObjectResult, writing value of type 'ThucLuc.Api.Common.Models.ApiResponse`1[[ThucLuc.Application.Features.DonVi.DonViDto, ThucLuc.Application, Version=1.0.0.0, Culture=neutral, PublicKeyToken=null]]'.
2026-04-14 17:28:11.509 +07:00 [INF] Executed action ThucLuc.Api.Controllers.V1.DonViController.GetById (ThucLuc.Api) in 4.6965ms
2026-04-14 17:28:11.510 +07:00 [INF] Executed endpoint 'ThucLuc.Api.Controllers.V1.DonViController.GetById (ThucLuc.Api)'
2026-04-14 17:28:11.510 +07:00 [INF] Executing OkObjectResult, writing value of type 'ThucLuc.Api.Common.Models.ApiResponse`1[[ThucLuc.Application.Features.Codes.CodeDto, ThucLuc.Application, Version=1.0.0.0, Culture=neutral, PublicKeyToken=null]]'.
2026-04-14 17:28:11.511 +07:00 [INF] HTTP GET /api/v1/don-vi/2001 => 200 in 13.5051 ms CorrelationId=91a8fd8ce17c4b179a34212db4804a6c UserId=5001
2026-04-14 17:28:11.512 +07:00 [INF] Executed action ThucLuc.Api.Controllers.V1.CodesController.GetByCode (ThucLuc.Api) in 3.1247ms
2026-04-14 17:28:11.513 +07:00 [INF] HTTP GET /api/v1/don-vi/2001 responded 200 in 15.4473 ms
2026-04-14 17:28:11.514 +07:00 [INF] Executed endpoint 'ThucLuc.Api.Controllers.V1.CodesController.GetByCode (ThucLuc.Api)'
2026-04-14 17:28:11.515 +07:00 [INF] Request finished HTTP/1.1 GET http://localhost:5283/api/v1/don-vi/2001 - 200 null application/json; charset=utf-8 19.5864ms
2026-04-14 17:28:11.515 +07:00 [INF] HTTP GET /api/v1/codes/by-code/NOI_DUNG_DAO_TAO_HV => 200 in 13.1659 ms CorrelationId=70b035939e9448b1ba70406c7c78bb67 UserId=5001
2026-04-14 17:28:11.519 +07:00 [INF] HTTP GET /api/v1/codes/by-code/NOI_DUNG_DAO_TAO_HV responded 200 in 16.7677 ms
2026-04-14 17:28:11.521 +07:00 [INF] Request finished HTTP/1.1 GET http://localhost:5283/api/v1/codes/by-code/NOI_DUNG_DAO_TAO_HV - 200 null application/json; charset=utf-8 20.8899ms
2026-04-14 17:28:11.527 +07:00 [INF] Request starting HTTP/1.1 OPTIONS http://localhost:5283/api/v1/dao-tao-hoc-vien?kyCode=2026Q1 - null null
2026-04-14 17:28:11.529 +07:00 [INF] CORS policy execution successful.
2026-04-14 17:28:11.531 +07:00 [INF] HTTP OPTIONS /api/v1/dao-tao-hoc-vien => 204 in 2.0743 ms CorrelationId=52cd01bfe8554e2491319c7ac5b24e8a UserId=anonymous
2026-04-14 17:28:11.533 +07:00 [INF] HTTP OPTIONS /api/v1/dao-tao-hoc-vien responded 204 in 3.5341 ms
2026-04-14 17:28:11.534 +07:00 [INF] Request finished HTTP/1.1 OPTIONS http://localhost:5283/api/v1/dao-tao-hoc-vien?kyCode=2026Q1 - 204 null null 6.2966ms
2026-04-14 17:28:11.537 +07:00 [INF] Request starting HTTP/1.1 GET http://localhost:5283/api/v1/dao-tao-hoc-vien?kyCode=2026Q1 - null null
2026-04-14 17:28:11.539 +07:00 [INF] CORS policy execution successful.
2026-04-14 17:28:11.540 +07:00 [INF] Executing endpoint 'ThucLuc.Api.Controllers.V1.DaoTaoHocVienController.GetAll (ThucLuc.Api)'
2026-04-14 17:28:11.541 +07:00 [INF] Route matched with {action = "GetAll", controller = "DaoTaoHocVien"}. Executing controller action with signature System.Threading.Tasks.Task`1[Microsoft.AspNetCore.Mvc.ActionResult`1[ThucLuc.Api.Common.Models.ApiResponse`1[System.Collections.Generic.IReadOnlyCollection`1[ThucLuc.Application.Features.DaoTaoHocVien.DaoTaoHocVienDto]]]] GetAll(System.Nullable`1[System.Int32], System.Threading.CancellationToken) on controller ThucLuc.Api.Controllers.V1.DaoTaoHocVienController (ThucLuc.Api).
2026-04-14 17:28:11.544 +07:00 [INF] Executing OkObjectResult, writing value of type 'ThucLuc.Api.Common.Models.ApiResponse`1[[System.Collections.Generic.IReadOnlyCollection`1[[ThucLuc.Application.Features.DaoTaoHocVien.DaoTaoHocVienDto, ThucLuc.Application, Version=1.0.0.0, Culture=neutral, PublicKeyToken=null]], System.Private.CoreLib, Version=8.0.0.0, Culture=neutral, PublicKeyToken=7cec85d7bea7798e]]'.
2026-04-14 17:28:11.545 +07:00 [INF] Executed action ThucLuc.Api.Controllers.V1.DaoTaoHocVienController.GetAll (ThucLuc.Api) in 3.1576ms
2026-04-14 17:28:11.546 +07:00 [INF] Executed endpoint 'ThucLuc.Api.Controllers.V1.DaoTaoHocVienController.GetAll (ThucLuc.Api)'
2026-04-14 17:28:11.547 +07:00 [INF] HTTP GET /api/v1/dao-tao-hoc-vien => 200 in 7.7599 ms CorrelationId=a4d90f0840f040dabfe245b85991fe4d UserId=5001
2026-04-14 17:28:11.548 +07:00 [INF] HTTP GET /api/v1/dao-tao-hoc-vien responded 200 in 8.7453 ms
2026-04-14 17:28:11.549 +07:00 [INF] Request finished HTTP/1.1 GET http://localhost:5283/api/v1/dao-tao-hoc-vien?kyCode=2026Q1 - 200 null application/json; charset=utf-8 12.0049ms
2026-04-14 17:28:12.471 +07:00 [INF] Request starting HTTP/1.1 GET http://localhost:5283/api/v1/don-vi/2001 - null null
2026-04-14 17:28:12.473 +07:00 [INF] CORS policy execution successful.
2026-04-14 17:28:12.473 +07:00 [INF] Executing endpoint 'ThucLuc.Api.Controllers.V1.DonViController.GetById (ThucLuc.Api)'
2026-04-14 17:28:12.474 +07:00 [INF] Route matched with {action = "GetById", controller = "DonVi"}. Executing controller action with signature System.Threading.Tasks.Task`1[Microsoft.AspNetCore.Mvc.ActionResult`1[ThucLuc.Api.Common.Models.ApiResponse`1[ThucLuc.Application.Features.DonVi.DonViDto]]] GetById(Int64, System.Threading.CancellationToken) on controller ThucLuc.Api.Controllers.V1.DonViController (ThucLuc.Api).
2026-04-14 17:28:12.476 +07:00 [INF] Executing OkObjectResult, writing value of type 'ThucLuc.Api.Common.Models.ApiResponse`1[[ThucLuc.Application.Features.DonVi.DonViDto, ThucLuc.Application, Version=1.0.0.0, Culture=neutral, PublicKeyToken=null]]'.
2026-04-14 17:28:12.477 +07:00 [INF] Executed action ThucLuc.Api.Controllers.V1.DonViController.GetById (ThucLuc.Api) in 2.205ms
2026-04-14 17:28:12.478 +07:00 [INF] Executed endpoint 'ThucLuc.Api.Controllers.V1.DonViController.GetById (ThucLuc.Api)'
2026-04-14 17:28:12.478 +07:00 [INF] Request starting HTTP/1.1 OPTIONS http://localhost:5283/api/v1/mau-bao-cao?includeInactive=true - null null
2026-04-14 17:28:12.478 +07:00 [INF] Request starting HTTP/1.1 OPTIONS http://localhost:5283/api/v1/mau-bao-cao/module-catalog - null null
2026-04-14 17:28:12.478 +07:00 [INF] HTTP GET /api/v1/don-vi/2001 => 200 in 5.9715 ms CorrelationId=0c7c76148f9f4cfab5dbe277584f0c4d UserId=5001
2026-04-14 17:28:12.480 +07:00 [INF] CORS policy execution successful.
2026-04-14 17:28:12.481 +07:00 [INF] CORS policy execution successful.
2026-04-14 17:28:12.482 +07:00 [INF] HTTP GET /api/v1/don-vi/2001 responded 200 in 9.2933 ms
2026-04-14 17:28:12.482 +07:00 [INF] HTTP OPTIONS /api/v1/mau-bao-cao => 204 in 2.5234 ms CorrelationId=643b2d1dd59d4a53922e278ce511bdc5 UserId=anonymous
2026-04-14 17:28:12.482 +07:00 [INF] HTTP OPTIONS /api/v1/mau-bao-cao/module-catalog => 204 in 1.8614 ms CorrelationId=51402a487392445e98917ea66bdcef48 UserId=anonymous
2026-04-14 17:28:12.483 +07:00 [INF] Request finished HTTP/1.1 GET http://localhost:5283/api/v1/don-vi/2001 - 200 null application/json; charset=utf-8 12.5192ms
2026-04-14 17:28:12.484 +07:00 [INF] HTTP OPTIONS /api/v1/mau-bao-cao responded 204 in 4.6441 ms
2026-04-14 17:28:12.486 +07:00 [INF] HTTP OPTIONS /api/v1/mau-bao-cao/module-catalog responded 204 in 4.9448 ms
2026-04-14 17:28:12.489 +07:00 [INF] Request finished HTTP/1.1 OPTIONS http://localhost:5283/api/v1/mau-bao-cao?includeInactive=true - 204 null null 10.9507ms
2026-04-14 17:28:12.490 +07:00 [INF] Request finished HTTP/1.1 OPTIONS http://localhost:5283/api/v1/mau-bao-cao/module-catalog - 204 null null 12.0802ms
2026-04-14 17:28:12.492 +07:00 [INF] Request starting HTTP/1.1 GET http://localhost:5283/api/v1/mau-bao-cao?includeInactive=true - null null
2026-04-14 17:28:12.493 +07:00 [INF] Request starting HTTP/1.1 GET http://localhost:5283/api/v1/mau-bao-cao/module-catalog - null null
2026-04-14 17:28:12.495 +07:00 [INF] CORS policy execution successful.
2026-04-14 17:28:12.496 +07:00 [INF] CORS policy execution successful.
2026-04-14 17:28:12.496 +07:00 [INF] Executing endpoint 'ThucLuc.Api.Controllers.V1.MauBaoCaoController.GetAll (ThucLuc.Api)'
2026-04-14 17:28:12.496 +07:00 [INF] Executing endpoint 'ThucLuc.Api.Controllers.V1.MauBaoCaoController.GetModuleCatalog (ThucLuc.Api)'
2026-04-14 17:28:12.497 +07:00 [INF] Route matched with {action = "GetAll", controller = "MauBaoCao"}. Executing controller action with signature System.Threading.Tasks.Task`1[Microsoft.AspNetCore.Mvc.ActionResult`1[ThucLuc.Api.Common.Models.ApiResponse`1[System.Collections.Generic.IReadOnlyCollection`1[ThucLuc.Application.Features.MauBaoCao.MauBaoCaoDto]]]] GetAll(Boolean, System.Threading.CancellationToken) on controller ThucLuc.Api.Controllers.V1.MauBaoCaoController (ThucLuc.Api).
2026-04-14 17:28:12.497 +07:00 [INF] Route matched with {action = "GetModuleCatalog", controller = "MauBaoCao"}. Executing controller action with signature System.Threading.Tasks.Task`1[Microsoft.AspNetCore.Mvc.ActionResult`1[ThucLuc.Api.Common.Models.ApiResponse`1[System.Collections.Generic.IReadOnlyCollection`1[ThucLuc.Application.Features.MauBaoCao.MauBaoCaoModuleCatalogGroupDto]]]] GetModuleCatalog(System.Threading.CancellationToken) on controller ThucLuc.Api.Controllers.V1.MauBaoCaoController (ThucLuc.Api).
2026-04-14 17:28:12.500 +07:00 [INF] Executing OkObjectResult, writing value of type 'ThucLuc.Api.Common.Models.ApiResponse`1[[System.Collections.Generic.IReadOnlyCollection`1[[ThucLuc.Application.Features.MauBaoCao.MauBaoCaoModuleCatalogGroupDto, ThucLuc.Application, Version=1.0.0.0, Culture=neutral, PublicKeyToken=null]], System.Private.CoreLib, Version=8.0.0.0, Culture=neutral, PublicKeyToken=7cec85d7bea7798e]]'.
2026-04-14 17:28:12.502 +07:00 [INF] Executed action ThucLuc.Api.Controllers.V1.MauBaoCaoController.GetModuleCatalog (ThucLuc.Api) in 1.8642ms
2026-04-14 17:28:12.503 +07:00 [INF] Executed endpoint 'ThucLuc.Api.Controllers.V1.MauBaoCaoController.GetModuleCatalog (ThucLuc.Api)'
2026-04-14 17:28:12.504 +07:00 [INF] Executing OkObjectResult, writing value of type 'ThucLuc.Api.Common.Models.ApiResponse`1[[System.Collections.Generic.IReadOnlyCollection`1[[ThucLuc.Application.Features.MauBaoCao.MauBaoCaoDto, ThucLuc.Application, Version=1.0.0.0, Culture=neutral, PublicKeyToken=null]], System.Private.CoreLib, Version=8.0.0.0, Culture=neutral, PublicKeyToken=7cec85d7bea7798e]]'.
2026-04-14 17:28:12.504 +07:00 [INF] HTTP GET /api/v1/mau-bao-cao/module-catalog => 200 in 8.723 ms CorrelationId=9550280eea294e07a0ab2b256d8c650a UserId=5001
2026-04-14 17:28:12.505 +07:00 [INF] Executed action ThucLuc.Api.Controllers.V1.MauBaoCaoController.GetAll (ThucLuc.Api) in 6.3853ms
2026-04-14 17:28:12.507 +07:00 [INF] HTTP GET /api/v1/mau-bao-cao/module-catalog responded 200 in 11.1993 ms
2026-04-14 17:28:12.507 +07:00 [INF] Executed endpoint 'ThucLuc.Api.Controllers.V1.MauBaoCaoController.GetAll (ThucLuc.Api)'
2026-04-14 17:28:12.508 +07:00 [INF] Request finished HTTP/1.1 GET http://localhost:5283/api/v1/mau-bao-cao/module-catalog - 200 null application/json; charset=utf-8 14.7015ms
2026-04-14 17:28:12.509 +07:00 [INF] HTTP GET /api/v1/mau-bao-cao => 200 in 14.0614 ms CorrelationId=69c6587b65324348843301ccf461de26 UserId=5001
2026-04-14 17:28:12.511 +07:00 [INF] HTTP GET /api/v1/mau-bao-cao responded 200 in 16.2739 ms
2026-04-14 17:28:12.511 +07:00 [INF] Request finished HTTP/1.1 GET http://localhost:5283/api/v1/mau-bao-cao?includeInactive=true - 200 null application/json; charset=utf-8 19.882ms
2026-04-14 17:28:39.775 +07:00 [INF] Request starting HTTP/1.1 OPTIONS http://localhost:5283/api/v1/don-vi/2001 - null null
2026-04-14 17:28:39.777 +07:00 [INF] CORS policy execution successful.
2026-04-14 17:28:39.777 +07:00 [INF] Request starting HTTP/1.1 OPTIONS http://localhost:5283/api/v1/codes/by-code/NOI_DUNG_DAO_TAO_HV - null null
2026-04-14 17:28:39.777 +07:00 [INF] HTTP OPTIONS /api/v1/don-vi/2001 => 204 in 0.5251 ms CorrelationId=94dce3bc1090442c96ecb636d7bc5fd8 UserId=anonymous
2026-04-14 17:28:39.778 +07:00 [INF] CORS policy execution successful.
2026-04-14 17:28:39.780 +07:00 [INF] HTTP OPTIONS /api/v1/don-vi/2001 responded 204 in 3.3777 ms
2026-04-14 17:28:39.780 +07:00 [INF] HTTP OPTIONS /api/v1/codes/by-code/NOI_DUNG_DAO_TAO_HV => 204 in 2.05 ms CorrelationId=aeb14939ba524d968f37407dba3e0806 UserId=anonymous
2026-04-14 17:28:39.781 +07:00 [INF] Request finished HTTP/1.1 OPTIONS http://localhost:5283/api/v1/don-vi/2001 - 204 null null 6.5628ms
2026-04-14 17:28:39.783 +07:00 [INF] HTTP OPTIONS /api/v1/codes/by-code/NOI_DUNG_DAO_TAO_HV responded 204 in 4.6435 ms
2026-04-14 17:28:39.785 +07:00 [INF] Request starting HTTP/1.1 GET http://localhost:5283/api/v1/don-vi/2001 - null null
2026-04-14 17:28:39.786 +07:00 [INF] Request finished HTTP/1.1 OPTIONS http://localhost:5283/api/v1/codes/by-code/NOI_DUNG_DAO_TAO_HV - 204 null null 9.5299ms
2026-04-14 17:28:39.788 +07:00 [INF] CORS policy execution successful.
2026-04-14 17:28:39.790 +07:00 [INF] Request starting HTTP/1.1 GET http://localhost:5283/api/v1/codes/by-code/NOI_DUNG_DAO_TAO_HV - null null
2026-04-14 17:28:39.790 +07:00 [INF] Executing endpoint 'ThucLuc.Api.Controllers.V1.DonViController.GetById (ThucLuc.Api)'
2026-04-14 17:28:39.792 +07:00 [INF] CORS policy execution successful.
2026-04-14 17:28:39.792 +07:00 [INF] Route matched with {action = "GetById", controller = "DonVi"}. Executing controller action with signature System.Threading.Tasks.Task`1[Microsoft.AspNetCore.Mvc.ActionResult`1[ThucLuc.Api.Common.Models.ApiResponse`1[ThucLuc.Application.Features.DonVi.DonViDto]]] GetById(Int64, System.Threading.CancellationToken) on controller ThucLuc.Api.Controllers.V1.DonViController (ThucLuc.Api).
2026-04-14 17:28:39.793 +07:00 [INF] Executing endpoint 'ThucLuc.Api.Controllers.V1.CodesController.GetByCode (ThucLuc.Api)'
2026-04-14 17:28:39.795 +07:00 [INF] Route matched with {action = "GetByCode", controller = "Codes"}. Executing controller action with signature System.Threading.Tasks.Task`1[Microsoft.AspNetCore.Mvc.ActionResult`1[ThucLuc.Api.Common.Models.ApiResponse`1[ThucLuc.Application.Features.Codes.CodeDto]]] GetByCode(System.String, System.Threading.CancellationToken) on controller ThucLuc.Api.Controllers.V1.CodesController (ThucLuc.Api).
2026-04-14 17:28:39.796 +07:00 [INF] Executing OkObjectResult, writing value of type 'ThucLuc.Api.Common.Models.ApiResponse`1[[ThucLuc.Application.Features.DonVi.DonViDto, ThucLuc.Application, Version=1.0.0.0, Culture=neutral, PublicKeyToken=null]]'.
2026-04-14 17:28:39.797 +07:00 [INF] Executed action ThucLuc.Api.Controllers.V1.DonViController.GetById (ThucLuc.Api) in 2.875ms
2026-04-14 17:28:39.797 +07:00 [INF] Executing OkObjectResult, writing value of type 'ThucLuc.Api.Common.Models.ApiResponse`1[[ThucLuc.Application.Features.Codes.CodeDto, ThucLuc.Application, Version=1.0.0.0, Culture=neutral, PublicKeyToken=null]]'.
2026-04-14 17:28:39.798 +07:00 [INF] Executed endpoint 'ThucLuc.Api.Controllers.V1.DonViController.GetById (ThucLuc.Api)'
2026-04-14 17:28:39.799 +07:00 [INF] Executed action ThucLuc.Api.Controllers.V1.CodesController.GetByCode (ThucLuc.Api) in 3.0616ms
2026-04-14 17:28:39.799 +07:00 [INF] HTTP GET /api/v1/don-vi/2001 => 200 in 10.7892 ms CorrelationId=8b67cfa0e5e742ae81f81a74fd6c88b4 UserId=5001
2026-04-14 17:28:39.800 +07:00 [INF] Executed endpoint 'ThucLuc.Api.Controllers.V1.CodesController.GetByCode (ThucLuc.Api)'
2026-04-14 17:28:39.801 +07:00 [INF] HTTP GET /api/v1/don-vi/2001 responded 200 in 13.0210 ms
2026-04-14 17:28:39.803 +07:00 [INF] HTTP GET /api/v1/codes/by-code/NOI_DUNG_DAO_TAO_HV => 200 in 11.0037 ms CorrelationId=c7e23712bb3043ba8039bb00b2a30148 UserId=5001
2026-04-14 17:28:39.804 +07:00 [INF] Request finished HTTP/1.1 GET http://localhost:5283/api/v1/don-vi/2001 - 200 null application/json; charset=utf-8 19.209ms
2026-04-14 17:28:39.806 +07:00 [INF] HTTP GET /api/v1/codes/by-code/NOI_DUNG_DAO_TAO_HV responded 200 in 14.1628 ms
2026-04-14 17:28:39.809 +07:00 [INF] Request finished HTTP/1.1 GET http://localhost:5283/api/v1/codes/by-code/NOI_DUNG_DAO_TAO_HV - 200 null application/json; charset=utf-8 19.3241ms
2026-04-14 17:28:39.814 +07:00 [INF] Request starting HTTP/1.1 OPTIONS http://localhost:5283/api/v1/dao-tao-hoc-vien?kyCode=2026Q1 - null null
2026-04-14 17:28:39.816 +07:00 [INF] CORS policy execution successful.
2026-04-14 17:28:39.817 +07:00 [INF] HTTP OPTIONS /api/v1/dao-tao-hoc-vien => 204 in 0.5337 ms CorrelationId=8448ddf0d41148dba1d5cb4ade93f2f3 UserId=anonymous
2026-04-14 17:28:39.819 +07:00 [INF] HTTP OPTIONS /api/v1/dao-tao-hoc-vien responded 204 in 2.6820 ms
2026-04-14 17:28:39.820 +07:00 [INF] Request finished HTTP/1.1 OPTIONS http://localhost:5283/api/v1/dao-tao-hoc-vien?kyCode=2026Q1 - 204 null null 5.3508ms
2026-04-14 17:28:39.822 +07:00 [INF] Request starting HTTP/1.1 GET http://localhost:5283/api/v1/dao-tao-hoc-vien?kyCode=2026Q1 - null null
2026-04-14 17:28:39.824 +07:00 [INF] CORS policy execution successful.
2026-04-14 17:28:39.824 +07:00 [INF] Executing endpoint 'ThucLuc.Api.Controllers.V1.DaoTaoHocVienController.GetAll (ThucLuc.Api)'
2026-04-14 17:28:39.825 +07:00 [INF] Route matched with {action = "GetAll", controller = "DaoTaoHocVien"}. Executing controller action with signature System.Threading.Tasks.Task`1[Microsoft.AspNetCore.Mvc.ActionResult`1[ThucLuc.Api.Common.Models.ApiResponse`1[System.Collections.Generic.IReadOnlyCollection`1[ThucLuc.Application.Features.DaoTaoHocVien.DaoTaoHocVienDto]]]] GetAll(System.Nullable`1[System.Int32], System.Threading.CancellationToken) on controller ThucLuc.Api.Controllers.V1.DaoTaoHocVienController (ThucLuc.Api).
2026-04-14 17:28:39.828 +07:00 [INF] Executing OkObjectResult, writing value of type 'ThucLuc.Api.Common.Models.ApiResponse`1[[System.Collections.Generic.IReadOnlyCollection`1[[ThucLuc.Application.Features.DaoTaoHocVien.DaoTaoHocVienDto, ThucLuc.Application, Version=1.0.0.0, Culture=neutral, PublicKeyToken=null]], System.Private.CoreLib, Version=8.0.0.0, Culture=neutral, PublicKeyToken=7cec85d7bea7798e]]'.
2026-04-14 17:28:39.829 +07:00 [INF] Executed action ThucLuc.Api.Controllers.V1.DaoTaoHocVienController.GetAll (ThucLuc.Api) in 2.6976ms
2026-04-14 17:28:39.830 +07:00 [INF] Executed endpoint 'ThucLuc.Api.Controllers.V1.DaoTaoHocVienController.GetAll (ThucLuc.Api)'
2026-04-14 17:28:39.831 +07:00 [INF] HTTP GET /api/v1/dao-tao-hoc-vien => 200 in 6.8945 ms CorrelationId=556a25081c1e435680b6f26ff5f8c81f UserId=5001
2026-04-14 17:28:39.832 +07:00 [INF] HTTP GET /api/v1/dao-tao-hoc-vien responded 200 in 7.9640 ms
2026-04-14 17:28:39.833 +07:00 [INF] Request finished HTTP/1.1 GET http://localhost:5283/api/v1/dao-tao-hoc-vien?kyCode=2026Q1 - 200 null application/json; charset=utf-8 10.8436ms
2026-04-14 17:28:40.484 +07:00 [INF] Request starting HTTP/1.1 GET http://localhost:5283/api/v1/don-vi/2001 - null null
2026-04-14 17:28:40.487 +07:00 [INF] CORS policy execution successful.
2026-04-14 17:28:40.488 +07:00 [INF] Executing endpoint 'ThucLuc.Api.Controllers.V1.DonViController.GetById (ThucLuc.Api)'
2026-04-14 17:28:40.488 +07:00 [INF] Route matched with {action = "GetById", controller = "DonVi"}. Executing controller action with signature System.Threading.Tasks.Task`1[Microsoft.AspNetCore.Mvc.ActionResult`1[ThucLuc.Api.Common.Models.ApiResponse`1[ThucLuc.Application.Features.DonVi.DonViDto]]] GetById(Int64, System.Threading.CancellationToken) on controller ThucLuc.Api.Controllers.V1.DonViController (ThucLuc.Api).
2026-04-14 17:28:40.491 +07:00 [INF] Request starting HTTP/1.1 OPTIONS http://localhost:5283/api/v1/mau-bao-cao?includeInactive=true - null null
2026-04-14 17:28:40.491 +07:00 [INF] Request starting HTTP/1.1 OPTIONS http://localhost:5283/api/v1/mau-bao-cao/module-catalog - null null
2026-04-14 17:28:40.492 +07:00 [INF] Executing OkObjectResult, writing value of type 'ThucLuc.Api.Common.Models.ApiResponse`1[[ThucLuc.Application.Features.DonVi.DonViDto, ThucLuc.Application, Version=1.0.0.0, Culture=neutral, PublicKeyToken=null]]'.
2026-04-14 17:28:40.494 +07:00 [INF] CORS policy execution successful.
2026-04-14 17:28:40.496 +07:00 [INF] CORS policy execution successful.
2026-04-14 17:28:40.497 +07:00 [INF] Executed action ThucLuc.Api.Controllers.V1.DonViController.GetById (ThucLuc.Api) in 7.2229ms
2026-04-14 17:28:40.497 +07:00 [INF] HTTP OPTIONS /api/v1/mau-bao-cao => 204 in 2.8337 ms CorrelationId=dc034e40f8de4f46ac7595eec74ab522 UserId=anonymous
2026-04-14 17:28:40.498 +07:00 [INF] HTTP OPTIONS /api/v1/mau-bao-cao/module-catalog => 204 in 1.7272 ms CorrelationId=6bc283e5d1e940b1854b6995c964392a UserId=anonymous
2026-04-14 17:28:40.498 +07:00 [INF] Executed endpoint 'ThucLuc.Api.Controllers.V1.DonViController.GetById (ThucLuc.Api)'
2026-04-14 17:28:40.499 +07:00 [INF] HTTP OPTIONS /api/v1/mau-bao-cao responded 204 in 5.1128 ms
2026-04-14 17:28:40.502 +07:00 [INF] HTTP OPTIONS /api/v1/mau-bao-cao/module-catalog responded 204 in 5.7215 ms
2026-04-14 17:28:40.502 +07:00 [INF] HTTP GET /api/v1/don-vi/2001 => 200 in 15.3852 ms CorrelationId=c26e7f7c2ba349d6a056149115d21f78 UserId=5001
2026-04-14 17:28:40.503 +07:00 [INF] Request finished HTTP/1.1 OPTIONS http://localhost:5283/api/v1/mau-bao-cao?includeInactive=true - 204 null null 12.0295ms
2026-04-14 17:28:40.506 +07:00 [INF] Request finished HTTP/1.1 OPTIONS http://localhost:5283/api/v1/mau-bao-cao/module-catalog - 204 null null 14.5839ms
2026-04-14 17:28:40.508 +07:00 [INF] HTTP GET /api/v1/don-vi/2001 responded 200 in 20.9478 ms
2026-04-14 17:28:40.509 +07:00 [INF] Request starting HTTP/1.1 GET http://localhost:5283/api/v1/mau-bao-cao?includeInactive=true - null null
2026-04-14 17:28:40.511 +07:00 [INF] Request starting HTTP/1.1 GET http://localhost:5283/api/v1/mau-bao-cao/module-catalog - null null
2026-04-14 17:28:40.512 +07:00 [INF] Request finished HTTP/1.1 GET http://localhost:5283/api/v1/don-vi/2001 - 200 null application/json; charset=utf-8 28.0891ms
2026-04-14 17:28:40.514 +07:00 [INF] CORS policy execution successful.
2026-04-14 17:28:40.516 +07:00 [INF] CORS policy execution successful.
2026-04-14 17:28:40.521 +07:00 [INF] Executing endpoint 'ThucLuc.Api.Controllers.V1.MauBaoCaoController.GetAll (ThucLuc.Api)'
2026-04-14 17:28:40.521 +07:00 [INF] Executing endpoint 'ThucLuc.Api.Controllers.V1.MauBaoCaoController.GetModuleCatalog (ThucLuc.Api)'
2026-04-14 17:28:40.522 +07:00 [INF] Route matched with {action = "GetAll", controller = "MauBaoCao"}. Executing controller action with signature System.Threading.Tasks.Task`1[Microsoft.AspNetCore.Mvc.ActionResult`1[ThucLuc.Api.Common.Models.ApiResponse`1[System.Collections.Generic.IReadOnlyCollection`1[ThucLuc.Application.Features.MauBaoCao.MauBaoCaoDto]]]] GetAll(Boolean, System.Threading.CancellationToken) on controller ThucLuc.Api.Controllers.V1.MauBaoCaoController (ThucLuc.Api).
2026-04-14 17:28:40.523 +07:00 [INF] Route matched with {action = "GetModuleCatalog", controller = "MauBaoCao"}. Executing controller action with signature System.Threading.Tasks.Task`1[Microsoft.AspNetCore.Mvc.ActionResult`1[ThucLuc.Api.Common.Models.ApiResponse`1[System.Collections.Generic.IReadOnlyCollection`1[ThucLuc.Application.Features.MauBaoCao.MauBaoCaoModuleCatalogGroupDto]]]] GetModuleCatalog(System.Threading.CancellationToken) on controller ThucLuc.Api.Controllers.V1.MauBaoCaoController (ThucLuc.Api).
2026-04-14 17:28:40.526 +07:00 [INF] Executing OkObjectResult, writing value of type 'ThucLuc.Api.Common.Models.ApiResponse`1[[System.Collections.Generic.IReadOnlyCollection`1[[ThucLuc.Application.Features.MauBaoCao.MauBaoCaoModuleCatalogGroupDto, ThucLuc.Application, Version=1.0.0.0, Culture=neutral, PublicKeyToken=null]], System.Private.CoreLib, Version=8.0.0.0, Culture=neutral, PublicKeyToken=7cec85d7bea7798e]]'.
2026-04-14 17:28:40.527 +07:00 [INF] Executed action ThucLuc.Api.Controllers.V1.MauBaoCaoController.GetModuleCatalog (ThucLuc.Api) in 1.1903ms
2026-04-14 17:28:40.528 +07:00 [INF] Executed endpoint 'ThucLuc.Api.Controllers.V1.MauBaoCaoController.GetModuleCatalog (ThucLuc.Api)'
2026-04-14 17:28:40.529 +07:00 [INF] HTTP GET /api/v1/mau-bao-cao/module-catalog => 200 in 13.1219 ms CorrelationId=7571faa1d70b45a1994cadf804bd2dc8 UserId=5001
2026-04-14 17:28:40.529 +07:00 [INF] Executing OkObjectResult, writing value of type 'ThucLuc.Api.Common.Models.ApiResponse`1[[System.Collections.Generic.IReadOnlyCollection`1[[ThucLuc.Application.Features.MauBaoCao.MauBaoCaoDto, ThucLuc.Application, Version=1.0.0.0, Culture=neutral, PublicKeyToken=null]], System.Private.CoreLib, Version=8.0.0.0, Culture=neutral, PublicKeyToken=7cec85d7bea7798e]]'.
2026-04-14 17:28:40.531 +07:00 [INF] HTTP GET /api/v1/mau-bao-cao/module-catalog responded 200 in 15.1256 ms
2026-04-14 17:28:40.532 +07:00 [INF] Executed action ThucLuc.Api.Controllers.V1.MauBaoCaoController.GetAll (ThucLuc.Api) in 7.7282ms
2026-04-14 17:28:40.534 +07:00 [INF] Request finished HTTP/1.1 GET http://localhost:5283/api/v1/mau-bao-cao/module-catalog - 200 null application/json; charset=utf-8 22.4498ms
2026-04-14 17:28:40.535 +07:00 [INF] Executed endpoint 'ThucLuc.Api.Controllers.V1.MauBaoCaoController.GetAll (ThucLuc.Api)'
2026-04-14 17:28:40.538 +07:00 [INF] HTTP GET /api/v1/mau-bao-cao => 200 in 24.0553 ms CorrelationId=732bcfcc6c90452689322b616fe6728c UserId=5001
2026-04-14 17:28:40.539 +07:00 [INF] HTTP GET /api/v1/mau-bao-cao responded 200 in 25.2740 ms
2026-04-14 17:28:40.540 +07:00 [INF] Request finished HTTP/1.1 GET http://localhost:5283/api/v1/mau-bao-cao?includeInactive=true - 200 null application/json; charset=utf-8 30.9238ms
2026-04-14 17:28:51.877 +07:00 [INF] Request starting HTTP/1.1 OPTIONS http://localhost:5283/api/v1/don-vi/2001 - null null
2026-04-14 17:28:51.879 +07:00 [INF] Request starting HTTP/1.1 OPTIONS http://localhost:5283/api/v1/codes/by-code/NOI_DUNG_DAO_TAO_HV - null null
2026-04-14 17:28:51.880 +07:00 [INF] CORS policy execution successful.
2026-04-14 17:28:51.883 +07:00 [INF] CORS policy execution successful.
2026-04-14 17:28:51.885 +07:00 [INF] HTTP OPTIONS /api/v1/don-vi/2001 => 204 in 5.0742 ms CorrelationId=1d89573747d7478b82c15e5bc155e9c5 UserId=anonymous
2026-04-14 17:28:51.885 +07:00 [INF] HTTP OPTIONS /api/v1/codes/by-code/NOI_DUNG_DAO_TAO_HV => 204 in 1.9775 ms CorrelationId=83c5fe02f82040c9a78b08c1f34b6043 UserId=anonymous
2026-04-14 17:28:51.887 +07:00 [INF] HTTP OPTIONS /api/v1/don-vi/2001 responded 204 in 7.9075 ms
2026-04-14 17:28:51.889 +07:00 [INF] HTTP OPTIONS /api/v1/codes/by-code/NOI_DUNG_DAO_TAO_HV responded 204 in 6.0397 ms
2026-04-14 17:28:51.891 +07:00 [INF] Request finished HTTP/1.1 OPTIONS http://localhost:5283/api/v1/don-vi/2001 - 204 null null 13.5813ms
2026-04-14 17:28:51.892 +07:00 [INF] Request finished HTTP/1.1 OPTIONS http://localhost:5283/api/v1/codes/by-code/NOI_DUNG_DAO_TAO_HV - 204 null null 13.1136ms
2026-04-14 17:28:51.895 +07:00 [INF] Request starting HTTP/1.1 GET http://localhost:5283/api/v1/don-vi/2001 - null null
2026-04-14 17:28:51.897 +07:00 [INF] Request starting HTTP/1.1 GET http://localhost:5283/api/v1/codes/by-code/NOI_DUNG_DAO_TAO_HV - null null
2026-04-14 17:28:51.900 +07:00 [INF] CORS policy execution successful.
2026-04-14 17:28:51.903 +07:00 [INF] CORS policy execution successful.
2026-04-14 17:28:51.903 +07:00 [INF] Executing endpoint 'ThucLuc.Api.Controllers.V1.DonViController.GetById (ThucLuc.Api)'
2026-04-14 17:28:51.904 +07:00 [INF] Executing endpoint 'ThucLuc.Api.Controllers.V1.CodesController.GetByCode (ThucLuc.Api)'
2026-04-14 17:28:51.905 +07:00 [INF] Route matched with {action = "GetById", controller = "DonVi"}. Executing controller action with signature System.Threading.Tasks.Task`1[Microsoft.AspNetCore.Mvc.ActionResult`1[ThucLuc.Api.Common.Models.ApiResponse`1[ThucLuc.Application.Features.DonVi.DonViDto]]] GetById(Int64, System.Threading.CancellationToken) on controller ThucLuc.Api.Controllers.V1.DonViController (ThucLuc.Api).
2026-04-14 17:28:51.906 +07:00 [INF] Route matched with {action = "GetByCode", controller = "Codes"}. Executing controller action with signature System.Threading.Tasks.Task`1[Microsoft.AspNetCore.Mvc.ActionResult`1[ThucLuc.Api.Common.Models.ApiResponse`1[ThucLuc.Application.Features.Codes.CodeDto]]] GetByCode(System.String, System.Threading.CancellationToken) on controller ThucLuc.Api.Controllers.V1.CodesController (ThucLuc.Api).
2026-04-14 17:28:51.910 +07:00 [INF] Executing OkObjectResult, writing value of type 'ThucLuc.Api.Common.Models.ApiResponse`1[[ThucLuc.Application.Features.DonVi.DonViDto, ThucLuc.Application, Version=1.0.0.0, Culture=neutral, PublicKeyToken=null]]'.
2026-04-14 17:28:51.911 +07:00 [INF] Executed action ThucLuc.Api.Controllers.V1.DonViController.GetById (ThucLuc.Api) in 4.0356ms
2026-04-14 17:28:51.912 +07:00 [INF] Executing OkObjectResult, writing value of type 'ThucLuc.Api.Common.Models.ApiResponse`1[[ThucLuc.Application.Features.Codes.CodeDto, ThucLuc.Application, Version=1.0.0.0, Culture=neutral, PublicKeyToken=null]]'.
2026-04-14 17:28:51.913 +07:00 [INF] Executed endpoint 'ThucLuc.Api.Controllers.V1.DonViController.GetById (ThucLuc.Api)'
2026-04-14 17:28:51.915 +07:00 [INF] HTTP GET /api/v1/don-vi/2001 => 200 in 14.9577 ms CorrelationId=927451255c9848a29636f0f06345e80c UserId=5001
2026-04-14 17:28:51.914 +07:00 [INF] Executed action ThucLuc.Api.Controllers.V1.CodesController.GetByCode (ThucLuc.Api) in 3.8397ms
2026-04-14 17:28:51.917 +07:00 [INF] HTTP GET /api/v1/don-vi/2001 responded 200 in 17.5373 ms
2026-04-14 17:28:51.918 +07:00 [INF] Executed endpoint 'ThucLuc.Api.Controllers.V1.CodesController.GetByCode (ThucLuc.Api)'
2026-04-14 17:28:51.920 +07:00 [INF] Request finished HTTP/1.1 GET http://localhost:5283/api/v1/don-vi/2001 - 200 null application/json; charset=utf-8 24.7184ms
2026-04-14 17:28:51.921 +07:00 [INF] HTTP GET /api/v1/codes/by-code/NOI_DUNG_DAO_TAO_HV => 200 in 18.3877 ms CorrelationId=c3653fafde0c450e8a5f25b29d0df345 UserId=5001
2026-04-14 17:28:51.925 +07:00 [INF] HTTP GET /api/v1/codes/by-code/NOI_DUNG_DAO_TAO_HV responded 200 in 21.8949 ms
2026-04-14 17:28:51.926 +07:00 [INF] Request finished HTTP/1.1 GET http://localhost:5283/api/v1/codes/by-code/NOI_DUNG_DAO_TAO_HV - 200 null application/json; charset=utf-8 28.6578ms
2026-04-14 17:28:51.929 +07:00 [INF] Request starting HTTP/1.1 OPTIONS http://localhost:5283/api/v1/dao-tao-hoc-vien?kyCode=2026Q1 - null null
2026-04-14 17:28:51.931 +07:00 [INF] CORS policy execution successful.
2026-04-14 17:28:51.931 +07:00 [INF] HTTP OPTIONS /api/v1/dao-tao-hoc-vien => 204 in 0.5814 ms CorrelationId=f194d3108dc54d98bc411cc51f61e610 UserId=anonymous
2026-04-14 17:28:51.934 +07:00 [INF] HTTP OPTIONS /api/v1/dao-tao-hoc-vien responded 204 in 2.7129 ms
2026-04-14 17:28:51.935 +07:00 [INF] Request finished HTTP/1.1 OPTIONS http://localhost:5283/api/v1/dao-tao-hoc-vien?kyCode=2026Q1 - 204 null null 6.2059ms
2026-04-14 17:28:51.938 +07:00 [INF] Request starting HTTP/1.1 GET http://localhost:5283/api/v1/dao-tao-hoc-vien?kyCode=2026Q1 - null null
2026-04-14 17:28:51.939 +07:00 [INF] CORS policy execution successful.
2026-04-14 17:28:51.940 +07:00 [INF] Executing endpoint 'ThucLuc.Api.Controllers.V1.DaoTaoHocVienController.GetAll (ThucLuc.Api)'
2026-04-14 17:28:51.941 +07:00 [INF] Route matched with {action = "GetAll", controller = "DaoTaoHocVien"}. Executing controller action with signature System.Threading.Tasks.Task`1[Microsoft.AspNetCore.Mvc.ActionResult`1[ThucLuc.Api.Common.Models.ApiResponse`1[System.Collections.Generic.IReadOnlyCollection`1[ThucLuc.Application.Features.DaoTaoHocVien.DaoTaoHocVienDto]]]] GetAll(System.Nullable`1[System.Int32], System.Threading.CancellationToken) on controller ThucLuc.Api.Controllers.V1.DaoTaoHocVienController (ThucLuc.Api).
2026-04-14 17:28:51.945 +07:00 [INF] Executing OkObjectResult, writing value of type 'ThucLuc.Api.Common.Models.ApiResponse`1[[System.Collections.Generic.IReadOnlyCollection`1[[ThucLuc.Application.Features.DaoTaoHocVien.DaoTaoHocVienDto, ThucLuc.Application, Version=1.0.0.0, Culture=neutral, PublicKeyToken=null]], System.Private.CoreLib, Version=8.0.0.0, Culture=neutral, PublicKeyToken=7cec85d7bea7798e]]'.
2026-04-14 17:28:51.946 +07:00 [INF] Executed action ThucLuc.Api.Controllers.V1.DaoTaoHocVienController.GetAll (ThucLuc.Api) in 3.5037ms
2026-04-14 17:28:51.947 +07:00 [INF] Executed endpoint 'ThucLuc.Api.Controllers.V1.DaoTaoHocVienController.GetAll (ThucLuc.Api)'
2026-04-14 17:28:51.948 +07:00 [INF] HTTP GET /api/v1/dao-tao-hoc-vien => 200 in 9.0261 ms CorrelationId=9d5b6145ab6a4d30a579a320668efa63 UserId=5001
2026-04-14 17:28:51.951 +07:00 [INF] HTTP GET /api/v1/dao-tao-hoc-vien responded 200 in 11.6619 ms
2026-04-14 17:28:51.953 +07:00 [INF] Request finished HTTP/1.1 GET http://localhost:5283/api/v1/dao-tao-hoc-vien?kyCode=2026Q1 - 200 null application/json; charset=utf-8 15.1209ms
2026-04-14 17:28:52.455 +07:00 [INF] Request starting HTTP/1.1 GET http://localhost:5283/api/v1/don-vi/2001 - null null
2026-04-14 17:28:52.458 +07:00 [INF] CORS policy execution successful.
2026-04-14 17:28:52.459 +07:00 [INF] Executing endpoint 'ThucLuc.Api.Controllers.V1.DonViController.GetById (ThucLuc.Api)'
2026-04-14 17:28:52.460 +07:00 [INF] Request starting HTTP/1.1 OPTIONS http://localhost:5283/api/v1/mau-bao-cao?includeInactive=true - null null
2026-04-14 17:28:52.460 +07:00 [INF] Request starting HTTP/1.1 OPTIONS http://localhost:5283/api/v1/mau-bao-cao/module-catalog - null null
2026-04-14 17:28:52.461 +07:00 [INF] Route matched with {action = "GetById", controller = "DonVi"}. Executing controller action with signature System.Threading.Tasks.Task`1[Microsoft.AspNetCore.Mvc.ActionResult`1[ThucLuc.Api.Common.Models.ApiResponse`1[ThucLuc.Application.Features.DonVi.DonViDto]]] GetById(Int64, System.Threading.CancellationToken) on controller ThucLuc.Api.Controllers.V1.DonViController (ThucLuc.Api).
2026-04-14 17:28:52.463 +07:00 [INF] CORS policy execution successful.
2026-04-14 17:28:52.465 +07:00 [INF] CORS policy execution successful.
2026-04-14 17:28:52.467 +07:00 [INF] HTTP OPTIONS /api/v1/mau-bao-cao => 204 in 3.6711 ms CorrelationId=36bfc01d31824d65bb6d40f79dbafa5e UserId=anonymous
2026-04-14 17:28:52.468 +07:00 [INF] HTTP OPTIONS /api/v1/mau-bao-cao/module-catalog => 204 in 3.0226 ms CorrelationId=d5fe087546104f72a6b744df6ee6a380 UserId=anonymous
2026-04-14 17:28:52.469 +07:00 [INF] Executing OkObjectResult, writing value of type 'ThucLuc.Api.Common.Models.ApiResponse`1[[ThucLuc.Application.Features.DonVi.DonViDto, ThucLuc.Application, Version=1.0.0.0, Culture=neutral, PublicKeyToken=null]]'.
2026-04-14 17:28:52.469 +07:00 [INF] HTTP OPTIONS /api/v1/mau-bao-cao responded 204 in 6.5796 ms
2026-04-14 17:28:52.471 +07:00 [INF] HTTP OPTIONS /api/v1/mau-bao-cao/module-catalog responded 204 in 6.7907 ms
2026-04-14 17:28:52.472 +07:00 [INF] Executed action ThucLuc.Api.Controllers.V1.DonViController.GetById (ThucLuc.Api) in 6.377ms
2026-04-14 17:28:52.476 +07:00 [INF] Request finished HTTP/1.1 OPTIONS http://localhost:5283/api/v1/mau-bao-cao/module-catalog - 204 null null 15.6113ms
2026-04-14 17:28:52.476 +07:00 [INF] Request finished HTTP/1.1 OPTIONS http://localhost:5283/api/v1/mau-bao-cao?includeInactive=true - 204 null null 15.8273ms
2026-04-14 17:28:52.477 +07:00 [INF] Executed endpoint 'ThucLuc.Api.Controllers.V1.DonViController.GetById (ThucLuc.Api)'
2026-04-14 17:28:52.480 +07:00 [INF] Request starting HTTP/1.1 GET http://localhost:5283/api/v1/mau-bao-cao?includeInactive=true - null null
2026-04-14 17:28:52.482 +07:00 [INF] Request starting HTTP/1.1 GET http://localhost:5283/api/v1/mau-bao-cao/module-catalog - null null
2026-04-14 17:28:52.484 +07:00 [INF] HTTP GET /api/v1/don-vi/2001 => 200 in 25.4389 ms CorrelationId=4508d1d0d0a44c5aa28bfe8f33eac9e0 UserId=5001
2026-04-14 17:28:52.486 +07:00 [INF] CORS policy execution successful.
2026-04-14 17:28:52.487 +07:00 [INF] CORS policy execution successful.
2026-04-14 17:28:52.489 +07:00 [INF] HTTP GET /api/v1/don-vi/2001 responded 200 in 30.2596 ms
2026-04-14 17:28:52.489 +07:00 [INF] Executing endpoint 'ThucLuc.Api.Controllers.V1.MauBaoCaoController.GetAll (ThucLuc.Api)'
2026-04-14 17:28:52.490 +07:00 [INF] Executing endpoint 'ThucLuc.Api.Controllers.V1.MauBaoCaoController.GetModuleCatalog (ThucLuc.Api)'
2026-04-14 17:28:52.491 +07:00 [INF] Request finished HTTP/1.1 GET http://localhost:5283/api/v1/don-vi/2001 - 200 null application/json; charset=utf-8 35.4975ms
2026-04-14 17:28:52.492 +07:00 [INF] Route matched with {action = "GetAll", controller = "MauBaoCao"}. Executing controller action with signature System.Threading.Tasks.Task`1[Microsoft.AspNetCore.Mvc.ActionResult`1[ThucLuc.Api.Common.Models.ApiResponse`1[System.Collections.Generic.IReadOnlyCollection`1[ThucLuc.Application.Features.MauBaoCao.MauBaoCaoDto]]]] GetAll(Boolean, System.Threading.CancellationToken) on controller ThucLuc.Api.Controllers.V1.MauBaoCaoController (ThucLuc.Api).
2026-04-14 17:28:52.493 +07:00 [INF] Route matched with {action = "GetModuleCatalog", controller = "MauBaoCao"}. Executing controller action with signature System.Threading.Tasks.Task`1[Microsoft.AspNetCore.Mvc.ActionResult`1[ThucLuc.Api.Common.Models.ApiResponse`1[System.Collections.Generic.IReadOnlyCollection`1[ThucLuc.Application.Features.MauBaoCao.MauBaoCaoModuleCatalogGroupDto]]]] GetModuleCatalog(System.Threading.CancellationToken) on controller ThucLuc.Api.Controllers.V1.MauBaoCaoController (ThucLuc.Api).
2026-04-14 17:28:52.499 +07:00 [INF] Executing OkObjectResult, writing value of type 'ThucLuc.Api.Common.Models.ApiResponse`1[[System.Collections.Generic.IReadOnlyCollection`1[[ThucLuc.Application.Features.MauBaoCao.MauBaoCaoModuleCatalogGroupDto, ThucLuc.Application, Version=1.0.0.0, Culture=neutral, PublicKeyToken=null]], System.Private.CoreLib, Version=8.0.0.0, Culture=neutral, PublicKeyToken=7cec85d7bea7798e]]'.
2026-04-14 17:28:52.500 +07:00 [INF] Executed action ThucLuc.Api.Controllers.V1.MauBaoCaoController.GetModuleCatalog (ThucLuc.Api) in 1.0217ms
2026-04-14 17:28:52.502 +07:00 [INF] Executed endpoint 'ThucLuc.Api.Controllers.V1.MauBaoCaoController.GetModuleCatalog (ThucLuc.Api)'
2026-04-14 17:28:52.503 +07:00 [INF] HTTP GET /api/v1/mau-bao-cao/module-catalog => 200 in 15.7385 ms CorrelationId=ea57af70bbfd4119b5c170e53f087640 UserId=5001
2026-04-14 17:28:52.503 +07:00 [INF] Executing OkObjectResult, writing value of type 'ThucLuc.Api.Common.Models.ApiResponse`1[[System.Collections.Generic.IReadOnlyCollection`1[[ThucLuc.Application.Features.MauBaoCao.MauBaoCaoDto, ThucLuc.Application, Version=1.0.0.0, Culture=neutral, PublicKeyToken=null]], System.Private.CoreLib, Version=8.0.0.0, Culture=neutral, PublicKeyToken=7cec85d7bea7798e]]'.
2026-04-14 17:28:52.504 +07:00 [INF] HTTP GET /api/v1/mau-bao-cao/module-catalog responded 200 in 17.2033 ms
2026-04-14 17:28:52.505 +07:00 [INF] Executed action ThucLuc.Api.Controllers.V1.MauBaoCaoController.GetAll (ThucLuc.Api) in 7.7193ms
2026-04-14 17:28:52.507 +07:00 [INF] Request finished HTTP/1.1 GET http://localhost:5283/api/v1/mau-bao-cao/module-catalog - 200 null application/json; charset=utf-8 24.5392ms
2026-04-14 17:28:52.508 +07:00 [INF] Executed endpoint 'ThucLuc.Api.Controllers.V1.MauBaoCaoController.GetAll (ThucLuc.Api)'
2026-04-14 17:28:52.512 +07:00 [INF] HTTP GET /api/v1/mau-bao-cao => 200 in 26.2096 ms CorrelationId=e15992d07475408aac0f36ab1133d54d UserId=5001
2026-04-14 17:28:52.513 +07:00 [INF] HTTP GET /api/v1/mau-bao-cao responded 200 in 27.3147 ms
2026-04-14 17:28:52.514 +07:00 [INF] Request finished HTTP/1.1 GET http://localhost:5283/api/v1/mau-bao-cao?includeInactive=true - 200 null application/json; charset=utf-8 33.8902ms
2026-04-14 17:28:59.061 +07:00 [INF] Request starting HTTP/1.1 OPTIONS http://localhost:5283/api/v1/don-vi/2001 - null null
2026-04-14 17:28:59.063 +07:00 [INF] CORS policy execution successful.
2026-04-14 17:28:59.063 +07:00 [INF] Request starting HTTP/1.1 OPTIONS http://localhost:5283/api/v1/codes/by-code/NOI_DUNG_DAO_TAO_HV - null null
2026-04-14 17:28:59.064 +07:00 [INF] HTTP OPTIONS /api/v1/don-vi/2001 => 204 in 0.6178 ms CorrelationId=cdda674c7f864ac7aff916042913176f UserId=anonymous
2026-04-14 17:28:59.065 +07:00 [INF] CORS policy execution successful.
2026-04-14 17:28:59.066 +07:00 [INF] HTTP OPTIONS /api/v1/don-vi/2001 responded 204 in 2.9701 ms
2026-04-14 17:28:59.067 +07:00 [INF] HTTP OPTIONS /api/v1/codes/by-code/NOI_DUNG_DAO_TAO_HV => 204 in 1.9172 ms CorrelationId=e0aa107ad1c742bbb692735124b77ec2 UserId=anonymous
2026-04-14 17:28:59.068 +07:00 [INF] Request finished HTTP/1.1 OPTIONS http://localhost:5283/api/v1/don-vi/2001 - 204 null null 7.2211ms
2026-04-14 17:28:59.070 +07:00 [INF] HTTP OPTIONS /api/v1/codes/by-code/NOI_DUNG_DAO_TAO_HV responded 204 in 5.3160 ms
2026-04-14 17:28:59.073 +07:00 [INF] Request starting HTTP/1.1 GET http://localhost:5283/api/v1/don-vi/2001 - null null
2026-04-14 17:28:59.074 +07:00 [INF] Request finished HTTP/1.1 OPTIONS http://localhost:5283/api/v1/codes/by-code/NOI_DUNG_DAO_TAO_HV - 204 null null 11.1031ms
2026-04-14 17:28:59.076 +07:00 [INF] CORS policy execution successful.
2026-04-14 17:28:59.078 +07:00 [INF] Request starting HTTP/1.1 GET http://localhost:5283/api/v1/codes/by-code/NOI_DUNG_DAO_TAO_HV - null null
2026-04-14 17:28:59.079 +07:00 [INF] Executing endpoint 'ThucLuc.Api.Controllers.V1.DonViController.GetById (ThucLuc.Api)'
2026-04-14 17:28:59.081 +07:00 [INF] CORS policy execution successful.
2026-04-14 17:28:59.082 +07:00 [INF] Route matched with {action = "GetById", controller = "DonVi"}. Executing controller action with signature System.Threading.Tasks.Task`1[Microsoft.AspNetCore.Mvc.ActionResult`1[ThucLuc.Api.Common.Models.ApiResponse`1[ThucLuc.Application.Features.DonVi.DonViDto]]] GetById(Int64, System.Threading.CancellationToken) on controller ThucLuc.Api.Controllers.V1.DonViController (ThucLuc.Api).
2026-04-14 17:28:59.083 +07:00 [INF] Executing endpoint 'ThucLuc.Api.Controllers.V1.CodesController.GetByCode (ThucLuc.Api)'
2026-04-14 17:28:59.086 +07:00 [INF] Route matched with {action = "GetByCode", controller = "Codes"}. Executing controller action with signature System.Threading.Tasks.Task`1[Microsoft.AspNetCore.Mvc.ActionResult`1[ThucLuc.Api.Common.Models.ApiResponse`1[ThucLuc.Application.Features.Codes.CodeDto]]] GetByCode(System.String, System.Threading.CancellationToken) on controller ThucLuc.Api.Controllers.V1.CodesController (ThucLuc.Api).
2026-04-14 17:28:59.087 +07:00 [INF] Executing OkObjectResult, writing value of type 'ThucLuc.Api.Common.Models.ApiResponse`1[[ThucLuc.Application.Features.DonVi.DonViDto, ThucLuc.Application, Version=1.0.0.0, Culture=neutral, PublicKeyToken=null]]'.
2026-04-14 17:28:59.089 +07:00 [INF] Executed action ThucLuc.Api.Controllers.V1.DonViController.GetById (ThucLuc.Api) in 4.1787ms
2026-04-14 17:28:59.090 +07:00 [INF] Executing OkObjectResult, writing value of type 'ThucLuc.Api.Common.Models.ApiResponse`1[[ThucLuc.Application.Features.Codes.CodeDto, ThucLuc.Application, Version=1.0.0.0, Culture=neutral, PublicKeyToken=null]]'.
2026-04-14 17:28:59.092 +07:00 [INF] Executed endpoint 'ThucLuc.Api.Controllers.V1.DonViController.GetById (ThucLuc.Api)'
2026-04-14 17:28:59.093 +07:00 [INF] Executed action ThucLuc.Api.Controllers.V1.CodesController.GetByCode (ThucLuc.Api) in 4.9047ms
2026-04-14 17:28:59.094 +07:00 [INF] HTTP GET /api/v1/don-vi/2001 => 200 in 17.2527 ms CorrelationId=6af81ef63d5f48f8bdd403ac36e2b28a UserId=5001
2026-04-14 17:28:59.095 +07:00 [INF] Executed endpoint 'ThucLuc.Api.Controllers.V1.CodesController.GetByCode (ThucLuc.Api)'
2026-04-14 17:28:59.097 +07:00 [INF] HTTP GET /api/v1/don-vi/2001 responded 200 in 20.0634 ms
2026-04-14 17:28:59.097 +07:00 [INF] HTTP GET /api/v1/codes/by-code/NOI_DUNG_DAO_TAO_HV => 200 in 16.001 ms CorrelationId=309cd0291d444901b8f7368b2eba80de UserId=5001
2026-04-14 17:28:59.099 +07:00 [INF] Request finished HTTP/1.1 GET http://localhost:5283/api/v1/don-vi/2001 - 200 null application/json; charset=utf-8 26.6146ms
2026-04-14 17:28:59.102 +07:00 [INF] HTTP GET /api/v1/codes/by-code/NOI_DUNG_DAO_TAO_HV responded 200 in 20.2177 ms
2026-04-14 17:28:59.105 +07:00 [INF] Request finished HTTP/1.1 GET http://localhost:5283/api/v1/codes/by-code/NOI_DUNG_DAO_TAO_HV - 200 null application/json; charset=utf-8 26.707ms
2026-04-14 17:28:59.108 +07:00 [INF] Request starting HTTP/1.1 OPTIONS http://localhost:5283/api/v1/dao-tao-hoc-vien?kyCode=2026Q1 - null null
2026-04-14 17:28:59.110 +07:00 [INF] CORS policy execution successful.
2026-04-14 17:28:59.111 +07:00 [INF] HTTP OPTIONS /api/v1/dao-tao-hoc-vien => 204 in 0.8001 ms CorrelationId=787fe5b79c584586af8c765d10e5ec34 UserId=anonymous
2026-04-14 17:28:59.113 +07:00 [INF] HTTP OPTIONS /api/v1/dao-tao-hoc-vien responded 204 in 2.6574 ms
2026-04-14 17:28:59.114 +07:00 [INF] Request finished HTTP/1.1 OPTIONS http://localhost:5283/api/v1/dao-tao-hoc-vien?kyCode=2026Q1 - 204 null null 5.8673ms
2026-04-14 17:28:59.115 +07:00 [INF] Request starting HTTP/1.1 GET http://localhost:5283/api/v1/dao-tao-hoc-vien?kyCode=2026Q1 - null null
2026-04-14 17:28:59.116 +07:00 [INF] CORS policy execution successful.
2026-04-14 17:28:59.118 +07:00 [INF] Executing endpoint 'ThucLuc.Api.Controllers.V1.DaoTaoHocVienController.GetAll (ThucLuc.Api)'
2026-04-14 17:28:59.119 +07:00 [INF] Route matched with {action = "GetAll", controller = "DaoTaoHocVien"}. Executing controller action with signature System.Threading.Tasks.Task`1[Microsoft.AspNetCore.Mvc.ActionResult`1[ThucLuc.Api.Common.Models.ApiResponse`1[System.Collections.Generic.IReadOnlyCollection`1[ThucLuc.Application.Features.DaoTaoHocVien.DaoTaoHocVienDto]]]] GetAll(System.Nullable`1[System.Int32], System.Threading.CancellationToken) on controller ThucLuc.Api.Controllers.V1.DaoTaoHocVienController (ThucLuc.Api).
2026-04-14 17:28:59.123 +07:00 [INF] Executing OkObjectResult, writing value of type 'ThucLuc.Api.Common.Models.ApiResponse`1[[System.Collections.Generic.IReadOnlyCollection`1[[ThucLuc.Application.Features.DaoTaoHocVien.DaoTaoHocVienDto, ThucLuc.Application, Version=1.0.0.0, Culture=neutral, PublicKeyToken=null]], System.Private.CoreLib, Version=8.0.0.0, Culture=neutral, PublicKeyToken=7cec85d7bea7798e]]'.
2026-04-14 17:28:59.124 +07:00 [INF] Executed action ThucLuc.Api.Controllers.V1.DaoTaoHocVienController.GetAll (ThucLuc.Api) in 3.0381ms
2026-04-14 17:28:59.125 +07:00 [INF] Executed endpoint 'ThucLuc.Api.Controllers.V1.DaoTaoHocVienController.GetAll (ThucLuc.Api)'
2026-04-14 17:28:59.126 +07:00 [INF] HTTP GET /api/v1/dao-tao-hoc-vien => 200 in 9.5928 ms CorrelationId=dcde7b972d9b44d6afcd3b7817dd90f9 UserId=5001
2026-04-14 17:28:59.127 +07:00 [INF] HTTP GET /api/v1/dao-tao-hoc-vien responded 200 in 11.0900 ms
2026-04-14 17:28:59.129 +07:00 [INF] Request finished HTTP/1.1 GET http://localhost:5283/api/v1/dao-tao-hoc-vien?kyCode=2026Q1 - 200 null application/json; charset=utf-8 13.4372ms
2026-04-14 17:28:59.495 +07:00 [INF] Request starting HTTP/1.1 GET http://localhost:5283/api/v1/don-vi/2001 - null null
2026-04-14 17:28:59.497 +07:00 [INF] CORS policy execution successful.
2026-04-14 17:28:59.497 +07:00 [INF] Executing endpoint 'ThucLuc.Api.Controllers.V1.DonViController.GetById (ThucLuc.Api)'
2026-04-14 17:28:59.498 +07:00 [INF] Route matched with {action = "GetById", controller = "DonVi"}. Executing controller action with signature System.Threading.Tasks.Task`1[Microsoft.AspNetCore.Mvc.ActionResult`1[ThucLuc.Api.Common.Models.ApiResponse`1[ThucLuc.Application.Features.DonVi.DonViDto]]] GetById(Int64, System.Threading.CancellationToken) on controller ThucLuc.Api.Controllers.V1.DonViController (ThucLuc.Api).
2026-04-14 17:28:59.501 +07:00 [INF] Request starting HTTP/1.1 OPTIONS http://localhost:5283/api/v1/mau-bao-cao?includeInactive=true - null null
2026-04-14 17:28:59.501 +07:00 [INF] Request starting HTTP/1.1 OPTIONS http://localhost:5283/api/v1/mau-bao-cao/module-catalog - null null
2026-04-14 17:28:59.503 +07:00 [INF] Executing OkObjectResult, writing value of type 'ThucLuc.Api.Common.Models.ApiResponse`1[[ThucLuc.Application.Features.DonVi.DonViDto, ThucLuc.Application, Version=1.0.0.0, Culture=neutral, PublicKeyToken=null]]'.
2026-04-14 17:28:59.503 +07:00 [INF] CORS policy execution successful.
2026-04-14 17:28:59.505 +07:00 [INF] CORS policy execution successful.
2026-04-14 17:28:59.506 +07:00 [INF] Executed action ThucLuc.Api.Controllers.V1.DonViController.GetById (ThucLuc.Api) in 6.3515ms
2026-04-14 17:28:59.507 +07:00 [INF] HTTP OPTIONS /api/v1/mau-bao-cao => 204 in 3.5903 ms CorrelationId=6b8e129fdd2c42159caf73bb89175983 UserId=anonymous
2026-04-14 17:28:59.507 +07:00 [INF] HTTP OPTIONS /api/v1/mau-bao-cao/module-catalog => 204 in 2.4246 ms CorrelationId=d340e8c7b5ef4ebc950b2411c277ed27 UserId=anonymous
2026-04-14 17:28:59.509 +07:00 [INF] Executed endpoint 'ThucLuc.Api.Controllers.V1.DonViController.GetById (ThucLuc.Api)'
2026-04-14 17:28:59.510 +07:00 [INF] HTTP OPTIONS /api/v1/mau-bao-cao responded 204 in 7.2871 ms
2026-04-14 17:28:59.512 +07:00 [INF] HTTP OPTIONS /api/v1/mau-bao-cao/module-catalog responded 204 in 7.2141 ms
2026-04-14 17:28:59.513 +07:00 [INF] HTTP GET /api/v1/don-vi/2001 => 200 in 16.6208 ms CorrelationId=916a7648946a45c49a4f8d7e7957a14a UserId=5001
2026-04-14 17:28:59.515 +07:00 [INF] Request finished HTTP/1.1 OPTIONS http://localhost:5283/api/v1/mau-bao-cao?includeInactive=true - 204 null null 14.2573ms
2026-04-14 17:28:59.516 +07:00 [INF] Request finished HTTP/1.1 OPTIONS http://localhost:5283/api/v1/mau-bao-cao/module-catalog - 204 null null 15.7054ms
2026-04-14 17:28:59.519 +07:00 [INF] HTTP GET /api/v1/don-vi/2001 responded 200 in 22.5357 ms
2026-04-14 17:28:59.521 +07:00 [INF] Request starting HTTP/1.1 GET http://localhost:5283/api/v1/mau-bao-cao?includeInactive=true - null null
2026-04-14 17:28:59.525 +07:00 [INF] Request starting HTTP/1.1 GET http://localhost:5283/api/v1/mau-bao-cao/module-catalog - null null
2026-04-14 17:28:59.526 +07:00 [INF] Request finished HTTP/1.1 GET http://localhost:5283/api/v1/don-vi/2001 - 200 null application/json; charset=utf-8 31.2968ms
2026-04-14 17:28:59.529 +07:00 [INF] CORS policy execution successful.
2026-04-14 17:28:59.531 +07:00 [INF] CORS policy execution successful.
2026-04-14 17:28:59.535 +07:00 [INF] Executing endpoint 'ThucLuc.Api.Controllers.V1.MauBaoCaoController.GetAll (ThucLuc.Api)'
2026-04-14 17:28:59.536 +07:00 [INF] Executing endpoint 'ThucLuc.Api.Controllers.V1.MauBaoCaoController.GetModuleCatalog (ThucLuc.Api)'
2026-04-14 17:28:59.536 +07:00 [INF] Route matched with {action = "GetAll", controller = "MauBaoCao"}. Executing controller action with signature System.Threading.Tasks.Task`1[Microsoft.AspNetCore.Mvc.ActionResult`1[ThucLuc.Api.Common.Models.ApiResponse`1[System.Collections.Generic.IReadOnlyCollection`1[ThucLuc.Application.Features.MauBaoCao.MauBaoCaoDto]]]] GetAll(Boolean, System.Threading.CancellationToken) on controller ThucLuc.Api.Controllers.V1.MauBaoCaoController (ThucLuc.Api).
2026-04-14 17:28:59.538 +07:00 [INF] Route matched with {action = "GetModuleCatalog", controller = "MauBaoCao"}. Executing controller action with signature System.Threading.Tasks.Task`1[Microsoft.AspNetCore.Mvc.ActionResult`1[ThucLuc.Api.Common.Models.ApiResponse`1[System.Collections.Generic.IReadOnlyCollection`1[ThucLuc.Application.Features.MauBaoCao.MauBaoCaoModuleCatalogGroupDto]]]] GetModuleCatalog(System.Threading.CancellationToken) on controller ThucLuc.Api.Controllers.V1.MauBaoCaoController (ThucLuc.Api).
2026-04-14 17:28:59.541 +07:00 [INF] Executing OkObjectResult, writing value of type 'ThucLuc.Api.Common.Models.ApiResponse`1[[System.Collections.Generic.IReadOnlyCollection`1[[ThucLuc.Application.Features.MauBaoCao.MauBaoCaoModuleCatalogGroupDto, ThucLuc.Application, Version=1.0.0.0, Culture=neutral, PublicKeyToken=null]], System.Private.CoreLib, Version=8.0.0.0, Culture=neutral, PublicKeyToken=7cec85d7bea7798e]]'.
2026-04-14 17:28:59.542 +07:00 [INF] Executed action ThucLuc.Api.Controllers.V1.MauBaoCaoController.GetModuleCatalog (ThucLuc.Api) in 1.3645ms
2026-04-14 17:28:59.544 +07:00 [INF] Executed endpoint 'ThucLuc.Api.Controllers.V1.MauBaoCaoController.GetModuleCatalog (ThucLuc.Api)'
2026-04-14 17:28:59.544 +07:00 [INF] Executing OkObjectResult, writing value of type 'ThucLuc.Api.Common.Models.ApiResponse`1[[System.Collections.Generic.IReadOnlyCollection`1[[ThucLuc.Application.Features.MauBaoCao.MauBaoCaoDto, ThucLuc.Application, Version=1.0.0.0, Culture=neutral, PublicKeyToken=null]], System.Private.CoreLib, Version=8.0.0.0, Culture=neutral, PublicKeyToken=7cec85d7bea7798e]]'.
2026-04-14 17:28:59.545 +07:00 [INF] HTTP GET /api/v1/mau-bao-cao/module-catalog => 200 in 14.228 ms CorrelationId=dbd8037b55af4ed9bb1c53edc88ee24e UserId=5001
2026-04-14 17:28:59.546 +07:00 [INF] Executed action ThucLuc.Api.Controllers.V1.MauBaoCaoController.GetAll (ThucLuc.Api) in 7.2955ms
2026-04-14 17:28:59.549 +07:00 [INF] HTTP GET /api/v1/mau-bao-cao/module-catalog responded 200 in 17.7344 ms
2026-04-14 17:28:59.550 +07:00 [INF] Executed endpoint 'ThucLuc.Api.Controllers.V1.MauBaoCaoController.GetAll (ThucLuc.Api)'
2026-04-14 17:28:59.552 +07:00 [INF] Request finished HTTP/1.1 GET http://localhost:5283/api/v1/mau-bao-cao/module-catalog - 200 null application/json; charset=utf-8 26.9981ms
2026-04-14 17:28:59.553 +07:00 [INF] HTTP GET /api/v1/mau-bao-cao => 200 in 24.3469 ms CorrelationId=5ae4059dc6ed4a08953cc4a075505202 UserId=5001
2026-04-14 17:28:59.557 +07:00 [INF] HTTP GET /api/v1/mau-bao-cao responded 200 in 28.8121 ms
2026-04-14 17:28:59.559 +07:00 [INF] Request finished HTTP/1.1 GET http://localhost:5283/api/v1/mau-bao-cao?includeInactive=true - 200 null application/json; charset=utf-8 37.1933ms
2026-04-14 17:29:44.786 +07:00 [INF] Request starting HTTP/1.1 OPTIONS http://localhost:5283/api/v1/codes/by-code/NOI_DUNG_DAO_TAO_HV - null null
2026-04-14 17:29:44.787 +07:00 [INF] Request starting HTTP/1.1 OPTIONS http://localhost:5283/api/v1/don-vi/2001 - null null
2026-04-14 17:29:44.789 +07:00 [INF] CORS policy execution successful.
2026-04-14 17:29:44.790 +07:00 [INF] CORS policy execution successful.
2026-04-14 17:29:44.791 +07:00 [INF] HTTP OPTIONS /api/v1/codes/by-code/NOI_DUNG_DAO_TAO_HV => 204 in 1.9348 ms CorrelationId=f0dcffd09f0f4246a87a5256a61f74ef UserId=anonymous
2026-04-14 17:29:44.791 +07:00 [INF] HTTP OPTIONS /api/v1/don-vi/2001 => 204 in 1.4317 ms CorrelationId=f32bd06e152c4669a1653ec7f19fa92e UserId=anonymous
2026-04-14 17:29:44.793 +07:00 [INF] HTTP OPTIONS /api/v1/codes/by-code/NOI_DUNG_DAO_TAO_HV responded 204 in 4.1506 ms
2026-04-14 17:29:44.795 +07:00 [INF] HTTP OPTIONS /api/v1/don-vi/2001 responded 204 in 5.2322 ms
2026-04-14 17:29:44.797 +07:00 [INF] Request finished HTTP/1.1 OPTIONS http://localhost:5283/api/v1/codes/by-code/NOI_DUNG_DAO_TAO_HV - 204 null null 10.5325ms
2026-04-14 17:29:44.799 +07:00 [INF] Request finished HTTP/1.1 OPTIONS http://localhost:5283/api/v1/don-vi/2001 - 204 null null 11.908ms
2026-04-14 17:29:44.802 +07:00 [INF] Request starting HTTP/1.1 GET http://localhost:5283/api/v1/codes/by-code/NOI_DUNG_DAO_TAO_HV - null null
2026-04-14 17:29:44.807 +07:00 [INF] Request starting HTTP/1.1 GET http://localhost:5283/api/v1/don-vi/2001 - null null
2026-04-14 17:29:44.809 +07:00 [INF] CORS policy execution successful.
2026-04-14 17:29:44.811 +07:00 [INF] CORS policy execution successful.
2026-04-14 17:29:44.812 +07:00 [INF] Executing endpoint 'ThucLuc.Api.Controllers.V1.CodesController.GetByCode (ThucLuc.Api)'
2026-04-14 17:29:44.812 +07:00 [INF] Executing endpoint 'ThucLuc.Api.Controllers.V1.DonViController.GetById (ThucLuc.Api)'
2026-04-14 17:29:44.813 +07:00 [INF] Route matched with {action = "GetByCode", controller = "Codes"}. Executing controller action with signature System.Threading.Tasks.Task`1[Microsoft.AspNetCore.Mvc.ActionResult`1[ThucLuc.Api.Common.Models.ApiResponse`1[ThucLuc.Application.Features.Codes.CodeDto]]] GetByCode(System.String, System.Threading.CancellationToken) on controller ThucLuc.Api.Controllers.V1.CodesController (ThucLuc.Api).
2026-04-14 17:29:44.814 +07:00 [INF] Route matched with {action = "GetById", controller = "DonVi"}. Executing controller action with signature System.Threading.Tasks.Task`1[Microsoft.AspNetCore.Mvc.ActionResult`1[ThucLuc.Api.Common.Models.ApiResponse`1[ThucLuc.Application.Features.DonVi.DonViDto]]] GetById(Int64, System.Threading.CancellationToken) on controller ThucLuc.Api.Controllers.V1.DonViController (ThucLuc.Api).
2026-04-14 17:29:44.863 +07:00 [INF] Executing OkObjectResult, writing value of type 'ThucLuc.Api.Common.Models.ApiResponse`1[[ThucLuc.Application.Features.Codes.CodeDto, ThucLuc.Application, Version=1.0.0.0, Culture=neutral, PublicKeyToken=null]]'.
2026-04-14 17:29:44.863 +07:00 [INF] Executing OkObjectResult, writing value of type 'ThucLuc.Api.Common.Models.ApiResponse`1[[ThucLuc.Application.Features.DonVi.DonViDto, ThucLuc.Application, Version=1.0.0.0, Culture=neutral, PublicKeyToken=null]]'.
2026-04-14 17:29:44.865 +07:00 [INF] Executed action ThucLuc.Api.Controllers.V1.CodesController.GetByCode (ThucLuc.Api) in 48.6863ms
2026-04-14 17:29:44.866 +07:00 [INF] Executed action ThucLuc.Api.Controllers.V1.DonViController.GetById (ThucLuc.Api) in 48.8189ms
2026-04-14 17:29:44.867 +07:00 [INF] Executed endpoint 'ThucLuc.Api.Controllers.V1.CodesController.GetByCode (ThucLuc.Api)'
2026-04-14 17:29:44.869 +07:00 [INF] Executed endpoint 'ThucLuc.Api.Controllers.V1.DonViController.GetById (ThucLuc.Api)'
2026-04-14 17:29:44.870 +07:00 [INF] HTTP GET /api/v1/codes/by-code/NOI_DUNG_DAO_TAO_HV => 200 in 61.1129 ms CorrelationId=9e93d4263dd14a3e96884b2ac83daee5 UserId=5001
2026-04-14 17:29:44.871 +07:00 [INF] HTTP GET /api/v1/don-vi/2001 => 200 in 60.75 ms CorrelationId=e95bf7ebb18c4ed19c8f83e850e20627 UserId=5001
2026-04-14 17:29:44.873 +07:00 [INF] HTTP GET /api/v1/codes/by-code/NOI_DUNG_DAO_TAO_HV responded 200 in 64.3869 ms
2026-04-14 17:29:44.875 +07:00 [INF] HTTP GET /api/v1/don-vi/2001 responded 200 in 64.6093 ms
2026-04-14 17:29:44.877 +07:00 [INF] Request finished HTTP/1.1 GET http://localhost:5283/api/v1/codes/by-code/NOI_DUNG_DAO_TAO_HV - 200 null application/json; charset=utf-8 75.0035ms
2026-04-14 17:29:44.879 +07:00 [INF] Request finished HTTP/1.1 GET http://localhost:5283/api/v1/don-vi/2001 - 200 null application/json; charset=utf-8 71.6124ms
2026-04-14 17:29:44.882 +07:00 [INF] Request starting HTTP/1.1 OPTIONS http://localhost:5283/api/v1/dao-tao-hoc-vien?kyCode=2026Q1 - null null
2026-04-14 17:29:44.887 +07:00 [INF] CORS policy execution successful.
2026-04-14 17:29:44.888 +07:00 [INF] HTTP OPTIONS /api/v1/dao-tao-hoc-vien => 204 in 0.8323 ms CorrelationId=3de86ab2d697411a9d069e01de160ec4 UserId=anonymous
2026-04-14 17:29:44.890 +07:00 [INF] HTTP OPTIONS /api/v1/dao-tao-hoc-vien responded 204 in 3.2666 ms
2026-04-14 17:29:44.891 +07:00 [INF] Request finished HTTP/1.1 OPTIONS http://localhost:5283/api/v1/dao-tao-hoc-vien?kyCode=2026Q1 - 204 null null 9.5099ms
2026-04-14 17:29:44.894 +07:00 [INF] Request starting HTTP/1.1 GET http://localhost:5283/api/v1/dao-tao-hoc-vien?kyCode=2026Q1 - null null
2026-04-14 17:29:44.896 +07:00 [INF] CORS policy execution successful.
2026-04-14 17:29:44.896 +07:00 [INF] Executing endpoint 'ThucLuc.Api.Controllers.V1.DaoTaoHocVienController.GetAll (ThucLuc.Api)'
2026-04-14 17:29:44.897 +07:00 [INF] Route matched with {action = "GetAll", controller = "DaoTaoHocVien"}. Executing controller action with signature System.Threading.Tasks.Task`1[Microsoft.AspNetCore.Mvc.ActionResult`1[ThucLuc.Api.Common.Models.ApiResponse`1[System.Collections.Generic.IReadOnlyCollection`1[ThucLuc.Application.Features.DaoTaoHocVien.DaoTaoHocVienDto]]]] GetAll(System.Nullable`1[System.Int32], System.Threading.CancellationToken) on controller ThucLuc.Api.Controllers.V1.DaoTaoHocVienController (ThucLuc.Api).
2026-04-14 17:29:44.942 +07:00 [INF] Executing OkObjectResult, writing value of type 'ThucLuc.Api.Common.Models.ApiResponse`1[[System.Collections.Generic.IReadOnlyCollection`1[[ThucLuc.Application.Features.DaoTaoHocVien.DaoTaoHocVienDto, ThucLuc.Application, Version=1.0.0.0, Culture=neutral, PublicKeyToken=null]], System.Private.CoreLib, Version=8.0.0.0, Culture=neutral, PublicKeyToken=7cec85d7bea7798e]]'.
2026-04-14 17:29:44.943 +07:00 [INF] Executed action ThucLuc.Api.Controllers.V1.DaoTaoHocVienController.GetAll (ThucLuc.Api) in 44.7087ms
2026-04-14 17:29:44.944 +07:00 [INF] Executed endpoint 'ThucLuc.Api.Controllers.V1.DaoTaoHocVienController.GetAll (ThucLuc.Api)'
2026-04-14 17:29:44.945 +07:00 [INF] HTTP GET /api/v1/dao-tao-hoc-vien => 200 in 49.4574 ms CorrelationId=811cb2c87778481eaf2c5266b95551da UserId=5001
2026-04-14 17:29:44.946 +07:00 [INF] HTTP GET /api/v1/dao-tao-hoc-vien responded 200 in 50.5377 ms
2026-04-14 17:29:44.947 +07:00 [INF] Request finished HTTP/1.1 GET http://localhost:5283/api/v1/dao-tao-hoc-vien?kyCode=2026Q1 - 200 null application/json; charset=utf-8 52.9389ms
2026-04-14 17:30:30.733 +07:00 [INF] Request starting HTTP/1.1 OPTIONS http://localhost:5283/api/v1/don-vi/2001 - null null
2026-04-14 17:30:30.734 +07:00 [INF] Request starting HTTP/1.1 OPTIONS http://localhost:5283/api/v1/codes/by-code/NOI_DUNG_DAO_TAO_HV - null null
2026-04-14 17:30:30.735 +07:00 [INF] CORS policy execution successful.
2026-04-14 17:30:30.737 +07:00 [INF] CORS policy execution successful.
2026-04-14 17:30:30.738 +07:00 [INF] HTTP OPTIONS /api/v1/don-vi/2001 => 204 in 2.2182 ms CorrelationId=dacf581cc9364480ae7cbdc3dbb569d0 UserId=anonymous
2026-04-14 17:30:30.740 +07:00 [INF] HTTP OPTIONS /api/v1/don-vi/2001 responded 204 in 4.3683 ms
2026-04-14 17:30:30.740 +07:00 [INF] Request finished HTTP/1.1 OPTIONS http://localhost:5283/api/v1/don-vi/2001 - 204 null null 7.1197ms
2026-04-14 17:30:30.738 +07:00 [INF] HTTP OPTIONS /api/v1/codes/by-code/NOI_DUNG_DAO_TAO_HV => 204 in 1.0168 ms CorrelationId=8ba6806c6e0a434fbfb5cfad18ba7534 UserId=anonymous
2026-04-14 17:30:30.743 +07:00 [INF] Request starting HTTP/1.1 GET http://localhost:5283/api/v1/don-vi/2001 - null null
2026-04-14 17:30:30.744 +07:00 [INF] HTTP OPTIONS /api/v1/codes/by-code/NOI_DUNG_DAO_TAO_HV responded 204 in 6.7690 ms
2026-04-14 17:30:30.746 +07:00 [INF] CORS policy execution successful.
2026-04-14 17:30:30.748 +07:00 [INF] Request finished HTTP/1.1 OPTIONS http://localhost:5283/api/v1/codes/by-code/NOI_DUNG_DAO_TAO_HV - 204 null null 14.1406ms
2026-04-14 17:30:30.749 +07:00 [INF] Executing endpoint 'ThucLuc.Api.Controllers.V1.DonViController.GetById (ThucLuc.Api)'
2026-04-14 17:30:30.751 +07:00 [INF] Request starting HTTP/1.1 GET http://localhost:5283/api/v1/codes/by-code/NOI_DUNG_DAO_TAO_HV - null null
2026-04-14 17:30:30.752 +07:00 [INF] Route matched with {action = "GetById", controller = "DonVi"}. Executing controller action with signature System.Threading.Tasks.Task`1[Microsoft.AspNetCore.Mvc.ActionResult`1[ThucLuc.Api.Common.Models.ApiResponse`1[ThucLuc.Application.Features.DonVi.DonViDto]]] GetById(Int64, System.Threading.CancellationToken) on controller ThucLuc.Api.Controllers.V1.DonViController (ThucLuc.Api).
2026-04-14 17:30:30.754 +07:00 [INF] CORS policy execution successful.
2026-04-14 17:30:30.756 +07:00 [INF] Executing endpoint 'ThucLuc.Api.Controllers.V1.CodesController.GetByCode (ThucLuc.Api)'
2026-04-14 17:30:30.757 +07:00 [INF] Route matched with {action = "GetByCode", controller = "Codes"}. Executing controller action with signature System.Threading.Tasks.Task`1[Microsoft.AspNetCore.Mvc.ActionResult`1[ThucLuc.Api.Common.Models.ApiResponse`1[ThucLuc.Application.Features.Codes.CodeDto]]] GetByCode(System.String, System.Threading.CancellationToken) on controller ThucLuc.Api.Controllers.V1.CodesController (ThucLuc.Api).
2026-04-14 17:30:30.800 +07:00 [INF] Executing OkObjectResult, writing value of type 'ThucLuc.Api.Common.Models.ApiResponse`1[[ThucLuc.Application.Features.DonVi.DonViDto, ThucLuc.Application, Version=1.0.0.0, Culture=neutral, PublicKeyToken=null]]'.
2026-04-14 17:30:30.802 +07:00 [INF] Executed action ThucLuc.Api.Controllers.V1.DonViController.GetById (ThucLuc.Api) in 46.532ms
2026-04-14 17:30:30.803 +07:00 [INF] Executed endpoint 'ThucLuc.Api.Controllers.V1.DonViController.GetById (ThucLuc.Api)'
2026-04-14 17:30:30.804 +07:00 [INF] HTTP GET /api/v1/don-vi/2001 => 200 in 58.0313 ms CorrelationId=fff086cae1dc403788084b8325327a00 UserId=5001
2026-04-14 17:30:30.804 +07:00 [INF] Executing OkObjectResult, writing value of type 'ThucLuc.Api.Common.Models.ApiResponse`1[[ThucLuc.Application.Features.Codes.CodeDto, ThucLuc.Application, Version=1.0.0.0, Culture=neutral, PublicKeyToken=null]]'.
2026-04-14 17:30:30.806 +07:00 [INF] HTTP GET /api/v1/don-vi/2001 responded 200 in 59.6297 ms
2026-04-14 17:30:30.807 +07:00 [INF] Executed action ThucLuc.Api.Controllers.V1.CodesController.GetByCode (ThucLuc.Api) in 47.4738ms
2026-04-14 17:30:30.808 +07:00 [INF] Request finished HTTP/1.1 GET http://localhost:5283/api/v1/don-vi/2001 - 200 null application/json; charset=utf-8 65.0256ms
2026-04-14 17:30:30.809 +07:00 [INF] Executed endpoint 'ThucLuc.Api.Controllers.V1.CodesController.GetByCode (ThucLuc.Api)'
2026-04-14 17:30:30.812 +07:00 [INF] HTTP GET /api/v1/codes/by-code/NOI_DUNG_DAO_TAO_HV => 200 in 58.4772 ms CorrelationId=ad47a35e2d7b48b5861287c7787ce3e4 UserId=5001
2026-04-14 17:30:30.814 +07:00 [INF] HTTP GET /api/v1/codes/by-code/NOI_DUNG_DAO_TAO_HV responded 200 in 60.6571 ms
2026-04-14 17:30:30.816 +07:00 [INF] Request finished HTTP/1.1 GET http://localhost:5283/api/v1/codes/by-code/NOI_DUNG_DAO_TAO_HV - 200 null application/json; charset=utf-8 64.5405ms
2026-04-14 17:30:30.819 +07:00 [INF] Request starting HTTP/1.1 OPTIONS http://localhost:5283/api/v1/dao-tao-hoc-vien?kyCode=2026Q1 - null null
2026-04-14 17:30:30.821 +07:00 [INF] CORS policy execution successful.
2026-04-14 17:30:30.821 +07:00 [INF] HTTP OPTIONS /api/v1/dao-tao-hoc-vien => 204 in 0.5494 ms CorrelationId=13d1c7f8149d47578039aa884ec9f7d8 UserId=anonymous
2026-04-14 17:30:30.823 +07:00 [INF] HTTP OPTIONS /api/v1/dao-tao-hoc-vien responded 204 in 2.1362 ms
2026-04-14 17:30:30.824 +07:00 [INF] Request finished HTTP/1.1 OPTIONS http://localhost:5283/api/v1/dao-tao-hoc-vien?kyCode=2026Q1 - 204 null null 5.1613ms
2026-04-14 17:30:30.827 +07:00 [INF] Request starting HTTP/1.1 GET http://localhost:5283/api/v1/dao-tao-hoc-vien?kyCode=2026Q1 - null null
2026-04-14 17:30:30.828 +07:00 [INF] CORS policy execution successful.
2026-04-14 17:30:30.830 +07:00 [INF] Executing endpoint 'ThucLuc.Api.Controllers.V1.DaoTaoHocVienController.GetAll (ThucLuc.Api)'
2026-04-14 17:30:30.831 +07:00 [INF] Route matched with {action = "GetAll", controller = "DaoTaoHocVien"}. Executing controller action with signature System.Threading.Tasks.Task`1[Microsoft.AspNetCore.Mvc.ActionResult`1[ThucLuc.Api.Common.Models.ApiResponse`1[System.Collections.Generic.IReadOnlyCollection`1[ThucLuc.Application.Features.DaoTaoHocVien.DaoTaoHocVienDto]]]] GetAll(System.Nullable`1[System.Int32], System.Threading.CancellationToken) on controller ThucLuc.Api.Controllers.V1.DaoTaoHocVienController (ThucLuc.Api).
2026-04-14 17:30:30.880 +07:00 [INF] Executing OkObjectResult, writing value of type 'ThucLuc.Api.Common.Models.ApiResponse`1[[System.Collections.Generic.IReadOnlyCollection`1[[ThucLuc.Application.Features.DaoTaoHocVien.DaoTaoHocVienDto, ThucLuc.Application, Version=1.0.0.0, Culture=neutral, PublicKeyToken=null]], System.Private.CoreLib, Version=8.0.0.0, Culture=neutral, PublicKeyToken=7cec85d7bea7798e]]'.
2026-04-14 17:30:30.883 +07:00 [INF] Executed action ThucLuc.Api.Controllers.V1.DaoTaoHocVienController.GetAll (ThucLuc.Api) in 50.1529ms
2026-04-14 17:30:30.884 +07:00 [INF] Executed endpoint 'ThucLuc.Api.Controllers.V1.DaoTaoHocVienController.GetAll (ThucLuc.Api)'
2026-04-14 17:30:30.885 +07:00 [INF] HTTP GET /api/v1/dao-tao-hoc-vien => 200 in 56.2511 ms CorrelationId=a99ed15afd824b3fbc2847da06cd80bb UserId=5001
2026-04-14 17:30:30.886 +07:00 [INF] HTTP GET /api/v1/dao-tao-hoc-vien responded 200 in 58.0618 ms
2026-04-14 17:30:30.888 +07:00 [INF] Request finished HTTP/1.1 GET http://localhost:5283/api/v1/dao-tao-hoc-vien?kyCode=2026Q1 - 200 null application/json; charset=utf-8 60.9405ms
2026-04-14 17:30:31.466 +07:00 [INF] Request starting HTTP/1.1 GET http://localhost:5283/api/v1/don-vi/2001 - null null
2026-04-14 17:30:31.468 +07:00 [INF] CORS policy execution successful.
2026-04-14 17:30:31.469 +07:00 [INF] Executing endpoint 'ThucLuc.Api.Controllers.V1.DonViController.GetById (ThucLuc.Api)'
2026-04-14 17:30:31.470 +07:00 [INF] Route matched with {action = "GetById", controller = "DonVi"}. Executing controller action with signature System.Threading.Tasks.Task`1[Microsoft.AspNetCore.Mvc.ActionResult`1[ThucLuc.Api.Common.Models.ApiResponse`1[ThucLuc.Application.Features.DonVi.DonViDto]]] GetById(Int64, System.Threading.CancellationToken) on controller ThucLuc.Api.Controllers.V1.DonViController (ThucLuc.Api).
2026-04-14 17:30:31.471 +07:00 [INF] Request starting HTTP/1.1 OPTIONS http://localhost:5283/api/v1/mau-bao-cao?includeInactive=true - null null
2026-04-14 17:30:31.471 +07:00 [INF] Request starting HTTP/1.1 OPTIONS http://localhost:5283/api/v1/mau-bao-cao/module-catalog - null null
2026-04-14 17:30:31.473 +07:00 [INF] CORS policy execution successful.
2026-04-14 17:30:31.476 +07:00 [INF] CORS policy execution successful.
2026-04-14 17:30:31.476 +07:00 [INF] HTTP OPTIONS /api/v1/mau-bao-cao => 204 in 2.9258 ms CorrelationId=b758134b58254d698a5ca8dda21aa140 UserId=anonymous
2026-04-14 17:30:31.477 +07:00 [INF] HTTP OPTIONS /api/v1/mau-bao-cao/module-catalog => 204 in 1.4504 ms CorrelationId=bdcdec3db58746a9b03669600f9119ed UserId=anonymous
2026-04-14 17:30:31.480 +07:00 [INF] HTTP OPTIONS /api/v1/mau-bao-cao responded 204 in 6.1085 ms
2026-04-14 17:30:31.481 +07:00 [INF] HTTP OPTIONS /api/v1/mau-bao-cao/module-catalog responded 204 in 5.6177 ms
2026-04-14 17:30:31.482 +07:00 [INF] Request finished HTTP/1.1 OPTIONS http://localhost:5283/api/v1/mau-bao-cao?includeInactive=true - 204 null null 11.093ms
2026-04-14 17:30:31.484 +07:00 [INF] Request finished HTTP/1.1 OPTIONS http://localhost:5283/api/v1/mau-bao-cao/module-catalog - 204 null null 12.7647ms
2026-04-14 17:30:31.487 +07:00 [INF] Request starting HTTP/1.1 GET http://localhost:5283/api/v1/mau-bao-cao?includeInactive=true - null null
2026-04-14 17:30:31.490 +07:00 [INF] Request starting HTTP/1.1 GET http://localhost:5283/api/v1/mau-bao-cao/module-catalog - null null
2026-04-14 17:30:31.492 +07:00 [INF] CORS policy execution successful.
2026-04-14 17:30:31.495 +07:00 [INF] CORS policy execution successful.
2026-04-14 17:30:31.495 +07:00 [INF] Executing endpoint 'ThucLuc.Api.Controllers.V1.MauBaoCaoController.GetAll (ThucLuc.Api)'
2026-04-14 17:30:31.496 +07:00 [INF] Executing endpoint 'ThucLuc.Api.Controllers.V1.MauBaoCaoController.GetModuleCatalog (ThucLuc.Api)'
2026-04-14 17:30:31.498 +07:00 [INF] Route matched with {action = "GetAll", controller = "MauBaoCao"}. Executing controller action with signature System.Threading.Tasks.Task`1[Microsoft.AspNetCore.Mvc.ActionResult`1[ThucLuc.Api.Common.Models.ApiResponse`1[System.Collections.Generic.IReadOnlyCollection`1[ThucLuc.Application.Features.MauBaoCao.MauBaoCaoDto]]]] GetAll(Boolean, System.Threading.CancellationToken) on controller ThucLuc.Api.Controllers.V1.MauBaoCaoController (ThucLuc.Api).
2026-04-14 17:30:31.498 +07:00 [INF] Route matched with {action = "GetModuleCatalog", controller = "MauBaoCao"}. Executing controller action with signature System.Threading.Tasks.Task`1[Microsoft.AspNetCore.Mvc.ActionResult`1[ThucLuc.Api.Common.Models.ApiResponse`1[System.Collections.Generic.IReadOnlyCollection`1[ThucLuc.Application.Features.MauBaoCao.MauBaoCaoModuleCatalogGroupDto]]]] GetModuleCatalog(System.Threading.CancellationToken) on controller ThucLuc.Api.Controllers.V1.MauBaoCaoController (ThucLuc.Api).
2026-04-14 17:30:31.503 +07:00 [INF] Executing OkObjectResult, writing value of type 'ThucLuc.Api.Common.Models.ApiResponse`1[[System.Collections.Generic.IReadOnlyCollection`1[[ThucLuc.Application.Features.MauBaoCao.MauBaoCaoModuleCatalogGroupDto, ThucLuc.Application, Version=1.0.0.0, Culture=neutral, PublicKeyToken=null]], System.Private.CoreLib, Version=8.0.0.0, Culture=neutral, PublicKeyToken=7cec85d7bea7798e]]'.
2026-04-14 17:30:31.504 +07:00 [INF] Executed action ThucLuc.Api.Controllers.V1.MauBaoCaoController.GetModuleCatalog (ThucLuc.Api) in 1.3452ms
2026-04-14 17:30:31.505 +07:00 [INF] Executed endpoint 'ThucLuc.Api.Controllers.V1.MauBaoCaoController.GetModuleCatalog (ThucLuc.Api)'
2026-04-14 17:30:31.505 +07:00 [INF] Executing OkObjectResult, writing value of type 'ThucLuc.Api.Common.Models.ApiResponse`1[[System.Collections.Generic.IReadOnlyCollection`1[[ThucLuc.Application.Features.MauBaoCao.MauBaoCaoDto, ThucLuc.Application, Version=1.0.0.0, Culture=neutral, PublicKeyToken=null]], System.Private.CoreLib, Version=8.0.0.0, Culture=neutral, PublicKeyToken=7cec85d7bea7798e]]'.
2026-04-14 17:30:31.506 +07:00 [INF] HTTP GET /api/v1/mau-bao-cao/module-catalog => 200 in 11.3066 ms CorrelationId=9586cfdc1c2e48b298024e6acc1e5e90 UserId=5001
2026-04-14 17:30:31.507 +07:00 [INF] Executed action ThucLuc.Api.Controllers.V1.MauBaoCaoController.GetAll (ThucLuc.Api) in 6.9593ms
2026-04-14 17:30:31.509 +07:00 [INF] HTTP GET /api/v1/mau-bao-cao/module-catalog responded 200 in 14.1322 ms
2026-04-14 17:30:31.509 +07:00 [INF] Executed endpoint 'ThucLuc.Api.Controllers.V1.MauBaoCaoController.GetAll (ThucLuc.Api)'
2026-04-14 17:30:31.511 +07:00 [INF] Request finished HTTP/1.1 GET http://localhost:5283/api/v1/mau-bao-cao/module-catalog - 200 null application/json; charset=utf-8 20.6403ms
2026-04-14 17:30:31.512 +07:00 [INF] HTTP GET /api/v1/mau-bao-cao => 200 in 19.8614 ms CorrelationId=e7d938d89c63402eaa69c8f7a1028ce0 UserId=5001
2026-04-14 17:30:31.516 +07:00 [INF] Executing OkObjectResult, writing value of type 'ThucLuc.Api.Common.Models.ApiResponse`1[[ThucLuc.Application.Features.DonVi.DonViDto, ThucLuc.Application, Version=1.0.0.0, Culture=neutral, PublicKeyToken=null]]'.
2026-04-14 17:30:31.516 +07:00 [INF] HTTP GET /api/v1/mau-bao-cao responded 200 in 24.4374 ms
2026-04-14 17:30:31.518 +07:00 [INF] Executed action ThucLuc.Api.Controllers.V1.DonViController.GetById (ThucLuc.Api) in 46.0051ms
2026-04-14 17:30:31.519 +07:00 [INF] Request finished HTTP/1.1 GET http://localhost:5283/api/v1/mau-bao-cao?includeInactive=true - 200 null application/json; charset=utf-8 32.1677ms
2026-04-14 17:30:31.520 +07:00 [INF] Executed endpoint 'ThucLuc.Api.Controllers.V1.DonViController.GetById (ThucLuc.Api)'
2026-04-14 17:30:31.524 +07:00 [INF] HTTP GET /api/v1/don-vi/2001 => 200 in 56.2057 ms CorrelationId=2f36abb6af8745878db2e923a8ac8a51 UserId=5001
2026-04-14 17:30:31.525 +07:00 [INF] HTTP GET /api/v1/don-vi/2001 responded 200 in 57.6223 ms
2026-04-14 17:30:31.527 +07:00 [INF] Request finished HTTP/1.1 GET http://localhost:5283/api/v1/don-vi/2001 - 200 null application/json; charset=utf-8 61.1915ms
