2026-04-10 10:48:27.622 +07:00 [WRN] The decimal property 'KinhPhi' on entity type 'DaoTaoNuocNgoai' does not have a store type specified. This may lead to a precision loss if the values do not fit in the default precision and scale. Oracle recommends to explicitly specify the column type that can accommodate all the values in 'OnModelCreating' using 'HasColumnType', specify precision and scale using 'HasPrecision', or configure a value converter using 'HasConversion'.
2026-04-10 10:48:29.292 +07:00 [INF] Baseline seed data has been applied successfully.
2026-04-10 10:48:29.424 +07:00 [INF] User profile is available. Using 'C:\Users\CNTT\AppData\Local\ASP.NET\DataProtection-Keys' as key repository and Windows DPAPI to encrypt keys at rest.
2026-04-10 10:48:29.570 +07:00 [INF] Now listening on: http://localhost:5283
2026-04-10 10:48:29.571 +07:00 [INF] Application started. Press Ctrl+C to shut down.
2026-04-10 10:48:29.572 +07:00 [INF] Hosting environment: Development
2026-04-10 10:48:29.573 +07:00 [INF] Content root path: D:\Projects\ThucLuc_V2\.sources\backend\src\api
2026-04-10 10:52:30.215 +07:00 [INF] Request starting HTTP/1.1 OPTIONS http://localhost:5283/api/v1/don-vi/2001 - null null
2026-04-10 10:52:30.255 +07:00 [WRN] Failed to determine the https port for redirect.
2026-04-10 10:52:30.257 +07:00 [INF] CORS policy execution successful.
2026-04-10 10:52:30.259 +07:00 [INF] HTTP OPTIONS /api/v1/don-vi/2001 => 204 in 14.3282 ms CorrelationId=c04b684ffd404de49031961fccacacd7 UserId=anonymous
2026-04-10 10:52:30.263 +07:00 [INF] HTTP OPTIONS /api/v1/don-vi/2001 responded 204 in 21.1333 ms
2026-04-10 10:52:30.267 +07:00 [INF] Request finished HTTP/1.1 OPTIONS http://localhost:5283/api/v1/don-vi/2001 - 204 null null 53.9308ms
2026-04-10 10:52:30.271 +07:00 [INF] Request starting HTTP/1.1 GET http://localhost:5283/api/v1/don-vi/2001 - null null
2026-04-10 10:52:30.276 +07:00 [INF] CORS policy execution successful.
2026-04-10 10:52:31.652 +07:00 [INF] Failed to validate the token.
Microsoft.IdentityModel.Tokens.SecurityTokenExpiredException: IDX10223: Lifetime validation failed. The token is expired. ValidTo (UTC): '4/9/2026 11:37:56 AM', Current time (UTC): '4/10/2026 3:52:31 AM'.
   at Microsoft.IdentityModel.Tokens.ValidatorUtilities.ValidateLifetime(Nullable`1 notBefore, Nullable`1 expires, SecurityToken securityToken, TokenValidationParameters validationParameters)
   at Microsoft.IdentityModel.Tokens.Validators.ValidateLifetime(Nullable`1 notBefore, Nullable`1 expires, SecurityToken securityToken, TokenValidationParameters validationParameters)
   at Microsoft.IdentityModel.JsonWebTokens.JsonWebTokenHandler.ValidateTokenPayloadAsync(JsonWebToken jsonWebToken, TokenValidationParameters validationParameters, BaseConfiguration configuration)
   at Microsoft.IdentityModel.JsonWebTokens.JsonWebTokenHandler.ValidateJWSAsync(JsonWebToken jsonWebToken, TokenValidationParameters validationParameters, BaseConfiguration configuration)
2026-04-10 10:52:31.659 +07:00 [INF] Bearer was not authenticated. Failure message: IDX10223: Lifetime validation failed. The token is expired. ValidTo (UTC): '4/9/2026 11:37:56 AM', Current time (UTC): '4/10/2026 3:52:31 AM'.
2026-04-10 10:52:31.664 +07:00 [INF] Authorization failed. These requirements were not met:
ThucLuc.Api.Common.Authorization.PermissionRequirement
2026-04-10 10:52:31.667 +07:00 [INF] AuthenticationScheme: Bearer was challenged.
2026-04-10 10:52:31.668 +07:00 [INF] HTTP GET /api/v1/don-vi/2001 => 401 in 1393.3434 ms CorrelationId=f7b0c65c5adc4ade8465994f9750a798 UserId=anonymous
2026-04-10 10:52:31.671 +07:00 [INF] HTTP GET /api/v1/don-vi/2001 responded 401 in 1395.7046 ms
2026-04-10 10:52:31.672 +07:00 [INF] Request finished HTTP/1.1 GET http://localhost:5283/api/v1/don-vi/2001 - 401 0 null 1401.5446ms
2026-04-10 10:52:45.528 +07:00 [INF] Request starting HTTP/1.1 OPTIONS http://localhost:5283/api/v1/auth/login - null null
2026-04-10 10:52:45.531 +07:00 [INF] CORS policy execution successful.
2026-04-10 10:52:45.532 +07:00 [INF] HTTP OPTIONS /api/v1/auth/login => 204 in 1.1552 ms CorrelationId=ec40dd9df85543a9bbbee8bb051e1cbb UserId=anonymous
2026-04-10 10:52:45.533 +07:00 [INF] HTTP OPTIONS /api/v1/auth/login responded 204 in 2.4894 ms
2026-04-10 10:52:45.535 +07:00 [INF] Request finished HTTP/1.1 OPTIONS http://localhost:5283/api/v1/auth/login - 204 null null 6.8164ms
2026-04-10 10:52:45.537 +07:00 [INF] Request starting HTTP/1.1 POST http://localhost:5283/api/v1/auth/login - application/json 43
2026-04-10 10:52:45.539 +07:00 [INF] CORS policy execution successful.
2026-04-10 10:52:45.555 +07:00 [INF] Executing endpoint 'ThucLuc.Api.Controllers.V1.AuthController.Login (ThucLuc.Api)'
2026-04-10 10:52:45.576 +07:00 [INF] Route matched with {action = "Login", controller = "Auth"}. Executing controller action with signature System.Threading.Tasks.Task`1[Microsoft.AspNetCore.Mvc.ActionResult`1[ThucLuc.Api.Common.Models.ApiResponse`1[ThucLuc.Application.Features.Auth.AuthTokenDto]]] Login(ThucLuc.Application.Features.Auth.LoginRequest, System.Threading.CancellationToken) on controller ThucLuc.Api.Controllers.V1.AuthController (ThucLuc.Api).
2026-04-10 10:52:46.162 +07:00 [INF] Executing OkObjectResult, writing value of type 'ThucLuc.Api.Common.Models.ApiResponse`1[[ThucLuc.Application.Features.Auth.AuthTokenDto, ThucLuc.Application, Version=1.0.0.0, Culture=neutral, PublicKeyToken=null]]'.
2026-04-10 10:52:46.186 +07:00 [INF] Executed action ThucLuc.Api.Controllers.V1.AuthController.Login (ThucLuc.Api) in 602.1278ms
2026-04-10 10:52:46.187 +07:00 [INF] Executed endpoint 'ThucLuc.Api.Controllers.V1.AuthController.Login (ThucLuc.Api)'
2026-04-10 10:52:46.189 +07:00 [INF] HTTP POST /api/v1/auth/login => 200 in 649.9848 ms CorrelationId=e6535a8eeb5f4df2a61f5205d7fadef6 UserId=anonymous
2026-04-10 10:52:46.191 +07:00 [INF] HTTP POST /api/v1/auth/login responded 200 in 651.8398 ms
2026-04-10 10:52:46.195 +07:00 [INF] Request finished HTTP/1.1 POST http://localhost:5283/api/v1/auth/login - 200 null application/json; charset=utf-8 658.1751ms
2026-04-10 10:52:46.198 +07:00 [INF] Request starting HTTP/1.1 OPTIONS http://localhost:5283/api/v1/auth/me - null null
2026-04-10 10:52:46.199 +07:00 [INF] CORS policy execution successful.
2026-04-10 10:52:46.199 +07:00 [INF] HTTP OPTIONS /api/v1/auth/me => 204 in 0.5088 ms CorrelationId=b3321a90221e4860a39292050d1dead1 UserId=anonymous
2026-04-10 10:52:46.201 +07:00 [INF] HTTP OPTIONS /api/v1/auth/me responded 204 in 1.7838 ms
2026-04-10 10:52:46.202 +07:00 [INF] Request finished HTTP/1.1 OPTIONS http://localhost:5283/api/v1/auth/me - 204 null null 4.3658ms
2026-04-10 10:52:46.204 +07:00 [INF] Request starting HTTP/1.1 GET http://localhost:5283/api/v1/auth/me - null null
2026-04-10 10:52:46.206 +07:00 [INF] CORS policy execution successful.
2026-04-10 10:52:46.215 +07:00 [INF] Executing endpoint 'ThucLuc.Api.Controllers.V1.AuthController.Me (ThucLuc.Api)'
2026-04-10 10:52:46.220 +07:00 [INF] Route matched with {action = "Me", controller = "Auth"}. Executing controller action with signature System.Threading.Tasks.Task`1[Microsoft.AspNetCore.Mvc.ActionResult`1[ThucLuc.Api.Common.Models.ApiResponse`1[ThucLuc.Application.Features.Auth.UserProfileDto]]] Me(System.Threading.CancellationToken) on controller ThucLuc.Api.Controllers.V1.AuthController (ThucLuc.Api).
2026-04-10 10:52:46.239 +07:00 [INF] Executing OkObjectResult, writing value of type 'ThucLuc.Api.Common.Models.ApiResponse`1[[ThucLuc.Application.Features.Auth.UserProfileDto, ThucLuc.Application, Version=1.0.0.0, Culture=neutral, PublicKeyToken=null]]'.
2026-04-10 10:52:46.241 +07:00 [INF] Executed action ThucLuc.Api.Controllers.V1.AuthController.Me (ThucLuc.Api) in 19.4ms
2026-04-10 10:52:46.242 +07:00 [INF] Executed endpoint 'ThucLuc.Api.Controllers.V1.AuthController.Me (ThucLuc.Api)'
2026-04-10 10:52:46.243 +07:00 [INF] HTTP GET /api/v1/auth/me => 200 in 37.0145 ms CorrelationId=49d22ee529054fdabd7794582f7cb21e UserId=5001
2026-04-10 10:52:46.245 +07:00 [INF] HTTP GET /api/v1/auth/me responded 200 in 38.6192 ms
2026-04-10 10:52:46.246 +07:00 [INF] Request finished HTTP/1.1 GET http://localhost:5283/api/v1/auth/me - 200 null application/json; charset=utf-8 41.7439ms
2026-04-10 10:52:46.252 +07:00 [INF] Request starting HTTP/1.1 OPTIONS http://localhost:5283/api/v1/don-vi/2001 - null null
2026-04-10 10:52:46.253 +07:00 [INF] CORS policy execution successful.
2026-04-10 10:52:46.254 +07:00 [INF] HTTP OPTIONS /api/v1/don-vi/2001 => 204 in 0.9908 ms CorrelationId=beec818d470145e28acd9849f5e16073 UserId=anonymous
2026-04-10 10:52:46.257 +07:00 [INF] HTTP OPTIONS /api/v1/don-vi/2001 responded 204 in 3.3220 ms
2026-04-10 10:52:46.259 +07:00 [INF] Request finished HTTP/1.1 OPTIONS http://localhost:5283/api/v1/don-vi/2001 - 204 null null 7.4296ms
2026-04-10 10:52:46.264 +07:00 [INF] Request starting HTTP/1.1 GET http://localhost:5283/api/v1/don-vi/2001 - null null
2026-04-10 10:52:46.266 +07:00 [INF] CORS policy execution successful.
2026-04-10 10:52:46.267 +07:00 [INF] Executing endpoint 'ThucLuc.Api.Controllers.V1.DonViController.GetById (ThucLuc.Api)'
2026-04-10 10:52:46.273 +07:00 [INF] Route matched with {action = "GetById", controller = "DonVi"}. Executing controller action with signature System.Threading.Tasks.Task`1[Microsoft.AspNetCore.Mvc.ActionResult`1[ThucLuc.Api.Common.Models.ApiResponse`1[ThucLuc.Application.Features.DonVi.DonViDto]]] GetById(Int64, System.Threading.CancellationToken) on controller ThucLuc.Api.Controllers.V1.DonViController (ThucLuc.Api).
2026-04-10 10:52:46.325 +07:00 [INF] Executing OkObjectResult, writing value of type 'ThucLuc.Api.Common.Models.ApiResponse`1[[ThucLuc.Application.Features.DonVi.DonViDto, ThucLuc.Application, Version=1.0.0.0, Culture=neutral, PublicKeyToken=null]]'.
2026-04-10 10:52:46.335 +07:00 [INF] Executed action ThucLuc.Api.Controllers.V1.DonViController.GetById (ThucLuc.Api) in 59.9457ms
2026-04-10 10:52:46.341 +07:00 [INF] Executed endpoint 'ThucLuc.Api.Controllers.V1.DonViController.GetById (ThucLuc.Api)'
2026-04-10 10:52:46.344 +07:00 [INF] HTTP GET /api/v1/don-vi/2001 => 200 in 78.2126 ms CorrelationId=1c37fedd819e41329c897327ccc718a1 UserId=5001
2026-04-10 10:52:46.346 +07:00 [INF] HTTP GET /api/v1/don-vi/2001 responded 200 in 80.5509 ms
2026-04-10 10:52:46.348 +07:00 [INF] Request finished HTTP/1.1 GET http://localhost:5283/api/v1/don-vi/2001 - 200 null application/json; charset=utf-8 84.0472ms
2026-04-10 14:05:29.118 +07:00 [INF] Application is shutting down...
2026-04-10 16:22:21.796 +07:00 [WRN] The decimal property 'KinhPhi' on entity type 'DaoTaoNuocNgoai' does not have a store type specified. This may lead to a precision loss if the values do not fit in the default precision and scale. Oracle recommends to explicitly specify the column type that can accommodate all the values in 'OnModelCreating' using 'HasColumnType', specify precision and scale using 'HasPrecision', or configure a value converter using 'HasConversion'.
2026-04-10 16:22:26.209 +07:00 [ERR] An error occurred using the connection to database '' on server 'localhost:1521/XEPDB1'.
2026-04-10 16:22:26.219 +07:00 [ERR] 2026-04-10 16:22:26.218387 ThreadID:9   (ERROR)   OracleExecutionStrategy.ExecuteAsync() :  Oracle.ManagedDataAccess.Client.OracleException (0x80004005): ORA-50201: Oracle Communication: Failed to connect to server or failed to parse connect string
 ---> OracleInternal.Network.NetworkException (0x80004005): ORA-50201: Oracle Communication: Failed to connect to server or failed to parse connect string
 ---> OracleInternal.Network.NetworkException (0x80004005): ORA-12541: Cannot connect. No listener at  host 127.0.0.1 port 1521. (CONNECTION_ID=t2R73Ps3rUSISB/cUCh8Sg==)
https://docs.oracle.com/error-help/db/ora-12541/
   at OracleInternal.Network.TcpTransportAdapter.ConnectIterate()
   at OracleInternal.Network.OracleCommunication.ConnectViaCO(ConnectionOption connOption, AddressResolution addrRes, Boolean bAsync)
   at OracleInternal.Network.OracleCommunication.DoConnect(String tnsDescriptor, Boolean bAsync)
   at OracleInternal.Network.OracleCommunication.Connect(String tnsDescriptor, Boolean doNAHandshake, String IName, ConnectionOption CO, Boolean bAsync)
   at OracleInternal.ServiceObjects.OracleConnectionImpl.Connect(ConnectionString cs, Boolean bOpenEndUserSession, OracleConnection connRefForCriteria, String instanceName, Boolean bAsync)
   at OracleInternal.ConnectionPool.PoolManager`3.GetAsync(ConnectionString csWithDiffOrNewPassw, Boolean bGetForApp, OracleConnection connRefForCriteria, String affinityInstanceName, Boolean bForceMatch, Boolean bAsync)
   at OracleInternal.ConnectionPool.OraclePoolManager.GetAsync(ConnectionString csWithNewPassw, Boolean bGetForApp, OracleConnection connRefForCriteria, String affinityInstanceName, Boolean bForceMatch, Boolean bAsync)
   at OracleInternal.ConnectionPool.OracleConnectionDispenser`3.GetAsync(ConnectionString cs, PM conPM, ConnectionString pmCS, OracleOpaqueString securedPassw, OracleOpaqueString securedProxyPassw, OracleConnection connRefForCriteria, Boolean bAsync)
   at Oracle.ManagedDataAccess.Client.OracleConnectionInternal.OpenInternalAsync(Boolean bAsync)
   at Oracle.ManagedDataAccess.Client.OracleConnectionInternal.OpenAsyncHelper(CancellationToken cancellationToken)
   at Oracle.ManagedDataAccess.Client.OracleConnectionInternal.OpenAsyncHelper(CancellationToken cancellationToken)
   at Oracle.ManagedDataAccess.Client.OracleConnectionInternal.OpenAsync(CancellationToken cancellationToken)
   at Microsoft.EntityFrameworkCore.Storage.RelationalConnection.OpenInternalAsync(Boolean errorsExpected, CancellationToken cancellationToken)
   at Microsoft.EntityFrameworkCore.Storage.RelationalConnection.OpenInternalAsync(Boolean errorsExpected, CancellationToken cancellationToken)
   at Microsoft.EntityFrameworkCore.Storage.RelationalConnection.OpenAsync(CancellationToken cancellationToken, Boolean errorsExpected)
   at Oracle.EntityFrameworkCore.Storage.Internal.OracleRelationalCommandBuilderFactory.OracleRelationalCommandBuilder.OracleRelationalCommand.ExecuteReaderAsync(RelationalCommandParameterObject parameterObject, CancellationToken cancellationToken)
   at Microsoft.EntityFrameworkCore.Query.Internal.SingleQueryingEnumerable`1.AsyncEnumerator.InitializeReaderAsync(AsyncEnumerator enumerator, CancellationToken cancellationToken)
   at Oracle.EntityFrameworkCore.Storage.Internal.OracleExecutionStrategy.ExecuteAsync[TState,TResult](TState state, Func`4 operation, Func`4 verifySucceeded, CancellationToken cancellationToken)
2026-04-10 16:22:26.225 +07:00 [ERR] An exception occurred while iterating over the results of a query for context type 'ThucLuc.Infrastructure.Persistence.AppDbContext'.
Oracle.ManagedDataAccess.Client.OracleException (0x80004005): ORA-50201: Oracle Communication: Failed to connect to server or failed to parse connect string
 ---> OracleInternal.Network.NetworkException (0x80004005): ORA-50201: Oracle Communication: Failed to connect to server or failed to parse connect string
 ---> OracleInternal.Network.NetworkException (0x80004005): ORA-12541: Cannot connect. No listener at  host 127.0.0.1 port 1521. (CONNECTION_ID=t2R73Ps3rUSISB/cUCh8Sg==)
https://docs.oracle.com/error-help/db/ora-12541/
   at OracleInternal.Network.TcpTransportAdapter.ConnectIterate()
   at OracleInternal.Network.OracleCommunication.ConnectViaCO(ConnectionOption connOption, AddressResolution addrRes, Boolean bAsync)
   at OracleInternal.Network.OracleCommunication.DoConnect(String tnsDescriptor, Boolean bAsync)
   at OracleInternal.Network.OracleCommunication.Connect(String tnsDescriptor, Boolean doNAHandshake, String IName, ConnectionOption CO, Boolean bAsync)
   at OracleInternal.ServiceObjects.OracleConnectionImpl.Connect(ConnectionString cs, Boolean bOpenEndUserSession, OracleConnection connRefForCriteria, String instanceName, Boolean bAsync)
   at OracleInternal.ConnectionPool.PoolManager`3.GetAsync(ConnectionString csWithDiffOrNewPassw, Boolean bGetForApp, OracleConnection connRefForCriteria, String affinityInstanceName, Boolean bForceMatch, Boolean bAsync)
   at OracleInternal.ConnectionPool.OraclePoolManager.GetAsync(ConnectionString csWithNewPassw, Boolean bGetForApp, OracleConnection connRefForCriteria, String affinityInstanceName, Boolean bForceMatch, Boolean bAsync)
   at OracleInternal.ConnectionPool.OracleConnectionDispenser`3.GetAsync(ConnectionString cs, PM conPM, ConnectionString pmCS, OracleOpaqueString securedPassw, OracleOpaqueString securedProxyPassw, OracleConnection connRefForCriteria, Boolean bAsync)
   at Oracle.ManagedDataAccess.Client.OracleConnectionInternal.OpenInternalAsync(Boolean bAsync)
   at Oracle.ManagedDataAccess.Client.OracleConnectionInternal.OpenAsyncHelper(CancellationToken cancellationToken)
   at Oracle.ManagedDataAccess.Client.OracleConnectionInternal.OpenAsyncHelper(CancellationToken cancellationToken)
   at Oracle.ManagedDataAccess.Client.OracleConnectionInternal.OpenAsync(CancellationToken cancellationToken)
   at Microsoft.EntityFrameworkCore.Storage.RelationalConnection.OpenInternalAsync(Boolean errorsExpected, CancellationToken cancellationToken)
   at Microsoft.EntityFrameworkCore.Storage.RelationalConnection.OpenInternalAsync(Boolean errorsExpected, CancellationToken cancellationToken)
   at Microsoft.EntityFrameworkCore.Storage.RelationalConnection.OpenAsync(CancellationToken cancellationToken, Boolean errorsExpected)
   at Oracle.EntityFrameworkCore.Storage.Internal.OracleRelationalCommandBuilderFactory.OracleRelationalCommandBuilder.OracleRelationalCommand.ExecuteReaderAsync(RelationalCommandParameterObject parameterObject, CancellationToken cancellationToken)
   at Microsoft.EntityFrameworkCore.Query.Internal.SingleQueryingEnumerable`1.AsyncEnumerator.InitializeReaderAsync(AsyncEnumerator enumerator, CancellationToken cancellationToken)
   at Oracle.EntityFrameworkCore.Storage.Internal.OracleExecutionStrategy.ExecuteAsync[TState,TResult](TState state, Func`4 operation, Func`4 verifySucceeded, CancellationToken cancellationToken)
   at Microsoft.EntityFrameworkCore.Query.Internal.SingleQueryingEnumerable`1.AsyncEnumerator.MoveNextAsync()
Oracle.ManagedDataAccess.Client.OracleException (0x80004005): ORA-50201: Oracle Communication: Failed to connect to server or failed to parse connect string
 ---> OracleInternal.Network.NetworkException (0x80004005): ORA-50201: Oracle Communication: Failed to connect to server or failed to parse connect string
 ---> OracleInternal.Network.NetworkException (0x80004005): ORA-12541: Cannot connect. No listener at  host 127.0.0.1 port 1521. (CONNECTION_ID=t2R73Ps3rUSISB/cUCh8Sg==)
https://docs.oracle.com/error-help/db/ora-12541/
   at OracleInternal.Network.TcpTransportAdapter.ConnectIterate()
   at OracleInternal.Network.OracleCommunication.ConnectViaCO(ConnectionOption connOption, AddressResolution addrRes, Boolean bAsync)
   at OracleInternal.Network.OracleCommunication.DoConnect(String tnsDescriptor, Boolean bAsync)
   at OracleInternal.Network.OracleCommunication.Connect(String tnsDescriptor, Boolean doNAHandshake, String IName, ConnectionOption CO, Boolean bAsync)
   at OracleInternal.ServiceObjects.OracleConnectionImpl.Connect(ConnectionString cs, Boolean bOpenEndUserSession, OracleConnection connRefForCriteria, String instanceName, Boolean bAsync)
   at OracleInternal.ConnectionPool.PoolManager`3.GetAsync(ConnectionString csWithDiffOrNewPassw, Boolean bGetForApp, OracleConnection connRefForCriteria, String affinityInstanceName, Boolean bForceMatch, Boolean bAsync)
   at OracleInternal.ConnectionPool.OraclePoolManager.GetAsync(ConnectionString csWithNewPassw, Boolean bGetForApp, OracleConnection connRefForCriteria, String affinityInstanceName, Boolean bForceMatch, Boolean bAsync)
   at OracleInternal.ConnectionPool.OracleConnectionDispenser`3.GetAsync(ConnectionString cs, PM conPM, ConnectionString pmCS, OracleOpaqueString securedPassw, OracleOpaqueString securedProxyPassw, OracleConnection connRefForCriteria, Boolean bAsync)
   at Oracle.ManagedDataAccess.Client.OracleConnectionInternal.OpenInternalAsync(Boolean bAsync)
   at Oracle.ManagedDataAccess.Client.OracleConnectionInternal.OpenAsyncHelper(CancellationToken cancellationToken)
   at Oracle.ManagedDataAccess.Client.OracleConnectionInternal.OpenAsyncHelper(CancellationToken cancellationToken)
   at Oracle.ManagedDataAccess.Client.OracleConnectionInternal.OpenAsync(CancellationToken cancellationToken)
   at Microsoft.EntityFrameworkCore.Storage.RelationalConnection.OpenInternalAsync(Boolean errorsExpected, CancellationToken cancellationToken)
   at Microsoft.EntityFrameworkCore.Storage.RelationalConnection.OpenInternalAsync(Boolean errorsExpected, CancellationToken cancellationToken)
   at Microsoft.EntityFrameworkCore.Storage.RelationalConnection.OpenAsync(CancellationToken cancellationToken, Boolean errorsExpected)
   at Oracle.EntityFrameworkCore.Storage.Internal.OracleRelationalCommandBuilderFactory.OracleRelationalCommandBuilder.OracleRelationalCommand.ExecuteReaderAsync(RelationalCommandParameterObject parameterObject, CancellationToken cancellationToken)
   at Microsoft.EntityFrameworkCore.Query.Internal.SingleQueryingEnumerable`1.AsyncEnumerator.InitializeReaderAsync(AsyncEnumerator enumerator, CancellationToken cancellationToken)
   at Oracle.EntityFrameworkCore.Storage.Internal.OracleExecutionStrategy.ExecuteAsync[TState,TResult](TState state, Func`4 operation, Func`4 verifySucceeded, CancellationToken cancellationToken)
   at Microsoft.EntityFrameworkCore.Query.Internal.SingleQueryingEnumerable`1.AsyncEnumerator.MoveNextAsync()
2026-04-10 16:25:45.476 +07:00 [WRN] The decimal property 'KinhPhi' on entity type 'DaoTaoNuocNgoai' does not have a store type specified. This may lead to a precision loss if the values do not fit in the default precision and scale. Oracle recommends to explicitly specify the column type that can accommodate all the values in 'OnModelCreating' using 'HasColumnType', specify precision and scale using 'HasPrecision', or configure a value converter using 'HasConversion'.
2026-04-10 16:25:46.708 +07:00 [INF] Baseline seed data has been applied successfully.
2026-04-10 16:25:46.781 +07:00 [INF] User profile is available. Using 'C:\Users\CNTT\AppData\Local\ASP.NET\DataProtection-Keys' as key repository and Windows DPAPI to encrypt keys at rest.
2026-04-10 16:25:46.868 +07:00 [INF] Now listening on: http://localhost:5283
2026-04-10 16:25:46.869 +07:00 [INF] Application started. Press Ctrl+C to shut down.
2026-04-10 16:25:46.869 +07:00 [INF] Hosting environment: Development
2026-04-10 16:25:46.870 +07:00 [INF] Content root path: D:\Projects\ThucLuc_V2\.sources\backend\src\api
2026-04-10 16:25:52.622 +07:00 [INF] Request starting HTTP/1.1 OPTIONS http://localhost:5283/api/v1/codes/by-code/LOAI_NHAN_LUC - null null
2026-04-10 16:25:52.623 +07:00 [INF] Request starting HTTP/1.1 OPTIONS http://localhost:5283/api/v1/codes/by-code/TRINH_DO_LLCT - null null
2026-04-10 16:25:52.622 +07:00 [INF] Request starting HTTP/1.1 OPTIONS http://localhost:5283/api/v1/codes/by-code/CAP_BAC_CONG_AN - null null
2026-04-10 16:25:52.622 +07:00 [INF] Request starting HTTP/1.1 OPTIONS http://localhost:5283/api/v1/codes/by-code/GIOI_TINH - null null
2026-04-10 16:25:52.622 +07:00 [INF] Request starting HTTP/1.1 OPTIONS http://localhost:5283/api/v1/don-vi/tree - null null
2026-04-10 16:25:52.623 +07:00 [INF] Request starting HTTP/1.1 OPTIONS http://localhost:5283/api/v1/codes/by-code/TRINH_DO_CNTT - null null
2026-04-10 16:25:52.670 +07:00 [WRN] Failed to determine the https port for redirect.
2026-04-10 16:25:52.673 +07:00 [INF] CORS policy execution successful.
2026-04-10 16:25:52.673 +07:00 [INF] CORS policy execution successful.
2026-04-10 16:25:52.673 +07:00 [INF] CORS policy execution successful.
2026-04-10 16:25:52.673 +07:00 [INF] CORS policy execution successful.
2026-04-10 16:25:52.673 +07:00 [INF] CORS policy execution successful.
2026-04-10 16:25:52.673 +07:00 [INF] CORS policy execution successful.
2026-04-10 16:25:52.676 +07:00 [INF] HTTP OPTIONS /api/v1/codes/by-code/LOAI_NHAN_LUC => 204 in 16.0948 ms CorrelationId=8e4f4189674c48dabf70598b8704ef8b UserId=anonymous
2026-04-10 16:25:52.676 +07:00 [INF] HTTP OPTIONS /api/v1/codes/by-code/CAP_BAC_CONG_AN => 204 in 15.388 ms CorrelationId=69ac62f4324340958f9ada0e2678413f UserId=anonymous
2026-04-10 16:25:52.676 +07:00 [INF] HTTP OPTIONS /api/v1/codes/by-code/TRINH_DO_LLCT => 204 in 15.4001 ms CorrelationId=e3f02d1a3b964a418cfedc48d254611f UserId=anonymous
2026-04-10 16:25:52.676 +07:00 [INF] HTTP OPTIONS /api/v1/codes/by-code/GIOI_TINH => 204 in 16.6733 ms CorrelationId=b2ff745fd0984d718ed6604200f3d699 UserId=anonymous
2026-04-10 16:25:52.677 +07:00 [INF] HTTP OPTIONS /api/v1/don-vi/tree => 204 in 17.1918 ms CorrelationId=ffec9951cb194feaa4436114f165d23c UserId=anonymous
2026-04-10 16:25:52.677 +07:00 [INF] HTTP OPTIONS /api/v1/codes/by-code/TRINH_DO_CNTT => 204 in 18.0781 ms CorrelationId=423e63e0916642b8bd1ecf2fe814b6b5 UserId=anonymous
2026-04-10 16:25:52.682 +07:00 [INF] HTTP OPTIONS /api/v1/codes/by-code/CAP_BAC_CONG_AN responded 204 in 25.5147 ms
2026-04-10 16:25:52.682 +07:00 [INF] HTTP OPTIONS /api/v1/codes/by-code/LOAI_NHAN_LUC responded 204 in 24.3789 ms
2026-04-10 16:25:52.683 +07:00 [INF] HTTP OPTIONS /api/v1/codes/by-code/TRINH_DO_LLCT responded 204 in 26.8697 ms
2026-04-10 16:25:52.685 +07:00 [INF] HTTP OPTIONS /api/v1/codes/by-code/GIOI_TINH responded 204 in 28.6316 ms
2026-04-10 16:25:52.686 +07:00 [INF] HTTP OPTIONS /api/v1/don-vi/tree responded 204 in 30.1197 ms
2026-04-10 16:25:52.688 +07:00 [INF] HTTP OPTIONS /api/v1/codes/by-code/TRINH_DO_CNTT responded 204 in 31.4386 ms
2026-04-10 16:25:52.696 +07:00 [INF] Request finished HTTP/1.1 OPTIONS http://localhost:5283/api/v1/codes/by-code/GIOI_TINH - 204 null null 75.7283ms
2026-04-10 16:25:52.696 +07:00 [INF] Request finished HTTP/1.1 OPTIONS http://localhost:5283/api/v1/don-vi/tree - 204 null null 75.2234ms
2026-04-10 16:25:52.696 +07:00 [INF] Request finished HTTP/1.1 OPTIONS http://localhost:5283/api/v1/codes/by-code/CAP_BAC_CONG_AN - 204 null null 75.5961ms
2026-04-10 16:25:52.696 +07:00 [INF] Request finished HTTP/1.1 OPTIONS http://localhost:5283/api/v1/codes/by-code/TRINH_DO_LLCT - 204 null null 74.1566ms
2026-04-10 16:25:52.696 +07:00 [INF] Request finished HTTP/1.1 OPTIONS http://localhost:5283/api/v1/codes/by-code/LOAI_NHAN_LUC - 204 null null 74.8374ms
2026-04-10 16:25:52.698 +07:00 [INF] Request finished HTTP/1.1 OPTIONS http://localhost:5283/api/v1/codes/by-code/TRINH_DO_CNTT - 204 null null 77.9903ms
2026-04-10 16:25:52.701 +07:00 [INF] Request starting HTTP/1.1 GET http://localhost:5283/api/v1/codes/by-code/GIOI_TINH - null null
2026-04-10 16:25:52.702 +07:00 [INF] Request starting HTTP/1.1 GET http://localhost:5283/api/v1/codes/by-code/LOAI_NHAN_LUC - null null
2026-04-10 16:25:52.706 +07:00 [INF] Request starting HTTP/1.1 GET http://localhost:5283/api/v1/codes/by-code/TRINH_DO_LLCT - null null
2026-04-10 16:25:52.709 +07:00 [INF] Request starting HTTP/1.1 GET http://localhost:5283/api/v1/codes/by-code/CAP_BAC_CONG_AN - null null
2026-04-10 16:25:52.712 +07:00 [INF] Request starting HTTP/1.1 GET http://localhost:5283/api/v1/codes/by-code/TRINH_DO_CNTT - null null
2026-04-10 16:25:52.714 +07:00 [INF] Request starting HTTP/1.1 GET http://localhost:5283/api/v1/don-vi/tree - null null
2026-04-10 16:25:52.721 +07:00 [INF] CORS policy execution successful.
2026-04-10 16:25:52.721 +07:00 [INF] CORS policy execution successful.
2026-04-10 16:25:52.721 +07:00 [INF] CORS policy execution successful.
2026-04-10 16:25:52.722 +07:00 [INF] CORS policy execution successful.
2026-04-10 16:25:52.725 +07:00 [INF] CORS policy execution successful.
2026-04-10 16:25:52.728 +07:00 [INF] CORS policy execution successful.
2026-04-10 16:25:54.065 +07:00 [INF] Executing endpoint 'ThucLuc.Api.Controllers.V1.DonViController.GetTree (ThucLuc.Api)'
2026-04-10 16:25:54.065 +07:00 [INF] Executing endpoint 'ThucLuc.Api.Controllers.V1.CodesController.GetByCode (ThucLuc.Api)'
2026-04-10 16:25:54.065 +07:00 [INF] Executing endpoint 'ThucLuc.Api.Controllers.V1.CodesController.GetByCode (ThucLuc.Api)'
2026-04-10 16:25:54.065 +07:00 [INF] Executing endpoint 'ThucLuc.Api.Controllers.V1.CodesController.GetByCode (ThucLuc.Api)'
2026-04-10 16:25:54.065 +07:00 [INF] Executing endpoint 'ThucLuc.Api.Controllers.V1.CodesController.GetByCode (ThucLuc.Api)'
2026-04-10 16:25:54.065 +07:00 [INF] Executing endpoint 'ThucLuc.Api.Controllers.V1.CodesController.GetByCode (ThucLuc.Api)'
2026-04-10 16:25:54.084 +07:00 [INF] Route matched with {action = "GetByCode", controller = "Codes"}. Executing controller action with signature System.Threading.Tasks.Task`1[Microsoft.AspNetCore.Mvc.ActionResult`1[ThucLuc.Api.Common.Models.ApiResponse`1[ThucLuc.Application.Features.Codes.CodeDto]]] GetByCode(System.String, System.Threading.CancellationToken) on controller ThucLuc.Api.Controllers.V1.CodesController (ThucLuc.Api).
2026-04-10 16:25:54.084 +07:00 [INF] Route matched with {action = "GetByCode", controller = "Codes"}. Executing controller action with signature System.Threading.Tasks.Task`1[Microsoft.AspNetCore.Mvc.ActionResult`1[ThucLuc.Api.Common.Models.ApiResponse`1[ThucLuc.Application.Features.Codes.CodeDto]]] GetByCode(System.String, System.Threading.CancellationToken) on controller ThucLuc.Api.Controllers.V1.CodesController (ThucLuc.Api).
2026-04-10 16:25:54.084 +07:00 [INF] Route matched with {action = "GetByCode", controller = "Codes"}. Executing controller action with signature System.Threading.Tasks.Task`1[Microsoft.AspNetCore.Mvc.ActionResult`1[ThucLuc.Api.Common.Models.ApiResponse`1[ThucLuc.Application.Features.Codes.CodeDto]]] GetByCode(System.String, System.Threading.CancellationToken) on controller ThucLuc.Api.Controllers.V1.CodesController (ThucLuc.Api).
2026-04-10 16:25:54.084 +07:00 [INF] Route matched with {action = "GetByCode", controller = "Codes"}. Executing controller action with signature System.Threading.Tasks.Task`1[Microsoft.AspNetCore.Mvc.ActionResult`1[ThucLuc.Api.Common.Models.ApiResponse`1[ThucLuc.Application.Features.Codes.CodeDto]]] GetByCode(System.String, System.Threading.CancellationToken) on controller ThucLuc.Api.Controllers.V1.CodesController (ThucLuc.Api).
2026-04-10 16:25:54.084 +07:00 [INF] Route matched with {action = "GetByCode", controller = "Codes"}. Executing controller action with signature System.Threading.Tasks.Task`1[Microsoft.AspNetCore.Mvc.ActionResult`1[ThucLuc.Api.Common.Models.ApiResponse`1[ThucLuc.Application.Features.Codes.CodeDto]]] GetByCode(System.String, System.Threading.CancellationToken) on controller ThucLuc.Api.Controllers.V1.CodesController (ThucLuc.Api).
2026-04-10 16:25:54.084 +07:00 [INF] Route matched with {action = "GetTree", controller = "DonVi"}. Executing controller action with signature System.Threading.Tasks.Task`1[Microsoft.AspNetCore.Mvc.ActionResult`1[ThucLuc.Api.Common.Models.ApiResponse`1[System.Collections.Generic.IReadOnlyCollection`1[ThucLuc.Application.Features.DonVi.DonViDto]]]] GetTree(System.Threading.CancellationToken) on controller ThucLuc.Api.Controllers.V1.DonViController (ThucLuc.Api).
2026-04-10 16:25:54.177 +07:00 [INF] Executing OkObjectResult, writing value of type 'ThucLuc.Api.Common.Models.ApiResponse`1[[System.Collections.Generic.IReadOnlyCollection`1[[ThucLuc.Application.Features.DonVi.DonViDto, ThucLuc.Application, Version=1.0.0.0, Culture=neutral, PublicKeyToken=null]], System.Private.CoreLib, Version=8.0.0.0, Culture=neutral, PublicKeyToken=7cec85d7bea7798e]]'.
2026-04-10 16:25:54.206 +07:00 [INF] Executed action ThucLuc.Api.Controllers.V1.DonViController.GetTree (ThucLuc.Api) in 89.6857ms
2026-04-10 16:25:54.208 +07:00 [INF] Executed endpoint 'ThucLuc.Api.Controllers.V1.DonViController.GetTree (ThucLuc.Api)'
2026-04-10 16:25:54.210 +07:00 [INF] HTTP GET /api/v1/don-vi/tree => 200 in 1482.2633 ms CorrelationId=01328412858343338da1194232734920 UserId=5001
2026-04-10 16:25:54.211 +07:00 [INF] HTTP GET /api/v1/don-vi/tree responded 200 in 1483.4889 ms
2026-04-10 16:25:54.213 +07:00 [INF] Request finished HTTP/1.1 GET http://localhost:5283/api/v1/don-vi/tree - 200 null application/json; charset=utf-8 1499.0142ms
2026-04-10 16:25:54.235 +07:00 [INF] Executing OkObjectResult, writing value of type 'ThucLuc.Api.Common.Models.ApiResponse`1[[ThucLuc.Application.Features.Codes.CodeDto, ThucLuc.Application, Version=1.0.0.0, Culture=neutral, PublicKeyToken=null]]'.
2026-04-10 16:25:54.239 +07:00 [INF] Executed action ThucLuc.Api.Controllers.V1.CodesController.GetByCode (ThucLuc.Api) in 134.3859ms
2026-04-10 16:25:54.241 +07:00 [INF] Executed endpoint 'ThucLuc.Api.Controllers.V1.CodesController.GetByCode (ThucLuc.Api)'
2026-04-10 16:25:54.242 +07:00 [INF] HTTP GET /api/v1/codes/by-code/LOAI_NHAN_LUC => 200 in 1522.109 ms CorrelationId=a17b4cec95844ae187bc7575605d2826 UserId=5001
2026-04-10 16:25:54.243 +07:00 [INF] HTTP GET /api/v1/codes/by-code/LOAI_NHAN_LUC responded 200 in 1523.7573 ms
2026-04-10 16:25:54.245 +07:00 [INF] Request finished HTTP/1.1 GET http://localhost:5283/api/v1/codes/by-code/LOAI_NHAN_LUC - 200 null application/json; charset=utf-8 1542.7065ms
2026-04-10 16:25:54.282 +07:00 [INF] Executing OkObjectResult, writing value of type 'ThucLuc.Api.Common.Models.ApiResponse`1[[ThucLuc.Application.Features.Codes.CodeDto, ThucLuc.Application, Version=1.0.0.0, Culture=neutral, PublicKeyToken=null]]'.
2026-04-10 16:25:54.284 +07:00 [INF] Executed action ThucLuc.Api.Controllers.V1.CodesController.GetByCode (ThucLuc.Api) in 189.5003ms
2026-04-10 16:25:54.287 +07:00 [INF] Executed endpoint 'ThucLuc.Api.Controllers.V1.CodesController.GetByCode (ThucLuc.Api)'
2026-04-10 16:25:54.288 +07:00 [INF] HTTP GET /api/v1/codes/by-code/GIOI_TINH => 200 in 1568.3164 ms CorrelationId=4548a615c6ce46e98d8fd43872df55d5 UserId=5001
2026-04-10 16:25:54.290 +07:00 [INF] HTTP GET /api/v1/codes/by-code/GIOI_TINH responded 200 in 1570.4787 ms
2026-04-10 16:25:54.293 +07:00 [INF] Request finished HTTP/1.1 GET http://localhost:5283/api/v1/codes/by-code/GIOI_TINH - 200 null application/json; charset=utf-8 1591.5033ms
2026-04-10 16:25:54.294 +07:00 [INF] Executing OkObjectResult, writing value of type 'ThucLuc.Api.Common.Models.ApiResponse`1[[ThucLuc.Application.Features.Codes.CodeDto, ThucLuc.Application, Version=1.0.0.0, Culture=neutral, PublicKeyToken=null]]'.
2026-04-10 16:25:54.294 +07:00 [INF] Executing OkObjectResult, writing value of type 'ThucLuc.Api.Common.Models.ApiResponse`1[[ThucLuc.Application.Features.Codes.CodeDto, ThucLuc.Application, Version=1.0.0.0, Culture=neutral, PublicKeyToken=null]]'.
2026-04-10 16:25:54.295 +07:00 [INF] Executing OkObjectResult, writing value of type 'ThucLuc.Api.Common.Models.ApiResponse`1[[ThucLuc.Application.Features.Codes.CodeDto, ThucLuc.Application, Version=1.0.0.0, Culture=neutral, PublicKeyToken=null]]'.
2026-04-10 16:25:54.298 +07:00 [INF] Executed action ThucLuc.Api.Controllers.V1.CodesController.GetByCode (ThucLuc.Api) in 199.8784ms
2026-04-10 16:25:54.298 +07:00 [INF] Executed action ThucLuc.Api.Controllers.V1.CodesController.GetByCode (ThucLuc.Api) in 206.8435ms
2026-04-10 16:25:54.299 +07:00 [INF] Executed action ThucLuc.Api.Controllers.V1.CodesController.GetByCode (ThucLuc.Api) in 213.2132ms
2026-04-10 16:25:54.301 +07:00 [INF] Executed endpoint 'ThucLuc.Api.Controllers.V1.CodesController.GetByCode (ThucLuc.Api)'
2026-04-10 16:25:54.302 +07:00 [INF] Executed endpoint 'ThucLuc.Api.Controllers.V1.CodesController.GetByCode (ThucLuc.Api)'
2026-04-10 16:25:54.303 +07:00 [INF] Executed endpoint 'ThucLuc.Api.Controllers.V1.CodesController.GetByCode (ThucLuc.Api)'
2026-04-10 16:25:54.304 +07:00 [INF] HTTP GET /api/v1/codes/by-code/TRINH_DO_CNTT => 200 in 1579.0468 ms CorrelationId=f1b6264384084e0390cc6ec89370a525 UserId=5001
2026-04-10 16:25:54.306 +07:00 [INF] HTTP GET /api/v1/codes/by-code/TRINH_DO_LLCT => 200 in 1585.6659 ms CorrelationId=0cd207003b68495180faf0378f9cb79c UserId=5001
2026-04-10 16:25:54.307 +07:00 [INF] HTTP GET /api/v1/codes/by-code/CAP_BAC_CONG_AN => 200 in 1584.6416 ms CorrelationId=8c4a3113aaa74cd6805ae8d91a18bd88 UserId=5001
2026-04-10 16:25:54.310 +07:00 [INF] HTTP GET /api/v1/codes/by-code/TRINH_DO_CNTT responded 200 in 1584.4903 ms
2026-04-10 16:25:54.311 +07:00 [INF] HTTP GET /api/v1/codes/by-code/TRINH_DO_LLCT responded 200 in 1591.7106 ms
2026-04-10 16:25:54.313 +07:00 [INF] HTTP GET /api/v1/codes/by-code/CAP_BAC_CONG_AN responded 200 in 1590.6719 ms
2026-04-10 16:25:54.315 +07:00 [INF] Request finished HTTP/1.1 GET http://localhost:5283/api/v1/codes/by-code/TRINH_DO_CNTT - 200 null application/json; charset=utf-8 1603.4028ms
2026-04-10 16:25:54.317 +07:00 [INF] Request finished HTTP/1.1 GET http://localhost:5283/api/v1/codes/by-code/TRINH_DO_LLCT - 200 null application/json; charset=utf-8 1611.5666ms
2026-04-10 16:25:54.319 +07:00 [INF] Request finished HTTP/1.1 GET http://localhost:5283/api/v1/codes/by-code/CAP_BAC_CONG_AN - 200 null application/json; charset=utf-8 1610.1543ms
2026-04-10 16:25:54.329 +07:00 [INF] Request starting HTTP/1.1 OPTIONS http://localhost:5283/api/v1/nhan-luc-cntt?page=1&pageSize=10&namBaoCao=2026 - null null
2026-04-10 16:25:54.331 +07:00 [INF] CORS policy execution successful.
2026-04-10 16:25:54.332 +07:00 [INF] HTTP OPTIONS /api/v1/nhan-luc-cntt => 204 in 1.274 ms CorrelationId=6016c6d87ab24a7397e3a763d1d2f752 UserId=anonymous
2026-04-10 16:25:54.335 +07:00 [INF] HTTP OPTIONS /api/v1/nhan-luc-cntt responded 204 in 4.0002 ms
2026-04-10 16:25:54.338 +07:00 [INF] Request finished HTTP/1.1 OPTIONS http://localhost:5283/api/v1/nhan-luc-cntt?page=1&pageSize=10&namBaoCao=2026 - 204 null null 9.0011ms
2026-04-10 16:25:54.342 +07:00 [INF] Request starting HTTP/1.1 GET http://localhost:5283/api/v1/nhan-luc-cntt?page=1&pageSize=10&namBaoCao=2026 - null null
2026-04-10 16:25:54.345 +07:00 [INF] CORS policy execution successful.
2026-04-10 16:25:54.348 +07:00 [INF] Executing endpoint 'ThucLuc.Api.Controllers.V1.NhanLucCnttController.GetAll (ThucLuc.Api)'
2026-04-10 16:25:54.354 +07:00 [INF] Route matched with {action = "GetAll", controller = "NhanLucCntt"}. Executing controller action with signature System.Threading.Tasks.Task`1[Microsoft.AspNetCore.Mvc.ActionResult`1[ThucLuc.Api.Common.Models.ApiResponse`1[ThucLuc.Application.Common.Models.PagedResult`1[ThucLuc.Application.Features.NhanLucCntt.NhanLucCnttDto]]]] GetAll(ThucLuc.Application.Features.NhanLucCntt.NhanLucCnttQuery, System.Threading.CancellationToken) on controller ThucLuc.Api.Controllers.V1.NhanLucCnttController (ThucLuc.Api).
2026-04-10 16:25:54.423 +07:00 [INF] Executing OkObjectResult, writing value of type 'ThucLuc.Api.Common.Models.ApiResponse`1[[ThucLuc.Application.Common.Models.PagedResult`1[[ThucLuc.Application.Features.NhanLucCntt.NhanLucCnttDto, ThucLuc.Application, Version=1.0.0.0, Culture=neutral, PublicKeyToken=null]], ThucLuc.Application, Version=1.0.0.0, Culture=neutral, PublicKeyToken=null]]'.
2026-04-10 16:25:54.430 +07:00 [INF] Executed action ThucLuc.Api.Controllers.V1.NhanLucCnttController.GetAll (ThucLuc.Api) in 73.6861ms
2026-04-10 16:25:54.431 +07:00 [INF] Executed endpoint 'ThucLuc.Api.Controllers.V1.NhanLucCnttController.GetAll (ThucLuc.Api)'
2026-04-10 16:25:54.431 +07:00 [INF] HTTP GET /api/v1/nhan-luc-cntt => 200 in 86.3366 ms CorrelationId=efac8f04305b4d8fa860fee55b37215b UserId=5001
2026-04-10 16:25:54.434 +07:00 [INF] HTTP GET /api/v1/nhan-luc-cntt responded 200 in 88.6862 ms
2026-04-10 16:25:54.436 +07:00 [INF] Request finished HTTP/1.1 GET http://localhost:5283/api/v1/nhan-luc-cntt?page=1&pageSize=10&namBaoCao=2026 - 200 null application/json; charset=utf-8 93.669ms
2026-04-10 16:26:59.260 +07:00 [INF] Request starting HTTP/1.1 OPTIONS http://localhost:5283/api/v1/don-vi - null null
2026-04-10 16:26:59.260 +07:00 [INF] Request starting HTTP/1.1 OPTIONS http://localhost:5283/api/v1/users - null null
2026-04-10 16:26:59.271 +07:00 [INF] CORS policy execution successful.
2026-04-10 16:26:59.268 +07:00 [INF] CORS policy execution successful.
2026-04-10 16:26:59.274 +07:00 [INF] HTTP OPTIONS /api/v1/don-vi => 204 in 5.7592 ms CorrelationId=2da627fd593f4acea240af0e07c7c041 UserId=anonymous
2026-04-10 16:26:59.273 +07:00 [INF] HTTP OPTIONS /api/v1/users => 204 in 1.8912 ms CorrelationId=8423ee040ad943e59e45d7f09f55e474 UserId=anonymous
2026-04-10 16:26:59.278 +07:00 [INF] HTTP OPTIONS /api/v1/don-vi responded 204 in 9.7635 ms
2026-04-10 16:26:59.281 +07:00 [INF] HTTP OPTIONS /api/v1/users responded 204 in 9.4697 ms
2026-04-10 16:26:59.284 +07:00 [INF] Request finished HTTP/1.1 OPTIONS http://localhost:5283/api/v1/don-vi - 204 null null 23.4471ms
2026-04-10 16:26:59.286 +07:00 [INF] Request finished HTTP/1.1 OPTIONS http://localhost:5283/api/v1/users - 204 null null 25.6177ms
2026-04-10 16:26:59.292 +07:00 [INF] Request starting HTTP/1.1 GET http://localhost:5283/api/v1/users - null null
2026-04-10 16:26:59.289 +07:00 [INF] Request starting HTTP/1.1 GET http://localhost:5283/api/v1/don-vi - null null
2026-04-10 16:26:59.294 +07:00 [INF] CORS policy execution successful.
2026-04-10 16:26:59.296 +07:00 [INF] CORS policy execution successful.
2026-04-10 16:26:59.297 +07:00 [INF] Executing endpoint 'ThucLuc.Api.Controllers.V1.UsersController.GetAll (ThucLuc.Api)'
2026-04-10 16:26:59.297 +07:00 [INF] Executing endpoint 'ThucLuc.Api.Controllers.V1.DonViController.GetList (ThucLuc.Api)'
2026-04-10 16:26:59.301 +07:00 [INF] Route matched with {action = "GetAll", controller = "Users"}. Executing controller action with signature System.Threading.Tasks.Task`1[Microsoft.AspNetCore.Mvc.ActionResult`1[ThucLuc.Api.Common.Models.ApiResponse`1[System.Collections.Generic.IReadOnlyCollection`1[ThucLuc.Application.Features.Users.UserDto]]]] GetAll(System.Threading.CancellationToken) on controller ThucLuc.Api.Controllers.V1.UsersController (ThucLuc.Api).
2026-04-10 16:26:59.302 +07:00 [INF] Route matched with {action = "GetList", controller = "DonVi"}. Executing controller action with signature System.Threading.Tasks.Task`1[Microsoft.AspNetCore.Mvc.ActionResult`1[ThucLuc.Api.Common.Models.ApiResponse`1[System.Collections.Generic.IReadOnlyCollection`1[ThucLuc.Application.Features.DonVi.DonViDto]]]] GetList(System.Threading.CancellationToken) on controller ThucLuc.Api.Controllers.V1.DonViController (ThucLuc.Api).
2026-04-10 16:26:59.356 +07:00 [INF] Executing OkObjectResult, writing value of type 'ThucLuc.Api.Common.Models.ApiResponse`1[[System.Collections.Generic.IReadOnlyCollection`1[[ThucLuc.Application.Features.DonVi.DonViDto, ThucLuc.Application, Version=1.0.0.0, Culture=neutral, PublicKeyToken=null]], System.Private.CoreLib, Version=8.0.0.0, Culture=neutral, PublicKeyToken=7cec85d7bea7798e]]'.
2026-04-10 16:26:59.358 +07:00 [INF] Executed action ThucLuc.Api.Controllers.V1.DonViController.GetList (ThucLuc.Api) in 50.3925ms
2026-04-10 16:26:59.359 +07:00 [INF] Executed endpoint 'ThucLuc.Api.Controllers.V1.DonViController.GetList (ThucLuc.Api)'
2026-04-10 16:26:59.359 +07:00 [INF] HTTP GET /api/v1/don-vi => 200 in 63.5752 ms CorrelationId=43dabb5a98c14a27b3a8c12dfcfb17bd UserId=5001
2026-04-10 16:26:59.360 +07:00 [INF] Executing OkObjectResult, writing value of type 'ThucLuc.Api.Common.Models.ApiResponse`1[[System.Collections.Generic.IReadOnlyCollection`1[[ThucLuc.Application.Features.Users.UserDto, ThucLuc.Application, Version=1.0.0.0, Culture=neutral, PublicKeyToken=null]], System.Private.CoreLib, Version=8.0.0.0, Culture=neutral, PublicKeyToken=7cec85d7bea7798e]]'.
2026-04-10 16:26:59.361 +07:00 [INF] HTTP GET /api/v1/don-vi responded 200 in 64.8397 ms
2026-04-10 16:26:59.363 +07:00 [INF] Request finished HTTP/1.1 GET http://localhost:5283/api/v1/don-vi - 200 null application/json; charset=utf-8 74.0287ms
2026-04-10 16:26:59.365 +07:00 [INF] Executed action ThucLuc.Api.Controllers.V1.UsersController.GetAll (ThucLuc.Api) in 60.908ms
2026-04-10 16:26:59.366 +07:00 [INF] Executed endpoint 'ThucLuc.Api.Controllers.V1.UsersController.GetAll (ThucLuc.Api)'
2026-04-10 16:26:59.366 +07:00 [INF] HTTP GET /api/v1/users => 200 in 72.1016 ms CorrelationId=b2c35664d8bf4daabe9c74d43c4c7853 UserId=5001
2026-04-10 16:26:59.368 +07:00 [INF] HTTP GET /api/v1/users responded 200 in 73.6631 ms
2026-04-10 16:26:59.370 +07:00 [INF] Request finished HTTP/1.1 GET http://localhost:5283/api/v1/users - 200 null application/json; charset=utf-8 78.1761ms
2026-04-10 16:26:59.373 +07:00 [INF] Request starting HTTP/1.1 OPTIONS http://localhost:5283/api/v1/roles - null null
2026-04-10 16:26:59.375 +07:00 [INF] CORS policy execution successful.
2026-04-10 16:26:59.375 +07:00 [INF] HTTP OPTIONS /api/v1/roles => 204 in 0.479 ms CorrelationId=b394f7fa951549e48d016b645ad97ecb UserId=anonymous
2026-04-10 16:26:59.377 +07:00 [INF] HTTP OPTIONS /api/v1/roles responded 204 in 2.1462 ms
2026-04-10 16:26:59.378 +07:00 [INF] Request finished HTTP/1.1 OPTIONS http://localhost:5283/api/v1/roles - 204 null null 5.1906ms
2026-04-10 16:26:59.380 +07:00 [INF] Request starting HTTP/1.1 GET http://localhost:5283/api/v1/roles - null null
2026-04-10 16:26:59.382 +07:00 [INF] CORS policy execution successful.
2026-04-10 16:26:59.383 +07:00 [INF] Executing endpoint 'ThucLuc.Api.Controllers.V1.RolesController.GetAll (ThucLuc.Api)'
2026-04-10 16:26:59.390 +07:00 [INF] Route matched with {action = "GetAll", controller = "Roles"}. Executing controller action with signature System.Threading.Tasks.Task`1[Microsoft.AspNetCore.Mvc.ActionResult`1[ThucLuc.Api.Common.Models.ApiResponse`1[System.Collections.Generic.IReadOnlyCollection`1[ThucLuc.Application.Features.Roles.RoleDto]]]] GetAll(System.Threading.CancellationToken) on controller ThucLuc.Api.Controllers.V1.RolesController (ThucLuc.Api).
2026-04-10 16:26:59.502 +07:00 [INF] Executing OkObjectResult, writing value of type 'ThucLuc.Api.Common.Models.ApiResponse`1[[System.Collections.Generic.IReadOnlyCollection`1[[ThucLuc.Application.Features.Roles.RoleDto, ThucLuc.Application, Version=1.0.0.0, Culture=neutral, PublicKeyToken=null]], System.Private.CoreLib, Version=8.0.0.0, Culture=neutral, PublicKeyToken=7cec85d7bea7798e]]'.
2026-04-10 16:26:59.505 +07:00 [INF] Executed action ThucLuc.Api.Controllers.V1.RolesController.GetAll (ThucLuc.Api) in 113.67ms
2026-04-10 16:26:59.506 +07:00 [INF] Executed endpoint 'ThucLuc.Api.Controllers.V1.RolesController.GetAll (ThucLuc.Api)'
2026-04-10 16:26:59.507 +07:00 [INF] HTTP GET /api/v1/roles => 200 in 125.2147 ms CorrelationId=bfc1f2158312499db42ae158ca810304 UserId=5001
2026-04-10 16:26:59.508 +07:00 [INF] HTTP GET /api/v1/roles responded 200 in 126.5415 ms
2026-04-10 16:26:59.509 +07:00 [INF] Request finished HTTP/1.1 GET http://localhost:5283/api/v1/roles - 200 null application/json; charset=utf-8 129.2585ms
2026-04-10 16:26:59.511 +07:00 [INF] Request starting HTTP/1.1 OPTIONS http://localhost:5283/api/v1/phan-quyen/user-roles - null null
2026-04-10 16:26:59.512 +07:00 [INF] CORS policy execution successful.
2026-04-10 16:26:59.513 +07:00 [INF] HTTP OPTIONS /api/v1/phan-quyen/user-roles => 204 in 0.4925 ms CorrelationId=8f2a4f006aa1401b8db876d9fe7b9c2f UserId=anonymous
2026-04-10 16:26:59.514 +07:00 [INF] HTTP OPTIONS /api/v1/phan-quyen/user-roles responded 204 in 1.6570 ms
2026-04-10 16:26:59.515 +07:00 [INF] Request finished HTTP/1.1 OPTIONS http://localhost:5283/api/v1/phan-quyen/user-roles - 204 null null 3.6719ms
2026-04-10 16:26:59.516 +07:00 [INF] Request starting HTTP/1.1 GET http://localhost:5283/api/v1/phan-quyen/user-roles - null null
2026-04-10 16:26:59.518 +07:00 [INF] CORS policy execution successful.
2026-04-10 16:26:59.520 +07:00 [INF] Executing endpoint 'ThucLuc.Api.Controllers.V1.PhanQuyenController.GetUserRoleMappings (ThucLuc.Api)'
2026-04-10 16:26:59.523 +07:00 [INF] Route matched with {action = "GetUserRoleMappings", controller = "PhanQuyen"}. Executing controller action with signature System.Threading.Tasks.Task`1[Microsoft.AspNetCore.Mvc.ActionResult`1[ThucLuc.Api.Common.Models.ApiResponse`1[System.Collections.Generic.IReadOnlyCollection`1[ThucLuc.Api.Controllers.V1.UserRoleMappingDto]]]] GetUserRoleMappings(System.Nullable`1[System.Int64], System.Threading.CancellationToken) on controller ThucLuc.Api.Controllers.V1.PhanQuyenController (ThucLuc.Api).
2026-04-10 16:26:59.635 +07:00 [INF] Executing OkObjectResult, writing value of type 'ThucLuc.Api.Common.Models.ApiResponse`1[[System.Collections.Generic.IReadOnlyCollection`1[[ThucLuc.Api.Controllers.V1.UserRoleMappingDto, ThucLuc.Api, Version=1.0.0.0, Culture=neutral, PublicKeyToken=null]], System.Private.CoreLib, Version=8.0.0.0, Culture=neutral, PublicKeyToken=7cec85d7bea7798e]]'.
2026-04-10 16:26:59.641 +07:00 [INF] Executed action ThucLuc.Api.Controllers.V1.PhanQuyenController.GetUserRoleMappings (ThucLuc.Api) in 116.5201ms
2026-04-10 16:26:59.649 +07:00 [INF] Executed endpoint 'ThucLuc.Api.Controllers.V1.PhanQuyenController.GetUserRoleMappings (ThucLuc.Api)'
2026-04-10 16:26:59.650 +07:00 [INF] HTTP GET /api/v1/phan-quyen/user-roles => 200 in 131.9703 ms CorrelationId=3ce5ce5e8d214150a7f3302995c9fa5e UserId=5001
2026-04-10 16:26:59.656 +07:00 [INF] HTTP GET /api/v1/phan-quyen/user-roles responded 200 in 137.8290 ms
2026-04-10 16:26:59.657 +07:00 [INF] Request finished HTTP/1.1 GET http://localhost:5283/api/v1/phan-quyen/user-roles - 200 null application/json; charset=utf-8 140.5863ms
2026-04-10 16:28:35.613 +07:00 [INF] Request starting HTTP/1.1 OPTIONS http://localhost:5283/api/v1/codes/by-code/CAP_BAC_CONG_AN - null null
2026-04-10 16:28:35.613 +07:00 [INF] Request starting HTTP/1.1 OPTIONS http://localhost:5283/api/v1/codes/by-code/GIOI_TINH - null null
2026-04-10 16:28:35.614 +07:00 [INF] Request starting HTTP/1.1 OPTIONS http://localhost:5283/api/v1/codes/by-code/LOAI_NHAN_LUC - null null
2026-04-10 16:28:35.621 +07:00 [INF] CORS policy execution successful.
2026-04-10 16:28:35.621 +07:00 [INF] HTTP OPTIONS /api/v1/codes/by-code/LOAI_NHAN_LUC => 204 in 0.5281 ms CorrelationId=bbabfa2493954f778af967482a55ad89 UserId=anonymous
2026-04-10 16:28:35.624 +07:00 [INF] HTTP OPTIONS /api/v1/codes/by-code/LOAI_NHAN_LUC responded 204 in 2.9599 ms
2026-04-10 16:28:35.625 +07:00 [INF] Request finished HTTP/1.1 OPTIONS http://localhost:5283/api/v1/codes/by-code/LOAI_NHAN_LUC - 204 null null 10.3384ms
2026-04-10 16:28:35.619 +07:00 [INF] CORS policy execution successful.
2026-04-10 16:28:35.615 +07:00 [INF] Request starting HTTP/1.1 OPTIONS http://localhost:5283/api/v1/codes/by-code/TRINH_DO_CNTT - null null
2026-04-10 16:28:35.615 +07:00 [INF] Request starting HTTP/1.1 OPTIONS http://localhost:5283/api/v1/codes/by-code/TRINH_DO_LLCT - null null
2026-04-10 16:28:35.632 +07:00 [INF] CORS policy execution successful.
2026-04-10 16:28:35.617 +07:00 [INF] CORS policy execution successful.
2026-04-10 16:28:35.627 +07:00 [INF] HTTP OPTIONS /api/v1/codes/by-code/GIOI_TINH => 204 in 8.0929 ms CorrelationId=5bab59dfe3854705bfea67b74e39deec UserId=anonymous
2026-04-10 16:28:35.628 +07:00 [INF] Request starting HTTP/1.1 GET http://localhost:5283/api/v1/codes/by-code/LOAI_NHAN_LUC - null null
2026-04-10 16:28:35.629 +07:00 [INF] CORS policy execution successful.
2026-04-10 16:28:35.615 +07:00 [INF] Request starting HTTP/1.1 OPTIONS http://localhost:5283/api/v1/don-vi/tree - null null
2026-04-10 16:28:35.634 +07:00 [INF] HTTP OPTIONS /api/v1/codes/by-code/TRINH_DO_LLCT => 204 in 2.1946 ms CorrelationId=e55a9420d2c64282a9c704269330f4df UserId=anonymous
2026-04-10 16:28:35.635 +07:00 [INF] HTTP OPTIONS /api/v1/codes/by-code/CAP_BAC_CONG_AN => 204 in 17.4116 ms CorrelationId=da39fb966b7b4f478878d30c1f374f47 UserId=anonymous
2026-04-10 16:28:35.636 +07:00 [INF] HTTP OPTIONS /api/v1/codes/by-code/GIOI_TINH responded 204 in 17.5073 ms
2026-04-10 16:28:35.640 +07:00 [INF] CORS policy execution successful.
2026-04-10 16:28:35.642 +07:00 [INF] HTTP OPTIONS /api/v1/codes/by-code/TRINH_DO_CNTT => 204 in 13.1378 ms CorrelationId=76cc0927099b46d986186a7707de5b5e UserId=anonymous
2026-04-10 16:28:35.652 +07:00 [INF] HTTP OPTIONS /api/v1/codes/by-code/TRINH_DO_CNTT responded 204 in 22.7669 ms
2026-04-10 16:28:35.645 +07:00 [INF] HTTP OPTIONS /api/v1/codes/by-code/TRINH_DO_LLCT responded 204 in 13.6169 ms
2026-04-10 16:28:35.655 +07:00 [INF] Request finished HTTP/1.1 OPTIONS http://localhost:5283/api/v1/codes/by-code/TRINH_DO_LLCT - 204 null null 39.8419ms
2026-04-10 16:28:35.648 +07:00 [INF] Request finished HTTP/1.1 OPTIONS http://localhost:5283/api/v1/codes/by-code/GIOI_TINH - 204 null null 34.984ms
2026-04-10 16:28:35.650 +07:00 [INF] Executing endpoint 'ThucLuc.Api.Controllers.V1.CodesController.GetByCode (ThucLuc.Api)'
2026-04-10 16:28:35.644 +07:00 [INF] CORS policy execution successful.
2026-04-10 16:28:35.653 +07:00 [INF] Request finished HTTP/1.1 OPTIONS http://localhost:5283/api/v1/codes/by-code/TRINH_DO_CNTT - 204 null null 38.3347ms
2026-04-10 16:28:35.646 +07:00 [INF] HTTP OPTIONS /api/v1/codes/by-code/CAP_BAC_CONG_AN responded 204 in 29.0683 ms
2026-04-10 16:28:35.665 +07:00 [INF] Request finished HTTP/1.1 OPTIONS http://localhost:5283/api/v1/codes/by-code/CAP_BAC_CONG_AN - 204 null null 52.0469ms
2026-04-10 16:28:35.660 +07:00 [INF] Request starting HTTP/1.1 GET http://localhost:5283/api/v1/codes/by-code/GIOI_TINH - null null
2026-04-10 16:28:35.661 +07:00 [INF] Route matched with {action = "GetByCode", controller = "Codes"}. Executing controller action with signature System.Threading.Tasks.Task`1[Microsoft.AspNetCore.Mvc.ActionResult`1[ThucLuc.Api.Common.Models.ApiResponse`1[ThucLuc.Application.Features.Codes.CodeDto]]] GetByCode(System.String, System.Threading.CancellationToken) on controller ThucLuc.Api.Controllers.V1.CodesController (ThucLuc.Api).
2026-04-10 16:28:35.661 +07:00 [INF] HTTP OPTIONS /api/v1/don-vi/tree => 204 in 17.1578 ms CorrelationId=f46c21d919b2459980fb49965cb197cd UserId=anonymous
2026-04-10 16:28:35.663 +07:00 [INF] Request starting HTTP/1.1 GET http://localhost:5283/api/v1/codes/by-code/TRINH_DO_CNTT - null null
2026-04-10 16:28:35.680 +07:00 [INF] CORS policy execution successful.
2026-04-10 16:28:35.683 +07:00 [INF] Executing endpoint 'ThucLuc.Api.Controllers.V1.CodesController.GetByCode (ThucLuc.Api)'
2026-04-10 16:28:35.671 +07:00 [INF] CORS policy execution successful.
2026-04-10 16:28:35.679 +07:00 [INF] HTTP OPTIONS /api/v1/don-vi/tree responded 204 in 35.0037 ms
2026-04-10 16:28:35.658 +07:00 [INF] Request starting HTTP/1.1 GET http://localhost:5283/api/v1/codes/by-code/TRINH_DO_LLCT - null null
2026-04-10 16:28:35.706 +07:00 [INF] CORS policy execution successful.
2026-04-10 16:28:35.707 +07:00 [INF] Executing endpoint 'ThucLuc.Api.Controllers.V1.CodesController.GetByCode (ThucLuc.Api)'
2026-04-10 16:28:35.707 +07:00 [INF] Route matched with {action = "GetByCode", controller = "Codes"}. Executing controller action with signature System.Threading.Tasks.Task`1[Microsoft.AspNetCore.Mvc.ActionResult`1[ThucLuc.Api.Common.Models.ApiResponse`1[ThucLuc.Application.Features.Codes.CodeDto]]] GetByCode(System.String, System.Threading.CancellationToken) on controller ThucLuc.Api.Controllers.V1.CodesController (ThucLuc.Api).
2026-04-10 16:28:35.703 +07:00 [INF] Executing endpoint 'ThucLuc.Api.Controllers.V1.CodesController.GetByCode (ThucLuc.Api)'
2026-04-10 16:28:35.709 +07:00 [INF] Route matched with {action = "GetByCode", controller = "Codes"}. Executing controller action with signature System.Threading.Tasks.Task`1[Microsoft.AspNetCore.Mvc.ActionResult`1[ThucLuc.Api.Common.Models.ApiResponse`1[ThucLuc.Application.Features.Codes.CodeDto]]] GetByCode(System.String, System.Threading.CancellationToken) on controller ThucLuc.Api.Controllers.V1.CodesController (ThucLuc.Api).
2026-04-10 16:28:35.668 +07:00 [INF] Request starting HTTP/1.1 GET http://localhost:5283/api/v1/codes/by-code/CAP_BAC_CONG_AN - null null
2026-04-10 16:28:35.715 +07:00 [INF] CORS policy execution successful.
2026-04-10 16:28:35.718 +07:00 [INF] Executing endpoint 'ThucLuc.Api.Controllers.V1.CodesController.GetByCode (ThucLuc.Api)'
2026-04-10 16:28:35.698 +07:00 [INF] Route matched with {action = "GetByCode", controller = "Codes"}. Executing controller action with signature System.Threading.Tasks.Task`1[Microsoft.AspNetCore.Mvc.ActionResult`1[ThucLuc.Api.Common.Models.ApiResponse`1[ThucLuc.Application.Features.Codes.CodeDto]]] GetByCode(System.String, System.Threading.CancellationToken) on controller ThucLuc.Api.Controllers.V1.CodesController (ThucLuc.Api).
2026-04-10 16:28:35.705 +07:00 [INF] Request finished HTTP/1.1 OPTIONS http://localhost:5283/api/v1/don-vi/tree - 204 null null 90.0504ms
2026-04-10 16:28:35.721 +07:00 [INF] Route matched with {action = "GetByCode", controller = "Codes"}. Executing controller action with signature System.Threading.Tasks.Task`1[Microsoft.AspNetCore.Mvc.ActionResult`1[ThucLuc.Api.Common.Models.ApiResponse`1[ThucLuc.Application.Features.Codes.CodeDto]]] GetByCode(System.String, System.Threading.CancellationToken) on controller ThucLuc.Api.Controllers.V1.CodesController (ThucLuc.Api).
2026-04-10 16:28:35.724 +07:00 [INF] Executing OkObjectResult, writing value of type 'ThucLuc.Api.Common.Models.ApiResponse`1[[ThucLuc.Application.Features.Codes.CodeDto, ThucLuc.Application, Version=1.0.0.0, Culture=neutral, PublicKeyToken=null]]'.
2026-04-10 16:28:35.727 +07:00 [INF] Request starting HTTP/1.1 GET http://localhost:5283/api/v1/don-vi/tree - null null
2026-04-10 16:28:35.730 +07:00 [INF] Executed action ThucLuc.Api.Controllers.V1.CodesController.GetByCode (ThucLuc.Api) in 55.5885ms
2026-04-10 16:28:35.747 +07:00 [INF] Executed endpoint 'ThucLuc.Api.Controllers.V1.CodesController.GetByCode (ThucLuc.Api)'
2026-04-10 16:28:35.745 +07:00 [INF] CORS policy execution successful.
2026-04-10 16:28:35.752 +07:00 [INF] Executing endpoint 'ThucLuc.Api.Controllers.V1.DonViController.GetTree (ThucLuc.Api)'
2026-04-10 16:28:35.754 +07:00 [INF] Route matched with {action = "GetTree", controller = "DonVi"}. Executing controller action with signature System.Threading.Tasks.Task`1[Microsoft.AspNetCore.Mvc.ActionResult`1[ThucLuc.Api.Common.Models.ApiResponse`1[System.Collections.Generic.IReadOnlyCollection`1[ThucLuc.Application.Features.DonVi.DonViDto]]]] GetTree(System.Threading.CancellationToken) on controller ThucLuc.Api.Controllers.V1.DonViController (ThucLuc.Api).
2026-04-10 16:28:35.753 +07:00 [INF] Executing OkObjectResult, writing value of type 'ThucLuc.Api.Common.Models.ApiResponse`1[[ThucLuc.Application.Features.Codes.CodeDto, ThucLuc.Application, Version=1.0.0.0, Culture=neutral, PublicKeyToken=null]]'.
2026-04-10 16:28:35.751 +07:00 [INF] HTTP GET /api/v1/codes/by-code/LOAI_NHAN_LUC => 200 in 111.5697 ms CorrelationId=53af108b363d4a1db4678fe85fb08a84 UserId=5001
2026-04-10 16:28:35.758 +07:00 [INF] Executed action ThucLuc.Api.Controllers.V1.CodesController.GetByCode (ThucLuc.Api) in 49.0052ms
2026-04-10 16:28:35.760 +07:00 [INF] Executed endpoint 'ThucLuc.Api.Controllers.V1.CodesController.GetByCode (ThucLuc.Api)'
2026-04-10 16:28:35.760 +07:00 [INF] HTTP GET /api/v1/codes/by-code/LOAI_NHAN_LUC responded 200 in 120.0898 ms
2026-04-10 16:28:35.763 +07:00 [INF] Request finished HTTP/1.1 GET http://localhost:5283/api/v1/codes/by-code/LOAI_NHAN_LUC - 200 null application/json; charset=utf-8 135.3158ms
2026-04-10 16:28:35.762 +07:00 [INF] HTTP GET /api/v1/codes/by-code/TRINH_DO_LLCT => 200 in 55.8246 ms CorrelationId=cd1149b223dd4e7c9af9fb2760a79bc8 UserId=5001
2026-04-10 16:28:35.758 +07:00 [INF] Executing OkObjectResult, writing value of type 'ThucLuc.Api.Common.Models.ApiResponse`1[[ThucLuc.Application.Features.Codes.CodeDto, ThucLuc.Application, Version=1.0.0.0, Culture=neutral, PublicKeyToken=null]]'.
2026-04-10 16:28:35.766 +07:00 [INF] Executing OkObjectResult, writing value of type 'ThucLuc.Api.Common.Models.ApiResponse`1[[ThucLuc.Application.Features.Codes.CodeDto, ThucLuc.Application, Version=1.0.0.0, Culture=neutral, PublicKeyToken=null]]'.
2026-04-10 16:28:35.774 +07:00 [INF] Executed action ThucLuc.Api.Controllers.V1.CodesController.GetByCode (ThucLuc.Api) in 52.4835ms
2026-04-10 16:28:35.773 +07:00 [INF] Executed action ThucLuc.Api.Controllers.V1.CodesController.GetByCode (ThucLuc.Api) in 62.1933ms
2026-04-10 16:28:35.775 +07:00 [INF] Executed endpoint 'ThucLuc.Api.Controllers.V1.CodesController.GetByCode (ThucLuc.Api)'
2026-04-10 16:28:35.773 +07:00 [INF] HTTP GET /api/v1/codes/by-code/TRINH_DO_LLCT responded 200 in 66.9554 ms
2026-04-10 16:28:35.779 +07:00 [INF] Request finished HTTP/1.1 GET http://localhost:5283/api/v1/codes/by-code/TRINH_DO_LLCT - 200 null application/json; charset=utf-8 120.8706ms
2026-04-10 16:28:35.773 +07:00 [INF] Executing OkObjectResult, writing value of type 'ThucLuc.Api.Common.Models.ApiResponse`1[[ThucLuc.Application.Features.Codes.CodeDto, ThucLuc.Application, Version=1.0.0.0, Culture=neutral, PublicKeyToken=null]]'.
2026-04-10 16:28:35.776 +07:00 [INF] HTTP GET /api/v1/codes/by-code/GIOI_TINH => 200 in 105.0205 ms CorrelationId=62880097a4154ccd9eb98aff2f01e993 UserId=5001
2026-04-10 16:28:35.774 +07:00 [INF] Executed endpoint 'ThucLuc.Api.Controllers.V1.CodesController.GetByCode (ThucLuc.Api)'
2026-04-10 16:28:35.786 +07:00 [INF] Executed action ThucLuc.Api.Controllers.V1.CodesController.GetByCode (ThucLuc.Api) in 57.5009ms
2026-04-10 16:28:35.788 +07:00 [INF] HTTP GET /api/v1/codes/by-code/TRINH_DO_CNTT => 200 in 108.6887 ms CorrelationId=4e4c9fccd6ed4fddb5e29c1ffa2fd7e8 UserId=5001
2026-04-10 16:28:35.788 +07:00 [INF] HTTP GET /api/v1/codes/by-code/GIOI_TINH responded 200 in 117.1603 ms
2026-04-10 16:28:35.789 +07:00 [INF] Executed endpoint 'ThucLuc.Api.Controllers.V1.CodesController.GetByCode (ThucLuc.Api)'
2026-04-10 16:28:35.791 +07:00 [INF] HTTP GET /api/v1/codes/by-code/TRINH_DO_CNTT responded 200 in 111.0307 ms
2026-04-10 16:28:35.793 +07:00 [INF] Request finished HTTP/1.1 GET http://localhost:5283/api/v1/codes/by-code/GIOI_TINH - 200 null application/json; charset=utf-8 133.1886ms
2026-04-10 16:28:35.794 +07:00 [INF] HTTP GET /api/v1/codes/by-code/CAP_BAC_CONG_AN => 200 in 79.3858 ms CorrelationId=d02aa666a5f449338b75125e71fb0c32 UserId=5001
2026-04-10 16:28:35.795 +07:00 [INF] Request finished HTTP/1.1 GET http://localhost:5283/api/v1/codes/by-code/TRINH_DO_CNTT - 200 null application/json; charset=utf-8 131.7935ms
2026-04-10 16:28:35.798 +07:00 [INF] HTTP GET /api/v1/codes/by-code/CAP_BAC_CONG_AN responded 200 in 83.5788 ms
2026-04-10 16:28:35.801 +07:00 [INF] Request finished HTTP/1.1 GET http://localhost:5283/api/v1/codes/by-code/CAP_BAC_CONG_AN - 200 null application/json; charset=utf-8 133.0589ms
2026-04-10 16:28:35.804 +07:00 [INF] Executing OkObjectResult, writing value of type 'ThucLuc.Api.Common.Models.ApiResponse`1[[System.Collections.Generic.IReadOnlyCollection`1[[ThucLuc.Application.Features.DonVi.DonViDto, ThucLuc.Application, Version=1.0.0.0, Culture=neutral, PublicKeyToken=null]], System.Private.CoreLib, Version=8.0.0.0, Culture=neutral, PublicKeyToken=7cec85d7bea7798e]]'.
2026-04-10 16:28:35.805 +07:00 [INF] Executed action ThucLuc.Api.Controllers.V1.DonViController.GetTree (ThucLuc.Api) in 50.2175ms
2026-04-10 16:28:35.806 +07:00 [INF] Executed endpoint 'ThucLuc.Api.Controllers.V1.DonViController.GetTree (ThucLuc.Api)'
2026-04-10 16:28:35.807 +07:00 [INF] HTTP GET /api/v1/don-vi/tree => 200 in 61.2877 ms CorrelationId=585f1af0c79d41719c113cf1aff26ec4 UserId=5001
2026-04-10 16:28:35.808 +07:00 [INF] HTTP GET /api/v1/don-vi/tree responded 200 in 62.3770 ms
2026-04-10 16:28:35.808 +07:00 [INF] Request finished HTTP/1.1 GET http://localhost:5283/api/v1/don-vi/tree - 200 null application/json; charset=utf-8 81.8861ms
2026-04-10 16:28:35.810 +07:00 [INF] Request starting HTTP/1.1 OPTIONS http://localhost:5283/api/v1/nhan-luc-cntt?page=1&pageSize=10&namBaoCao=2026 - null null
2026-04-10 16:28:35.812 +07:00 [INF] CORS policy execution successful.
2026-04-10 16:28:35.812 +07:00 [INF] HTTP OPTIONS /api/v1/nhan-luc-cntt => 204 in 0.4654 ms CorrelationId=ba297e3e566f40f98ed299d75943a2ee UserId=anonymous
2026-04-10 16:28:35.813 +07:00 [INF] HTTP OPTIONS /api/v1/nhan-luc-cntt responded 204 in 1.5753 ms
2026-04-10 16:28:35.815 +07:00 [INF] Request finished HTTP/1.1 OPTIONS http://localhost:5283/api/v1/nhan-luc-cntt?page=1&pageSize=10&namBaoCao=2026 - 204 null null 4.225ms
2026-04-10 16:28:35.817 +07:00 [INF] Request starting HTTP/1.1 GET http://localhost:5283/api/v1/nhan-luc-cntt?page=1&pageSize=10&namBaoCao=2026 - null null
2026-04-10 16:28:35.819 +07:00 [INF] CORS policy execution successful.
2026-04-10 16:28:35.819 +07:00 [INF] Executing endpoint 'ThucLuc.Api.Controllers.V1.NhanLucCnttController.GetAll (ThucLuc.Api)'
2026-04-10 16:28:35.820 +07:00 [INF] Route matched with {action = "GetAll", controller = "NhanLucCntt"}. Executing controller action with signature System.Threading.Tasks.Task`1[Microsoft.AspNetCore.Mvc.ActionResult`1[ThucLuc.Api.Common.Models.ApiResponse`1[ThucLuc.Application.Common.Models.PagedResult`1[ThucLuc.Application.Features.NhanLucCntt.NhanLucCnttDto]]]] GetAll(ThucLuc.Application.Features.NhanLucCntt.NhanLucCnttQuery, System.Threading.CancellationToken) on controller ThucLuc.Api.Controllers.V1.NhanLucCnttController (ThucLuc.Api).
2026-04-10 16:28:35.872 +07:00 [INF] Executing OkObjectResult, writing value of type 'ThucLuc.Api.Common.Models.ApiResponse`1[[ThucLuc.Application.Common.Models.PagedResult`1[[ThucLuc.Application.Features.NhanLucCntt.NhanLucCnttDto, ThucLuc.Application, Version=1.0.0.0, Culture=neutral, PublicKeyToken=null]], ThucLuc.Application, Version=1.0.0.0, Culture=neutral, PublicKeyToken=null]]'.
2026-04-10 16:28:35.873 +07:00 [INF] Executed action ThucLuc.Api.Controllers.V1.NhanLucCnttController.GetAll (ThucLuc.Api) in 51.3505ms
2026-04-10 16:28:35.873 +07:00 [INF] Executed endpoint 'ThucLuc.Api.Controllers.V1.NhanLucCnttController.GetAll (ThucLuc.Api)'
2026-04-10 16:28:35.874 +07:00 [INF] HTTP GET /api/v1/nhan-luc-cntt => 200 in 55.2044 ms CorrelationId=05019a7c091747d8902cdeb38f977660 UserId=5001
2026-04-10 16:28:35.875 +07:00 [INF] HTTP GET /api/v1/nhan-luc-cntt responded 200 in 56.2120 ms
2026-04-10 16:28:35.876 +07:00 [INF] Request finished HTTP/1.1 GET http://localhost:5283/api/v1/nhan-luc-cntt?page=1&pageSize=10&namBaoCao=2026 - 200 null application/json; charset=utf-8 58.3316ms
2026-04-10 16:28:36.407 +07:00 [INF] Request starting HTTP/1.1 OPTIONS http://localhost:5283/api/v1/dao-tao-boi-duong?kyCode=2026Q1 - null null
2026-04-10 16:28:36.422 +07:00 [INF] CORS policy execution successful.
2026-04-10 16:28:36.423 +07:00 [INF] HTTP OPTIONS /api/v1/dao-tao-boi-duong => 204 in 1.0427 ms CorrelationId=7b7036e950874163be55bcb474fcda83 UserId=anonymous
2026-04-10 16:28:36.434 +07:00 [INF] HTTP OPTIONS /api/v1/dao-tao-boi-duong responded 204 in 12.6256 ms
2026-04-10 16:28:36.438 +07:00 [INF] Request finished HTTP/1.1 OPTIONS http://localhost:5283/api/v1/dao-tao-boi-duong?kyCode=2026Q1 - 204 null null 31.5259ms
2026-04-10 16:28:36.446 +07:00 [INF] Request starting HTTP/1.1 GET http://localhost:5283/api/v1/dao-tao-boi-duong?kyCode=2026Q1 - null null
2026-04-10 16:28:36.453 +07:00 [INF] CORS policy execution successful.
2026-04-10 16:28:36.457 +07:00 [INF] Executing endpoint 'ThucLuc.Api.Controllers.V1.DaoTaoBoiDuongController.GetAll (ThucLuc.Api)'
2026-04-10 16:28:36.470 +07:00 [INF] Route matched with {action = "GetAll", controller = "DaoTaoBoiDuong"}. Executing controller action with signature System.Threading.Tasks.Task`1[Microsoft.AspNetCore.Mvc.ActionResult`1[ThucLuc.Api.Common.Models.ApiResponse`1[System.Collections.Generic.IReadOnlyCollection`1[ThucLuc.Application.Features.DaoTaoBoiDuong.DaoTaoBoiDuongDto]]]] GetAll(System.String, System.Threading.CancellationToken) on controller ThucLuc.Api.Controllers.V1.DaoTaoBoiDuongController (ThucLuc.Api).
2026-04-10 16:28:36.524 +07:00 [INF] Executing OkObjectResult, writing value of type 'ThucLuc.Api.Common.Models.ApiResponse`1[[System.Collections.Generic.IReadOnlyCollection`1[[ThucLuc.Application.Features.DaoTaoBoiDuong.DaoTaoBoiDuongDto, ThucLuc.Application, Version=1.0.0.0, Culture=neutral, PublicKeyToken=null]], System.Private.CoreLib, Version=8.0.0.0, Culture=neutral, PublicKeyToken=7cec85d7bea7798e]]'.
2026-04-10 16:28:36.530 +07:00 [INF] Executed action ThucLuc.Api.Controllers.V1.DaoTaoBoiDuongController.GetAll (ThucLuc.Api) in 50.8232ms
2026-04-10 16:28:36.533 +07:00 [INF] Executed endpoint 'ThucLuc.Api.Controllers.V1.DaoTaoBoiDuongController.GetAll (ThucLuc.Api)'
2026-04-10 16:28:36.534 +07:00 [INF] HTTP GET /api/v1/dao-tao-boi-duong => 200 in 81.4206 ms CorrelationId=542d6487f4a7462bbd508c8cfff87706 UserId=5001
2026-04-10 16:28:36.537 +07:00 [INF] HTTP GET /api/v1/dao-tao-boi-duong responded 200 in 84.0980 ms
2026-04-10 16:28:36.539 +07:00 [INF] Request finished HTTP/1.1 GET http://localhost:5283/api/v1/dao-tao-boi-duong?kyCode=2026Q1 - 200 null application/json; charset=utf-8 92.7272ms
2026-04-10 16:28:38.395 +07:00 [INF] Request starting HTTP/1.1 GET http://localhost:5283/api/v1/codes/by-code/CAP_BAC_CONG_AN - null null
2026-04-10 16:28:38.395 +07:00 [INF] Request starting HTTP/1.1 GET http://localhost:5283/api/v1/codes/by-code/LOAI_NHAN_LUC - null null
2026-04-10 16:28:38.396 +07:00 [INF] Request starting HTTP/1.1 GET http://localhost:5283/api/v1/codes/by-code/GIOI_TINH - null null
2026-04-10 16:28:38.405 +07:00 [INF] CORS policy execution successful.
2026-04-10 16:28:38.396 +07:00 [INF] Request starting HTTP/1.1 GET http://localhost:5283/api/v1/codes/by-code/TRINH_DO_LLCT - null null
2026-04-10 16:28:38.396 +07:00 [INF] Request starting HTTP/1.1 GET http://localhost:5283/api/v1/codes/by-code/TRINH_DO_CNTT - null null
2026-04-10 16:28:38.400 +07:00 [INF] CORS policy execution successful.
2026-04-10 16:28:38.402 +07:00 [INF] CORS policy execution successful.
2026-04-10 16:28:38.411 +07:00 [INF] Executing endpoint 'ThucLuc.Api.Controllers.V1.CodesController.GetByCode (ThucLuc.Api)'
2026-04-10 16:28:38.407 +07:00 [INF] Executing endpoint 'ThucLuc.Api.Controllers.V1.CodesController.GetByCode (ThucLuc.Api)'
2026-04-10 16:28:38.408 +07:00 [INF] CORS policy execution successful.
2026-04-10 16:28:38.410 +07:00 [INF] CORS policy execution successful.
2026-04-10 16:28:38.411 +07:00 [INF] Executing endpoint 'ThucLuc.Api.Controllers.V1.CodesController.GetByCode (ThucLuc.Api)'
2026-04-10 16:28:38.396 +07:00 [INF] Request starting HTTP/1.1 GET http://localhost:5283/api/v1/don-vi/tree - null null
2026-04-10 16:28:38.418 +07:00 [INF] CORS policy execution successful.
2026-04-10 16:28:38.413 +07:00 [INF] Route matched with {action = "GetByCode", controller = "Codes"}. Executing controller action with signature System.Threading.Tasks.Task`1[Microsoft.AspNetCore.Mvc.ActionResult`1[ThucLuc.Api.Common.Models.ApiResponse`1[ThucLuc.Application.Features.Codes.CodeDto]]] GetByCode(System.String, System.Threading.CancellationToken) on controller ThucLuc.Api.Controllers.V1.CodesController (ThucLuc.Api).
2026-04-10 16:28:38.413 +07:00 [INF] Executing endpoint 'ThucLuc.Api.Controllers.V1.CodesController.GetByCode (ThucLuc.Api)'
2026-04-10 16:28:38.414 +07:00 [INF] Executing endpoint 'ThucLuc.Api.Controllers.V1.CodesController.GetByCode (ThucLuc.Api)'
2026-04-10 16:28:38.416 +07:00 [INF] Route matched with {action = "GetByCode", controller = "Codes"}. Executing controller action with signature System.Threading.Tasks.Task`1[Microsoft.AspNetCore.Mvc.ActionResult`1[ThucLuc.Api.Common.Models.ApiResponse`1[ThucLuc.Application.Features.Codes.CodeDto]]] GetByCode(System.String, System.Threading.CancellationToken) on controller ThucLuc.Api.Controllers.V1.CodesController (ThucLuc.Api).
2026-04-10 16:28:38.412 +07:00 [INF] Route matched with {action = "GetByCode", controller = "Codes"}. Executing controller action with signature System.Threading.Tasks.Task`1[Microsoft.AspNetCore.Mvc.ActionResult`1[ThucLuc.Api.Common.Models.ApiResponse`1[ThucLuc.Application.Features.Codes.CodeDto]]] GetByCode(System.String, System.Threading.CancellationToken) on controller ThucLuc.Api.Controllers.V1.CodesController (ThucLuc.Api).
2026-04-10 16:28:38.420 +07:00 [INF] Executing endpoint 'ThucLuc.Api.Controllers.V1.DonViController.GetTree (ThucLuc.Api)'
2026-04-10 16:28:38.422 +07:00 [INF] Route matched with {action = "GetByCode", controller = "Codes"}. Executing controller action with signature System.Threading.Tasks.Task`1[Microsoft.AspNetCore.Mvc.ActionResult`1[ThucLuc.Api.Common.Models.ApiResponse`1[ThucLuc.Application.Features.Codes.CodeDto]]] GetByCode(System.String, System.Threading.CancellationToken) on controller ThucLuc.Api.Controllers.V1.CodesController (ThucLuc.Api).
2026-04-10 16:28:38.422 +07:00 [INF] Route matched with {action = "GetByCode", controller = "Codes"}. Executing controller action with signature System.Threading.Tasks.Task`1[Microsoft.AspNetCore.Mvc.ActionResult`1[ThucLuc.Api.Common.Models.ApiResponse`1[ThucLuc.Application.Features.Codes.CodeDto]]] GetByCode(System.String, System.Threading.CancellationToken) on controller ThucLuc.Api.Controllers.V1.CodesController (ThucLuc.Api).
2026-04-10 16:28:38.424 +07:00 [INF] Executing OkObjectResult, writing value of type 'ThucLuc.Api.Common.Models.ApiResponse`1[[ThucLuc.Application.Features.Codes.CodeDto, ThucLuc.Application, Version=1.0.0.0, Culture=neutral, PublicKeyToken=null]]'.
2026-04-10 16:28:38.425 +07:00 [INF] Route matched with {action = "GetTree", controller = "DonVi"}. Executing controller action with signature System.Threading.Tasks.Task`1[Microsoft.AspNetCore.Mvc.ActionResult`1[ThucLuc.Api.Common.Models.ApiResponse`1[System.Collections.Generic.IReadOnlyCollection`1[ThucLuc.Application.Features.DonVi.DonViDto]]]] GetTree(System.Threading.CancellationToken) on controller ThucLuc.Api.Controllers.V1.DonViController (ThucLuc.Api).
2026-04-10 16:28:38.425 +07:00 [INF] Executing OkObjectResult, writing value of type 'ThucLuc.Api.Common.Models.ApiResponse`1[[ThucLuc.Application.Features.Codes.CodeDto, ThucLuc.Application, Version=1.0.0.0, Culture=neutral, PublicKeyToken=null]]'.
2026-04-10 16:28:38.426 +07:00 [INF] Executing OkObjectResult, writing value of type 'ThucLuc.Api.Common.Models.ApiResponse`1[[ThucLuc.Application.Features.Codes.CodeDto, ThucLuc.Application, Version=1.0.0.0, Culture=neutral, PublicKeyToken=null]]'.
2026-04-10 16:28:38.430 +07:00 [INF] Executing OkObjectResult, writing value of type 'ThucLuc.Api.Common.Models.ApiResponse`1[[System.Collections.Generic.IReadOnlyCollection`1[[ThucLuc.Application.Features.DonVi.DonViDto, ThucLuc.Application, Version=1.0.0.0, Culture=neutral, PublicKeyToken=null]], System.Private.CoreLib, Version=8.0.0.0, Culture=neutral, PublicKeyToken=7cec85d7bea7798e]]'.
2026-04-10 16:28:38.428 +07:00 [INF] Executed action ThucLuc.Api.Controllers.V1.CodesController.GetByCode (ThucLuc.Api) in 6.3809ms
2026-04-10 16:28:38.434 +07:00 [INF] Executed endpoint 'ThucLuc.Api.Controllers.V1.CodesController.GetByCode (ThucLuc.Api)'
2026-04-10 16:28:38.430 +07:00 [INF] Executed action ThucLuc.Api.Controllers.V1.CodesController.GetByCode (ThucLuc.Api) in 6.539ms
2026-04-10 16:28:38.427 +07:00 [INF] Executing OkObjectResult, writing value of type 'ThucLuc.Api.Common.Models.ApiResponse`1[[ThucLuc.Application.Features.Codes.CodeDto, ThucLuc.Application, Version=1.0.0.0, Culture=neutral, PublicKeyToken=null]]'.
2026-04-10 16:28:38.430 +07:00 [INF] Executed action ThucLuc.Api.Controllers.V1.CodesController.GetByCode (ThucLuc.Api) in 6.483ms
2026-04-10 16:28:38.437 +07:00 [INF] Executed endpoint 'ThucLuc.Api.Controllers.V1.CodesController.GetByCode (ThucLuc.Api)'
2026-04-10 16:28:38.438 +07:00 [INF] HTTP GET /api/v1/codes/by-code/LOAI_NHAN_LUC => 200 in 36.4792 ms CorrelationId=693627ebc99e4f6aabf62d5f008ad3dc UserId=5001
2026-04-10 16:28:38.435 +07:00 [INF] HTTP GET /api/v1/codes/by-code/GIOI_TINH => 200 in 29.7242 ms CorrelationId=2ab72f820ca04bdca93f6e7bd5ac9c9d UserId=5001
2026-04-10 16:28:38.436 +07:00 [INF] Executed endpoint 'ThucLuc.Api.Controllers.V1.CodesController.GetByCode (ThucLuc.Api)'
2026-04-10 16:28:38.441 +07:00 [INF] HTTP GET /api/v1/codes/by-code/CAP_BAC_CONG_AN => 200 in 41.4436 ms CorrelationId=96453556c2f7461c92c1447036e30ed4 UserId=5001
2026-04-10 16:28:38.432 +07:00 [INF] Executed action ThucLuc.Api.Controllers.V1.DonViController.GetTree (ThucLuc.Api) in 3.5279ms
2026-04-10 16:28:38.428 +07:00 [INF] Executing OkObjectResult, writing value of type 'ThucLuc.Api.Common.Models.ApiResponse`1[[ThucLuc.Application.Features.Codes.CodeDto, ThucLuc.Application, Version=1.0.0.0, Culture=neutral, PublicKeyToken=null]]'.
2026-04-10 16:28:38.440 +07:00 [INF] HTTP GET /api/v1/codes/by-code/LOAI_NHAN_LUC responded 200 in 37.7930 ms
2026-04-10 16:28:38.441 +07:00 [INF] HTTP GET /api/v1/codes/by-code/GIOI_TINH responded 200 in 35.6399 ms
2026-04-10 16:28:38.437 +07:00 [INF] Executed action ThucLuc.Api.Controllers.V1.CodesController.GetByCode (ThucLuc.Api) in 10.5962ms
2026-04-10 16:28:38.443 +07:00 [INF] HTTP GET /api/v1/codes/by-code/CAP_BAC_CONG_AN responded 200 in 42.9575 ms
2026-04-10 16:28:38.449 +07:00 [INF] Request finished HTTP/1.1 GET http://localhost:5283/api/v1/codes/by-code/CAP_BAC_CONG_AN - 200 null application/json; charset=utf-8 53.6259ms
2026-04-10 16:28:38.445 +07:00 [INF] Executed action ThucLuc.Api.Controllers.V1.CodesController.GetByCode (ThucLuc.Api) in 17.475ms
2026-04-10 16:28:38.446 +07:00 [INF] Request finished HTTP/1.1 GET http://localhost:5283/api/v1/codes/by-code/LOAI_NHAN_LUC - 200 null application/json; charset=utf-8 50.1315ms
2026-04-10 16:28:38.447 +07:00 [INF] Request finished HTTP/1.1 GET http://localhost:5283/api/v1/codes/by-code/GIOI_TINH - 200 null application/json; charset=utf-8 51.1433ms
2026-04-10 16:28:38.448 +07:00 [INF] Executed endpoint 'ThucLuc.Api.Controllers.V1.CodesController.GetByCode (ThucLuc.Api)'
2026-04-10 16:28:38.444 +07:00 [INF] Executed endpoint 'ThucLuc.Api.Controllers.V1.DonViController.GetTree (ThucLuc.Api)'
2026-04-10 16:28:38.453 +07:00 [INF] Executed endpoint 'ThucLuc.Api.Controllers.V1.CodesController.GetByCode (ThucLuc.Api)'
2026-04-10 16:28:38.458 +07:00 [INF] HTTP GET /api/v1/codes/by-code/TRINH_DO_LLCT => 200 in 49.3389 ms CorrelationId=5294ed8496c14d58a4b2ecaf01e5af0f UserId=5001
2026-04-10 16:28:38.458 +07:00 [INF] HTTP GET /api/v1/don-vi/tree => 200 in 40.2779 ms CorrelationId=4a9680c917d447e28ecb8db98cc311b4 UserId=5001
2026-04-10 16:28:38.459 +07:00 [INF] HTTP GET /api/v1/codes/by-code/TRINH_DO_CNTT => 200 in 48.7738 ms CorrelationId=00ac031b65a44e05b704e2a6e9eafc3b UserId=5001
2026-04-10 16:28:38.460 +07:00 [INF] HTTP GET /api/v1/codes/by-code/TRINH_DO_LLCT responded 200 in 51.2939 ms
2026-04-10 16:28:38.461 +07:00 [INF] HTTP GET /api/v1/don-vi/tree responded 200 in 43.2997 ms
2026-04-10 16:28:38.465 +07:00 [INF] Request finished HTTP/1.1 GET http://localhost:5283/api/v1/don-vi/tree - 200 null application/json; charset=utf-8 69.3071ms
2026-04-10 16:28:38.463 +07:00 [INF] Request finished HTTP/1.1 GET http://localhost:5283/api/v1/codes/by-code/TRINH_DO_LLCT - 200 null application/json; charset=utf-8 67.946ms
2026-04-10 16:28:38.462 +07:00 [INF] HTTP GET /api/v1/codes/by-code/TRINH_DO_CNTT responded 200 in 52.4422 ms
2026-04-10 16:28:38.471 +07:00 [INF] Request finished HTTP/1.1 GET http://localhost:5283/api/v1/codes/by-code/TRINH_DO_CNTT - 200 null application/json; charset=utf-8 75.6387ms
2026-04-10 16:28:38.473 +07:00 [INF] Request starting HTTP/1.1 GET http://localhost:5283/api/v1/nhan-luc-cntt?page=1&pageSize=10&namBaoCao=2026 - null null
2026-04-10 16:28:38.475 +07:00 [INF] CORS policy execution successful.
2026-04-10 16:28:38.476 +07:00 [INF] Executing endpoint 'ThucLuc.Api.Controllers.V1.NhanLucCnttController.GetAll (ThucLuc.Api)'
2026-04-10 16:28:38.477 +07:00 [INF] Route matched with {action = "GetAll", controller = "NhanLucCntt"}. Executing controller action with signature System.Threading.Tasks.Task`1[Microsoft.AspNetCore.Mvc.ActionResult`1[ThucLuc.Api.Common.Models.ApiResponse`1[ThucLuc.Application.Common.Models.PagedResult`1[ThucLuc.Application.Features.NhanLucCntt.NhanLucCnttDto]]]] GetAll(ThucLuc.Application.Features.NhanLucCntt.NhanLucCnttQuery, System.Threading.CancellationToken) on controller ThucLuc.Api.Controllers.V1.NhanLucCnttController (ThucLuc.Api).
2026-04-10 16:28:38.484 +07:00 [INF] Executing OkObjectResult, writing value of type 'ThucLuc.Api.Common.Models.ApiResponse`1[[ThucLuc.Application.Common.Models.PagedResult`1[[ThucLuc.Application.Features.NhanLucCntt.NhanLucCnttDto, ThucLuc.Application, Version=1.0.0.0, Culture=neutral, PublicKeyToken=null]], ThucLuc.Application, Version=1.0.0.0, Culture=neutral, PublicKeyToken=null]]'.
2026-04-10 16:28:38.486 +07:00 [INF] Executed action ThucLuc.Api.Controllers.V1.NhanLucCnttController.GetAll (ThucLuc.Api) in 7.7615ms
2026-04-10 16:28:38.487 +07:00 [INF] Executed endpoint 'ThucLuc.Api.Controllers.V1.NhanLucCnttController.GetAll (ThucLuc.Api)'
2026-04-10 16:28:38.488 +07:00 [INF] HTTP GET /api/v1/nhan-luc-cntt => 200 in 12.4484 ms CorrelationId=7f740cc13a5b4e648a3d25f2ae1500c0 UserId=5001
2026-04-10 16:28:38.489 +07:00 [INF] HTTP GET /api/v1/nhan-luc-cntt responded 200 in 13.7089 ms
2026-04-10 16:28:38.490 +07:00 [INF] Request finished HTTP/1.1 GET http://localhost:5283/api/v1/nhan-luc-cntt?page=1&pageSize=10&namBaoCao=2026 - 200 null application/json; charset=utf-8 16.6821ms
2026-04-10 16:28:42.920 +07:00 [INF] Request starting HTTP/1.1 OPTIONS http://localhost:5283/api/v1/dao-tao-boi-duong?kyCode=2026Q1 - null null
2026-04-10 16:28:42.922 +07:00 [INF] CORS policy execution successful.
2026-04-10 16:28:42.922 +07:00 [INF] HTTP OPTIONS /api/v1/dao-tao-boi-duong => 204 in 0.5737 ms CorrelationId=e6f278d1a73a4e809524ca2b953939a2 UserId=anonymous
2026-04-10 16:28:42.924 +07:00 [INF] HTTP OPTIONS /api/v1/dao-tao-boi-duong responded 204 in 1.8441 ms
2026-04-10 16:28:42.925 +07:00 [INF] Request finished HTTP/1.1 OPTIONS http://localhost:5283/api/v1/dao-tao-boi-duong?kyCode=2026Q1 - 204 null null 5.445ms
2026-04-10 16:28:42.927 +07:00 [INF] Request starting HTTP/1.1 GET http://localhost:5283/api/v1/dao-tao-boi-duong?kyCode=2026Q1 - null null
2026-04-10 16:28:42.933 +07:00 [INF] CORS policy execution successful.
2026-04-10 16:28:42.935 +07:00 [INF] Executing endpoint 'ThucLuc.Api.Controllers.V1.DaoTaoBoiDuongController.GetAll (ThucLuc.Api)'
2026-04-10 16:28:42.936 +07:00 [INF] Route matched with {action = "GetAll", controller = "DaoTaoBoiDuong"}. Executing controller action with signature System.Threading.Tasks.Task`1[Microsoft.AspNetCore.Mvc.ActionResult`1[ThucLuc.Api.Common.Models.ApiResponse`1[System.Collections.Generic.IReadOnlyCollection`1[ThucLuc.Application.Features.DaoTaoBoiDuong.DaoTaoBoiDuongDto]]]] GetAll(System.String, System.Threading.CancellationToken) on controller ThucLuc.Api.Controllers.V1.DaoTaoBoiDuongController (ThucLuc.Api).
2026-04-10 16:28:42.941 +07:00 [INF] Executing OkObjectResult, writing value of type 'ThucLuc.Api.Common.Models.ApiResponse`1[[System.Collections.Generic.IReadOnlyCollection`1[[ThucLuc.Application.Features.DaoTaoBoiDuong.DaoTaoBoiDuongDto, ThucLuc.Application, Version=1.0.0.0, Culture=neutral, PublicKeyToken=null]], System.Private.CoreLib, Version=8.0.0.0, Culture=neutral, PublicKeyToken=7cec85d7bea7798e]]'.
2026-04-10 16:28:42.943 +07:00 [INF] Executed action ThucLuc.Api.Controllers.V1.DaoTaoBoiDuongController.GetAll (ThucLuc.Api) in 5.4353ms
2026-04-10 16:28:42.943 +07:00 [INF] Executed endpoint 'ThucLuc.Api.Controllers.V1.DaoTaoBoiDuongController.GetAll (ThucLuc.Api)'
2026-04-10 16:28:42.944 +07:00 [INF] HTTP GET /api/v1/dao-tao-boi-duong => 200 in 12.048 ms CorrelationId=1404bda2b4394fc6b5d3c96830bc9da4 UserId=5001
2026-04-10 16:28:42.945 +07:00 [INF] HTTP GET /api/v1/dao-tao-boi-duong responded 200 in 13.1869 ms
2026-04-10 16:28:42.946 +07:00 [INF] Request finished HTTP/1.1 GET http://localhost:5283/api/v1/dao-tao-boi-duong?kyCode=2026Q1 - 200 null application/json; charset=utf-8 18.7598ms
2026-04-10 16:42:16.423 +07:00 [INF] Request starting HTTP/1.1 OPTIONS http://localhost:5283/api/v1/don-vi/2001 - null null
2026-04-10 16:42:16.425 +07:00 [INF] CORS policy execution successful.
2026-04-10 16:42:16.427 +07:00 [INF] HTTP OPTIONS /api/v1/don-vi/2001 => 204 in 1.0945 ms CorrelationId=5a955c0d92974f9496280bff4e8c4c15 UserId=anonymous
2026-04-10 16:42:16.429 +07:00 [INF] HTTP OPTIONS /api/v1/don-vi/2001 responded 204 in 3.8134 ms
2026-04-10 16:42:16.431 +07:00 [INF] Request finished HTTP/1.1 OPTIONS http://localhost:5283/api/v1/don-vi/2001 - 204 null null 7.9112ms
2026-04-10 16:42:16.435 +07:00 [INF] Request starting HTTP/1.1 GET http://localhost:5283/api/v1/don-vi/2001 - null null
2026-04-10 16:42:16.437 +07:00 [INF] CORS policy execution successful.
2026-04-10 16:42:16.439 +07:00 [INF] Executing endpoint 'ThucLuc.Api.Controllers.V1.DonViController.GetById (ThucLuc.Api)'
2026-04-10 16:42:16.445 +07:00 [INF] Route matched with {action = "GetById", controller = "DonVi"}. Executing controller action with signature System.Threading.Tasks.Task`1[Microsoft.AspNetCore.Mvc.ActionResult`1[ThucLuc.Api.Common.Models.ApiResponse`1[ThucLuc.Application.Features.DonVi.DonViDto]]] GetById(Int64, System.Threading.CancellationToken) on controller ThucLuc.Api.Controllers.V1.DonViController (ThucLuc.Api).
2026-04-10 16:42:16.507 +07:00 [INF] Executing OkObjectResult, writing value of type 'ThucLuc.Api.Common.Models.ApiResponse`1[[ThucLuc.Application.Features.DonVi.DonViDto, ThucLuc.Application, Version=1.0.0.0, Culture=neutral, PublicKeyToken=null]]'.
2026-04-10 16:42:16.509 +07:00 [INF] Executed action ThucLuc.Api.Controllers.V1.DonViController.GetById (ThucLuc.Api) in 62.6931ms
2026-04-10 16:42:16.510 +07:00 [INF] Executed endpoint 'ThucLuc.Api.Controllers.V1.DonViController.GetById (ThucLuc.Api)'
2026-04-10 16:42:16.511 +07:00 [INF] HTTP GET /api/v1/don-vi/2001 => 200 in 73.9527 ms CorrelationId=bbdece82c45b424ebdf781681960b4cf UserId=5001
2026-04-10 16:42:16.513 +07:00 [INF] HTTP GET /api/v1/don-vi/2001 responded 200 in 75.6088 ms
2026-04-10 16:42:16.514 +07:00 [INF] Request finished HTTP/1.1 GET http://localhost:5283/api/v1/don-vi/2001 - 200 null application/json; charset=utf-8 79.3339ms
2026-04-10 16:42:31.905 +07:00 [INF] Request starting HTTP/1.1 OPTIONS http://localhost:5283/api/v1/users - null null
2026-04-10 16:42:31.905 +07:00 [INF] Request starting HTTP/1.1 OPTIONS http://localhost:5283/api/v1/don-vi - null null
2026-04-10 16:42:31.917 +07:00 [INF] CORS policy execution successful.
2026-04-10 16:42:31.919 +07:00 [INF] CORS policy execution successful.
2026-04-10 16:42:31.920 +07:00 [INF] HTTP OPTIONS /api/v1/users => 204 in 3.3987 ms CorrelationId=16e101b98c314b578499074e95e589dc UserId=anonymous
2026-04-10 16:42:31.922 +07:00 [INF] HTTP OPTIONS /api/v1/don-vi => 204 in 2.3005 ms CorrelationId=4df2e4ff22db4077bddeff97f70105f4 UserId=anonymous
2026-04-10 16:42:31.925 +07:00 [INF] HTTP OPTIONS /api/v1/users responded 204 in 8.0030 ms
2026-04-10 16:42:31.930 +07:00 [INF] HTTP OPTIONS /api/v1/don-vi responded 204 in 10.9989 ms
2026-04-10 16:42:31.935 +07:00 [INF] Request finished HTTP/1.1 OPTIONS http://localhost:5283/api/v1/users - 204 null null 30.113ms
2026-04-10 16:42:31.938 +07:00 [INF] Request finished HTTP/1.1 OPTIONS http://localhost:5283/api/v1/don-vi - 204 null null 33.2533ms
2026-04-10 16:42:31.941 +07:00 [INF] Request starting HTTP/1.1 GET http://localhost:5283/api/v1/users - null null
2026-04-10 16:42:31.945 +07:00 [INF] Request starting HTTP/1.1 GET http://localhost:5283/api/v1/don-vi - null null
2026-04-10 16:42:31.947 +07:00 [INF] CORS policy execution successful.
2026-04-10 16:42:31.948 +07:00 [INF] CORS policy execution successful.
2026-04-10 16:42:31.949 +07:00 [INF] Executing endpoint 'ThucLuc.Api.Controllers.V1.UsersController.GetAll (ThucLuc.Api)'
2026-04-10 16:42:31.949 +07:00 [INF] Executing endpoint 'ThucLuc.Api.Controllers.V1.DonViController.GetList (ThucLuc.Api)'
2026-04-10 16:42:31.950 +07:00 [INF] Route matched with {action = "GetAll", controller = "Users"}. Executing controller action with signature System.Threading.Tasks.Task`1[Microsoft.AspNetCore.Mvc.ActionResult`1[ThucLuc.Api.Common.Models.ApiResponse`1[System.Collections.Generic.IReadOnlyCollection`1[ThucLuc.Application.Features.Users.UserDto]]]] GetAll(System.Threading.CancellationToken) on controller ThucLuc.Api.Controllers.V1.UsersController (ThucLuc.Api).
2026-04-10 16:42:31.951 +07:00 [INF] Route matched with {action = "GetList", controller = "DonVi"}. Executing controller action with signature System.Threading.Tasks.Task`1[Microsoft.AspNetCore.Mvc.ActionResult`1[ThucLuc.Api.Common.Models.ApiResponse`1[System.Collections.Generic.IReadOnlyCollection`1[ThucLuc.Application.Features.DonVi.DonViDto]]]] GetList(System.Threading.CancellationToken) on controller ThucLuc.Api.Controllers.V1.DonViController (ThucLuc.Api).
2026-04-10 16:42:31.997 +07:00 [INF] Executing OkObjectResult, writing value of type 'ThucLuc.Api.Common.Models.ApiResponse`1[[System.Collections.Generic.IReadOnlyCollection`1[[ThucLuc.Application.Features.Users.UserDto, ThucLuc.Application, Version=1.0.0.0, Culture=neutral, PublicKeyToken=null]], System.Private.CoreLib, Version=8.0.0.0, Culture=neutral, PublicKeyToken=7cec85d7bea7798e]]'.
2026-04-10 16:42:31.998 +07:00 [INF] Executed action ThucLuc.Api.Controllers.V1.UsersController.GetAll (ThucLuc.Api) in 45.6186ms
2026-04-10 16:42:31.999 +07:00 [INF] Executed endpoint 'ThucLuc.Api.Controllers.V1.UsersController.GetAll (ThucLuc.Api)'
2026-04-10 16:42:32.000 +07:00 [INF] HTTP GET /api/v1/users => 200 in 53.313 ms CorrelationId=21c7dcc516164a2586d409e108f00806 UserId=5001
2026-04-10 16:42:32.001 +07:00 [INF] Executing OkObjectResult, writing value of type 'ThucLuc.Api.Common.Models.ApiResponse`1[[System.Collections.Generic.IReadOnlyCollection`1[[ThucLuc.Application.Features.DonVi.DonViDto, ThucLuc.Application, Version=1.0.0.0, Culture=neutral, PublicKeyToken=null]], System.Private.CoreLib, Version=8.0.0.0, Culture=neutral, PublicKeyToken=7cec85d7bea7798e]]'.
2026-04-10 16:42:32.001 +07:00 [INF] HTTP GET /api/v1/users responded 200 in 54.5741 ms
2026-04-10 16:42:32.003 +07:00 [INF] Executed action ThucLuc.Api.Controllers.V1.DonViController.GetList (ThucLuc.Api) in 46.787ms
2026-04-10 16:42:32.005 +07:00 [INF] Request finished HTTP/1.1 GET http://localhost:5283/api/v1/users - 200 null application/json; charset=utf-8 63.261ms
2026-04-10 16:42:32.006 +07:00 [INF] Executed endpoint 'ThucLuc.Api.Controllers.V1.DonViController.GetList (ThucLuc.Api)'
2026-04-10 16:42:32.008 +07:00 [INF] HTTP GET /api/v1/don-vi => 200 in 60.107 ms CorrelationId=465b6d46bb9746b2a7aa480bb79818a4 UserId=5001
2026-04-10 16:42:32.011 +07:00 [INF] HTTP GET /api/v1/don-vi responded 200 in 62.5810 ms
2026-04-10 16:42:32.012 +07:00 [INF] Request finished HTTP/1.1 GET http://localhost:5283/api/v1/don-vi - 200 null application/json; charset=utf-8 67.7155ms
2026-04-10 16:42:32.015 +07:00 [INF] Request starting HTTP/1.1 OPTIONS http://localhost:5283/api/v1/roles - null null
2026-04-10 16:42:32.016 +07:00 [INF] CORS policy execution successful.
2026-04-10 16:42:32.016 +07:00 [INF] HTTP OPTIONS /api/v1/roles => 204 in 0.4024 ms CorrelationId=2a714d9c4a9b4b878c9e8ba746e6f8c1 UserId=anonymous
2026-04-10 16:42:32.018 +07:00 [INF] HTTP OPTIONS /api/v1/roles responded 204 in 1.5713 ms
2026-04-10 16:42:32.019 +07:00 [INF] Request finished HTTP/1.1 OPTIONS http://localhost:5283/api/v1/roles - 204 null null 4.0617ms
2026-04-10 16:42:32.021 +07:00 [INF] Request starting HTTP/1.1 GET http://localhost:5283/api/v1/roles - null null
2026-04-10 16:42:32.022 +07:00 [INF] CORS policy execution successful.
2026-04-10 16:42:32.023 +07:00 [INF] Executing endpoint 'ThucLuc.Api.Controllers.V1.RolesController.GetAll (ThucLuc.Api)'
2026-04-10 16:42:32.024 +07:00 [INF] Route matched with {action = "GetAll", controller = "Roles"}. Executing controller action with signature System.Threading.Tasks.Task`1[Microsoft.AspNetCore.Mvc.ActionResult`1[ThucLuc.Api.Common.Models.ApiResponse`1[System.Collections.Generic.IReadOnlyCollection`1[ThucLuc.Application.Features.Roles.RoleDto]]]] GetAll(System.Threading.CancellationToken) on controller ThucLuc.Api.Controllers.V1.RolesController (ThucLuc.Api).
2026-04-10 16:42:32.032 +07:00 [INF] Executing OkObjectResult, writing value of type 'ThucLuc.Api.Common.Models.ApiResponse`1[[System.Collections.Generic.IReadOnlyCollection`1[[ThucLuc.Application.Features.Roles.RoleDto, ThucLuc.Application, Version=1.0.0.0, Culture=neutral, PublicKeyToken=null]], System.Private.CoreLib, Version=8.0.0.0, Culture=neutral, PublicKeyToken=7cec85d7bea7798e]]'.
2026-04-10 16:42:32.033 +07:00 [INF] Executed action ThucLuc.Api.Controllers.V1.RolesController.GetAll (ThucLuc.Api) in 8.1489ms
2026-04-10 16:42:32.034 +07:00 [INF] Executed endpoint 'ThucLuc.Api.Controllers.V1.RolesController.GetAll (ThucLuc.Api)'
2026-04-10 16:42:32.035 +07:00 [INF] HTTP GET /api/v1/roles => 200 in 12.7332 ms CorrelationId=7b95704c79154b56942130c5787eb9dd UserId=5001
2026-04-10 16:42:32.036 +07:00 [INF] HTTP GET /api/v1/roles responded 200 in 13.6865 ms
2026-04-10 16:42:32.037 +07:00 [INF] Request finished HTTP/1.1 GET http://localhost:5283/api/v1/roles - 200 null application/json; charset=utf-8 15.9478ms
2026-04-10 16:42:32.039 +07:00 [INF] Request starting HTTP/1.1 OPTIONS http://localhost:5283/api/v1/phan-quyen/user-roles - null null
2026-04-10 16:42:32.041 +07:00 [INF] CORS policy execution successful.
2026-04-10 16:42:32.041 +07:00 [INF] HTTP OPTIONS /api/v1/phan-quyen/user-roles => 204 in 0.4311 ms CorrelationId=09eed29bfa954fbc80c96105314bafa1 UserId=anonymous
2026-04-10 16:42:32.049 +07:00 [INF] HTTP OPTIONS /api/v1/phan-quyen/user-roles responded 204 in 8.5030 ms
2026-04-10 16:42:32.051 +07:00 [INF] Request finished HTTP/1.1 OPTIONS http://localhost:5283/api/v1/phan-quyen/user-roles - 204 null null 12.2068ms
2026-04-10 16:42:32.055 +07:00 [INF] Request starting HTTP/1.1 GET http://localhost:5283/api/v1/phan-quyen/user-roles - null null
2026-04-10 16:42:32.058 +07:00 [INF] CORS policy execution successful.
2026-04-10 16:42:32.059 +07:00 [INF] Executing endpoint 'ThucLuc.Api.Controllers.V1.PhanQuyenController.GetUserRoleMappings (ThucLuc.Api)'
2026-04-10 16:42:32.060 +07:00 [INF] Route matched with {action = "GetUserRoleMappings", controller = "PhanQuyen"}. Executing controller action with signature System.Threading.Tasks.Task`1[Microsoft.AspNetCore.Mvc.ActionResult`1[ThucLuc.Api.Common.Models.ApiResponse`1[System.Collections.Generic.IReadOnlyCollection`1[ThucLuc.Api.Controllers.V1.UserRoleMappingDto]]]] GetUserRoleMappings(System.Nullable`1[System.Int64], System.Threading.CancellationToken) on controller ThucLuc.Api.Controllers.V1.PhanQuyenController (ThucLuc.Api).
2026-04-10 16:42:32.069 +07:00 [INF] Executing OkObjectResult, writing value of type 'ThucLuc.Api.Common.Models.ApiResponse`1[[System.Collections.Generic.IReadOnlyCollection`1[[ThucLuc.Api.Controllers.V1.UserRoleMappingDto, ThucLuc.Api, Version=1.0.0.0, Culture=neutral, PublicKeyToken=null]], System.Private.CoreLib, Version=8.0.0.0, Culture=neutral, PublicKeyToken=7cec85d7bea7798e]]'.
2026-04-10 16:42:32.071 +07:00 [INF] Executed action ThucLuc.Api.Controllers.V1.PhanQuyenController.GetUserRoleMappings (ThucLuc.Api) in 7.8871ms
2026-04-10 16:42:32.072 +07:00 [INF] Executed endpoint 'ThucLuc.Api.Controllers.V1.PhanQuyenController.GetUserRoleMappings (ThucLuc.Api)'
2026-04-10 16:42:32.073 +07:00 [INF] HTTP GET /api/v1/phan-quyen/user-roles => 200 in 14.7025 ms CorrelationId=d3d6fc49db924aefbbbb639bdda8d3ee UserId=5001
2026-04-10 16:42:32.075 +07:00 [INF] HTTP GET /api/v1/phan-quyen/user-roles responded 200 in 17.5049 ms
2026-04-10 16:42:32.077 +07:00 [INF] Request finished HTTP/1.1 GET http://localhost:5283/api/v1/phan-quyen/user-roles - 200 null application/json; charset=utf-8 22.3459ms
2026-04-10 16:45:22.823 +07:00 [INF] Request starting HTTP/1.1 OPTIONS http://localhost:5283/api/v1/don-vi/2001 - null null
2026-04-10 16:45:22.825 +07:00 [INF] Request starting HTTP/1.1 OPTIONS http://localhost:5283/api/v1/users - null null
2026-04-10 16:45:22.826 +07:00 [INF] Request starting HTTP/1.1 OPTIONS http://localhost:5283/api/v1/don-vi - null null
2026-04-10 16:45:22.827 +07:00 [INF] CORS policy execution successful.
2026-04-10 16:45:22.829 +07:00 [INF] CORS policy execution successful.
2026-04-10 16:45:22.831 +07:00 [INF] CORS policy execution successful.
2026-04-10 16:45:22.835 +07:00 [INF] HTTP OPTIONS /api/v1/don-vi => 204 in 3.9795 ms CorrelationId=194dda5f2d9844da9a38e6bff6321f26 UserId=anonymous
2026-04-10 16:45:22.834 +07:00 [INF] HTTP OPTIONS /api/v1/users => 204 in 5.1839 ms CorrelationId=f060dfba5299455cbeff7d142a9f8504 UserId=anonymous
2026-04-10 16:45:22.832 +07:00 [INF] HTTP OPTIONS /api/v1/don-vi/2001 => 204 in 4.8109 ms CorrelationId=e68c7de1a90749ba8b7cfd36a006cace UserId=anonymous
2026-04-10 16:45:22.839 +07:00 [INF] HTTP OPTIONS /api/v1/don-vi responded 204 in 7.8597 ms
2026-04-10 16:45:22.841 +07:00 [INF] HTTP OPTIONS /api/v1/users responded 204 in 11.3211 ms
2026-04-10 16:45:22.843 +07:00 [INF] HTTP OPTIONS /api/v1/don-vi/2001 responded 204 in 15.8060 ms
2026-04-10 16:45:22.844 +07:00 [INF] Request finished HTTP/1.1 OPTIONS http://localhost:5283/api/v1/don-vi - 204 null null 18.3973ms
2026-04-10 16:45:22.846 +07:00 [INF] Request finished HTTP/1.1 OPTIONS http://localhost:5283/api/v1/users - 204 null null 21.3368ms
2026-04-10 16:45:22.852 +07:00 [INF] Request starting HTTP/1.1 GET http://localhost:5283/api/v1/users - null null
2026-04-10 16:45:22.850 +07:00 [INF] Request starting HTTP/1.1 GET http://localhost:5283/api/v1/don-vi - null null
2026-04-10 16:45:22.848 +07:00 [INF] Request finished HTTP/1.1 OPTIONS http://localhost:5283/api/v1/don-vi/2001 - 204 null null 24.456ms
2026-04-10 16:45:22.855 +07:00 [INF] CORS policy execution successful.
2026-04-10 16:45:22.856 +07:00 [INF] CORS policy execution successful.
2026-04-10 16:45:22.859 +07:00 [INF] Request starting HTTP/1.1 GET http://localhost:5283/api/v1/don-vi/2001 - null null
2026-04-10 16:45:22.860 +07:00 [INF] Executing endpoint 'ThucLuc.Api.Controllers.V1.UsersController.GetAll (ThucLuc.Api)'
2026-04-10 16:45:22.860 +07:00 [INF] Executing endpoint 'ThucLuc.Api.Controllers.V1.DonViController.GetList (ThucLuc.Api)'
2026-04-10 16:45:22.862 +07:00 [INF] CORS policy execution successful.
2026-04-10 16:45:22.863 +07:00 [INF] Route matched with {action = "GetAll", controller = "Users"}. Executing controller action with signature System.Threading.Tasks.Task`1[Microsoft.AspNetCore.Mvc.ActionResult`1[ThucLuc.Api.Common.Models.ApiResponse`1[System.Collections.Generic.IReadOnlyCollection`1[ThucLuc.Application.Features.Users.UserDto]]]] GetAll(System.Threading.CancellationToken) on controller ThucLuc.Api.Controllers.V1.UsersController (ThucLuc.Api).
2026-04-10 16:45:22.864 +07:00 [INF] Route matched with {action = "GetList", controller = "DonVi"}. Executing controller action with signature System.Threading.Tasks.Task`1[Microsoft.AspNetCore.Mvc.ActionResult`1[ThucLuc.Api.Common.Models.ApiResponse`1[System.Collections.Generic.IReadOnlyCollection`1[ThucLuc.Application.Features.DonVi.DonViDto]]]] GetList(System.Threading.CancellationToken) on controller ThucLuc.Api.Controllers.V1.DonViController (ThucLuc.Api).
2026-04-10 16:45:22.865 +07:00 [INF] Executing endpoint 'ThucLuc.Api.Controllers.V1.DonViController.GetById (ThucLuc.Api)'
2026-04-10 16:45:22.869 +07:00 [INF] Route matched with {action = "GetById", controller = "DonVi"}. Executing controller action with signature System.Threading.Tasks.Task`1[Microsoft.AspNetCore.Mvc.ActionResult`1[ThucLuc.Api.Common.Models.ApiResponse`1[ThucLuc.Application.Features.DonVi.DonViDto]]] GetById(Int64, System.Threading.CancellationToken) on controller ThucLuc.Api.Controllers.V1.DonViController (ThucLuc.Api).
2026-04-10 16:45:22.911 +07:00 [INF] Executing OkObjectResult, writing value of type 'ThucLuc.Api.Common.Models.ApiResponse`1[[System.Collections.Generic.IReadOnlyCollection`1[[ThucLuc.Application.Features.Users.UserDto, ThucLuc.Application, Version=1.0.0.0, Culture=neutral, PublicKeyToken=null]], System.Private.CoreLib, Version=8.0.0.0, Culture=neutral, PublicKeyToken=7cec85d7bea7798e]]'.
2026-04-10 16:45:22.911 +07:00 [INF] Executing OkObjectResult, writing value of type 'ThucLuc.Api.Common.Models.ApiResponse`1[[System.Collections.Generic.IReadOnlyCollection`1[[ThucLuc.Application.Features.DonVi.DonViDto, ThucLuc.Application, Version=1.0.0.0, Culture=neutral, PublicKeyToken=null]], System.Private.CoreLib, Version=8.0.0.0, Culture=neutral, PublicKeyToken=7cec85d7bea7798e]]'.
2026-04-10 16:45:22.912 +07:00 [INF] Executed action ThucLuc.Api.Controllers.V1.UsersController.GetAll (ThucLuc.Api) in 45.8631ms
2026-04-10 16:45:22.913 +07:00 [INF] Executed action ThucLuc.Api.Controllers.V1.DonViController.GetList (ThucLuc.Api) in 45.3564ms
2026-04-10 16:45:22.913 +07:00 [INF] Executed endpoint 'ThucLuc.Api.Controllers.V1.UsersController.GetAll (ThucLuc.Api)'
2026-04-10 16:45:22.914 +07:00 [INF] Executed endpoint 'ThucLuc.Api.Controllers.V1.DonViController.GetList (ThucLuc.Api)'
2026-04-10 16:45:22.915 +07:00 [INF] HTTP GET /api/v1/users => 200 in 60.3501 ms CorrelationId=6ed161a3f5d54a22897a14d7e68ee4e5 UserId=5001
2026-04-10 16:45:22.915 +07:00 [INF] Executing OkObjectResult, writing value of type 'ThucLuc.Api.Common.Models.ApiResponse`1[[ThucLuc.Application.Features.DonVi.DonViDto, ThucLuc.Application, Version=1.0.0.0, Culture=neutral, PublicKeyToken=null]]'.
2026-04-10 16:45:22.916 +07:00 [INF] HTTP GET /api/v1/don-vi => 200 in 59.388 ms CorrelationId=5221a42ea4434b7694d408deb2674977 UserId=5001
2026-04-10 16:45:22.917 +07:00 [INF] HTTP GET /api/v1/users responded 200 in 62.4843 ms
2026-04-10 16:45:22.919 +07:00 [INF] Executed action ThucLuc.Api.Controllers.V1.DonViController.GetById (ThucLuc.Api) in 47.7066ms
2026-04-10 16:45:22.921 +07:00 [INF] HTTP GET /api/v1/don-vi responded 200 in 64.4679 ms
2026-04-10 16:45:22.922 +07:00 [INF] Request finished HTTP/1.1 GET http://localhost:5283/api/v1/users - 200 null application/json; charset=utf-8 70.4567ms
2026-04-10 16:45:22.924 +07:00 [INF] Executed endpoint 'ThucLuc.Api.Controllers.V1.DonViController.GetById (ThucLuc.Api)'
2026-04-10 16:45:22.925 +07:00 [INF] Request finished HTTP/1.1 GET http://localhost:5283/api/v1/don-vi - 200 null application/json; charset=utf-8 74.932ms
2026-04-10 16:45:22.927 +07:00 [INF] HTTP GET /api/v1/don-vi/2001 => 200 in 65.4723 ms CorrelationId=ffda19e2e0cd40e7ae1cf9cc80775827 UserId=5001
2026-04-10 16:45:22.929 +07:00 [INF] Request starting HTTP/1.1 OPTIONS http://localhost:5283/api/v1/roles - null null
2026-04-10 16:45:22.931 +07:00 [INF] HTTP GET /api/v1/don-vi/2001 responded 200 in 68.9695 ms
2026-04-10 16:45:22.932 +07:00 [INF] CORS policy execution successful.
2026-04-10 16:45:22.934 +07:00 [INF] Request finished HTTP/1.1 GET http://localhost:5283/api/v1/don-vi/2001 - 200 null application/json; charset=utf-8 75.0084ms
2026-04-10 16:45:22.934 +07:00 [INF] HTTP OPTIONS /api/v1/roles => 204 in 1.9179 ms CorrelationId=7620e22b084b43bd9dc77d621b6d8e5f UserId=anonymous
2026-04-10 16:45:22.939 +07:00 [INF] HTTP OPTIONS /api/v1/roles responded 204 in 6.8680 ms
2026-04-10 16:45:22.941 +07:00 [INF] Request finished HTTP/1.1 OPTIONS http://localhost:5283/api/v1/roles - 204 null null 11.0388ms
2026-04-10 16:45:22.943 +07:00 [INF] Request starting HTTP/1.1 GET http://localhost:5283/api/v1/roles - null null
2026-04-10 16:45:22.945 +07:00 [INF] CORS policy execution successful.
2026-04-10 16:45:22.946 +07:00 [INF] Executing endpoint 'ThucLuc.Api.Controllers.V1.RolesController.GetAll (ThucLuc.Api)'
2026-04-10 16:45:22.947 +07:00 [INF] Route matched with {action = "GetAll", controller = "Roles"}. Executing controller action with signature System.Threading.Tasks.Task`1[Microsoft.AspNetCore.Mvc.ActionResult`1[ThucLuc.Api.Common.Models.ApiResponse`1[System.Collections.Generic.IReadOnlyCollection`1[ThucLuc.Application.Features.Roles.RoleDto]]]] GetAll(System.Threading.CancellationToken) on controller ThucLuc.Api.Controllers.V1.RolesController (ThucLuc.Api).
2026-04-10 16:45:22.958 +07:00 [INF] Executing OkObjectResult, writing value of type 'ThucLuc.Api.Common.Models.ApiResponse`1[[System.Collections.Generic.IReadOnlyCollection`1[[ThucLuc.Application.Features.Roles.RoleDto, ThucLuc.Application, Version=1.0.0.0, Culture=neutral, PublicKeyToken=null]], System.Private.CoreLib, Version=8.0.0.0, Culture=neutral, PublicKeyToken=7cec85d7bea7798e]]'.
2026-04-10 16:45:22.959 +07:00 [INF] Executed action ThucLuc.Api.Controllers.V1.RolesController.GetAll (ThucLuc.Api) in 10.4446ms
2026-04-10 16:45:22.960 +07:00 [INF] Executed endpoint 'ThucLuc.Api.Controllers.V1.RolesController.GetAll (ThucLuc.Api)'
2026-04-10 16:45:22.961 +07:00 [INF] HTTP GET /api/v1/roles => 200 in 16.3001 ms CorrelationId=60f80861c14d4dc18b152b6c3d4445ae UserId=5001
2026-04-10 16:45:22.962 +07:00 [INF] HTTP GET /api/v1/roles responded 200 in 17.6397 ms
2026-04-10 16:45:22.964 +07:00 [INF] Request finished HTTP/1.1 GET http://localhost:5283/api/v1/roles - 200 null application/json; charset=utf-8 20.6231ms
2026-04-10 16:45:22.967 +07:00 [INF] Request starting HTTP/1.1 OPTIONS http://localhost:5283/api/v1/phan-quyen/user-roles - null null
2026-04-10 16:45:22.969 +07:00 [INF] CORS policy execution successful.
2026-04-10 16:45:22.970 +07:00 [INF] HTTP OPTIONS /api/v1/phan-quyen/user-roles => 204 in 1.0393 ms CorrelationId=97cd1387b46d4a8c84a129a4afec810a UserId=anonymous
2026-04-10 16:45:22.971 +07:00 [INF] HTTP OPTIONS /api/v1/phan-quyen/user-roles responded 204 in 2.4532 ms
2026-04-10 16:45:22.973 +07:00 [INF] Request finished HTTP/1.1 OPTIONS http://localhost:5283/api/v1/phan-quyen/user-roles - 204 null null 5.8342ms
2026-04-10 16:45:22.975 +07:00 [INF] Request starting HTTP/1.1 GET http://localhost:5283/api/v1/phan-quyen/user-roles - null null
2026-04-10 16:45:22.977 +07:00 [INF] CORS policy execution successful.
2026-04-10 16:45:22.978 +07:00 [INF] Executing endpoint 'ThucLuc.Api.Controllers.V1.PhanQuyenController.GetUserRoleMappings (ThucLuc.Api)'
2026-04-10 16:45:22.979 +07:00 [INF] Route matched with {action = "GetUserRoleMappings", controller = "PhanQuyen"}. Executing controller action with signature System.Threading.Tasks.Task`1[Microsoft.AspNetCore.Mvc.ActionResult`1[ThucLuc.Api.Common.Models.ApiResponse`1[System.Collections.Generic.IReadOnlyCollection`1[ThucLuc.Api.Controllers.V1.UserRoleMappingDto]]]] GetUserRoleMappings(System.Nullable`1[System.Int64], System.Threading.CancellationToken) on controller ThucLuc.Api.Controllers.V1.PhanQuyenController (ThucLuc.Api).
2026-04-10 16:45:22.984 +07:00 [INF] Executing OkObjectResult, writing value of type 'ThucLuc.Api.Common.Models.ApiResponse`1[[System.Collections.Generic.IReadOnlyCollection`1[[ThucLuc.Api.Controllers.V1.UserRoleMappingDto, ThucLuc.Api, Version=1.0.0.0, Culture=neutral, PublicKeyToken=null]], System.Private.CoreLib, Version=8.0.0.0, Culture=neutral, PublicKeyToken=7cec85d7bea7798e]]'.
2026-04-10 16:45:22.987 +07:00 [INF] Executed action ThucLuc.Api.Controllers.V1.PhanQuyenController.GetUserRoleMappings (ThucLuc.Api) in 6.7024ms
2026-04-10 16:45:22.989 +07:00 [INF] Executed endpoint 'ThucLuc.Api.Controllers.V1.PhanQuyenController.GetUserRoleMappings (ThucLuc.Api)'
2026-04-10 16:45:22.990 +07:00 [INF] HTTP GET /api/v1/phan-quyen/user-roles => 200 in 12.8225 ms CorrelationId=20a6c8c9e0a24ea1b59fd9d4dab4eb87 UserId=5001
2026-04-10 16:45:22.992 +07:00 [INF] HTTP GET /api/v1/phan-quyen/user-roles responded 200 in 14.9943 ms
2026-04-10 16:45:22.994 +07:00 [INF] Request finished HTTP/1.1 GET http://localhost:5283/api/v1/phan-quyen/user-roles - 200 null application/json; charset=utf-8 18.3589ms
2026-04-10 16:45:25.045 +07:00 [INF] Request starting HTTP/1.1 OPTIONS http://localhost:5283/api/v1/ky-bao-cao - null null
2026-04-10 16:45:25.045 +07:00 [INF] Request starting HTTP/1.1 OPTIONS http://localhost:5283/api/v1/ky-bao-cao/current - null null
2026-04-10 16:45:25.049 +07:00 [INF] CORS policy execution successful.
2026-04-10 16:45:25.052 +07:00 [INF] HTTP OPTIONS /api/v1/ky-bao-cao => 204 in 2.2802 ms CorrelationId=f3bb32aa5bd74d57a722d16f38cff34e UserId=anonymous
2026-04-10 16:45:25.050 +07:00 [INF] CORS policy execution successful.
2026-04-10 16:45:25.058 +07:00 [INF] HTTP OPTIONS /api/v1/ky-bao-cao/current => 204 in 7.5504 ms CorrelationId=867abd9d6e814cd085f932c4ee18465a UserId=anonymous
2026-04-10 16:45:25.057 +07:00 [INF] HTTP OPTIONS /api/v1/ky-bao-cao responded 204 in 7.6841 ms
2026-04-10 16:45:25.058 +07:00 [INF] HTTP OPTIONS /api/v1/ky-bao-cao/current responded 204 in 8.3719 ms
2026-04-10 16:45:25.060 +07:00 [INF] Request finished HTTP/1.1 OPTIONS http://localhost:5283/api/v1/ky-bao-cao - 204 null null 15.1146ms
2026-04-10 16:45:25.061 +07:00 [INF] Request finished HTTP/1.1 OPTIONS http://localhost:5283/api/v1/ky-bao-cao/current - 204 null null 15.7009ms
2026-04-10 16:45:25.063 +07:00 [INF] Request starting HTTP/1.1 GET http://localhost:5283/api/v1/ky-bao-cao/current - null null
2026-04-10 16:45:25.065 +07:00 [INF] Request starting HTTP/1.1 GET http://localhost:5283/api/v1/ky-bao-cao - null null
2026-04-10 16:45:25.066 +07:00 [INF] CORS policy execution successful.
2026-04-10 16:45:25.067 +07:00 [INF] CORS policy execution successful.
2026-04-10 16:45:25.069 +07:00 [INF] Executing endpoint 'ThucLuc.Api.Controllers.V1.KyBaoCaoController.GetCurrent (ThucLuc.Api)'
2026-04-10 16:45:25.069 +07:00 [INF] Executing endpoint 'ThucLuc.Api.Controllers.V1.KyBaoCaoController.GetAll (ThucLuc.Api)'
2026-04-10 16:45:25.074 +07:00 [INF] Route matched with {action = "GetAll", controller = "KyBaoCao"}. Executing controller action with signature System.Threading.Tasks.Task`1[Microsoft.AspNetCore.Mvc.ActionResult`1[ThucLuc.Api.Common.Models.ApiResponse`1[System.Collections.Generic.IReadOnlyCollection`1[ThucLuc.Application.Features.KyBaoCao.KyBaoCaoDto]]]] GetAll(System.Threading.CancellationToken) on controller ThucLuc.Api.Controllers.V1.KyBaoCaoController (ThucLuc.Api).
2026-04-10 16:45:25.074 +07:00 [INF] Route matched with {action = "GetCurrent", controller = "KyBaoCao"}. Executing controller action with signature System.Threading.Tasks.Task`1[Microsoft.AspNetCore.Mvc.ActionResult`1[ThucLuc.Api.Common.Models.ApiResponse`1[ThucLuc.Application.Features.KyBaoCao.KyBaoCaoDto]]] GetCurrent(System.Threading.CancellationToken) on controller ThucLuc.Api.Controllers.V1.KyBaoCaoController (ThucLuc.Api).
2026-04-10 16:45:25.091 +07:00 [INF] Executing OkObjectResult, writing value of type 'ThucLuc.Api.Common.Models.ApiResponse`1[[System.Collections.Generic.IReadOnlyCollection`1[[ThucLuc.Application.Features.KyBaoCao.KyBaoCaoDto, ThucLuc.Application, Version=1.0.0.0, Culture=neutral, PublicKeyToken=null]], System.Private.CoreLib, Version=8.0.0.0, Culture=neutral, PublicKeyToken=7cec85d7bea7798e]]'.
2026-04-10 16:45:25.091 +07:00 [INF] Executing OkObjectResult, writing value of type 'ThucLuc.Api.Common.Models.ApiResponse`1[[ThucLuc.Application.Features.KyBaoCao.KyBaoCaoDto, ThucLuc.Application, Version=1.0.0.0, Culture=neutral, PublicKeyToken=null]]'.
2026-04-10 16:45:25.101 +07:00 [INF] Executed action ThucLuc.Api.Controllers.V1.KyBaoCaoController.GetCurrent (ThucLuc.Api) in 23.544ms
2026-04-10 16:45:25.101 +07:00 [INF] Executed action ThucLuc.Api.Controllers.V1.KyBaoCaoController.GetAll (ThucLuc.Api) in 24.8762ms
2026-04-10 16:45:25.103 +07:00 [INF] Executed endpoint 'ThucLuc.Api.Controllers.V1.KyBaoCaoController.GetCurrent (ThucLuc.Api)'
2026-04-10 16:45:25.104 +07:00 [INF] Executed endpoint 'ThucLuc.Api.Controllers.V1.KyBaoCaoController.GetAll (ThucLuc.Api)'
2026-04-10 16:45:25.105 +07:00 [INF] HTTP GET /api/v1/ky-bao-cao/current => 200 in 38.5789 ms CorrelationId=da292d59c0f4458a8e522c4edbb42405 UserId=5001
2026-04-10 16:45:25.106 +07:00 [INF] HTTP GET /api/v1/ky-bao-cao => 200 in 38.4519 ms CorrelationId=47063c6e105a494eb26e27ee4f29c7f7 UserId=5001
2026-04-10 16:45:25.109 +07:00 [INF] HTTP GET /api/v1/ky-bao-cao responded 200 in 41.4880 ms
2026-04-10 16:45:25.108 +07:00 [INF] HTTP GET /api/v1/ky-bao-cao/current responded 200 in 41.3907 ms
2026-04-10 16:45:25.111 +07:00 [INF] Request finished HTTP/1.1 GET http://localhost:5283/api/v1/ky-bao-cao - 200 null application/json; charset=utf-8 45.656ms
2026-04-10 16:45:25.113 +07:00 [INF] Request finished HTTP/1.1 GET http://localhost:5283/api/v1/ky-bao-cao/current - 200 null application/json; charset=utf-8 50.468ms
2026-04-10 16:45:25.122 +07:00 [INF] Request starting HTTP/1.1 OPTIONS http://localhost:5283/api/v1/ky-bao-cao/6001/tien-do - null null
2026-04-10 16:45:25.125 +07:00 [INF] CORS policy execution successful.
2026-04-10 16:45:25.126 +07:00 [INF] HTTP OPTIONS /api/v1/ky-bao-cao/6001/tien-do => 204 in 0.9825 ms CorrelationId=112f788efbcb42edb241635badb2f0fd UserId=anonymous
2026-04-10 16:45:25.127 +07:00 [INF] HTTP OPTIONS /api/v1/ky-bao-cao/6001/tien-do responded 204 in 2.3585 ms
2026-04-10 16:45:25.128 +07:00 [INF] Request finished HTTP/1.1 OPTIONS http://localhost:5283/api/v1/ky-bao-cao/6001/tien-do - 204 null null 5.7894ms
2026-04-10 16:45:25.131 +07:00 [INF] Request starting HTTP/1.1 GET http://localhost:5283/api/v1/ky-bao-cao/6001/tien-do - null null
2026-04-10 16:45:25.133 +07:00 [INF] CORS policy execution successful.
2026-04-10 16:45:25.134 +07:00 [INF] HTTP GET /api/v1/ky-bao-cao/6001/tien-do => 404 in 1.1275 ms CorrelationId=c747e5d56c9444d182814abf56efee88 UserId=5001
2026-04-10 16:45:25.137 +07:00 [INF] HTTP GET /api/v1/ky-bao-cao/6001/tien-do responded 404 in 3.3496 ms
2026-04-10 16:45:25.138 +07:00 [INF] Request finished HTTP/1.1 GET http://localhost:5283/api/v1/ky-bao-cao/6001/tien-do - 404 0 null 7.3568ms
2026-04-10 16:45:25.141 +07:00 [INF] Request reached the end of the middleware pipeline without being handled by application code. Request path: GET http://localhost:5283/api/v1/ky-bao-cao/6001/tien-do, Response status code: 404
2026-04-10 16:45:49.904 +07:00 [INF] Request starting HTTP/1.1 OPTIONS http://localhost:5283/api/v1/codes/by-code/GIOI_TINH - null null
2026-04-10 16:45:49.904 +07:00 [INF] Request starting HTTP/1.1 OPTIONS http://localhost:5283/api/v1/codes/by-code/CAP_BAC_CONG_AN - null null
2026-04-10 16:45:49.907 +07:00 [INF] Request starting HTTP/1.1 OPTIONS http://localhost:5283/api/v1/codes/by-code/TRINH_DO_CNTT - null null
2026-04-10 16:45:49.911 +07:00 [INF] Request starting HTTP/1.1 OPTIONS http://localhost:5283/api/v1/codes/by-code/LOAI_NHAN_LUC - null null
2026-04-10 16:45:49.917 +07:00 [INF] Request starting HTTP/1.1 OPTIONS http://localhost:5283/api/v1/codes/by-code/TRINH_DO_LLCT - null null
2026-04-10 16:45:49.929 +07:00 [INF] Request starting HTTP/1.1 OPTIONS http://localhost:5283/api/v1/don-vi/tree - null null
2026-04-10 16:45:49.938 +07:00 [INF] CORS policy execution successful.
2026-04-10 16:45:49.959 +07:00 [INF] CORS policy execution successful.
2026-04-10 16:45:49.986 +07:00 [INF] CORS policy execution successful.
2026-04-10 16:45:50.029 +07:00 [INF] CORS policy execution successful.
2026-04-10 16:45:50.063 +07:00 [INF] HTTP OPTIONS /api/v1/codes/by-code/LOAI_NHAN_LUC => 204 in 34.3247 ms CorrelationId=32e3acef2f7e4049bc8ad183dce398cd UserId=anonymous
2026-04-10 16:45:50.060 +07:00 [INF] CORS policy execution successful.
2026-04-10 16:45:50.060 +07:00 [INF] HTTP OPTIONS /api/v1/codes/by-code/GIOI_TINH => 204 in 123.227 ms CorrelationId=67911f5b5aa5418d8cdddc8172d0cea9 UserId=anonymous
2026-04-10 16:45:50.061 +07:00 [INF] HTTP OPTIONS /api/v1/codes/by-code/CAP_BAC_CONG_AN => 204 in 102.3535 ms CorrelationId=f3cfdf5985f94a40af2473465edf1b2d UserId=anonymous
2026-04-10 16:45:50.061 +07:00 [INF] HTTP OPTIONS /api/v1/codes/by-code/TRINH_DO_CNTT => 204 in 75.3881 ms CorrelationId=9f1e3b3d46634e3ba29187de65b266b3 UserId=anonymous
2026-04-10 16:45:50.119 +07:00 [INF] HTTP OPTIONS /api/v1/codes/by-code/TRINH_DO_CNTT responded 204 in 133.3746 ms
2026-04-10 16:45:50.110 +07:00 [INF] HTTP OPTIONS /api/v1/codes/by-code/LOAI_NHAN_LUC responded 204 in 81.0008 ms
2026-04-10 16:45:50.112 +07:00 [INF] HTTP OPTIONS /api/v1/don-vi/tree => 204 in 52.2173 ms CorrelationId=864105e6e57e4af2b1d197b228eb9078 UserId=anonymous
2026-04-10 16:45:50.115 +07:00 [INF] HTTP OPTIONS /api/v1/codes/by-code/GIOI_TINH responded 204 in 177.7365 ms
2026-04-10 16:45:50.135 +07:00 [INF] Request finished HTTP/1.1 OPTIONS http://localhost:5283/api/v1/codes/by-code/GIOI_TINH - 204 null null 230.8033ms
2026-04-10 16:45:50.057 +07:00 [INF] CORS policy execution successful.
2026-04-10 16:45:50.121 +07:00 [INF] Request finished HTTP/1.1 OPTIONS http://localhost:5283/api/v1/codes/by-code/TRINH_DO_CNTT - 204 null null 214.0059ms
2026-04-10 16:45:50.128 +07:00 [INF] Request finished HTTP/1.1 OPTIONS http://localhost:5283/api/v1/codes/by-code/LOAI_NHAN_LUC - 204 null null 217.7202ms
2026-04-10 16:45:50.132 +07:00 [INF] HTTP OPTIONS /api/v1/don-vi/tree responded 204 in 72.0605 ms
2026-04-10 16:45:50.116 +07:00 [INF] HTTP OPTIONS /api/v1/codes/by-code/CAP_BAC_CONG_AN responded 204 in 157.6018 ms
2026-04-10 16:45:50.147 +07:00 [INF] Request starting HTTP/1.1 GET http://localhost:5283/api/v1/codes/by-code/GIOI_TINH - null null
2026-04-10 16:45:50.149 +07:00 [INF] HTTP OPTIONS /api/v1/codes/by-code/TRINH_DO_LLCT => 204 in 91.1615 ms CorrelationId=993e2500ec6643f39c969c049194516f UserId=anonymous
2026-04-10 16:45:50.154 +07:00 [INF] Request starting HTTP/1.1 GET http://localhost:5283/api/v1/codes/by-code/TRINH_DO_CNTT - null null
2026-04-10 16:45:50.158 +07:00 [INF] Request starting HTTP/1.1 GET http://localhost:5283/api/v1/codes/by-code/LOAI_NHAN_LUC - null null
2026-04-10 16:45:50.159 +07:00 [INF] Request finished HTTP/1.1 OPTIONS http://localhost:5283/api/v1/don-vi/tree - 204 null null 230.3931ms
2026-04-10 16:45:50.161 +07:00 [INF] Request finished HTTP/1.1 OPTIONS http://localhost:5283/api/v1/codes/by-code/CAP_BAC_CONG_AN - 204 null null 256.8293ms
2026-04-10 16:45:50.164 +07:00 [INF] CORS policy execution successful.
2026-04-10 16:45:50.165 +07:00 [INF] HTTP OPTIONS /api/v1/codes/by-code/TRINH_DO_LLCT responded 204 in 107.7656 ms
2026-04-10 16:45:50.167 +07:00 [INF] CORS policy execution successful.
2026-04-10 16:45:50.172 +07:00 [INF] CORS policy execution successful.
2026-04-10 16:45:50.174 +07:00 [INF] Request starting HTTP/1.1 GET http://localhost:5283/api/v1/don-vi/tree - null null
2026-04-10 16:45:50.176 +07:00 [INF] Request starting HTTP/1.1 GET http://localhost:5283/api/v1/codes/by-code/CAP_BAC_CONG_AN - null null
2026-04-10 16:45:50.177 +07:00 [INF] Executing endpoint 'ThucLuc.Api.Controllers.V1.CodesController.GetByCode (ThucLuc.Api)'
2026-04-10 16:45:50.178 +07:00 [INF] Request finished HTTP/1.1 OPTIONS http://localhost:5283/api/v1/codes/by-code/TRINH_DO_LLCT - 204 null null 261.1964ms
2026-04-10 16:45:50.179 +07:00 [INF] Executing endpoint 'ThucLuc.Api.Controllers.V1.CodesController.GetByCode (ThucLuc.Api)'
2026-04-10 16:45:50.179 +07:00 [INF] Executing endpoint 'ThucLuc.Api.Controllers.V1.CodesController.GetByCode (ThucLuc.Api)'
2026-04-10 16:45:50.181 +07:00 [INF] CORS policy execution successful.
2026-04-10 16:45:50.205 +07:00 [INF] Executing endpoint 'ThucLuc.Api.Controllers.V1.DonViController.GetTree (ThucLuc.Api)'
2026-04-10 16:45:50.207 +07:00 [INF] Route matched with {action = "GetTree", controller = "DonVi"}. Executing controller action with signature System.Threading.Tasks.Task`1[Microsoft.AspNetCore.Mvc.ActionResult`1[ThucLuc.Api.Common.Models.ApiResponse`1[System.Collections.Generic.IReadOnlyCollection`1[ThucLuc.Application.Features.DonVi.DonViDto]]]] GetTree(System.Threading.CancellationToken) on controller ThucLuc.Api.Controllers.V1.DonViController (ThucLuc.Api).
2026-04-10 16:45:50.195 +07:00 [INF] Request starting HTTP/1.1 GET http://localhost:5283/api/v1/codes/by-code/TRINH_DO_LLCT - null null
2026-04-10 16:45:50.200 +07:00 [INF] Route matched with {action = "GetByCode", controller = "Codes"}. Executing controller action with signature System.Threading.Tasks.Task`1[Microsoft.AspNetCore.Mvc.ActionResult`1[ThucLuc.Api.Common.Models.ApiResponse`1[ThucLuc.Application.Features.Codes.CodeDto]]] GetByCode(System.String, System.Threading.CancellationToken) on controller ThucLuc.Api.Controllers.V1.CodesController (ThucLuc.Api).
2026-04-10 16:45:50.204 +07:00 [INF] Route matched with {action = "GetByCode", controller = "Codes"}. Executing controller action with signature System.Threading.Tasks.Task`1[Microsoft.AspNetCore.Mvc.ActionResult`1[ThucLuc.Api.Common.Models.ApiResponse`1[ThucLuc.Application.Features.Codes.CodeDto]]] GetByCode(System.String, System.Threading.CancellationToken) on controller ThucLuc.Api.Controllers.V1.CodesController (ThucLuc.Api).
2026-04-10 16:45:50.188 +07:00 [INF] CORS policy execution successful.
2026-04-10 16:45:50.189 +07:00 [INF] Route matched with {action = "GetByCode", controller = "Codes"}. Executing controller action with signature System.Threading.Tasks.Task`1[Microsoft.AspNetCore.Mvc.ActionResult`1[ThucLuc.Api.Common.Models.ApiResponse`1[ThucLuc.Application.Features.Codes.CodeDto]]] GetByCode(System.String, System.Threading.CancellationToken) on controller ThucLuc.Api.Controllers.V1.CodesController (ThucLuc.Api).
2026-04-10 16:45:50.209 +07:00 [INF] CORS policy execution successful.
2026-04-10 16:45:50.211 +07:00 [INF] Executing OkObjectResult, writing value of type 'ThucLuc.Api.Common.Models.ApiResponse`1[[System.Collections.Generic.IReadOnlyCollection`1[[ThucLuc.Application.Features.DonVi.DonViDto, ThucLuc.Application, Version=1.0.0.0, Culture=neutral, PublicKeyToken=null]], System.Private.CoreLib, Version=8.0.0.0, Culture=neutral, PublicKeyToken=7cec85d7bea7798e]]'.
2026-04-10 16:45:50.217 +07:00 [INF] Executing OkObjectResult, writing value of type 'ThucLuc.Api.Common.Models.ApiResponse`1[[ThucLuc.Application.Features.Codes.CodeDto, ThucLuc.Application, Version=1.0.0.0, Culture=neutral, PublicKeyToken=null]]'.
2026-04-10 16:45:50.219 +07:00 [INF] Executing endpoint 'ThucLuc.Api.Controllers.V1.CodesController.GetByCode (ThucLuc.Api)'
2026-04-10 16:45:50.219 +07:00 [INF] Executing OkObjectResult, writing value of type 'ThucLuc.Api.Common.Models.ApiResponse`1[[ThucLuc.Application.Features.Codes.CodeDto, ThucLuc.Application, Version=1.0.0.0, Culture=neutral, PublicKeyToken=null]]'.
2026-04-10 16:45:50.224 +07:00 [INF] Executing OkObjectResult, writing value of type 'ThucLuc.Api.Common.Models.ApiResponse`1[[ThucLuc.Application.Features.Codes.CodeDto, ThucLuc.Application, Version=1.0.0.0, Culture=neutral, PublicKeyToken=null]]'.
2026-04-10 16:45:50.227 +07:00 [INF] Executing endpoint 'ThucLuc.Api.Controllers.V1.CodesController.GetByCode (ThucLuc.Api)'
2026-04-10 16:45:50.233 +07:00 [INF] Executed action ThucLuc.Api.Controllers.V1.DonViController.GetTree (ThucLuc.Api) in 24.5844ms
2026-04-10 16:45:50.238 +07:00 [INF] Executed action ThucLuc.Api.Controllers.V1.CodesController.GetByCode (ThucLuc.Api) in 23.7845ms
2026-04-10 16:45:50.271 +07:00 [INF] Route matched with {action = "GetByCode", controller = "Codes"}. Executing controller action with signature System.Threading.Tasks.Task`1[Microsoft.AspNetCore.Mvc.ActionResult`1[ThucLuc.Api.Common.Models.ApiResponse`1[ThucLuc.Application.Features.Codes.CodeDto]]] GetByCode(System.String, System.Threading.CancellationToken) on controller ThucLuc.Api.Controllers.V1.CodesController (ThucLuc.Api).
2026-04-10 16:45:50.291 +07:00 [INF] Executed action ThucLuc.Api.Controllers.V1.CodesController.GetByCode (ThucLuc.Api) in 75.0828ms
2026-04-10 16:45:50.296 +07:00 [INF] Executed action ThucLuc.Api.Controllers.V1.CodesController.GetByCode (ThucLuc.Api) in 74.6404ms
2026-04-10 16:45:50.296 +07:00 [INF] Route matched with {action = "GetByCode", controller = "Codes"}. Executing controller action with signature System.Threading.Tasks.Task`1[Microsoft.AspNetCore.Mvc.ActionResult`1[ThucLuc.Api.Common.Models.ApiResponse`1[ThucLuc.Application.Features.Codes.CodeDto]]] GetByCode(System.String, System.Threading.CancellationToken) on controller ThucLuc.Api.Controllers.V1.CodesController (ThucLuc.Api).
2026-04-10 16:45:50.297 +07:00 [INF] Executed endpoint 'ThucLuc.Api.Controllers.V1.DonViController.GetTree (ThucLuc.Api)'
2026-04-10 16:45:50.298 +07:00 [INF] Executed endpoint 'ThucLuc.Api.Controllers.V1.CodesController.GetByCode (ThucLuc.Api)'
2026-04-10 16:45:50.322 +07:00 [INF] Executing OkObjectResult, writing value of type 'ThucLuc.Api.Common.Models.ApiResponse`1[[ThucLuc.Application.Features.Codes.CodeDto, ThucLuc.Application, Version=1.0.0.0, Culture=neutral, PublicKeyToken=null]]'.
2026-04-10 16:45:50.330 +07:00 [INF] Executed endpoint 'ThucLuc.Api.Controllers.V1.CodesController.GetByCode (ThucLuc.Api)'
2026-04-10 16:45:50.332 +07:00 [INF] Executed endpoint 'ThucLuc.Api.Controllers.V1.CodesController.GetByCode (ThucLuc.Api)'
2026-04-10 16:45:50.361 +07:00 [INF] HTTP GET /api/v1/codes/by-code/GIOI_TINH => 200 in 197.4646 ms CorrelationId=ef66296e650541c6a5e42181817b757f UserId=5001
2026-04-10 16:45:50.341 +07:00 [INF] HTTP GET /api/v1/don-vi/tree => 200 in 159.2989 ms CorrelationId=821d452c24d84c7882b5ba8efbf95b61 UserId=5001
2026-04-10 16:45:50.343 +07:00 [INF] HTTP GET /api/v1/codes/by-code/TRINH_DO_CNTT => 200 in 176.0105 ms CorrelationId=747e50b4401d428185e02519da02c81a UserId=5001
2026-04-10 16:45:50.357 +07:00 [INF] Executed action ThucLuc.Api.Controllers.V1.CodesController.GetByCode (ThucLuc.Api) in 41.9682ms
2026-04-10 16:45:50.361 +07:00 [INF] HTTP GET /api/v1/codes/by-code/LOAI_NHAN_LUC => 200 in 188.7232 ms CorrelationId=a23e6ed88d4c44ce9a0330a5e72b8019 UserId=5001
2026-04-10 16:45:50.340 +07:00 [INF] Executing OkObjectResult, writing value of type 'ThucLuc.Api.Common.Models.ApiResponse`1[[ThucLuc.Application.Features.Codes.CodeDto, ThucLuc.Application, Version=1.0.0.0, Culture=neutral, PublicKeyToken=null]]'.
2026-04-10 16:45:50.363 +07:00 [INF] HTTP GET /api/v1/codes/by-code/GIOI_TINH responded 200 in 199.3217 ms
2026-04-10 16:45:50.444 +07:00 [INF] Request finished HTTP/1.1 GET http://localhost:5283/api/v1/codes/by-code/GIOI_TINH - 200 null application/json; charset=utf-8 296.553ms
2026-04-10 16:45:50.368 +07:00 [INF] HTTP GET /api/v1/codes/by-code/TRINH_DO_CNTT responded 200 in 201.8685 ms
2026-04-10 16:45:50.376 +07:00 [INF] Executed endpoint 'ThucLuc.Api.Controllers.V1.CodesController.GetByCode (ThucLuc.Api)'
2026-04-10 16:45:50.458 +07:00 [INF] HTTP GET /api/v1/codes/by-code/CAP_BAC_CONG_AN => 200 in 270.1232 ms CorrelationId=4f86d7e218d646ef87aee86951896c36 UserId=5001
2026-04-10 16:45:50.442 +07:00 [INF] Executed action ThucLuc.Api.Controllers.V1.CodesController.GetByCode (ThucLuc.Api) in 105.4987ms
2026-04-10 16:45:50.364 +07:00 [INF] HTTP GET /api/v1/don-vi/tree responded 200 in 182.6685 ms
2026-04-10 16:45:50.456 +07:00 [INF] Request finished HTTP/1.1 GET http://localhost:5283/api/v1/codes/by-code/TRINH_DO_CNTT - 200 null application/json; charset=utf-8 302.0061ms
2026-04-10 16:45:50.389 +07:00 [INF] HTTP GET /api/v1/codes/by-code/LOAI_NHAN_LUC responded 200 in 216.8714 ms
2026-04-10 16:45:50.459 +07:00 [INF] HTTP GET /api/v1/codes/by-code/CAP_BAC_CONG_AN responded 200 in 271.5781 ms
2026-04-10 16:45:50.460 +07:00 [INF] Executed endpoint 'ThucLuc.Api.Controllers.V1.CodesController.GetByCode (ThucLuc.Api)'
2026-04-10 16:45:50.461 +07:00 [INF] Request finished HTTP/1.1 GET http://localhost:5283/api/v1/don-vi/tree - 200 null application/json; charset=utf-8 286.7515ms
2026-04-10 16:45:50.465 +07:00 [INF] Request finished HTTP/1.1 GET http://localhost:5283/api/v1/codes/by-code/LOAI_NHAN_LUC - 200 null application/json; charset=utf-8 306.2243ms
2026-04-10 16:45:50.467 +07:00 [INF] Request finished HTTP/1.1 GET http://localhost:5283/api/v1/codes/by-code/CAP_BAC_CONG_AN - 200 null application/json; charset=utf-8 290.9373ms
2026-04-10 16:45:50.469 +07:00 [INF] HTTP GET /api/v1/codes/by-code/TRINH_DO_LLCT => 200 in 259.7791 ms CorrelationId=9aa2d5932c3c40a99da035d6e90a7d21 UserId=5001
2026-04-10 16:45:50.498 +07:00 [INF] HTTP GET /api/v1/codes/by-code/TRINH_DO_LLCT responded 200 in 288.6165 ms
2026-04-10 16:45:50.517 +07:00 [INF] Request finished HTTP/1.1 GET http://localhost:5283/api/v1/codes/by-code/TRINH_DO_LLCT - 200 null application/json; charset=utf-8 322.5447ms
2026-04-10 16:45:50.546 +07:00 [INF] Request starting HTTP/1.1 OPTIONS http://localhost:5283/api/v1/nhan-luc-cntt?page=1&pageSize=10&namBaoCao=2026 - null null
2026-04-10 16:45:50.549 +07:00 [INF] CORS policy execution successful.
2026-04-10 16:45:50.551 +07:00 [INF] HTTP OPTIONS /api/v1/nhan-luc-cntt => 204 in 2.1373 ms CorrelationId=f7c19db5a3c748b7b86b37d21bcaee69 UserId=anonymous
2026-04-10 16:45:50.577 +07:00 [INF] HTTP OPTIONS /api/v1/nhan-luc-cntt responded 204 in 28.4515 ms
2026-04-10 16:45:50.579 +07:00 [INF] Request finished HTTP/1.1 OPTIONS http://localhost:5283/api/v1/nhan-luc-cntt?page=1&pageSize=10&namBaoCao=2026 - 204 null null 33.3078ms
2026-04-10 16:45:50.591 +07:00 [INF] Request starting HTTP/1.1 GET http://localhost:5283/api/v1/nhan-luc-cntt?page=1&pageSize=10&namBaoCao=2026 - null null
2026-04-10 16:45:50.598 +07:00 [INF] CORS policy execution successful.
2026-04-10 16:45:50.601 +07:00 [INF] Executing endpoint 'ThucLuc.Api.Controllers.V1.NhanLucCnttController.GetAll (ThucLuc.Api)'
2026-04-10 16:45:50.603 +07:00 [INF] Route matched with {action = "GetAll", controller = "NhanLucCntt"}. Executing controller action with signature System.Threading.Tasks.Task`1[Microsoft.AspNetCore.Mvc.ActionResult`1[ThucLuc.Api.Common.Models.ApiResponse`1[ThucLuc.Application.Common.Models.PagedResult`1[ThucLuc.Application.Features.NhanLucCntt.NhanLucCnttDto]]]] GetAll(ThucLuc.Application.Features.NhanLucCntt.NhanLucCnttQuery, System.Threading.CancellationToken) on controller ThucLuc.Api.Controllers.V1.NhanLucCnttController (ThucLuc.Api).
2026-04-10 16:45:50.613 +07:00 [INF] Executing OkObjectResult, writing value of type 'ThucLuc.Api.Common.Models.ApiResponse`1[[ThucLuc.Application.Common.Models.PagedResult`1[[ThucLuc.Application.Features.NhanLucCntt.NhanLucCnttDto, ThucLuc.Application, Version=1.0.0.0, Culture=neutral, PublicKeyToken=null]], ThucLuc.Application, Version=1.0.0.0, Culture=neutral, PublicKeyToken=null]]'.
2026-04-10 16:45:50.615 +07:00 [INF] Executed action ThucLuc.Api.Controllers.V1.NhanLucCnttController.GetAll (ThucLuc.Api) in 8.7467ms
2026-04-10 16:45:50.617 +07:00 [INF] Executed endpoint 'ThucLuc.Api.Controllers.V1.NhanLucCnttController.GetAll (ThucLuc.Api)'
2026-04-10 16:45:50.618 +07:00 [INF] HTTP GET /api/v1/nhan-luc-cntt => 200 in 20.4569 ms CorrelationId=defca76687914b08adffa55e0896f1d4 UserId=5001
2026-04-10 16:45:50.620 +07:00 [INF] HTTP GET /api/v1/nhan-luc-cntt responded 200 in 22.1919 ms
2026-04-10 16:45:50.622 +07:00 [INF] Request finished HTTP/1.1 GET http://localhost:5283/api/v1/nhan-luc-cntt?page=1&pageSize=10&namBaoCao=2026 - 200 null application/json; charset=utf-8 30.6027ms
2026-04-10 16:45:51.927 +07:00 [INF] Request starting HTTP/1.1 OPTIONS http://localhost:5283/api/v1/dao-tao-boi-duong?kyCode=2026Q1 - null null
2026-04-10 16:45:51.930 +07:00 [INF] CORS policy execution successful.
2026-04-10 16:45:51.930 +07:00 [INF] HTTP OPTIONS /api/v1/dao-tao-boi-duong => 204 in 0.4956 ms CorrelationId=58c373b815674b978d998014754f88bf UserId=anonymous
2026-04-10 16:45:51.931 +07:00 [INF] HTTP OPTIONS /api/v1/dao-tao-boi-duong responded 204 in 1.3779 ms
2026-04-10 16:45:51.937 +07:00 [INF] Request finished HTTP/1.1 OPTIONS http://localhost:5283/api/v1/dao-tao-boi-duong?kyCode=2026Q1 - 204 null null 10.1552ms
2026-04-10 16:45:51.940 +07:00 [INF] Request starting HTTP/1.1 GET http://localhost:5283/api/v1/dao-tao-boi-duong?kyCode=2026Q1 - null null
2026-04-10 16:45:51.942 +07:00 [INF] CORS policy execution successful.
2026-04-10 16:45:51.943 +07:00 [INF] Executing endpoint 'ThucLuc.Api.Controllers.V1.DaoTaoBoiDuongController.GetAll (ThucLuc.Api)'
2026-04-10 16:45:51.946 +07:00 [INF] Route matched with {action = "GetAll", controller = "DaoTaoBoiDuong"}. Executing controller action with signature System.Threading.Tasks.Task`1[Microsoft.AspNetCore.Mvc.ActionResult`1[ThucLuc.Api.Common.Models.ApiResponse`1[System.Collections.Generic.IReadOnlyCollection`1[ThucLuc.Application.Features.DaoTaoBoiDuong.DaoTaoBoiDuongDto]]]] GetAll(System.String, System.Threading.CancellationToken) on controller ThucLuc.Api.Controllers.V1.DaoTaoBoiDuongController (ThucLuc.Api).
2026-04-10 16:45:51.953 +07:00 [INF] Executing OkObjectResult, writing value of type 'ThucLuc.Api.Common.Models.ApiResponse`1[[System.Collections.Generic.IReadOnlyCollection`1[[ThucLuc.Application.Features.DaoTaoBoiDuong.DaoTaoBoiDuongDto, ThucLuc.Application, Version=1.0.0.0, Culture=neutral, PublicKeyToken=null]], System.Private.CoreLib, Version=8.0.0.0, Culture=neutral, PublicKeyToken=7cec85d7bea7798e]]'.
2026-04-10 16:45:51.956 +07:00 [INF] Executed action ThucLuc.Api.Controllers.V1.DaoTaoBoiDuongController.GetAll (ThucLuc.Api) in 7.9759ms
2026-04-10 16:45:51.959 +07:00 [INF] Executed endpoint 'ThucLuc.Api.Controllers.V1.DaoTaoBoiDuongController.GetAll (ThucLuc.Api)'
2026-04-10 16:45:51.960 +07:00 [INF] HTTP GET /api/v1/dao-tao-boi-duong => 200 in 17.8339 ms CorrelationId=7718cbb977e44d41913854cc83002294 UserId=5001
2026-04-10 16:45:51.961 +07:00 [INF] HTTP GET /api/v1/dao-tao-boi-duong responded 200 in 18.7988 ms
2026-04-10 16:45:51.962 +07:00 [INF] Request finished HTTP/1.1 GET http://localhost:5283/api/v1/dao-tao-boi-duong?kyCode=2026Q1 - 200 null application/json; charset=utf-8 21.7583ms
2026-04-10 16:45:53.006 +07:00 [INF] Request starting HTTP/1.1 OPTIONS http://localhost:5283/api/v1/codes/by-code/NOI_DUNG_DAO_TAO_HV - null null
2026-04-10 16:45:53.009 +07:00 [INF] CORS policy execution successful.
2026-04-10 16:45:53.010 +07:00 [INF] HTTP OPTIONS /api/v1/codes/by-code/NOI_DUNG_DAO_TAO_HV => 204 in 0.8353 ms CorrelationId=ae4ca3120a6b43f9a9d387cd5d3a23a2 UserId=anonymous
2026-04-10 16:45:53.012 +07:00 [INF] HTTP OPTIONS /api/v1/codes/by-code/NOI_DUNG_DAO_TAO_HV responded 204 in 2.4317 ms
2026-04-10 16:45:53.013 +07:00 [INF] Request finished HTTP/1.1 OPTIONS http://localhost:5283/api/v1/codes/by-code/NOI_DUNG_DAO_TAO_HV - 204 null null 6.9967ms
2026-04-10 16:45:53.016 +07:00 [INF] Request starting HTTP/1.1 GET http://localhost:5283/api/v1/codes/by-code/NOI_DUNG_DAO_TAO_HV - null null
2026-04-10 16:45:53.021 +07:00 [INF] CORS policy execution successful.
2026-04-10 16:45:53.022 +07:00 [INF] Executing endpoint 'ThucLuc.Api.Controllers.V1.CodesController.GetByCode (ThucLuc.Api)'
2026-04-10 16:45:53.023 +07:00 [INF] Route matched with {action = "GetByCode", controller = "Codes"}. Executing controller action with signature System.Threading.Tasks.Task`1[Microsoft.AspNetCore.Mvc.ActionResult`1[ThucLuc.Api.Common.Models.ApiResponse`1[ThucLuc.Application.Features.Codes.CodeDto]]] GetByCode(System.String, System.Threading.CancellationToken) on controller ThucLuc.Api.Controllers.V1.CodesController (ThucLuc.Api).
2026-04-10 16:45:53.031 +07:00 [INF] Executing OkObjectResult, writing value of type 'ThucLuc.Api.Common.Models.ApiResponse`1[[ThucLuc.Application.Features.Codes.CodeDto, ThucLuc.Application, Version=1.0.0.0, Culture=neutral, PublicKeyToken=null]]'.
2026-04-10 16:45:53.032 +07:00 [INF] Executed action ThucLuc.Api.Controllers.V1.CodesController.GetByCode (ThucLuc.Api) in 7.5499ms
2026-04-10 16:45:53.034 +07:00 [INF] Executed endpoint 'ThucLuc.Api.Controllers.V1.CodesController.GetByCode (ThucLuc.Api)'
2026-04-10 16:45:53.035 +07:00 [INF] HTTP GET /api/v1/codes/by-code/NOI_DUNG_DAO_TAO_HV => 200 in 14.7532 ms CorrelationId=72826f18b3e2481183e1164d293ed05f UserId=5001
2026-04-10 16:45:53.037 +07:00 [INF] HTTP GET /api/v1/codes/by-code/NOI_DUNG_DAO_TAO_HV responded 200 in 16.5720 ms
2026-04-10 16:45:53.039 +07:00 [INF] Request finished HTTP/1.1 GET http://localhost:5283/api/v1/codes/by-code/NOI_DUNG_DAO_TAO_HV - 200 null application/json; charset=utf-8 23.0281ms
2026-04-10 16:45:53.041 +07:00 [INF] Request starting HTTP/1.1 OPTIONS http://localhost:5283/api/v1/dao-tao-hoc-vien?kyCode=2026Q1 - null null
2026-04-10 16:45:53.043 +07:00 [INF] CORS policy execution successful.
2026-04-10 16:45:53.043 +07:00 [INF] HTTP OPTIONS /api/v1/dao-tao-hoc-vien => 204 in 0.7019 ms CorrelationId=e7ddf315f6fb433493ff6a04a22f6f2a UserId=anonymous
2026-04-10 16:45:53.045 +07:00 [INF] HTTP OPTIONS /api/v1/dao-tao-hoc-vien responded 204 in 2.1200 ms
2026-04-10 16:45:53.046 +07:00 [INF] Request finished HTTP/1.1 OPTIONS http://localhost:5283/api/v1/dao-tao-hoc-vien?kyCode=2026Q1 - 204 null null 4.3591ms
2026-04-10 16:45:53.048 +07:00 [INF] Request starting HTTP/1.1 GET http://localhost:5283/api/v1/dao-tao-hoc-vien?kyCode=2026Q1 - null null
2026-04-10 16:45:53.051 +07:00 [INF] CORS policy execution successful.
2026-04-10 16:45:53.052 +07:00 [INF] Executing endpoint 'ThucLuc.Api.Controllers.V1.DaoTaoHocVienController.GetAll (ThucLuc.Api)'
2026-04-10 16:45:53.056 +07:00 [INF] Route matched with {action = "GetAll", controller = "DaoTaoHocVien"}. Executing controller action with signature System.Threading.Tasks.Task`1[Microsoft.AspNetCore.Mvc.ActionResult`1[ThucLuc.Api.Common.Models.ApiResponse`1[System.Collections.Generic.IReadOnlyCollection`1[ThucLuc.Application.Features.DaoTaoHocVien.DaoTaoHocVienDto]]]] GetAll(System.String, System.Threading.CancellationToken) on controller ThucLuc.Api.Controllers.V1.DaoTaoHocVienController (ThucLuc.Api).
2026-04-10 16:45:53.080 +07:00 [INF] Executing OkObjectResult, writing value of type 'ThucLuc.Api.Common.Models.ApiResponse`1[[System.Collections.Generic.IReadOnlyCollection`1[[ThucLuc.Application.Features.DaoTaoHocVien.DaoTaoHocVienDto, ThucLuc.Application, Version=1.0.0.0, Culture=neutral, PublicKeyToken=null]], System.Private.CoreLib, Version=8.0.0.0, Culture=neutral, PublicKeyToken=7cec85d7bea7798e]]'.
2026-04-10 16:45:53.083 +07:00 [INF] Executed action ThucLuc.Api.Controllers.V1.DaoTaoHocVienController.GetAll (ThucLuc.Api) in 26.167ms
2026-04-10 16:45:53.085 +07:00 [INF] Executed endpoint 'ThucLuc.Api.Controllers.V1.DaoTaoHocVienController.GetAll (ThucLuc.Api)'
2026-04-10 16:45:53.087 +07:00 [INF] HTTP GET /api/v1/dao-tao-hoc-vien => 200 in 35.9088 ms CorrelationId=2bb6077ef8af4492b32ccdcab141ee0a UserId=5001
2026-04-10 16:45:53.088 +07:00 [INF] HTTP GET /api/v1/dao-tao-hoc-vien responded 200 in 37.7755 ms
2026-04-10 16:45:53.090 +07:00 [INF] Request finished HTTP/1.1 GET http://localhost:5283/api/v1/dao-tao-hoc-vien?kyCode=2026Q1 - 200 null application/json; charset=utf-8 41.8317ms
2026-04-10 16:46:30.220 +07:00 [INF] Request starting HTTP/1.1 OPTIONS http://localhost:5283/api/v1/ky-bao-cao/current - null null
2026-04-10 16:46:30.220 +07:00 [INF] Request starting HTTP/1.1 OPTIONS http://localhost:5283/api/v1/ky-bao-cao - null null
2026-04-10 16:46:30.224 +07:00 [INF] CORS policy execution successful.
2026-04-10 16:46:30.225 +07:00 [INF] HTTP OPTIONS /api/v1/ky-bao-cao => 204 in 0.5344 ms CorrelationId=1bc24052816d486e93f445210c92d016 UserId=anonymous
2026-04-10 16:46:30.227 +07:00 [INF] HTTP OPTIONS /api/v1/ky-bao-cao responded 204 in 2.6371 ms
2026-04-10 16:46:30.223 +07:00 [INF] CORS policy execution successful.
2026-04-10 16:46:30.230 +07:00 [INF] HTTP OPTIONS /api/v1/ky-bao-cao/current => 204 in 6.9249 ms CorrelationId=fece40177bc3425c84badddf84d80192 UserId=anonymous
2026-04-10 16:46:30.229 +07:00 [INF] Request finished HTTP/1.1 OPTIONS http://localhost:5283/api/v1/ky-bao-cao - 204 null null 8.8944ms
2026-04-10 16:46:30.234 +07:00 [INF] Request starting HTTP/1.1 GET http://localhost:5283/api/v1/ky-bao-cao - null null
2026-04-10 16:46:30.235 +07:00 [INF] CORS policy execution successful.
2026-04-10 16:46:30.236 +07:00 [INF] Executing endpoint 'ThucLuc.Api.Controllers.V1.KyBaoCaoController.GetAll (ThucLuc.Api)'
2026-04-10 16:46:30.233 +07:00 [INF] HTTP OPTIONS /api/v1/ky-bao-cao/current responded 204 in 9.8416 ms
2026-04-10 16:46:30.237 +07:00 [INF] Request finished HTTP/1.1 OPTIONS http://localhost:5283/api/v1/ky-bao-cao/current - 204 null null 16.4633ms
2026-04-10 16:46:30.236 +07:00 [INF] Route matched with {action = "GetAll", controller = "KyBaoCao"}. Executing controller action with signature System.Threading.Tasks.Task`1[Microsoft.AspNetCore.Mvc.ActionResult`1[ThucLuc.Api.Common.Models.ApiResponse`1[System.Collections.Generic.IReadOnlyCollection`1[ThucLuc.Application.Features.KyBaoCao.KyBaoCaoDto]]]] GetAll(System.Threading.CancellationToken) on controller ThucLuc.Api.Controllers.V1.KyBaoCaoController (ThucLuc.Api).
2026-04-10 16:46:30.242 +07:00 [INF] Request starting HTTP/1.1 GET http://localhost:5283/api/v1/ky-bao-cao/current - null null
2026-04-10 16:46:30.243 +07:00 [INF] CORS policy execution successful.
2026-04-10 16:46:30.244 +07:00 [INF] Executing endpoint 'ThucLuc.Api.Controllers.V1.KyBaoCaoController.GetCurrent (ThucLuc.Api)'
2026-04-10 16:46:30.244 +07:00 [INF] Route matched with {action = "GetCurrent", controller = "KyBaoCao"}. Executing controller action with signature System.Threading.Tasks.Task`1[Microsoft.AspNetCore.Mvc.ActionResult`1[ThucLuc.Api.Common.Models.ApiResponse`1[ThucLuc.Application.Features.KyBaoCao.KyBaoCaoDto]]] GetCurrent(System.Threading.CancellationToken) on controller ThucLuc.Api.Controllers.V1.KyBaoCaoController (ThucLuc.Api).
2026-04-10 16:46:30.287 +07:00 [INF] Executing OkObjectResult, writing value of type 'ThucLuc.Api.Common.Models.ApiResponse`1[[System.Collections.Generic.IReadOnlyCollection`1[[ThucLuc.Application.Features.KyBaoCao.KyBaoCaoDto, ThucLuc.Application, Version=1.0.0.0, Culture=neutral, PublicKeyToken=null]], System.Private.CoreLib, Version=8.0.0.0, Culture=neutral, PublicKeyToken=7cec85d7bea7798e]]'.
2026-04-10 16:46:30.290 +07:00 [INF] Executed action ThucLuc.Api.Controllers.V1.KyBaoCaoController.GetAll (ThucLuc.Api) in 50.3246ms
2026-04-10 16:46:30.291 +07:00 [INF] Executing OkObjectResult, writing value of type 'ThucLuc.Api.Common.Models.ApiResponse`1[[ThucLuc.Application.Features.KyBaoCao.KyBaoCaoDto, ThucLuc.Application, Version=1.0.0.0, Culture=neutral, PublicKeyToken=null]]'.
2026-04-10 16:46:30.292 +07:00 [INF] Executed action ThucLuc.Api.Controllers.V1.KyBaoCaoController.GetCurrent (ThucLuc.Api) in 46.5ms
2026-04-10 16:46:30.291 +07:00 [INF] Executed endpoint 'ThucLuc.Api.Controllers.V1.KyBaoCaoController.GetAll (ThucLuc.Api)'
2026-04-10 16:46:30.292 +07:00 [INF] Executed endpoint 'ThucLuc.Api.Controllers.V1.KyBaoCaoController.GetCurrent (ThucLuc.Api)'
2026-04-10 16:46:30.300 +07:00 [INF] HTTP GET /api/v1/ky-bao-cao/current => 200 in 57.0258 ms CorrelationId=dd6ee96f7dcd49cfabfe2ff32ab0c0d4 UserId=5001
2026-04-10 16:46:30.301 +07:00 [INF] HTTP GET /api/v1/ky-bao-cao/current responded 200 in 57.9842 ms
2026-04-10 16:46:30.300 +07:00 [INF] HTTP GET /api/v1/ky-bao-cao => 200 in 64.4287 ms CorrelationId=9b2cb97e2fdc443295778d7c144e21cc UserId=5001
2026-04-10 16:46:30.302 +07:00 [INF] Request finished HTTP/1.1 GET http://localhost:5283/api/v1/ky-bao-cao/current - 200 null application/json; charset=utf-8 60.1496ms
2026-04-10 16:46:30.308 +07:00 [INF] HTTP GET /api/v1/ky-bao-cao responded 200 in 72.8621 ms
2026-04-10 16:46:30.311 +07:00 [INF] Request finished HTTP/1.1 GET http://localhost:5283/api/v1/ky-bao-cao - 200 null application/json; charset=utf-8 76.3786ms
2026-04-10 16:46:30.313 +07:00 [INF] Request starting HTTP/1.1 OPTIONS http://localhost:5283/api/v1/ky-bao-cao/6001/tien-do - null null
2026-04-10 16:46:30.314 +07:00 [INF] CORS policy execution successful.
2026-04-10 16:46:30.315 +07:00 [INF] HTTP OPTIONS /api/v1/ky-bao-cao/6001/tien-do => 204 in 1.0163 ms CorrelationId=37034f731be6464b9570941d39ab2c3d UserId=anonymous
2026-04-10 16:46:30.316 +07:00 [INF] HTTP OPTIONS /api/v1/ky-bao-cao/6001/tien-do responded 204 in 2.3086 ms
2026-04-10 16:46:30.318 +07:00 [INF] Request finished HTTP/1.1 OPTIONS http://localhost:5283/api/v1/ky-bao-cao/6001/tien-do - 204 null null 4.4909ms
2026-04-10 16:46:30.320 +07:00 [INF] Request starting HTTP/1.1 GET http://localhost:5283/api/v1/ky-bao-cao/6001/tien-do - null null
2026-04-10 16:46:30.321 +07:00 [INF] CORS policy execution successful.
2026-04-10 16:46:30.322 +07:00 [INF] HTTP GET /api/v1/ky-bao-cao/6001/tien-do => 404 in 1.1287 ms CorrelationId=8aaf80ec259b4c3fb519d532ad3663cb UserId=5001
2026-04-10 16:46:30.334 +07:00 [INF] HTTP GET /api/v1/ky-bao-cao/6001/tien-do responded 404 in 12.6865 ms
2026-04-10 16:46:30.335 +07:00 [INF] Request finished HTTP/1.1 GET http://localhost:5283/api/v1/ky-bao-cao/6001/tien-do - 404 0 null 15.4283ms
2026-04-10 16:46:30.336 +07:00 [INF] Request reached the end of the middleware pipeline without being handled by application code. Request path: GET http://localhost:5283/api/v1/ky-bao-cao/6001/tien-do, Response status code: 404
2026-04-10 16:47:06.398 +07:00 [INF] Request starting HTTP/1.1 OPTIONS http://localhost:5283/api/v1/don-vi/2001 - null null
2026-04-10 16:47:06.400 +07:00 [INF] CORS policy execution successful.
2026-04-10 16:47:06.401 +07:00 [INF] HTTP OPTIONS /api/v1/don-vi/2001 => 204 in 0.4848 ms CorrelationId=d40cf1f2d8db48e386bf4f77f088e358 UserId=anonymous
2026-04-10 16:47:06.402 +07:00 [INF] HTTP OPTIONS /api/v1/don-vi/2001 responded 204 in 2.1020 ms
2026-04-10 16:47:06.403 +07:00 [INF] Request finished HTTP/1.1 OPTIONS http://localhost:5283/api/v1/don-vi/2001 - 204 null null 4.6387ms
2026-04-10 16:47:06.405 +07:00 [INF] Request starting HTTP/1.1 GET http://localhost:5283/api/v1/don-vi/2001 - null null
2026-04-10 16:47:06.406 +07:00 [INF] Request starting HTTP/1.1 OPTIONS http://localhost:5283/api/v1/ky-bao-cao/current - null null
2026-04-10 16:47:06.406 +07:00 [INF] Request starting HTTP/1.1 OPTIONS http://localhost:5283/api/v1/ky-bao-cao - null null
2026-04-10 16:47:06.407 +07:00 [INF] CORS policy execution successful.
2026-04-10 16:47:06.408 +07:00 [INF] CORS policy execution successful.
2026-04-10 16:47:06.409 +07:00 [INF] CORS policy execution successful.
2026-04-10 16:47:06.410 +07:00 [INF] Executing endpoint 'ThucLuc.Api.Controllers.V1.DonViController.GetById (ThucLuc.Api)'
2026-04-10 16:47:06.410 +07:00 [INF] HTTP OPTIONS /api/v1/ky-bao-cao/current => 204 in 2.1469 ms CorrelationId=b289e18df6a24c29bce9e374e00c9c33 UserId=anonymous
2026-04-10 16:47:06.410 +07:00 [INF] HTTP OPTIONS /api/v1/ky-bao-cao => 204 in 1.3804 ms CorrelationId=ed31ca4d1acf4c9fafa2e1ceb1e3a755 UserId=anonymous
2026-04-10 16:47:06.411 +07:00 [INF] Route matched with {action = "GetById", controller = "DonVi"}. Executing controller action with signature System.Threading.Tasks.Task`1[Microsoft.AspNetCore.Mvc.ActionResult`1[ThucLuc.Api.Common.Models.ApiResponse`1[ThucLuc.Application.Features.DonVi.DonViDto]]] GetById(Int64, System.Threading.CancellationToken) on controller ThucLuc.Api.Controllers.V1.DonViController (ThucLuc.Api).
2026-04-10 16:47:06.412 +07:00 [INF] HTTP OPTIONS /api/v1/ky-bao-cao/current responded 204 in 4.1380 ms
2026-04-10 16:47:06.413 +07:00 [INF] HTTP OPTIONS /api/v1/ky-bao-cao responded 204 in 4.2989 ms
2026-04-10 16:47:06.416 +07:00 [INF] Request finished HTTP/1.1 OPTIONS http://localhost:5283/api/v1/ky-bao-cao/current - 204 null null 10.3434ms
2026-04-10 16:47:06.417 +07:00 [INF] Request finished HTTP/1.1 OPTIONS http://localhost:5283/api/v1/ky-bao-cao - 204 null null 11.1243ms
2026-04-10 16:47:06.419 +07:00 [INF] Request starting HTTP/1.1 GET http://localhost:5283/api/v1/ky-bao-cao - null null
2026-04-10 16:47:06.420 +07:00 [INF] Request starting HTTP/1.1 GET http://localhost:5283/api/v1/ky-bao-cao/current - null null
2026-04-10 16:47:06.422 +07:00 [INF] CORS policy execution successful.
2026-04-10 16:47:06.423 +07:00 [INF] CORS policy execution successful.
2026-04-10 16:47:06.423 +07:00 [INF] Executing endpoint 'ThucLuc.Api.Controllers.V1.KyBaoCaoController.GetAll (ThucLuc.Api)'
2026-04-10 16:47:06.423 +07:00 [INF] Executing endpoint 'ThucLuc.Api.Controllers.V1.KyBaoCaoController.GetCurrent (ThucLuc.Api)'
2026-04-10 16:47:06.424 +07:00 [INF] Route matched with {action = "GetAll", controller = "KyBaoCao"}. Executing controller action with signature System.Threading.Tasks.Task`1[Microsoft.AspNetCore.Mvc.ActionResult`1[ThucLuc.Api.Common.Models.ApiResponse`1[System.Collections.Generic.IReadOnlyCollection`1[ThucLuc.Application.Features.KyBaoCao.KyBaoCaoDto]]]] GetAll(System.Threading.CancellationToken) on controller ThucLuc.Api.Controllers.V1.KyBaoCaoController (ThucLuc.Api).
2026-04-10 16:47:06.424 +07:00 [INF] Route matched with {action = "GetCurrent", controller = "KyBaoCao"}. Executing controller action with signature System.Threading.Tasks.Task`1[Microsoft.AspNetCore.Mvc.ActionResult`1[ThucLuc.Api.Common.Models.ApiResponse`1[ThucLuc.Application.Features.KyBaoCao.KyBaoCaoDto]]] GetCurrent(System.Threading.CancellationToken) on controller ThucLuc.Api.Controllers.V1.KyBaoCaoController (ThucLuc.Api).
2026-04-10 16:47:06.459 +07:00 [INF] Executing OkObjectResult, writing value of type 'ThucLuc.Api.Common.Models.ApiResponse`1[[ThucLuc.Application.Features.DonVi.DonViDto, ThucLuc.Application, Version=1.0.0.0, Culture=neutral, PublicKeyToken=null]]'.
2026-04-10 16:47:06.461 +07:00 [INF] Executed action ThucLuc.Api.Controllers.V1.DonViController.GetById (ThucLuc.Api) in 45.7793ms
2026-04-10 16:47:06.463 +07:00 [INF] Executed endpoint 'ThucLuc.Api.Controllers.V1.DonViController.GetById (ThucLuc.Api)'
2026-04-10 16:47:06.464 +07:00 [INF] HTTP GET /api/v1/don-vi/2001 => 200 in 57.3683 ms CorrelationId=bf1182e42d7d4f9388b0be2ac924db89 UserId=5001
2026-04-10 16:47:06.467 +07:00 [INF] HTTP GET /api/v1/don-vi/2001 responded 200 in 59.7318 ms
2026-04-10 16:47:06.468 +07:00 [INF] Request finished HTTP/1.1 GET http://localhost:5283/api/v1/don-vi/2001 - 200 null application/json; charset=utf-8 63.0781ms
2026-04-10 16:47:06.470 +07:00 [INF] Executing OkObjectResult, writing value of type 'ThucLuc.Api.Common.Models.ApiResponse`1[[ThucLuc.Application.Features.KyBaoCao.KyBaoCaoDto, ThucLuc.Application, Version=1.0.0.0, Culture=neutral, PublicKeyToken=null]]'.
2026-04-10 16:47:06.470 +07:00 [INF] Executing OkObjectResult, writing value of type 'ThucLuc.Api.Common.Models.ApiResponse`1[[System.Collections.Generic.IReadOnlyCollection`1[[ThucLuc.Application.Features.KyBaoCao.KyBaoCaoDto, ThucLuc.Application, Version=1.0.0.0, Culture=neutral, PublicKeyToken=null]], System.Private.CoreLib, Version=8.0.0.0, Culture=neutral, PublicKeyToken=7cec85d7bea7798e]]'.
2026-04-10 16:47:06.474 +07:00 [INF] Executed action ThucLuc.Api.Controllers.V1.KyBaoCaoController.GetCurrent (ThucLuc.Api) in 47.0329ms
2026-04-10 16:47:06.475 +07:00 [INF] Executed action ThucLuc.Api.Controllers.V1.KyBaoCaoController.GetAll (ThucLuc.Api) in 49.6968ms
2026-04-10 16:47:06.476 +07:00 [INF] Executed endpoint 'ThucLuc.Api.Controllers.V1.KyBaoCaoController.GetCurrent (ThucLuc.Api)'
2026-04-10 16:47:06.478 +07:00 [INF] Executed endpoint 'ThucLuc.Api.Controllers.V1.KyBaoCaoController.GetAll (ThucLuc.Api)'
2026-04-10 16:47:06.479 +07:00 [INF] HTTP GET /api/v1/ky-bao-cao/current => 200 in 56.6698 ms CorrelationId=13b46c5eec2b4066a38885bf6b83df66 UserId=5001
2026-04-10 16:47:06.481 +07:00 [INF] HTTP GET /api/v1/ky-bao-cao => 200 in 59.256 ms CorrelationId=1f3607c79335415fa1a4deac31771564 UserId=5001
2026-04-10 16:47:06.483 +07:00 [INF] HTTP GET /api/v1/ky-bao-cao/current responded 200 in 60.4372 ms
2026-04-10 16:47:06.485 +07:00 [INF] HTTP GET /api/v1/ky-bao-cao responded 200 in 63.5830 ms
2026-04-10 16:47:06.487 +07:00 [INF] Request finished HTTP/1.1 GET http://localhost:5283/api/v1/ky-bao-cao/current - 200 null application/json; charset=utf-8 66.2419ms
2026-04-10 16:47:06.488 +07:00 [INF] Request finished HTTP/1.1 GET http://localhost:5283/api/v1/ky-bao-cao - 200 null application/json; charset=utf-8 69.2999ms
2026-04-10 16:47:06.502 +07:00 [INF] Request starting HTTP/1.1 OPTIONS http://localhost:5283/api/v1/ky-bao-cao/6001/tien-do - null null
2026-04-10 16:47:06.505 +07:00 [INF] CORS policy execution successful.
2026-04-10 16:47:06.505 +07:00 [INF] HTTP OPTIONS /api/v1/ky-bao-cao/6001/tien-do => 204 in 0.6861 ms CorrelationId=5432bb1cd73340b4bf104534666ec29a UserId=anonymous
2026-04-10 16:47:06.507 +07:00 [INF] HTTP OPTIONS /api/v1/ky-bao-cao/6001/tien-do responded 204 in 2.5830 ms
2026-04-10 16:47:06.509 +07:00 [INF] Request finished HTTP/1.1 OPTIONS http://localhost:5283/api/v1/ky-bao-cao/6001/tien-do - 204 null null 6.4655ms
2026-04-10 16:47:06.511 +07:00 [INF] Request starting HTTP/1.1 GET http://localhost:5283/api/v1/ky-bao-cao/6001/tien-do - null null
2026-04-10 16:47:06.514 +07:00 [INF] CORS policy execution successful.
2026-04-10 16:47:06.515 +07:00 [INF] HTTP GET /api/v1/ky-bao-cao/6001/tien-do => 404 in 0.7397 ms CorrelationId=de1f8a300acc406e9f1e3820bb5b2548 UserId=5001
2026-04-10 16:47:06.516 +07:00 [INF] HTTP GET /api/v1/ky-bao-cao/6001/tien-do responded 404 in 2.5787 ms
2026-04-10 16:47:06.519 +07:00 [INF] Request finished HTTP/1.1 GET http://localhost:5283/api/v1/ky-bao-cao/6001/tien-do - 404 0 null 7.5519ms
2026-04-10 16:47:06.522 +07:00 [INF] Request reached the end of the middleware pipeline without being handled by application code. Request path: GET http://localhost:5283/api/v1/ky-bao-cao/6001/tien-do, Response status code: 404
2026-04-10 16:47:41.812 +07:00 [INF] Application is shutting down...
