2026-04-23 08:16:31.931 +07:00 [WRN] The decimal property 'KinhPhi' on entity type 'DaoTaoNuocNgoai' does not have a store type specified. This may lead to a precision loss if the values do not fit in the default precision and scale. Oracle recommends to explicitly specify the column type that can accommodate all the values in 'OnModelCreating' using 'HasColumnType', specify precision and scale using 'HasPrecision', or configure a value converter using 'HasConversion'.
2026-04-23 08:16:34.129 +07:00 [INF] Baseline seed data has been applied successfully.
2026-04-23 08:16:34.342 +07:00 [INF] User profile is available. Using 'C:\Users\CNTT\AppData\Local\ASP.NET\DataProtection-Keys' as key repository and Windows DPAPI to encrypt keys at rest.
2026-04-23 08:16:34.561 +07:00 [INF] Now listening on: http://localhost:5283
2026-04-23 08:16:34.563 +07:00 [INF] Application started. Press Ctrl+C to shut down.
2026-04-23 08:16:34.564 +07:00 [INF] Hosting environment: Development
2026-04-23 08:16:34.565 +07:00 [INF] Content root path: D:\Projects\ThucLuc_V2\.sources\backend\src\api
2026-04-23 08:16:51.736 +07:00 [INF] Request starting HTTP/1.1 OPTIONS http://localhost:5283/api/v1/codes/by-code/NOI_DUNG_DAO_TAO_HV - null null
2026-04-23 08:16:51.736 +07:00 [INF] Request starting HTTP/1.1 OPTIONS http://localhost:5283/api/v1/don-vi/2001 - null null
2026-04-23 08:16:51.789 +07:00 [WRN] Failed to determine the https port for redirect.
2026-04-23 08:16:51.791 +07:00 [INF] CORS policy execution successful.
2026-04-23 08:16:51.791 +07:00 [INF] CORS policy execution successful.
2026-04-23 08:16:51.795 +07:00 [INF] HTTP OPTIONS /api/v1/codes/by-code/NOI_DUNG_DAO_TAO_HV => 204 in 17.797 ms CorrelationId=c905bc4ecb31424caa673afbd8cdcb28 UserId=anonymous
2026-04-23 08:16:51.795 +07:00 [INF] HTTP OPTIONS /api/v1/don-vi/2001 => 204 in 18.113 ms CorrelationId=a1f84ac3a9844da1b394df264428da83 UserId=anonymous
2026-04-23 08:16:51.802 +07:00 [INF] HTTP OPTIONS /api/v1/codes/by-code/NOI_DUNG_DAO_TAO_HV responded 204 in 28.2839 ms
2026-04-23 08:16:51.802 +07:00 [INF] HTTP OPTIONS /api/v1/don-vi/2001 responded 204 in 29.2600 ms
2026-04-23 08:16:51.812 +07:00 [INF] Request finished HTTP/1.1 OPTIONS http://localhost:5283/api/v1/codes/by-code/NOI_DUNG_DAO_TAO_HV - 204 null null 77.4983ms
2026-04-23 08:16:51.812 +07:00 [INF] Request finished HTTP/1.1 OPTIONS http://localhost:5283/api/v1/don-vi/2001 - 204 null null 77.5011ms
2026-04-23 08:16:51.817 +07:00 [INF] Request starting HTTP/1.1 GET http://localhost:5283/api/v1/don-vi/2001 - null null
2026-04-23 08:16:51.820 +07:00 [INF] Request starting HTTP/1.1 GET http://localhost:5283/api/v1/codes/by-code/NOI_DUNG_DAO_TAO_HV - null null
2026-04-23 08:16:51.829 +07:00 [INF] CORS policy execution successful.
2026-04-23 08:16:51.829 +07:00 [INF] CORS policy execution successful.
2026-04-23 08:16:53.188 +07:00 [INF] Failed to validate the token.
Microsoft.IdentityModel.Tokens.SecurityTokenExpiredException: IDX10223: Lifetime validation failed. The token is expired. ValidTo (UTC): '4/22/2026 3:06:58 PM', Current time (UTC): '4/23/2026 1:16:53 AM'.
   at Microsoft.IdentityModel.Tokens.ValidatorUtilities.ValidateLifetime(Nullable`1 notBefore, Nullable`1 expires, SecurityToken securityToken, TokenValidationParameters validationParameters)
   at Microsoft.IdentityModel.Tokens.Validators.ValidateLifetime(Nullable`1 notBefore, Nullable`1 expires, SecurityToken securityToken, TokenValidationParameters validationParameters)
   at Microsoft.IdentityModel.JsonWebTokens.JsonWebTokenHandler.ValidateTokenPayloadAsync(JsonWebToken jsonWebToken, TokenValidationParameters validationParameters, BaseConfiguration configuration)
   at Microsoft.IdentityModel.JsonWebTokens.JsonWebTokenHandler.ValidateJWSAsync(JsonWebToken jsonWebToken, TokenValidationParameters validationParameters, BaseConfiguration configuration)
2026-04-23 08:16:53.188 +07:00 [INF] Failed to validate the token.
Microsoft.IdentityModel.Tokens.SecurityTokenExpiredException: IDX10223: Lifetime validation failed. The token is expired. ValidTo (UTC): '4/22/2026 3:06:58 PM', Current time (UTC): '4/23/2026 1:16:53 AM'.
   at Microsoft.IdentityModel.Tokens.ValidatorUtilities.ValidateLifetime(Nullable`1 notBefore, Nullable`1 expires, SecurityToken securityToken, TokenValidationParameters validationParameters)
   at Microsoft.IdentityModel.Tokens.Validators.ValidateLifetime(Nullable`1 notBefore, Nullable`1 expires, SecurityToken securityToken, TokenValidationParameters validationParameters)
   at Microsoft.IdentityModel.JsonWebTokens.JsonWebTokenHandler.ValidateTokenPayloadAsync(JsonWebToken jsonWebToken, TokenValidationParameters validationParameters, BaseConfiguration configuration)
   at Microsoft.IdentityModel.JsonWebTokens.JsonWebTokenHandler.ValidateJWSAsync(JsonWebToken jsonWebToken, TokenValidationParameters validationParameters, BaseConfiguration configuration)
2026-04-23 08:16:53.197 +07:00 [INF] Bearer was not authenticated. Failure message: IDX10223: Lifetime validation failed. The token is expired. ValidTo (UTC): '4/22/2026 3:06:58 PM', Current time (UTC): '4/23/2026 1:16:53 AM'.
2026-04-23 08:16:53.199 +07:00 [INF] Bearer was not authenticated. Failure message: IDX10223: Lifetime validation failed. The token is expired. ValidTo (UTC): '4/22/2026 3:06:58 PM', Current time (UTC): '4/23/2026 1:16:53 AM'.
2026-04-23 08:16:53.205 +07:00 [INF] Authorization failed. These requirements were not met:
ThucLuc.Api.Common.Authorization.PermissionRequirement
2026-04-23 08:16:53.205 +07:00 [INF] Authorization failed. These requirements were not met:
ThucLuc.Api.Common.Authorization.PermissionRequirement
2026-04-23 08:16:53.211 +07:00 [INF] AuthenticationScheme: Bearer was challenged.
2026-04-23 08:16:53.211 +07:00 [INF] AuthenticationScheme: Bearer was challenged.
2026-04-23 08:16:53.213 +07:00 [INF] HTTP GET /api/v1/don-vi/2001 => 401 in 1385.6183 ms CorrelationId=2a2a9f69fdbe4513af2ff97e733ec66b UserId=anonymous
2026-04-23 08:16:53.214 +07:00 [INF] HTTP GET /api/v1/codes/by-code/NOI_DUNG_DAO_TAO_HV => 401 in 1386.8043 ms CorrelationId=9697dd7eae2f4d698173aac826905863 UserId=anonymous
2026-04-23 08:16:53.216 +07:00 [INF] HTTP GET /api/v1/don-vi/2001 responded 401 in 1389.0865 ms
2026-04-23 08:16:53.219 +07:00 [INF] HTTP GET /api/v1/codes/by-code/NOI_DUNG_DAO_TAO_HV responded 401 in 1392.4448 ms
2026-04-23 08:16:53.223 +07:00 [INF] Request finished HTTP/1.1 GET http://localhost:5283/api/v1/don-vi/2001 - 401 0 null 1405.8589ms
2026-04-23 08:16:53.225 +07:00 [INF] Request finished HTTP/1.1 GET http://localhost:5283/api/v1/codes/by-code/NOI_DUNG_DAO_TAO_HV - 401 0 null 1404.783ms
2026-04-23 08:16:54.572 +07:00 [INF] Request starting HTTP/1.1 OPTIONS http://localhost:5283/api/v1/auth/login - null null
2026-04-23 08:16:54.575 +07:00 [INF] CORS policy execution successful.
2026-04-23 08:16:54.576 +07:00 [INF] HTTP OPTIONS /api/v1/auth/login => 204 in 1.2934 ms CorrelationId=200e4a8662094399881cff9848eb8490 UserId=anonymous
2026-04-23 08:16:54.579 +07:00 [INF] HTTP OPTIONS /api/v1/auth/login responded 204 in 4.4725 ms
2026-04-23 08:16:54.581 +07:00 [INF] Request finished HTTP/1.1 OPTIONS http://localhost:5283/api/v1/auth/login - 204 null null 8.9044ms
2026-04-23 08:16:54.583 +07:00 [INF] Request starting HTTP/1.1 POST http://localhost:5283/api/v1/auth/login - application/json 43
2026-04-23 08:16:54.586 +07:00 [INF] CORS policy execution successful.
2026-04-23 08:16:54.597 +07:00 [INF] Executing endpoint 'ThucLuc.Api.Controllers.V1.AuthController.Login (ThucLuc.Api)'
2026-04-23 08:16:54.616 +07:00 [INF] Route matched with {action = "Login", controller = "Auth"}. Executing controller action with signature System.Threading.Tasks.Task`1[Microsoft.AspNetCore.Mvc.ActionResult`1[ThucLuc.Api.Common.Models.ApiResponse`1[ThucLuc.Application.Features.Auth.AuthTokenDto]]] Login(ThucLuc.Application.Features.Auth.LoginRequest, System.Threading.CancellationToken) on controller ThucLuc.Api.Controllers.V1.AuthController (ThucLuc.Api).
2026-04-23 08:16:55.188 +07:00 [INF] Executing OkObjectResult, writing value of type 'ThucLuc.Api.Common.Models.ApiResponse`1[[ThucLuc.Application.Features.Auth.AuthTokenDto, ThucLuc.Application, Version=1.0.0.0, Culture=neutral, PublicKeyToken=null]]'.
2026-04-23 08:16:55.208 +07:00 [INF] Executed action ThucLuc.Api.Controllers.V1.AuthController.Login (ThucLuc.Api) in 588.1714ms
2026-04-23 08:16:55.210 +07:00 [INF] Executed endpoint 'ThucLuc.Api.Controllers.V1.AuthController.Login (ThucLuc.Api)'
2026-04-23 08:16:55.213 +07:00 [INF] HTTP POST /api/v1/auth/login => 200 in 627.1559 ms CorrelationId=b9488cfeefbe4f0bb4c2d98e2e949498 UserId=anonymous
2026-04-23 08:16:55.217 +07:00 [INF] HTTP POST /api/v1/auth/login responded 200 in 630.6685 ms
2026-04-23 08:16:55.221 +07:00 [INF] Request finished HTTP/1.1 POST http://localhost:5283/api/v1/auth/login - 200 null application/json; charset=utf-8 637.681ms
2026-04-23 08:16:55.225 +07:00 [INF] Request starting HTTP/1.1 OPTIONS http://localhost:5283/api/v1/auth/me - null null
2026-04-23 08:16:55.228 +07:00 [INF] CORS policy execution successful.
2026-04-23 08:16:55.229 +07:00 [INF] HTTP OPTIONS /api/v1/auth/me => 204 in 1.1507 ms CorrelationId=480e61f7d8b040bebf013bf68f0d897a UserId=anonymous
2026-04-23 08:16:55.232 +07:00 [INF] HTTP OPTIONS /api/v1/auth/me responded 204 in 4.0960 ms
2026-04-23 08:16:55.235 +07:00 [INF] Request finished HTTP/1.1 OPTIONS http://localhost:5283/api/v1/auth/me - 204 null null 9.7902ms
2026-04-23 08:16:55.238 +07:00 [INF] Request starting HTTP/1.1 GET http://localhost:5283/api/v1/auth/me - null null
2026-04-23 08:16:55.242 +07:00 [INF] CORS policy execution successful.
2026-04-23 08:16:55.251 +07:00 [INF] Executing endpoint 'ThucLuc.Api.Controllers.V1.AuthController.Me (ThucLuc.Api)'
2026-04-23 08:16:55.255 +07:00 [INF] Route matched with {action = "Me", controller = "Auth"}. Executing controller action with signature System.Threading.Tasks.Task`1[Microsoft.AspNetCore.Mvc.ActionResult`1[ThucLuc.Api.Common.Models.ApiResponse`1[ThucLuc.Application.Features.Auth.UserProfileDto]]] Me(System.Threading.CancellationToken) on controller ThucLuc.Api.Controllers.V1.AuthController (ThucLuc.Api).
2026-04-23 08:16:55.280 +07:00 [INF] Executing OkObjectResult, writing value of type 'ThucLuc.Api.Common.Models.ApiResponse`1[[ThucLuc.Application.Features.Auth.UserProfileDto, ThucLuc.Application, Version=1.0.0.0, Culture=neutral, PublicKeyToken=null]]'.
2026-04-23 08:16:55.283 +07:00 [INF] Executed action ThucLuc.Api.Controllers.V1.AuthController.Me (ThucLuc.Api) in 24.9917ms
2026-04-23 08:16:55.286 +07:00 [INF] Executed endpoint 'ThucLuc.Api.Controllers.V1.AuthController.Me (ThucLuc.Api)'
2026-04-23 08:16:55.288 +07:00 [INF] HTTP GET /api/v1/auth/me => 200 in 45.7793 ms CorrelationId=6b2479c2fe50440895d2b577a7ac5dc8 UserId=5001
2026-04-23 08:16:55.291 +07:00 [INF] HTTP GET /api/v1/auth/me responded 200 in 48.8592 ms
2026-04-23 08:16:55.293 +07:00 [INF] Request finished HTTP/1.1 GET http://localhost:5283/api/v1/auth/me - 200 null application/json; charset=utf-8 55.187ms
2026-04-23 08:16:55.310 +07:00 [INF] Request starting HTTP/1.1 OPTIONS http://localhost:5283/api/v1/ky-bao-cao/current - null null
2026-04-23 08:16:55.310 +07:00 [INF] Request starting HTTP/1.1 GET http://localhost:5283/api/v1/don-vi/2001 - null null
2026-04-23 08:16:55.312 +07:00 [INF] Request starting HTTP/1.1 OPTIONS http://localhost:5283/api/v1/ky-bao-cao - null null
2026-04-23 08:16:55.313 +07:00 [INF] CORS policy execution successful.
2026-04-23 08:16:55.317 +07:00 [INF] CORS policy execution successful.
2026-04-23 08:16:55.320 +07:00 [INF] CORS policy execution successful.
2026-04-23 08:16:55.320 +07:00 [INF] HTTP OPTIONS /api/v1/ky-bao-cao/current => 204 in 6.5989 ms CorrelationId=694257febba04bdf9ae5f451680698af UserId=anonymous
2026-04-23 08:16:55.321 +07:00 [INF] Executing endpoint 'ThucLuc.Api.Controllers.V1.DonViController.GetById (ThucLuc.Api)'
2026-04-23 08:16:55.321 +07:00 [INF] HTTP OPTIONS /api/v1/ky-bao-cao => 204 in 1.8929 ms CorrelationId=addf1148988d4394b9d250053976968c UserId=anonymous
2026-04-23 08:16:55.324 +07:00 [INF] HTTP OPTIONS /api/v1/ky-bao-cao/current responded 204 in 10.1449 ms
2026-04-23 08:16:55.329 +07:00 [INF] HTTP OPTIONS /api/v1/ky-bao-cao responded 204 in 10.0764 ms
2026-04-23 08:16:55.332 +07:00 [INF] Request finished HTTP/1.1 OPTIONS http://localhost:5283/api/v1/ky-bao-cao/current - 204 null null 21.2945ms
2026-04-23 08:16:55.333 +07:00 [INF] Route matched with {action = "GetById", controller = "DonVi"}. Executing controller action with signature System.Threading.Tasks.Task`1[Microsoft.AspNetCore.Mvc.ActionResult`1[ThucLuc.Api.Common.Models.ApiResponse`1[ThucLuc.Application.Features.DonVi.DonViDto]]] GetById(Int64, System.Threading.CancellationToken) on controller ThucLuc.Api.Controllers.V1.DonViController (ThucLuc.Api).
2026-04-23 08:16:55.333 +07:00 [INF] Request finished HTTP/1.1 OPTIONS http://localhost:5283/api/v1/ky-bao-cao - 204 null null 21.3941ms
2026-04-23 08:16:55.337 +07:00 [INF] Request starting HTTP/1.1 GET http://localhost:5283/api/v1/ky-bao-cao/current - null null
2026-04-23 08:16:55.344 +07:00 [INF] Request starting HTTP/1.1 GET http://localhost:5283/api/v1/ky-bao-cao - null null
2026-04-23 08:16:55.347 +07:00 [INF] CORS policy execution successful.
2026-04-23 08:16:55.350 +07:00 [INF] CORS policy execution successful.
2026-04-23 08:16:55.351 +07:00 [INF] Executing endpoint 'ThucLuc.Api.Controllers.V1.KyBaoCaoController.GetCurrent (ThucLuc.Api)'
2026-04-23 08:16:55.352 +07:00 [INF] Executing endpoint 'ThucLuc.Api.Controllers.V1.KyBaoCaoController.GetAll (ThucLuc.Api)'
2026-04-23 08:16:55.357 +07:00 [INF] Route matched with {action = "GetCurrent", controller = "KyBaoCao"}. Executing controller action with signature System.Threading.Tasks.Task`1[Microsoft.AspNetCore.Mvc.ActionResult`1[ThucLuc.Api.Common.Models.ApiResponse`1[ThucLuc.Application.Features.KyBaoCao.KyBaoCaoDto]]] GetCurrent(System.Threading.CancellationToken) on controller ThucLuc.Api.Controllers.V1.KyBaoCaoController (ThucLuc.Api).
2026-04-23 08:16:55.357 +07:00 [INF] Route matched with {action = "GetAll", controller = "KyBaoCao"}. Executing controller action with signature System.Threading.Tasks.Task`1[Microsoft.AspNetCore.Mvc.ActionResult`1[ThucLuc.Api.Common.Models.ApiResponse`1[System.Collections.Generic.IReadOnlyCollection`1[ThucLuc.Application.Features.KyBaoCao.KyBaoCaoDto]]]] GetAll(System.Threading.CancellationToken) on controller ThucLuc.Api.Controllers.V1.KyBaoCaoController (ThucLuc.Api).
2026-04-23 08:16:55.389 +07:00 [INF] Executing OkObjectResult, writing value of type 'ThucLuc.Api.Common.Models.ApiResponse`1[[System.Collections.Generic.IReadOnlyCollection`1[[ThucLuc.Application.Features.KyBaoCao.KyBaoCaoDto, ThucLuc.Application, Version=1.0.0.0, Culture=neutral, PublicKeyToken=null]], System.Private.CoreLib, Version=8.0.0.0, Culture=neutral, PublicKeyToken=7cec85d7bea7798e]]'.
2026-04-23 08:16:55.414 +07:00 [INF] Executed action ThucLuc.Api.Controllers.V1.KyBaoCaoController.GetAll (ThucLuc.Api) in 52.3003ms
2026-04-23 08:16:55.414 +07:00 [INF] Executing OkObjectResult, writing value of type 'ThucLuc.Api.Common.Models.ApiResponse`1[[ThucLuc.Application.Features.DonVi.DonViDto, ThucLuc.Application, Version=1.0.0.0, Culture=neutral, PublicKeyToken=null]]'.
2026-04-23 08:16:55.416 +07:00 [INF] Executed endpoint 'ThucLuc.Api.Controllers.V1.KyBaoCaoController.GetAll (ThucLuc.Api)'
2026-04-23 08:16:55.419 +07:00 [INF] HTTP GET /api/v1/ky-bao-cao => 200 in 69.2629 ms CorrelationId=c70d6b5560e2422ba96641141bf1b799 UserId=5001
2026-04-23 08:16:55.421 +07:00 [INF] Executed action ThucLuc.Api.Controllers.V1.DonViController.GetById (ThucLuc.Api) in 82.2519ms
2026-04-23 08:16:55.422 +07:00 [INF] HTTP GET /api/v1/ky-bao-cao responded 200 in 72.8753 ms
2026-04-23 08:16:55.424 +07:00 [INF] Executed endpoint 'ThucLuc.Api.Controllers.V1.DonViController.GetById (ThucLuc.Api)'
2026-04-23 08:16:55.427 +07:00 [INF] Request finished HTTP/1.1 GET http://localhost:5283/api/v1/ky-bao-cao - 200 null application/json; charset=utf-8 83.1516ms
2026-04-23 08:16:55.429 +07:00 [INF] HTTP GET /api/v1/don-vi/2001 => 200 in 111.7337 ms CorrelationId=5a9038f8b039458ca26e8ac4f0aad8d9 UserId=5001
2026-04-23 08:16:55.435 +07:00 [INF] HTTP GET /api/v1/don-vi/2001 responded 200 in 117.9002 ms
2026-04-23 08:16:55.438 +07:00 [INF] Request finished HTTP/1.1 GET http://localhost:5283/api/v1/don-vi/2001 - 200 null application/json; charset=utf-8 127.4034ms
2026-04-23 08:16:55.467 +07:00 [INF] Executing OkObjectResult, writing value of type 'ThucLuc.Api.Common.Models.ApiResponse`1[[ThucLuc.Application.Features.KyBaoCao.KyBaoCaoDto, ThucLuc.Application, Version=1.0.0.0, Culture=neutral, PublicKeyToken=null]]'.
2026-04-23 08:16:55.470 +07:00 [INF] Executed action ThucLuc.Api.Controllers.V1.KyBaoCaoController.GetCurrent (ThucLuc.Api) in 110.21ms
2026-04-23 08:16:55.472 +07:00 [INF] Executed endpoint 'ThucLuc.Api.Controllers.V1.KyBaoCaoController.GetCurrent (ThucLuc.Api)'
2026-04-23 08:16:55.473 +07:00 [INF] HTTP GET /api/v1/ky-bao-cao/current => 200 in 126.1064 ms CorrelationId=fc889cb60e3a4aef9b41c988414062ed UserId=5001
2026-04-23 08:16:55.476 +07:00 [INF] HTTP GET /api/v1/ky-bao-cao/current responded 200 in 128.8934 ms
2026-04-23 08:16:55.478 +07:00 [INF] Request finished HTTP/1.1 GET http://localhost:5283/api/v1/ky-bao-cao/current - 200 null application/json; charset=utf-8 141.4898ms
2026-04-23 08:16:55.482 +07:00 [INF] Request starting HTTP/1.1 OPTIONS http://localhost:5283/api/v1/ky-bao-cao/6001/tien-do - null null
2026-04-23 08:16:55.485 +07:00 [INF] CORS policy execution successful.
2026-04-23 08:16:55.486 +07:00 [INF] HTTP OPTIONS /api/v1/ky-bao-cao/6001/tien-do => 204 in 1.2791 ms CorrelationId=cd62cd9f193746e09e5f7708e302ef33 UserId=anonymous
2026-04-23 08:16:55.489 +07:00 [INF] HTTP OPTIONS /api/v1/ky-bao-cao/6001/tien-do responded 204 in 3.7284 ms
2026-04-23 08:16:55.491 +07:00 [INF] Request finished HTTP/1.1 OPTIONS http://localhost:5283/api/v1/ky-bao-cao/6001/tien-do - 204 null null 8.7552ms
2026-04-23 08:16:55.495 +07:00 [INF] Request starting HTTP/1.1 GET http://localhost:5283/api/v1/ky-bao-cao/6001/tien-do - null null
2026-04-23 08:16:55.499 +07:00 [INF] CORS policy execution successful.
2026-04-23 08:16:55.501 +07:00 [INF] Executing endpoint 'ThucLuc.Api.Controllers.V1.KyBaoCaoController.GetTienDo (ThucLuc.Api)'
2026-04-23 08:16:55.504 +07:00 [INF] Route matched with {action = "GetTienDo", controller = "KyBaoCao"}. Executing controller action with signature System.Threading.Tasks.Task`1[Microsoft.AspNetCore.Mvc.ActionResult`1[ThucLuc.Api.Common.Models.ApiResponse`1[ThucLuc.Application.Features.KyBaoCao.KyBaoCaoTienDoDto]]] GetTienDo(Int64, System.Threading.CancellationToken) on controller ThucLuc.Api.Controllers.V1.KyBaoCaoController (ThucLuc.Api).
2026-04-23 08:16:55.562 +07:00 [INF] Executing OkObjectResult, writing value of type 'ThucLuc.Api.Common.Models.ApiResponse`1[[ThucLuc.Application.Features.KyBaoCao.KyBaoCaoTienDoDto, ThucLuc.Application, Version=1.0.0.0, Culture=neutral, PublicKeyToken=null]]'.
2026-04-23 08:16:55.577 +07:00 [INF] Executed action ThucLuc.Api.Controllers.V1.KyBaoCaoController.GetTienDo (ThucLuc.Api) in 70.3565ms
2026-04-23 08:16:55.579 +07:00 [INF] Executed endpoint 'ThucLuc.Api.Controllers.V1.KyBaoCaoController.GetTienDo (ThucLuc.Api)'
2026-04-23 08:16:55.580 +07:00 [INF] HTTP GET /api/v1/ky-bao-cao/6001/tien-do => 200 in 81.0953 ms CorrelationId=cf495cdeadb348c0a1ae8e8de53a3a40 UserId=5001
2026-04-23 08:16:55.582 +07:00 [INF] HTTP GET /api/v1/ky-bao-cao/6001/tien-do responded 200 in 83.4327 ms
2026-04-23 08:16:55.585 +07:00 [INF] Request finished HTTP/1.1 GET http://localhost:5283/api/v1/ky-bao-cao/6001/tien-do - 200 null application/json; charset=utf-8 89.8814ms
2026-04-23 08:17:02.983 +07:00 [INF] Request starting HTTP/1.1 OPTIONS http://localhost:5283/api/v1/codes/by-code/NOI_DUNG_DAO_TAO_HV - null null
2026-04-23 08:17:02.988 +07:00 [INF] CORS policy execution successful.
2026-04-23 08:17:02.989 +07:00 [INF] HTTP OPTIONS /api/v1/codes/by-code/NOI_DUNG_DAO_TAO_HV => 204 in 1.2444 ms CorrelationId=d1e91dbce1d44fdc9aa2624262f2e71c UserId=anonymous
2026-04-23 08:17:02.992 +07:00 [INF] HTTP OPTIONS /api/v1/codes/by-code/NOI_DUNG_DAO_TAO_HV responded 204 in 4.2124 ms
2026-04-23 08:17:02.995 +07:00 [INF] Request finished HTTP/1.1 OPTIONS http://localhost:5283/api/v1/codes/by-code/NOI_DUNG_DAO_TAO_HV - 204 null null 12.1917ms
2026-04-23 08:17:03.000 +07:00 [INF] Request starting HTTP/1.1 GET http://localhost:5283/api/v1/codes/by-code/NOI_DUNG_DAO_TAO_HV - null null
2026-04-23 08:17:03.003 +07:00 [INF] CORS policy execution successful.
2026-04-23 08:17:03.005 +07:00 [INF] Executing endpoint 'ThucLuc.Api.Controllers.V1.CodesController.GetByCode (ThucLuc.Api)'
2026-04-23 08:17:03.012 +07:00 [INF] Route matched with {action = "GetByCode", controller = "Codes"}. Executing controller action with signature System.Threading.Tasks.Task`1[Microsoft.AspNetCore.Mvc.ActionResult`1[ThucLuc.Api.Common.Models.ApiResponse`1[ThucLuc.Application.Features.Codes.CodeDto]]] GetByCode(System.String, System.Threading.CancellationToken) on controller ThucLuc.Api.Controllers.V1.CodesController (ThucLuc.Api).
2026-04-23 08:17:03.081 +07:00 [INF] Executing OkObjectResult, writing value of type 'ThucLuc.Api.Common.Models.ApiResponse`1[[ThucLuc.Application.Features.Codes.CodeDto, ThucLuc.Application, Version=1.0.0.0, Culture=neutral, PublicKeyToken=null]]'.
2026-04-23 08:17:03.088 +07:00 [INF] Executed action ThucLuc.Api.Controllers.V1.CodesController.GetByCode (ThucLuc.Api) in 73.0055ms
2026-04-23 08:17:03.090 +07:00 [INF] Executed endpoint 'ThucLuc.Api.Controllers.V1.CodesController.GetByCode (ThucLuc.Api)'
2026-04-23 08:17:03.092 +07:00 [INF] HTTP GET /api/v1/codes/by-code/NOI_DUNG_DAO_TAO_HV => 200 in 88.3748 ms CorrelationId=8025c1bcab48495aa0ba5539ce33f918 UserId=5001
2026-04-23 08:17:03.095 +07:00 [INF] HTTP GET /api/v1/codes/by-code/NOI_DUNG_DAO_TAO_HV responded 200 in 92.0236 ms
2026-04-23 08:17:03.098 +07:00 [INF] Request finished HTTP/1.1 GET http://localhost:5283/api/v1/codes/by-code/NOI_DUNG_DAO_TAO_HV - 200 null application/json; charset=utf-8 97.9827ms
2026-04-23 08:17:03.101 +07:00 [INF] Request starting HTTP/1.1 OPTIONS http://localhost:5283/api/v1/ky-bao-cao - null null
2026-04-23 08:17:03.102 +07:00 [INF] Request starting HTTP/1.1 OPTIONS http://localhost:5283/api/v1/ky-bao-cao/current - null null
2026-04-23 08:17:03.105 +07:00 [INF] CORS policy execution successful.
2026-04-23 08:17:03.108 +07:00 [INF] CORS policy execution successful.
2026-04-23 08:17:03.109 +07:00 [INF] HTTP OPTIONS /api/v1/ky-bao-cao => 204 in 4.1272 ms CorrelationId=00abbc013720410b89db95fc4ef2f714 UserId=anonymous
2026-04-23 08:17:03.110 +07:00 [INF] HTTP OPTIONS /api/v1/ky-bao-cao/current => 204 in 2.0565 ms CorrelationId=46ea76a74a1e4c118710d5a6c974a2c6 UserId=anonymous
2026-04-23 08:17:03.113 +07:00 [INF] HTTP OPTIONS /api/v1/ky-bao-cao responded 204 in 7.9566 ms
2026-04-23 08:17:03.115 +07:00 [INF] HTTP OPTIONS /api/v1/ky-bao-cao/current responded 204 in 7.1666 ms
2026-04-23 08:17:03.118 +07:00 [INF] Request finished HTTP/1.1 OPTIONS http://localhost:5283/api/v1/ky-bao-cao - 204 null null 16.7505ms
2026-04-23 08:17:03.120 +07:00 [INF] Request finished HTTP/1.1 OPTIONS http://localhost:5283/api/v1/ky-bao-cao/current - 204 null null 17.7642ms
2026-04-23 08:17:03.123 +07:00 [INF] Request starting HTTP/1.1 GET http://localhost:5283/api/v1/ky-bao-cao - null null
2026-04-23 08:17:03.128 +07:00 [INF] Request starting HTTP/1.1 GET http://localhost:5283/api/v1/ky-bao-cao/current - null null
2026-04-23 08:17:03.131 +07:00 [INF] CORS policy execution successful.
2026-04-23 08:17:03.134 +07:00 [INF] CORS policy execution successful.
2026-04-23 08:17:03.135 +07:00 [INF] Executing endpoint 'ThucLuc.Api.Controllers.V1.KyBaoCaoController.GetAll (ThucLuc.Api)'
2026-04-23 08:17:03.136 +07:00 [INF] Executing endpoint 'ThucLuc.Api.Controllers.V1.KyBaoCaoController.GetCurrent (ThucLuc.Api)'
2026-04-23 08:17:03.138 +07:00 [INF] Route matched with {action = "GetAll", controller = "KyBaoCao"}. Executing controller action with signature System.Threading.Tasks.Task`1[Microsoft.AspNetCore.Mvc.ActionResult`1[ThucLuc.Api.Common.Models.ApiResponse`1[System.Collections.Generic.IReadOnlyCollection`1[ThucLuc.Application.Features.KyBaoCao.KyBaoCaoDto]]]] GetAll(System.Threading.CancellationToken) on controller ThucLuc.Api.Controllers.V1.KyBaoCaoController (ThucLuc.Api).
2026-04-23 08:17:03.139 +07:00 [INF] Route matched with {action = "GetCurrent", controller = "KyBaoCao"}. Executing controller action with signature System.Threading.Tasks.Task`1[Microsoft.AspNetCore.Mvc.ActionResult`1[ThucLuc.Api.Common.Models.ApiResponse`1[ThucLuc.Application.Features.KyBaoCao.KyBaoCaoDto]]] GetCurrent(System.Threading.CancellationToken) on controller ThucLuc.Api.Controllers.V1.KyBaoCaoController (ThucLuc.Api).
2026-04-23 08:17:03.146 +07:00 [INF] Executing OkObjectResult, writing value of type 'ThucLuc.Api.Common.Models.ApiResponse`1[[System.Collections.Generic.IReadOnlyCollection`1[[ThucLuc.Application.Features.KyBaoCao.KyBaoCaoDto, ThucLuc.Application, Version=1.0.0.0, Culture=neutral, PublicKeyToken=null]], System.Private.CoreLib, Version=8.0.0.0, Culture=neutral, PublicKeyToken=7cec85d7bea7798e]]'.
2026-04-23 08:17:03.147 +07:00 [INF] Executing OkObjectResult, writing value of type 'ThucLuc.Api.Common.Models.ApiResponse`1[[ThucLuc.Application.Features.KyBaoCao.KyBaoCaoDto, ThucLuc.Application, Version=1.0.0.0, Culture=neutral, PublicKeyToken=null]]'.
2026-04-23 08:17:03.148 +07:00 [INF] Executed action ThucLuc.Api.Controllers.V1.KyBaoCaoController.GetAll (ThucLuc.Api) in 7.1605ms
2026-04-23 08:17:03.150 +07:00 [INF] Executed action ThucLuc.Api.Controllers.V1.KyBaoCaoController.GetCurrent (ThucLuc.Api) in 6.4428ms
2026-04-23 08:17:03.152 +07:00 [INF] Executed endpoint 'ThucLuc.Api.Controllers.V1.KyBaoCaoController.GetAll (ThucLuc.Api)'
2026-04-23 08:17:03.153 +07:00 [INF] Executed endpoint 'ThucLuc.Api.Controllers.V1.KyBaoCaoController.GetCurrent (ThucLuc.Api)'
2026-04-23 08:17:03.155 +07:00 [INF] HTTP GET /api/v1/ky-bao-cao => 200 in 24.2112 ms CorrelationId=734220afcb9a4c2f94ee8f97d61f227d UserId=5001
2026-04-23 08:17:03.156 +07:00 [INF] HTTP GET /api/v1/ky-bao-cao/current => 200 in 22.3454 ms CorrelationId=194fc82a24c94a63b823aca5300bf919 UserId=5001
2026-04-23 08:17:03.159 +07:00 [INF] HTTP GET /api/v1/ky-bao-cao responded 200 in 28.5261 ms
2026-04-23 08:17:03.162 +07:00 [INF] HTTP GET /api/v1/ky-bao-cao/current responded 200 in 28.3552 ms
2026-04-23 08:17:03.165 +07:00 [INF] Request finished HTTP/1.1 GET http://localhost:5283/api/v1/ky-bao-cao - 200 null application/json; charset=utf-8 41.6621ms
2026-04-23 08:17:03.167 +07:00 [INF] Request finished HTTP/1.1 GET http://localhost:5283/api/v1/ky-bao-cao/current - 200 null application/json; charset=utf-8 39.7486ms
2026-04-23 08:17:03.177 +07:00 [INF] Request starting HTTP/1.1 OPTIONS http://localhost:5283/api/v1/dao-tao-hoc-vien - null null
2026-04-23 08:17:03.180 +07:00 [INF] CORS policy execution successful.
2026-04-23 08:17:03.182 +07:00 [INF] HTTP OPTIONS /api/v1/dao-tao-hoc-vien => 204 in 1.5281 ms CorrelationId=1e0cd27d27f14c77955762d9f8ca71b6 UserId=anonymous
2026-04-23 08:17:03.186 +07:00 [INF] HTTP OPTIONS /api/v1/dao-tao-hoc-vien responded 204 in 5.2091 ms
2026-04-23 08:17:03.188 +07:00 [INF] Request finished HTTP/1.1 OPTIONS http://localhost:5283/api/v1/dao-tao-hoc-vien - 204 null null 11.2703ms
2026-04-23 08:17:03.193 +07:00 [INF] Request starting HTTP/1.1 GET http://localhost:5283/api/v1/dao-tao-hoc-vien - null null
2026-04-23 08:17:03.197 +07:00 [INF] CORS policy execution successful.
2026-04-23 08:17:03.198 +07:00 [INF] Executing endpoint 'ThucLuc.Api.Controllers.V1.DaoTaoHocVienController.GetAll (ThucLuc.Api)'
2026-04-23 08:17:03.210 +07:00 [INF] Route matched with {action = "GetAll", controller = "DaoTaoHocVien"}. Executing controller action with signature System.Threading.Tasks.Task`1[Microsoft.AspNetCore.Mvc.ActionResult`1[ThucLuc.Api.Common.Models.ApiResponse`1[System.Collections.Generic.IReadOnlyCollection`1[ThucLuc.Application.Features.DaoTaoHocVien.DaoTaoHocVienDto]]]] GetAll(ThucLuc.Application.Features.DaoTaoHocVien.DaoTaoHocVienQuery, System.Threading.CancellationToken) on controller ThucLuc.Api.Controllers.V1.DaoTaoHocVienController (ThucLuc.Api).
2026-04-23 08:17:03.263 +07:00 [ERR] 2026-04-23 08:17:03.263464 ThreadID:9   (ERROR)   OracleRelationalCommand.ExecuteReaderAsync() :  Oracle.ManagedDataAccess.Client.OracleException (0x80004005): ORA-00904: "b"."IS_LATEST": invalid identifier
https://docs.oracle.com/error-help/db/ora-00904/
   at Oracle.ManagedDataAccess.Client.OracleCommand.<>c.<ExecuteDbDataReaderAsync>b__225_0(Task`1 result)
   at System.Threading.Tasks.ContinuationResultTaskFromResultTask`2.InnerInvoke()
   at System.Threading.ExecutionContext.RunInternal(ExecutionContext executionContext, ContextCallback callback, Object state)
--- End of stack trace from previous location ---
   at System.Threading.ExecutionContext.RunInternal(ExecutionContext executionContext, ContextCallback callback, Object state)
   at System.Threading.Tasks.Task.ExecuteWithThreadLocal(Task& currentTaskSlot, Thread threadPoolThread)
--- End of stack trace from previous location ---
   at Oracle.EntityFrameworkCore.Storage.Internal.OracleRelationalCommandBuilderFactory.OracleRelationalCommandBuilder.OracleRelationalCommand.ExecuteReaderAsync(RelationalCommandParameterObject parameterObject, CancellationToken cancellationToken)
2026-04-23 08:17:03.268 +07:00 [ERR] Failed executing DbCommand (34ms) [Parameters=[], CommandType='"Text"', CommandTimeout='0']
SELECT "b"."ID", "b"."CREATED_AT", "b"."CREATED_BY", "b"."DELETED_AT", "b"."DON_VI_ID", "b"."GHI_CHU", "b"."IS_LATEST", "b"."KY_BAO_CAO_CODE", "b"."NAM", "b"."NOI_DUNG_DAO_TAO", "b"."SNAPSHOT_BATCH_ID", "b"."SNAPSHOT_CREATED_AT", "b"."SNAPSHOT_VERSION", "b"."SO_CAO_DANG", "b"."SO_DAI_HOC", "b"."SO_THAC_SI", "b"."SO_TIEN_SI", "b"."SO_TRUNG_CAP", "b"."UPDATED_AT", "b"."UPDATED_BY"
FROM "CAND_QLCNTT"."BIZ_DAO_TAO_HOC_VIEN" "b"
WHERE (("b"."DELETED_AT" IS NULL) AND ("b"."IS_LATEST" = 1))
ORDER BY "b"."UPDATED_AT" DESC, "b"."CREATED_AT" DESC, "b"."ID" DESC
2026-04-23 08:17:03.274 +07:00 [ERR] 2026-04-23 08:17:03.274774 ThreadID:9   (ERROR)   OracleExecutionStrategy.ExecuteAsync() :  Oracle.ManagedDataAccess.Client.OracleException (0x80004005): ORA-00904: "b"."IS_LATEST": invalid identifier
https://docs.oracle.com/error-help/db/ora-00904/
   at Oracle.ManagedDataAccess.Client.OracleCommand.<>c.<ExecuteDbDataReaderAsync>b__225_0(Task`1 result)
   at System.Threading.Tasks.ContinuationResultTaskFromResultTask`2.InnerInvoke()
   at System.Threading.ExecutionContext.RunInternal(ExecutionContext executionContext, ContextCallback callback, Object state)
--- End of stack trace from previous location ---
   at System.Threading.ExecutionContext.RunInternal(ExecutionContext executionContext, ContextCallback callback, Object state)
   at System.Threading.Tasks.Task.ExecuteWithThreadLocal(Task& currentTaskSlot, Thread threadPoolThread)
--- End of stack trace from previous location ---
   at Oracle.EntityFrameworkCore.Storage.Internal.OracleRelationalCommandBuilderFactory.OracleRelationalCommandBuilder.OracleRelationalCommand.ExecuteReaderAsync(RelationalCommandParameterObject parameterObject, CancellationToken cancellationToken)
   at Oracle.EntityFrameworkCore.Storage.Internal.OracleRelationalCommandBuilderFactory.OracleRelationalCommandBuilder.OracleRelationalCommand.ExecuteReaderAsync(RelationalCommandParameterObject parameterObject, CancellationToken cancellationToken)
   at Oracle.EntityFrameworkCore.Storage.Internal.OracleRelationalCommandBuilderFactory.OracleRelationalCommandBuilder.OracleRelationalCommand.ExecuteReaderAsync(RelationalCommandParameterObject parameterObject, CancellationToken cancellationToken)
   at Microsoft.EntityFrameworkCore.Query.Internal.SingleQueryingEnumerable`1.AsyncEnumerator.InitializeReaderAsync(AsyncEnumerator enumerator, CancellationToken cancellationToken)
   at Oracle.EntityFrameworkCore.Storage.Internal.OracleExecutionStrategy.ExecuteAsync[TState,TResult](TState state, Func`4 operation, Func`4 verifySucceeded, CancellationToken cancellationToken)
2026-04-23 08:17:03.280 +07:00 [ERR] An exception occurred while iterating over the results of a query for context type 'ThucLuc.Infrastructure.Persistence.AppDbContext'.
Oracle.ManagedDataAccess.Client.OracleException (0x80004005): ORA-00904: "b"."IS_LATEST": invalid identifier
https://docs.oracle.com/error-help/db/ora-00904/
   at Oracle.ManagedDataAccess.Client.OracleCommand.<>c.<ExecuteDbDataReaderAsync>b__225_0(Task`1 result)
   at System.Threading.Tasks.ContinuationResultTaskFromResultTask`2.InnerInvoke()
   at System.Threading.ExecutionContext.RunInternal(ExecutionContext executionContext, ContextCallback callback, Object state)
--- End of stack trace from previous location ---
   at System.Threading.ExecutionContext.RunInternal(ExecutionContext executionContext, ContextCallback callback, Object state)
   at System.Threading.Tasks.Task.ExecuteWithThreadLocal(Task& currentTaskSlot, Thread threadPoolThread)
--- End of stack trace from previous location ---
   at Oracle.EntityFrameworkCore.Storage.Internal.OracleRelationalCommandBuilderFactory.OracleRelationalCommandBuilder.OracleRelationalCommand.ExecuteReaderAsync(RelationalCommandParameterObject parameterObject, CancellationToken cancellationToken)
   at Oracle.EntityFrameworkCore.Storage.Internal.OracleRelationalCommandBuilderFactory.OracleRelationalCommandBuilder.OracleRelationalCommand.ExecuteReaderAsync(RelationalCommandParameterObject parameterObject, CancellationToken cancellationToken)
   at Oracle.EntityFrameworkCore.Storage.Internal.OracleRelationalCommandBuilderFactory.OracleRelationalCommandBuilder.OracleRelationalCommand.ExecuteReaderAsync(RelationalCommandParameterObject parameterObject, CancellationToken cancellationToken)
   at Microsoft.EntityFrameworkCore.Query.Internal.SingleQueryingEnumerable`1.AsyncEnumerator.InitializeReaderAsync(AsyncEnumerator enumerator, CancellationToken cancellationToken)
   at Oracle.EntityFrameworkCore.Storage.Internal.OracleExecutionStrategy.ExecuteAsync[TState,TResult](TState state, Func`4 operation, Func`4 verifySucceeded, CancellationToken cancellationToken)
   at Microsoft.EntityFrameworkCore.Query.Internal.SingleQueryingEnumerable`1.AsyncEnumerator.MoveNextAsync()
Oracle.ManagedDataAccess.Client.OracleException (0x80004005): ORA-00904: "b"."IS_LATEST": invalid identifier
https://docs.oracle.com/error-help/db/ora-00904/
   at Oracle.ManagedDataAccess.Client.OracleCommand.<>c.<ExecuteDbDataReaderAsync>b__225_0(Task`1 result)
   at System.Threading.Tasks.ContinuationResultTaskFromResultTask`2.InnerInvoke()
   at System.Threading.ExecutionContext.RunInternal(ExecutionContext executionContext, ContextCallback callback, Object state)
--- End of stack trace from previous location ---
   at System.Threading.ExecutionContext.RunInternal(ExecutionContext executionContext, ContextCallback callback, Object state)
   at System.Threading.Tasks.Task.ExecuteWithThreadLocal(Task& currentTaskSlot, Thread threadPoolThread)
--- End of stack trace from previous location ---
   at Oracle.EntityFrameworkCore.Storage.Internal.OracleRelationalCommandBuilderFactory.OracleRelationalCommandBuilder.OracleRelationalCommand.ExecuteReaderAsync(RelationalCommandParameterObject parameterObject, CancellationToken cancellationToken)
   at Oracle.EntityFrameworkCore.Storage.Internal.OracleRelationalCommandBuilderFactory.OracleRelationalCommandBuilder.OracleRelationalCommand.ExecuteReaderAsync(RelationalCommandParameterObject parameterObject, CancellationToken cancellationToken)
   at Oracle.EntityFrameworkCore.Storage.Internal.OracleRelationalCommandBuilderFactory.OracleRelationalCommandBuilder.OracleRelationalCommand.ExecuteReaderAsync(RelationalCommandParameterObject parameterObject, CancellationToken cancellationToken)
   at Microsoft.EntityFrameworkCore.Query.Internal.SingleQueryingEnumerable`1.AsyncEnumerator.InitializeReaderAsync(AsyncEnumerator enumerator, CancellationToken cancellationToken)
   at Oracle.EntityFrameworkCore.Storage.Internal.OracleExecutionStrategy.ExecuteAsync[TState,TResult](TState state, Func`4 operation, Func`4 verifySucceeded, CancellationToken cancellationToken)
   at Microsoft.EntityFrameworkCore.Query.Internal.SingleQueryingEnumerable`1.AsyncEnumerator.MoveNextAsync()
2026-04-23 08:17:03.289 +07:00 [INF] Executed action ThucLuc.Api.Controllers.V1.DaoTaoHocVienController.GetAll (ThucLuc.Api) in 76.4936ms
2026-04-23 08:17:03.291 +07:00 [INF] Executed endpoint 'ThucLuc.Api.Controllers.V1.DaoTaoHocVienController.GetAll (ThucLuc.Api)'
2026-04-23 08:17:03.294 +07:00 [ERR] Unhandled exception. CorrelationId=a8ec7193b48b4fe2a057cb2f9d57942b
Oracle.ManagedDataAccess.Client.OracleException (0x80004005): ORA-00904: "b"."IS_LATEST": invalid identifier
https://docs.oracle.com/error-help/db/ora-00904/
   at Oracle.ManagedDataAccess.Client.OracleCommand.<>c.<ExecuteDbDataReaderAsync>b__225_0(Task`1 result)
   at System.Threading.Tasks.ContinuationResultTaskFromResultTask`2.InnerInvoke()
   at System.Threading.ExecutionContext.RunInternal(ExecutionContext executionContext, ContextCallback callback, Object state)
--- End of stack trace from previous location ---
   at System.Threading.ExecutionContext.RunInternal(ExecutionContext executionContext, ContextCallback callback, Object state)
   at System.Threading.Tasks.Task.ExecuteWithThreadLocal(Task& currentTaskSlot, Thread threadPoolThread)
--- End of stack trace from previous location ---
   at Oracle.EntityFrameworkCore.Storage.Internal.OracleRelationalCommandBuilderFactory.OracleRelationalCommandBuilder.OracleRelationalCommand.ExecuteReaderAsync(RelationalCommandParameterObject parameterObject, CancellationToken cancellationToken)
   at Oracle.EntityFrameworkCore.Storage.Internal.OracleRelationalCommandBuilderFactory.OracleRelationalCommandBuilder.OracleRelationalCommand.ExecuteReaderAsync(RelationalCommandParameterObject parameterObject, CancellationToken cancellationToken)
   at Oracle.EntityFrameworkCore.Storage.Internal.OracleRelationalCommandBuilderFactory.OracleRelationalCommandBuilder.OracleRelationalCommand.ExecuteReaderAsync(RelationalCommandParameterObject parameterObject, CancellationToken cancellationToken)
   at Microsoft.EntityFrameworkCore.Query.Internal.SingleQueryingEnumerable`1.AsyncEnumerator.InitializeReaderAsync(AsyncEnumerator enumerator, CancellationToken cancellationToken)
   at Oracle.EntityFrameworkCore.Storage.Internal.OracleExecutionStrategy.ExecuteAsync[TState,TResult](TState state, Func`4 operation, Func`4 verifySucceeded, CancellationToken cancellationToken)
   at Microsoft.EntityFrameworkCore.Query.Internal.SingleQueryingEnumerable`1.AsyncEnumerator.MoveNextAsync()
   at Microsoft.EntityFrameworkCore.EntityFrameworkQueryableExtensions.ToListAsync[TSource](IQueryable`1 source, CancellationToken cancellationToken)
   at Microsoft.EntityFrameworkCore.EntityFrameworkQueryableExtensions.ToListAsync[TSource](IQueryable`1 source, CancellationToken cancellationToken)
   at ThucLuc.Application.Features.DaoTaoHocVien.DaoTaoHocVienService.GetAllAsync(DaoTaoHocVienQuery query, CancellationToken cancellationToken) in D:\Projects\ThucLuc_V2\.sources\backend\src\Application\Features\DaoTaoHocVien\DaoTaoHocVienService.cs:line 60
   at ThucLuc.Api.Controllers.V1.DaoTaoHocVienController.GetAll(DaoTaoHocVienQuery query, CancellationToken cancellationToken) in D:\Projects\ThucLuc_V2\.sources\backend\src\api\Controllers\V1\DaoTaoHocVienController.cs:line 28
   at lambda_method1539(Closure, Object)
   at Microsoft.AspNetCore.Mvc.Infrastructure.ActionMethodExecutor.AwaitableObjectResultExecutor.Execute(ActionContext actionContext, IActionResultTypeMapper mapper, ObjectMethodExecutor executor, Object controller, Object[] arguments)
   at Microsoft.AspNetCore.Mvc.Infrastructure.ControllerActionInvoker.<InvokeActionMethodAsync>g__Awaited|12_0(ControllerActionInvoker invoker, ValueTask`1 actionResultValueTask)
   at Microsoft.AspNetCore.Mvc.Infrastructure.ControllerActionInvoker.<InvokeNextActionFilterAsync>g__Awaited|10_0(ControllerActionInvoker invoker, Task lastTask, State next, Scope scope, Object state, Boolean isCompleted)
   at Microsoft.AspNetCore.Mvc.Infrastructure.ControllerActionInvoker.Rethrow(ActionExecutedContextSealed context)
   at Microsoft.AspNetCore.Mvc.Infrastructure.ControllerActionInvoker.Next(State& next, Scope& scope, Object& state, Boolean& isCompleted)
   at Microsoft.AspNetCore.Mvc.Infrastructure.ControllerActionInvoker.<InvokeInnerFilterAsync>g__Awaited|13_0(ControllerActionInvoker invoker, Task lastTask, State next, Scope scope, Object state, Boolean isCompleted)
   at Microsoft.AspNetCore.Mvc.Infrastructure.ResourceInvoker.<InvokeFilterPipelineAsync>g__Awaited|20_0(ResourceInvoker invoker, Task lastTask, State next, Scope scope, Object state, Boolean isCompleted)
   at Microsoft.AspNetCore.Mvc.Infrastructure.ResourceInvoker.<InvokeAsync>g__Logged|17_1(ResourceInvoker invoker)
   at Microsoft.AspNetCore.Mvc.Infrastructure.ResourceInvoker.<InvokeAsync>g__Logged|17_1(ResourceInvoker invoker)
   at Microsoft.AspNetCore.Routing.EndpointMiddleware.<Invoke>g__AwaitRequestTask|7_0(Endpoint endpoint, Task requestTask, ILogger logger)
   at Microsoft.AspNetCore.Authorization.AuthorizationMiddleware.Invoke(HttpContext context)
   at Microsoft.AspNetCore.Authentication.AuthenticationMiddleware.Invoke(HttpContext context)
   at Swashbuckle.AspNetCore.SwaggerUI.SwaggerUIMiddleware.Invoke(HttpContext httpContext)
   at Swashbuckle.AspNetCore.Swagger.SwaggerMiddleware.Invoke(HttpContext httpContext, ISwaggerProvider swaggerProvider)
   at ThucLuc.Api.Common.Middleware.GlobalExceptionMiddleware.InvokeAsync(HttpContext context) in D:\Projects\ThucLuc_V2\.sources\backend\src\api\Common\Middleware\GlobalExceptionMiddleware.cs:line 23
2026-04-23 08:17:03.340 +07:00 [INF] HTTP GET /api/v1/dao-tao-hoc-vien => 500 in 143.9807 ms CorrelationId=a8ec7193b48b4fe2a057cb2f9d57942b UserId=5001
2026-04-23 08:17:03.343 +07:00 [ERR] HTTP GET /api/v1/dao-tao-hoc-vien responded 500 in 146.9370 ms
2026-04-23 08:17:03.346 +07:00 [INF] Request finished HTTP/1.1 GET http://localhost:5283/api/v1/dao-tao-hoc-vien - 500 null application/json 153.1177ms
2026-04-23 08:17:17.441 +07:00 [INF] Request starting HTTP/1.1 OPTIONS http://localhost:5283/api/v1/don-vi/2001 - null null
2026-04-23 08:17:17.452 +07:00 [INF] CORS policy execution successful.
2026-04-23 08:17:17.456 +07:00 [INF] HTTP OPTIONS /api/v1/don-vi/2001 => 204 in 3.8569 ms CorrelationId=1acd3fb840c246a5a5e8be1e0c94fdfc UserId=anonymous
2026-04-23 08:17:17.458 +07:00 [INF] Request starting HTTP/1.1 OPTIONS http://localhost:5283/api/v1/codes/by-code/NOI_DUNG_DAO_TAO_HV - null null
2026-04-23 08:17:17.522 +07:00 [INF] HTTP OPTIONS /api/v1/don-vi/2001 responded 204 in 69.8021 ms
2026-04-23 08:17:17.528 +07:00 [INF] CORS policy execution successful.
2026-04-23 08:17:17.546 +07:00 [INF] Request finished HTTP/1.1 OPTIONS http://localhost:5283/api/v1/don-vi/2001 - 204 null null 104.729ms
2026-04-23 08:17:17.547 +07:00 [INF] HTTP OPTIONS /api/v1/codes/by-code/NOI_DUNG_DAO_TAO_HV => 204 in 18.945 ms CorrelationId=2eee2907dc514d9e8b2b272d69c8cae3 UserId=anonymous
2026-04-23 08:17:17.569 +07:00 [INF] Request starting HTTP/1.1 GET http://localhost:5283/api/v1/don-vi/2001 - null null
2026-04-23 08:17:17.570 +07:00 [INF] HTTP OPTIONS /api/v1/codes/by-code/NOI_DUNG_DAO_TAO_HV responded 204 in 42.5065 ms
2026-04-23 08:17:17.597 +07:00 [INF] Request finished HTTP/1.1 OPTIONS http://localhost:5283/api/v1/codes/by-code/NOI_DUNG_DAO_TAO_HV - 204 null null 138.8862ms
2026-04-23 08:17:17.595 +07:00 [INF] CORS policy execution successful.
2026-04-23 08:17:17.602 +07:00 [INF] Request starting HTTP/1.1 GET http://localhost:5283/api/v1/codes/by-code/NOI_DUNG_DAO_TAO_HV - null null
2026-04-23 08:17:17.607 +07:00 [INF] Executing endpoint 'ThucLuc.Api.Controllers.V1.DonViController.GetById (ThucLuc.Api)'
2026-04-23 08:17:17.612 +07:00 [INF] CORS policy execution successful.
2026-04-23 08:17:17.615 +07:00 [INF] Route matched with {action = "GetById", controller = "DonVi"}. Executing controller action with signature System.Threading.Tasks.Task`1[Microsoft.AspNetCore.Mvc.ActionResult`1[ThucLuc.Api.Common.Models.ApiResponse`1[ThucLuc.Application.Features.DonVi.DonViDto]]] GetById(Int64, System.Threading.CancellationToken) on controller ThucLuc.Api.Controllers.V1.DonViController (ThucLuc.Api).
2026-04-23 08:17:17.616 +07:00 [INF] Executing endpoint 'ThucLuc.Api.Controllers.V1.CodesController.GetByCode (ThucLuc.Api)'
2026-04-23 08:17:17.622 +07:00 [INF] Route matched with {action = "GetByCode", controller = "Codes"}. Executing controller action with signature System.Threading.Tasks.Task`1[Microsoft.AspNetCore.Mvc.ActionResult`1[ThucLuc.Api.Common.Models.ApiResponse`1[ThucLuc.Application.Features.Codes.CodeDto]]] GetByCode(System.String, System.Threading.CancellationToken) on controller ThucLuc.Api.Controllers.V1.CodesController (ThucLuc.Api).
2026-04-23 08:17:17.632 +07:00 [INF] Executing OkObjectResult, writing value of type 'ThucLuc.Api.Common.Models.ApiResponse`1[[ThucLuc.Application.Features.DonVi.DonViDto, ThucLuc.Application, Version=1.0.0.0, Culture=neutral, PublicKeyToken=null]]'.
2026-04-23 08:17:17.633 +07:00 [INF] Executing OkObjectResult, writing value of type 'ThucLuc.Api.Common.Models.ApiResponse`1[[ThucLuc.Application.Features.Codes.CodeDto, ThucLuc.Application, Version=1.0.0.0, Culture=neutral, PublicKeyToken=null]]'.
2026-04-23 08:17:17.635 +07:00 [INF] Executed action ThucLuc.Api.Controllers.V1.DonViController.GetById (ThucLuc.Api) in 14.3197ms
2026-04-23 08:17:17.637 +07:00 [INF] Executed action ThucLuc.Api.Controllers.V1.CodesController.GetByCode (ThucLuc.Api) in 11.0304ms
2026-04-23 08:17:17.640 +07:00 [INF] Executed endpoint 'ThucLuc.Api.Controllers.V1.DonViController.GetById (ThucLuc.Api)'
2026-04-23 08:17:17.641 +07:00 [INF] Executed endpoint 'ThucLuc.Api.Controllers.V1.CodesController.GetByCode (ThucLuc.Api)'
2026-04-23 08:17:17.643 +07:00 [INF] HTTP GET /api/v1/don-vi/2001 => 200 in 48.3543 ms CorrelationId=daf0fada253d4a54bf22c12f122a6074 UserId=5001
2026-04-23 08:17:17.645 +07:00 [INF] HTTP GET /api/v1/codes/by-code/NOI_DUNG_DAO_TAO_HV => 200 in 32.8337 ms CorrelationId=63b8a5640b6d4644bafa37ff2ac9b7bd UserId=5001
2026-04-23 08:17:17.649 +07:00 [INF] HTTP GET /api/v1/don-vi/2001 responded 200 in 53.6843 ms
2026-04-23 08:17:17.652 +07:00 [INF] HTTP GET /api/v1/codes/by-code/NOI_DUNG_DAO_TAO_HV responded 200 in 39.7350 ms
2026-04-23 08:17:17.656 +07:00 [INF] Request finished HTTP/1.1 GET http://localhost:5283/api/v1/don-vi/2001 - 200 null application/json; charset=utf-8 87.0843ms
2026-04-23 08:17:17.658 +07:00 [INF] Request finished HTTP/1.1 GET http://localhost:5283/api/v1/codes/by-code/NOI_DUNG_DAO_TAO_HV - 200 null application/json; charset=utf-8 56.0356ms
2026-04-23 08:17:18.045 +07:00 [INF] Request starting HTTP/1.1 OPTIONS http://localhost:5283/api/v1/ky-bao-cao - null null
2026-04-23 08:17:18.045 +07:00 [INF] Request starting HTTP/1.1 OPTIONS http://localhost:5283/api/v1/ky-bao-cao/current - null null
2026-04-23 08:17:18.054 +07:00 [INF] CORS policy execution successful.
2026-04-23 08:17:18.065 +07:00 [INF] CORS policy execution successful.
2026-04-23 08:17:18.066 +07:00 [INF] HTTP OPTIONS /api/v1/ky-bao-cao => 204 in 11.2953 ms CorrelationId=7164d4ea8ee245d99f730e01c0c05cd2 UserId=anonymous
2026-04-23 08:17:18.068 +07:00 [INF] HTTP OPTIONS /api/v1/ky-bao-cao/current => 204 in 2.8365 ms CorrelationId=ff235bebd2354252aa35d4846e587ee2 UserId=anonymous
2026-04-23 08:17:18.070 +07:00 [INF] HTTP OPTIONS /api/v1/ky-bao-cao responded 204 in 16.1978 ms
2026-04-23 08:17:18.078 +07:00 [INF] HTTP OPTIONS /api/v1/ky-bao-cao/current responded 204 in 13.3826 ms
2026-04-23 08:17:18.080 +07:00 [INF] Request finished HTTP/1.1 OPTIONS http://localhost:5283/api/v1/ky-bao-cao - 204 null null 34.8329ms
2026-04-23 08:17:18.085 +07:00 [INF] Request finished HTTP/1.1 OPTIONS http://localhost:5283/api/v1/ky-bao-cao/current - 204 null null 40.0375ms
2026-04-23 08:17:18.098 +07:00 [INF] Request starting HTTP/1.1 GET http://localhost:5283/api/v1/ky-bao-cao - null null
2026-04-23 08:17:18.106 +07:00 [INF] Request starting HTTP/1.1 GET http://localhost:5283/api/v1/ky-bao-cao/current - null null
2026-04-23 08:17:18.114 +07:00 [INF] CORS policy execution successful.
2026-04-23 08:17:18.117 +07:00 [INF] CORS policy execution successful.
2026-04-23 08:17:18.119 +07:00 [INF] Executing endpoint 'ThucLuc.Api.Controllers.V1.KyBaoCaoController.GetAll (ThucLuc.Api)'
2026-04-23 08:17:18.120 +07:00 [INF] Executing endpoint 'ThucLuc.Api.Controllers.V1.KyBaoCaoController.GetCurrent (ThucLuc.Api)'
2026-04-23 08:17:18.123 +07:00 [INF] Route matched with {action = "GetAll", controller = "KyBaoCao"}. Executing controller action with signature System.Threading.Tasks.Task`1[Microsoft.AspNetCore.Mvc.ActionResult`1[ThucLuc.Api.Common.Models.ApiResponse`1[System.Collections.Generic.IReadOnlyCollection`1[ThucLuc.Application.Features.KyBaoCao.KyBaoCaoDto]]]] GetAll(System.Threading.CancellationToken) on controller ThucLuc.Api.Controllers.V1.KyBaoCaoController (ThucLuc.Api).
2026-04-23 08:17:18.124 +07:00 [INF] Route matched with {action = "GetCurrent", controller = "KyBaoCao"}. Executing controller action with signature System.Threading.Tasks.Task`1[Microsoft.AspNetCore.Mvc.ActionResult`1[ThucLuc.Api.Common.Models.ApiResponse`1[ThucLuc.Application.Features.KyBaoCao.KyBaoCaoDto]]] GetCurrent(System.Threading.CancellationToken) on controller ThucLuc.Api.Controllers.V1.KyBaoCaoController (ThucLuc.Api).
2026-04-23 08:17:18.133 +07:00 [INF] Executing OkObjectResult, writing value of type 'ThucLuc.Api.Common.Models.ApiResponse`1[[System.Collections.Generic.IReadOnlyCollection`1[[ThucLuc.Application.Features.KyBaoCao.KyBaoCaoDto, ThucLuc.Application, Version=1.0.0.0, Culture=neutral, PublicKeyToken=null]], System.Private.CoreLib, Version=8.0.0.0, Culture=neutral, PublicKeyToken=7cec85d7bea7798e]]'.
2026-04-23 08:17:18.136 +07:00 [INF] Executing OkObjectResult, writing value of type 'ThucLuc.Api.Common.Models.ApiResponse`1[[ThucLuc.Application.Features.KyBaoCao.KyBaoCaoDto, ThucLuc.Application, Version=1.0.0.0, Culture=neutral, PublicKeyToken=null]]'.
2026-04-23 08:17:18.137 +07:00 [INF] Executed action ThucLuc.Api.Controllers.V1.KyBaoCaoController.GetAll (ThucLuc.Api) in 8.7906ms
2026-04-23 08:17:18.140 +07:00 [INF] Executed action ThucLuc.Api.Controllers.V1.KyBaoCaoController.GetCurrent (ThucLuc.Api) in 9.186ms
2026-04-23 08:17:18.143 +07:00 [INF] Executed endpoint 'ThucLuc.Api.Controllers.V1.KyBaoCaoController.GetAll (ThucLuc.Api)'
2026-04-23 08:17:18.148 +07:00 [INF] Executed endpoint 'ThucLuc.Api.Controllers.V1.KyBaoCaoController.GetCurrent (ThucLuc.Api)'
2026-04-23 08:17:18.152 +07:00 [INF] HTTP GET /api/v1/ky-bao-cao => 200 in 37.6967 ms CorrelationId=714e59bc91eb4930bbb6c85496f39285 UserId=5001
2026-04-23 08:17:18.162 +07:00 [INF] HTTP GET /api/v1/ky-bao-cao/current => 200 in 45.3311 ms CorrelationId=92fa865f51f24f0c96e2ab003ebbe3a0 UserId=5001
2026-04-23 08:17:18.165 +07:00 [INF] HTTP GET /api/v1/ky-bao-cao responded 200 in 51.2427 ms
2026-04-23 08:17:18.170 +07:00 [INF] HTTP GET /api/v1/ky-bao-cao/current responded 200 in 52.9242 ms
2026-04-23 08:17:18.173 +07:00 [INF] Request finished HTTP/1.1 GET http://localhost:5283/api/v1/ky-bao-cao - 200 null application/json; charset=utf-8 74.8416ms
2026-04-23 08:17:18.179 +07:00 [INF] Request finished HTTP/1.1 GET http://localhost:5283/api/v1/ky-bao-cao/current - 200 null application/json; charset=utf-8 73.4352ms
2026-04-23 08:17:18.200 +07:00 [INF] Request starting HTTP/1.1 OPTIONS http://localhost:5283/api/v1/dao-tao-hoc-vien - null null
2026-04-23 08:17:18.223 +07:00 [INF] CORS policy execution successful.
2026-04-23 08:17:18.242 +07:00 [INF] HTTP OPTIONS /api/v1/dao-tao-hoc-vien => 204 in 19.6861 ms CorrelationId=cc0f0f9af59a42b29bdafa2219ea1a47 UserId=anonymous
2026-04-23 08:17:18.373 +07:00 [INF] HTTP OPTIONS /api/v1/dao-tao-hoc-vien responded 204 in 150.7647 ms
2026-04-23 08:17:18.423 +07:00 [INF] Request finished HTTP/1.1 OPTIONS http://localhost:5283/api/v1/dao-tao-hoc-vien - 204 null null 222.6365ms
2026-04-23 08:17:18.551 +07:00 [INF] Request starting HTTP/1.1 GET http://localhost:5283/api/v1/dao-tao-hoc-vien - null null
2026-04-23 08:17:18.596 +07:00 [INF] CORS policy execution successful.
2026-04-23 08:17:18.599 +07:00 [INF] Executing endpoint 'ThucLuc.Api.Controllers.V1.DaoTaoHocVienController.GetAll (ThucLuc.Api)'
2026-04-23 08:17:18.648 +07:00 [INF] Route matched with {action = "GetAll", controller = "DaoTaoHocVien"}. Executing controller action with signature System.Threading.Tasks.Task`1[Microsoft.AspNetCore.Mvc.ActionResult`1[ThucLuc.Api.Common.Models.ApiResponse`1[System.Collections.Generic.IReadOnlyCollection`1[ThucLuc.Application.Features.DaoTaoHocVien.DaoTaoHocVienDto]]]] GetAll(ThucLuc.Application.Features.DaoTaoHocVien.DaoTaoHocVienQuery, System.Threading.CancellationToken) on controller ThucLuc.Api.Controllers.V1.DaoTaoHocVienController (ThucLuc.Api).
2026-04-23 08:17:18.704 +07:00 [ERR] 2026-04-23 08:17:18.704120 ThreadID:14  (ERROR)   OracleRelationalCommand.ExecuteReaderAsync() :  Oracle.ManagedDataAccess.Client.OracleException (0x80004005): ORA-00904: "b"."IS_LATEST": invalid identifier
https://docs.oracle.com/error-help/db/ora-00904/
   at Oracle.ManagedDataAccess.Client.OracleCommand.<>c.<ExecuteDbDataReaderAsync>b__225_0(Task`1 result)
   at System.Threading.Tasks.ContinuationResultTaskFromResultTask`2.InnerInvoke()
   at System.Threading.ExecutionContext.RunInternal(ExecutionContext executionContext, ContextCallback callback, Object state)
--- End of stack trace from previous location ---
   at System.Threading.ExecutionContext.RunInternal(ExecutionContext executionContext, ContextCallback callback, Object state)
   at System.Threading.Tasks.Task.ExecuteWithThreadLocal(Task& currentTaskSlot, Thread threadPoolThread)
--- End of stack trace from previous location ---
   at Oracle.EntityFrameworkCore.Storage.Internal.OracleRelationalCommandBuilderFactory.OracleRelationalCommandBuilder.OracleRelationalCommand.ExecuteReaderAsync(RelationalCommandParameterObject parameterObject, CancellationToken cancellationToken)
2026-04-23 08:17:18.706 +07:00 [ERR] Failed executing DbCommand (15ms) [Parameters=[], CommandType='"Text"', CommandTimeout='0']
SELECT "b"."ID", "b"."CREATED_AT", "b"."CREATED_BY", "b"."DELETED_AT", "b"."DON_VI_ID", "b"."GHI_CHU", "b"."IS_LATEST", "b"."KY_BAO_CAO_CODE", "b"."NAM", "b"."NOI_DUNG_DAO_TAO", "b"."SNAPSHOT_BATCH_ID", "b"."SNAPSHOT_CREATED_AT", "b"."SNAPSHOT_VERSION", "b"."SO_CAO_DANG", "b"."SO_DAI_HOC", "b"."SO_THAC_SI", "b"."SO_TIEN_SI", "b"."SO_TRUNG_CAP", "b"."UPDATED_AT", "b"."UPDATED_BY"
FROM "CAND_QLCNTT"."BIZ_DAO_TAO_HOC_VIEN" "b"
WHERE (("b"."DELETED_AT" IS NULL) AND ("b"."IS_LATEST" = 1))
ORDER BY "b"."UPDATED_AT" DESC, "b"."CREATED_AT" DESC, "b"."ID" DESC
2026-04-23 08:17:18.728 +07:00 [ERR] 2026-04-23 08:17:18.728015 ThreadID:14  (ERROR)   OracleExecutionStrategy.ExecuteAsync() :  Oracle.ManagedDataAccess.Client.OracleException (0x80004005): ORA-00904: "b"."IS_LATEST": invalid identifier
https://docs.oracle.com/error-help/db/ora-00904/
   at Oracle.ManagedDataAccess.Client.OracleCommand.<>c.<ExecuteDbDataReaderAsync>b__225_0(Task`1 result)
   at System.Threading.Tasks.ContinuationResultTaskFromResultTask`2.InnerInvoke()
   at System.Threading.ExecutionContext.RunInternal(ExecutionContext executionContext, ContextCallback callback, Object state)
--- End of stack trace from previous location ---
   at System.Threading.ExecutionContext.RunInternal(ExecutionContext executionContext, ContextCallback callback, Object state)
   at System.Threading.Tasks.Task.ExecuteWithThreadLocal(Task& currentTaskSlot, Thread threadPoolThread)
--- End of stack trace from previous location ---
   at Oracle.EntityFrameworkCore.Storage.Internal.OracleRelationalCommandBuilderFactory.OracleRelationalCommandBuilder.OracleRelationalCommand.ExecuteReaderAsync(RelationalCommandParameterObject parameterObject, CancellationToken cancellationToken)
   at Oracle.EntityFrameworkCore.Storage.Internal.OracleRelationalCommandBuilderFactory.OracleRelationalCommandBuilder.OracleRelationalCommand.ExecuteReaderAsync(RelationalCommandParameterObject parameterObject, CancellationToken cancellationToken)
   at Oracle.EntityFrameworkCore.Storage.Internal.OracleRelationalCommandBuilderFactory.OracleRelationalCommandBuilder.OracleRelationalCommand.ExecuteReaderAsync(RelationalCommandParameterObject parameterObject, CancellationToken cancellationToken)
   at Microsoft.EntityFrameworkCore.Query.Internal.SingleQueryingEnumerable`1.AsyncEnumerator.InitializeReaderAsync(AsyncEnumerator enumerator, CancellationToken cancellationToken)
   at Oracle.EntityFrameworkCore.Storage.Internal.OracleExecutionStrategy.ExecuteAsync[TState,TResult](TState state, Func`4 operation, Func`4 verifySucceeded, CancellationToken cancellationToken)
2026-04-23 08:17:18.743 +07:00 [ERR] An exception occurred while iterating over the results of a query for context type 'ThucLuc.Infrastructure.Persistence.AppDbContext'.
Oracle.ManagedDataAccess.Client.OracleException (0x80004005): ORA-00904: "b"."IS_LATEST": invalid identifier
https://docs.oracle.com/error-help/db/ora-00904/
   at Oracle.ManagedDataAccess.Client.OracleCommand.<>c.<ExecuteDbDataReaderAsync>b__225_0(Task`1 result)
   at System.Threading.Tasks.ContinuationResultTaskFromResultTask`2.InnerInvoke()
   at System.Threading.ExecutionContext.RunInternal(ExecutionContext executionContext, ContextCallback callback, Object state)
--- End of stack trace from previous location ---
   at System.Threading.ExecutionContext.RunInternal(ExecutionContext executionContext, ContextCallback callback, Object state)
   at System.Threading.Tasks.Task.ExecuteWithThreadLocal(Task& currentTaskSlot, Thread threadPoolThread)
--- End of stack trace from previous location ---
   at Oracle.EntityFrameworkCore.Storage.Internal.OracleRelationalCommandBuilderFactory.OracleRelationalCommandBuilder.OracleRelationalCommand.ExecuteReaderAsync(RelationalCommandParameterObject parameterObject, CancellationToken cancellationToken)
   at Oracle.EntityFrameworkCore.Storage.Internal.OracleRelationalCommandBuilderFactory.OracleRelationalCommandBuilder.OracleRelationalCommand.ExecuteReaderAsync(RelationalCommandParameterObject parameterObject, CancellationToken cancellationToken)
   at Oracle.EntityFrameworkCore.Storage.Internal.OracleRelationalCommandBuilderFactory.OracleRelationalCommandBuilder.OracleRelationalCommand.ExecuteReaderAsync(RelationalCommandParameterObject parameterObject, CancellationToken cancellationToken)
   at Microsoft.EntityFrameworkCore.Query.Internal.SingleQueryingEnumerable`1.AsyncEnumerator.InitializeReaderAsync(AsyncEnumerator enumerator, CancellationToken cancellationToken)
   at Oracle.EntityFrameworkCore.Storage.Internal.OracleExecutionStrategy.ExecuteAsync[TState,TResult](TState state, Func`4 operation, Func`4 verifySucceeded, CancellationToken cancellationToken)
   at Microsoft.EntityFrameworkCore.Query.Internal.SingleQueryingEnumerable`1.AsyncEnumerator.MoveNextAsync()
Oracle.ManagedDataAccess.Client.OracleException (0x80004005): ORA-00904: "b"."IS_LATEST": invalid identifier
https://docs.oracle.com/error-help/db/ora-00904/
   at Oracle.ManagedDataAccess.Client.OracleCommand.<>c.<ExecuteDbDataReaderAsync>b__225_0(Task`1 result)
   at System.Threading.Tasks.ContinuationResultTaskFromResultTask`2.InnerInvoke()
   at System.Threading.ExecutionContext.RunInternal(ExecutionContext executionContext, ContextCallback callback, Object state)
--- End of stack trace from previous location ---
   at System.Threading.ExecutionContext.RunInternal(ExecutionContext executionContext, ContextCallback callback, Object state)
   at System.Threading.Tasks.Task.ExecuteWithThreadLocal(Task& currentTaskSlot, Thread threadPoolThread)
--- End of stack trace from previous location ---
   at Oracle.EntityFrameworkCore.Storage.Internal.OracleRelationalCommandBuilderFactory.OracleRelationalCommandBuilder.OracleRelationalCommand.ExecuteReaderAsync(RelationalCommandParameterObject parameterObject, CancellationToken cancellationToken)
   at Oracle.EntityFrameworkCore.Storage.Internal.OracleRelationalCommandBuilderFactory.OracleRelationalCommandBuilder.OracleRelationalCommand.ExecuteReaderAsync(RelationalCommandParameterObject parameterObject, CancellationToken cancellationToken)
   at Oracle.EntityFrameworkCore.Storage.Internal.OracleRelationalCommandBuilderFactory.OracleRelationalCommandBuilder.OracleRelationalCommand.ExecuteReaderAsync(RelationalCommandParameterObject parameterObject, CancellationToken cancellationToken)
   at Microsoft.EntityFrameworkCore.Query.Internal.SingleQueryingEnumerable`1.AsyncEnumerator.InitializeReaderAsync(AsyncEnumerator enumerator, CancellationToken cancellationToken)
   at Oracle.EntityFrameworkCore.Storage.Internal.OracleExecutionStrategy.ExecuteAsync[TState,TResult](TState state, Func`4 operation, Func`4 verifySucceeded, CancellationToken cancellationToken)
   at Microsoft.EntityFrameworkCore.Query.Internal.SingleQueryingEnumerable`1.AsyncEnumerator.MoveNextAsync()
2026-04-23 08:17:18.756 +07:00 [INF] Executed action ThucLuc.Api.Controllers.V1.DaoTaoHocVienController.GetAll (ThucLuc.Api) in 68.9198ms
2026-04-23 08:17:18.760 +07:00 [INF] Executed endpoint 'ThucLuc.Api.Controllers.V1.DaoTaoHocVienController.GetAll (ThucLuc.Api)'
2026-04-23 08:17:18.762 +07:00 [ERR] Unhandled exception. CorrelationId=d49fc0dbf8834567bb93120e644ace0a
Oracle.ManagedDataAccess.Client.OracleException (0x80004005): ORA-00904: "b"."IS_LATEST": invalid identifier
https://docs.oracle.com/error-help/db/ora-00904/
   at Oracle.ManagedDataAccess.Client.OracleCommand.<>c.<ExecuteDbDataReaderAsync>b__225_0(Task`1 result)
   at System.Threading.Tasks.ContinuationResultTaskFromResultTask`2.InnerInvoke()
   at System.Threading.ExecutionContext.RunInternal(ExecutionContext executionContext, ContextCallback callback, Object state)
--- End of stack trace from previous location ---
   at System.Threading.ExecutionContext.RunInternal(ExecutionContext executionContext, ContextCallback callback, Object state)
   at System.Threading.Tasks.Task.ExecuteWithThreadLocal(Task& currentTaskSlot, Thread threadPoolThread)
--- End of stack trace from previous location ---
   at Oracle.EntityFrameworkCore.Storage.Internal.OracleRelationalCommandBuilderFactory.OracleRelationalCommandBuilder.OracleRelationalCommand.ExecuteReaderAsync(RelationalCommandParameterObject parameterObject, CancellationToken cancellationToken)
   at Oracle.EntityFrameworkCore.Storage.Internal.OracleRelationalCommandBuilderFactory.OracleRelationalCommandBuilder.OracleRelationalCommand.ExecuteReaderAsync(RelationalCommandParameterObject parameterObject, CancellationToken cancellationToken)
   at Oracle.EntityFrameworkCore.Storage.Internal.OracleRelationalCommandBuilderFactory.OracleRelationalCommandBuilder.OracleRelationalCommand.ExecuteReaderAsync(RelationalCommandParameterObject parameterObject, CancellationToken cancellationToken)
   at Microsoft.EntityFrameworkCore.Query.Internal.SingleQueryingEnumerable`1.AsyncEnumerator.InitializeReaderAsync(AsyncEnumerator enumerator, CancellationToken cancellationToken)
   at Oracle.EntityFrameworkCore.Storage.Internal.OracleExecutionStrategy.ExecuteAsync[TState,TResult](TState state, Func`4 operation, Func`4 verifySucceeded, CancellationToken cancellationToken)
   at Microsoft.EntityFrameworkCore.Query.Internal.SingleQueryingEnumerable`1.AsyncEnumerator.MoveNextAsync()
   at Microsoft.EntityFrameworkCore.EntityFrameworkQueryableExtensions.ToListAsync[TSource](IQueryable`1 source, CancellationToken cancellationToken)
   at Microsoft.EntityFrameworkCore.EntityFrameworkQueryableExtensions.ToListAsync[TSource](IQueryable`1 source, CancellationToken cancellationToken)
   at ThucLuc.Application.Features.DaoTaoHocVien.DaoTaoHocVienService.GetAllAsync(DaoTaoHocVienQuery query, CancellationToken cancellationToken) in D:\Projects\ThucLuc_V2\.sources\backend\src\Application\Features\DaoTaoHocVien\DaoTaoHocVienService.cs:line 60
   at ThucLuc.Api.Controllers.V1.DaoTaoHocVienController.GetAll(DaoTaoHocVienQuery query, CancellationToken cancellationToken) in D:\Projects\ThucLuc_V2\.sources\backend\src\api\Controllers\V1\DaoTaoHocVienController.cs:line 28
   at lambda_method1539(Closure, Object)
   at Microsoft.AspNetCore.Mvc.Infrastructure.ActionMethodExecutor.AwaitableObjectResultExecutor.Execute(ActionContext actionContext, IActionResultTypeMapper mapper, ObjectMethodExecutor executor, Object controller, Object[] arguments)
   at Microsoft.AspNetCore.Mvc.Infrastructure.ControllerActionInvoker.<InvokeActionMethodAsync>g__Awaited|12_0(ControllerActionInvoker invoker, ValueTask`1 actionResultValueTask)
   at Microsoft.AspNetCore.Mvc.Infrastructure.ControllerActionInvoker.<InvokeNextActionFilterAsync>g__Awaited|10_0(ControllerActionInvoker invoker, Task lastTask, State next, Scope scope, Object state, Boolean isCompleted)
   at Microsoft.AspNetCore.Mvc.Infrastructure.ControllerActionInvoker.Rethrow(ActionExecutedContextSealed context)
   at Microsoft.AspNetCore.Mvc.Infrastructure.ControllerActionInvoker.Next(State& next, Scope& scope, Object& state, Boolean& isCompleted)
   at Microsoft.AspNetCore.Mvc.Infrastructure.ControllerActionInvoker.<InvokeInnerFilterAsync>g__Awaited|13_0(ControllerActionInvoker invoker, Task lastTask, State next, Scope scope, Object state, Boolean isCompleted)
   at Microsoft.AspNetCore.Mvc.Infrastructure.ResourceInvoker.<InvokeFilterPipelineAsync>g__Awaited|20_0(ResourceInvoker invoker, Task lastTask, State next, Scope scope, Object state, Boolean isCompleted)
   at Microsoft.AspNetCore.Mvc.Infrastructure.ResourceInvoker.<InvokeAsync>g__Logged|17_1(ResourceInvoker invoker)
   at Microsoft.AspNetCore.Mvc.Infrastructure.ResourceInvoker.<InvokeAsync>g__Logged|17_1(ResourceInvoker invoker)
   at Microsoft.AspNetCore.Routing.EndpointMiddleware.<Invoke>g__AwaitRequestTask|7_0(Endpoint endpoint, Task requestTask, ILogger logger)
   at Microsoft.AspNetCore.Authorization.AuthorizationMiddleware.Invoke(HttpContext context)
   at Microsoft.AspNetCore.Authentication.AuthenticationMiddleware.Invoke(HttpContext context)
   at Swashbuckle.AspNetCore.SwaggerUI.SwaggerUIMiddleware.Invoke(HttpContext httpContext)
   at Swashbuckle.AspNetCore.Swagger.SwaggerMiddleware.Invoke(HttpContext httpContext, ISwaggerProvider swaggerProvider)
   at ThucLuc.Api.Common.Middleware.GlobalExceptionMiddleware.InvokeAsync(HttpContext context) in D:\Projects\ThucLuc_V2\.sources\backend\src\api\Common\Middleware\GlobalExceptionMiddleware.cs:line 23
2026-04-23 08:17:18.922 +07:00 [INF] HTTP GET /api/v1/dao-tao-hoc-vien => 500 in 326.0124 ms CorrelationId=d49fc0dbf8834567bb93120e644ace0a UserId=5001
2026-04-23 08:17:18.936 +07:00 [ERR] HTTP GET /api/v1/dao-tao-hoc-vien responded 500 in 340.2151 ms
2026-04-23 08:17:18.964 +07:00 [INF] Request finished HTTP/1.1 GET http://localhost:5283/api/v1/dao-tao-hoc-vien - 500 null application/json 413.194ms
2026-04-23 08:22:07.931 +07:00 [INF] Request starting HTTP/1.1 OPTIONS http://localhost:5283/api/v1/don-vi/2001 - null null
2026-04-23 08:22:07.935 +07:00 [INF] CORS policy execution successful.
2026-04-23 08:22:07.936 +07:00 [INF] HTTP OPTIONS /api/v1/don-vi/2001 => 204 in 1.1433 ms CorrelationId=b84d64aa3c5d4f62a9f2874313dd71fe UserId=anonymous
2026-04-23 08:22:07.938 +07:00 [INF] HTTP OPTIONS /api/v1/don-vi/2001 responded 204 in 3.6919 ms
2026-04-23 08:22:07.941 +07:00 [INF] Request finished HTTP/1.1 OPTIONS http://localhost:5283/api/v1/don-vi/2001 - 204 null null 9.098ms
2026-04-23 08:22:07.944 +07:00 [INF] Request starting HTTP/1.1 OPTIONS http://localhost:5283/api/v1/codes/by-code/NOI_DUNG_DAO_TAO_HV - null null
2026-04-23 08:22:07.946 +07:00 [INF] Request starting HTTP/1.1 GET http://localhost:5283/api/v1/don-vi/2001 - null null
2026-04-23 08:22:07.949 +07:00 [INF] CORS policy execution successful.
2026-04-23 08:22:07.952 +07:00 [INF] CORS policy execution successful.
2026-04-23 08:22:07.953 +07:00 [INF] HTTP OPTIONS /api/v1/codes/by-code/NOI_DUNG_DAO_TAO_HV => 204 in 4.0855 ms CorrelationId=b15248ce11ee4310900074a649f88ef7 UserId=anonymous
2026-04-23 08:22:07.955 +07:00 [INF] Executing endpoint 'ThucLuc.Api.Controllers.V1.DonViController.GetById (ThucLuc.Api)'
2026-04-23 08:22:07.956 +07:00 [INF] HTTP OPTIONS /api/v1/codes/by-code/NOI_DUNG_DAO_TAO_HV responded 204 in 7.2691 ms
2026-04-23 08:22:07.958 +07:00 [INF] Route matched with {action = "GetById", controller = "DonVi"}. Executing controller action with signature System.Threading.Tasks.Task`1[Microsoft.AspNetCore.Mvc.ActionResult`1[ThucLuc.Api.Common.Models.ApiResponse`1[ThucLuc.Application.Features.DonVi.DonViDto]]] GetById(Int64, System.Threading.CancellationToken) on controller ThucLuc.Api.Controllers.V1.DonViController (ThucLuc.Api).
2026-04-23 08:22:07.960 +07:00 [INF] Request finished HTTP/1.1 OPTIONS http://localhost:5283/api/v1/codes/by-code/NOI_DUNG_DAO_TAO_HV - 204 null null 15.3993ms
2026-04-23 08:22:07.972 +07:00 [INF] Request starting HTTP/1.1 GET http://localhost:5283/api/v1/codes/by-code/NOI_DUNG_DAO_TAO_HV - null null
2026-04-23 08:22:07.977 +07:00 [INF] CORS policy execution successful.
2026-04-23 08:22:07.980 +07:00 [INF] Executing endpoint 'ThucLuc.Api.Controllers.V1.CodesController.GetByCode (ThucLuc.Api)'
2026-04-23 08:22:07.982 +07:00 [INF] Route matched with {action = "GetByCode", controller = "Codes"}. Executing controller action with signature System.Threading.Tasks.Task`1[Microsoft.AspNetCore.Mvc.ActionResult`1[ThucLuc.Api.Common.Models.ApiResponse`1[ThucLuc.Application.Features.Codes.CodeDto]]] GetByCode(System.String, System.Threading.CancellationToken) on controller ThucLuc.Api.Controllers.V1.CodesController (ThucLuc.Api).
2026-04-23 08:22:08.019 +07:00 [INF] Executing OkObjectResult, writing value of type 'ThucLuc.Api.Common.Models.ApiResponse`1[[ThucLuc.Application.Features.DonVi.DonViDto, ThucLuc.Application, Version=1.0.0.0, Culture=neutral, PublicKeyToken=null]]'.
2026-04-23 08:22:08.041 +07:00 [INF] Executing OkObjectResult, writing value of type 'ThucLuc.Api.Common.Models.ApiResponse`1[[ThucLuc.Application.Features.Codes.CodeDto, ThucLuc.Application, Version=1.0.0.0, Culture=neutral, PublicKeyToken=null]]'.
2026-04-23 08:22:08.070 +07:00 [INF] Executed action ThucLuc.Api.Controllers.V1.CodesController.GetByCode (ThucLuc.Api) in 84.8479ms
2026-04-23 08:22:08.070 +07:00 [INF] Executed action ThucLuc.Api.Controllers.V1.DonViController.GetById (ThucLuc.Api) in 106.0339ms
2026-04-23 08:22:08.071 +07:00 [INF] Executed endpoint 'ThucLuc.Api.Controllers.V1.CodesController.GetByCode (ThucLuc.Api)'
2026-04-23 08:22:08.072 +07:00 [INF] Executed endpoint 'ThucLuc.Api.Controllers.V1.DonViController.GetById (ThucLuc.Api)'
2026-04-23 08:22:08.074 +07:00 [INF] HTTP GET /api/v1/codes/by-code/NOI_DUNG_DAO_TAO_HV => 200 in 96.4653 ms CorrelationId=f195c7894af646b4ac0dd4b9c8f06fbd UserId=5001
2026-04-23 08:22:08.074 +07:00 [INF] HTTP GET /api/v1/don-vi/2001 => 200 in 122.267 ms CorrelationId=218d71e17e024f60abfd54374d4cc2a2 UserId=5001
2026-04-23 08:22:08.079 +07:00 [INF] HTTP GET /api/v1/codes/by-code/NOI_DUNG_DAO_TAO_HV responded 200 in 101.5221 ms
2026-04-23 08:22:08.080 +07:00 [INF] HTTP GET /api/v1/don-vi/2001 responded 200 in 127.4535 ms
2026-04-23 08:22:08.081 +07:00 [INF] Request finished HTTP/1.1 GET http://localhost:5283/api/v1/codes/by-code/NOI_DUNG_DAO_TAO_HV - 200 null application/json; charset=utf-8 109.3242ms
2026-04-23 08:22:08.083 +07:00 [INF] Request finished HTTP/1.1 GET http://localhost:5283/api/v1/don-vi/2001 - 200 null application/json; charset=utf-8 137.0782ms
2026-04-23 08:22:08.272 +07:00 [INF] Request starting HTTP/1.1 OPTIONS http://localhost:5283/api/v1/ky-bao-cao/current - null null
2026-04-23 08:22:08.277 +07:00 [INF] Request starting HTTP/1.1 OPTIONS http://localhost:5283/api/v1/ky-bao-cao - null null
2026-04-23 08:22:08.397 +07:00 [INF] CORS policy execution successful.
2026-04-23 08:22:08.401 +07:00 [INF] CORS policy execution successful.
2026-04-23 08:22:08.403 +07:00 [INF] HTTP OPTIONS /api/v1/ky-bao-cao/current => 204 in 6.0875 ms CorrelationId=8667b852af8c4e6bae0e9914937978ed UserId=anonymous
2026-04-23 08:22:08.404 +07:00 [INF] HTTP OPTIONS /api/v1/ky-bao-cao => 204 in 2.6024 ms CorrelationId=357041850cf8476aabbd085683d73725 UserId=anonymous
2026-04-23 08:22:08.406 +07:00 [INF] HTTP OPTIONS /api/v1/ky-bao-cao/current responded 204 in 9.5088 ms
2026-04-23 08:22:08.410 +07:00 [INF] HTTP OPTIONS /api/v1/ky-bao-cao responded 204 in 9.2416 ms
2026-04-23 08:22:08.412 +07:00 [INF] Request finished HTTP/1.1 OPTIONS http://localhost:5283/api/v1/ky-bao-cao/current - 204 null null 139.4471ms
2026-04-23 08:22:08.414 +07:00 [INF] Request finished HTTP/1.1 OPTIONS http://localhost:5283/api/v1/ky-bao-cao - 204 null null 137.0191ms
2026-04-23 08:22:08.417 +07:00 [INF] Request starting HTTP/1.1 GET http://localhost:5283/api/v1/ky-bao-cao/current - null null
2026-04-23 08:22:08.421 +07:00 [INF] Request starting HTTP/1.1 GET http://localhost:5283/api/v1/ky-bao-cao - null null
2026-04-23 08:22:08.424 +07:00 [INF] CORS policy execution successful.
2026-04-23 08:22:08.427 +07:00 [INF] CORS policy execution successful.
2026-04-23 08:22:08.428 +07:00 [INF] Executing endpoint 'ThucLuc.Api.Controllers.V1.KyBaoCaoController.GetCurrent (ThucLuc.Api)'
2026-04-23 08:22:08.429 +07:00 [INF] Executing endpoint 'ThucLuc.Api.Controllers.V1.KyBaoCaoController.GetAll (ThucLuc.Api)'
2026-04-23 08:22:08.430 +07:00 [INF] Route matched with {action = "GetCurrent", controller = "KyBaoCao"}. Executing controller action with signature System.Threading.Tasks.Task`1[Microsoft.AspNetCore.Mvc.ActionResult`1[ThucLuc.Api.Common.Models.ApiResponse`1[ThucLuc.Application.Features.KyBaoCao.KyBaoCaoDto]]] GetCurrent(System.Threading.CancellationToken) on controller ThucLuc.Api.Controllers.V1.KyBaoCaoController (ThucLuc.Api).
2026-04-23 08:22:08.432 +07:00 [INF] Route matched with {action = "GetAll", controller = "KyBaoCao"}. Executing controller action with signature System.Threading.Tasks.Task`1[Microsoft.AspNetCore.Mvc.ActionResult`1[ThucLuc.Api.Common.Models.ApiResponse`1[System.Collections.Generic.IReadOnlyCollection`1[ThucLuc.Application.Features.KyBaoCao.KyBaoCaoDto]]]] GetAll(System.Threading.CancellationToken) on controller ThucLuc.Api.Controllers.V1.KyBaoCaoController (ThucLuc.Api).
2026-04-23 08:22:08.483 +07:00 [INF] Executing OkObjectResult, writing value of type 'ThucLuc.Api.Common.Models.ApiResponse`1[[System.Collections.Generic.IReadOnlyCollection`1[[ThucLuc.Application.Features.KyBaoCao.KyBaoCaoDto, ThucLuc.Application, Version=1.0.0.0, Culture=neutral, PublicKeyToken=null]], System.Private.CoreLib, Version=8.0.0.0, Culture=neutral, PublicKeyToken=7cec85d7bea7798e]]'.
2026-04-23 08:22:08.483 +07:00 [INF] Executing OkObjectResult, writing value of type 'ThucLuc.Api.Common.Models.ApiResponse`1[[ThucLuc.Application.Features.KyBaoCao.KyBaoCaoDto, ThucLuc.Application, Version=1.0.0.0, Culture=neutral, PublicKeyToken=null]]'.
2026-04-23 08:22:08.485 +07:00 [INF] Executed action ThucLuc.Api.Controllers.V1.KyBaoCaoController.GetAll (ThucLuc.Api) in 49.0261ms
2026-04-23 08:22:08.487 +07:00 [INF] Executed action ThucLuc.Api.Controllers.V1.KyBaoCaoController.GetCurrent (ThucLuc.Api) in 52.9356ms
2026-04-23 08:22:08.488 +07:00 [INF] Executed endpoint 'ThucLuc.Api.Controllers.V1.KyBaoCaoController.GetAll (ThucLuc.Api)'
2026-04-23 08:22:08.490 +07:00 [INF] Executed endpoint 'ThucLuc.Api.Controllers.V1.KyBaoCaoController.GetCurrent (ThucLuc.Api)'
2026-04-23 08:22:08.491 +07:00 [INF] HTTP GET /api/v1/ky-bao-cao => 200 in 64.0503 ms CorrelationId=7e4388f699b1428286c890352c2562ba UserId=5001
2026-04-23 08:22:08.492 +07:00 [INF] HTTP GET /api/v1/ky-bao-cao/current => 200 in 68.1039 ms CorrelationId=04eac466078f4e14925ca4372875c6e1 UserId=5001
2026-04-23 08:22:08.495 +07:00 [INF] HTTP GET /api/v1/ky-bao-cao responded 200 in 68.5397 ms
2026-04-23 08:22:08.499 +07:00 [INF] HTTP GET /api/v1/ky-bao-cao/current responded 200 in 75.1484 ms
2026-04-23 08:22:08.502 +07:00 [INF] Request finished HTTP/1.1 GET http://localhost:5283/api/v1/ky-bao-cao - 200 null application/json; charset=utf-8 80.641ms
2026-04-23 08:22:08.505 +07:00 [INF] Request finished HTTP/1.1 GET http://localhost:5283/api/v1/ky-bao-cao/current - 200 null application/json; charset=utf-8 87.1115ms
2026-04-23 08:22:08.515 +07:00 [INF] Request starting HTTP/1.1 OPTIONS http://localhost:5283/api/v1/dao-tao-hoc-vien - null null
2026-04-23 08:22:08.518 +07:00 [INF] CORS policy execution successful.
2026-04-23 08:22:08.520 +07:00 [INF] HTTP OPTIONS /api/v1/dao-tao-hoc-vien => 204 in 1.1846 ms CorrelationId=1541b3d55d7f4c4795b17c8296064920 UserId=anonymous
2026-04-23 08:22:08.522 +07:00 [INF] HTTP OPTIONS /api/v1/dao-tao-hoc-vien responded 204 in 3.6872 ms
2026-04-23 08:22:08.524 +07:00 [INF] Request finished HTTP/1.1 OPTIONS http://localhost:5283/api/v1/dao-tao-hoc-vien - 204 null null 9.3575ms
2026-04-23 08:22:08.529 +07:00 [INF] Request starting HTTP/1.1 GET http://localhost:5283/api/v1/dao-tao-hoc-vien - null null
2026-04-23 08:22:08.532 +07:00 [INF] CORS policy execution successful.
2026-04-23 08:22:08.534 +07:00 [INF] Executing endpoint 'ThucLuc.Api.Controllers.V1.DaoTaoHocVienController.GetAll (ThucLuc.Api)'
2026-04-23 08:22:08.536 +07:00 [INF] Route matched with {action = "GetAll", controller = "DaoTaoHocVien"}. Executing controller action with signature System.Threading.Tasks.Task`1[Microsoft.AspNetCore.Mvc.ActionResult`1[ThucLuc.Api.Common.Models.ApiResponse`1[System.Collections.Generic.IReadOnlyCollection`1[ThucLuc.Application.Features.DaoTaoHocVien.DaoTaoHocVienDto]]]] GetAll(ThucLuc.Application.Features.DaoTaoHocVien.DaoTaoHocVienQuery, System.Threading.CancellationToken) on controller ThucLuc.Api.Controllers.V1.DaoTaoHocVienController (ThucLuc.Api).
2026-04-23 08:22:08.598 +07:00 [INF] Executing OkObjectResult, writing value of type 'ThucLuc.Api.Common.Models.ApiResponse`1[[System.Collections.Generic.IReadOnlyCollection`1[[ThucLuc.Application.Features.DaoTaoHocVien.DaoTaoHocVienDto, ThucLuc.Application, Version=1.0.0.0, Culture=neutral, PublicKeyToken=null]], System.Private.CoreLib, Version=8.0.0.0, Culture=neutral, PublicKeyToken=7cec85d7bea7798e]]'.
2026-04-23 08:22:08.604 +07:00 [INF] Executed action ThucLuc.Api.Controllers.V1.DaoTaoHocVienController.GetAll (ThucLuc.Api) in 66.5957ms
2026-04-23 08:22:08.606 +07:00 [INF] Executed endpoint 'ThucLuc.Api.Controllers.V1.DaoTaoHocVienController.GetAll (ThucLuc.Api)'
2026-04-23 08:22:08.608 +07:00 [INF] HTTP GET /api/v1/dao-tao-hoc-vien => 200 in 75.323 ms CorrelationId=6d45f9805d05498faa0b6b4bc1bf5733 UserId=5001
2026-04-23 08:22:08.610 +07:00 [INF] HTTP GET /api/v1/dao-tao-hoc-vien responded 200 in 78.1698 ms
2026-04-23 08:22:08.613 +07:00 [INF] Request finished HTTP/1.1 GET http://localhost:5283/api/v1/dao-tao-hoc-vien - 200 null application/json; charset=utf-8 84.4807ms
2026-04-23 08:22:08.619 +07:00 [INF] Request starting HTTP/1.1 OPTIONS http://localhost:5283/api/v1/snapshot?kyBaoCaoId=6001 - null null
2026-04-23 08:22:08.622 +07:00 [INF] CORS policy execution successful.
2026-04-23 08:22:08.624 +07:00 [INF] HTTP OPTIONS /api/v1/snapshot => 204 in 1.1432 ms CorrelationId=2bf934a4ecbd456290295c41a68ec973 UserId=anonymous
2026-04-23 08:22:08.626 +07:00 [INF] HTTP OPTIONS /api/v1/snapshot responded 204 in 3.7798 ms
2026-04-23 08:22:08.628 +07:00 [INF] Request finished HTTP/1.1 OPTIONS http://localhost:5283/api/v1/snapshot?kyBaoCaoId=6001 - 204 null null 9.4759ms
2026-04-23 08:22:08.632 +07:00 [INF] Request starting HTTP/1.1 GET http://localhost:5283/api/v1/snapshot?kyBaoCaoId=6001 - null null
2026-04-23 08:22:08.636 +07:00 [INF] CORS policy execution successful.
2026-04-23 08:22:08.637 +07:00 [INF] Executing endpoint 'ThucLuc.Api.Controllers.V1.BaoCaoSnapshotController.GetByKy (ThucLuc.Api)'
2026-04-23 08:22:08.641 +07:00 [INF] Route matched with {action = "GetByKy", controller = "BaoCaoSnapshot"}. Executing controller action with signature System.Threading.Tasks.Task`1[Microsoft.AspNetCore.Mvc.ActionResult`1[ThucLuc.Api.Common.Models.ApiResponse`1[System.Collections.Generic.IReadOnlyCollection`1[ThucLuc.Application.Features.BaoCaoSnapshot.BaoCaoSnapshotDto]]]] GetByKy(Int64, System.Threading.CancellationToken) on controller ThucLuc.Api.Controllers.V1.BaoCaoSnapshotController (ThucLuc.Api).
2026-04-23 08:22:08.791 +07:00 [INF] Executing OkObjectResult, writing value of type 'ThucLuc.Api.Common.Models.ApiResponse`1[[System.Collections.Generic.IReadOnlyCollection`1[[ThucLuc.Application.Features.BaoCaoSnapshot.BaoCaoSnapshotDto, ThucLuc.Application, Version=1.0.0.0, Culture=neutral, PublicKeyToken=null]], System.Private.CoreLib, Version=8.0.0.0, Culture=neutral, PublicKeyToken=7cec85d7bea7798e]]'.
2026-04-23 08:22:08.799 +07:00 [INF] Executed action ThucLuc.Api.Controllers.V1.BaoCaoSnapshotController.GetByKy (ThucLuc.Api) in 155.6464ms
2026-04-23 08:22:08.802 +07:00 [INF] Executed endpoint 'ThucLuc.Api.Controllers.V1.BaoCaoSnapshotController.GetByKy (ThucLuc.Api)'
2026-04-23 08:22:08.803 +07:00 [INF] HTTP GET /api/v1/snapshot => 200 in 167.4467 ms CorrelationId=95086f6270c24560a2d0bbf770198766 UserId=5001
2026-04-23 08:22:08.805 +07:00 [INF] HTTP GET /api/v1/snapshot responded 200 in 169.7924 ms
2026-04-23 08:22:08.808 +07:00 [INF] Request finished HTTP/1.1 GET http://localhost:5283/api/v1/snapshot?kyBaoCaoId=6001 - 200 null application/json; charset=utf-8 175.5676ms
2026-04-23 08:22:15.273 +07:00 [INF] Request starting HTTP/1.1 OPTIONS http://localhost:5283/api/v1/codes/by-code/NHOM_NANG_LUC_SO - null null
2026-04-23 08:22:15.275 +07:00 [INF] CORS policy execution successful.
2026-04-23 08:22:15.275 +07:00 [INF] HTTP OPTIONS /api/v1/codes/by-code/NHOM_NANG_LUC_SO => 204 in 0.5201 ms CorrelationId=9031fa22d9334cd7a156a4e53f10776d UserId=anonymous
2026-04-23 08:22:15.277 +07:00 [INF] HTTP OPTIONS /api/v1/codes/by-code/NHOM_NANG_LUC_SO responded 204 in 1.8528 ms
2026-04-23 08:22:15.278 +07:00 [INF] Request finished HTTP/1.1 OPTIONS http://localhost:5283/api/v1/codes/by-code/NHOM_NANG_LUC_SO - 204 null null 5.0677ms
2026-04-23 08:22:15.281 +07:00 [INF] Request starting HTTP/1.1 GET http://localhost:5283/api/v1/codes/by-code/NHOM_NANG_LUC_SO - null null
2026-04-23 08:22:15.282 +07:00 [INF] CORS policy execution successful.
2026-04-23 08:22:15.283 +07:00 [INF] Executing endpoint 'ThucLuc.Api.Controllers.V1.CodesController.GetByCode (ThucLuc.Api)'
2026-04-23 08:22:15.284 +07:00 [INF] Route matched with {action = "GetByCode", controller = "Codes"}. Executing controller action with signature System.Threading.Tasks.Task`1[Microsoft.AspNetCore.Mvc.ActionResult`1[ThucLuc.Api.Common.Models.ApiResponse`1[ThucLuc.Application.Features.Codes.CodeDto]]] GetByCode(System.String, System.Threading.CancellationToken) on controller ThucLuc.Api.Controllers.V1.CodesController (ThucLuc.Api).
2026-04-23 08:22:15.330 +07:00 [INF] Executing OkObjectResult, writing value of type 'ThucLuc.Api.Common.Models.ApiResponse`1[[ThucLuc.Application.Features.Codes.CodeDto, ThucLuc.Application, Version=1.0.0.0, Culture=neutral, PublicKeyToken=null]]'.
2026-04-23 08:22:15.332 +07:00 [INF] Executed action ThucLuc.Api.Controllers.V1.CodesController.GetByCode (ThucLuc.Api) in 45.7403ms
2026-04-23 08:22:15.333 +07:00 [INF] Executed endpoint 'ThucLuc.Api.Controllers.V1.CodesController.GetByCode (ThucLuc.Api)'
2026-04-23 08:22:15.333 +07:00 [INF] HTTP GET /api/v1/codes/by-code/NHOM_NANG_LUC_SO => 200 in 50.7728 ms CorrelationId=4626adf1fbeb438b8cff847b747c1c56 UserId=5001
2026-04-23 08:22:15.334 +07:00 [INF] HTTP GET /api/v1/codes/by-code/NHOM_NANG_LUC_SO responded 200 in 52.0764 ms
2026-04-23 08:22:15.336 +07:00 [INF] Request finished HTTP/1.1 GET http://localhost:5283/api/v1/codes/by-code/NHOM_NANG_LUC_SO - 200 null application/json; charset=utf-8 54.9401ms
2026-04-23 08:22:15.337 +07:00 [INF] Request starting HTTP/1.1 OPTIONS http://localhost:5283/api/v1/ky-bao-cao - null null
2026-04-23 08:22:15.338 +07:00 [INF] Request starting HTTP/1.1 OPTIONS http://localhost:5283/api/v1/ky-bao-cao/current - null null
2026-04-23 08:22:15.340 +07:00 [INF] CORS policy execution successful.
2026-04-23 08:22:15.341 +07:00 [INF] CORS policy execution successful.
2026-04-23 08:22:15.342 +07:00 [INF] HTTP OPTIONS /api/v1/ky-bao-cao => 204 in 1.9884 ms CorrelationId=78f670e1d1cd4f48b70dfdc17b249a86 UserId=anonymous
2026-04-23 08:22:15.342 +07:00 [INF] HTTP OPTIONS /api/v1/ky-bao-cao/current => 204 in 0.8591 ms CorrelationId=3d67b514cb9f4c4ab409474e67335d4c UserId=anonymous
2026-04-23 08:22:15.343 +07:00 [INF] HTTP OPTIONS /api/v1/ky-bao-cao responded 204 in 3.7433 ms
2026-04-23 08:22:15.345 +07:00 [INF] HTTP OPTIONS /api/v1/ky-bao-cao/current responded 204 in 4.2233 ms
2026-04-23 08:22:15.347 +07:00 [INF] Request finished HTTP/1.1 OPTIONS http://localhost:5283/api/v1/ky-bao-cao - 204 null null 9.3591ms
2026-04-23 08:22:15.348 +07:00 [INF] Request finished HTTP/1.1 OPTIONS http://localhost:5283/api/v1/ky-bao-cao/current - 204 null null 9.8092ms
2026-04-23 08:22:15.350 +07:00 [INF] Request starting HTTP/1.1 GET http://localhost:5283/api/v1/ky-bao-cao - null null
2026-04-23 08:22:15.352 +07:00 [INF] Request starting HTTP/1.1 GET http://localhost:5283/api/v1/ky-bao-cao/current - null null
2026-04-23 08:22:15.353 +07:00 [INF] CORS policy execution successful.
2026-04-23 08:22:15.355 +07:00 [INF] CORS policy execution successful.
2026-04-23 08:22:15.355 +07:00 [INF] Executing endpoint 'ThucLuc.Api.Controllers.V1.KyBaoCaoController.GetAll (ThucLuc.Api)'
2026-04-23 08:22:15.356 +07:00 [INF] Executing endpoint 'ThucLuc.Api.Controllers.V1.KyBaoCaoController.GetCurrent (ThucLuc.Api)'
2026-04-23 08:22:15.356 +07:00 [INF] Route matched with {action = "GetAll", controller = "KyBaoCao"}. Executing controller action with signature System.Threading.Tasks.Task`1[Microsoft.AspNetCore.Mvc.ActionResult`1[ThucLuc.Api.Common.Models.ApiResponse`1[System.Collections.Generic.IReadOnlyCollection`1[ThucLuc.Application.Features.KyBaoCao.KyBaoCaoDto]]]] GetAll(System.Threading.CancellationToken) on controller ThucLuc.Api.Controllers.V1.KyBaoCaoController (ThucLuc.Api).
2026-04-23 08:22:15.357 +07:00 [INF] Route matched with {action = "GetCurrent", controller = "KyBaoCao"}. Executing controller action with signature System.Threading.Tasks.Task`1[Microsoft.AspNetCore.Mvc.ActionResult`1[ThucLuc.Api.Common.Models.ApiResponse`1[ThucLuc.Application.Features.KyBaoCao.KyBaoCaoDto]]] GetCurrent(System.Threading.CancellationToken) on controller ThucLuc.Api.Controllers.V1.KyBaoCaoController (ThucLuc.Api).
2026-04-23 08:22:15.360 +07:00 [INF] Executing OkObjectResult, writing value of type 'ThucLuc.Api.Common.Models.ApiResponse`1[[System.Collections.Generic.IReadOnlyCollection`1[[ThucLuc.Application.Features.KyBaoCao.KyBaoCaoDto, ThucLuc.Application, Version=1.0.0.0, Culture=neutral, PublicKeyToken=null]], System.Private.CoreLib, Version=8.0.0.0, Culture=neutral, PublicKeyToken=7cec85d7bea7798e]]'.
2026-04-23 08:22:15.361 +07:00 [INF] Executing OkObjectResult, writing value of type 'ThucLuc.Api.Common.Models.ApiResponse`1[[ThucLuc.Application.Features.KyBaoCao.KyBaoCaoDto, ThucLuc.Application, Version=1.0.0.0, Culture=neutral, PublicKeyToken=null]]'.
2026-04-23 08:22:15.361 +07:00 [INF] Executed action ThucLuc.Api.Controllers.V1.KyBaoCaoController.GetAll (ThucLuc.Api) in 3.4377ms
2026-04-23 08:22:15.362 +07:00 [INF] Executed action ThucLuc.Api.Controllers.V1.KyBaoCaoController.GetCurrent (ThucLuc.Api) in 3.0769ms
2026-04-23 08:22:15.363 +07:00 [INF] Executed endpoint 'ThucLuc.Api.Controllers.V1.KyBaoCaoController.GetAll (ThucLuc.Api)'
2026-04-23 08:22:15.364 +07:00 [INF] Executed endpoint 'ThucLuc.Api.Controllers.V1.KyBaoCaoController.GetCurrent (ThucLuc.Api)'
2026-04-23 08:22:15.365 +07:00 [INF] HTTP GET /api/v1/ky-bao-cao => 200 in 11.2655 ms CorrelationId=728e2c592ab7445d8a08230be284d36b UserId=5001
2026-04-23 08:22:15.365 +07:00 [INF] HTTP GET /api/v1/ky-bao-cao/current => 200 in 10.5761 ms CorrelationId=6bbd7e299f8f4193ad28348d8c9fa3eb UserId=5001
2026-04-23 08:22:15.367 +07:00 [INF] HTTP GET /api/v1/ky-bao-cao responded 200 in 13.4361 ms
2026-04-23 08:22:15.368 +07:00 [INF] HTTP GET /api/v1/ky-bao-cao/current responded 200 in 13.2213 ms
2026-04-23 08:22:15.369 +07:00 [INF] Request finished HTTP/1.1 GET http://localhost:5283/api/v1/ky-bao-cao - 200 null application/json; charset=utf-8 19.1862ms
2026-04-23 08:22:15.370 +07:00 [INF] Request finished HTTP/1.1 GET http://localhost:5283/api/v1/ky-bao-cao/current - 200 null application/json; charset=utf-8 18.3813ms
2026-04-23 08:22:15.374 +07:00 [INF] Request starting HTTP/1.1 OPTIONS http://localhost:5283/api/v1/nang-luc-so?kyCode=2026Q1_NHAN_LUC&kyBaoCaoCode=2026Q1_NHAN_LUC&mode=live&nam=2026 - null null
2026-04-23 08:22:15.376 +07:00 [INF] CORS policy execution successful.
2026-04-23 08:22:15.376 +07:00 [INF] HTTP OPTIONS /api/v1/nang-luc-so => 204 in 0.555 ms CorrelationId=6562f8ca3ea24263bae32993bf8b3290 UserId=anonymous
2026-04-23 08:22:15.378 +07:00 [INF] HTTP OPTIONS /api/v1/nang-luc-so responded 204 in 2.0537 ms
2026-04-23 08:22:15.379 +07:00 [INF] Request finished HTTP/1.1 OPTIONS http://localhost:5283/api/v1/nang-luc-so?kyCode=2026Q1_NHAN_LUC&kyBaoCaoCode=2026Q1_NHAN_LUC&mode=live&nam=2026 - 204 null null 5.2133ms
2026-04-23 08:22:15.382 +07:00 [INF] Request starting HTTP/1.1 GET http://localhost:5283/api/v1/nang-luc-so?kyCode=2026Q1_NHAN_LUC&kyBaoCaoCode=2026Q1_NHAN_LUC&mode=live&nam=2026 - null null
2026-04-23 08:22:15.383 +07:00 [INF] CORS policy execution successful.
2026-04-23 08:22:15.384 +07:00 [INF] Executing endpoint 'ThucLuc.Api.Controllers.V1.NangLucSoController.GetAll (ThucLuc.Api)'
2026-04-23 08:22:15.387 +07:00 [INF] Route matched with {action = "GetAll", controller = "NangLucSo"}. Executing controller action with signature System.Threading.Tasks.Task`1[Microsoft.AspNetCore.Mvc.ActionResult`1[ThucLuc.Api.Common.Models.ApiResponse`1[System.Collections.Generic.IReadOnlyCollection`1[ThucLuc.Application.Features.NangLucSo.NangLucSoDto]]]] GetAll(ThucLuc.Application.Features.NangLucSo.NangLucSoQuery, System.Threading.CancellationToken) on controller ThucLuc.Api.Controllers.V1.NangLucSoController (ThucLuc.Api).
2026-04-23 08:22:15.405 +07:00 [INF] Executing OkObjectResult, writing value of type 'ThucLuc.Api.Common.Models.ApiResponse`1[[System.Collections.Generic.IReadOnlyCollection`1[[ThucLuc.Application.Features.NangLucSo.NangLucSoDto, ThucLuc.Application, Version=1.0.0.0, Culture=neutral, PublicKeyToken=null]], System.Private.CoreLib, Version=8.0.0.0, Culture=neutral, PublicKeyToken=7cec85d7bea7798e]]'.
2026-04-23 08:22:15.408 +07:00 [INF] Executed action ThucLuc.Api.Controllers.V1.NangLucSoController.GetAll (ThucLuc.Api) in 19.1931ms
2026-04-23 08:22:15.409 +07:00 [INF] Executed endpoint 'ThucLuc.Api.Controllers.V1.NangLucSoController.GetAll (ThucLuc.Api)'
2026-04-23 08:22:15.410 +07:00 [INF] HTTP GET /api/v1/nang-luc-so => 200 in 26.6745 ms CorrelationId=f4f0aa4f92484ce2b534662cdd909e23 UserId=5001
2026-04-23 08:22:15.412 +07:00 [INF] HTTP GET /api/v1/nang-luc-so responded 200 in 28.7244 ms
2026-04-23 08:22:15.414 +07:00 [INF] Request finished HTTP/1.1 GET http://localhost:5283/api/v1/nang-luc-so?kyCode=2026Q1_NHAN_LUC&kyBaoCaoCode=2026Q1_NHAN_LUC&mode=live&nam=2026 - 200 null application/json; charset=utf-8 32.8609ms
2026-04-23 08:34:10.036 +07:00 [INF] Request starting HTTP/1.1 OPTIONS http://localhost:5283/api/v1/codes/by-code/NOI_DUNG_DAO_TAO_HV - null null
2026-04-23 08:34:10.041 +07:00 [INF] CORS policy execution successful.
2026-04-23 08:34:10.042 +07:00 [INF] HTTP OPTIONS /api/v1/codes/by-code/NOI_DUNG_DAO_TAO_HV => 204 in 0.7574 ms CorrelationId=8c3a5b12e8bc46e38b2494d9b9ccef4e UserId=anonymous
2026-04-23 08:34:10.046 +07:00 [INF] HTTP OPTIONS /api/v1/codes/by-code/NOI_DUNG_DAO_TAO_HV responded 204 in 4.8288 ms
2026-04-23 08:34:10.048 +07:00 [INF] Request finished HTTP/1.1 OPTIONS http://localhost:5283/api/v1/codes/by-code/NOI_DUNG_DAO_TAO_HV - 204 null null 11.3648ms
2026-04-23 08:34:10.052 +07:00 [INF] Request starting HTTP/1.1 GET http://localhost:5283/api/v1/codes/by-code/NOI_DUNG_DAO_TAO_HV - null null
2026-04-23 08:34:10.054 +07:00 [INF] CORS policy execution successful.
2026-04-23 08:34:10.056 +07:00 [INF] Executing endpoint 'ThucLuc.Api.Controllers.V1.CodesController.GetByCode (ThucLuc.Api)'
2026-04-23 08:34:10.058 +07:00 [INF] Route matched with {action = "GetByCode", controller = "Codes"}. Executing controller action with signature System.Threading.Tasks.Task`1[Microsoft.AspNetCore.Mvc.ActionResult`1[ThucLuc.Api.Common.Models.ApiResponse`1[ThucLuc.Application.Features.Codes.CodeDto]]] GetByCode(System.String, System.Threading.CancellationToken) on controller ThucLuc.Api.Controllers.V1.CodesController (ThucLuc.Api).
2026-04-23 08:34:10.105 +07:00 [INF] Executing OkObjectResult, writing value of type 'ThucLuc.Api.Common.Models.ApiResponse`1[[ThucLuc.Application.Features.Codes.CodeDto, ThucLuc.Application, Version=1.0.0.0, Culture=neutral, PublicKeyToken=null]]'.
2026-04-23 08:34:10.107 +07:00 [INF] Executed action ThucLuc.Api.Controllers.V1.CodesController.GetByCode (ThucLuc.Api) in 47.6443ms
2026-04-23 08:34:10.108 +07:00 [INF] Executed endpoint 'ThucLuc.Api.Controllers.V1.CodesController.GetByCode (ThucLuc.Api)'
2026-04-23 08:34:10.109 +07:00 [INF] HTTP GET /api/v1/codes/by-code/NOI_DUNG_DAO_TAO_HV => 200 in 54.6794 ms CorrelationId=7b228546d64b4fba899553810cf6d453 UserId=5001
2026-04-23 08:34:10.111 +07:00 [INF] HTTP GET /api/v1/codes/by-code/NOI_DUNG_DAO_TAO_HV responded 200 in 56.3671 ms
2026-04-23 08:34:10.113 +07:00 [INF] Request finished HTTP/1.1 GET http://localhost:5283/api/v1/codes/by-code/NOI_DUNG_DAO_TAO_HV - 200 null application/json; charset=utf-8 60.4834ms
2026-04-23 08:34:10.115 +07:00 [INF] Request starting HTTP/1.1 OPTIONS http://localhost:5283/api/v1/ky-bao-cao - null null
2026-04-23 08:34:10.115 +07:00 [INF] Request starting HTTP/1.1 OPTIONS http://localhost:5283/api/v1/ky-bao-cao/current - null null
2026-04-23 08:34:10.117 +07:00 [INF] CORS policy execution successful.
2026-04-23 08:34:10.119 +07:00 [INF] CORS policy execution successful.
2026-04-23 08:34:10.119 +07:00 [INF] HTTP OPTIONS /api/v1/ky-bao-cao => 204 in 2.4235 ms CorrelationId=6b5271c1e033459d952ab766e37ec30c UserId=anonymous
2026-04-23 08:34:10.120 +07:00 [INF] HTTP OPTIONS /api/v1/ky-bao-cao/current => 204 in 1.0089 ms CorrelationId=b12935300a4744c4bced7728918843c8 UserId=anonymous
2026-04-23 08:34:10.121 +07:00 [INF] HTTP OPTIONS /api/v1/ky-bao-cao responded 204 in 4.3281 ms
2026-04-23 08:34:10.123 +07:00 [INF] HTTP OPTIONS /api/v1/ky-bao-cao/current responded 204 in 3.8969 ms
2026-04-23 08:34:10.124 +07:00 [INF] Request finished HTTP/1.1 OPTIONS http://localhost:5283/api/v1/ky-bao-cao - 204 null null 8.629ms
2026-04-23 08:34:10.126 +07:00 [INF] Request finished HTTP/1.1 OPTIONS http://localhost:5283/api/v1/ky-bao-cao/current - 204 null null 10.2748ms
2026-04-23 08:34:10.129 +07:00 [INF] Request starting HTTP/1.1 GET http://localhost:5283/api/v1/ky-bao-cao - null null
2026-04-23 08:34:10.132 +07:00 [INF] Request starting HTTP/1.1 GET http://localhost:5283/api/v1/ky-bao-cao/current - null null
2026-04-23 08:34:10.134 +07:00 [INF] CORS policy execution successful.
2026-04-23 08:34:10.136 +07:00 [INF] CORS policy execution successful.
2026-04-23 08:34:10.136 +07:00 [INF] Executing endpoint 'ThucLuc.Api.Controllers.V1.KyBaoCaoController.GetAll (ThucLuc.Api)'
2026-04-23 08:34:10.137 +07:00 [INF] Executing endpoint 'ThucLuc.Api.Controllers.V1.KyBaoCaoController.GetCurrent (ThucLuc.Api)'
2026-04-23 08:34:10.138 +07:00 [INF] Route matched with {action = "GetAll", controller = "KyBaoCao"}. Executing controller action with signature System.Threading.Tasks.Task`1[Microsoft.AspNetCore.Mvc.ActionResult`1[ThucLuc.Api.Common.Models.ApiResponse`1[System.Collections.Generic.IReadOnlyCollection`1[ThucLuc.Application.Features.KyBaoCao.KyBaoCaoDto]]]] GetAll(System.Threading.CancellationToken) on controller ThucLuc.Api.Controllers.V1.KyBaoCaoController (ThucLuc.Api).
2026-04-23 08:34:10.139 +07:00 [INF] Route matched with {action = "GetCurrent", controller = "KyBaoCao"}. Executing controller action with signature System.Threading.Tasks.Task`1[Microsoft.AspNetCore.Mvc.ActionResult`1[ThucLuc.Api.Common.Models.ApiResponse`1[ThucLuc.Application.Features.KyBaoCao.KyBaoCaoDto]]] GetCurrent(System.Threading.CancellationToken) on controller ThucLuc.Api.Controllers.V1.KyBaoCaoController (ThucLuc.Api).
2026-04-23 08:34:10.184 +07:00 [INF] Executing OkObjectResult, writing value of type 'ThucLuc.Api.Common.Models.ApiResponse`1[[ThucLuc.Application.Features.KyBaoCao.KyBaoCaoDto, ThucLuc.Application, Version=1.0.0.0, Culture=neutral, PublicKeyToken=null]]'.
2026-04-23 08:34:10.185 +07:00 [INF] Executing OkObjectResult, writing value of type 'ThucLuc.Api.Common.Models.ApiResponse`1[[System.Collections.Generic.IReadOnlyCollection`1[[ThucLuc.Application.Features.KyBaoCao.KyBaoCaoDto, ThucLuc.Application, Version=1.0.0.0, Culture=neutral, PublicKeyToken=null]], System.Private.CoreLib, Version=8.0.0.0, Culture=neutral, PublicKeyToken=7cec85d7bea7798e]]'.
2026-04-23 08:34:10.186 +07:00 [INF] Executed action ThucLuc.Api.Controllers.V1.KyBaoCaoController.GetCurrent (ThucLuc.Api) in 44.0133ms
2026-04-23 08:34:10.187 +07:00 [INF] Executed action ThucLuc.Api.Controllers.V1.KyBaoCaoController.GetAll (ThucLuc.Api) in 46.6419ms
2026-04-23 08:34:10.188 +07:00 [INF] Executed endpoint 'ThucLuc.Api.Controllers.V1.KyBaoCaoController.GetCurrent (ThucLuc.Api)'
2026-04-23 08:34:10.188 +07:00 [INF] Executed endpoint 'ThucLuc.Api.Controllers.V1.KyBaoCaoController.GetAll (ThucLuc.Api)'
2026-04-23 08:34:10.189 +07:00 [INF] HTTP GET /api/v1/ky-bao-cao/current => 200 in 53.3822 ms CorrelationId=d12e15fafe7e43babd95dac1851862af UserId=5001
2026-04-23 08:34:10.190 +07:00 [INF] HTTP GET /api/v1/ky-bao-cao => 200 in 55.9586 ms CorrelationId=c3abc97827ae46b885411d61c82d8c54 UserId=5001
2026-04-23 08:34:10.191 +07:00 [INF] HTTP GET /api/v1/ky-bao-cao/current responded 200 in 55.5709 ms
2026-04-23 08:34:10.193 +07:00 [INF] HTTP GET /api/v1/ky-bao-cao responded 200 in 58.8930 ms
2026-04-23 08:34:10.194 +07:00 [INF] Request finished HTTP/1.1 GET http://localhost:5283/api/v1/ky-bao-cao/current - 200 null application/json; charset=utf-8 62.099ms
2026-04-23 08:34:10.196 +07:00 [INF] Request finished HTTP/1.1 GET http://localhost:5283/api/v1/ky-bao-cao - 200 null application/json; charset=utf-8 66.8602ms
2026-04-23 08:34:10.202 +07:00 [INF] Request starting HTTP/1.1 OPTIONS http://localhost:5283/api/v1/dao-tao-hoc-vien - null null
2026-04-23 08:34:10.204 +07:00 [INF] CORS policy execution successful.
2026-04-23 08:34:10.204 +07:00 [INF] HTTP OPTIONS /api/v1/dao-tao-hoc-vien => 204 in 0.6084 ms CorrelationId=68a399aa61b843ac849bf15ffd44f5d8 UserId=anonymous
2026-04-23 08:34:10.206 +07:00 [INF] HTTP OPTIONS /api/v1/dao-tao-hoc-vien responded 204 in 2.0996 ms
2026-04-23 08:34:10.207 +07:00 [INF] Request finished HTTP/1.1 OPTIONS http://localhost:5283/api/v1/dao-tao-hoc-vien - 204 null null 5.2028ms
2026-04-23 08:34:10.209 +07:00 [INF] Request starting HTTP/1.1 GET http://localhost:5283/api/v1/dao-tao-hoc-vien - null null
2026-04-23 08:34:10.211 +07:00 [INF] CORS policy execution successful.
2026-04-23 08:34:10.212 +07:00 [INF] Executing endpoint 'ThucLuc.Api.Controllers.V1.DaoTaoHocVienController.GetAll (ThucLuc.Api)'
2026-04-23 08:34:10.213 +07:00 [INF] Route matched with {action = "GetAll", controller = "DaoTaoHocVien"}. Executing controller action with signature System.Threading.Tasks.Task`1[Microsoft.AspNetCore.Mvc.ActionResult`1[ThucLuc.Api.Common.Models.ApiResponse`1[System.Collections.Generic.IReadOnlyCollection`1[ThucLuc.Application.Features.DaoTaoHocVien.DaoTaoHocVienDto]]]] GetAll(ThucLuc.Application.Features.DaoTaoHocVien.DaoTaoHocVienQuery, System.Threading.CancellationToken) on controller ThucLuc.Api.Controllers.V1.DaoTaoHocVienController (ThucLuc.Api).
2026-04-23 08:34:10.261 +07:00 [INF] Executing OkObjectResult, writing value of type 'ThucLuc.Api.Common.Models.ApiResponse`1[[System.Collections.Generic.IReadOnlyCollection`1[[ThucLuc.Application.Features.DaoTaoHocVien.DaoTaoHocVienDto, ThucLuc.Application, Version=1.0.0.0, Culture=neutral, PublicKeyToken=null]], System.Private.CoreLib, Version=8.0.0.0, Culture=neutral, PublicKeyToken=7cec85d7bea7798e]]'.
2026-04-23 08:34:10.262 +07:00 [INF] Executed action ThucLuc.Api.Controllers.V1.DaoTaoHocVienController.GetAll (ThucLuc.Api) in 47.7664ms
2026-04-23 08:34:10.264 +07:00 [INF] Executed endpoint 'ThucLuc.Api.Controllers.V1.DaoTaoHocVienController.GetAll (ThucLuc.Api)'
2026-04-23 08:34:10.264 +07:00 [INF] HTTP GET /api/v1/dao-tao-hoc-vien => 200 in 53.1004 ms CorrelationId=25e63009e33e401abff2f1d365b65477 UserId=5001
2026-04-23 08:34:10.266 +07:00 [INF] HTTP GET /api/v1/dao-tao-hoc-vien responded 200 in 54.5622 ms
2026-04-23 08:34:10.267 +07:00 [INF] Request finished HTTP/1.1 GET http://localhost:5283/api/v1/dao-tao-hoc-vien - 200 null application/json; charset=utf-8 58.0966ms
2026-04-23 08:34:10.270 +07:00 [INF] Request starting HTTP/1.1 OPTIONS http://localhost:5283/api/v1/snapshot?kyBaoCaoId=6001 - null null
2026-04-23 08:34:10.272 +07:00 [INF] CORS policy execution successful.
2026-04-23 08:34:10.272 +07:00 [INF] HTTP OPTIONS /api/v1/snapshot => 204 in 0.5943 ms CorrelationId=f8be90d49250467ab06d5288f68647ce UserId=anonymous
2026-04-23 08:34:10.273 +07:00 [INF] HTTP OPTIONS /api/v1/snapshot responded 204 in 1.8768 ms
2026-04-23 08:34:10.274 +07:00 [INF] Request finished HTTP/1.1 OPTIONS http://localhost:5283/api/v1/snapshot?kyBaoCaoId=6001 - 204 null null 4.717ms
2026-04-23 08:34:10.276 +07:00 [INF] Request starting HTTP/1.1 GET http://localhost:5283/api/v1/snapshot?kyBaoCaoId=6001 - null null
2026-04-23 08:34:10.279 +07:00 [INF] CORS policy execution successful.
2026-04-23 08:34:10.280 +07:00 [INF] Executing endpoint 'ThucLuc.Api.Controllers.V1.BaoCaoSnapshotController.GetByKy (ThucLuc.Api)'
2026-04-23 08:34:10.281 +07:00 [INF] Route matched with {action = "GetByKy", controller = "BaoCaoSnapshot"}. Executing controller action with signature System.Threading.Tasks.Task`1[Microsoft.AspNetCore.Mvc.ActionResult`1[ThucLuc.Api.Common.Models.ApiResponse`1[System.Collections.Generic.IReadOnlyCollection`1[ThucLuc.Application.Features.BaoCaoSnapshot.BaoCaoSnapshotDto]]]] GetByKy(Int64, System.Threading.CancellationToken) on controller ThucLuc.Api.Controllers.V1.BaoCaoSnapshotController (ThucLuc.Api).
2026-04-23 08:34:10.290 +07:00 [INF] Executing OkObjectResult, writing value of type 'ThucLuc.Api.Common.Models.ApiResponse`1[[System.Collections.Generic.IReadOnlyCollection`1[[ThucLuc.Application.Features.BaoCaoSnapshot.BaoCaoSnapshotDto, ThucLuc.Application, Version=1.0.0.0, Culture=neutral, PublicKeyToken=null]], System.Private.CoreLib, Version=8.0.0.0, Culture=neutral, PublicKeyToken=7cec85d7bea7798e]]'.
2026-04-23 08:34:10.291 +07:00 [INF] Executed action ThucLuc.Api.Controllers.V1.BaoCaoSnapshotController.GetByKy (ThucLuc.Api) in 8.4523ms
2026-04-23 08:34:10.292 +07:00 [INF] Executed endpoint 'ThucLuc.Api.Controllers.V1.BaoCaoSnapshotController.GetByKy (ThucLuc.Api)'
2026-04-23 08:34:10.293 +07:00 [INF] HTTP GET /api/v1/snapshot => 200 in 13.7917 ms CorrelationId=27ccc0d6cba940efa80a470f1d3f1cbd UserId=5001
2026-04-23 08:34:10.294 +07:00 [INF] HTTP GET /api/v1/snapshot responded 200 in 15.2645 ms
2026-04-23 08:34:10.296 +07:00 [INF] Request finished HTTP/1.1 GET http://localhost:5283/api/v1/snapshot?kyBaoCaoId=6001 - 200 null application/json; charset=utf-8 19.4974ms
2026-04-23 08:34:10.611 +07:00 [INF] Request starting HTTP/1.1 OPTIONS http://localhost:5283/api/v1/dao-tao-boi-duong - null null
2026-04-23 08:34:10.614 +07:00 [INF] CORS policy execution successful.
2026-04-23 08:34:10.614 +07:00 [INF] HTTP OPTIONS /api/v1/dao-tao-boi-duong => 204 in 0.6398 ms CorrelationId=bfa27eb721b046ac8d571ce972db739b UserId=anonymous
2026-04-23 08:34:10.616 +07:00 [INF] HTTP OPTIONS /api/v1/dao-tao-boi-duong responded 204 in 2.1498 ms
2026-04-23 08:34:10.617 +07:00 [INF] Request finished HTTP/1.1 OPTIONS http://localhost:5283/api/v1/dao-tao-boi-duong - 204 null null 5.7797ms
2026-04-23 08:34:10.619 +07:00 [INF] Request starting HTTP/1.1 GET http://localhost:5283/api/v1/dao-tao-boi-duong - null null
2026-04-23 08:34:10.621 +07:00 [INF] CORS policy execution successful.
2026-04-23 08:34:10.622 +07:00 [INF] Executing endpoint 'ThucLuc.Api.Controllers.V1.DaoTaoBoiDuongController.GetAll (ThucLuc.Api)'
2026-04-23 08:34:10.625 +07:00 [INF] Route matched with {action = "GetAll", controller = "DaoTaoBoiDuong"}. Executing controller action with signature System.Threading.Tasks.Task`1[Microsoft.AspNetCore.Mvc.ActionResult`1[ThucLuc.Api.Common.Models.ApiResponse`1[System.Collections.Generic.IReadOnlyCollection`1[ThucLuc.Application.Features.DaoTaoBoiDuong.DaoTaoBoiDuongDto]]]] GetAll(System.Threading.CancellationToken) on controller ThucLuc.Api.Controllers.V1.DaoTaoBoiDuongController (ThucLuc.Api).
2026-04-23 08:34:10.645 +07:00 [INF] Executing OkObjectResult, writing value of type 'ThucLuc.Api.Common.Models.ApiResponse`1[[System.Collections.Generic.IReadOnlyCollection`1[[ThucLuc.Application.Features.DaoTaoBoiDuong.DaoTaoBoiDuongDto, ThucLuc.Application, Version=1.0.0.0, Culture=neutral, PublicKeyToken=null]], System.Private.CoreLib, Version=8.0.0.0, Culture=neutral, PublicKeyToken=7cec85d7bea7798e]]'.
2026-04-23 08:34:10.650 +07:00 [INF] Executed action ThucLuc.Api.Controllers.V1.DaoTaoBoiDuongController.GetAll (ThucLuc.Api) in 23.3736ms
2026-04-23 08:34:10.651 +07:00 [INF] Executed endpoint 'ThucLuc.Api.Controllers.V1.DaoTaoBoiDuongController.GetAll (ThucLuc.Api)'
2026-04-23 08:34:10.652 +07:00 [INF] HTTP GET /api/v1/dao-tao-boi-duong => 200 in 31.1875 ms CorrelationId=551bec5cbafa4342b45e344e08061b55 UserId=5001
2026-04-23 08:34:10.654 +07:00 [INF] HTTP GET /api/v1/dao-tao-boi-duong responded 200 in 32.9561 ms
2026-04-23 08:34:10.655 +07:00 [INF] Request finished HTTP/1.1 GET http://localhost:5283/api/v1/dao-tao-boi-duong - 200 null application/json; charset=utf-8 35.7879ms
2026-04-23 08:42:11.428 +07:00 [INF] Request starting HTTP/1.1 OPTIONS http://localhost:5283/api/v1/codes/by-code/GIOI_TINH - null null
2026-04-23 08:42:11.428 +07:00 [INF] Request starting HTTP/1.1 OPTIONS http://localhost:5283/api/v1/codes/by-code/CAP_BAC_CONG_AN - null null
2026-04-23 08:42:11.428 +07:00 [INF] Request starting HTTP/1.1 OPTIONS http://localhost:5283/api/v1/codes/by-code/TRINH_DO_LLCT - null null
2026-04-23 08:42:11.429 +07:00 [INF] Request starting HTTP/1.1 OPTIONS http://localhost:5283/api/v1/codes/by-code/LOAI_NHAN_LUC - null null
2026-04-23 08:42:11.429 +07:00 [INF] Request starting HTTP/1.1 OPTIONS http://localhost:5283/api/v1/codes/by-code/TRINH_DO_CNTT - null null
2026-04-23 08:42:11.429 +07:00 [INF] Request starting HTTP/1.1 OPTIONS http://localhost:5283/api/v1/don-vi/tree - null null
2026-04-23 08:42:11.443 +07:00 [INF] CORS policy execution successful.
2026-04-23 08:42:11.453 +07:00 [INF] HTTP OPTIONS /api/v1/codes/by-code/GIOI_TINH => 204 in 9.8297 ms CorrelationId=229873ca93b54d5a892365be69547f00 UserId=anonymous
2026-04-23 08:42:11.454 +07:00 [INF] HTTP OPTIONS /api/v1/codes/by-code/GIOI_TINH responded 204 in 10.7416 ms
2026-04-23 08:42:11.448 +07:00 [INF] CORS policy execution successful.
2026-04-23 08:42:11.455 +07:00 [INF] HTTP OPTIONS /api/v1/codes/by-code/LOAI_NHAN_LUC => 204 in 6.7277 ms CorrelationId=a675f73aa7d743fdb9596f8ae4fbb385 UserId=anonymous
2026-04-23 08:42:11.457 +07:00 [INF] HTTP OPTIONS /api/v1/codes/by-code/LOAI_NHAN_LUC responded 204 in 8.3153 ms
2026-04-23 08:42:11.445 +07:00 [INF] CORS policy execution successful.
2026-04-23 08:42:11.461 +07:00 [INF] HTTP OPTIONS /api/v1/codes/by-code/CAP_BAC_CONG_AN => 204 in 15.6336 ms CorrelationId=04fa281d0f3f4e30802ee2eddd65c58b UserId=anonymous
2026-04-23 08:42:11.455 +07:00 [INF] Request finished HTTP/1.1 OPTIONS http://localhost:5283/api/v1/codes/by-code/GIOI_TINH - 204 null null 26.5134ms
2026-04-23 08:42:11.465 +07:00 [INF] Request starting HTTP/1.1 GET http://localhost:5283/api/v1/codes/by-code/GIOI_TINH - null null
2026-04-23 08:42:11.453 +07:00 [INF] CORS policy execution successful.
2026-04-23 08:42:11.467 +07:00 [INF] HTTP OPTIONS /api/v1/don-vi/tree => 204 in 13.8791 ms CorrelationId=d476977b06354e0b980330630e91e52a UserId=anonymous
2026-04-23 08:42:11.467 +07:00 [INF] HTTP OPTIONS /api/v1/don-vi/tree responded 204 in 14.7162 ms
2026-04-23 08:42:11.468 +07:00 [INF] Request finished HTTP/1.1 OPTIONS http://localhost:5283/api/v1/don-vi/tree - 204 null null 39.1296ms
2026-04-23 08:42:11.451 +07:00 [INF] CORS policy execution successful.
2026-04-23 08:42:11.466 +07:00 [INF] CORS policy execution successful.
2026-04-23 08:42:11.460 +07:00 [INF] Request finished HTTP/1.1 OPTIONS http://localhost:5283/api/v1/codes/by-code/LOAI_NHAN_LUC - 204 null null 31.6753ms
2026-04-23 08:42:11.446 +07:00 [INF] CORS policy execution successful.
2026-04-23 08:42:11.464 +07:00 [INF] HTTP OPTIONS /api/v1/codes/by-code/CAP_BAC_CONG_AN responded 204 in 18.5044 ms
2026-04-23 08:42:11.471 +07:00 [INF] Request starting HTTP/1.1 GET http://localhost:5283/api/v1/don-vi/tree - null null
2026-04-23 08:42:11.472 +07:00 [INF] HTTP OPTIONS /api/v1/codes/by-code/TRINH_DO_CNTT => 204 in 20.881 ms CorrelationId=1969a53d9e43484d8f46ea93bc968b8e UserId=anonymous
2026-04-23 08:42:11.473 +07:00 [INF] Executing endpoint 'ThucLuc.Api.Controllers.V1.CodesController.GetByCode (ThucLuc.Api)'
2026-04-23 08:42:11.478 +07:00 [INF] Request starting HTTP/1.1 GET http://localhost:5283/api/v1/codes/by-code/LOAI_NHAN_LUC - null null
2026-04-23 08:42:11.488 +07:00 [INF] CORS policy execution successful.
2026-04-23 08:42:11.481 +07:00 [INF] Request finished HTTP/1.1 OPTIONS http://localhost:5283/api/v1/codes/by-code/CAP_BAC_CONG_AN - 204 null null 52.7816ms
2026-04-23 08:42:11.483 +07:00 [INF] CORS policy execution successful.
2026-04-23 08:42:11.485 +07:00 [INF] HTTP OPTIONS /api/v1/codes/by-code/TRINH_DO_CNTT responded 204 in 33.8594 ms
2026-04-23 08:42:11.495 +07:00 [INF] Request finished HTTP/1.1 OPTIONS http://localhost:5283/api/v1/codes/by-code/TRINH_DO_CNTT - 204 null null 66.4031ms
2026-04-23 08:42:11.479 +07:00 [INF] HTTP OPTIONS /api/v1/codes/by-code/TRINH_DO_LLCT => 204 in 33.2519 ms CorrelationId=aee0e4eaa9d64f5c96f585b5b4f54ffb UserId=anonymous
2026-04-23 08:42:11.491 +07:00 [INF] Executing endpoint 'ThucLuc.Api.Controllers.V1.CodesController.GetByCode (ThucLuc.Api)'
2026-04-23 08:42:11.493 +07:00 [INF] Request starting HTTP/1.1 GET http://localhost:5283/api/v1/codes/by-code/CAP_BAC_CONG_AN - null null
2026-04-23 08:42:11.494 +07:00 [INF] Executing endpoint 'ThucLuc.Api.Controllers.V1.DonViController.GetTree (ThucLuc.Api)'
2026-04-23 08:42:11.486 +07:00 [INF] Route matched with {action = "GetByCode", controller = "Codes"}. Executing controller action with signature System.Threading.Tasks.Task`1[Microsoft.AspNetCore.Mvc.ActionResult`1[ThucLuc.Api.Common.Models.ApiResponse`1[ThucLuc.Application.Features.Codes.CodeDto]]] GetByCode(System.String, System.Threading.CancellationToken) on controller ThucLuc.Api.Controllers.V1.CodesController (ThucLuc.Api).
2026-04-23 08:42:11.498 +07:00 [INF] Request starting HTTP/1.1 GET http://localhost:5283/api/v1/codes/by-code/TRINH_DO_CNTT - null null
2026-04-23 08:42:11.499 +07:00 [INF] HTTP OPTIONS /api/v1/codes/by-code/TRINH_DO_LLCT responded 204 in 53.2064 ms
2026-04-23 08:42:11.500 +07:00 [INF] Route matched with {action = "GetByCode", controller = "Codes"}. Executing controller action with signature System.Threading.Tasks.Task`1[Microsoft.AspNetCore.Mvc.ActionResult`1[ThucLuc.Api.Common.Models.ApiResponse`1[ThucLuc.Application.Features.Codes.CodeDto]]] GetByCode(System.String, System.Threading.CancellationToken) on controller ThucLuc.Api.Controllers.V1.CodesController (ThucLuc.Api).
2026-04-23 08:42:11.502 +07:00 [INF] CORS policy execution successful.
2026-04-23 08:42:11.507 +07:00 [INF] Route matched with {action = "GetTree", controller = "DonVi"}. Executing controller action with signature System.Threading.Tasks.Task`1[Microsoft.AspNetCore.Mvc.ActionResult`1[ThucLuc.Api.Common.Models.ApiResponse`1[System.Collections.Generic.IReadOnlyCollection`1[ThucLuc.Application.Features.DonVi.DonViDto]]]] GetTree(System.Threading.CancellationToken) on controller ThucLuc.Api.Controllers.V1.DonViController (ThucLuc.Api).
2026-04-23 08:42:11.508 +07:00 [INF] CORS policy execution successful.
2026-04-23 08:42:11.510 +07:00 [INF] Request finished HTTP/1.1 OPTIONS http://localhost:5283/api/v1/codes/by-code/TRINH_DO_LLCT - 204 null null 81.1923ms
2026-04-23 08:42:11.512 +07:00 [INF] Executing endpoint 'ThucLuc.Api.Controllers.V1.CodesController.GetByCode (ThucLuc.Api)'
2026-04-23 08:42:11.514 +07:00 [INF] Executing endpoint 'ThucLuc.Api.Controllers.V1.CodesController.GetByCode (ThucLuc.Api)'
2026-04-23 08:42:11.516 +07:00 [INF] Request starting HTTP/1.1 GET http://localhost:5283/api/v1/codes/by-code/TRINH_DO_LLCT - null null
2026-04-23 08:42:11.517 +07:00 [INF] Route matched with {action = "GetByCode", controller = "Codes"}. Executing controller action with signature System.Threading.Tasks.Task`1[Microsoft.AspNetCore.Mvc.ActionResult`1[ThucLuc.Api.Common.Models.ApiResponse`1[ThucLuc.Application.Features.Codes.CodeDto]]] GetByCode(System.String, System.Threading.CancellationToken) on controller ThucLuc.Api.Controllers.V1.CodesController (ThucLuc.Api).
2026-04-23 08:42:11.518 +07:00 [INF] Route matched with {action = "GetByCode", controller = "Codes"}. Executing controller action with signature System.Threading.Tasks.Task`1[Microsoft.AspNetCore.Mvc.ActionResult`1[ThucLuc.Api.Common.Models.ApiResponse`1[ThucLuc.Application.Features.Codes.CodeDto]]] GetByCode(System.String, System.Threading.CancellationToken) on controller ThucLuc.Api.Controllers.V1.CodesController (ThucLuc.Api).
2026-04-23 08:42:11.521 +07:00 [INF] CORS policy execution successful.
2026-04-23 08:42:11.525 +07:00 [INF] Executing endpoint 'ThucLuc.Api.Controllers.V1.CodesController.GetByCode (ThucLuc.Api)'
2026-04-23 08:42:11.526 +07:00 [INF] Route matched with {action = "GetByCode", controller = "Codes"}. Executing controller action with signature System.Threading.Tasks.Task`1[Microsoft.AspNetCore.Mvc.ActionResult`1[ThucLuc.Api.Common.Models.ApiResponse`1[ThucLuc.Application.Features.Codes.CodeDto]]] GetByCode(System.String, System.Threading.CancellationToken) on controller ThucLuc.Api.Controllers.V1.CodesController (ThucLuc.Api).
2026-04-23 08:42:11.555 +07:00 [INF] Executing OkObjectResult, writing value of type 'ThucLuc.Api.Common.Models.ApiResponse`1[[ThucLuc.Application.Features.Codes.CodeDto, ThucLuc.Application, Version=1.0.0.0, Culture=neutral, PublicKeyToken=null]]'.
2026-04-23 08:42:11.556 +07:00 [INF] Executing OkObjectResult, writing value of type 'ThucLuc.Api.Common.Models.ApiResponse`1[[ThucLuc.Application.Features.Codes.CodeDto, ThucLuc.Application, Version=1.0.0.0, Culture=neutral, PublicKeyToken=null]]'.
2026-04-23 08:42:11.559 +07:00 [INF] Executed action ThucLuc.Api.Controllers.V1.CodesController.GetByCode (ThucLuc.Api) in 47.7072ms
2026-04-23 08:42:11.560 +07:00 [INF] Executed action ThucLuc.Api.Controllers.V1.CodesController.GetByCode (ThucLuc.Api) in 53.6608ms
2026-04-23 08:42:11.560 +07:00 [INF] Executed endpoint 'ThucLuc.Api.Controllers.V1.CodesController.GetByCode (ThucLuc.Api)'
2026-04-23 08:42:11.562 +07:00 [INF] HTTP GET /api/v1/codes/by-code/LOAI_NHAN_LUC => 200 in 73.949 ms CorrelationId=ee430ce02dc643c6867f4c938474af03 UserId=5001
2026-04-23 08:42:11.561 +07:00 [INF] Executed endpoint 'ThucLuc.Api.Controllers.V1.CodesController.GetByCode (ThucLuc.Api)'
2026-04-23 08:42:11.564 +07:00 [INF] HTTP GET /api/v1/codes/by-code/LOAI_NHAN_LUC responded 200 in 75.8717 ms
2026-04-23 08:42:11.565 +07:00 [INF] HTTP GET /api/v1/codes/by-code/GIOI_TINH => 200 in 98.6722 ms CorrelationId=26ac28fe1ffc4790b02d75e427edb1d0 UserId=5001
2026-04-23 08:42:11.567 +07:00 [INF] Request finished HTTP/1.1 GET http://localhost:5283/api/v1/codes/by-code/LOAI_NHAN_LUC - 200 null application/json; charset=utf-8 89.2582ms
2026-04-23 08:42:11.569 +07:00 [INF] HTTP GET /api/v1/codes/by-code/GIOI_TINH responded 200 in 102.9497 ms
2026-04-23 08:42:11.575 +07:00 [INF] Request finished HTTP/1.1 GET http://localhost:5283/api/v1/codes/by-code/GIOI_TINH - 200 null application/json; charset=utf-8 109.9553ms
2026-04-23 08:42:11.600 +07:00 [INF] Executing OkObjectResult, writing value of type 'ThucLuc.Api.Common.Models.ApiResponse`1[[System.Collections.Generic.IReadOnlyCollection`1[[ThucLuc.Application.Features.DonVi.DonViDto, ThucLuc.Application, Version=1.0.0.0, Culture=neutral, PublicKeyToken=null]], System.Private.CoreLib, Version=8.0.0.0, Culture=neutral, PublicKeyToken=7cec85d7bea7798e]]'.
2026-04-23 08:42:11.603 +07:00 [INF] Executed action ThucLuc.Api.Controllers.V1.DonViController.GetTree (ThucLuc.Api) in 90.1349ms
2026-04-23 08:42:11.605 +07:00 [INF] Executed endpoint 'ThucLuc.Api.Controllers.V1.DonViController.GetTree (ThucLuc.Api)'
2026-04-23 08:42:11.607 +07:00 [INF] HTTP GET /api/v1/don-vi/tree => 200 in 123.9138 ms CorrelationId=b3729e5defec458f80fa4b0a4b8994ce UserId=5001
2026-04-23 08:42:11.609 +07:00 [INF] HTTP GET /api/v1/don-vi/tree responded 200 in 125.8908 ms
2026-04-23 08:42:11.610 +07:00 [INF] Request finished HTTP/1.1 GET http://localhost:5283/api/v1/don-vi/tree - 200 null application/json; charset=utf-8 139.3824ms
2026-04-23 08:42:11.622 +07:00 [INF] Executing OkObjectResult, writing value of type 'ThucLuc.Api.Common.Models.ApiResponse`1[[ThucLuc.Application.Features.Codes.CodeDto, ThucLuc.Application, Version=1.0.0.0, Culture=neutral, PublicKeyToken=null]]'.
2026-04-23 08:42:11.622 +07:00 [INF] Executing OkObjectResult, writing value of type 'ThucLuc.Api.Common.Models.ApiResponse`1[[ThucLuc.Application.Features.Codes.CodeDto, ThucLuc.Application, Version=1.0.0.0, Culture=neutral, PublicKeyToken=null]]'.
2026-04-23 08:42:11.623 +07:00 [INF] Executing OkObjectResult, writing value of type 'ThucLuc.Api.Common.Models.ApiResponse`1[[ThucLuc.Application.Features.Codes.CodeDto, ThucLuc.Application, Version=1.0.0.0, Culture=neutral, PublicKeyToken=null]]'.
2026-04-23 08:42:11.625 +07:00 [INF] Executed action ThucLuc.Api.Controllers.V1.CodesController.GetByCode (ThucLuc.Api) in 99.8093ms
2026-04-23 08:42:11.625 +07:00 [INF] Executed action ThucLuc.Api.Controllers.V1.CodesController.GetByCode (ThucLuc.Api) in 102.7031ms
2026-04-23 08:42:11.627 +07:00 [INF] Executed action ThucLuc.Api.Controllers.V1.CodesController.GetByCode (ThucLuc.Api) in 98.7728ms
2026-04-23 08:42:11.628 +07:00 [INF] Executed endpoint 'ThucLuc.Api.Controllers.V1.CodesController.GetByCode (ThucLuc.Api)'
2026-04-23 08:42:11.630 +07:00 [INF] Executed endpoint 'ThucLuc.Api.Controllers.V1.CodesController.GetByCode (ThucLuc.Api)'
2026-04-23 08:42:11.633 +07:00 [INF] Executed endpoint 'ThucLuc.Api.Controllers.V1.CodesController.GetByCode (ThucLuc.Api)'
2026-04-23 08:42:11.633 +07:00 [INF] HTTP GET /api/v1/codes/by-code/TRINH_DO_CNTT => 200 in 125.8 ms CorrelationId=29a09121d6154938951d2f77edd7d581 UserId=5001
2026-04-23 08:42:11.634 +07:00 [INF] HTTP GET /api/v1/codes/by-code/CAP_BAC_CONG_AN => 200 in 131.8267 ms CorrelationId=0c809af62f214162abe8f9cf81a6e240 UserId=5001
2026-04-23 08:42:11.635 +07:00 [INF] HTTP GET /api/v1/codes/by-code/TRINH_DO_LLCT => 200 in 114.65 ms CorrelationId=d2be601fc9534f9e8a3b98b102312907 UserId=5001
2026-04-23 08:42:11.637 +07:00 [INF] HTTP GET /api/v1/codes/by-code/TRINH_DO_CNTT responded 200 in 129.1051 ms
2026-04-23 08:42:11.638 +07:00 [INF] HTTP GET /api/v1/codes/by-code/CAP_BAC_CONG_AN responded 200 in 135.8814 ms
2026-04-23 08:42:11.642 +07:00 [INF] HTTP GET /api/v1/codes/by-code/TRINH_DO_LLCT responded 200 in 121.2530 ms
2026-04-23 08:42:11.644 +07:00 [INF] Request finished HTTP/1.1 GET http://localhost:5283/api/v1/codes/by-code/TRINH_DO_CNTT - 200 null application/json; charset=utf-8 145.8456ms
2026-04-23 08:42:11.645 +07:00 [INF] Request finished HTTP/1.1 GET http://localhost:5283/api/v1/codes/by-code/CAP_BAC_CONG_AN - 200 null application/json; charset=utf-8 151.6562ms
2026-04-23 08:42:11.646 +07:00 [INF] Request finished HTTP/1.1 GET http://localhost:5283/api/v1/codes/by-code/TRINH_DO_LLCT - 200 null application/json; charset=utf-8 129.9787ms
2026-04-23 08:42:11.655 +07:00 [INF] Request starting HTTP/1.1 OPTIONS http://localhost:5283/api/v1/nhan-luc-cntt?page=1&pageSize=10&namBaoCao=2026 - null null
2026-04-23 08:42:11.658 +07:00 [INF] CORS policy execution successful.
2026-04-23 08:42:11.659 +07:00 [INF] HTTP OPTIONS /api/v1/nhan-luc-cntt => 204 in 0.9886 ms CorrelationId=7bab25fd76ed441bab77bd0297032200 UserId=anonymous
2026-04-23 08:42:11.661 +07:00 [INF] HTTP OPTIONS /api/v1/nhan-luc-cntt responded 204 in 3.2381 ms
2026-04-23 08:42:11.662 +07:00 [INF] Request finished HTTP/1.1 OPTIONS http://localhost:5283/api/v1/nhan-luc-cntt?page=1&pageSize=10&namBaoCao=2026 - 204 null null 7.8425ms
2026-04-23 08:42:11.665 +07:00 [INF] Request starting HTTP/1.1 GET http://localhost:5283/api/v1/nhan-luc-cntt?page=1&pageSize=10&namBaoCao=2026 - null null
2026-04-23 08:42:11.667 +07:00 [INF] CORS policy execution successful.
2026-04-23 08:42:11.668 +07:00 [INF] Executing endpoint 'ThucLuc.Api.Controllers.V1.NhanLucCnttController.GetAll (ThucLuc.Api)'
2026-04-23 08:42:11.672 +07:00 [INF] Route matched with {action = "GetAll", controller = "NhanLucCntt"}. Executing controller action with signature System.Threading.Tasks.Task`1[Microsoft.AspNetCore.Mvc.ActionResult`1[ThucLuc.Api.Common.Models.ApiResponse`1[ThucLuc.Application.Common.Models.PagedResult`1[ThucLuc.Application.Features.NhanLucCntt.NhanLucCnttDto]]]] GetAll(ThucLuc.Application.Features.NhanLucCntt.NhanLucCnttQuery, System.Threading.CancellationToken) on controller ThucLuc.Api.Controllers.V1.NhanLucCnttController (ThucLuc.Api).
2026-04-23 08:42:11.723 +07:00 [INF] Executing OkObjectResult, writing value of type 'ThucLuc.Api.Common.Models.ApiResponse`1[[ThucLuc.Application.Common.Models.PagedResult`1[[ThucLuc.Application.Features.NhanLucCntt.NhanLucCnttDto, ThucLuc.Application, Version=1.0.0.0, Culture=neutral, PublicKeyToken=null]], ThucLuc.Application, Version=1.0.0.0, Culture=neutral, PublicKeyToken=null]]'.
2026-04-23 08:42:11.728 +07:00 [INF] Executed action ThucLuc.Api.Controllers.V1.NhanLucCnttController.GetAll (ThucLuc.Api) in 53.1899ms
2026-04-23 08:42:11.729 +07:00 [INF] Executed endpoint 'ThucLuc.Api.Controllers.V1.NhanLucCnttController.GetAll (ThucLuc.Api)'
2026-04-23 08:42:11.730 +07:00 [INF] HTTP GET /api/v1/nhan-luc-cntt => 200 in 63.7905 ms CorrelationId=4dfc3af277154ffc84cf38cbf603a205 UserId=5001
2026-04-23 08:42:11.732 +07:00 [INF] HTTP GET /api/v1/nhan-luc-cntt responded 200 in 65.4048 ms
2026-04-23 08:42:11.733 +07:00 [INF] Request finished HTTP/1.1 GET http://localhost:5283/api/v1/nhan-luc-cntt?page=1&pageSize=10&namBaoCao=2026 - 200 null application/json; charset=utf-8 68.714ms
2026-04-23 08:48:35.915 +07:00 [WRN] The decimal property 'KinhPhi' on entity type 'DaoTaoNuocNgoai' does not have a store type specified. This may lead to a precision loss if the values do not fit in the default precision and scale. Oracle recommends to explicitly specify the column type that can accommodate all the values in 'OnModelCreating' using 'HasColumnType', specify precision and scale using 'HasPrecision', or configure a value converter using 'HasConversion'.
2026-04-23 08:48:36.966 +07:00 [INF] Baseline seed data has been applied successfully.
2026-04-23 08:48:37.037 +07:00 [INF] User profile is available. Using 'C:\Users\CNTT\AppData\Local\ASP.NET\DataProtection-Keys' as key repository and Windows DPAPI to encrypt keys at rest.
2026-04-23 08:48:37.110 +07:00 [INF] Now listening on: http://localhost:5283
2026-04-23 08:48:37.111 +07:00 [INF] Application started. Press Ctrl+C to shut down.
2026-04-23 08:48:37.111 +07:00 [INF] Hosting environment: Development
2026-04-23 08:48:37.112 +07:00 [INF] Content root path: D:\Projects\ThucLuc_V2\.sources\backend\src\api
2026-04-23 09:19:41.859 +07:00 [INF] Application is shutting down...
2026-04-23 09:43:07.422 +07:00 [WRN] The decimal property 'KinhPhi' on entity type 'DaoTaoNuocNgoai' does not have a store type specified. This may lead to a precision loss if the values do not fit in the default precision and scale. Oracle recommends to explicitly specify the column type that can accommodate all the values in 'OnModelCreating' using 'HasColumnType', specify precision and scale using 'HasPrecision', or configure a value converter using 'HasConversion'.
2026-04-23 09:43:08.618 +07:00 [INF] Baseline seed data has been applied successfully.
2026-04-23 09:43:08.683 +07:00 [INF] User profile is available. Using 'C:\Users\CNTT\AppData\Local\ASP.NET\DataProtection-Keys' as key repository and Windows DPAPI to encrypt keys at rest.
2026-04-23 09:43:08.729 +07:00 [INF] Now listening on: http://localhost:5283
2026-04-23 09:43:08.731 +07:00 [INF] Application started. Press Ctrl+C to shut down.
2026-04-23 09:43:08.732 +07:00 [INF] Hosting environment: Development
2026-04-23 09:43:08.733 +07:00 [INF] Content root path: D:\Projects\ThucLuc_V2\.sources\backend\src\api
2026-04-23 09:43:11.573 +07:00 [INF] Request starting HTTP/1.1 OPTIONS http://localhost:5283/api/v1/codes/by-code/CAP_BAC_CONG_AN - null null
2026-04-23 09:43:11.573 +07:00 [INF] Request starting HTTP/1.1 OPTIONS http://localhost:5283/api/v1/codes/by-code/GIOI_TINH - null null
2026-04-23 09:43:11.573 +07:00 [INF] Request starting HTTP/1.1 OPTIONS http://localhost:5283/api/v1/codes/by-code/TRINH_DO_LLCT - null null
2026-04-23 09:43:11.573 +07:00 [INF] Request starting HTTP/1.1 OPTIONS http://localhost:5283/api/v1/codes/by-code/LOAI_NHAN_LUC - null null
2026-04-23 09:43:11.573 +07:00 [INF] Request starting HTTP/1.1 OPTIONS http://localhost:5283/api/v1/codes/by-code/TRINH_DO_CNTT - null null
2026-04-23 09:43:11.573 +07:00 [INF] Request starting HTTP/1.1 OPTIONS http://localhost:5283/api/v1/don-vi/2001 - null null
2026-04-23 09:43:11.615 +07:00 [WRN] Failed to determine the https port for redirect.
2026-04-23 09:43:11.617 +07:00 [INF] CORS policy execution successful.
2026-04-23 09:43:11.617 +07:00 [INF] CORS policy execution successful.
2026-04-23 09:43:11.617 +07:00 [INF] CORS policy execution successful.
2026-04-23 09:43:11.617 +07:00 [INF] CORS policy execution successful.
2026-04-23 09:43:11.617 +07:00 [INF] CORS policy execution successful.
2026-04-23 09:43:11.617 +07:00 [INF] CORS policy execution successful.
2026-04-23 09:43:11.620 +07:00 [INF] HTTP OPTIONS /api/v1/codes/by-code/GIOI_TINH => 204 in 14.6823 ms CorrelationId=38bf6b330f504e37810f2793b9ad1ab7 UserId=anonymous
2026-04-23 09:43:11.620 +07:00 [INF] HTTP OPTIONS /api/v1/codes/by-code/CAP_BAC_CONG_AN => 204 in 13.3513 ms CorrelationId=32d1a2136e614a19896478a2ce42eadd UserId=anonymous
2026-04-23 09:43:11.620 +07:00 [INF] HTTP OPTIONS /api/v1/codes/by-code/TRINH_DO_LLCT => 204 in 13.4836 ms CorrelationId=0c52df55279f4037b01a30a47aff7ac8 UserId=anonymous
2026-04-23 09:43:11.621 +07:00 [INF] HTTP OPTIONS /api/v1/don-vi/2001 => 204 in 15.579 ms CorrelationId=4c78b3ee415946e2b6aac42086af3745 UserId=anonymous
2026-04-23 09:43:11.622 +07:00 [INF] HTTP OPTIONS /api/v1/codes/by-code/TRINH_DO_CNTT => 204 in 16.6907 ms CorrelationId=499cd90df83441ca9ea0e09369769275 UserId=anonymous
2026-04-23 09:43:11.622 +07:00 [INF] HTTP OPTIONS /api/v1/codes/by-code/LOAI_NHAN_LUC => 204 in 17.358 ms CorrelationId=46a6fa7fe52444c3a7a6ebaf525f5ca2 UserId=anonymous
2026-04-23 09:43:11.627 +07:00 [INF] HTTP OPTIONS /api/v1/codes/by-code/GIOI_TINH responded 204 in 25.0774 ms
2026-04-23 09:43:11.629 +07:00 [INF] HTTP OPTIONS /api/v1/codes/by-code/CAP_BAC_CONG_AN responded 204 in 28.3024 ms
2026-04-23 09:43:11.632 +07:00 [INF] HTTP OPTIONS /api/v1/codes/by-code/TRINH_DO_LLCT responded 204 in 31.2846 ms
2026-04-23 09:43:11.634 +07:00 [INF] HTTP OPTIONS /api/v1/don-vi/2001 responded 204 in 33.3256 ms
2026-04-23 09:43:11.639 +07:00 [INF] HTTP OPTIONS /api/v1/codes/by-code/TRINH_DO_CNTT responded 204 in 37.9560 ms
2026-04-23 09:43:11.642 +07:00 [INF] HTTP OPTIONS /api/v1/codes/by-code/LOAI_NHAN_LUC responded 204 in 41.3214 ms
2026-04-23 09:43:11.648 +07:00 [INF] Request finished HTTP/1.1 OPTIONS http://localhost:5283/api/v1/codes/by-code/CAP_BAC_CONG_AN - 204 null null 76.4976ms
2026-04-23 09:43:11.648 +07:00 [INF] Request finished HTTP/1.1 OPTIONS http://localhost:5283/api/v1/codes/by-code/GIOI_TINH - 204 null null 76.4648ms
2026-04-23 09:43:11.649 +07:00 [INF] Request finished HTTP/1.1 OPTIONS http://localhost:5283/api/v1/codes/by-code/TRINH_DO_LLCT - 204 null null 77.7454ms
2026-04-23 09:43:11.651 +07:00 [INF] Request finished HTTP/1.1 OPTIONS http://localhost:5283/api/v1/don-vi/2001 - 204 null null 80.0442ms
2026-04-23 09:43:11.654 +07:00 [INF] Request finished HTTP/1.1 OPTIONS http://localhost:5283/api/v1/codes/by-code/TRINH_DO_CNTT - 204 null null 82.5472ms
2026-04-23 09:43:11.656 +07:00 [INF] Request finished HTTP/1.1 OPTIONS http://localhost:5283/api/v1/codes/by-code/LOAI_NHAN_LUC - 204 null null 84.6098ms
2026-04-23 09:43:11.660 +07:00 [INF] Request starting HTTP/1.1 OPTIONS http://localhost:5283/api/v1/don-vi/tree - null null
2026-04-23 09:43:11.662 +07:00 [INF] Request starting HTTP/1.1 GET http://localhost:5283/api/v1/codes/by-code/CAP_BAC_CONG_AN - null null
2026-04-23 09:43:11.666 +07:00 [INF] Request starting HTTP/1.1 GET http://localhost:5283/api/v1/codes/by-code/GIOI_TINH - null null
2026-04-23 09:43:11.668 +07:00 [INF] Request starting HTTP/1.1 GET http://localhost:5283/api/v1/codes/by-code/TRINH_DO_LLCT - null null
2026-04-23 09:43:11.672 +07:00 [INF] Request starting HTTP/1.1 GET http://localhost:5283/api/v1/don-vi/2001 - null null
2026-04-23 09:43:11.675 +07:00 [INF] Request starting HTTP/1.1 GET http://localhost:5283/api/v1/codes/by-code/TRINH_DO_CNTT - null null
2026-04-23 09:43:11.681 +07:00 [INF] CORS policy execution successful.
2026-04-23 09:43:11.681 +07:00 [INF] CORS policy execution successful.
2026-04-23 09:43:11.683 +07:00 [INF] CORS policy execution successful.
2026-04-23 09:43:11.685 +07:00 [INF] CORS policy execution successful.
2026-04-23 09:43:11.688 +07:00 [INF] CORS policy execution successful.
2026-04-23 09:43:11.691 +07:00 [INF] CORS policy execution successful.
2026-04-23 09:43:11.691 +07:00 [INF] HTTP OPTIONS /api/v1/don-vi/tree => 204 in 10.7704 ms CorrelationId=b884b924ccb04316b195510fb49e54b3 UserId=anonymous
2026-04-23 09:43:11.699 +07:00 [INF] HTTP OPTIONS /api/v1/don-vi/tree responded 204 in 18.3915 ms
2026-04-23 09:43:11.701 +07:00 [INF] Request finished HTTP/1.1 OPTIONS http://localhost:5283/api/v1/don-vi/tree - 204 null null 41.3898ms
2026-04-23 09:43:11.705 +07:00 [INF] Request starting HTTP/1.1 GET http://localhost:5283/api/v1/codes/by-code/LOAI_NHAN_LUC - null null
2026-04-23 09:43:11.708 +07:00 [INF] CORS policy execution successful.
2026-04-23 09:43:12.718 +07:00 [INF] Executing endpoint 'ThucLuc.Api.Controllers.V1.CodesController.GetByCode (ThucLuc.Api)'
2026-04-23 09:43:12.718 +07:00 [INF] Executing endpoint 'ThucLuc.Api.Controllers.V1.CodesController.GetByCode (ThucLuc.Api)'
2026-04-23 09:43:12.718 +07:00 [INF] Executing endpoint 'ThucLuc.Api.Controllers.V1.DonViController.GetById (ThucLuc.Api)'
2026-04-23 09:43:12.718 +07:00 [INF] Executing endpoint 'ThucLuc.Api.Controllers.V1.CodesController.GetByCode (ThucLuc.Api)'
2026-04-23 09:43:12.718 +07:00 [INF] Executing endpoint 'ThucLuc.Api.Controllers.V1.CodesController.GetByCode (ThucLuc.Api)'
2026-04-23 09:43:12.718 +07:00 [INF] Executing endpoint 'ThucLuc.Api.Controllers.V1.CodesController.GetByCode (ThucLuc.Api)'
2026-04-23 09:43:12.733 +07:00 [INF] Route matched with {action = "GetByCode", controller = "Codes"}. Executing controller action with signature System.Threading.Tasks.Task`1[Microsoft.AspNetCore.Mvc.ActionResult`1[ThucLuc.Api.Common.Models.ApiResponse`1[ThucLuc.Application.Features.Codes.CodeDto]]] GetByCode(System.String, System.Threading.CancellationToken) on controller ThucLuc.Api.Controllers.V1.CodesController (ThucLuc.Api).
2026-04-23 09:43:12.733 +07:00 [INF] Route matched with {action = "GetByCode", controller = "Codes"}. Executing controller action with signature System.Threading.Tasks.Task`1[Microsoft.AspNetCore.Mvc.ActionResult`1[ThucLuc.Api.Common.Models.ApiResponse`1[ThucLuc.Application.Features.Codes.CodeDto]]] GetByCode(System.String, System.Threading.CancellationToken) on controller ThucLuc.Api.Controllers.V1.CodesController (ThucLuc.Api).
2026-04-23 09:43:12.733 +07:00 [INF] Route matched with {action = "GetByCode", controller = "Codes"}. Executing controller action with signature System.Threading.Tasks.Task`1[Microsoft.AspNetCore.Mvc.ActionResult`1[ThucLuc.Api.Common.Models.ApiResponse`1[ThucLuc.Application.Features.Codes.CodeDto]]] GetByCode(System.String, System.Threading.CancellationToken) on controller ThucLuc.Api.Controllers.V1.CodesController (ThucLuc.Api).
2026-04-23 09:43:12.733 +07:00 [INF] Route matched with {action = "GetByCode", controller = "Codes"}. Executing controller action with signature System.Threading.Tasks.Task`1[Microsoft.AspNetCore.Mvc.ActionResult`1[ThucLuc.Api.Common.Models.ApiResponse`1[ThucLuc.Application.Features.Codes.CodeDto]]] GetByCode(System.String, System.Threading.CancellationToken) on controller ThucLuc.Api.Controllers.V1.CodesController (ThucLuc.Api).
2026-04-23 09:43:12.733 +07:00 [INF] Route matched with {action = "GetById", controller = "DonVi"}. Executing controller action with signature System.Threading.Tasks.Task`1[Microsoft.AspNetCore.Mvc.ActionResult`1[ThucLuc.Api.Common.Models.ApiResponse`1[ThucLuc.Application.Features.DonVi.DonViDto]]] GetById(Int64, System.Threading.CancellationToken) on controller ThucLuc.Api.Controllers.V1.DonViController (ThucLuc.Api).
2026-04-23 09:43:12.733 +07:00 [INF] Route matched with {action = "GetByCode", controller = "Codes"}. Executing controller action with signature System.Threading.Tasks.Task`1[Microsoft.AspNetCore.Mvc.ActionResult`1[ThucLuc.Api.Common.Models.ApiResponse`1[ThucLuc.Application.Features.Codes.CodeDto]]] GetByCode(System.String, System.Threading.CancellationToken) on controller ThucLuc.Api.Controllers.V1.CodesController (ThucLuc.Api).
2026-04-23 09:43:12.859 +07:00 [INF] Executing OkObjectResult, writing value of type 'ThucLuc.Api.Common.Models.ApiResponse`1[[ThucLuc.Application.Features.Codes.CodeDto, ThucLuc.Application, Version=1.0.0.0, Culture=neutral, PublicKeyToken=null]]'.
2026-04-23 09:43:12.879 +07:00 [INF] Executed action ThucLuc.Api.Controllers.V1.CodesController.GetByCode (ThucLuc.Api) in 137.8007ms
2026-04-23 09:43:12.881 +07:00 [INF] Executed endpoint 'ThucLuc.Api.Controllers.V1.CodesController.GetByCode (ThucLuc.Api)'
2026-04-23 09:43:12.882 +07:00 [INF] HTTP GET /api/v1/codes/by-code/LOAI_NHAN_LUC => 200 in 1174.3204 ms CorrelationId=99806d2ca7324eaf9815cb78f3d4fcb6 UserId=5001
2026-04-23 09:43:12.884 +07:00 [INF] HTTP GET /api/v1/codes/by-code/LOAI_NHAN_LUC responded 200 in 1176.0643 ms
2026-04-23 09:43:12.890 +07:00 [INF] Request finished HTTP/1.1 GET http://localhost:5283/api/v1/codes/by-code/LOAI_NHAN_LUC - 200 null application/json; charset=utf-8 1184.6492ms
2026-04-23 09:43:12.896 +07:00 [INF] Request starting HTTP/1.1 GET http://localhost:5283/api/v1/don-vi/tree - null null
2026-04-23 09:43:12.899 +07:00 [INF] CORS policy execution successful.
2026-04-23 09:43:12.902 +07:00 [INF] Executing endpoint 'ThucLuc.Api.Controllers.V1.DonViController.GetTree (ThucLuc.Api)'
2026-04-23 09:43:12.906 +07:00 [INF] Route matched with {action = "GetTree", controller = "DonVi"}. Executing controller action with signature System.Threading.Tasks.Task`1[Microsoft.AspNetCore.Mvc.ActionResult`1[ThucLuc.Api.Common.Models.ApiResponse`1[System.Collections.Generic.IReadOnlyCollection`1[ThucLuc.Application.Features.DonVi.DonViDto]]]] GetTree(System.Threading.CancellationToken) on controller ThucLuc.Api.Controllers.V1.DonViController (ThucLuc.Api).
2026-04-23 09:43:12.907 +07:00 [INF] Executing OkObjectResult, writing value of type 'ThucLuc.Api.Common.Models.ApiResponse`1[[ThucLuc.Application.Features.Codes.CodeDto, ThucLuc.Application, Version=1.0.0.0, Culture=neutral, PublicKeyToken=null]]'.
2026-04-23 09:43:12.910 +07:00 [INF] Executed action ThucLuc.Api.Controllers.V1.CodesController.GetByCode (ThucLuc.Api) in 163.4664ms
2026-04-23 09:43:12.911 +07:00 [INF] Executed endpoint 'ThucLuc.Api.Controllers.V1.CodesController.GetByCode (ThucLuc.Api)'
2026-04-23 09:43:12.912 +07:00 [INF] HTTP GET /api/v1/codes/by-code/TRINH_DO_LLCT => 200 in 1227.2089 ms CorrelationId=79102253b1c0425b8adb1b5320c11692 UserId=5001
2026-04-23 09:43:12.914 +07:00 [INF] HTTP GET /api/v1/codes/by-code/TRINH_DO_LLCT responded 200 in 1229.5181 ms
2026-04-23 09:43:12.917 +07:00 [INF] Request finished HTTP/1.1 GET http://localhost:5283/api/v1/codes/by-code/TRINH_DO_LLCT - 200 null application/json; charset=utf-8 1248.5195ms
2026-04-23 09:43:12.932 +07:00 [INF] Executing OkObjectResult, writing value of type 'ThucLuc.Api.Common.Models.ApiResponse`1[[ThucLuc.Application.Features.Codes.CodeDto, ThucLuc.Application, Version=1.0.0.0, Culture=neutral, PublicKeyToken=null]]'.
2026-04-23 09:43:12.932 +07:00 [INF] Executing OkObjectResult, writing value of type 'ThucLuc.Api.Common.Models.ApiResponse`1[[ThucLuc.Application.Features.Codes.CodeDto, ThucLuc.Application, Version=1.0.0.0, Culture=neutral, PublicKeyToken=null]]'.
2026-04-23 09:43:12.934 +07:00 [INF] Executed action ThucLuc.Api.Controllers.V1.CodesController.GetByCode (ThucLuc.Api) in 195.5976ms
2026-04-23 09:43:12.934 +07:00 [INF] Executing OkObjectResult, writing value of type 'ThucLuc.Api.Common.Models.ApiResponse`1[[ThucLuc.Application.Features.DonVi.DonViDto, ThucLuc.Application, Version=1.0.0.0, Culture=neutral, PublicKeyToken=null]]'.
2026-04-23 09:43:12.935 +07:00 [INF] Executed action ThucLuc.Api.Controllers.V1.CodesController.GetByCode (ThucLuc.Api) in 193.2946ms
2026-04-23 09:43:12.937 +07:00 [INF] Executed endpoint 'ThucLuc.Api.Controllers.V1.CodesController.GetByCode (ThucLuc.Api)'
2026-04-23 09:43:12.939 +07:00 [INF] Executing OkObjectResult, writing value of type 'ThucLuc.Api.Common.Models.ApiResponse`1[[System.Collections.Generic.IReadOnlyCollection`1[[ThucLuc.Application.Features.DonVi.DonViDto, ThucLuc.Application, Version=1.0.0.0, Culture=neutral, PublicKeyToken=null]], System.Private.CoreLib, Version=8.0.0.0, Culture=neutral, PublicKeyToken=7cec85d7bea7798e]]'.
2026-04-23 09:43:12.940 +07:00 [INF] Executed endpoint 'ThucLuc.Api.Controllers.V1.CodesController.GetByCode (ThucLuc.Api)'
2026-04-23 09:43:12.941 +07:00 [INF] HTTP GET /api/v1/codes/by-code/GIOI_TINH => 200 in 1258.9584 ms CorrelationId=e3eb2b850dbd4a62b5bdba3a73ae03d9 UserId=5001
2026-04-23 09:43:12.943 +07:00 [INF] Executing OkObjectResult, writing value of type 'ThucLuc.Api.Common.Models.ApiResponse`1[[ThucLuc.Application.Features.Codes.CodeDto, ThucLuc.Application, Version=1.0.0.0, Culture=neutral, PublicKeyToken=null]]'.
2026-04-23 09:43:12.945 +07:00 [INF] Executed action ThucLuc.Api.Controllers.V1.DonViController.GetById (ThucLuc.Api) in 200.2785ms
2026-04-23 09:43:12.945 +07:00 [INF] Executed action ThucLuc.Api.Controllers.V1.DonViController.GetTree (ThucLuc.Api) in 36.5084ms
2026-04-23 09:43:12.945 +07:00 [INF] HTTP GET /api/v1/codes/by-code/CAP_BAC_CONG_AN => 200 in 1264.5947 ms CorrelationId=4897b7c82dc3482698daa5a71180bf70 UserId=5001
2026-04-23 09:43:12.948 +07:00 [INF] HTTP GET /api/v1/codes/by-code/GIOI_TINH responded 200 in 1266.1628 ms
2026-04-23 09:43:12.950 +07:00 [INF] Executed action ThucLuc.Api.Controllers.V1.CodesController.GetByCode (ThucLuc.Api) in 215.4317ms
2026-04-23 09:43:12.952 +07:00 [INF] Executed endpoint 'ThucLuc.Api.Controllers.V1.DonViController.GetById (ThucLuc.Api)'
2026-04-23 09:43:12.954 +07:00 [INF] Executed endpoint 'ThucLuc.Api.Controllers.V1.DonViController.GetTree (ThucLuc.Api)'
2026-04-23 09:43:12.956 +07:00 [INF] HTTP GET /api/v1/codes/by-code/CAP_BAC_CONG_AN responded 200 in 1274.8921 ms
2026-04-23 09:43:12.958 +07:00 [INF] Request finished HTTP/1.1 GET http://localhost:5283/api/v1/codes/by-code/GIOI_TINH - 200 null application/json; charset=utf-8 1292.2245ms
2026-04-23 09:43:12.959 +07:00 [INF] Executed endpoint 'ThucLuc.Api.Controllers.V1.CodesController.GetByCode (ThucLuc.Api)'
2026-04-23 09:43:12.960 +07:00 [INF] HTTP GET /api/v1/don-vi/2001 => 200 in 1271.9477 ms CorrelationId=57d6d7eb3b8e48d78aae997fcaa4ca57 UserId=5001
2026-04-23 09:43:12.961 +07:00 [INF] HTTP GET /api/v1/don-vi/tree => 200 in 62.1602 ms CorrelationId=6f794b55124b451baeb455d8420bc22f UserId=5001
2026-04-23 09:43:12.962 +07:00 [INF] Request finished HTTP/1.1 GET http://localhost:5283/api/v1/codes/by-code/CAP_BAC_CONG_AN - 200 null application/json; charset=utf-8 1300.0051ms
2026-04-23 09:43:12.966 +07:00 [INF] HTTP GET /api/v1/codes/by-code/TRINH_DO_CNTT => 200 in 1275.3175 ms CorrelationId=8a9a0d970c9542b79d981960645fd214 UserId=5001
2026-04-23 09:43:12.968 +07:00 [INF] HTTP GET /api/v1/don-vi/2001 responded 200 in 1280.0325 ms
2026-04-23 09:43:12.971 +07:00 [INF] HTTP GET /api/v1/don-vi/tree responded 200 in 72.4117 ms
2026-04-23 09:43:12.975 +07:00 [INF] HTTP GET /api/v1/codes/by-code/TRINH_DO_CNTT responded 200 in 1284.7408 ms
2026-04-23 09:43:12.977 +07:00 [INF] Request finished HTTP/1.1 GET http://localhost:5283/api/v1/don-vi/2001 - 200 null application/json; charset=utf-8 1304.9615ms
2026-04-23 09:43:12.979 +07:00 [INF] Request finished HTTP/1.1 GET http://localhost:5283/api/v1/don-vi/tree - 200 null application/json; charset=utf-8 83.0548ms
2026-04-23 09:43:12.981 +07:00 [INF] Request finished HTTP/1.1 GET http://localhost:5283/api/v1/codes/by-code/TRINH_DO_CNTT - 200 null application/json; charset=utf-8 1305.2866ms
2026-04-23 09:43:12.991 +07:00 [INF] Request starting HTTP/1.1 OPTIONS http://localhost:5283/api/v1/nhan-luc-cntt?page=1&pageSize=10&namBaoCao=2026 - null null
2026-04-23 09:43:12.993 +07:00 [INF] CORS policy execution successful.
2026-04-23 09:43:12.994 +07:00 [INF] HTTP OPTIONS /api/v1/nhan-luc-cntt => 204 in 0.8457 ms CorrelationId=f3abbd6727a74d4fb7856d68404ae804 UserId=anonymous
2026-04-23 09:43:12.995 +07:00 [INF] HTTP OPTIONS /api/v1/nhan-luc-cntt responded 204 in 2.4968 ms
2026-04-23 09:43:12.997 +07:00 [INF] Request finished HTTP/1.1 OPTIONS http://localhost:5283/api/v1/nhan-luc-cntt?page=1&pageSize=10&namBaoCao=2026 - 204 null null 6.1379ms
2026-04-23 09:43:13.000 +07:00 [INF] Request starting HTTP/1.1 GET http://localhost:5283/api/v1/nhan-luc-cntt?page=1&pageSize=10&namBaoCao=2026 - null null
2026-04-23 09:43:13.003 +07:00 [INF] CORS policy execution successful.
2026-04-23 09:43:13.004 +07:00 [INF] Executing endpoint 'ThucLuc.Api.Controllers.V1.NhanLucCnttController.GetAll (ThucLuc.Api)'
2026-04-23 09:43:13.011 +07:00 [INF] Route matched with {action = "GetAll", controller = "NhanLucCntt"}. Executing controller action with signature System.Threading.Tasks.Task`1[Microsoft.AspNetCore.Mvc.ActionResult`1[ThucLuc.Api.Common.Models.ApiResponse`1[ThucLuc.Application.Common.Models.PagedResult`1[ThucLuc.Application.Features.NhanLucCntt.NhanLucCnttDto]]]] GetAll(ThucLuc.Application.Features.NhanLucCntt.NhanLucCnttQuery, System.Threading.CancellationToken) on controller ThucLuc.Api.Controllers.V1.NhanLucCnttController (ThucLuc.Api).
2026-04-23 09:43:13.077 +07:00 [INF] Executing OkObjectResult, writing value of type 'ThucLuc.Api.Common.Models.ApiResponse`1[[ThucLuc.Application.Common.Models.PagedResult`1[[ThucLuc.Application.Features.NhanLucCntt.NhanLucCnttDto, ThucLuc.Application, Version=1.0.0.0, Culture=neutral, PublicKeyToken=null]], ThucLuc.Application, Version=1.0.0.0, Culture=neutral, PublicKeyToken=null]]'.
2026-04-23 09:43:13.089 +07:00 [INF] Executed action ThucLuc.Api.Controllers.V1.NhanLucCnttController.GetAll (ThucLuc.Api) in 75.9465ms
2026-04-23 09:43:13.091 +07:00 [INF] Executed endpoint 'ThucLuc.Api.Controllers.V1.NhanLucCnttController.GetAll (ThucLuc.Api)'
2026-04-23 09:43:13.092 +07:00 [INF] HTTP GET /api/v1/nhan-luc-cntt => 200 in 88.6753 ms CorrelationId=28deed1559b0485bac113f42009ed104 UserId=5001
2026-04-23 09:43:13.095 +07:00 [INF] HTTP GET /api/v1/nhan-luc-cntt responded 200 in 91.6046 ms
2026-04-23 09:43:13.097 +07:00 [INF] Request finished HTTP/1.1 GET http://localhost:5283/api/v1/nhan-luc-cntt?page=1&pageSize=10&namBaoCao=2026 - 200 null application/json; charset=utf-8 97.246ms
2026-04-23 09:43:16.061 +07:00 [INF] Request starting HTTP/1.1 OPTIONS http://localhost:5283/api/v1/dao-tao-boi-duong - null null
2026-04-23 09:43:16.065 +07:00 [INF] CORS policy execution successful.
2026-04-23 09:43:16.066 +07:00 [INF] HTTP OPTIONS /api/v1/dao-tao-boi-duong => 204 in 0.832 ms CorrelationId=e03af47b53f4439799b97a85fe3eb34a UserId=anonymous
2026-04-23 09:43:16.072 +07:00 [INF] HTTP OPTIONS /api/v1/dao-tao-boi-duong responded 204 in 6.4997 ms
2026-04-23 09:43:16.074 +07:00 [INF] Request finished HTTP/1.1 OPTIONS http://localhost:5283/api/v1/dao-tao-boi-duong - 204 null null 12.5644ms
2026-04-23 09:43:16.077 +07:00 [INF] Request starting HTTP/1.1 GET http://localhost:5283/api/v1/dao-tao-boi-duong - null null
2026-04-23 09:43:16.081 +07:00 [INF] CORS policy execution successful.
2026-04-23 09:43:16.082 +07:00 [INF] Executing endpoint 'ThucLuc.Api.Controllers.V1.DaoTaoBoiDuongController.GetAll (ThucLuc.Api)'
2026-04-23 09:43:16.088 +07:00 [INF] Route matched with {action = "GetAll", controller = "DaoTaoBoiDuong"}. Executing controller action with signature System.Threading.Tasks.Task`1[Microsoft.AspNetCore.Mvc.ActionResult`1[ThucLuc.Api.Common.Models.ApiResponse`1[System.Collections.Generic.IReadOnlyCollection`1[ThucLuc.Application.Features.DaoTaoBoiDuong.DaoTaoBoiDuongDto]]]] GetAll(ThucLuc.Application.Features.DaoTaoBoiDuong.DaoTaoBoiDuongQuery, System.Threading.CancellationToken) on controller ThucLuc.Api.Controllers.V1.DaoTaoBoiDuongController (ThucLuc.Api).
2026-04-23 09:43:16.110 +07:00 [INF] Executing OkObjectResult, writing value of type 'ThucLuc.Api.Common.Models.ApiResponse`1[[System.Collections.Generic.IReadOnlyCollection`1[[ThucLuc.Application.Features.DaoTaoBoiDuong.DaoTaoBoiDuongDto, ThucLuc.Application, Version=1.0.0.0, Culture=neutral, PublicKeyToken=null]], System.Private.CoreLib, Version=8.0.0.0, Culture=neutral, PublicKeyToken=7cec85d7bea7798e]]'.
2026-04-23 09:43:16.114 +07:00 [INF] Executed action ThucLuc.Api.Controllers.V1.DaoTaoBoiDuongController.GetAll (ThucLuc.Api) in 22.6415ms
2026-04-23 09:43:16.116 +07:00 [INF] Executed endpoint 'ThucLuc.Api.Controllers.V1.DaoTaoBoiDuongController.GetAll (ThucLuc.Api)'
2026-04-23 09:43:16.117 +07:00 [INF] HTTP GET /api/v1/dao-tao-boi-duong => 200 in 36.8178 ms CorrelationId=697aa34be89f4d249f3dec3fd5334816 UserId=5001
2026-04-23 09:43:16.121 +07:00 [INF] HTTP GET /api/v1/dao-tao-boi-duong responded 200 in 40.8040 ms
2026-04-23 09:43:16.124 +07:00 [INF] Request finished HTTP/1.1 GET http://localhost:5283/api/v1/dao-tao-boi-duong - 200 null application/json; charset=utf-8 46.7369ms
2026-04-23 09:43:16.934 +07:00 [INF] Request starting HTTP/1.1 OPTIONS http://localhost:5283/api/v1/codes/by-code/NOI_DUNG_DAO_TAO_HV - null null
2026-04-23 09:43:16.937 +07:00 [INF] CORS policy execution successful.
2026-04-23 09:43:16.938 +07:00 [INF] HTTP OPTIONS /api/v1/codes/by-code/NOI_DUNG_DAO_TAO_HV => 204 in 0.5763 ms CorrelationId=4203d880089f4e5a85b232ed4865310e UserId=anonymous
2026-04-23 09:43:16.939 +07:00 [INF] HTTP OPTIONS /api/v1/codes/by-code/NOI_DUNG_DAO_TAO_HV responded 204 in 1.9777 ms
2026-04-23 09:43:16.940 +07:00 [INF] Request finished HTTP/1.1 OPTIONS http://localhost:5283/api/v1/codes/by-code/NOI_DUNG_DAO_TAO_HV - 204 null null 5.9146ms
2026-04-23 09:43:16.943 +07:00 [INF] Request starting HTTP/1.1 GET http://localhost:5283/api/v1/codes/by-code/NOI_DUNG_DAO_TAO_HV - null null
2026-04-23 09:43:16.946 +07:00 [INF] CORS policy execution successful.
2026-04-23 09:43:16.947 +07:00 [INF] Executing endpoint 'ThucLuc.Api.Controllers.V1.CodesController.GetByCode (ThucLuc.Api)'
2026-04-23 09:43:16.948 +07:00 [INF] Route matched with {action = "GetByCode", controller = "Codes"}. Executing controller action with signature System.Threading.Tasks.Task`1[Microsoft.AspNetCore.Mvc.ActionResult`1[ThucLuc.Api.Common.Models.ApiResponse`1[ThucLuc.Application.Features.Codes.CodeDto]]] GetByCode(System.String, System.Threading.CancellationToken) on controller ThucLuc.Api.Controllers.V1.CodesController (ThucLuc.Api).
2026-04-23 09:43:16.953 +07:00 [INF] Executing OkObjectResult, writing value of type 'ThucLuc.Api.Common.Models.ApiResponse`1[[ThucLuc.Application.Features.Codes.CodeDto, ThucLuc.Application, Version=1.0.0.0, Culture=neutral, PublicKeyToken=null]]'.
2026-04-23 09:43:16.955 +07:00 [INF] Executed action ThucLuc.Api.Controllers.V1.CodesController.GetByCode (ThucLuc.Api) in 4.943ms
2026-04-23 09:43:16.956 +07:00 [INF] Executed endpoint 'ThucLuc.Api.Controllers.V1.CodesController.GetByCode (ThucLuc.Api)'
2026-04-23 09:43:16.957 +07:00 [INF] HTTP GET /api/v1/codes/by-code/NOI_DUNG_DAO_TAO_HV => 200 in 11.6689 ms CorrelationId=3431170c3a04483f8ea87ac1a65a4ef6 UserId=5001
2026-04-23 09:43:16.959 +07:00 [INF] HTTP GET /api/v1/codes/by-code/NOI_DUNG_DAO_TAO_HV responded 200 in 13.1169 ms
2026-04-23 09:43:16.960 +07:00 [INF] Request finished HTTP/1.1 GET http://localhost:5283/api/v1/codes/by-code/NOI_DUNG_DAO_TAO_HV - 200 null application/json; charset=utf-8 16.8109ms
2026-04-23 09:43:16.962 +07:00 [INF] Request starting HTTP/1.1 OPTIONS http://localhost:5283/api/v1/ky-bao-cao - null null
2026-04-23 09:43:16.963 +07:00 [INF] Request starting HTTP/1.1 OPTIONS http://localhost:5283/api/v1/ky-bao-cao/current - null null
2026-04-23 09:43:16.965 +07:00 [INF] CORS policy execution successful.
2026-04-23 09:43:16.967 +07:00 [INF] CORS policy execution successful.
2026-04-23 09:43:16.968 +07:00 [INF] HTTP OPTIONS /api/v1/ky-bao-cao => 204 in 2.9013 ms CorrelationId=cdb880fdd97847b297fb884534fb1cf6 UserId=anonymous
2026-04-23 09:43:16.969 +07:00 [INF] HTTP OPTIONS /api/v1/ky-bao-cao/current => 204 in 1.633 ms CorrelationId=a43dcb4db4c04ad08be5273dabe3c4c8 UserId=anonymous
2026-04-23 09:43:16.972 +07:00 [INF] HTTP OPTIONS /api/v1/ky-bao-cao responded 204 in 6.5858 ms
2026-04-23 09:43:16.974 +07:00 [INF] HTTP OPTIONS /api/v1/ky-bao-cao/current responded 204 in 6.4361 ms
2026-04-23 09:43:16.975 +07:00 [INF] Request finished HTTP/1.1 OPTIONS http://localhost:5283/api/v1/ky-bao-cao - 204 null null 13.4586ms
2026-04-23 09:43:16.977 +07:00 [INF] Request finished HTTP/1.1 OPTIONS http://localhost:5283/api/v1/ky-bao-cao/current - 204 null null 13.9524ms
2026-04-23 09:43:16.982 +07:00 [INF] Request starting HTTP/1.1 GET http://localhost:5283/api/v1/ky-bao-cao - null null
2026-04-23 09:43:16.985 +07:00 [INF] Request starting HTTP/1.1 GET http://localhost:5283/api/v1/ky-bao-cao/current - null null
2026-04-23 09:43:16.988 +07:00 [INF] CORS policy execution successful.
2026-04-23 09:43:16.990 +07:00 [INF] CORS policy execution successful.
2026-04-23 09:43:16.991 +07:00 [INF] Executing endpoint 'ThucLuc.Api.Controllers.V1.KyBaoCaoController.GetAll (ThucLuc.Api)'
2026-04-23 09:43:16.991 +07:00 [INF] Executing endpoint 'ThucLuc.Api.Controllers.V1.KyBaoCaoController.GetCurrent (ThucLuc.Api)'
2026-04-23 09:43:16.994 +07:00 [INF] Route matched with {action = "GetAll", controller = "KyBaoCao"}. Executing controller action with signature System.Threading.Tasks.Task`1[Microsoft.AspNetCore.Mvc.ActionResult`1[ThucLuc.Api.Common.Models.ApiResponse`1[System.Collections.Generic.IReadOnlyCollection`1[ThucLuc.Application.Features.KyBaoCao.KyBaoCaoDto]]]] GetAll(System.Threading.CancellationToken) on controller ThucLuc.Api.Controllers.V1.KyBaoCaoController (ThucLuc.Api).
2026-04-23 09:43:16.995 +07:00 [INF] Route matched with {action = "GetCurrent", controller = "KyBaoCao"}. Executing controller action with signature System.Threading.Tasks.Task`1[Microsoft.AspNetCore.Mvc.ActionResult`1[ThucLuc.Api.Common.Models.ApiResponse`1[ThucLuc.Application.Features.KyBaoCao.KyBaoCaoDto]]] GetCurrent(System.Threading.CancellationToken) on controller ThucLuc.Api.Controllers.V1.KyBaoCaoController (ThucLuc.Api).
2026-04-23 09:43:17.009 +07:00 [INF] Executing OkObjectResult, writing value of type 'ThucLuc.Api.Common.Models.ApiResponse`1[[ThucLuc.Application.Features.KyBaoCao.KyBaoCaoDto, ThucLuc.Application, Version=1.0.0.0, Culture=neutral, PublicKeyToken=null]]'.
2026-04-23 09:43:17.010 +07:00 [INF] Executing OkObjectResult, writing value of type 'ThucLuc.Api.Common.Models.ApiResponse`1[[System.Collections.Generic.IReadOnlyCollection`1[[ThucLuc.Application.Features.KyBaoCao.KyBaoCaoDto, ThucLuc.Application, Version=1.0.0.0, Culture=neutral, PublicKeyToken=null]], System.Private.CoreLib, Version=8.0.0.0, Culture=neutral, PublicKeyToken=7cec85d7bea7798e]]'.
2026-04-23 09:43:17.017 +07:00 [INF] Executed action ThucLuc.Api.Controllers.V1.KyBaoCaoController.GetAll (ThucLuc.Api) in 20.7743ms
2026-04-23 09:43:17.017 +07:00 [INF] Executed action ThucLuc.Api.Controllers.V1.KyBaoCaoController.GetCurrent (ThucLuc.Api) in 18.9831ms
2026-04-23 09:43:17.019 +07:00 [INF] Executed endpoint 'ThucLuc.Api.Controllers.V1.KyBaoCaoController.GetAll (ThucLuc.Api)'
2026-04-23 09:43:17.020 +07:00 [INF] Executed endpoint 'ThucLuc.Api.Controllers.V1.KyBaoCaoController.GetCurrent (ThucLuc.Api)'
2026-04-23 09:43:17.021 +07:00 [INF] HTTP GET /api/v1/ky-bao-cao => 200 in 33.463 ms CorrelationId=3e8f252a939b4a17befc04260c2030f6 UserId=5001
2026-04-23 09:43:17.022 +07:00 [INF] HTTP GET /api/v1/ky-bao-cao/current => 200 in 32.3661 ms CorrelationId=2f892c9d157446e4b141bdad44071275 UserId=5001
2026-04-23 09:43:17.024 +07:00 [INF] HTTP GET /api/v1/ky-bao-cao responded 200 in 36.3029 ms
2026-04-23 09:43:17.026 +07:00 [INF] HTTP GET /api/v1/ky-bao-cao/current responded 200 in 36.2272 ms
2026-04-23 09:43:17.028 +07:00 [INF] Request finished HTTP/1.1 GET http://localhost:5283/api/v1/ky-bao-cao - 200 null application/json; charset=utf-8 45.6621ms
2026-04-23 09:43:17.029 +07:00 [INF] Request finished HTTP/1.1 GET http://localhost:5283/api/v1/ky-bao-cao/current - 200 null application/json; charset=utf-8 44.0042ms
2026-04-23 09:43:17.035 +07:00 [INF] Request starting HTTP/1.1 OPTIONS http://localhost:5283/api/v1/dao-tao-hoc-vien - null null
2026-04-23 09:43:17.037 +07:00 [INF] CORS policy execution successful.
2026-04-23 09:43:17.037 +07:00 [INF] HTTP OPTIONS /api/v1/dao-tao-hoc-vien => 204 in 0.6282 ms CorrelationId=0a13a51f285149d99bf10c27414be980 UserId=anonymous
2026-04-23 09:43:17.039 +07:00 [INF] HTTP OPTIONS /api/v1/dao-tao-hoc-vien responded 204 in 2.2652 ms
2026-04-23 09:43:17.041 +07:00 [INF] Request finished HTTP/1.1 OPTIONS http://localhost:5283/api/v1/dao-tao-hoc-vien - 204 null null 6.2836ms
2026-04-23 09:43:17.045 +07:00 [INF] Request starting HTTP/1.1 GET http://localhost:5283/api/v1/dao-tao-hoc-vien - null null
2026-04-23 09:43:17.047 +07:00 [INF] CORS policy execution successful.
2026-04-23 09:43:17.048 +07:00 [INF] Executing endpoint 'ThucLuc.Api.Controllers.V1.DaoTaoHocVienController.GetAll (ThucLuc.Api)'
2026-04-23 09:43:17.052 +07:00 [INF] Route matched with {action = "GetAll", controller = "DaoTaoHocVien"}. Executing controller action with signature System.Threading.Tasks.Task`1[Microsoft.AspNetCore.Mvc.ActionResult`1[ThucLuc.Api.Common.Models.ApiResponse`1[System.Collections.Generic.IReadOnlyCollection`1[ThucLuc.Application.Features.DaoTaoHocVien.DaoTaoHocVienDto]]]] GetAll(ThucLuc.Application.Features.DaoTaoHocVien.DaoTaoHocVienQuery, System.Threading.CancellationToken) on controller ThucLuc.Api.Controllers.V1.DaoTaoHocVienController (ThucLuc.Api).
2026-04-23 09:43:17.067 +07:00 [INF] Executing OkObjectResult, writing value of type 'ThucLuc.Api.Common.Models.ApiResponse`1[[System.Collections.Generic.IReadOnlyCollection`1[[ThucLuc.Application.Features.DaoTaoHocVien.DaoTaoHocVienDto, ThucLuc.Application, Version=1.0.0.0, Culture=neutral, PublicKeyToken=null]], System.Private.CoreLib, Version=8.0.0.0, Culture=neutral, PublicKeyToken=7cec85d7bea7798e]]'.
2026-04-23 09:43:17.074 +07:00 [INF] Executed action ThucLuc.Api.Controllers.V1.DaoTaoHocVienController.GetAll (ThucLuc.Api) in 18.9997ms
2026-04-23 09:43:17.076 +07:00 [INF] Executed endpoint 'ThucLuc.Api.Controllers.V1.DaoTaoHocVienController.GetAll (ThucLuc.Api)'
2026-04-23 09:43:17.077 +07:00 [INF] HTTP GET /api/v1/dao-tao-hoc-vien => 200 in 30.0625 ms CorrelationId=dcb8f42f6e274c90aa5f14f5140c221a UserId=5001
2026-04-23 09:43:17.079 +07:00 [INF] HTTP GET /api/v1/dao-tao-hoc-vien responded 200 in 31.8956 ms
2026-04-23 09:43:17.080 +07:00 [INF] Request finished HTTP/1.1 GET http://localhost:5283/api/v1/dao-tao-hoc-vien - 200 null application/json; charset=utf-8 35.8963ms
2026-04-23 09:43:17.084 +07:00 [INF] Request starting HTTP/1.1 OPTIONS http://localhost:5283/api/v1/snapshot?kyBaoCaoId=6001 - null null
2026-04-23 09:43:17.088 +07:00 [INF] CORS policy execution successful.
2026-04-23 09:43:17.089 +07:00 [INF] HTTP OPTIONS /api/v1/snapshot => 204 in 1.1711 ms CorrelationId=b96ee3ea784248389c63ada19bd1ac98 UserId=anonymous
2026-04-23 09:43:17.091 +07:00 [INF] HTTP OPTIONS /api/v1/snapshot responded 204 in 3.6487 ms
2026-04-23 09:43:17.093 +07:00 [INF] Request finished HTTP/1.1 OPTIONS http://localhost:5283/api/v1/snapshot?kyBaoCaoId=6001 - 204 null null 9.1615ms
2026-04-23 09:43:17.097 +07:00 [INF] Request starting HTTP/1.1 GET http://localhost:5283/api/v1/snapshot?kyBaoCaoId=6001 - null null
2026-04-23 09:43:17.099 +07:00 [INF] CORS policy execution successful.
2026-04-23 09:43:17.100 +07:00 [INF] Executing endpoint 'ThucLuc.Api.Controllers.V1.BaoCaoSnapshotController.GetByKy (ThucLuc.Api)'
2026-04-23 09:43:17.105 +07:00 [INF] Route matched with {action = "GetByKy", controller = "BaoCaoSnapshot"}. Executing controller action with signature System.Threading.Tasks.Task`1[Microsoft.AspNetCore.Mvc.ActionResult`1[ThucLuc.Api.Common.Models.ApiResponse`1[System.Collections.Generic.IReadOnlyCollection`1[ThucLuc.Application.Features.BaoCaoSnapshot.BaoCaoSnapshotDto]]]] GetByKy(Int64, System.Threading.CancellationToken) on controller ThucLuc.Api.Controllers.V1.BaoCaoSnapshotController (ThucLuc.Api).
2026-04-23 09:43:17.158 +07:00 [INF] Executing OkObjectResult, writing value of type 'ThucLuc.Api.Common.Models.ApiResponse`1[[System.Collections.Generic.IReadOnlyCollection`1[[ThucLuc.Application.Features.BaoCaoSnapshot.BaoCaoSnapshotDto, ThucLuc.Application, Version=1.0.0.0, Culture=neutral, PublicKeyToken=null]], System.Private.CoreLib, Version=8.0.0.0, Culture=neutral, PublicKeyToken=7cec85d7bea7798e]]'.
2026-04-23 09:43:17.164 +07:00 [INF] Executed action ThucLuc.Api.Controllers.V1.BaoCaoSnapshotController.GetByKy (ThucLuc.Api) in 57.0038ms
2026-04-23 09:43:17.166 +07:00 [INF] Executed endpoint 'ThucLuc.Api.Controllers.V1.BaoCaoSnapshotController.GetByKy (ThucLuc.Api)'
2026-04-23 09:43:17.166 +07:00 [INF] HTTP GET /api/v1/snapshot => 200 in 67.572 ms CorrelationId=134fd13260474bf7a10c4a443850be65 UserId=5001
2026-04-23 09:43:17.168 +07:00 [INF] HTTP GET /api/v1/snapshot responded 200 in 69.2205 ms
2026-04-23 09:43:17.170 +07:00 [INF] Request finished HTTP/1.1 GET http://localhost:5283/api/v1/snapshot?kyBaoCaoId=6001 - 200 null application/json; charset=utf-8 73.0782ms
2026-04-23 09:43:17.423 +07:00 [INF] Request starting HTTP/1.1 OPTIONS http://localhost:5283/api/v1/codes/by-code/NHOM_NANG_LUC_SO - null null
2026-04-23 09:43:17.425 +07:00 [INF] CORS policy execution successful.
2026-04-23 09:43:17.425 +07:00 [INF] HTTP OPTIONS /api/v1/codes/by-code/NHOM_NANG_LUC_SO => 204 in 0.6538 ms CorrelationId=66025580441a49ea97a2a4f4cb189bc6 UserId=anonymous
2026-04-23 09:43:17.427 +07:00 [INF] HTTP OPTIONS /api/v1/codes/by-code/NHOM_NANG_LUC_SO responded 204 in 2.1968 ms
2026-04-23 09:43:17.429 +07:00 [INF] Request finished HTTP/1.1 OPTIONS http://localhost:5283/api/v1/codes/by-code/NHOM_NANG_LUC_SO - 204 null null 6.2085ms
2026-04-23 09:43:17.432 +07:00 [INF] Request starting HTTP/1.1 GET http://localhost:5283/api/v1/codes/by-code/NHOM_NANG_LUC_SO - null null
2026-04-23 09:43:17.435 +07:00 [INF] CORS policy execution successful.
2026-04-23 09:43:17.436 +07:00 [INF] Executing endpoint 'ThucLuc.Api.Controllers.V1.CodesController.GetByCode (ThucLuc.Api)'
2026-04-23 09:43:17.440 +07:00 [INF] Route matched with {action = "GetByCode", controller = "Codes"}. Executing controller action with signature System.Threading.Tasks.Task`1[Microsoft.AspNetCore.Mvc.ActionResult`1[ThucLuc.Api.Common.Models.ApiResponse`1[ThucLuc.Application.Features.Codes.CodeDto]]] GetByCode(System.String, System.Threading.CancellationToken) on controller ThucLuc.Api.Controllers.V1.CodesController (ThucLuc.Api).
2026-04-23 09:43:17.446 +07:00 [INF] Executing OkObjectResult, writing value of type 'ThucLuc.Api.Common.Models.ApiResponse`1[[ThucLuc.Application.Features.Codes.CodeDto, ThucLuc.Application, Version=1.0.0.0, Culture=neutral, PublicKeyToken=null]]'.
2026-04-23 09:43:17.449 +07:00 [INF] Executed action ThucLuc.Api.Controllers.V1.CodesController.GetByCode (ThucLuc.Api) in 6.9342ms
2026-04-23 09:43:17.451 +07:00 [INF] Executed endpoint 'ThucLuc.Api.Controllers.V1.CodesController.GetByCode (ThucLuc.Api)'
2026-04-23 09:43:17.452 +07:00 [INF] HTTP GET /api/v1/codes/by-code/NHOM_NANG_LUC_SO => 200 in 17.5353 ms CorrelationId=ad33c7c5466240a59bc869933cce1bd8 UserId=5001
2026-04-23 09:43:17.457 +07:00 [INF] HTTP GET /api/v1/codes/by-code/NHOM_NANG_LUC_SO responded 200 in 22.1228 ms
2026-04-23 09:43:17.462 +07:00 [INF] Request finished HTTP/1.1 GET http://localhost:5283/api/v1/codes/by-code/NHOM_NANG_LUC_SO - 200 null application/json; charset=utf-8 30.3967ms
2026-04-23 09:43:17.465 +07:00 [INF] Request starting HTTP/1.1 GET http://localhost:5283/api/v1/ky-bao-cao - null null
2026-04-23 09:43:17.472 +07:00 [INF] Request starting HTTP/1.1 GET http://localhost:5283/api/v1/ky-bao-cao/current - null null
2026-04-23 09:43:17.477 +07:00 [INF] CORS policy execution successful.
2026-04-23 09:43:17.479 +07:00 [INF] CORS policy execution successful.
2026-04-23 09:43:17.480 +07:00 [INF] Executing endpoint 'ThucLuc.Api.Controllers.V1.KyBaoCaoController.GetAll (ThucLuc.Api)'
2026-04-23 09:43:17.481 +07:00 [INF] Executing endpoint 'ThucLuc.Api.Controllers.V1.KyBaoCaoController.GetCurrent (ThucLuc.Api)'
2026-04-23 09:43:17.482 +07:00 [INF] Route matched with {action = "GetAll", controller = "KyBaoCao"}. Executing controller action with signature System.Threading.Tasks.Task`1[Microsoft.AspNetCore.Mvc.ActionResult`1[ThucLuc.Api.Common.Models.ApiResponse`1[System.Collections.Generic.IReadOnlyCollection`1[ThucLuc.Application.Features.KyBaoCao.KyBaoCaoDto]]]] GetAll(System.Threading.CancellationToken) on controller ThucLuc.Api.Controllers.V1.KyBaoCaoController (ThucLuc.Api).
2026-04-23 09:43:17.484 +07:00 [INF] Route matched with {action = "GetCurrent", controller = "KyBaoCao"}. Executing controller action with signature System.Threading.Tasks.Task`1[Microsoft.AspNetCore.Mvc.ActionResult`1[ThucLuc.Api.Common.Models.ApiResponse`1[ThucLuc.Application.Features.KyBaoCao.KyBaoCaoDto]]] GetCurrent(System.Threading.CancellationToken) on controller ThucLuc.Api.Controllers.V1.KyBaoCaoController (ThucLuc.Api).
2026-04-23 09:43:17.493 +07:00 [INF] Executing OkObjectResult, writing value of type 'ThucLuc.Api.Common.Models.ApiResponse`1[[ThucLuc.Application.Features.KyBaoCao.KyBaoCaoDto, ThucLuc.Application, Version=1.0.0.0, Culture=neutral, PublicKeyToken=null]]'.
2026-04-23 09:43:17.493 +07:00 [INF] Executing OkObjectResult, writing value of type 'ThucLuc.Api.Common.Models.ApiResponse`1[[System.Collections.Generic.IReadOnlyCollection`1[[ThucLuc.Application.Features.KyBaoCao.KyBaoCaoDto, ThucLuc.Application, Version=1.0.0.0, Culture=neutral, PublicKeyToken=null]], System.Private.CoreLib, Version=8.0.0.0, Culture=neutral, PublicKeyToken=7cec85d7bea7798e]]'.
2026-04-23 09:43:17.494 +07:00 [INF] Executed action ThucLuc.Api.Controllers.V1.KyBaoCaoController.GetCurrent (ThucLuc.Api) in 4.4362ms
2026-04-23 09:43:17.496 +07:00 [INF] Executed action ThucLuc.Api.Controllers.V1.KyBaoCaoController.GetAll (ThucLuc.Api) in 9.302ms
2026-04-23 09:43:17.497 +07:00 [INF] Executed endpoint 'ThucLuc.Api.Controllers.V1.KyBaoCaoController.GetCurrent (ThucLuc.Api)'
2026-04-23 09:43:17.498 +07:00 [INF] Executed endpoint 'ThucLuc.Api.Controllers.V1.KyBaoCaoController.GetAll (ThucLuc.Api)'
2026-04-23 09:43:17.499 +07:00 [INF] HTTP GET /api/v1/ky-bao-cao/current => 200 in 19.7559 ms CorrelationId=66c9f026985a4bcb9c6fdbc81811834b UserId=5001
2026-04-23 09:43:17.501 +07:00 [INF] HTTP GET /api/v1/ky-bao-cao => 200 in 23.8191 ms CorrelationId=e5c90ef6d3a143daa4204839d089ccf8 UserId=5001
2026-04-23 09:43:17.503 +07:00 [INF] HTTP GET /api/v1/ky-bao-cao/current responded 200 in 23.6478 ms
2026-04-23 09:43:17.506 +07:00 [INF] HTTP GET /api/v1/ky-bao-cao responded 200 in 28.9723 ms
2026-04-23 09:43:17.508 +07:00 [INF] Request finished HTTP/1.1 GET http://localhost:5283/api/v1/ky-bao-cao/current - 200 null application/json; charset=utf-8 35.4811ms
2026-04-23 09:43:17.509 +07:00 [INF] Request finished HTTP/1.1 GET http://localhost:5283/api/v1/ky-bao-cao - 200 null application/json; charset=utf-8 43.6983ms
2026-04-23 09:43:17.515 +07:00 [INF] Request starting HTTP/1.1 OPTIONS http://localhost:5283/api/v1/nang-luc-so?kyCode=2026Q1_NHAN_LUC&kyBaoCaoCode=2026Q1_NHAN_LUC&mode=live&nam=2026 - null null
2026-04-23 09:43:17.518 +07:00 [INF] CORS policy execution successful.
2026-04-23 09:43:17.519 +07:00 [INF] HTTP OPTIONS /api/v1/nang-luc-so => 204 in 1.3303 ms CorrelationId=f997d889b31b4c11bcd36260139a6966 UserId=anonymous
2026-04-23 09:43:17.522 +07:00 [INF] HTTP OPTIONS /api/v1/nang-luc-so responded 204 in 4.3546 ms
2026-04-23 09:43:17.524 +07:00 [INF] Request finished HTTP/1.1 OPTIONS http://localhost:5283/api/v1/nang-luc-so?kyCode=2026Q1_NHAN_LUC&kyBaoCaoCode=2026Q1_NHAN_LUC&mode=live&nam=2026 - 204 null null 8.9523ms
2026-04-23 09:43:17.527 +07:00 [INF] Request starting HTTP/1.1 GET http://localhost:5283/api/v1/nang-luc-so?kyCode=2026Q1_NHAN_LUC&kyBaoCaoCode=2026Q1_NHAN_LUC&mode=live&nam=2026 - null null
2026-04-23 09:43:17.530 +07:00 [INF] CORS policy execution successful.
2026-04-23 09:43:17.531 +07:00 [INF] Executing endpoint 'ThucLuc.Api.Controllers.V1.NangLucSoController.GetAll (ThucLuc.Api)'
2026-04-23 09:43:17.535 +07:00 [INF] Route matched with {action = "GetAll", controller = "NangLucSo"}. Executing controller action with signature System.Threading.Tasks.Task`1[Microsoft.AspNetCore.Mvc.ActionResult`1[ThucLuc.Api.Common.Models.ApiResponse`1[System.Collections.Generic.IReadOnlyCollection`1[ThucLuc.Application.Features.NangLucSo.NangLucSoDto]]]] GetAll(ThucLuc.Application.Features.NangLucSo.NangLucSoQuery, System.Threading.CancellationToken) on controller ThucLuc.Api.Controllers.V1.NangLucSoController (ThucLuc.Api).
2026-04-23 09:43:17.549 +07:00 [INF] Executing OkObjectResult, writing value of type 'ThucLuc.Api.Common.Models.ApiResponse`1[[System.Collections.Generic.IReadOnlyCollection`1[[ThucLuc.Application.Features.NangLucSo.NangLucSoDto, ThucLuc.Application, Version=1.0.0.0, Culture=neutral, PublicKeyToken=null]], System.Private.CoreLib, Version=8.0.0.0, Culture=neutral, PublicKeyToken=7cec85d7bea7798e]]'.
2026-04-23 09:43:17.553 +07:00 [INF] Executed action ThucLuc.Api.Controllers.V1.NangLucSoController.GetAll (ThucLuc.Api) in 15.1423ms
2026-04-23 09:43:17.554 +07:00 [INF] Executed endpoint 'ThucLuc.Api.Controllers.V1.NangLucSoController.GetAll (ThucLuc.Api)'
2026-04-23 09:43:17.556 +07:00 [INF] HTTP GET /api/v1/nang-luc-so => 200 in 26.4474 ms CorrelationId=c03142a036344f759d275f02d9dc7505 UserId=5001
2026-04-23 09:43:17.558 +07:00 [INF] HTTP GET /api/v1/nang-luc-so responded 200 in 28.5258 ms
2026-04-23 09:43:17.560 +07:00 [INF] Request finished HTTP/1.1 GET http://localhost:5283/api/v1/nang-luc-so?kyCode=2026Q1_NHAN_LUC&kyBaoCaoCode=2026Q1_NHAN_LUC&mode=live&nam=2026 - 200 null application/json; charset=utf-8 32.3156ms
2026-04-23 09:43:17.883 +07:00 [INF] Request starting HTTP/1.1 GET http://localhost:5283/api/v1/codes/by-code/NOI_DUNG_DAO_TAO_HV - null null
2026-04-23 09:43:17.886 +07:00 [INF] CORS policy execution successful.
2026-04-23 09:43:17.887 +07:00 [INF] Executing endpoint 'ThucLuc.Api.Controllers.V1.CodesController.GetByCode (ThucLuc.Api)'
2026-04-23 09:43:17.888 +07:00 [INF] Route matched with {action = "GetByCode", controller = "Codes"}. Executing controller action with signature System.Threading.Tasks.Task`1[Microsoft.AspNetCore.Mvc.ActionResult`1[ThucLuc.Api.Common.Models.ApiResponse`1[ThucLuc.Application.Features.Codes.CodeDto]]] GetByCode(System.String, System.Threading.CancellationToken) on controller ThucLuc.Api.Controllers.V1.CodesController (ThucLuc.Api).
2026-04-23 09:43:17.895 +07:00 [INF] Executing OkObjectResult, writing value of type 'ThucLuc.Api.Common.Models.ApiResponse`1[[ThucLuc.Application.Features.Codes.CodeDto, ThucLuc.Application, Version=1.0.0.0, Culture=neutral, PublicKeyToken=null]]'.
2026-04-23 09:43:17.897 +07:00 [INF] Executed action ThucLuc.Api.Controllers.V1.CodesController.GetByCode (ThucLuc.Api) in 6.6336ms
2026-04-23 09:43:17.899 +07:00 [INF] Executed endpoint 'ThucLuc.Api.Controllers.V1.CodesController.GetByCode (ThucLuc.Api)'
2026-04-23 09:43:17.901 +07:00 [INF] HTTP GET /api/v1/codes/by-code/NOI_DUNG_DAO_TAO_HV => 200 in 14.7901 ms CorrelationId=2cee0376d40641d6b24dec1ff65ed0b5 UserId=5001
2026-04-23 09:43:17.904 +07:00 [INF] HTTP GET /api/v1/codes/by-code/NOI_DUNG_DAO_TAO_HV responded 200 in 18.3392 ms
2026-04-23 09:43:17.907 +07:00 [INF] Request finished HTTP/1.1 GET http://localhost:5283/api/v1/codes/by-code/NOI_DUNG_DAO_TAO_HV - 200 null application/json; charset=utf-8 24.2131ms
2026-04-23 09:43:17.910 +07:00 [INF] Request starting HTTP/1.1 GET http://localhost:5283/api/v1/ky-bao-cao - null null
2026-04-23 09:43:17.911 +07:00 [INF] Request starting HTTP/1.1 GET http://localhost:5283/api/v1/ky-bao-cao/current - null null
2026-04-23 09:43:17.913 +07:00 [INF] CORS policy execution successful.
2026-04-23 09:43:17.917 +07:00 [INF] CORS policy execution successful.
2026-04-23 09:43:17.918 +07:00 [INF] Executing endpoint 'ThucLuc.Api.Controllers.V1.KyBaoCaoController.GetAll (ThucLuc.Api)'
2026-04-23 09:43:17.918 +07:00 [INF] Executing endpoint 'ThucLuc.Api.Controllers.V1.KyBaoCaoController.GetCurrent (ThucLuc.Api)'
2026-04-23 09:43:17.920 +07:00 [INF] Route matched with {action = "GetAll", controller = "KyBaoCao"}. Executing controller action with signature System.Threading.Tasks.Task`1[Microsoft.AspNetCore.Mvc.ActionResult`1[ThucLuc.Api.Common.Models.ApiResponse`1[System.Collections.Generic.IReadOnlyCollection`1[ThucLuc.Application.Features.KyBaoCao.KyBaoCaoDto]]]] GetAll(System.Threading.CancellationToken) on controller ThucLuc.Api.Controllers.V1.KyBaoCaoController (ThucLuc.Api).
2026-04-23 09:43:17.921 +07:00 [INF] Route matched with {action = "GetCurrent", controller = "KyBaoCao"}. Executing controller action with signature System.Threading.Tasks.Task`1[Microsoft.AspNetCore.Mvc.ActionResult`1[ThucLuc.Api.Common.Models.ApiResponse`1[ThucLuc.Application.Features.KyBaoCao.KyBaoCaoDto]]] GetCurrent(System.Threading.CancellationToken) on controller ThucLuc.Api.Controllers.V1.KyBaoCaoController (ThucLuc.Api).
2026-04-23 09:43:17.926 +07:00 [INF] Executing OkObjectResult, writing value of type 'ThucLuc.Api.Common.Models.ApiResponse`1[[System.Collections.Generic.IReadOnlyCollection`1[[ThucLuc.Application.Features.KyBaoCao.KyBaoCaoDto, ThucLuc.Application, Version=1.0.0.0, Culture=neutral, PublicKeyToken=null]], System.Private.CoreLib, Version=8.0.0.0, Culture=neutral, PublicKeyToken=7cec85d7bea7798e]]'.
2026-04-23 09:43:17.927 +07:00 [INF] Executing OkObjectResult, writing value of type 'ThucLuc.Api.Common.Models.ApiResponse`1[[ThucLuc.Application.Features.KyBaoCao.KyBaoCaoDto, ThucLuc.Application, Version=1.0.0.0, Culture=neutral, PublicKeyToken=null]]'.
2026-04-23 09:43:17.928 +07:00 [INF] Executed action ThucLuc.Api.Controllers.V1.KyBaoCaoController.GetAll (ThucLuc.Api) in 4.7584ms
2026-04-23 09:43:17.929 +07:00 [INF] Executed action ThucLuc.Api.Controllers.V1.KyBaoCaoController.GetCurrent (ThucLuc.Api) in 3.7637ms
2026-04-23 09:43:17.931 +07:00 [INF] Executed endpoint 'ThucLuc.Api.Controllers.V1.KyBaoCaoController.GetAll (ThucLuc.Api)'
2026-04-23 09:43:17.932 +07:00 [INF] Executed endpoint 'ThucLuc.Api.Controllers.V1.KyBaoCaoController.GetCurrent (ThucLuc.Api)'
2026-04-23 09:43:17.933 +07:00 [INF] HTTP GET /api/v1/ky-bao-cao => 200 in 19.8694 ms CorrelationId=7058ea988be44932ad1321dfa3bae13e UserId=5001
2026-04-23 09:43:17.934 +07:00 [INF] HTTP GET /api/v1/ky-bao-cao/current => 200 in 17.8079 ms CorrelationId=12660a75068f4ed3b10a185090450a9e UserId=5001
2026-04-23 09:43:17.938 +07:00 [INF] HTTP GET /api/v1/ky-bao-cao responded 200 in 24.9114 ms
2026-04-23 09:43:17.940 +07:00 [INF] HTTP GET /api/v1/ky-bao-cao/current responded 200 in 23.9561 ms
2026-04-23 09:43:17.943 +07:00 [INF] Request finished HTTP/1.1 GET http://localhost:5283/api/v1/ky-bao-cao - 200 null application/json; charset=utf-8 32.8658ms
2026-04-23 09:43:17.945 +07:00 [INF] Request finished HTTP/1.1 GET http://localhost:5283/api/v1/ky-bao-cao/current - 200 null application/json; charset=utf-8 33.9075ms
2026-04-23 09:43:17.952 +07:00 [INF] Request starting HTTP/1.1 GET http://localhost:5283/api/v1/dao-tao-hoc-vien - null null
2026-04-23 09:43:17.956 +07:00 [INF] CORS policy execution successful.
2026-04-23 09:43:17.957 +07:00 [INF] Executing endpoint 'ThucLuc.Api.Controllers.V1.DaoTaoHocVienController.GetAll (ThucLuc.Api)'
2026-04-23 09:43:17.959 +07:00 [INF] Route matched with {action = "GetAll", controller = "DaoTaoHocVien"}. Executing controller action with signature System.Threading.Tasks.Task`1[Microsoft.AspNetCore.Mvc.ActionResult`1[ThucLuc.Api.Common.Models.ApiResponse`1[System.Collections.Generic.IReadOnlyCollection`1[ThucLuc.Application.Features.DaoTaoHocVien.DaoTaoHocVienDto]]]] GetAll(ThucLuc.Application.Features.DaoTaoHocVien.DaoTaoHocVienQuery, System.Threading.CancellationToken) on controller ThucLuc.Api.Controllers.V1.DaoTaoHocVienController (ThucLuc.Api).
2026-04-23 09:43:17.965 +07:00 [INF] Executing OkObjectResult, writing value of type 'ThucLuc.Api.Common.Models.ApiResponse`1[[System.Collections.Generic.IReadOnlyCollection`1[[ThucLuc.Application.Features.DaoTaoHocVien.DaoTaoHocVienDto, ThucLuc.Application, Version=1.0.0.0, Culture=neutral, PublicKeyToken=null]], System.Private.CoreLib, Version=8.0.0.0, Culture=neutral, PublicKeyToken=7cec85d7bea7798e]]'.
2026-04-23 09:43:17.967 +07:00 [INF] Executed action ThucLuc.Api.Controllers.V1.DaoTaoHocVienController.GetAll (ThucLuc.Api) in 5.3027ms
2026-04-23 09:43:17.968 +07:00 [INF] Executed endpoint 'ThucLuc.Api.Controllers.V1.DaoTaoHocVienController.GetAll (ThucLuc.Api)'
2026-04-23 09:43:17.970 +07:00 [INF] HTTP GET /api/v1/dao-tao-hoc-vien => 200 in 14.5402 ms CorrelationId=543bb9cdb70a4f898b2e9c11f85b50cd UserId=5001
2026-04-23 09:43:17.972 +07:00 [INF] HTTP GET /api/v1/dao-tao-hoc-vien responded 200 in 17.1106 ms
2026-04-23 09:43:17.975 +07:00 [INF] Request finished HTTP/1.1 GET http://localhost:5283/api/v1/dao-tao-hoc-vien - 200 null application/json; charset=utf-8 22.6808ms
2026-04-23 09:43:17.978 +07:00 [INF] Request starting HTTP/1.1 GET http://localhost:5283/api/v1/snapshot?kyBaoCaoId=6001 - null null
2026-04-23 09:43:17.980 +07:00 [INF] CORS policy execution successful.
2026-04-23 09:43:17.981 +07:00 [INF] Executing endpoint 'ThucLuc.Api.Controllers.V1.BaoCaoSnapshotController.GetByKy (ThucLuc.Api)'
2026-04-23 09:43:17.983 +07:00 [INF] Route matched with {action = "GetByKy", controller = "BaoCaoSnapshot"}. Executing controller action with signature System.Threading.Tasks.Task`1[Microsoft.AspNetCore.Mvc.ActionResult`1[ThucLuc.Api.Common.Models.ApiResponse`1[System.Collections.Generic.IReadOnlyCollection`1[ThucLuc.Application.Features.BaoCaoSnapshot.BaoCaoSnapshotDto]]]] GetByKy(Int64, System.Threading.CancellationToken) on controller ThucLuc.Api.Controllers.V1.BaoCaoSnapshotController (ThucLuc.Api).
2026-04-23 09:43:17.992 +07:00 [INF] Executing OkObjectResult, writing value of type 'ThucLuc.Api.Common.Models.ApiResponse`1[[System.Collections.Generic.IReadOnlyCollection`1[[ThucLuc.Application.Features.BaoCaoSnapshot.BaoCaoSnapshotDto, ThucLuc.Application, Version=1.0.0.0, Culture=neutral, PublicKeyToken=null]], System.Private.CoreLib, Version=8.0.0.0, Culture=neutral, PublicKeyToken=7cec85d7bea7798e]]'.
2026-04-23 09:43:17.994 +07:00 [INF] Executed action ThucLuc.Api.Controllers.V1.BaoCaoSnapshotController.GetByKy (ThucLuc.Api) in 8.7585ms
2026-04-23 09:43:17.995 +07:00 [INF] Executed endpoint 'ThucLuc.Api.Controllers.V1.BaoCaoSnapshotController.GetByKy (ThucLuc.Api)'
2026-04-23 09:43:17.996 +07:00 [INF] HTTP GET /api/v1/snapshot => 200 in 16.0124 ms CorrelationId=bbeb66da1ef642b582b62aab964febe0 UserId=5001
2026-04-23 09:43:17.998 +07:00 [INF] HTTP GET /api/v1/snapshot responded 200 in 17.8055 ms
2026-04-23 09:43:18.000 +07:00 [INF] Request finished HTTP/1.1 GET http://localhost:5283/api/v1/snapshot?kyBaoCaoId=6001 - 200 null application/json; charset=utf-8 21.8044ms
2026-04-23 09:43:18.196 +07:00 [INF] Request starting HTTP/1.1 GET http://localhost:5283/api/v1/dao-tao-boi-duong - null null
2026-04-23 09:43:18.199 +07:00 [INF] CORS policy execution successful.
2026-04-23 09:43:18.200 +07:00 [INF] Executing endpoint 'ThucLuc.Api.Controllers.V1.DaoTaoBoiDuongController.GetAll (ThucLuc.Api)'
2026-04-23 09:43:18.202 +07:00 [INF] Route matched with {action = "GetAll", controller = "DaoTaoBoiDuong"}. Executing controller action with signature System.Threading.Tasks.Task`1[Microsoft.AspNetCore.Mvc.ActionResult`1[ThucLuc.Api.Common.Models.ApiResponse`1[System.Collections.Generic.IReadOnlyCollection`1[ThucLuc.Application.Features.DaoTaoBoiDuong.DaoTaoBoiDuongDto]]]] GetAll(ThucLuc.Application.Features.DaoTaoBoiDuong.DaoTaoBoiDuongQuery, System.Threading.CancellationToken) on controller ThucLuc.Api.Controllers.V1.DaoTaoBoiDuongController (ThucLuc.Api).
2026-04-23 09:43:18.207 +07:00 [INF] Executing OkObjectResult, writing value of type 'ThucLuc.Api.Common.Models.ApiResponse`1[[System.Collections.Generic.IReadOnlyCollection`1[[ThucLuc.Application.Features.DaoTaoBoiDuong.DaoTaoBoiDuongDto, ThucLuc.Application, Version=1.0.0.0, Culture=neutral, PublicKeyToken=null]], System.Private.CoreLib, Version=8.0.0.0, Culture=neutral, PublicKeyToken=7cec85d7bea7798e]]'.
2026-04-23 09:43:18.209 +07:00 [INF] Executed action ThucLuc.Api.Controllers.V1.DaoTaoBoiDuongController.GetAll (ThucLuc.Api) in 4.5128ms
2026-04-23 09:43:18.211 +07:00 [INF] Executed endpoint 'ThucLuc.Api.Controllers.V1.DaoTaoBoiDuongController.GetAll (ThucLuc.Api)'
2026-04-23 09:43:18.212 +07:00 [INF] HTTP GET /api/v1/dao-tao-boi-duong => 200 in 12.1914 ms CorrelationId=e67cfdd5fd2d4daf95b8fc9bc4c97292 UserId=5001
2026-04-23 09:43:18.213 +07:00 [INF] HTTP GET /api/v1/dao-tao-boi-duong responded 200 in 13.7779 ms
2026-04-23 09:43:18.215 +07:00 [INF] Request finished HTTP/1.1 GET http://localhost:5283/api/v1/dao-tao-boi-duong - 200 null application/json; charset=utf-8 18.6628ms
2026-04-23 09:43:18.510 +07:00 [INF] Request starting HTTP/1.1 OPTIONS http://localhost:5283/api/v1/codes/by-code/CAP_BAC_CONG_AN - null null
2026-04-23 09:43:18.510 +07:00 [INF] Request starting HTTP/1.1 OPTIONS http://localhost:5283/api/v1/codes/by-code/GIOI_TINH - null null
2026-04-23 09:43:18.510 +07:00 [INF] Request starting HTTP/1.1 OPTIONS http://localhost:5283/api/v1/don-vi/tree - null null
2026-04-23 09:43:18.510 +07:00 [INF] Request starting HTTP/1.1 OPTIONS http://localhost:5283/api/v1/codes/by-code/TRINH_DO_CNTT - null null
2026-04-23 09:43:18.510 +07:00 [INF] Request starting HTTP/1.1 OPTIONS http://localhost:5283/api/v1/codes/by-code/LOAI_NHAN_LUC - null null
2026-04-23 09:43:18.510 +07:00 [INF] Request starting HTTP/1.1 OPTIONS http://localhost:5283/api/v1/codes/by-code/TRINH_DO_LLCT - null null
2026-04-23 09:43:18.512 +07:00 [INF] CORS policy execution successful.
2026-04-23 09:43:18.514 +07:00 [INF] CORS policy execution successful.
2026-04-23 09:43:18.516 +07:00 [INF] CORS policy execution successful.
2026-04-23 09:43:18.518 +07:00 [INF] CORS policy execution successful.
2026-04-23 09:43:18.520 +07:00 [INF] CORS policy execution successful.
2026-04-23 09:43:18.521 +07:00 [INF] CORS policy execution successful.
2026-04-23 09:43:18.522 +07:00 [INF] HTTP OPTIONS /api/v1/codes/by-code/CAP_BAC_CONG_AN => 204 in 9.8385 ms CorrelationId=2b6412ada8c7481fb86a40509a1308cc UserId=anonymous
2026-04-23 09:43:18.523 +07:00 [INF] HTTP OPTIONS /api/v1/codes/by-code/GIOI_TINH => 204 in 9.0538 ms CorrelationId=573fd9d3a1c14f8ea0d8a10c660cd80a UserId=anonymous
2026-04-23 09:43:18.524 +07:00 [INF] HTTP OPTIONS /api/v1/don-vi/tree => 204 in 8.4557 ms CorrelationId=fcfc3ebe3237473b8fafe34b561babad UserId=anonymous
2026-04-23 09:43:18.525 +07:00 [INF] HTTP OPTIONS /api/v1/codes/by-code/TRINH_DO_CNTT => 204 in 6.8834 ms CorrelationId=54c70456a95044c9962bf7cb54639c7b UserId=anonymous
2026-04-23 09:43:18.525 +07:00 [INF] HTTP OPTIONS /api/v1/codes/by-code/LOAI_NHAN_LUC => 204 in 5.7414 ms CorrelationId=fc422434be6e421ea0c4992fb1e15574 UserId=anonymous
2026-04-23 09:43:18.526 +07:00 [INF] HTTP OPTIONS /api/v1/codes/by-code/TRINH_DO_LLCT => 204 in 4.7016 ms CorrelationId=5b24aefc722d4de8a0d54f649158946a UserId=anonymous
2026-04-23 09:43:18.529 +07:00 [INF] HTTP OPTIONS /api/v1/codes/by-code/CAP_BAC_CONG_AN responded 204 in 16.5893 ms
2026-04-23 09:43:18.531 +07:00 [INF] HTTP OPTIONS /api/v1/codes/by-code/GIOI_TINH responded 204 in 16.6397 ms
2026-04-23 09:43:18.532 +07:00 [INF] HTTP OPTIONS /api/v1/don-vi/tree responded 204 in 16.7200 ms
2026-04-23 09:43:18.534 +07:00 [INF] HTTP OPTIONS /api/v1/codes/by-code/TRINH_DO_CNTT responded 204 in 16.5433 ms
2026-04-23 09:43:18.537 +07:00 [INF] HTTP OPTIONS /api/v1/codes/by-code/LOAI_NHAN_LUC responded 204 in 17.0400 ms
2026-04-23 09:43:18.538 +07:00 [INF] HTTP OPTIONS /api/v1/codes/by-code/TRINH_DO_LLCT responded 204 in 17.1220 ms
2026-04-23 09:43:18.540 +07:00 [INF] Request finished HTTP/1.1 OPTIONS http://localhost:5283/api/v1/codes/by-code/CAP_BAC_CONG_AN - 204 null null 30.4546ms
2026-04-23 09:43:18.542 +07:00 [INF] Request finished HTTP/1.1 OPTIONS http://localhost:5283/api/v1/codes/by-code/GIOI_TINH - 204 null null 32.2688ms
2026-04-23 09:43:18.544 +07:00 [INF] Request finished HTTP/1.1 OPTIONS http://localhost:5283/api/v1/don-vi/tree - 204 null null 33.4605ms
2026-04-23 09:43:18.545 +07:00 [INF] Request finished HTTP/1.1 OPTIONS http://localhost:5283/api/v1/codes/by-code/TRINH_DO_CNTT - 204 null null 34.9163ms
2026-04-23 09:43:18.547 +07:00 [INF] Request finished HTTP/1.1 OPTIONS http://localhost:5283/api/v1/codes/by-code/LOAI_NHAN_LUC - 204 null null 36.4218ms
2026-04-23 09:43:18.548 +07:00 [INF] Request finished HTTP/1.1 OPTIONS http://localhost:5283/api/v1/codes/by-code/TRINH_DO_LLCT - 204 null null 37.9338ms
2026-04-23 09:43:18.551 +07:00 [INF] Request starting HTTP/1.1 GET http://localhost:5283/api/v1/codes/by-code/CAP_BAC_CONG_AN - null null
2026-04-23 09:43:18.554 +07:00 [INF] Request starting HTTP/1.1 GET http://localhost:5283/api/v1/codes/by-code/GIOI_TINH - null null
2026-04-23 09:43:18.557 +07:00 [INF] Request starting HTTP/1.1 GET http://localhost:5283/api/v1/don-vi/tree - null null
2026-04-23 09:43:18.560 +07:00 [INF] Request starting HTTP/1.1 GET http://localhost:5283/api/v1/codes/by-code/TRINH_DO_CNTT - null null
2026-04-23 09:43:18.563 +07:00 [INF] Request starting HTTP/1.1 GET http://localhost:5283/api/v1/codes/by-code/LOAI_NHAN_LUC - null null
2026-04-23 09:43:18.565 +07:00 [INF] Request starting HTTP/1.1 GET http://localhost:5283/api/v1/codes/by-code/TRINH_DO_LLCT - null null
2026-04-23 09:43:18.568 +07:00 [INF] CORS policy execution successful.
2026-04-23 09:43:18.570 +07:00 [INF] CORS policy execution successful.
2026-04-23 09:43:18.572 +07:00 [INF] CORS policy execution successful.
2026-04-23 09:43:18.574 +07:00 [INF] CORS policy execution successful.
2026-04-23 09:43:18.576 +07:00 [INF] CORS policy execution successful.
2026-04-23 09:43:18.578 +07:00 [INF] CORS policy execution successful.
2026-04-23 09:43:18.579 +07:00 [INF] Executing endpoint 'ThucLuc.Api.Controllers.V1.CodesController.GetByCode (ThucLuc.Api)'
2026-04-23 09:43:18.580 +07:00 [INF] Executing endpoint 'ThucLuc.Api.Controllers.V1.CodesController.GetByCode (ThucLuc.Api)'
2026-04-23 09:43:18.581 +07:00 [INF] Executing endpoint 'ThucLuc.Api.Controllers.V1.DonViController.GetTree (ThucLuc.Api)'
2026-04-23 09:43:18.581 +07:00 [INF] Executing endpoint 'ThucLuc.Api.Controllers.V1.CodesController.GetByCode (ThucLuc.Api)'
2026-04-23 09:43:18.582 +07:00 [INF] Executing endpoint 'ThucLuc.Api.Controllers.V1.CodesController.GetByCode (ThucLuc.Api)'
2026-04-23 09:43:18.582 +07:00 [INF] Executing endpoint 'ThucLuc.Api.Controllers.V1.CodesController.GetByCode (ThucLuc.Api)'
2026-04-23 09:43:18.590 +07:00 [INF] Route matched with {action = "GetByCode", controller = "Codes"}. Executing controller action with signature System.Threading.Tasks.Task`1[Microsoft.AspNetCore.Mvc.ActionResult`1[ThucLuc.Api.Common.Models.ApiResponse`1[ThucLuc.Application.Features.Codes.CodeDto]]] GetByCode(System.String, System.Threading.CancellationToken) on controller ThucLuc.Api.Controllers.V1.CodesController (ThucLuc.Api).
2026-04-23 09:43:18.585 +07:00 [INF] Route matched with {action = "GetByCode", controller = "Codes"}. Executing controller action with signature System.Threading.Tasks.Task`1[Microsoft.AspNetCore.Mvc.ActionResult`1[ThucLuc.Api.Common.Models.ApiResponse`1[ThucLuc.Application.Features.Codes.CodeDto]]] GetByCode(System.String, System.Threading.CancellationToken) on controller ThucLuc.Api.Controllers.V1.CodesController (ThucLuc.Api).
2026-04-23 09:43:18.587 +07:00 [INF] Route matched with {action = "GetTree", controller = "DonVi"}. Executing controller action with signature System.Threading.Tasks.Task`1[Microsoft.AspNetCore.Mvc.ActionResult`1[ThucLuc.Api.Common.Models.ApiResponse`1[System.Collections.Generic.IReadOnlyCollection`1[ThucLuc.Application.Features.DonVi.DonViDto]]]] GetTree(System.Threading.CancellationToken) on controller ThucLuc.Api.Controllers.V1.DonViController (ThucLuc.Api).
2026-04-23 09:43:18.587 +07:00 [INF] Route matched with {action = "GetByCode", controller = "Codes"}. Executing controller action with signature System.Threading.Tasks.Task`1[Microsoft.AspNetCore.Mvc.ActionResult`1[ThucLuc.Api.Common.Models.ApiResponse`1[ThucLuc.Application.Features.Codes.CodeDto]]] GetByCode(System.String, System.Threading.CancellationToken) on controller ThucLuc.Api.Controllers.V1.CodesController (ThucLuc.Api).
2026-04-23 09:43:18.589 +07:00 [INF] Route matched with {action = "GetByCode", controller = "Codes"}. Executing controller action with signature System.Threading.Tasks.Task`1[Microsoft.AspNetCore.Mvc.ActionResult`1[ThucLuc.Api.Common.Models.ApiResponse`1[ThucLuc.Application.Features.Codes.CodeDto]]] GetByCode(System.String, System.Threading.CancellationToken) on controller ThucLuc.Api.Controllers.V1.CodesController (ThucLuc.Api).
2026-04-23 09:43:18.583 +07:00 [INF] Route matched with {action = "GetByCode", controller = "Codes"}. Executing controller action with signature System.Threading.Tasks.Task`1[Microsoft.AspNetCore.Mvc.ActionResult`1[ThucLuc.Api.Common.Models.ApiResponse`1[ThucLuc.Application.Features.Codes.CodeDto]]] GetByCode(System.String, System.Threading.CancellationToken) on controller ThucLuc.Api.Controllers.V1.CodesController (ThucLuc.Api).
2026-04-23 09:43:18.596 +07:00 [INF] Executing OkObjectResult, writing value of type 'ThucLuc.Api.Common.Models.ApiResponse`1[[ThucLuc.Application.Features.Codes.CodeDto, ThucLuc.Application, Version=1.0.0.0, Culture=neutral, PublicKeyToken=null]]'.
2026-04-23 09:43:18.597 +07:00 [INF] Executing OkObjectResult, writing value of type 'ThucLuc.Api.Common.Models.ApiResponse`1[[ThucLuc.Application.Features.Codes.CodeDto, ThucLuc.Application, Version=1.0.0.0, Culture=neutral, PublicKeyToken=null]]'.
2026-04-23 09:43:18.600 +07:00 [INF] Executing OkObjectResult, writing value of type 'ThucLuc.Api.Common.Models.ApiResponse`1[[System.Collections.Generic.IReadOnlyCollection`1[[ThucLuc.Application.Features.DonVi.DonViDto, ThucLuc.Application, Version=1.0.0.0, Culture=neutral, PublicKeyToken=null]], System.Private.CoreLib, Version=8.0.0.0, Culture=neutral, PublicKeyToken=7cec85d7bea7798e]]'.
2026-04-23 09:43:18.601 +07:00 [INF] Executing OkObjectResult, writing value of type 'ThucLuc.Api.Common.Models.ApiResponse`1[[ThucLuc.Application.Features.Codes.CodeDto, ThucLuc.Application, Version=1.0.0.0, Culture=neutral, PublicKeyToken=null]]'.
2026-04-23 09:43:18.606 +07:00 [INF] Executing OkObjectResult, writing value of type 'ThucLuc.Api.Common.Models.ApiResponse`1[[ThucLuc.Application.Features.Codes.CodeDto, ThucLuc.Application, Version=1.0.0.0, Culture=neutral, PublicKeyToken=null]]'.
2026-04-23 09:43:18.606 +07:00 [INF] Executed action ThucLuc.Api.Controllers.V1.CodesController.GetByCode (ThucLuc.Api) in 13.6699ms
2026-04-23 09:43:18.607 +07:00 [INF] Executing OkObjectResult, writing value of type 'ThucLuc.Api.Common.Models.ApiResponse`1[[ThucLuc.Application.Features.Codes.CodeDto, ThucLuc.Application, Version=1.0.0.0, Culture=neutral, PublicKeyToken=null]]'.
2026-04-23 09:43:18.608 +07:00 [INF] Executed action ThucLuc.Api.Controllers.V1.CodesController.GetByCode (ThucLuc.Api) in 12.5448ms
2026-04-23 09:43:18.609 +07:00 [INF] Executed action ThucLuc.Api.Controllers.V1.DonViController.GetTree (ThucLuc.Api) in 12.2909ms
2026-04-23 09:43:18.610 +07:00 [INF] Executed action ThucLuc.Api.Controllers.V1.CodesController.GetByCode (ThucLuc.Api) in 11.3134ms
2026-04-23 09:43:18.611 +07:00 [INF] Executed action ThucLuc.Api.Controllers.V1.CodesController.GetByCode (ThucLuc.Api) in 8.3376ms
2026-04-23 09:43:18.613 +07:00 [INF] Executed endpoint 'ThucLuc.Api.Controllers.V1.CodesController.GetByCode (ThucLuc.Api)'
2026-04-23 09:43:18.614 +07:00 [INF] Executed action ThucLuc.Api.Controllers.V1.CodesController.GetByCode (ThucLuc.Api) in 9.2333ms
2026-04-23 09:43:18.615 +07:00 [INF] Executed endpoint 'ThucLuc.Api.Controllers.V1.CodesController.GetByCode (ThucLuc.Api)'
2026-04-23 09:43:18.617 +07:00 [INF] Executed endpoint 'ThucLuc.Api.Controllers.V1.DonViController.GetTree (ThucLuc.Api)'
2026-04-23 09:43:18.618 +07:00 [INF] Executed endpoint 'ThucLuc.Api.Controllers.V1.CodesController.GetByCode (ThucLuc.Api)'
2026-04-23 09:43:18.620 +07:00 [INF] Executed endpoint 'ThucLuc.Api.Controllers.V1.CodesController.GetByCode (ThucLuc.Api)'
2026-04-23 09:43:18.621 +07:00 [INF] HTTP GET /api/v1/codes/by-code/TRINH_DO_LLCT => 200 in 42.723 ms CorrelationId=fc5c8b6bd54e49ca82b106f580f7da4f UserId=5001
2026-04-23 09:43:18.622 +07:00 [INF] Executed endpoint 'ThucLuc.Api.Controllers.V1.CodesController.GetByCode (ThucLuc.Api)'
2026-04-23 09:43:18.623 +07:00 [INF] HTTP GET /api/v1/codes/by-code/GIOI_TINH => 200 in 53.2732 ms CorrelationId=86e017dbabe843ed894eb14a0814cd59 UserId=5001
2026-04-23 09:43:18.624 +07:00 [INF] HTTP GET /api/v1/don-vi/tree => 200 in 52.0874 ms CorrelationId=4b18370dbc484a9990f19a99c0ea625e UserId=5001
2026-04-23 09:43:18.625 +07:00 [INF] HTTP GET /api/v1/codes/by-code/TRINH_DO_CNTT => 200 in 51.0431 ms CorrelationId=ab1dc38afe354ca790795512bfb6be7e UserId=5001
2026-04-23 09:43:18.626 +07:00 [INF] HTTP GET /api/v1/codes/by-code/LOAI_NHAN_LUC => 200 in 49.8886 ms CorrelationId=ed5c1f8300a24641bf4b835df8d96043 UserId=5001
2026-04-23 09:43:18.628 +07:00 [INF] HTTP GET /api/v1/codes/by-code/TRINH_DO_LLCT responded 200 in 49.9073 ms
2026-04-23 09:43:18.629 +07:00 [INF] HTTP GET /api/v1/codes/by-code/CAP_BAC_CONG_AN => 200 in 61.9229 ms CorrelationId=73feb5de14f6464c98e5e5920417c5b8 UserId=5001
2026-04-23 09:43:18.631 +07:00 [INF] HTTP GET /api/v1/codes/by-code/GIOI_TINH responded 200 in 61.0454 ms
2026-04-23 09:43:18.634 +07:00 [INF] HTTP GET /api/v1/don-vi/tree responded 200 in 61.1985 ms
2026-04-23 09:43:18.637 +07:00 [INF] HTTP GET /api/v1/codes/by-code/TRINH_DO_CNTT responded 200 in 62.3796 ms
2026-04-23 09:43:18.639 +07:00 [INF] HTTP GET /api/v1/codes/by-code/LOAI_NHAN_LUC responded 200 in 62.5002 ms
2026-04-23 09:43:18.641 +07:00 [INF] Request finished HTTP/1.1 GET http://localhost:5283/api/v1/codes/by-code/TRINH_DO_LLCT - 200 null application/json; charset=utf-8 75.4717ms
2026-04-23 09:43:18.642 +07:00 [INF] HTTP GET /api/v1/codes/by-code/CAP_BAC_CONG_AN responded 200 in 75.1737 ms
2026-04-23 09:43:18.644 +07:00 [INF] Request finished HTTP/1.1 GET http://localhost:5283/api/v1/codes/by-code/GIOI_TINH - 200 null application/json; charset=utf-8 89.946ms
2026-04-23 09:43:18.646 +07:00 [INF] Request finished HTTP/1.1 GET http://localhost:5283/api/v1/don-vi/tree - 200 null application/json; charset=utf-8 89.0024ms
2026-04-23 09:43:18.648 +07:00 [INF] Request finished HTTP/1.1 GET http://localhost:5283/api/v1/codes/by-code/TRINH_DO_CNTT - 200 null application/json; charset=utf-8 88.6117ms
2026-04-23 09:43:18.650 +07:00 [INF] Request finished HTTP/1.1 GET http://localhost:5283/api/v1/codes/by-code/LOAI_NHAN_LUC - 200 null application/json; charset=utf-8 87.5396ms
2026-04-23 09:43:18.656 +07:00 [INF] Request finished HTTP/1.1 GET http://localhost:5283/api/v1/codes/by-code/CAP_BAC_CONG_AN - 200 null application/json; charset=utf-8 105.2445ms
2026-04-23 09:43:18.672 +07:00 [INF] Request starting HTTP/1.1 OPTIONS http://localhost:5283/api/v1/nhan-luc-cntt?page=1&pageSize=10&namBaoCao=2026 - null null
2026-04-23 09:43:18.674 +07:00 [INF] CORS policy execution successful.
2026-04-23 09:43:18.675 +07:00 [INF] HTTP OPTIONS /api/v1/nhan-luc-cntt => 204 in 0.8934 ms CorrelationId=ae0acb4737e043dd99064e68ac9ff43b UserId=anonymous
2026-04-23 09:43:18.677 +07:00 [INF] HTTP OPTIONS /api/v1/nhan-luc-cntt responded 204 in 2.9975 ms
2026-04-23 09:43:18.679 +07:00 [INF] Request finished HTTP/1.1 OPTIONS http://localhost:5283/api/v1/nhan-luc-cntt?page=1&pageSize=10&namBaoCao=2026 - 204 null null 7.6854ms
2026-04-23 09:43:18.683 +07:00 [INF] Request starting HTTP/1.1 GET http://localhost:5283/api/v1/nhan-luc-cntt?page=1&pageSize=10&namBaoCao=2026 - null null
2026-04-23 09:43:18.686 +07:00 [INF] CORS policy execution successful.
2026-04-23 09:43:18.687 +07:00 [INF] Executing endpoint 'ThucLuc.Api.Controllers.V1.NhanLucCnttController.GetAll (ThucLuc.Api)'
2026-04-23 09:43:18.689 +07:00 [INF] Route matched with {action = "GetAll", controller = "NhanLucCntt"}. Executing controller action with signature System.Threading.Tasks.Task`1[Microsoft.AspNetCore.Mvc.ActionResult`1[ThucLuc.Api.Common.Models.ApiResponse`1[ThucLuc.Application.Common.Models.PagedResult`1[ThucLuc.Application.Features.NhanLucCntt.NhanLucCnttDto]]]] GetAll(ThucLuc.Application.Features.NhanLucCntt.NhanLucCnttQuery, System.Threading.CancellationToken) on controller ThucLuc.Api.Controllers.V1.NhanLucCnttController (ThucLuc.Api).
2026-04-23 09:43:18.696 +07:00 [INF] Executing OkObjectResult, writing value of type 'ThucLuc.Api.Common.Models.ApiResponse`1[[ThucLuc.Application.Common.Models.PagedResult`1[[ThucLuc.Application.Features.NhanLucCntt.NhanLucCnttDto, ThucLuc.Application, Version=1.0.0.0, Culture=neutral, PublicKeyToken=null]], ThucLuc.Application, Version=1.0.0.0, Culture=neutral, PublicKeyToken=null]]'.
2026-04-23 09:43:18.698 +07:00 [INF] Executed action ThucLuc.Api.Controllers.V1.NhanLucCnttController.GetAll (ThucLuc.Api) in 6.7292ms
2026-04-23 09:43:18.699 +07:00 [INF] Executed endpoint 'ThucLuc.Api.Controllers.V1.NhanLucCnttController.GetAll (ThucLuc.Api)'
2026-04-23 09:43:18.700 +07:00 [INF] HTTP GET /api/v1/nhan-luc-cntt => 200 in 13.9692 ms CorrelationId=619c366d3df941f9a2db145d99b78ed1 UserId=5001
2026-04-23 09:43:18.703 +07:00 [INF] HTTP GET /api/v1/nhan-luc-cntt responded 200 in 16.6267 ms
2026-04-23 09:43:18.704 +07:00 [INF] Request finished HTTP/1.1 GET http://localhost:5283/api/v1/nhan-luc-cntt?page=1&pageSize=10&namBaoCao=2026 - 200 null application/json; charset=utf-8 21.7064ms
2026-04-23 09:43:23.181 +07:00 [INF] Request starting HTTP/1.1 OPTIONS http://localhost:5283/api/v1/dao-tao-boi-duong - null null
2026-04-23 09:43:23.186 +07:00 [INF] CORS policy execution successful.
2026-04-23 09:43:23.192 +07:00 [INF] HTTP OPTIONS /api/v1/dao-tao-boi-duong => 204 in 5.5763 ms CorrelationId=013ff3c105c84e89b1cdf8d609813228 UserId=anonymous
2026-04-23 09:43:23.198 +07:00 [INF] HTTP OPTIONS /api/v1/dao-tao-boi-duong responded 204 in 11.8411 ms
2026-04-23 09:43:23.202 +07:00 [INF] Request finished HTTP/1.1 OPTIONS http://localhost:5283/api/v1/dao-tao-boi-duong - 204 null null 21.0348ms
2026-04-23 09:43:23.206 +07:00 [INF] Request starting HTTP/1.1 GET http://localhost:5283/api/v1/dao-tao-boi-duong - null null
2026-04-23 09:43:23.210 +07:00 [INF] CORS policy execution successful.
2026-04-23 09:43:23.212 +07:00 [INF] Executing endpoint 'ThucLuc.Api.Controllers.V1.DaoTaoBoiDuongController.GetAll (ThucLuc.Api)'
2026-04-23 09:43:23.214 +07:00 [INF] Route matched with {action = "GetAll", controller = "DaoTaoBoiDuong"}. Executing controller action with signature System.Threading.Tasks.Task`1[Microsoft.AspNetCore.Mvc.ActionResult`1[ThucLuc.Api.Common.Models.ApiResponse`1[System.Collections.Generic.IReadOnlyCollection`1[ThucLuc.Application.Features.DaoTaoBoiDuong.DaoTaoBoiDuongDto]]]] GetAll(ThucLuc.Application.Features.DaoTaoBoiDuong.DaoTaoBoiDuongQuery, System.Threading.CancellationToken) on controller ThucLuc.Api.Controllers.V1.DaoTaoBoiDuongController (ThucLuc.Api).
2026-04-23 09:43:23.222 +07:00 [INF] Executing OkObjectResult, writing value of type 'ThucLuc.Api.Common.Models.ApiResponse`1[[System.Collections.Generic.IReadOnlyCollection`1[[ThucLuc.Application.Features.DaoTaoBoiDuong.DaoTaoBoiDuongDto, ThucLuc.Application, Version=1.0.0.0, Culture=neutral, PublicKeyToken=null]], System.Private.CoreLib, Version=8.0.0.0, Culture=neutral, PublicKeyToken=7cec85d7bea7798e]]'.
2026-04-23 09:43:23.225 +07:00 [INF] Executed action ThucLuc.Api.Controllers.V1.DaoTaoBoiDuongController.GetAll (ThucLuc.Api) in 8.2551ms
2026-04-23 09:43:23.228 +07:00 [INF] Executed endpoint 'ThucLuc.Api.Controllers.V1.DaoTaoBoiDuongController.GetAll (ThucLuc.Api)'
2026-04-23 09:43:23.230 +07:00 [INF] HTTP GET /api/v1/dao-tao-boi-duong => 200 in 19.5305 ms CorrelationId=60d08a6830384cbfb476a97b2ee87bfc UserId=5001
2026-04-23 09:43:23.233 +07:00 [INF] HTTP GET /api/v1/dao-tao-boi-duong responded 200 in 23.2125 ms
2026-04-23 09:43:23.237 +07:00 [INF] Request finished HTTP/1.1 GET http://localhost:5283/api/v1/dao-tao-boi-duong - 200 null application/json; charset=utf-8 30.1006ms
2026-04-23 09:43:24.594 +07:00 [INF] Request starting HTTP/1.1 OPTIONS http://localhost:5283/api/v1/codes/by-code/NOI_DUNG_DAO_TAO_HV - null null
2026-04-23 09:43:24.598 +07:00 [INF] CORS policy execution successful.
2026-04-23 09:43:24.598 +07:00 [INF] HTTP OPTIONS /api/v1/codes/by-code/NOI_DUNG_DAO_TAO_HV => 204 in 0.7968 ms CorrelationId=aa0911cb273e4bbabfb6a336369d4e42 UserId=anonymous
2026-04-23 09:43:24.600 +07:00 [INF] HTTP OPTIONS /api/v1/codes/by-code/NOI_DUNG_DAO_TAO_HV responded 204 in 2.4377 ms
2026-04-23 09:43:24.602 +07:00 [INF] Request finished HTTP/1.1 OPTIONS http://localhost:5283/api/v1/codes/by-code/NOI_DUNG_DAO_TAO_HV - 204 null null 7.8708ms
2026-04-23 09:43:24.605 +07:00 [INF] Request starting HTTP/1.1 GET http://localhost:5283/api/v1/codes/by-code/NOI_DUNG_DAO_TAO_HV - null null
2026-04-23 09:43:24.608 +07:00 [INF] CORS policy execution successful.
2026-04-23 09:43:24.609 +07:00 [INF] Executing endpoint 'ThucLuc.Api.Controllers.V1.CodesController.GetByCode (ThucLuc.Api)'
2026-04-23 09:43:24.610 +07:00 [INF] Route matched with {action = "GetByCode", controller = "Codes"}. Executing controller action with signature System.Threading.Tasks.Task`1[Microsoft.AspNetCore.Mvc.ActionResult`1[ThucLuc.Api.Common.Models.ApiResponse`1[ThucLuc.Application.Features.Codes.CodeDto]]] GetByCode(System.String, System.Threading.CancellationToken) on controller ThucLuc.Api.Controllers.V1.CodesController (ThucLuc.Api).
2026-04-23 09:43:24.615 +07:00 [INF] Executing OkObjectResult, writing value of type 'ThucLuc.Api.Common.Models.ApiResponse`1[[ThucLuc.Application.Features.Codes.CodeDto, ThucLuc.Application, Version=1.0.0.0, Culture=neutral, PublicKeyToken=null]]'.
2026-04-23 09:43:24.617 +07:00 [INF] Executed action ThucLuc.Api.Controllers.V1.CodesController.GetByCode (ThucLuc.Api) in 4.7805ms
2026-04-23 09:43:24.619 +07:00 [INF] Executed endpoint 'ThucLuc.Api.Controllers.V1.CodesController.GetByCode (ThucLuc.Api)'
2026-04-23 09:43:24.620 +07:00 [INF] HTTP GET /api/v1/codes/by-code/NOI_DUNG_DAO_TAO_HV => 200 in 12.0881 ms CorrelationId=868836b8f8c54c92a451f592b88a71ef UserId=5001
2026-04-23 09:43:24.622 +07:00 [INF] HTTP GET /api/v1/codes/by-code/NOI_DUNG_DAO_TAO_HV responded 200 in 13.9405 ms
2026-04-23 09:43:24.624 +07:00 [INF] Request finished HTTP/1.1 GET http://localhost:5283/api/v1/codes/by-code/NOI_DUNG_DAO_TAO_HV - 200 null application/json; charset=utf-8 19.1285ms
2026-04-23 09:43:24.626 +07:00 [INF] Request starting HTTP/1.1 OPTIONS http://localhost:5283/api/v1/ky-bao-cao - null null
2026-04-23 09:43:24.627 +07:00 [INF] Request starting HTTP/1.1 OPTIONS http://localhost:5283/api/v1/ky-bao-cao/current - null null
2026-04-23 09:43:24.630 +07:00 [INF] CORS policy execution successful.
2026-04-23 09:43:24.632 +07:00 [INF] CORS policy execution successful.
2026-04-23 09:43:24.633 +07:00 [INF] HTTP OPTIONS /api/v1/ky-bao-cao => 204 in 3.0582 ms CorrelationId=4a4a05d9057441fa9e16f7fa19f4a76e UserId=anonymous
2026-04-23 09:43:24.633 +07:00 [INF] HTTP OPTIONS /api/v1/ky-bao-cao/current => 204 in 1.5118 ms CorrelationId=df7bfdc56d52431eafc0be0cff3d6343 UserId=anonymous
2026-04-23 09:43:24.636 +07:00 [INF] HTTP OPTIONS /api/v1/ky-bao-cao responded 204 in 6.0916 ms
2026-04-23 09:43:24.638 +07:00 [INF] HTTP OPTIONS /api/v1/ky-bao-cao/current responded 204 in 6.3228 ms
2026-04-23 09:43:24.640 +07:00 [INF] Request finished HTTP/1.1 OPTIONS http://localhost:5283/api/v1/ky-bao-cao - 204 null null 14.087ms
2026-04-23 09:43:24.642 +07:00 [INF] Request finished HTTP/1.1 OPTIONS http://localhost:5283/api/v1/ky-bao-cao/current - 204 null null 14.7866ms
2026-04-23 09:43:24.646 +07:00 [INF] Request starting HTTP/1.1 GET http://localhost:5283/api/v1/ky-bao-cao - null null
2026-04-23 09:43:24.649 +07:00 [INF] Request starting HTTP/1.1 GET http://localhost:5283/api/v1/ky-bao-cao/current - null null
2026-04-23 09:43:24.653 +07:00 [INF] CORS policy execution successful.
2026-04-23 09:43:24.656 +07:00 [INF] CORS policy execution successful.
2026-04-23 09:43:24.657 +07:00 [INF] Executing endpoint 'ThucLuc.Api.Controllers.V1.KyBaoCaoController.GetAll (ThucLuc.Api)'
2026-04-23 09:43:24.658 +07:00 [INF] Executing endpoint 'ThucLuc.Api.Controllers.V1.KyBaoCaoController.GetCurrent (ThucLuc.Api)'
2026-04-23 09:43:24.659 +07:00 [INF] Route matched with {action = "GetAll", controller = "KyBaoCao"}. Executing controller action with signature System.Threading.Tasks.Task`1[Microsoft.AspNetCore.Mvc.ActionResult`1[ThucLuc.Api.Common.Models.ApiResponse`1[System.Collections.Generic.IReadOnlyCollection`1[ThucLuc.Application.Features.KyBaoCao.KyBaoCaoDto]]]] GetAll(System.Threading.CancellationToken) on controller ThucLuc.Api.Controllers.V1.KyBaoCaoController (ThucLuc.Api).
2026-04-23 09:43:24.660 +07:00 [INF] Route matched with {action = "GetCurrent", controller = "KyBaoCao"}. Executing controller action with signature System.Threading.Tasks.Task`1[Microsoft.AspNetCore.Mvc.ActionResult`1[ThucLuc.Api.Common.Models.ApiResponse`1[ThucLuc.Application.Features.KyBaoCao.KyBaoCaoDto]]] GetCurrent(System.Threading.CancellationToken) on controller ThucLuc.Api.Controllers.V1.KyBaoCaoController (ThucLuc.Api).
2026-04-23 09:43:24.665 +07:00 [INF] Executing OkObjectResult, writing value of type 'ThucLuc.Api.Common.Models.ApiResponse`1[[System.Collections.Generic.IReadOnlyCollection`1[[ThucLuc.Application.Features.KyBaoCao.KyBaoCaoDto, ThucLuc.Application, Version=1.0.0.0, Culture=neutral, PublicKeyToken=null]], System.Private.CoreLib, Version=8.0.0.0, Culture=neutral, PublicKeyToken=7cec85d7bea7798e]]'.
2026-04-23 09:43:24.667 +07:00 [INF] Executed action ThucLuc.Api.Controllers.V1.KyBaoCaoController.GetAll (ThucLuc.Api) in 5.0623ms
2026-04-23 09:43:24.667 +07:00 [INF] Executing OkObjectResult, writing value of type 'ThucLuc.Api.Common.Models.ApiResponse`1[[ThucLuc.Application.Features.KyBaoCao.KyBaoCaoDto, ThucLuc.Application, Version=1.0.0.0, Culture=neutral, PublicKeyToken=null]]'.
2026-04-23 09:43:24.670 +07:00 [INF] Executed endpoint 'ThucLuc.Api.Controllers.V1.KyBaoCaoController.GetAll (ThucLuc.Api)'
2026-04-23 09:43:24.671 +07:00 [INF] Executed action ThucLuc.Api.Controllers.V1.KyBaoCaoController.GetCurrent (ThucLuc.Api) in 6.2202ms
2026-04-23 09:43:24.673 +07:00 [INF] HTTP GET /api/v1/ky-bao-cao => 200 in 20.0685 ms CorrelationId=6bd4ab3c4067435da1dd48c488608e3d UserId=5001
2026-04-23 09:43:24.675 +07:00 [INF] Executed endpoint 'ThucLuc.Api.Controllers.V1.KyBaoCaoController.GetCurrent (ThucLuc.Api)'
2026-04-23 09:43:24.677 +07:00 [INF] HTTP GET /api/v1/ky-bao-cao responded 200 in 24.8304 ms
2026-04-23 09:43:24.678 +07:00 [INF] HTTP GET /api/v1/ky-bao-cao/current => 200 in 22.8798 ms CorrelationId=cad729a9ab744925bfb19c7bb49c817e UserId=5001
2026-04-23 09:43:24.680 +07:00 [INF] Request finished HTTP/1.1 GET http://localhost:5283/api/v1/ky-bao-cao - 200 null application/json; charset=utf-8 34.7791ms
2026-04-23 09:43:24.682 +07:00 [INF] HTTP GET /api/v1/ky-bao-cao/current responded 200 in 26.9041 ms
2026-04-23 09:43:24.689 +07:00 [INF] Request finished HTTP/1.1 GET http://localhost:5283/api/v1/ky-bao-cao/current - 200 null application/json; charset=utf-8 39.5024ms
2026-04-23 09:43:24.693 +07:00 [INF] Request starting HTTP/1.1 OPTIONS http://localhost:5283/api/v1/dao-tao-hoc-vien - null null
2026-04-23 09:43:24.695 +07:00 [INF] CORS policy execution successful.
2026-04-23 09:43:24.696 +07:00 [INF] HTTP OPTIONS /api/v1/dao-tao-hoc-vien => 204 in 0.9945 ms CorrelationId=68c0e4fef5e14ba2ba2883c97017b799 UserId=anonymous
2026-04-23 09:43:24.699 +07:00 [INF] HTTP OPTIONS /api/v1/dao-tao-hoc-vien responded 204 in 3.8210 ms
2026-04-23 09:43:24.702 +07:00 [INF] Request finished HTTP/1.1 OPTIONS http://localhost:5283/api/v1/dao-tao-hoc-vien - 204 null null 8.9756ms
2026-04-23 09:43:24.706 +07:00 [INF] Request starting HTTP/1.1 GET http://localhost:5283/api/v1/dao-tao-hoc-vien - null null
2026-04-23 09:43:24.709 +07:00 [INF] CORS policy execution successful.
2026-04-23 09:43:24.710 +07:00 [INF] Executing endpoint 'ThucLuc.Api.Controllers.V1.DaoTaoHocVienController.GetAll (ThucLuc.Api)'
2026-04-23 09:43:24.711 +07:00 [INF] Route matched with {action = "GetAll", controller = "DaoTaoHocVien"}. Executing controller action with signature System.Threading.Tasks.Task`1[Microsoft.AspNetCore.Mvc.ActionResult`1[ThucLuc.Api.Common.Models.ApiResponse`1[System.Collections.Generic.IReadOnlyCollection`1[ThucLuc.Application.Features.DaoTaoHocVien.DaoTaoHocVienDto]]]] GetAll(ThucLuc.Application.Features.DaoTaoHocVien.DaoTaoHocVienQuery, System.Threading.CancellationToken) on controller ThucLuc.Api.Controllers.V1.DaoTaoHocVienController (ThucLuc.Api).
2026-04-23 09:43:24.717 +07:00 [INF] Executing OkObjectResult, writing value of type 'ThucLuc.Api.Common.Models.ApiResponse`1[[System.Collections.Generic.IReadOnlyCollection`1[[ThucLuc.Application.Features.DaoTaoHocVien.DaoTaoHocVienDto, ThucLuc.Application, Version=1.0.0.0, Culture=neutral, PublicKeyToken=null]], System.Private.CoreLib, Version=8.0.0.0, Culture=neutral, PublicKeyToken=7cec85d7bea7798e]]'.
2026-04-23 09:43:24.719 +07:00 [INF] Executed action ThucLuc.Api.Controllers.V1.DaoTaoHocVienController.GetAll (ThucLuc.Api) in 6.114ms
2026-04-23 09:43:24.721 +07:00 [INF] Executed endpoint 'ThucLuc.Api.Controllers.V1.DaoTaoHocVienController.GetAll (ThucLuc.Api)'
2026-04-23 09:43:24.722 +07:00 [INF] HTTP GET /api/v1/dao-tao-hoc-vien => 200 in 13.2824 ms CorrelationId=1742478ceaab4f4bbe1c694239a35cd7 UserId=5001
2026-04-23 09:43:24.724 +07:00 [INF] HTTP GET /api/v1/dao-tao-hoc-vien responded 200 in 15.5550 ms
2026-04-23 09:43:24.726 +07:00 [INF] Request finished HTTP/1.1 GET http://localhost:5283/api/v1/dao-tao-hoc-vien - 200 null application/json; charset=utf-8 19.7489ms
2026-04-23 09:43:24.729 +07:00 [INF] Request starting HTTP/1.1 OPTIONS http://localhost:5283/api/v1/snapshot?kyBaoCaoId=6001 - null null
2026-04-23 09:43:24.731 +07:00 [INF] CORS policy execution successful.
2026-04-23 09:43:24.732 +07:00 [INF] HTTP OPTIONS /api/v1/snapshot => 204 in 0.7951 ms CorrelationId=733af41c5cf94e8a916b7999d2c31c75 UserId=anonymous
2026-04-23 09:43:24.735 +07:00 [INF] HTTP OPTIONS /api/v1/snapshot responded 204 in 3.4337 ms
2026-04-23 09:43:24.737 +07:00 [INF] Request finished HTTP/1.1 OPTIONS http://localhost:5283/api/v1/snapshot?kyBaoCaoId=6001 - 204 null null 8.3591ms
2026-04-23 09:43:24.740 +07:00 [INF] Request starting HTTP/1.1 GET http://localhost:5283/api/v1/snapshot?kyBaoCaoId=6001 - null null
2026-04-23 09:43:24.742 +07:00 [INF] CORS policy execution successful.
2026-04-23 09:43:24.743 +07:00 [INF] Executing endpoint 'ThucLuc.Api.Controllers.V1.BaoCaoSnapshotController.GetByKy (ThucLuc.Api)'
2026-04-23 09:43:24.744 +07:00 [INF] Route matched with {action = "GetByKy", controller = "BaoCaoSnapshot"}. Executing controller action with signature System.Threading.Tasks.Task`1[Microsoft.AspNetCore.Mvc.ActionResult`1[ThucLuc.Api.Common.Models.ApiResponse`1[System.Collections.Generic.IReadOnlyCollection`1[ThucLuc.Application.Features.BaoCaoSnapshot.BaoCaoSnapshotDto]]]] GetByKy(Int64, System.Threading.CancellationToken) on controller ThucLuc.Api.Controllers.V1.BaoCaoSnapshotController (ThucLuc.Api).
2026-04-23 09:43:24.753 +07:00 [INF] Executing OkObjectResult, writing value of type 'ThucLuc.Api.Common.Models.ApiResponse`1[[System.Collections.Generic.IReadOnlyCollection`1[[ThucLuc.Application.Features.BaoCaoSnapshot.BaoCaoSnapshotDto, ThucLuc.Application, Version=1.0.0.0, Culture=neutral, PublicKeyToken=null]], System.Private.CoreLib, Version=8.0.0.0, Culture=neutral, PublicKeyToken=7cec85d7bea7798e]]'.
2026-04-23 09:43:24.754 +07:00 [INF] Executed action ThucLuc.Api.Controllers.V1.BaoCaoSnapshotController.GetByKy (ThucLuc.Api) in 8.8676ms
2026-04-23 09:43:24.755 +07:00 [INF] Executed endpoint 'ThucLuc.Api.Controllers.V1.BaoCaoSnapshotController.GetByKy (ThucLuc.Api)'
2026-04-23 09:43:24.757 +07:00 [INF] HTTP GET /api/v1/snapshot => 200 in 14.7713 ms CorrelationId=420611303ca54a0098c2288db15b9504 UserId=5001
2026-04-23 09:43:24.759 +07:00 [INF] HTTP GET /api/v1/snapshot responded 200 in 17.2066 ms
2026-04-23 09:43:24.761 +07:00 [INF] Request finished HTTP/1.1 GET http://localhost:5283/api/v1/snapshot?kyBaoCaoId=6001 - 200 null application/json; charset=utf-8 20.9944ms
2026-04-23 09:43:27.085 +07:00 [INF] Request starting HTTP/1.1 OPTIONS http://localhost:5283/api/v1/codes/by-code/NHOM_NANG_LUC_SO - null null
2026-04-23 09:43:27.087 +07:00 [INF] CORS policy execution successful.
2026-04-23 09:43:27.087 +07:00 [INF] HTTP OPTIONS /api/v1/codes/by-code/NHOM_NANG_LUC_SO => 204 in 0.5938 ms CorrelationId=ba5e43bb1ae4453a912ff799d96c9958 UserId=anonymous
2026-04-23 09:43:27.089 +07:00 [INF] HTTP OPTIONS /api/v1/codes/by-code/NHOM_NANG_LUC_SO responded 204 in 2.0561 ms
2026-04-23 09:43:27.090 +07:00 [INF] Request finished HTTP/1.1 OPTIONS http://localhost:5283/api/v1/codes/by-code/NHOM_NANG_LUC_SO - 204 null null 5.3869ms
2026-04-23 09:43:27.093 +07:00 [INF] Request starting HTTP/1.1 GET http://localhost:5283/api/v1/codes/by-code/NHOM_NANG_LUC_SO - null null
2026-04-23 09:43:27.095 +07:00 [INF] CORS policy execution successful.
2026-04-23 09:43:27.095 +07:00 [INF] Executing endpoint 'ThucLuc.Api.Controllers.V1.CodesController.GetByCode (ThucLuc.Api)'
2026-04-23 09:43:27.096 +07:00 [INF] Route matched with {action = "GetByCode", controller = "Codes"}. Executing controller action with signature System.Threading.Tasks.Task`1[Microsoft.AspNetCore.Mvc.ActionResult`1[ThucLuc.Api.Common.Models.ApiResponse`1[ThucLuc.Application.Features.Codes.CodeDto]]] GetByCode(System.String, System.Threading.CancellationToken) on controller ThucLuc.Api.Controllers.V1.CodesController (ThucLuc.Api).
2026-04-23 09:43:27.100 +07:00 [INF] Executing OkObjectResult, writing value of type 'ThucLuc.Api.Common.Models.ApiResponse`1[[ThucLuc.Application.Features.Codes.CodeDto, ThucLuc.Application, Version=1.0.0.0, Culture=neutral, PublicKeyToken=null]]'.
2026-04-23 09:43:27.102 +07:00 [INF] Executed action ThucLuc.Api.Controllers.V1.CodesController.GetByCode (ThucLuc.Api) in 4.0947ms
2026-04-23 09:43:27.103 +07:00 [INF] Executed endpoint 'ThucLuc.Api.Controllers.V1.CodesController.GetByCode (ThucLuc.Api)'
2026-04-23 09:43:27.104 +07:00 [INF] HTTP GET /api/v1/codes/by-code/NHOM_NANG_LUC_SO => 200 in 9.1836 ms CorrelationId=a2a6976b81cb497f867493e7ab016671 UserId=5001
2026-04-23 09:43:27.106 +07:00 [INF] HTTP GET /api/v1/codes/by-code/NHOM_NANG_LUC_SO responded 200 in 11.1682 ms
2026-04-23 09:43:27.107 +07:00 [INF] Request finished HTTP/1.1 GET http://localhost:5283/api/v1/codes/by-code/NHOM_NANG_LUC_SO - 200 null application/json; charset=utf-8 14.1659ms
2026-04-23 09:43:27.109 +07:00 [INF] Request starting HTTP/1.1 GET http://localhost:5283/api/v1/ky-bao-cao - null null
2026-04-23 09:43:27.110 +07:00 [INF] Request starting HTTP/1.1 GET http://localhost:5283/api/v1/ky-bao-cao/current - null null
2026-04-23 09:43:27.111 +07:00 [INF] CORS policy execution successful.
2026-04-23 09:43:27.113 +07:00 [INF] CORS policy execution successful.
2026-04-23 09:43:27.113 +07:00 [INF] Executing endpoint 'ThucLuc.Api.Controllers.V1.KyBaoCaoController.GetAll (ThucLuc.Api)'
2026-04-23 09:43:27.114 +07:00 [INF] Executing endpoint 'ThucLuc.Api.Controllers.V1.KyBaoCaoController.GetCurrent (ThucLuc.Api)'
2026-04-23 09:43:27.115 +07:00 [INF] Route matched with {action = "GetAll", controller = "KyBaoCao"}. Executing controller action with signature System.Threading.Tasks.Task`1[Microsoft.AspNetCore.Mvc.ActionResult`1[ThucLuc.Api.Common.Models.ApiResponse`1[System.Collections.Generic.IReadOnlyCollection`1[ThucLuc.Application.Features.KyBaoCao.KyBaoCaoDto]]]] GetAll(System.Threading.CancellationToken) on controller ThucLuc.Api.Controllers.V1.KyBaoCaoController (ThucLuc.Api).
2026-04-23 09:43:27.115 +07:00 [INF] Route matched with {action = "GetCurrent", controller = "KyBaoCao"}. Executing controller action with signature System.Threading.Tasks.Task`1[Microsoft.AspNetCore.Mvc.ActionResult`1[ThucLuc.Api.Common.Models.ApiResponse`1[ThucLuc.Application.Features.KyBaoCao.KyBaoCaoDto]]] GetCurrent(System.Threading.CancellationToken) on controller ThucLuc.Api.Controllers.V1.KyBaoCaoController (ThucLuc.Api).
2026-04-23 09:43:27.118 +07:00 [INF] Executing OkObjectResult, writing value of type 'ThucLuc.Api.Common.Models.ApiResponse`1[[System.Collections.Generic.IReadOnlyCollection`1[[ThucLuc.Application.Features.KyBaoCao.KyBaoCaoDto, ThucLuc.Application, Version=1.0.0.0, Culture=neutral, PublicKeyToken=null]], System.Private.CoreLib, Version=8.0.0.0, Culture=neutral, PublicKeyToken=7cec85d7bea7798e]]'.
2026-04-23 09:43:27.120 +07:00 [INF] Executing OkObjectResult, writing value of type 'ThucLuc.Api.Common.Models.ApiResponse`1[[ThucLuc.Application.Features.KyBaoCao.KyBaoCaoDto, ThucLuc.Application, Version=1.0.0.0, Culture=neutral, PublicKeyToken=null]]'.
2026-04-23 09:43:27.120 +07:00 [INF] Executed action ThucLuc.Api.Controllers.V1.KyBaoCaoController.GetAll (ThucLuc.Api) in 4.2685ms
2026-04-23 09:43:27.121 +07:00 [INF] Executed action ThucLuc.Api.Controllers.V1.KyBaoCaoController.GetCurrent (ThucLuc.Api) in 3.7386ms
2026-04-23 09:43:27.123 +07:00 [INF] Executed endpoint 'ThucLuc.Api.Controllers.V1.KyBaoCaoController.GetAll (ThucLuc.Api)'
2026-04-23 09:43:27.124 +07:00 [INF] Executed endpoint 'ThucLuc.Api.Controllers.V1.KyBaoCaoController.GetCurrent (ThucLuc.Api)'
2026-04-23 09:43:27.125 +07:00 [INF] HTTP GET /api/v1/ky-bao-cao => 200 in 13.4805 ms CorrelationId=dec27c40339c481fb5aa3b9e066cb4ec UserId=5001
2026-04-23 09:43:27.126 +07:00 [INF] HTTP GET /api/v1/ky-bao-cao/current => 200 in 12.8583 ms CorrelationId=0a33dc0c6ae74a1493df2da4e5bd1c06 UserId=5001
2026-04-23 09:43:27.127 +07:00 [INF] HTTP GET /api/v1/ky-bao-cao responded 200 in 15.4909 ms
2026-04-23 09:43:27.128 +07:00 [INF] HTTP GET /api/v1/ky-bao-cao/current responded 200 in 15.4105 ms
2026-04-23 09:43:27.129 +07:00 [INF] Request finished HTTP/1.1 GET http://localhost:5283/api/v1/ky-bao-cao - 200 null application/json; charset=utf-8 19.6622ms
2026-04-23 09:43:27.131 +07:00 [INF] Request finished HTTP/1.1 GET http://localhost:5283/api/v1/ky-bao-cao/current - 200 null application/json; charset=utf-8 20.9966ms
2026-04-23 09:43:27.138 +07:00 [INF] Request starting HTTP/1.1 OPTIONS http://localhost:5283/api/v1/nang-luc-so?kyCode=2026Q1_NHAN_LUC&kyBaoCaoCode=2026Q1_NHAN_LUC&mode=live&nam=2026 - null null
2026-04-23 09:43:27.141 +07:00 [INF] CORS policy execution successful.
2026-04-23 09:43:27.142 +07:00 [INF] HTTP OPTIONS /api/v1/nang-luc-so => 204 in 0.7098 ms CorrelationId=d9ab84ceab224ebab85510b585e08119 UserId=anonymous
2026-04-23 09:43:27.144 +07:00 [INF] HTTP OPTIONS /api/v1/nang-luc-so responded 204 in 2.9605 ms
2026-04-23 09:43:27.146 +07:00 [INF] Request finished HTTP/1.1 OPTIONS http://localhost:5283/api/v1/nang-luc-so?kyCode=2026Q1_NHAN_LUC&kyBaoCaoCode=2026Q1_NHAN_LUC&mode=live&nam=2026 - 204 null null 7.8912ms
2026-04-23 09:43:27.149 +07:00 [INF] Request starting HTTP/1.1 GET http://localhost:5283/api/v1/nang-luc-so?kyCode=2026Q1_NHAN_LUC&kyBaoCaoCode=2026Q1_NHAN_LUC&mode=live&nam=2026 - null null
2026-04-23 09:43:27.153 +07:00 [INF] CORS policy execution successful.
2026-04-23 09:43:27.154 +07:00 [INF] Executing endpoint 'ThucLuc.Api.Controllers.V1.NangLucSoController.GetAll (ThucLuc.Api)'
2026-04-23 09:43:27.156 +07:00 [INF] Route matched with {action = "GetAll", controller = "NangLucSo"}. Executing controller action with signature System.Threading.Tasks.Task`1[Microsoft.AspNetCore.Mvc.ActionResult`1[ThucLuc.Api.Common.Models.ApiResponse`1[System.Collections.Generic.IReadOnlyCollection`1[ThucLuc.Application.Features.NangLucSo.NangLucSoDto]]]] GetAll(ThucLuc.Application.Features.NangLucSo.NangLucSoQuery, System.Threading.CancellationToken) on controller ThucLuc.Api.Controllers.V1.NangLucSoController (ThucLuc.Api).
2026-04-23 09:43:27.161 +07:00 [INF] Executing OkObjectResult, writing value of type 'ThucLuc.Api.Common.Models.ApiResponse`1[[System.Collections.Generic.IReadOnlyCollection`1[[ThucLuc.Application.Features.NangLucSo.NangLucSoDto, ThucLuc.Application, Version=1.0.0.0, Culture=neutral, PublicKeyToken=null]], System.Private.CoreLib, Version=8.0.0.0, Culture=neutral, PublicKeyToken=7cec85d7bea7798e]]'.
2026-04-23 09:43:27.163 +07:00 [INF] Executed action ThucLuc.Api.Controllers.V1.NangLucSoController.GetAll (ThucLuc.Api) in 4.0724ms
2026-04-23 09:43:27.165 +07:00 [INF] Executed endpoint 'ThucLuc.Api.Controllers.V1.NangLucSoController.GetAll (ThucLuc.Api)'
2026-04-23 09:43:27.166 +07:00 [INF] HTTP GET /api/v1/nang-luc-so => 200 in 13.4357 ms CorrelationId=6d4abf720cb640b8b7977aff17b7db33 UserId=5001
2026-04-23 09:43:27.169 +07:00 [INF] HTTP GET /api/v1/nang-luc-so responded 200 in 16.2560 ms
2026-04-23 09:43:27.171 +07:00 [INF] Request finished HTTP/1.1 GET http://localhost:5283/api/v1/nang-luc-so?kyCode=2026Q1_NHAN_LUC&kyBaoCaoCode=2026Q1_NHAN_LUC&mode=live&nam=2026 - 200 null application/json; charset=utf-8 21.7665ms
2026-04-23 09:48:13.776 +07:00 [INF] Request starting HTTP/1.1 OPTIONS http://localhost:5283/api/v1/ky-bao-cao - null null
2026-04-23 09:48:13.778 +07:00 [INF] CORS policy execution successful.
2026-04-23 09:48:13.779 +07:00 [INF] HTTP OPTIONS /api/v1/ky-bao-cao => 204 in 0.5916 ms CorrelationId=a7f7e17a60274a4faefd7309dfa0f384 UserId=anonymous
2026-04-23 09:48:13.780 +07:00 [INF] HTTP OPTIONS /api/v1/ky-bao-cao responded 204 in 1.9267 ms
2026-04-23 09:48:13.781 +07:00 [INF] Request finished HTTP/1.1 OPTIONS http://localhost:5283/api/v1/ky-bao-cao - 204 null null 5.7558ms
2026-04-23 09:48:13.789 +07:00 [INF] Request starting HTTP/1.1 GET http://localhost:5283/api/v1/ky-bao-cao - null null
2026-04-23 09:48:13.792 +07:00 [INF] CORS policy execution successful.
2026-04-23 09:48:13.794 +07:00 [INF] Executing endpoint 'ThucLuc.Api.Controllers.V1.KyBaoCaoController.GetAll (ThucLuc.Api)'
2026-04-23 09:48:13.796 +07:00 [INF] Route matched with {action = "GetAll", controller = "KyBaoCao"}. Executing controller action with signature System.Threading.Tasks.Task`1[Microsoft.AspNetCore.Mvc.ActionResult`1[ThucLuc.Api.Common.Models.ApiResponse`1[System.Collections.Generic.IReadOnlyCollection`1[ThucLuc.Application.Features.KyBaoCao.KyBaoCaoDto]]]] GetAll(System.Threading.CancellationToken) on controller ThucLuc.Api.Controllers.V1.KyBaoCaoController (ThucLuc.Api).
2026-04-23 09:48:13.844 +07:00 [INF] Executing OkObjectResult, writing value of type 'ThucLuc.Api.Common.Models.ApiResponse`1[[System.Collections.Generic.IReadOnlyCollection`1[[ThucLuc.Application.Features.KyBaoCao.KyBaoCaoDto, ThucLuc.Application, Version=1.0.0.0, Culture=neutral, PublicKeyToken=null]], System.Private.CoreLib, Version=8.0.0.0, Culture=neutral, PublicKeyToken=7cec85d7bea7798e]]'.
2026-04-23 09:48:13.847 +07:00 [INF] Executed action ThucLuc.Api.Controllers.V1.KyBaoCaoController.GetAll (ThucLuc.Api) in 49.4974ms
2026-04-23 09:48:13.849 +07:00 [INF] Executed endpoint 'ThucLuc.Api.Controllers.V1.KyBaoCaoController.GetAll (ThucLuc.Api)'
2026-04-23 09:48:13.850 +07:00 [INF] HTTP GET /api/v1/ky-bao-cao => 200 in 57.8796 ms CorrelationId=14ba69de3bcb4237abd2720e3762d5fb UserId=5001
2026-04-23 09:48:13.852 +07:00 [INF] HTTP GET /api/v1/ky-bao-cao responded 200 in 59.9396 ms
2026-04-23 09:48:13.854 +07:00 [INF] Request finished HTTP/1.1 GET http://localhost:5283/api/v1/ky-bao-cao - 200 null application/json; charset=utf-8 64.7113ms
2026-04-23 09:48:13.858 +07:00 [INF] Request starting HTTP/1.1 OPTIONS http://localhost:5283/api/v1/tong-hop-tien-do/my-tien-do?kyBaoCaoCode=2026Q1_NHAN_LUC - null null
2026-04-23 09:48:13.861 +07:00 [INF] CORS policy execution successful.
2026-04-23 09:48:13.862 +07:00 [INF] HTTP OPTIONS /api/v1/tong-hop-tien-do/my-tien-do => 204 in 0.7476 ms CorrelationId=1aed6def84304b8b865e77d20887ff83 UserId=anonymous
2026-04-23 09:48:13.863 +07:00 [INF] HTTP OPTIONS /api/v1/tong-hop-tien-do/my-tien-do responded 204 in 2.3001 ms
2026-04-23 09:48:13.864 +07:00 [INF] Request finished HTTP/1.1 OPTIONS http://localhost:5283/api/v1/tong-hop-tien-do/my-tien-do?kyBaoCaoCode=2026Q1_NHAN_LUC - 204 null null 6.4387ms
2026-04-23 09:48:13.867 +07:00 [INF] Request starting HTTP/1.1 GET http://localhost:5283/api/v1/tong-hop-tien-do/my-tien-do?kyBaoCaoCode=2026Q1_NHAN_LUC - null null
2026-04-23 09:48:13.869 +07:00 [INF] CORS policy execution successful.
2026-04-23 09:48:13.870 +07:00 [INF] Executing endpoint 'ThucLuc.Api.Controllers.V1.TongHopTienDoController.GetMyTienDo (ThucLuc.Api)'
2026-04-23 09:48:13.875 +07:00 [INF] Route matched with {action = "GetMyTienDo", controller = "TongHopTienDo"}. Executing controller action with signature System.Threading.Tasks.Task`1[Microsoft.AspNetCore.Mvc.ActionResult`1[ThucLuc.Api.Common.Models.ApiResponse`1[ThucLuc.Application.Features.TongHopTienDo.TienDoDonViDto]]] GetMyTienDo(System.String, System.Threading.CancellationToken) on controller ThucLuc.Api.Controllers.V1.TongHopTienDoController (ThucLuc.Api).
2026-04-23 09:48:14.193 +07:00 [INF] Executing OkObjectResult, writing value of type 'ThucLuc.Api.Common.Models.ApiResponse`1[[ThucLuc.Application.Features.TongHopTienDo.TienDoDonViDto, ThucLuc.Application, Version=1.0.0.0, Culture=neutral, PublicKeyToken=null]]'.
2026-04-23 09:48:14.196 +07:00 [INF] Executed action ThucLuc.Api.Controllers.V1.TongHopTienDoController.GetMyTienDo (ThucLuc.Api) in 318.9421ms
2026-04-23 09:48:14.197 +07:00 [INF] Executed endpoint 'ThucLuc.Api.Controllers.V1.TongHopTienDoController.GetMyTienDo (ThucLuc.Api)'
2026-04-23 09:48:14.197 +07:00 [INF] HTTP GET /api/v1/tong-hop-tien-do/my-tien-do => 200 in 327.7449 ms CorrelationId=b424945df09947fa92e3d0e9d6847cab UserId=5001
2026-04-23 09:48:14.199 +07:00 [INF] HTTP GET /api/v1/tong-hop-tien-do/my-tien-do responded 200 in 329.2632 ms
2026-04-23 09:48:14.200 +07:00 [INF] Request finished HTTP/1.1 GET http://localhost:5283/api/v1/tong-hop-tien-do/my-tien-do?kyBaoCaoCode=2026Q1_NHAN_LUC - 200 null application/json; charset=utf-8 332.8277ms
2026-04-23 09:48:29.511 +07:00 [INF] Request starting HTTP/1.1 OPTIONS http://localhost:5283/api/v1/ky-bao-cao/current - null null
2026-04-23 09:48:29.513 +07:00 [INF] CORS policy execution successful.
2026-04-23 09:48:29.514 +07:00 [INF] HTTP OPTIONS /api/v1/ky-bao-cao/current => 204 in 0.7349 ms CorrelationId=21f0a153603a48c7a3abeb4833836666 UserId=anonymous
2026-04-23 09:48:29.515 +07:00 [INF] HTTP OPTIONS /api/v1/ky-bao-cao/current responded 204 in 2.2017 ms
2026-04-23 09:48:29.517 +07:00 [INF] Request finished HTTP/1.1 OPTIONS http://localhost:5283/api/v1/ky-bao-cao/current - 204 null null 5.3078ms
2026-04-23 09:48:29.519 +07:00 [INF] Request starting HTTP/1.1 GET http://localhost:5283/api/v1/ky-bao-cao/current - null null
2026-04-23 09:48:29.522 +07:00 [INF] CORS policy execution successful.
2026-04-23 09:48:29.524 +07:00 [INF] Executing endpoint 'ThucLuc.Api.Controllers.V1.KyBaoCaoController.GetCurrent (ThucLuc.Api)'
2026-04-23 09:48:29.525 +07:00 [INF] Route matched with {action = "GetCurrent", controller = "KyBaoCao"}. Executing controller action with signature System.Threading.Tasks.Task`1[Microsoft.AspNetCore.Mvc.ActionResult`1[ThucLuc.Api.Common.Models.ApiResponse`1[ThucLuc.Application.Features.KyBaoCao.KyBaoCaoDto]]] GetCurrent(System.Threading.CancellationToken) on controller ThucLuc.Api.Controllers.V1.KyBaoCaoController (ThucLuc.Api).
2026-04-23 09:48:29.528 +07:00 [INF] Executing OkObjectResult, writing value of type 'ThucLuc.Api.Common.Models.ApiResponse`1[[ThucLuc.Application.Features.KyBaoCao.KyBaoCaoDto, ThucLuc.Application, Version=1.0.0.0, Culture=neutral, PublicKeyToken=null]]'.
2026-04-23 09:48:29.529 +07:00 [INF] Executed action ThucLuc.Api.Controllers.V1.KyBaoCaoController.GetCurrent (ThucLuc.Api) in 3.0727ms
2026-04-23 09:48:29.531 +07:00 [INF] Executed endpoint 'ThucLuc.Api.Controllers.V1.KyBaoCaoController.GetCurrent (ThucLuc.Api)'
2026-04-23 09:48:29.531 +07:00 [INF] HTTP GET /api/v1/ky-bao-cao/current => 200 in 9.0224 ms CorrelationId=3d95d4578c5e4045b9ccab7e5ca1752b UserId=5001
2026-04-23 09:48:29.533 +07:00 [INF] HTTP GET /api/v1/ky-bao-cao/current responded 200 in 10.3993 ms
2026-04-23 09:48:29.534 +07:00 [INF] Request finished HTTP/1.1 GET http://localhost:5283/api/v1/ky-bao-cao/current - 200 null application/json; charset=utf-8 14.6688ms
2026-04-23 09:48:29.536 +07:00 [INF] Request starting HTTP/1.1 OPTIONS http://localhost:5283/api/v1/yeu-cau-bo-sung?kyBaoCaoId=6001 - null null
2026-04-23 09:48:29.538 +07:00 [INF] Request starting HTTP/1.1 OPTIONS http://localhost:5283/api/v1/snapshot?kyBaoCaoId=6001 - null null
2026-04-23 09:48:29.541 +07:00 [INF] CORS policy execution successful.
2026-04-23 09:48:29.544 +07:00 [INF] CORS policy execution successful.
2026-04-23 09:48:29.546 +07:00 [INF] HTTP OPTIONS /api/v1/yeu-cau-bo-sung => 204 in 4.1543 ms CorrelationId=ea993fa31caa4f10bffc5fddc24b1ee4 UserId=anonymous
2026-04-23 09:48:29.546 +07:00 [INF] HTTP OPTIONS /api/v1/snapshot => 204 in 1.952 ms CorrelationId=16bfee10bff646d1b4203e5d6f3194a5 UserId=anonymous
2026-04-23 09:48:29.550 +07:00 [INF] HTTP OPTIONS /api/v1/yeu-cau-bo-sung responded 204 in 8.2687 ms
2026-04-23 09:48:29.552 +07:00 [INF] HTTP OPTIONS /api/v1/snapshot responded 204 in 7.8180 ms
2026-04-23 09:48:29.554 +07:00 [INF] Request finished HTTP/1.1 OPTIONS http://localhost:5283/api/v1/yeu-cau-bo-sung?kyBaoCaoId=6001 - 204 null null 18.4082ms
2026-04-23 09:48:29.556 +07:00 [INF] Request finished HTTP/1.1 OPTIONS http://localhost:5283/api/v1/snapshot?kyBaoCaoId=6001 - 204 null null 18.7425ms
2026-04-23 09:48:29.560 +07:00 [INF] Request starting HTTP/1.1 GET http://localhost:5283/api/v1/yeu-cau-bo-sung?kyBaoCaoId=6001 - null null
2026-04-23 09:48:29.564 +07:00 [INF] Request starting HTTP/1.1 GET http://localhost:5283/api/v1/snapshot?kyBaoCaoId=6001 - null null
2026-04-23 09:48:29.567 +07:00 [INF] CORS policy execution successful.
2026-04-23 09:48:29.571 +07:00 [INF] CORS policy execution successful.
2026-04-23 09:48:29.572 +07:00 [INF] Executing endpoint 'ThucLuc.Api.Controllers.V1.YeuCauBoSungController.GetByKy (ThucLuc.Api)'
2026-04-23 09:48:29.572 +07:00 [INF] Executing endpoint 'ThucLuc.Api.Controllers.V1.BaoCaoSnapshotController.GetByKy (ThucLuc.Api)'
2026-04-23 09:48:29.575 +07:00 [INF] Route matched with {action = "GetByKy", controller = "BaoCaoSnapshot"}. Executing controller action with signature System.Threading.Tasks.Task`1[Microsoft.AspNetCore.Mvc.ActionResult`1[ThucLuc.Api.Common.Models.ApiResponse`1[System.Collections.Generic.IReadOnlyCollection`1[ThucLuc.Application.Features.BaoCaoSnapshot.BaoCaoSnapshotDto]]]] GetByKy(Int64, System.Threading.CancellationToken) on controller ThucLuc.Api.Controllers.V1.BaoCaoSnapshotController (ThucLuc.Api).
2026-04-23 09:48:29.575 +07:00 [INF] Route matched with {action = "GetByKy", controller = "YeuCauBoSung"}. Executing controller action with signature System.Threading.Tasks.Task`1[Microsoft.AspNetCore.Mvc.ActionResult`1[ThucLuc.Api.Common.Models.ApiResponse`1[System.Collections.Generic.IReadOnlyCollection`1[ThucLuc.Application.Features.YeuCauBoSung.YeuCauBoSungDto]]]] GetByKy(Int64, System.Threading.CancellationToken) on controller ThucLuc.Api.Controllers.V1.YeuCauBoSungController (ThucLuc.Api).
2026-04-23 09:48:29.580 +07:00 [INF] Executing OkObjectResult, writing value of type 'ThucLuc.Api.Common.Models.ApiResponse`1[[System.Collections.Generic.IReadOnlyCollection`1[[ThucLuc.Application.Features.BaoCaoSnapshot.BaoCaoSnapshotDto, ThucLuc.Application, Version=1.0.0.0, Culture=neutral, PublicKeyToken=null]], System.Private.CoreLib, Version=8.0.0.0, Culture=neutral, PublicKeyToken=7cec85d7bea7798e]]'.
2026-04-23 09:48:29.581 +07:00 [INF] Executed action ThucLuc.Api.Controllers.V1.BaoCaoSnapshotController.GetByKy (ThucLuc.Api) in 4.859ms
2026-04-23 09:48:29.582 +07:00 [INF] Executed endpoint 'ThucLuc.Api.Controllers.V1.BaoCaoSnapshotController.GetByKy (ThucLuc.Api)'
2026-04-23 09:48:29.584 +07:00 [INF] HTTP GET /api/v1/snapshot => 200 in 13.696 ms CorrelationId=9ab6f70aa27c4a24b713cb1c21d0a90a UserId=5001
2026-04-23 09:48:29.588 +07:00 [INF] HTTP GET /api/v1/snapshot responded 200 in 17.7375 ms
2026-04-23 09:48:29.590 +07:00 [INF] Request finished HTTP/1.1 GET http://localhost:5283/api/v1/snapshot?kyBaoCaoId=6001 - 200 null application/json; charset=utf-8 26.4928ms
2026-04-23 09:48:29.590 +07:00 [INF] Executing OkObjectResult, writing value of type 'ThucLuc.Api.Common.Models.ApiResponse`1[[System.Collections.Generic.IReadOnlyCollection`1[[ThucLuc.Application.Features.YeuCauBoSung.YeuCauBoSungDto, ThucLuc.Application, Version=1.0.0.0, Culture=neutral, PublicKeyToken=null]], System.Private.CoreLib, Version=8.0.0.0, Culture=neutral, PublicKeyToken=7cec85d7bea7798e]]'.
2026-04-23 09:48:29.599 +07:00 [INF] Executed action ThucLuc.Api.Controllers.V1.YeuCauBoSungController.GetByKy (ThucLuc.Api) in 20.3055ms
2026-04-23 09:48:29.600 +07:00 [INF] Executed endpoint 'ThucLuc.Api.Controllers.V1.YeuCauBoSungController.GetByKy (ThucLuc.Api)'
2026-04-23 09:48:29.601 +07:00 [INF] HTTP GET /api/v1/yeu-cau-bo-sung => 200 in 34.874 ms CorrelationId=82e042495fbc4deca330007b525d88b0 UserId=5001
2026-04-23 09:48:29.604 +07:00 [INF] HTTP GET /api/v1/yeu-cau-bo-sung responded 200 in 37.7660 ms
2026-04-23 09:48:29.607 +07:00 [INF] Request finished HTTP/1.1 GET http://localhost:5283/api/v1/yeu-cau-bo-sung?kyBaoCaoId=6001 - 200 null application/json; charset=utf-8 46.5803ms
2026-04-23 09:48:33.177 +07:00 [INF] Request starting HTTP/1.1 OPTIONS http://localhost:5283/api/v1/ky-bao-cao - null null
2026-04-23 09:48:33.177 +07:00 [INF] Request starting HTTP/1.1 OPTIONS http://localhost:5283/api/v1/don-vi/tree - null null
2026-04-23 09:48:33.184 +07:00 [INF] CORS policy execution successful.
2026-04-23 09:48:33.181 +07:00 [INF] CORS policy execution successful.
2026-04-23 09:48:33.185 +07:00 [INF] HTTP OPTIONS /api/v1/don-vi/tree => 204 in 0.9569 ms CorrelationId=2b853c7f8e8f4238952746e2415f0bf6 UserId=anonymous
2026-04-23 09:48:33.185 +07:00 [INF] HTTP OPTIONS /api/v1/ky-bao-cao => 204 in 3.982 ms CorrelationId=97ce4e0451e94ce8abbd3b3d7fc6c4d9 UserId=anonymous
2026-04-23 09:48:33.189 +07:00 [INF] HTTP OPTIONS /api/v1/don-vi/tree responded 204 in 5.0800 ms
2026-04-23 09:48:33.190 +07:00 [INF] HTTP OPTIONS /api/v1/ky-bao-cao responded 204 in 9.0329 ms
2026-04-23 09:48:33.192 +07:00 [INF] Request finished HTTP/1.1 OPTIONS http://localhost:5283/api/v1/don-vi/tree - 204 null null 14.075ms
2026-04-23 09:48:33.197 +07:00 [INF] Request finished HTTP/1.1 OPTIONS http://localhost:5283/api/v1/ky-bao-cao - 204 null null 20.1934ms
2026-04-23 09:48:33.205 +07:00 [INF] Request starting HTTP/1.1 GET http://localhost:5283/api/v1/don-vi/tree - null null
2026-04-23 09:48:33.210 +07:00 [INF] Request starting HTTP/1.1 GET http://localhost:5283/api/v1/ky-bao-cao - null null
2026-04-23 09:48:33.213 +07:00 [INF] CORS policy execution successful.
2026-04-23 09:48:33.215 +07:00 [INF] CORS policy execution successful.
2026-04-23 09:48:33.216 +07:00 [INF] Executing endpoint 'ThucLuc.Api.Controllers.V1.DonViController.GetTree (ThucLuc.Api)'
2026-04-23 09:48:33.217 +07:00 [INF] Executing endpoint 'ThucLuc.Api.Controllers.V1.KyBaoCaoController.GetAll (ThucLuc.Api)'
2026-04-23 09:48:33.218 +07:00 [INF] Route matched with {action = "GetTree", controller = "DonVi"}. Executing controller action with signature System.Threading.Tasks.Task`1[Microsoft.AspNetCore.Mvc.ActionResult`1[ThucLuc.Api.Common.Models.ApiResponse`1[System.Collections.Generic.IReadOnlyCollection`1[ThucLuc.Application.Features.DonVi.DonViDto]]]] GetTree(System.Threading.CancellationToken) on controller ThucLuc.Api.Controllers.V1.DonViController (ThucLuc.Api).
2026-04-23 09:48:33.219 +07:00 [INF] Route matched with {action = "GetAll", controller = "KyBaoCao"}. Executing controller action with signature System.Threading.Tasks.Task`1[Microsoft.AspNetCore.Mvc.ActionResult`1[ThucLuc.Api.Common.Models.ApiResponse`1[System.Collections.Generic.IReadOnlyCollection`1[ThucLuc.Application.Features.KyBaoCao.KyBaoCaoDto]]]] GetAll(System.Threading.CancellationToken) on controller ThucLuc.Api.Controllers.V1.KyBaoCaoController (ThucLuc.Api).
2026-04-23 09:48:33.224 +07:00 [INF] Executing OkObjectResult, writing value of type 'ThucLuc.Api.Common.Models.ApiResponse`1[[System.Collections.Generic.IReadOnlyCollection`1[[ThucLuc.Application.Features.DonVi.DonViDto, ThucLuc.Application, Version=1.0.0.0, Culture=neutral, PublicKeyToken=null]], System.Private.CoreLib, Version=8.0.0.0, Culture=neutral, PublicKeyToken=7cec85d7bea7798e]]'.
2026-04-23 09:48:33.226 +07:00 [INF] Executed action ThucLuc.Api.Controllers.V1.DonViController.GetTree (ThucLuc.Api) in 5.12ms
2026-04-23 09:48:33.227 +07:00 [INF] Executing OkObjectResult, writing value of type 'ThucLuc.Api.Common.Models.ApiResponse`1[[System.Collections.Generic.IReadOnlyCollection`1[[ThucLuc.Application.Features.KyBaoCao.KyBaoCaoDto, ThucLuc.Application, Version=1.0.0.0, Culture=neutral, PublicKeyToken=null]], System.Private.CoreLib, Version=8.0.0.0, Culture=neutral, PublicKeyToken=7cec85d7bea7798e]]'.
2026-04-23 09:48:33.228 +07:00 [INF] Executed endpoint 'ThucLuc.Api.Controllers.V1.DonViController.GetTree (ThucLuc.Api)'
2026-04-23 09:48:33.229 +07:00 [INF] Executed action ThucLuc.Api.Controllers.V1.KyBaoCaoController.GetAll (ThucLuc.Api) in 4.897ms
2026-04-23 09:48:33.232 +07:00 [INF] HTTP GET /api/v1/don-vi/tree => 200 in 18.8927 ms CorrelationId=1c5131ab8e674c9299a5e6baa4590a4f UserId=5001
2026-04-23 09:48:33.233 +07:00 [INF] Executed endpoint 'ThucLuc.Api.Controllers.V1.KyBaoCaoController.GetAll (ThucLuc.Api)'
2026-04-23 09:48:33.235 +07:00 [INF] HTTP GET /api/v1/don-vi/tree responded 200 in 21.7568 ms
2026-04-23 09:48:33.235 +07:00 [INF] HTTP GET /api/v1/ky-bao-cao => 200 in 20.0256 ms CorrelationId=58c0d61fa6214deeb5cc80110f983829 UserId=5001
2026-04-23 09:48:33.237 +07:00 [INF] Request finished HTTP/1.1 GET http://localhost:5283/api/v1/don-vi/tree - 200 null application/json; charset=utf-8 31.8416ms
2026-04-23 09:48:33.241 +07:00 [INF] HTTP GET /api/v1/ky-bao-cao responded 200 in 25.2076 ms
2026-04-23 09:48:33.246 +07:00 [INF] Request finished HTTP/1.1 GET http://localhost:5283/api/v1/ky-bao-cao - 200 null application/json; charset=utf-8 35.7879ms
2026-04-23 09:48:33.249 +07:00 [INF] Request starting HTTP/1.1 GET http://localhost:5283/api/v1/yeu-cau-bo-sung?kyBaoCaoId=6001 - null null
2026-04-23 09:48:33.251 +07:00 [INF] CORS policy execution successful.
2026-04-23 09:48:33.252 +07:00 [INF] Executing endpoint 'ThucLuc.Api.Controllers.V1.YeuCauBoSungController.GetByKy (ThucLuc.Api)'
2026-04-23 09:48:33.253 +07:00 [INF] Route matched with {action = "GetByKy", controller = "YeuCauBoSung"}. Executing controller action with signature System.Threading.Tasks.Task`1[Microsoft.AspNetCore.Mvc.ActionResult`1[ThucLuc.Api.Common.Models.ApiResponse`1[System.Collections.Generic.IReadOnlyCollection`1[ThucLuc.Application.Features.YeuCauBoSung.YeuCauBoSungDto]]]] GetByKy(Int64, System.Threading.CancellationToken) on controller ThucLuc.Api.Controllers.V1.YeuCauBoSungController (ThucLuc.Api).
2026-04-23 09:48:33.259 +07:00 [INF] Executing OkObjectResult, writing value of type 'ThucLuc.Api.Common.Models.ApiResponse`1[[System.Collections.Generic.IReadOnlyCollection`1[[ThucLuc.Application.Features.YeuCauBoSung.YeuCauBoSungDto, ThucLuc.Application, Version=1.0.0.0, Culture=neutral, PublicKeyToken=null]], System.Private.CoreLib, Version=8.0.0.0, Culture=neutral, PublicKeyToken=7cec85d7bea7798e]]'.
2026-04-23 09:48:33.260 +07:00 [INF] Executed action ThucLuc.Api.Controllers.V1.YeuCauBoSungController.GetByKy (ThucLuc.Api) in 4.7893ms
2026-04-23 09:48:33.262 +07:00 [INF] Executed endpoint 'ThucLuc.Api.Controllers.V1.YeuCauBoSungController.GetByKy (ThucLuc.Api)'
2026-04-23 09:48:33.263 +07:00 [INF] HTTP GET /api/v1/yeu-cau-bo-sung => 200 in 12.5634 ms CorrelationId=e5a5b263aa5d4a70be064a4a4afcc175 UserId=5001
2026-04-23 09:48:33.265 +07:00 [INF] HTTP GET /api/v1/yeu-cau-bo-sung responded 200 in 14.3123 ms
2026-04-23 09:48:33.266 +07:00 [INF] Request finished HTTP/1.1 GET http://localhost:5283/api/v1/yeu-cau-bo-sung?kyBaoCaoId=6001 - 200 null application/json; charset=utf-8 17.8263ms
2026-04-23 09:48:33.729 +07:00 [INF] Request starting HTTP/1.1 GET http://localhost:5283/api/v1/ky-bao-cao - null null
2026-04-23 09:48:33.731 +07:00 [INF] CORS policy execution successful.
2026-04-23 09:48:33.732 +07:00 [INF] Executing endpoint 'ThucLuc.Api.Controllers.V1.KyBaoCaoController.GetAll (ThucLuc.Api)'
2026-04-23 09:48:33.733 +07:00 [INF] Route matched with {action = "GetAll", controller = "KyBaoCao"}. Executing controller action with signature System.Threading.Tasks.Task`1[Microsoft.AspNetCore.Mvc.ActionResult`1[ThucLuc.Api.Common.Models.ApiResponse`1[System.Collections.Generic.IReadOnlyCollection`1[ThucLuc.Application.Features.KyBaoCao.KyBaoCaoDto]]]] GetAll(System.Threading.CancellationToken) on controller ThucLuc.Api.Controllers.V1.KyBaoCaoController (ThucLuc.Api).
2026-04-23 09:48:33.737 +07:00 [INF] Executing OkObjectResult, writing value of type 'ThucLuc.Api.Common.Models.ApiResponse`1[[System.Collections.Generic.IReadOnlyCollection`1[[ThucLuc.Application.Features.KyBaoCao.KyBaoCaoDto, ThucLuc.Application, Version=1.0.0.0, Culture=neutral, PublicKeyToken=null]], System.Private.CoreLib, Version=8.0.0.0, Culture=neutral, PublicKeyToken=7cec85d7bea7798e]]'.
2026-04-23 09:48:33.739 +07:00 [INF] Executed action ThucLuc.Api.Controllers.V1.KyBaoCaoController.GetAll (ThucLuc.Api) in 4.2162ms
2026-04-23 09:48:33.740 +07:00 [INF] Executed endpoint 'ThucLuc.Api.Controllers.V1.KyBaoCaoController.GetAll (ThucLuc.Api)'
2026-04-23 09:48:33.741 +07:00 [INF] HTTP GET /api/v1/ky-bao-cao => 200 in 9.748 ms CorrelationId=e53eda0cb9b84a21bb739a1f88b51763 UserId=5001
2026-04-23 09:48:33.743 +07:00 [INF] HTTP GET /api/v1/ky-bao-cao responded 200 in 11.4965 ms
2026-04-23 09:48:33.744 +07:00 [INF] Request finished HTTP/1.1 GET http://localhost:5283/api/v1/ky-bao-cao - 200 null application/json; charset=utf-8 15.0453ms
2026-04-23 09:48:33.746 +07:00 [INF] Request starting HTTP/1.1 OPTIONS http://localhost:5283/api/v1/tong-hop-tien-do?kyBaoCaoCode=2026Q1_NHAN_LUC - null null
2026-04-23 09:48:33.748 +07:00 [INF] CORS policy execution successful.
2026-04-23 09:48:33.749 +07:00 [INF] HTTP OPTIONS /api/v1/tong-hop-tien-do => 204 in 0.5115 ms CorrelationId=e2a0889224384e2c9562903ffa365d2a UserId=anonymous
2026-04-23 09:48:33.750 +07:00 [INF] HTTP OPTIONS /api/v1/tong-hop-tien-do responded 204 in 1.8597 ms
2026-04-23 09:48:33.751 +07:00 [INF] Request finished HTTP/1.1 OPTIONS http://localhost:5283/api/v1/tong-hop-tien-do?kyBaoCaoCode=2026Q1_NHAN_LUC - 204 null null 4.7042ms
2026-04-23 09:48:33.753 +07:00 [INF] Request starting HTTP/1.1 GET http://localhost:5283/api/v1/tong-hop-tien-do?kyBaoCaoCode=2026Q1_NHAN_LUC - null null
2026-04-23 09:48:33.756 +07:00 [INF] CORS policy execution successful.
2026-04-23 09:48:33.757 +07:00 [INF] Executing endpoint 'ThucLuc.Api.Controllers.V1.TongHopTienDoController.GetTienDo (ThucLuc.Api)'
2026-04-23 09:48:33.760 +07:00 [INF] Route matched with {action = "GetTienDo", controller = "TongHopTienDo"}. Executing controller action with signature System.Threading.Tasks.Task`1[Microsoft.AspNetCore.Mvc.ActionResult`1[ThucLuc.Api.Common.Models.ApiResponse`1[System.Collections.Generic.IReadOnlyCollection`1[ThucLuc.Application.Features.TongHopTienDo.TienDoDonViDto]]]] GetTienDo(ThucLuc.Application.Features.TongHopTienDo.TienDoDonViQuery, System.Threading.CancellationToken) on controller ThucLuc.Api.Controllers.V1.TongHopTienDoController (ThucLuc.Api).
2026-04-23 09:48:33.831 +07:00 [INF] Executing OkObjectResult, writing value of type 'ThucLuc.Api.Common.Models.ApiResponse`1[[System.Collections.Generic.IReadOnlyCollection`1[[ThucLuc.Application.Features.TongHopTienDo.TienDoDonViDto, ThucLuc.Application, Version=1.0.0.0, Culture=neutral, PublicKeyToken=null]], System.Private.CoreLib, Version=8.0.0.0, Culture=neutral, PublicKeyToken=7cec85d7bea7798e]]'.
2026-04-23 09:48:33.833 +07:00 [INF] Executed action ThucLuc.Api.Controllers.V1.TongHopTienDoController.GetTienDo (ThucLuc.Api) in 70.6539ms
2026-04-23 09:48:33.834 +07:00 [INF] Executed endpoint 'ThucLuc.Api.Controllers.V1.TongHopTienDoController.GetTienDo (ThucLuc.Api)'
2026-04-23 09:48:33.835 +07:00 [INF] HTTP GET /api/v1/tong-hop-tien-do => 200 in 79.0183 ms CorrelationId=e95f6589aa5a4134b57bab051e7f12c5 UserId=5001
2026-04-23 09:48:33.838 +07:00 [INF] HTTP GET /api/v1/tong-hop-tien-do responded 200 in 81.4469 ms
2026-04-23 09:48:33.839 +07:00 [INF] Request finished HTTP/1.1 GET http://localhost:5283/api/v1/tong-hop-tien-do?kyBaoCaoCode=2026Q1_NHAN_LUC - 200 null application/json; charset=utf-8 86.1663ms
2026-04-23 09:48:35.849 +07:00 [INF] Request starting HTTP/1.1 GET http://localhost:5283/api/v1/ky-bao-cao - null null
2026-04-23 09:48:35.851 +07:00 [INF] CORS policy execution successful.
2026-04-23 09:48:35.852 +07:00 [INF] Executing endpoint 'ThucLuc.Api.Controllers.V1.KyBaoCaoController.GetAll (ThucLuc.Api)'
2026-04-23 09:48:35.853 +07:00 [INF] Route matched with {action = "GetAll", controller = "KyBaoCao"}. Executing controller action with signature System.Threading.Tasks.Task`1[Microsoft.AspNetCore.Mvc.ActionResult`1[ThucLuc.Api.Common.Models.ApiResponse`1[System.Collections.Generic.IReadOnlyCollection`1[ThucLuc.Application.Features.KyBaoCao.KyBaoCaoDto]]]] GetAll(System.Threading.CancellationToken) on controller ThucLuc.Api.Controllers.V1.KyBaoCaoController (ThucLuc.Api).
2026-04-23 09:48:35.857 +07:00 [INF] Executing OkObjectResult, writing value of type 'ThucLuc.Api.Common.Models.ApiResponse`1[[System.Collections.Generic.IReadOnlyCollection`1[[ThucLuc.Application.Features.KyBaoCao.KyBaoCaoDto, ThucLuc.Application, Version=1.0.0.0, Culture=neutral, PublicKeyToken=null]], System.Private.CoreLib, Version=8.0.0.0, Culture=neutral, PublicKeyToken=7cec85d7bea7798e]]'.
2026-04-23 09:48:35.858 +07:00 [INF] Executed action ThucLuc.Api.Controllers.V1.KyBaoCaoController.GetAll (ThucLuc.Api) in 3.5901ms
2026-04-23 09:48:35.859 +07:00 [INF] Executed endpoint 'ThucLuc.Api.Controllers.V1.KyBaoCaoController.GetAll (ThucLuc.Api)'
2026-04-23 09:48:35.860 +07:00 [INF] HTTP GET /api/v1/ky-bao-cao => 200 in 8.8788 ms CorrelationId=a44a849a8abf454e8abc1fe9745b3efb UserId=5001
2026-04-23 09:48:35.862 +07:00 [INF] HTTP GET /api/v1/ky-bao-cao responded 200 in 10.8465 ms
2026-04-23 09:48:35.864 +07:00 [INF] Request finished HTTP/1.1 GET http://localhost:5283/api/v1/ky-bao-cao - 200 null application/json; charset=utf-8 14.3828ms
2026-04-23 09:48:35.867 +07:00 [INF] Request starting HTTP/1.1 OPTIONS http://localhost:5283/api/v1/ky-bao-cao/6001/tien-do - null null
2026-04-23 09:48:35.868 +07:00 [INF] CORS policy execution successful.
2026-04-23 09:48:35.869 +07:00 [INF] HTTP OPTIONS /api/v1/ky-bao-cao/6001/tien-do => 204 in 0.5684 ms CorrelationId=f124234850e2433abea9fb5b8d1651ef UserId=anonymous
2026-04-23 09:48:35.872 +07:00 [INF] HTTP OPTIONS /api/v1/ky-bao-cao/6001/tien-do responded 204 in 3.4065 ms
2026-04-23 09:48:35.874 +07:00 [INF] Request finished HTTP/1.1 OPTIONS http://localhost:5283/api/v1/ky-bao-cao/6001/tien-do - 204 null null 7.9208ms
2026-04-23 09:48:35.878 +07:00 [INF] Request starting HTTP/1.1 GET http://localhost:5283/api/v1/ky-bao-cao/6001/tien-do - null null
2026-04-23 09:48:35.881 +07:00 [INF] CORS policy execution successful.
2026-04-23 09:48:35.881 +07:00 [INF] Executing endpoint 'ThucLuc.Api.Controllers.V1.KyBaoCaoController.GetTienDo (ThucLuc.Api)'
2026-04-23 09:48:35.884 +07:00 [INF] Route matched with {action = "GetTienDo", controller = "KyBaoCao"}. Executing controller action with signature System.Threading.Tasks.Task`1[Microsoft.AspNetCore.Mvc.ActionResult`1[ThucLuc.Api.Common.Models.ApiResponse`1[ThucLuc.Application.Features.KyBaoCao.KyBaoCaoTienDoDto]]] GetTienDo(Int64, System.Threading.CancellationToken) on controller ThucLuc.Api.Controllers.V1.KyBaoCaoController (ThucLuc.Api).
2026-04-23 09:48:35.905 +07:00 [INF] Executing OkObjectResult, writing value of type 'ThucLuc.Api.Common.Models.ApiResponse`1[[ThucLuc.Application.Features.KyBaoCao.KyBaoCaoTienDoDto, ThucLuc.Application, Version=1.0.0.0, Culture=neutral, PublicKeyToken=null]]'.
2026-04-23 09:48:35.913 +07:00 [INF] Executed action ThucLuc.Api.Controllers.V1.KyBaoCaoController.GetTienDo (ThucLuc.Api) in 27.242ms
2026-04-23 09:48:35.915 +07:00 [INF] Executed endpoint 'ThucLuc.Api.Controllers.V1.KyBaoCaoController.GetTienDo (ThucLuc.Api)'
2026-04-23 09:48:35.916 +07:00 [INF] HTTP GET /api/v1/ky-bao-cao/6001/tien-do => 200 in 35.4888 ms CorrelationId=41387e0424474b5397cb13396cf4ff3c UserId=5001
2026-04-23 09:48:35.918 +07:00 [INF] HTTP GET /api/v1/ky-bao-cao/6001/tien-do responded 200 in 37.9486 ms
2026-04-23 09:48:35.920 +07:00 [INF] Request finished HTTP/1.1 GET http://localhost:5283/api/v1/ky-bao-cao/6001/tien-do - 200 null application/json; charset=utf-8 42.2699ms
2026-04-23 09:48:38.033 +07:00 [INF] Request starting HTTP/1.1 OPTIONS http://localhost:5283/api/v1/ky-bao-cao/current - null null
2026-04-23 09:48:38.033 +07:00 [INF] Request starting HTTP/1.1 OPTIONS http://localhost:5283/api/v1/mau-bao-cao?includeInactive=false - null null
2026-04-23 09:48:38.034 +07:00 [INF] Request starting HTTP/1.1 GET http://localhost:5283/api/v1/ky-bao-cao - null null
2026-04-23 09:48:38.035 +07:00 [INF] CORS policy execution successful.
2026-04-23 09:48:38.036 +07:00 [INF] CORS policy execution successful.
2026-04-23 09:48:38.038 +07:00 [INF] CORS policy execution successful.
2026-04-23 09:48:38.038 +07:00 [INF] HTTP OPTIONS /api/v1/ky-bao-cao/current => 204 in 3.6703 ms CorrelationId=72d20e0907d14933aab88b5c2330d66e UserId=anonymous
2026-04-23 09:48:38.039 +07:00 [INF] HTTP OPTIONS /api/v1/mau-bao-cao => 204 in 2.6507 ms CorrelationId=6cd21afd694b43f2bd808798c679d184 UserId=anonymous
2026-04-23 09:48:38.040 +07:00 [INF] Executing endpoint 'ThucLuc.Api.Controllers.V1.KyBaoCaoController.GetAll (ThucLuc.Api)'
2026-04-23 09:48:38.041 +07:00 [INF] HTTP OPTIONS /api/v1/ky-bao-cao/current responded 204 in 6.7269 ms
2026-04-23 09:48:38.043 +07:00 [INF] HTTP OPTIONS /api/v1/mau-bao-cao responded 204 in 7.0003 ms
2026-04-23 09:48:38.044 +07:00 [INF] Route matched with {action = "GetAll", controller = "KyBaoCao"}. Executing controller action with signature System.Threading.Tasks.Task`1[Microsoft.AspNetCore.Mvc.ActionResult`1[ThucLuc.Api.Common.Models.ApiResponse`1[System.Collections.Generic.IReadOnlyCollection`1[ThucLuc.Application.Features.KyBaoCao.KyBaoCaoDto]]]] GetAll(System.Threading.CancellationToken) on controller ThucLuc.Api.Controllers.V1.KyBaoCaoController (ThucLuc.Api).
2026-04-23 09:48:38.045 +07:00 [INF] Request finished HTTP/1.1 OPTIONS http://localhost:5283/api/v1/ky-bao-cao/current - 204 null null 12.4707ms
2026-04-23 09:48:38.048 +07:00 [INF] Request finished HTTP/1.1 OPTIONS http://localhost:5283/api/v1/mau-bao-cao?includeInactive=false - 204 null null 14.8358ms
2026-04-23 09:48:38.052 +07:00 [INF] Executing OkObjectResult, writing value of type 'ThucLuc.Api.Common.Models.ApiResponse`1[[System.Collections.Generic.IReadOnlyCollection`1[[ThucLuc.Application.Features.KyBaoCao.KyBaoCaoDto, ThucLuc.Application, Version=1.0.0.0, Culture=neutral, PublicKeyToken=null]], System.Private.CoreLib, Version=8.0.0.0, Culture=neutral, PublicKeyToken=7cec85d7bea7798e]]'.
2026-04-23 09:48:38.054 +07:00 [INF] Request starting HTTP/1.1 GET http://localhost:5283/api/v1/ky-bao-cao/current - null null
2026-04-23 09:48:38.057 +07:00 [INF] Request starting HTTP/1.1 GET http://localhost:5283/api/v1/mau-bao-cao?includeInactive=false - null null
2026-04-23 09:48:38.059 +07:00 [INF] Executed action ThucLuc.Api.Controllers.V1.KyBaoCaoController.GetAll (ThucLuc.Api) in 8.8635ms
2026-04-23 09:48:38.061 +07:00 [INF] CORS policy execution successful.
2026-04-23 09:48:38.063 +07:00 [INF] CORS policy execution successful.
2026-04-23 09:48:38.065 +07:00 [INF] Executed endpoint 'ThucLuc.Api.Controllers.V1.KyBaoCaoController.GetAll (ThucLuc.Api)'
2026-04-23 09:48:38.065 +07:00 [INF] Executing endpoint 'ThucLuc.Api.Controllers.V1.KyBaoCaoController.GetCurrent (ThucLuc.Api)'
2026-04-23 09:48:38.066 +07:00 [INF] Executing endpoint 'ThucLuc.Api.Controllers.V1.MauBaoCaoController.GetAll (ThucLuc.Api)'
2026-04-23 09:48:38.067 +07:00 [INF] HTTP GET /api/v1/ky-bao-cao => 200 in 29.4289 ms CorrelationId=6d8fc605ae2841709ccf439c40282708 UserId=5001
2026-04-23 09:48:38.072 +07:00 [INF] Route matched with {action = "GetAll", controller = "MauBaoCao"}. Executing controller action with signature System.Threading.Tasks.Task`1[Microsoft.AspNetCore.Mvc.ActionResult`1[ThucLuc.Api.Common.Models.ApiResponse`1[System.Collections.Generic.IReadOnlyCollection`1[ThucLuc.Application.Features.MauBaoCao.MauBaoCaoDto]]]] GetAll(Boolean, System.Threading.CancellationToken) on controller ThucLuc.Api.Controllers.V1.MauBaoCaoController (ThucLuc.Api).
2026-04-23 09:48:38.068 +07:00 [INF] Route matched with {action = "GetCurrent", controller = "KyBaoCao"}. Executing controller action with signature System.Threading.Tasks.Task`1[Microsoft.AspNetCore.Mvc.ActionResult`1[ThucLuc.Api.Common.Models.ApiResponse`1[ThucLuc.Application.Features.KyBaoCao.KyBaoCaoDto]]] GetCurrent(System.Threading.CancellationToken) on controller ThucLuc.Api.Controllers.V1.KyBaoCaoController (ThucLuc.Api).
2026-04-23 09:48:38.072 +07:00 [INF] HTTP GET /api/v1/ky-bao-cao responded 200 in 34.1406 ms
2026-04-23 09:48:38.077 +07:00 [INF] Request finished HTTP/1.1 GET http://localhost:5283/api/v1/ky-bao-cao - 200 null application/json; charset=utf-8 43.3058ms
2026-04-23 09:48:38.077 +07:00 [INF] Executing OkObjectResult, writing value of type 'ThucLuc.Api.Common.Models.ApiResponse`1[[ThucLuc.Application.Features.KyBaoCao.KyBaoCaoDto, ThucLuc.Application, Version=1.0.0.0, Culture=neutral, PublicKeyToken=null]]'.
2026-04-23 09:48:38.086 +07:00 [INF] Executed action ThucLuc.Api.Controllers.V1.KyBaoCaoController.GetCurrent (ThucLuc.Api) in 10.3559ms
2026-04-23 09:48:38.088 +07:00 [INF] Executed endpoint 'ThucLuc.Api.Controllers.V1.KyBaoCaoController.GetCurrent (ThucLuc.Api)'
2026-04-23 09:48:38.089 +07:00 [INF] HTTP GET /api/v1/ky-bao-cao/current => 200 in 28.727 ms CorrelationId=652b630bad174b02a9d7c3e706566970 UserId=5001
2026-04-23 09:48:38.092 +07:00 [INF] HTTP GET /api/v1/ky-bao-cao/current responded 200 in 31.4618 ms
2026-04-23 09:48:38.094 +07:00 [INF] Request finished HTTP/1.1 GET http://localhost:5283/api/v1/ky-bao-cao/current - 200 null application/json; charset=utf-8 39.31ms
2026-04-23 09:48:38.094 +07:00 [INF] Executing OkObjectResult, writing value of type 'ThucLuc.Api.Common.Models.ApiResponse`1[[System.Collections.Generic.IReadOnlyCollection`1[[ThucLuc.Application.Features.MauBaoCao.MauBaoCaoDto, ThucLuc.Application, Version=1.0.0.0, Culture=neutral, PublicKeyToken=null]], System.Private.CoreLib, Version=8.0.0.0, Culture=neutral, PublicKeyToken=7cec85d7bea7798e]]'.
2026-04-23 09:48:38.102 +07:00 [INF] Executed action ThucLuc.Api.Controllers.V1.MauBaoCaoController.GetAll (ThucLuc.Api) in 27.7665ms
2026-04-23 09:48:38.103 +07:00 [INF] Executed endpoint 'ThucLuc.Api.Controllers.V1.MauBaoCaoController.GetAll (ThucLuc.Api)'
2026-04-23 09:48:38.105 +07:00 [INF] HTTP GET /api/v1/mau-bao-cao => 200 in 41.7741 ms CorrelationId=5d16a9657cfc435494db826be8cffa12 UserId=5001
2026-04-23 09:48:38.107 +07:00 [INF] HTTP GET /api/v1/mau-bao-cao responded 200 in 43.8076 ms
2026-04-23 09:48:38.110 +07:00 [INF] Request finished HTTP/1.1 GET http://localhost:5283/api/v1/mau-bao-cao?includeInactive=false - 200 null application/json; charset=utf-8 52.4762ms
2026-04-23 09:48:38.112 +07:00 [INF] Request starting HTTP/1.1 OPTIONS http://localhost:5283/api/v1/ky-bao-cao/6002/tien-do - null null
2026-04-23 09:48:38.112 +07:00 [INF] Request starting HTTP/1.1 GET http://localhost:5283/api/v1/ky-bao-cao/6001/tien-do - null null
2026-04-23 09:48:38.112 +07:00 [INF] Request starting HTTP/1.1 OPTIONS http://localhost:5283/api/v1/ky-bao-cao/6003/tien-do - null null
2026-04-23 09:48:38.114 +07:00 [INF] CORS policy execution successful.
2026-04-23 09:48:38.116 +07:00 [INF] CORS policy execution successful.
2026-04-23 09:48:38.118 +07:00 [INF] CORS policy execution successful.
2026-04-23 09:48:38.119 +07:00 [INF] HTTP OPTIONS /api/v1/ky-bao-cao/6002/tien-do => 204 in 4.52 ms CorrelationId=59524d804b60470c8f869c7cb7f7bc6b UserId=anonymous
2026-04-23 09:48:38.120 +07:00 [INF] Executing endpoint 'ThucLuc.Api.Controllers.V1.KyBaoCaoController.GetTienDo (ThucLuc.Api)'
2026-04-23 09:48:38.121 +07:00 [INF] HTTP OPTIONS /api/v1/ky-bao-cao/6003/tien-do => 204 in 3.0485 ms CorrelationId=35062ba5010b4855a1acbca31824e654 UserId=anonymous
2026-04-23 09:48:38.124 +07:00 [INF] HTTP OPTIONS /api/v1/ky-bao-cao/6002/tien-do responded 204 in 9.3053 ms
2026-04-23 09:48:38.125 +07:00 [INF] Route matched with {action = "GetTienDo", controller = "KyBaoCao"}. Executing controller action with signature System.Threading.Tasks.Task`1[Microsoft.AspNetCore.Mvc.ActionResult`1[ThucLuc.Api.Common.Models.ApiResponse`1[ThucLuc.Application.Features.KyBaoCao.KyBaoCaoTienDoDto]]] GetTienDo(Int64, System.Threading.CancellationToken) on controller ThucLuc.Api.Controllers.V1.KyBaoCaoController (ThucLuc.Api).
2026-04-23 09:48:38.127 +07:00 [INF] HTTP OPTIONS /api/v1/ky-bao-cao/6003/tien-do responded 204 in 9.0503 ms
2026-04-23 09:48:38.129 +07:00 [INF] Request finished HTTP/1.1 OPTIONS http://localhost:5283/api/v1/ky-bao-cao/6002/tien-do - 204 null null 17.2215ms
2026-04-23 09:48:38.132 +07:00 [INF] Request finished HTTP/1.1 OPTIONS http://localhost:5283/api/v1/ky-bao-cao/6003/tien-do - 204 null null 20.3418ms
2026-04-23 09:48:38.134 +07:00 [INF] Executing OkObjectResult, writing value of type 'ThucLuc.Api.Common.Models.ApiResponse`1[[ThucLuc.Application.Features.KyBaoCao.KyBaoCaoTienDoDto, ThucLuc.Application, Version=1.0.0.0, Culture=neutral, PublicKeyToken=null]]'.
2026-04-23 09:48:38.136 +07:00 [INF] Request starting HTTP/1.1 GET http://localhost:5283/api/v1/ky-bao-cao/6002/tien-do - null null
2026-04-23 09:48:38.140 +07:00 [INF] Request starting HTTP/1.1 GET http://localhost:5283/api/v1/ky-bao-cao/6003/tien-do - null null
2026-04-23 09:48:38.141 +07:00 [INF] Executed action ThucLuc.Api.Controllers.V1.KyBaoCaoController.GetTienDo (ThucLuc.Api) in 10.7112ms
2026-04-23 09:48:38.144 +07:00 [INF] CORS policy execution successful.
2026-04-23 09:48:38.146 +07:00 [INF] CORS policy execution successful.
2026-04-23 09:48:38.147 +07:00 [INF] Executed endpoint 'ThucLuc.Api.Controllers.V1.KyBaoCaoController.GetTienDo (ThucLuc.Api)'
2026-04-23 09:48:38.148 +07:00 [INF] Executing endpoint 'ThucLuc.Api.Controllers.V1.KyBaoCaoController.GetTienDo (ThucLuc.Api)'
2026-04-23 09:48:38.148 +07:00 [INF] Executing endpoint 'ThucLuc.Api.Controllers.V1.KyBaoCaoController.GetTienDo (ThucLuc.Api)'
2026-04-23 09:48:38.150 +07:00 [INF] HTTP GET /api/v1/ky-bao-cao/6001/tien-do => 200 in 33.4513 ms CorrelationId=88e776070c5c46709e3417b198ee62aa UserId=5001
2026-04-23 09:48:38.151 +07:00 [INF] Route matched with {action = "GetTienDo", controller = "KyBaoCao"}. Executing controller action with signature System.Threading.Tasks.Task`1[Microsoft.AspNetCore.Mvc.ActionResult`1[ThucLuc.Api.Common.Models.ApiResponse`1[ThucLuc.Application.Features.KyBaoCao.KyBaoCaoTienDoDto]]] GetTienDo(Int64, System.Threading.CancellationToken) on controller ThucLuc.Api.Controllers.V1.KyBaoCaoController (ThucLuc.Api).
2026-04-23 09:48:38.152 +07:00 [INF] Route matched with {action = "GetTienDo", controller = "KyBaoCao"}. Executing controller action with signature System.Threading.Tasks.Task`1[Microsoft.AspNetCore.Mvc.ActionResult`1[ThucLuc.Api.Common.Models.ApiResponse`1[ThucLuc.Application.Features.KyBaoCao.KyBaoCaoTienDoDto]]] GetTienDo(Int64, System.Threading.CancellationToken) on controller ThucLuc.Api.Controllers.V1.KyBaoCaoController (ThucLuc.Api).
2026-04-23 09:48:38.154 +07:00 [INF] HTTP GET /api/v1/ky-bao-cao/6001/tien-do responded 200 in 37.9971 ms
2026-04-23 09:48:38.160 +07:00 [INF] Executing OkObjectResult, writing value of type 'ThucLuc.Api.Common.Models.ApiResponse`1[[ThucLuc.Application.Features.KyBaoCao.KyBaoCaoTienDoDto, ThucLuc.Application, Version=1.0.0.0, Culture=neutral, PublicKeyToken=null]]'.
2026-04-23 09:48:38.161 +07:00 [INF] Request finished HTTP/1.1 GET http://localhost:5283/api/v1/ky-bao-cao/6001/tien-do - 200 null application/json; charset=utf-8 49.1835ms
2026-04-23 09:48:38.161 +07:00 [INF] Executing OkObjectResult, writing value of type 'ThucLuc.Api.Common.Models.ApiResponse`1[[ThucLuc.Application.Features.KyBaoCao.KyBaoCaoTienDoDto, ThucLuc.Application, Version=1.0.0.0, Culture=neutral, PublicKeyToken=null]]'.
2026-04-23 09:48:38.162 +07:00 [INF] Executed action ThucLuc.Api.Controllers.V1.KyBaoCaoController.GetTienDo (ThucLuc.Api) in 5.2599ms
2026-04-23 09:48:38.167 +07:00 [INF] Executed action ThucLuc.Api.Controllers.V1.KyBaoCaoController.GetTienDo (ThucLuc.Api) in 7.9714ms
2026-04-23 09:48:38.168 +07:00 [INF] Executed endpoint 'ThucLuc.Api.Controllers.V1.KyBaoCaoController.GetTienDo (ThucLuc.Api)'
2026-04-23 09:48:38.170 +07:00 [INF] Executed endpoint 'ThucLuc.Api.Controllers.V1.KyBaoCaoController.GetTienDo (ThucLuc.Api)'
2026-04-23 09:48:38.171 +07:00 [INF] HTTP GET /api/v1/ky-bao-cao/6002/tien-do => 200 in 26.5086 ms CorrelationId=9ea09293607f4b688ed87d1565e9996d UserId=5001
2026-04-23 09:48:38.172 +07:00 [INF] HTTP GET /api/v1/ky-bao-cao/6003/tien-do => 200 in 25.8276 ms CorrelationId=0783c7712d494ea9b511f50934b09c2d UserId=5001
2026-04-23 09:48:38.174 +07:00 [INF] HTTP GET /api/v1/ky-bao-cao/6002/tien-do responded 200 in 29.8217 ms
2026-04-23 09:48:38.176 +07:00 [INF] HTTP GET /api/v1/ky-bao-cao/6003/tien-do responded 200 in 30.0605 ms
2026-04-23 09:48:38.178 +07:00 [INF] Request finished HTTP/1.1 GET http://localhost:5283/api/v1/ky-bao-cao/6002/tien-do - 200 null application/json; charset=utf-8 42.0884ms
2026-04-23 09:48:38.179 +07:00 [INF] Request finished HTTP/1.1 GET http://localhost:5283/api/v1/ky-bao-cao/6003/tien-do - 200 null application/json; charset=utf-8 39.597ms
2026-04-23 09:48:40.153 +07:00 [INF] Request starting HTTP/1.1 OPTIONS http://localhost:5283/api/v1/mau-bao-cao?includeInactive=true - null null
2026-04-23 09:48:40.155 +07:00 [INF] Request starting HTTP/1.1 OPTIONS http://localhost:5283/api/v1/mau-bao-cao/module-catalog - null null
2026-04-23 09:48:40.156 +07:00 [INF] CORS policy execution successful.
2026-04-23 09:48:40.157 +07:00 [INF] CORS policy execution successful.
2026-04-23 09:48:40.158 +07:00 [INF] HTTP OPTIONS /api/v1/mau-bao-cao => 204 in 2.113 ms CorrelationId=3cf15d4b281a4173abd8477110c902cd UserId=anonymous
2026-04-23 09:48:40.158 +07:00 [INF] HTTP OPTIONS /api/v1/mau-bao-cao/module-catalog => 204 in 0.9597 ms CorrelationId=b7a31bee928c48daa4d4316cb2fb779e UserId=anonymous
2026-04-23 09:48:40.160 +07:00 [INF] HTTP OPTIONS /api/v1/mau-bao-cao responded 204 in 4.2866 ms
2026-04-23 09:48:40.162 +07:00 [INF] HTTP OPTIONS /api/v1/mau-bao-cao/module-catalog responded 204 in 5.1333 ms
2026-04-23 09:48:40.164 +07:00 [INF] Request finished HTTP/1.1 OPTIONS http://localhost:5283/api/v1/mau-bao-cao?includeInactive=true - 204 null null 10.7728ms
2026-04-23 09:48:40.167 +07:00 [INF] Request finished HTTP/1.1 OPTIONS http://localhost:5283/api/v1/mau-bao-cao/module-catalog - 204 null null 11.6166ms
2026-04-23 09:48:40.169 +07:00 [INF] Request starting HTTP/1.1 GET http://localhost:5283/api/v1/mau-bao-cao?includeInactive=true - null null
2026-04-23 09:48:40.172 +07:00 [INF] Request starting HTTP/1.1 GET http://localhost:5283/api/v1/mau-bao-cao/module-catalog - null null
2026-04-23 09:48:40.174 +07:00 [INF] CORS policy execution successful.
2026-04-23 09:48:40.176 +07:00 [INF] CORS policy execution successful.
2026-04-23 09:48:40.177 +07:00 [INF] Executing endpoint 'ThucLuc.Api.Controllers.V1.MauBaoCaoController.GetAll (ThucLuc.Api)'
2026-04-23 09:48:40.177 +07:00 [INF] Executing endpoint 'ThucLuc.Api.Controllers.V1.MauBaoCaoController.GetModuleCatalog (ThucLuc.Api)'
2026-04-23 09:48:40.178 +07:00 [INF] Route matched with {action = "GetAll", controller = "MauBaoCao"}. Executing controller action with signature System.Threading.Tasks.Task`1[Microsoft.AspNetCore.Mvc.ActionResult`1[ThucLuc.Api.Common.Models.ApiResponse`1[System.Collections.Generic.IReadOnlyCollection`1[ThucLuc.Application.Features.MauBaoCao.MauBaoCaoDto]]]] GetAll(Boolean, System.Threading.CancellationToken) on controller ThucLuc.Api.Controllers.V1.MauBaoCaoController (ThucLuc.Api).
2026-04-23 09:48:40.181 +07:00 [INF] Route matched with {action = "GetModuleCatalog", controller = "MauBaoCao"}. Executing controller action with signature System.Threading.Tasks.Task`1[Microsoft.AspNetCore.Mvc.ActionResult`1[ThucLuc.Api.Common.Models.ApiResponse`1[System.Collections.Generic.IReadOnlyCollection`1[ThucLuc.Application.Features.MauBaoCao.MauBaoCaoModuleCatalogGroupDto]]]] GetModuleCatalog(System.Threading.CancellationToken) on controller ThucLuc.Api.Controllers.V1.MauBaoCaoController (ThucLuc.Api).
2026-04-23 09:48:40.185 +07:00 [INF] Executing OkObjectResult, writing value of type 'ThucLuc.Api.Common.Models.ApiResponse`1[[System.Collections.Generic.IReadOnlyCollection`1[[ThucLuc.Application.Features.MauBaoCao.MauBaoCaoModuleCatalogGroupDto, ThucLuc.Application, Version=1.0.0.0, Culture=neutral, PublicKeyToken=null]], System.Private.CoreLib, Version=8.0.0.0, Culture=neutral, PublicKeyToken=7cec85d7bea7798e]]'.
2026-04-23 09:48:40.189 +07:00 [INF] Executed action ThucLuc.Api.Controllers.V1.MauBaoCaoController.GetModuleCatalog (ThucLuc.Api) in 6.7459ms
2026-04-23 09:48:40.191 +07:00 [INF] Executed endpoint 'ThucLuc.Api.Controllers.V1.MauBaoCaoController.GetModuleCatalog (ThucLuc.Api)'
2026-04-23 09:48:40.192 +07:00 [INF] Executing OkObjectResult, writing value of type 'ThucLuc.Api.Common.Models.ApiResponse`1[[System.Collections.Generic.IReadOnlyCollection`1[[ThucLuc.Application.Features.MauBaoCao.MauBaoCaoDto, ThucLuc.Application, Version=1.0.0.0, Culture=neutral, PublicKeyToken=null]], System.Private.CoreLib, Version=8.0.0.0, Culture=neutral, PublicKeyToken=7cec85d7bea7798e]]'.
2026-04-23 09:48:40.192 +07:00 [INF] HTTP GET /api/v1/mau-bao-cao/module-catalog => 200 in 15.8121 ms CorrelationId=02a33de10eaa46d6b6a600929b66c890 UserId=5001
2026-04-23 09:48:40.194 +07:00 [INF] Executed action ThucLuc.Api.Controllers.V1.MauBaoCaoController.GetAll (ThucLuc.Api) in 13.5239ms
2026-04-23 09:48:40.197 +07:00 [INF] HTTP GET /api/v1/mau-bao-cao/module-catalog responded 200 in 20.8907 ms
2026-04-23 09:48:40.199 +07:00 [INF] Executed endpoint 'ThucLuc.Api.Controllers.V1.MauBaoCaoController.GetAll (ThucLuc.Api)'
2026-04-23 09:48:40.202 +07:00 [INF] Request finished HTTP/1.1 GET http://localhost:5283/api/v1/mau-bao-cao/module-catalog - 200 null application/json; charset=utf-8 29.8985ms
2026-04-23 09:48:40.203 +07:00 [INF] HTTP GET /api/v1/mau-bao-cao => 200 in 28.9924 ms CorrelationId=9f4cc7f5dc7c467d9ae8910e798b6c0a UserId=5001
2026-04-23 09:48:40.211 +07:00 [INF] HTTP GET /api/v1/mau-bao-cao responded 200 in 36.9610 ms
2026-04-23 09:48:40.214 +07:00 [INF] Request finished HTTP/1.1 GET http://localhost:5283/api/v1/mau-bao-cao?includeInactive=true - 200 null application/json; charset=utf-8 45.2948ms
2026-04-23 09:48:41.210 +07:00 [INF] Request starting HTTP/1.1 GET http://localhost:5283/api/v1/ky-bao-cao/current - null null
2026-04-23 09:48:41.211 +07:00 [INF] Request starting HTTP/1.1 OPTIONS http://localhost:5283/api/v1/ky-bao-cao - null null
2026-04-23 09:48:41.215 +07:00 [INF] CORS policy execution successful.
2026-04-23 09:48:41.218 +07:00 [INF] CORS policy execution successful.
2026-04-23 09:48:41.219 +07:00 [INF] Executing endpoint 'ThucLuc.Api.Controllers.V1.KyBaoCaoController.GetCurrent (ThucLuc.Api)'
2026-04-23 09:48:41.220 +07:00 [INF] HTTP OPTIONS /api/v1/ky-bao-cao => 204 in 1.6586 ms CorrelationId=db604d60e8854536b2af4b9438ef224a UserId=anonymous
2026-04-23 09:48:41.221 +07:00 [INF] Route matched with {action = "GetCurrent", controller = "KyBaoCao"}. Executing controller action with signature System.Threading.Tasks.Task`1[Microsoft.AspNetCore.Mvc.ActionResult`1[ThucLuc.Api.Common.Models.ApiResponse`1[ThucLuc.Application.Features.KyBaoCao.KyBaoCaoDto]]] GetCurrent(System.Threading.CancellationToken) on controller ThucLuc.Api.Controllers.V1.KyBaoCaoController (ThucLuc.Api).
2026-04-23 09:48:41.222 +07:00 [INF] HTTP OPTIONS /api/v1/ky-bao-cao responded 204 in 4.5120 ms
2026-04-23 09:48:41.228 +07:00 [INF] Request finished HTTP/1.1 OPTIONS http://localhost:5283/api/v1/ky-bao-cao - 204 null null 16.1298ms
2026-04-23 09:48:41.228 +07:00 [INF] Executing OkObjectResult, writing value of type 'ThucLuc.Api.Common.Models.ApiResponse`1[[ThucLuc.Application.Features.KyBaoCao.KyBaoCaoDto, ThucLuc.Application, Version=1.0.0.0, Culture=neutral, PublicKeyToken=null]]'.
2026-04-23 09:48:41.230 +07:00 [INF] Request starting HTTP/1.1 GET http://localhost:5283/api/v1/ky-bao-cao - null null
2026-04-23 09:48:41.232 +07:00 [INF] Executed action ThucLuc.Api.Controllers.V1.KyBaoCaoController.GetCurrent (ThucLuc.Api) in 6.3077ms
2026-04-23 09:48:41.234 +07:00 [INF] CORS policy execution successful.
2026-04-23 09:48:41.236 +07:00 [INF] Executed endpoint 'ThucLuc.Api.Controllers.V1.KyBaoCaoController.GetCurrent (ThucLuc.Api)'
2026-04-23 09:48:41.238 +07:00 [INF] Executing endpoint 'ThucLuc.Api.Controllers.V1.KyBaoCaoController.GetAll (ThucLuc.Api)'
2026-04-23 09:48:41.239 +07:00 [INF] HTTP GET /api/v1/ky-bao-cao/current => 200 in 23.8206 ms CorrelationId=d54c7b91de144096b642d9a349f60a69 UserId=5001
2026-04-23 09:48:41.240 +07:00 [INF] Route matched with {action = "GetAll", controller = "KyBaoCao"}. Executing controller action with signature System.Threading.Tasks.Task`1[Microsoft.AspNetCore.Mvc.ActionResult`1[ThucLuc.Api.Common.Models.ApiResponse`1[System.Collections.Generic.IReadOnlyCollection`1[ThucLuc.Application.Features.KyBaoCao.KyBaoCaoDto]]]] GetAll(System.Threading.CancellationToken) on controller ThucLuc.Api.Controllers.V1.KyBaoCaoController (ThucLuc.Api).
2026-04-23 09:48:41.242 +07:00 [INF] HTTP GET /api/v1/ky-bao-cao/current responded 200 in 27.4344 ms
2026-04-23 09:48:41.246 +07:00 [INF] Executing OkObjectResult, writing value of type 'ThucLuc.Api.Common.Models.ApiResponse`1[[System.Collections.Generic.IReadOnlyCollection`1[[ThucLuc.Application.Features.KyBaoCao.KyBaoCaoDto, ThucLuc.Application, Version=1.0.0.0, Culture=neutral, PublicKeyToken=null]], System.Private.CoreLib, Version=8.0.0.0, Culture=neutral, PublicKeyToken=7cec85d7bea7798e]]'.
2026-04-23 09:48:41.247 +07:00 [INF] Request finished HTTP/1.1 GET http://localhost:5283/api/v1/ky-bao-cao/current - 200 null application/json; charset=utf-8 36.8373ms
2026-04-23 09:48:41.248 +07:00 [INF] Executed action ThucLuc.Api.Controllers.V1.KyBaoCaoController.GetAll (ThucLuc.Api) in 3.8571ms
2026-04-23 09:48:41.252 +07:00 [INF] Executed endpoint 'ThucLuc.Api.Controllers.V1.KyBaoCaoController.GetAll (ThucLuc.Api)'
2026-04-23 09:48:41.255 +07:00 [INF] HTTP GET /api/v1/ky-bao-cao => 200 in 20.4126 ms CorrelationId=cf9f8724862d4c38b351daaa4f84de70 UserId=5001
2026-04-23 09:48:41.257 +07:00 [INF] HTTP GET /api/v1/ky-bao-cao responded 200 in 22.8064 ms
2026-04-23 09:48:41.259 +07:00 [INF] Request finished HTTP/1.1 GET http://localhost:5283/api/v1/ky-bao-cao - 200 null application/json; charset=utf-8 28.808ms
2026-04-23 09:48:41.262 +07:00 [INF] Request starting HTTP/1.1 OPTIONS http://localhost:5283/api/v1/snapshot?kyBaoCaoId=6001 - null null
2026-04-23 09:48:41.264 +07:00 [INF] CORS policy execution successful.
2026-04-23 09:48:41.265 +07:00 [INF] HTTP OPTIONS /api/v1/snapshot => 204 in 0.7831 ms CorrelationId=72279f93985d41b99f127d3b27feb223 UserId=anonymous
2026-04-23 09:48:41.267 +07:00 [INF] HTTP OPTIONS /api/v1/snapshot responded 204 in 2.3466 ms
2026-04-23 09:48:41.269 +07:00 [INF] Request finished HTTP/1.1 OPTIONS http://localhost:5283/api/v1/snapshot?kyBaoCaoId=6001 - 204 null null 6.4314ms
2026-04-23 09:48:41.272 +07:00 [INF] Request starting HTTP/1.1 GET http://localhost:5283/api/v1/snapshot?kyBaoCaoId=6001 - null null
2026-04-23 09:48:41.275 +07:00 [INF] CORS policy execution successful.
2026-04-23 09:48:41.276 +07:00 [INF] Executing endpoint 'ThucLuc.Api.Controllers.V1.BaoCaoSnapshotController.GetByKy (ThucLuc.Api)'
2026-04-23 09:48:41.277 +07:00 [INF] Route matched with {action = "GetByKy", controller = "BaoCaoSnapshot"}. Executing controller action with signature System.Threading.Tasks.Task`1[Microsoft.AspNetCore.Mvc.ActionResult`1[ThucLuc.Api.Common.Models.ApiResponse`1[System.Collections.Generic.IReadOnlyCollection`1[ThucLuc.Application.Features.BaoCaoSnapshot.BaoCaoSnapshotDto]]]] GetByKy(Int64, System.Threading.CancellationToken) on controller ThucLuc.Api.Controllers.V1.BaoCaoSnapshotController (ThucLuc.Api).
2026-04-23 09:48:41.283 +07:00 [INF] Executing OkObjectResult, writing value of type 'ThucLuc.Api.Common.Models.ApiResponse`1[[System.Collections.Generic.IReadOnlyCollection`1[[ThucLuc.Application.Features.BaoCaoSnapshot.BaoCaoSnapshotDto, ThucLuc.Application, Version=1.0.0.0, Culture=neutral, PublicKeyToken=null]], System.Private.CoreLib, Version=8.0.0.0, Culture=neutral, PublicKeyToken=7cec85d7bea7798e]]'.
2026-04-23 09:48:41.285 +07:00 [INF] Executed action ThucLuc.Api.Controllers.V1.BaoCaoSnapshotController.GetByKy (ThucLuc.Api) in 5.3755ms
2026-04-23 09:48:41.286 +07:00 [INF] Executed endpoint 'ThucLuc.Api.Controllers.V1.BaoCaoSnapshotController.GetByKy (ThucLuc.Api)'
2026-04-23 09:48:41.287 +07:00 [INF] HTTP GET /api/v1/snapshot => 200 in 12.58 ms CorrelationId=15495e623add4674999f92842785f88c UserId=5001
2026-04-23 09:48:41.290 +07:00 [INF] HTTP GET /api/v1/snapshot responded 200 in 15.4686 ms
2026-04-23 09:48:41.292 +07:00 [INF] Request finished HTTP/1.1 GET http://localhost:5283/api/v1/snapshot?kyBaoCaoId=6001 - 200 null application/json; charset=utf-8 19.9899ms
2026-04-23 09:50:46.393 +07:00 [INF] Request starting HTTP/1.1 OPTIONS http://localhost:5283/api/v1/mau-bao-cao?includeInactive=true - null null
2026-04-23 09:50:46.393 +07:00 [INF] Request starting HTTP/1.1 OPTIONS http://localhost:5283/api/v1/mau-bao-cao/module-catalog - null null
2026-04-23 09:50:46.396 +07:00 [INF] CORS policy execution successful.
2026-04-23 09:50:46.399 +07:00 [INF] CORS policy execution successful.
2026-04-23 09:50:46.401 +07:00 [INF] HTTP OPTIONS /api/v1/mau-bao-cao => 204 in 4.1444 ms CorrelationId=2e35a7322db94b8bbbcb1b58b3c19106 UserId=anonymous
2026-04-23 09:50:46.401 +07:00 [INF] HTTP OPTIONS /api/v1/mau-bao-cao/module-catalog => 204 in 2.0948 ms CorrelationId=0577b7bac2924fa48dbf24a03579f91a UserId=anonymous
2026-04-23 09:50:46.403 +07:00 [INF] HTTP OPTIONS /api/v1/mau-bao-cao responded 204 in 6.8515 ms
2026-04-23 09:50:46.405 +07:00 [INF] HTTP OPTIONS /api/v1/mau-bao-cao/module-catalog responded 204 in 5.6482 ms
2026-04-23 09:50:46.406 +07:00 [INF] Request finished HTTP/1.1 OPTIONS http://localhost:5283/api/v1/mau-bao-cao?includeInactive=true - 204 null null 13.2665ms
2026-04-23 09:50:46.408 +07:00 [INF] Request finished HTTP/1.1 OPTIONS http://localhost:5283/api/v1/mau-bao-cao/module-catalog - 204 null null 14.9388ms
2026-04-23 09:50:46.410 +07:00 [INF] Request starting HTTP/1.1 GET http://localhost:5283/api/v1/mau-bao-cao?includeInactive=true - null null
2026-04-23 09:50:46.412 +07:00 [INF] Request starting HTTP/1.1 GET http://localhost:5283/api/v1/mau-bao-cao/module-catalog - null null
2026-04-23 09:50:46.415 +07:00 [INF] CORS policy execution successful.
2026-04-23 09:50:46.417 +07:00 [INF] CORS policy execution successful.
2026-04-23 09:50:46.417 +07:00 [INF] Executing endpoint 'ThucLuc.Api.Controllers.V1.MauBaoCaoController.GetAll (ThucLuc.Api)'
2026-04-23 09:50:46.418 +07:00 [INF] Executing endpoint 'ThucLuc.Api.Controllers.V1.MauBaoCaoController.GetModuleCatalog (ThucLuc.Api)'
2026-04-23 09:50:46.419 +07:00 [INF] Route matched with {action = "GetAll", controller = "MauBaoCao"}. Executing controller action with signature System.Threading.Tasks.Task`1[Microsoft.AspNetCore.Mvc.ActionResult`1[ThucLuc.Api.Common.Models.ApiResponse`1[System.Collections.Generic.IReadOnlyCollection`1[ThucLuc.Application.Features.MauBaoCao.MauBaoCaoDto]]]] GetAll(Boolean, System.Threading.CancellationToken) on controller ThucLuc.Api.Controllers.V1.MauBaoCaoController (ThucLuc.Api).
2026-04-23 09:50:46.419 +07:00 [INF] Route matched with {action = "GetModuleCatalog", controller = "MauBaoCao"}. Executing controller action with signature System.Threading.Tasks.Task`1[Microsoft.AspNetCore.Mvc.ActionResult`1[ThucLuc.Api.Common.Models.ApiResponse`1[System.Collections.Generic.IReadOnlyCollection`1[ThucLuc.Application.Features.MauBaoCao.MauBaoCaoModuleCatalogGroupDto]]]] GetModuleCatalog(System.Threading.CancellationToken) on controller ThucLuc.Api.Controllers.V1.MauBaoCaoController (ThucLuc.Api).
2026-04-23 09:50:46.422 +07:00 [INF] Executing OkObjectResult, writing value of type 'ThucLuc.Api.Common.Models.ApiResponse`1[[System.Collections.Generic.IReadOnlyCollection`1[[ThucLuc.Application.Features.MauBaoCao.MauBaoCaoModuleCatalogGroupDto, ThucLuc.Application, Version=1.0.0.0, Culture=neutral, PublicKeyToken=null]], System.Private.CoreLib, Version=8.0.0.0, Culture=neutral, PublicKeyToken=7cec85d7bea7798e]]'.
2026-04-23 09:50:46.423 +07:00 [INF] Executed action ThucLuc.Api.Controllers.V1.MauBaoCaoController.GetModuleCatalog (ThucLuc.Api) in 1.237ms
2026-04-23 09:50:46.424 +07:00 [INF] Executed endpoint 'ThucLuc.Api.Controllers.V1.MauBaoCaoController.GetModuleCatalog (ThucLuc.Api)'
2026-04-23 09:50:46.425 +07:00 [INF] HTTP GET /api/v1/mau-bao-cao/module-catalog => 200 in 8.1412 ms CorrelationId=1e24922aaa37453ab81b1bfd30f2726e UserId=5001
2026-04-23 09:50:46.426 +07:00 [INF] HTTP GET /api/v1/mau-bao-cao/module-catalog responded 200 in 9.4810 ms
2026-04-23 09:50:46.427 +07:00 [INF] Request finished HTTP/1.1 GET http://localhost:5283/api/v1/mau-bao-cao/module-catalog - 200 null application/json; charset=utf-8 14.939ms
2026-04-23 09:50:46.470 +07:00 [INF] Executing OkObjectResult, writing value of type 'ThucLuc.Api.Common.Models.ApiResponse`1[[System.Collections.Generic.IReadOnlyCollection`1[[ThucLuc.Application.Features.MauBaoCao.MauBaoCaoDto, ThucLuc.Application, Version=1.0.0.0, Culture=neutral, PublicKeyToken=null]], System.Private.CoreLib, Version=8.0.0.0, Culture=neutral, PublicKeyToken=7cec85d7bea7798e]]'.
2026-04-23 09:50:46.471 +07:00 [INF] Executed action ThucLuc.Api.Controllers.V1.MauBaoCaoController.GetAll (ThucLuc.Api) in 50.6073ms
2026-04-23 09:50:46.472 +07:00 [INF] Executed endpoint 'ThucLuc.Api.Controllers.V1.MauBaoCaoController.GetAll (ThucLuc.Api)'
2026-04-23 09:50:46.473 +07:00 [INF] HTTP GET /api/v1/mau-bao-cao => 200 in 57.973 ms CorrelationId=1a4b9f8763c74a29a93a8ea6dc1745ce UserId=5001
2026-04-23 09:50:46.474 +07:00 [INF] HTTP GET /api/v1/mau-bao-cao responded 200 in 59.2620 ms
2026-04-23 09:50:46.475 +07:00 [INF] Request finished HTTP/1.1 GET http://localhost:5283/api/v1/mau-bao-cao?includeInactive=true - 200 null application/json; charset=utf-8 64.3962ms
2026-04-23 09:50:47.985 +07:00 [INF] Request starting HTTP/1.1 OPTIONS http://localhost:5283/api/v1/ky-bao-cao/current - null null
2026-04-23 09:50:47.985 +07:00 [INF] Request starting HTTP/1.1 OPTIONS http://localhost:5283/api/v1/ky-bao-cao - null null
2026-04-23 09:50:47.987 +07:00 [INF] CORS policy execution successful.
2026-04-23 09:50:47.989 +07:00 [INF] CORS policy execution successful.
2026-04-23 09:50:47.989 +07:00 [INF] HTTP OPTIONS /api/v1/ky-bao-cao/current => 204 in 2.1841 ms CorrelationId=67fc91af19394ef48f6e6205b293c2be UserId=anonymous
2026-04-23 09:50:47.991 +07:00 [INF] HTTP OPTIONS /api/v1/ky-bao-cao => 204 in 1.6668 ms CorrelationId=7f75bfac56454808affa0797b74e4622 UserId=anonymous
2026-04-23 09:50:47.992 +07:00 [INF] HTTP OPTIONS /api/v1/ky-bao-cao/current responded 204 in 4.8836 ms
2026-04-23 09:50:47.995 +07:00 [INF] HTTP OPTIONS /api/v1/ky-bao-cao responded 204 in 6.0339 ms
2026-04-23 09:50:47.996 +07:00 [INF] Request finished HTTP/1.1 OPTIONS http://localhost:5283/api/v1/ky-bao-cao/current - 204 null null 11.8011ms
2026-04-23 09:50:47.998 +07:00 [INF] Request finished HTTP/1.1 OPTIONS http://localhost:5283/api/v1/ky-bao-cao - 204 null null 13.59ms
2026-04-23 09:50:48.001 +07:00 [INF] Request starting HTTP/1.1 GET http://localhost:5283/api/v1/ky-bao-cao/current - null null
2026-04-23 09:50:48.003 +07:00 [INF] Request starting HTTP/1.1 GET http://localhost:5283/api/v1/ky-bao-cao - null null
2026-04-23 09:50:48.005 +07:00 [INF] CORS policy execution successful.
2026-04-23 09:50:48.007 +07:00 [INF] CORS policy execution successful.
2026-04-23 09:50:48.008 +07:00 [INF] Executing endpoint 'ThucLuc.Api.Controllers.V1.KyBaoCaoController.GetCurrent (ThucLuc.Api)'
2026-04-23 09:50:48.009 +07:00 [INF] Executing endpoint 'ThucLuc.Api.Controllers.V1.KyBaoCaoController.GetAll (ThucLuc.Api)'
2026-04-23 09:50:48.009 +07:00 [INF] Route matched with {action = "GetCurrent", controller = "KyBaoCao"}. Executing controller action with signature System.Threading.Tasks.Task`1[Microsoft.AspNetCore.Mvc.ActionResult`1[ThucLuc.Api.Common.Models.ApiResponse`1[ThucLuc.Application.Features.KyBaoCao.KyBaoCaoDto]]] GetCurrent(System.Threading.CancellationToken) on controller ThucLuc.Api.Controllers.V1.KyBaoCaoController (ThucLuc.Api).
2026-04-23 09:50:48.010 +07:00 [INF] Route matched with {action = "GetAll", controller = "KyBaoCao"}. Executing controller action with signature System.Threading.Tasks.Task`1[Microsoft.AspNetCore.Mvc.ActionResult`1[ThucLuc.Api.Common.Models.ApiResponse`1[System.Collections.Generic.IReadOnlyCollection`1[ThucLuc.Application.Features.KyBaoCao.KyBaoCaoDto]]]] GetAll(System.Threading.CancellationToken) on controller ThucLuc.Api.Controllers.V1.KyBaoCaoController (ThucLuc.Api).
2026-04-23 09:50:48.057 +07:00 [INF] Executing OkObjectResult, writing value of type 'ThucLuc.Api.Common.Models.ApiResponse`1[[System.Collections.Generic.IReadOnlyCollection`1[[ThucLuc.Application.Features.KyBaoCao.KyBaoCaoDto, ThucLuc.Application, Version=1.0.0.0, Culture=neutral, PublicKeyToken=null]], System.Private.CoreLib, Version=8.0.0.0, Culture=neutral, PublicKeyToken=7cec85d7bea7798e]]'.
2026-04-23 09:50:48.057 +07:00 [INF] Executing OkObjectResult, writing value of type 'ThucLuc.Api.Common.Models.ApiResponse`1[[ThucLuc.Application.Features.KyBaoCao.KyBaoCaoDto, ThucLuc.Application, Version=1.0.0.0, Culture=neutral, PublicKeyToken=null]]'.
2026-04-23 09:50:48.058 +07:00 [INF] Executed action ThucLuc.Api.Controllers.V1.KyBaoCaoController.GetAll (ThucLuc.Api) in 46.0891ms
2026-04-23 09:50:48.060 +07:00 [INF] Executed action ThucLuc.Api.Controllers.V1.KyBaoCaoController.GetCurrent (ThucLuc.Api) in 48.742ms
2026-04-23 09:50:48.061 +07:00 [INF] Executed endpoint 'ThucLuc.Api.Controllers.V1.KyBaoCaoController.GetAll (ThucLuc.Api)'
2026-04-23 09:50:48.062 +07:00 [INF] Executed endpoint 'ThucLuc.Api.Controllers.V1.KyBaoCaoController.GetCurrent (ThucLuc.Api)'
2026-04-23 09:50:48.063 +07:00 [INF] HTTP GET /api/v1/ky-bao-cao => 200 in 55.8546 ms CorrelationId=329ee48ea6bb49118732a5e37504d352 UserId=5001
2026-04-23 09:50:48.065 +07:00 [INF] HTTP GET /api/v1/ky-bao-cao/current => 200 in 59.6556 ms CorrelationId=c2419a0953af47a586ec913fb5734e29 UserId=5001
2026-04-23 09:50:48.066 +07:00 [INF] HTTP GET /api/v1/ky-bao-cao responded 200 in 59.1409 ms
2026-04-23 09:50:48.069 +07:00 [INF] HTTP GET /api/v1/ky-bao-cao/current responded 200 in 63.4233 ms
2026-04-23 09:50:48.071 +07:00 [INF] Request finished HTTP/1.1 GET http://localhost:5283/api/v1/ky-bao-cao - 200 null application/json; charset=utf-8 67.6137ms
2026-04-23 09:50:48.072 +07:00 [INF] Request finished HTTP/1.1 GET http://localhost:5283/api/v1/ky-bao-cao/current - 200 null application/json; charset=utf-8 71.4428ms
2026-04-23 09:50:48.078 +07:00 [INF] Request starting HTTP/1.1 OPTIONS http://localhost:5283/api/v1/snapshot?kyBaoCaoId=6001 - null null
2026-04-23 09:50:48.080 +07:00 [INF] CORS policy execution successful.
2026-04-23 09:50:48.081 +07:00 [INF] HTTP OPTIONS /api/v1/snapshot => 204 in 1.102 ms CorrelationId=06ac3008fc1e40df9e40eb039db1c655 UserId=anonymous
2026-04-23 09:50:48.083 +07:00 [INF] HTTP OPTIONS /api/v1/snapshot responded 204 in 2.8583 ms
2026-04-23 09:50:48.085 +07:00 [INF] Request finished HTTP/1.1 OPTIONS http://localhost:5283/api/v1/snapshot?kyBaoCaoId=6001 - 204 null null 7.3856ms
2026-04-23 09:50:48.088 +07:00 [INF] Request starting HTTP/1.1 GET http://localhost:5283/api/v1/snapshot?kyBaoCaoId=6001 - null null
2026-04-23 09:50:48.091 +07:00 [INF] CORS policy execution successful.
2026-04-23 09:50:48.093 +07:00 [INF] Executing endpoint 'ThucLuc.Api.Controllers.V1.BaoCaoSnapshotController.GetByKy (ThucLuc.Api)'
2026-04-23 09:50:48.094 +07:00 [INF] Route matched with {action = "GetByKy", controller = "BaoCaoSnapshot"}. Executing controller action with signature System.Threading.Tasks.Task`1[Microsoft.AspNetCore.Mvc.ActionResult`1[ThucLuc.Api.Common.Models.ApiResponse`1[System.Collections.Generic.IReadOnlyCollection`1[ThucLuc.Application.Features.BaoCaoSnapshot.BaoCaoSnapshotDto]]]] GetByKy(Int64, System.Threading.CancellationToken) on controller ThucLuc.Api.Controllers.V1.BaoCaoSnapshotController (ThucLuc.Api).
2026-04-23 09:50:48.142 +07:00 [INF] Executing OkObjectResult, writing value of type 'ThucLuc.Api.Common.Models.ApiResponse`1[[System.Collections.Generic.IReadOnlyCollection`1[[ThucLuc.Application.Features.BaoCaoSnapshot.BaoCaoSnapshotDto, ThucLuc.Application, Version=1.0.0.0, Culture=neutral, PublicKeyToken=null]], System.Private.CoreLib, Version=8.0.0.0, Culture=neutral, PublicKeyToken=7cec85d7bea7798e]]'.
2026-04-23 09:50:48.144 +07:00 [INF] Executed action ThucLuc.Api.Controllers.V1.BaoCaoSnapshotController.GetByKy (ThucLuc.Api) in 47.6532ms
2026-04-23 09:50:48.145 +07:00 [INF] Executed endpoint 'ThucLuc.Api.Controllers.V1.BaoCaoSnapshotController.GetByKy (ThucLuc.Api)'
2026-04-23 09:50:48.146 +07:00 [INF] HTTP GET /api/v1/snapshot => 200 in 54.2296 ms CorrelationId=3ef8c322a508430ea1e91f04f680994b UserId=5001
2026-04-23 09:50:48.148 +07:00 [INF] HTTP GET /api/v1/snapshot responded 200 in 56.6133 ms
2026-04-23 09:50:48.149 +07:00 [INF] Request finished HTTP/1.1 GET http://localhost:5283/api/v1/snapshot?kyBaoCaoId=6001 - 200 null application/json; charset=utf-8 60.8434ms
2026-04-23 09:51:05.135 +07:00 [INF] Request starting HTTP/1.1 OPTIONS http://localhost:5283/api/v1/mau-bao-cao/module-catalog - null null
2026-04-23 09:51:05.135 +07:00 [INF] Request starting HTTP/1.1 OPTIONS http://localhost:5283/api/v1/mau-bao-cao?includeInactive=true - null null
2026-04-23 09:51:05.138 +07:00 [INF] CORS policy execution successful.
2026-04-23 09:51:05.140 +07:00 [INF] CORS policy execution successful.
2026-04-23 09:51:05.141 +07:00 [INF] HTTP OPTIONS /api/v1/mau-bao-cao/module-catalog => 204 in 3.3092 ms CorrelationId=9822e26bed37437a81a03ae42287d725 UserId=anonymous
2026-04-23 09:51:05.142 +07:00 [INF] HTTP OPTIONS /api/v1/mau-bao-cao => 204 in 1.8811 ms CorrelationId=04e9396c28e74f0692868f0d5e205d99 UserId=anonymous
2026-04-23 09:51:05.144 +07:00 [INF] HTTP OPTIONS /api/v1/mau-bao-cao/module-catalog responded 204 in 5.9869 ms
2026-04-23 09:51:05.146 +07:00 [INF] HTTP OPTIONS /api/v1/mau-bao-cao responded 204 in 6.0165 ms
2026-04-23 09:51:05.148 +07:00 [INF] Request finished HTTP/1.1 OPTIONS http://localhost:5283/api/v1/mau-bao-cao/module-catalog - 204 null null 13.8695ms
2026-04-23 09:51:05.150 +07:00 [INF] Request finished HTTP/1.1 OPTIONS http://localhost:5283/api/v1/mau-bao-cao?includeInactive=true - 204 null null 15.4317ms
2026-04-23 09:51:05.153 +07:00 [INF] Request starting HTTP/1.1 GET http://localhost:5283/api/v1/mau-bao-cao/module-catalog - null null
2026-04-23 09:51:05.156 +07:00 [INF] Request starting HTTP/1.1 GET http://localhost:5283/api/v1/mau-bao-cao?includeInactive=true - null null
2026-04-23 09:51:05.158 +07:00 [INF] CORS policy execution successful.
2026-04-23 09:51:05.160 +07:00 [INF] CORS policy execution successful.
2026-04-23 09:51:05.161 +07:00 [INF] Executing endpoint 'ThucLuc.Api.Controllers.V1.MauBaoCaoController.GetModuleCatalog (ThucLuc.Api)'
2026-04-23 09:51:05.162 +07:00 [INF] Executing endpoint 'ThucLuc.Api.Controllers.V1.MauBaoCaoController.GetAll (ThucLuc.Api)'
2026-04-23 09:51:05.164 +07:00 [INF] Route matched with {action = "GetModuleCatalog", controller = "MauBaoCao"}. Executing controller action with signature System.Threading.Tasks.Task`1[Microsoft.AspNetCore.Mvc.ActionResult`1[ThucLuc.Api.Common.Models.ApiResponse`1[System.Collections.Generic.IReadOnlyCollection`1[ThucLuc.Application.Features.MauBaoCao.MauBaoCaoModuleCatalogGroupDto]]]] GetModuleCatalog(System.Threading.CancellationToken) on controller ThucLuc.Api.Controllers.V1.MauBaoCaoController (ThucLuc.Api).
2026-04-23 09:51:05.165 +07:00 [INF] Route matched with {action = "GetAll", controller = "MauBaoCao"}. Executing controller action with signature System.Threading.Tasks.Task`1[Microsoft.AspNetCore.Mvc.ActionResult`1[ThucLuc.Api.Common.Models.ApiResponse`1[System.Collections.Generic.IReadOnlyCollection`1[ThucLuc.Application.Features.MauBaoCao.MauBaoCaoDto]]]] GetAll(Boolean, System.Threading.CancellationToken) on controller ThucLuc.Api.Controllers.V1.MauBaoCaoController (ThucLuc.Api).
2026-04-23 09:51:05.166 +07:00 [INF] Executing OkObjectResult, writing value of type 'ThucLuc.Api.Common.Models.ApiResponse`1[[System.Collections.Generic.IReadOnlyCollection`1[[ThucLuc.Application.Features.MauBaoCao.MauBaoCaoModuleCatalogGroupDto, ThucLuc.Application, Version=1.0.0.0, Culture=neutral, PublicKeyToken=null]], System.Private.CoreLib, Version=8.0.0.0, Culture=neutral, PublicKeyToken=7cec85d7bea7798e]]'.
2026-04-23 09:51:05.169 +07:00 [INF] Executed action ThucLuc.Api.Controllers.V1.MauBaoCaoController.GetModuleCatalog (ThucLuc.Api) in 2.8445ms
2026-04-23 09:51:05.171 +07:00 [INF] Executed endpoint 'ThucLuc.Api.Controllers.V1.MauBaoCaoController.GetModuleCatalog (ThucLuc.Api)'
2026-04-23 09:51:05.172 +07:00 [INF] HTTP GET /api/v1/mau-bao-cao/module-catalog => 200 in 13.8976 ms CorrelationId=4a1b779979c3435ba52c14cbdf71c2eb UserId=5001
2026-04-23 09:51:05.174 +07:00 [INF] HTTP GET /api/v1/mau-bao-cao/module-catalog responded 200 in 15.7302 ms
2026-04-23 09:51:05.175 +07:00 [INF] Request finished HTTP/1.1 GET http://localhost:5283/api/v1/mau-bao-cao/module-catalog - 200 null application/json; charset=utf-8 22.6525ms
2026-04-23 09:51:05.220 +07:00 [INF] Executing OkObjectResult, writing value of type 'ThucLuc.Api.Common.Models.ApiResponse`1[[System.Collections.Generic.IReadOnlyCollection`1[[ThucLuc.Application.Features.MauBaoCao.MauBaoCaoDto, ThucLuc.Application, Version=1.0.0.0, Culture=neutral, PublicKeyToken=null]], System.Private.CoreLib, Version=8.0.0.0, Culture=neutral, PublicKeyToken=7cec85d7bea7798e]]'.
2026-04-23 09:51:05.222 +07:00 [INF] Executed action ThucLuc.Api.Controllers.V1.MauBaoCaoController.GetAll (ThucLuc.Api) in 54.0551ms
2026-04-23 09:51:05.224 +07:00 [INF] Executed endpoint 'ThucLuc.Api.Controllers.V1.MauBaoCaoController.GetAll (ThucLuc.Api)'
2026-04-23 09:51:05.226 +07:00 [INF] HTTP GET /api/v1/mau-bao-cao => 200 in 65.3466 ms CorrelationId=6ce464090dc8440bab8fdbe0fb2a54d9 UserId=5001
2026-04-23 09:51:05.228 +07:00 [INF] HTTP GET /api/v1/mau-bao-cao responded 200 in 67.7906 ms
2026-04-23 09:51:05.232 +07:00 [INF] Request finished HTTP/1.1 GET http://localhost:5283/api/v1/mau-bao-cao?includeInactive=true - 200 null application/json; charset=utf-8 75.4538ms
2026-04-23 09:51:20.218 +07:00 [INF] Request starting HTTP/1.1 OPTIONS http://localhost:5283/api/v1/ky-bao-cao/current - null null
2026-04-23 09:51:20.219 +07:00 [INF] Request starting HTTP/1.1 OPTIONS http://localhost:5283/api/v1/ky-bao-cao - null null
2026-04-23 09:51:20.219 +07:00 [INF] Request starting HTTP/1.1 OPTIONS http://localhost:5283/api/v1/mau-bao-cao?includeInactive=false - null null
2026-04-23 09:51:20.225 +07:00 [INF] CORS policy execution successful.
2026-04-23 09:51:20.228 +07:00 [INF] CORS policy execution successful.
2026-04-23 09:51:20.232 +07:00 [INF] CORS policy execution successful.
2026-04-23 09:51:20.234 +07:00 [INF] HTTP OPTIONS /api/v1/ky-bao-cao/current => 204 in 8.5889 ms CorrelationId=3edf6a3fdaac4e1399ba646eea673c38 UserId=anonymous
2026-04-23 09:51:20.238 +07:00 [INF] HTTP OPTIONS /api/v1/ky-bao-cao => 204 in 10.2289 ms CorrelationId=041ea78c182042ad86e94e8c2ef37eea UserId=anonymous
2026-04-23 09:51:20.240 +07:00 [INF] HTTP OPTIONS /api/v1/mau-bao-cao => 204 in 8.0483 ms CorrelationId=f55736d1632f4a249b8e0f76060d31bb UserId=anonymous
2026-04-23 09:51:20.243 +07:00 [INF] HTTP OPTIONS /api/v1/ky-bao-cao/current responded 204 in 17.5602 ms
2026-04-23 09:51:20.244 +07:00 [INF] HTTP OPTIONS /api/v1/ky-bao-cao responded 204 in 16.0402 ms
2026-04-23 09:51:20.247 +07:00 [INF] HTTP OPTIONS /api/v1/mau-bao-cao responded 204 in 14.9777 ms
2026-04-23 09:51:20.249 +07:00 [INF] Request finished HTTP/1.1 OPTIONS http://localhost:5283/api/v1/ky-bao-cao/current - 204 null null 30.522ms
2026-04-23 09:51:20.251 +07:00 [INF] Request finished HTTP/1.1 OPTIONS http://localhost:5283/api/v1/ky-bao-cao - 204 null null 31.8933ms
2026-04-23 09:51:20.252 +07:00 [INF] Request finished HTTP/1.1 OPTIONS http://localhost:5283/api/v1/mau-bao-cao?includeInactive=false - 204 null null 33.0328ms
2026-04-23 09:51:20.256 +07:00 [INF] Request starting HTTP/1.1 GET http://localhost:5283/api/v1/ky-bao-cao/current - null null
2026-04-23 09:51:20.260 +07:00 [INF] Request starting HTTP/1.1 GET http://localhost:5283/api/v1/ky-bao-cao - null null
2026-04-23 09:51:20.264 +07:00 [INF] Request starting HTTP/1.1 GET http://localhost:5283/api/v1/mau-bao-cao?includeInactive=false - null null
2026-04-23 09:51:20.267 +07:00 [INF] CORS policy execution successful.
2026-04-23 09:51:20.269 +07:00 [INF] CORS policy execution successful.
2026-04-23 09:51:20.273 +07:00 [INF] CORS policy execution successful.
2026-04-23 09:51:20.274 +07:00 [INF] Executing endpoint 'ThucLuc.Api.Controllers.V1.KyBaoCaoController.GetCurrent (ThucLuc.Api)'
2026-04-23 09:51:20.275 +07:00 [INF] Executing endpoint 'ThucLuc.Api.Controllers.V1.KyBaoCaoController.GetAll (ThucLuc.Api)'
2026-04-23 09:51:20.276 +07:00 [INF] Executing endpoint 'ThucLuc.Api.Controllers.V1.MauBaoCaoController.GetAll (ThucLuc.Api)'
2026-04-23 09:51:20.277 +07:00 [INF] Route matched with {action = "GetCurrent", controller = "KyBaoCao"}. Executing controller action with signature System.Threading.Tasks.Task`1[Microsoft.AspNetCore.Mvc.ActionResult`1[ThucLuc.Api.Common.Models.ApiResponse`1[ThucLuc.Application.Features.KyBaoCao.KyBaoCaoDto]]] GetCurrent(System.Threading.CancellationToken) on controller ThucLuc.Api.Controllers.V1.KyBaoCaoController (ThucLuc.Api).
2026-04-23 09:51:20.278 +07:00 [INF] Route matched with {action = "GetAll", controller = "KyBaoCao"}. Executing controller action with signature System.Threading.Tasks.Task`1[Microsoft.AspNetCore.Mvc.ActionResult`1[ThucLuc.Api.Common.Models.ApiResponse`1[System.Collections.Generic.IReadOnlyCollection`1[ThucLuc.Application.Features.KyBaoCao.KyBaoCaoDto]]]] GetAll(System.Threading.CancellationToken) on controller ThucLuc.Api.Controllers.V1.KyBaoCaoController (ThucLuc.Api).
2026-04-23 09:51:20.281 +07:00 [INF] Route matched with {action = "GetAll", controller = "MauBaoCao"}. Executing controller action with signature System.Threading.Tasks.Task`1[Microsoft.AspNetCore.Mvc.ActionResult`1[ThucLuc.Api.Common.Models.ApiResponse`1[System.Collections.Generic.IReadOnlyCollection`1[ThucLuc.Application.Features.MauBaoCao.MauBaoCaoDto]]]] GetAll(Boolean, System.Threading.CancellationToken) on controller ThucLuc.Api.Controllers.V1.MauBaoCaoController (ThucLuc.Api).
2026-04-23 09:51:20.327 +07:00 [INF] Executing OkObjectResult, writing value of type 'ThucLuc.Api.Common.Models.ApiResponse`1[[ThucLuc.Application.Features.KyBaoCao.KyBaoCaoDto, ThucLuc.Application, Version=1.0.0.0, Culture=neutral, PublicKeyToken=null]]'.
2026-04-23 09:51:20.328 +07:00 [INF] Executing OkObjectResult, writing value of type 'ThucLuc.Api.Common.Models.ApiResponse`1[[System.Collections.Generic.IReadOnlyCollection`1[[ThucLuc.Application.Features.KyBaoCao.KyBaoCaoDto, ThucLuc.Application, Version=1.0.0.0, Culture=neutral, PublicKeyToken=null]], System.Private.CoreLib, Version=8.0.0.0, Culture=neutral, PublicKeyToken=7cec85d7bea7798e]]'.
2026-04-23 09:51:20.330 +07:00 [INF] Executed action ThucLuc.Api.Controllers.V1.KyBaoCaoController.GetCurrent (ThucLuc.Api) in 47.1985ms
2026-04-23 09:51:20.331 +07:00 [INF] Executed action ThucLuc.Api.Controllers.V1.KyBaoCaoController.GetAll (ThucLuc.Api) in 46.8092ms
2026-04-23 09:51:20.333 +07:00 [INF] Executed endpoint 'ThucLuc.Api.Controllers.V1.KyBaoCaoController.GetCurrent (ThucLuc.Api)'
2026-04-23 09:51:20.334 +07:00 [INF] Executed endpoint 'ThucLuc.Api.Controllers.V1.KyBaoCaoController.GetAll (ThucLuc.Api)'
2026-04-23 09:51:20.335 +07:00 [INF] HTTP GET /api/v1/ky-bao-cao/current => 200 in 67.9439 ms CorrelationId=9f9d517637f3499c9c980e8344503d09 UserId=5001
2026-04-23 09:51:20.336 +07:00 [INF] Executing OkObjectResult, writing value of type 'ThucLuc.Api.Common.Models.ApiResponse`1[[System.Collections.Generic.IReadOnlyCollection`1[[ThucLuc.Application.Features.MauBaoCao.MauBaoCaoDto, ThucLuc.Application, Version=1.0.0.0, Culture=neutral, PublicKeyToken=null]], System.Private.CoreLib, Version=8.0.0.0, Culture=neutral, PublicKeyToken=7cec85d7bea7798e]]'.
2026-04-23 09:51:20.336 +07:00 [INF] HTTP GET /api/v1/ky-bao-cao => 200 in 66.6388 ms CorrelationId=d1e238a0bacc4965a602823b3a6a686a UserId=5001
2026-04-23 09:51:20.338 +07:00 [INF] HTTP GET /api/v1/ky-bao-cao/current responded 200 in 71.2322 ms
2026-04-23 09:51:20.340 +07:00 [INF] Executed action ThucLuc.Api.Controllers.V1.MauBaoCaoController.GetAll (ThucLuc.Api) in 52.869ms
2026-04-23 09:51:20.345 +07:00 [INF] Executed endpoint 'ThucLuc.Api.Controllers.V1.MauBaoCaoController.GetAll (ThucLuc.Api)'
2026-04-23 09:51:20.343 +07:00 [INF] Request finished HTTP/1.1 GET http://localhost:5283/api/v1/ky-bao-cao/current - 200 null application/json; charset=utf-8 86.8632ms
2026-04-23 09:51:20.342 +07:00 [INF] HTTP GET /api/v1/ky-bao-cao responded 200 in 72.4551 ms
2026-04-23 09:51:20.347 +07:00 [INF] HTTP GET /api/v1/mau-bao-cao => 200 in 74.3876 ms CorrelationId=7bd31b797f4b4fa2a974836d45f68adf UserId=5001
2026-04-23 09:51:20.356 +07:00 [INF] Request finished HTTP/1.1 GET http://localhost:5283/api/v1/ky-bao-cao - 200 null application/json; charset=utf-8 96.0709ms
2026-04-23 09:51:20.359 +07:00 [INF] HTTP GET /api/v1/mau-bao-cao responded 200 in 86.0303 ms
2026-04-23 09:51:20.370 +07:00 [INF] Request finished HTTP/1.1 GET http://localhost:5283/api/v1/mau-bao-cao?includeInactive=false - 200 null application/json; charset=utf-8 105.9079ms
2026-04-23 09:51:20.372 +07:00 [INF] Request starting HTTP/1.1 OPTIONS http://localhost:5283/api/v1/ky-bao-cao/6003/tien-do - null null
2026-04-23 09:51:20.372 +07:00 [INF] Request starting HTTP/1.1 OPTIONS http://localhost:5283/api/v1/ky-bao-cao/6002/tien-do - null null
2026-04-23 09:51:20.376 +07:00 [INF] Request starting HTTP/1.1 OPTIONS http://localhost:5283/api/v1/ky-bao-cao/6001/tien-do - null null
2026-04-23 09:51:20.380 +07:00 [INF] CORS policy execution successful.
2026-04-23 09:51:20.384 +07:00 [INF] CORS policy execution successful.
2026-04-23 09:51:20.387 +07:00 [INF] CORS policy execution successful.
2026-04-23 09:51:20.389 +07:00 [INF] HTTP OPTIONS /api/v1/ky-bao-cao/6003/tien-do => 204 in 8.8695 ms CorrelationId=51aa296dc4214dd3a53c9d7974d5abec UserId=anonymous
2026-04-23 09:51:20.390 +07:00 [INF] HTTP OPTIONS /api/v1/ky-bao-cao/6002/tien-do => 204 in 6.1662 ms CorrelationId=9e5cf303e33348bf92f5fe21534e8eae UserId=anonymous
2026-04-23 09:51:20.391 +07:00 [INF] HTTP OPTIONS /api/v1/ky-bao-cao/6001/tien-do => 204 in 3.5575 ms CorrelationId=e397bb634a1447b58941c14e4075b50e UserId=anonymous
2026-04-23 09:51:20.393 +07:00 [INF] HTTP OPTIONS /api/v1/ky-bao-cao/6003/tien-do responded 204 in 13.4009 ms
2026-04-23 09:51:20.396 +07:00 [INF] HTTP OPTIONS /api/v1/ky-bao-cao/6002/tien-do responded 204 in 12.5935 ms
2026-04-23 09:51:20.400 +07:00 [INF] HTTP OPTIONS /api/v1/ky-bao-cao/6001/tien-do responded 204 in 12.3566 ms
2026-04-23 09:51:20.401 +07:00 [INF] Request finished HTTP/1.1 OPTIONS http://localhost:5283/api/v1/ky-bao-cao/6003/tien-do - 204 null null 29.1085ms
2026-04-23 09:51:20.404 +07:00 [INF] Request finished HTTP/1.1 OPTIONS http://localhost:5283/api/v1/ky-bao-cao/6002/tien-do - 204 null null 31.5132ms
2026-04-23 09:51:20.407 +07:00 [INF] Request finished HTTP/1.1 OPTIONS http://localhost:5283/api/v1/ky-bao-cao/6001/tien-do - 204 null null 30.8265ms
2026-04-23 09:51:20.411 +07:00 [INF] Request starting HTTP/1.1 GET http://localhost:5283/api/v1/ky-bao-cao/6003/tien-do - null null
2026-04-23 09:51:20.416 +07:00 [INF] Request starting HTTP/1.1 GET http://localhost:5283/api/v1/ky-bao-cao/6002/tien-do - null null
2026-04-23 09:51:20.420 +07:00 [INF] Request starting HTTP/1.1 GET http://localhost:5283/api/v1/ky-bao-cao/6001/tien-do - null null
2026-04-23 09:51:20.423 +07:00 [INF] CORS policy execution successful.
2026-04-23 09:51:20.426 +07:00 [INF] CORS policy execution successful.
2026-04-23 09:51:20.430 +07:00 [INF] CORS policy execution successful.
2026-04-23 09:51:20.431 +07:00 [INF] Executing endpoint 'ThucLuc.Api.Controllers.V1.KyBaoCaoController.GetTienDo (ThucLuc.Api)'
2026-04-23 09:51:20.433 +07:00 [INF] Executing endpoint 'ThucLuc.Api.Controllers.V1.KyBaoCaoController.GetTienDo (ThucLuc.Api)'
2026-04-23 09:51:20.434 +07:00 [INF] Executing endpoint 'ThucLuc.Api.Controllers.V1.KyBaoCaoController.GetTienDo (ThucLuc.Api)'
2026-04-23 09:51:20.435 +07:00 [INF] Route matched with {action = "GetTienDo", controller = "KyBaoCao"}. Executing controller action with signature System.Threading.Tasks.Task`1[Microsoft.AspNetCore.Mvc.ActionResult`1[ThucLuc.Api.Common.Models.ApiResponse`1[ThucLuc.Application.Features.KyBaoCao.KyBaoCaoTienDoDto]]] GetTienDo(Int64, System.Threading.CancellationToken) on controller ThucLuc.Api.Controllers.V1.KyBaoCaoController (ThucLuc.Api).
2026-04-23 09:51:20.437 +07:00 [INF] Route matched with {action = "GetTienDo", controller = "KyBaoCao"}. Executing controller action with signature System.Threading.Tasks.Task`1[Microsoft.AspNetCore.Mvc.ActionResult`1[ThucLuc.Api.Common.Models.ApiResponse`1[ThucLuc.Application.Features.KyBaoCao.KyBaoCaoTienDoDto]]] GetTienDo(Int64, System.Threading.CancellationToken) on controller ThucLuc.Api.Controllers.V1.KyBaoCaoController (ThucLuc.Api).
2026-04-23 09:51:20.439 +07:00 [INF] Route matched with {action = "GetTienDo", controller = "KyBaoCao"}. Executing controller action with signature System.Threading.Tasks.Task`1[Microsoft.AspNetCore.Mvc.ActionResult`1[ThucLuc.Api.Common.Models.ApiResponse`1[ThucLuc.Application.Features.KyBaoCao.KyBaoCaoTienDoDto]]] GetTienDo(Int64, System.Threading.CancellationToken) on controller ThucLuc.Api.Controllers.V1.KyBaoCaoController (ThucLuc.Api).
2026-04-23 09:51:20.489 +07:00 [INF] Executing OkObjectResult, writing value of type 'ThucLuc.Api.Common.Models.ApiResponse`1[[ThucLuc.Application.Features.KyBaoCao.KyBaoCaoTienDoDto, ThucLuc.Application, Version=1.0.0.0, Culture=neutral, PublicKeyToken=null]]'.
2026-04-23 09:51:20.489 +07:00 [INF] Executing OkObjectResult, writing value of type 'ThucLuc.Api.Common.Models.ApiResponse`1[[ThucLuc.Application.Features.KyBaoCao.KyBaoCaoTienDoDto, ThucLuc.Application, Version=1.0.0.0, Culture=neutral, PublicKeyToken=null]]'.
2026-04-23 09:51:20.491 +07:00 [INF] Executed action ThucLuc.Api.Controllers.V1.KyBaoCaoController.GetTienDo (ThucLuc.Api) in 49.4897ms
2026-04-23 09:51:20.492 +07:00 [INF] Executed action ThucLuc.Api.Controllers.V1.KyBaoCaoController.GetTienDo (ThucLuc.Api) in 48.5222ms
2026-04-23 09:51:20.492 +07:00 [INF] Executing OkObjectResult, writing value of type 'ThucLuc.Api.Common.Models.ApiResponse`1[[ThucLuc.Application.Features.KyBaoCao.KyBaoCaoTienDoDto, ThucLuc.Application, Version=1.0.0.0, Culture=neutral, PublicKeyToken=null]]'.
2026-04-23 09:51:20.493 +07:00 [INF] Executed endpoint 'ThucLuc.Api.Controllers.V1.KyBaoCaoController.GetTienDo (ThucLuc.Api)'
2026-04-23 09:51:20.494 +07:00 [INF] Executed endpoint 'ThucLuc.Api.Controllers.V1.KyBaoCaoController.GetTienDo (ThucLuc.Api)'
2026-04-23 09:51:20.496 +07:00 [INF] Executed action ThucLuc.Api.Controllers.V1.KyBaoCaoController.GetTienDo (ThucLuc.Api) in 50.7682ms
2026-04-23 09:51:20.497 +07:00 [INF] HTTP GET /api/v1/ky-bao-cao/6003/tien-do => 200 in 74.1341 ms CorrelationId=df166eb5b3b1483984228212e45370ee UserId=5001
2026-04-23 09:51:20.499 +07:00 [INF] HTTP GET /api/v1/ky-bao-cao/6002/tien-do => 200 in 72.4065 ms CorrelationId=7f82f0fb7a884067a4d5e8114c21e150 UserId=5001
2026-04-23 09:51:20.500 +07:00 [INF] Executed endpoint 'ThucLuc.Api.Controllers.V1.KyBaoCaoController.GetTienDo (ThucLuc.Api)'
2026-04-23 09:51:20.502 +07:00 [INF] HTTP GET /api/v1/ky-bao-cao/6003/tien-do responded 200 in 78.5603 ms
2026-04-23 09:51:20.504 +07:00 [INF] HTTP GET /api/v1/ky-bao-cao/6002/tien-do responded 200 in 78.0163 ms
2026-04-23 09:51:20.506 +07:00 [INF] HTTP GET /api/v1/ky-bao-cao/6001/tien-do => 200 in 75.5949 ms CorrelationId=54c3f2c9592b4d08a341c999edfe988b UserId=5001
2026-04-23 09:51:20.507 +07:00 [INF] Request finished HTTP/1.1 GET http://localhost:5283/api/v1/ky-bao-cao/6003/tien-do - 200 null application/json; charset=utf-8 95.6731ms
2026-04-23 09:51:20.508 +07:00 [INF] Request finished HTTP/1.1 GET http://localhost:5283/api/v1/ky-bao-cao/6002/tien-do - 200 null application/json; charset=utf-8 92.3061ms
2026-04-23 09:51:20.510 +07:00 [INF] HTTP GET /api/v1/ky-bao-cao/6001/tien-do responded 200 in 80.0519 ms
2026-04-23 09:51:20.516 +07:00 [INF] Request finished HTTP/1.1 GET http://localhost:5283/api/v1/ky-bao-cao/6001/tien-do - 200 null application/json; charset=utf-8 96.169ms
2026-04-23 09:51:21.636 +07:00 [INF] Request starting HTTP/1.1 GET http://localhost:5283/api/v1/ky-bao-cao - null null
2026-04-23 09:51:21.638 +07:00 [INF] CORS policy execution successful.
2026-04-23 09:51:21.638 +07:00 [INF] Executing endpoint 'ThucLuc.Api.Controllers.V1.KyBaoCaoController.GetAll (ThucLuc.Api)'
2026-04-23 09:51:21.639 +07:00 [INF] Route matched with {action = "GetAll", controller = "KyBaoCao"}. Executing controller action with signature System.Threading.Tasks.Task`1[Microsoft.AspNetCore.Mvc.ActionResult`1[ThucLuc.Api.Common.Models.ApiResponse`1[System.Collections.Generic.IReadOnlyCollection`1[ThucLuc.Application.Features.KyBaoCao.KyBaoCaoDto]]]] GetAll(System.Threading.CancellationToken) on controller ThucLuc.Api.Controllers.V1.KyBaoCaoController (ThucLuc.Api).
2026-04-23 09:51:21.644 +07:00 [INF] Executing OkObjectResult, writing value of type 'ThucLuc.Api.Common.Models.ApiResponse`1[[System.Collections.Generic.IReadOnlyCollection`1[[ThucLuc.Application.Features.KyBaoCao.KyBaoCaoDto, ThucLuc.Application, Version=1.0.0.0, Culture=neutral, PublicKeyToken=null]], System.Private.CoreLib, Version=8.0.0.0, Culture=neutral, PublicKeyToken=7cec85d7bea7798e]]'.
2026-04-23 09:51:21.645 +07:00 [INF] Executed action ThucLuc.Api.Controllers.V1.KyBaoCaoController.GetAll (ThucLuc.Api) in 4.4343ms
2026-04-23 09:51:21.647 +07:00 [INF] Executed endpoint 'ThucLuc.Api.Controllers.V1.KyBaoCaoController.GetAll (ThucLuc.Api)'
2026-04-23 09:51:21.648 +07:00 [INF] HTTP GET /api/v1/ky-bao-cao => 200 in 10.1854 ms CorrelationId=b3e63ccadb8d4f10979a6fa091a8bb21 UserId=5001
2026-04-23 09:51:21.650 +07:00 [INF] HTTP GET /api/v1/ky-bao-cao responded 200 in 11.9367 ms
2026-04-23 09:51:21.651 +07:00 [INF] Request finished HTTP/1.1 GET http://localhost:5283/api/v1/ky-bao-cao - 200 null application/json; charset=utf-8 15.4364ms
2026-04-23 09:51:21.654 +07:00 [INF] Request starting HTTP/1.1 GET http://localhost:5283/api/v1/ky-bao-cao/6001/tien-do - null null
2026-04-23 09:51:21.655 +07:00 [INF] CORS policy execution successful.
2026-04-23 09:51:21.656 +07:00 [INF] Executing endpoint 'ThucLuc.Api.Controllers.V1.KyBaoCaoController.GetTienDo (ThucLuc.Api)'
2026-04-23 09:51:21.657 +07:00 [INF] Route matched with {action = "GetTienDo", controller = "KyBaoCao"}. Executing controller action with signature System.Threading.Tasks.Task`1[Microsoft.AspNetCore.Mvc.ActionResult`1[ThucLuc.Api.Common.Models.ApiResponse`1[ThucLuc.Application.Features.KyBaoCao.KyBaoCaoTienDoDto]]] GetTienDo(Int64, System.Threading.CancellationToken) on controller ThucLuc.Api.Controllers.V1.KyBaoCaoController (ThucLuc.Api).
2026-04-23 09:51:21.661 +07:00 [INF] Executing OkObjectResult, writing value of type 'ThucLuc.Api.Common.Models.ApiResponse`1[[ThucLuc.Application.Features.KyBaoCao.KyBaoCaoTienDoDto, ThucLuc.Application, Version=1.0.0.0, Culture=neutral, PublicKeyToken=null]]'.
2026-04-23 09:51:21.662 +07:00 [INF] Executed action ThucLuc.Api.Controllers.V1.KyBaoCaoController.GetTienDo (ThucLuc.Api) in 3.6717ms
2026-04-23 09:51:21.664 +07:00 [INF] Executed endpoint 'ThucLuc.Api.Controllers.V1.KyBaoCaoController.GetTienDo (ThucLuc.Api)'
2026-04-23 09:51:21.665 +07:00 [INF] HTTP GET /api/v1/ky-bao-cao/6001/tien-do => 200 in 9.6473 ms CorrelationId=c05ee2002f854149bcb7162b50c509fc UserId=5001
2026-04-23 09:51:21.667 +07:00 [INF] HTTP GET /api/v1/ky-bao-cao/6001/tien-do responded 200 in 11.3349 ms
2026-04-23 09:51:21.668 +07:00 [INF] Request finished HTTP/1.1 GET http://localhost:5283/api/v1/ky-bao-cao/6001/tien-do - 200 null application/json; charset=utf-8 14.3775ms
2026-04-23 09:51:22.583 +07:00 [INF] Request starting HTTP/1.1 GET http://localhost:5283/api/v1/ky-bao-cao - null null
2026-04-23 09:51:22.618 +07:00 [INF] CORS policy execution successful.
2026-04-23 09:51:22.619 +07:00 [INF] Executing endpoint 'ThucLuc.Api.Controllers.V1.KyBaoCaoController.GetAll (ThucLuc.Api)'
2026-04-23 09:51:22.625 +07:00 [INF] Route matched with {action = "GetAll", controller = "KyBaoCao"}. Executing controller action with signature System.Threading.Tasks.Task`1[Microsoft.AspNetCore.Mvc.ActionResult`1[ThucLuc.Api.Common.Models.ApiResponse`1[System.Collections.Generic.IReadOnlyCollection`1[ThucLuc.Application.Features.KyBaoCao.KyBaoCaoDto]]]] GetAll(System.Threading.CancellationToken) on controller ThucLuc.Api.Controllers.V1.KyBaoCaoController (ThucLuc.Api).
2026-04-23 09:51:22.631 +07:00 [INF] Executing OkObjectResult, writing value of type 'ThucLuc.Api.Common.Models.ApiResponse`1[[System.Collections.Generic.IReadOnlyCollection`1[[ThucLuc.Application.Features.KyBaoCao.KyBaoCaoDto, ThucLuc.Application, Version=1.0.0.0, Culture=neutral, PublicKeyToken=null]], System.Private.CoreLib, Version=8.0.0.0, Culture=neutral, PublicKeyToken=7cec85d7bea7798e]]'.
2026-04-23 09:51:22.632 +07:00 [INF] Executed action ThucLuc.Api.Controllers.V1.KyBaoCaoController.GetAll (ThucLuc.Api) in 4.6382ms
2026-04-23 09:51:22.634 +07:00 [INF] Executed endpoint 'ThucLuc.Api.Controllers.V1.KyBaoCaoController.GetAll (ThucLuc.Api)'
2026-04-23 09:51:22.636 +07:00 [INF] HTTP GET /api/v1/ky-bao-cao => 200 in 17.3627 ms CorrelationId=d0b94209286f459087fab5e5fabc8e17 UserId=5001
2026-04-23 09:51:22.639 +07:00 [INF] HTTP GET /api/v1/ky-bao-cao responded 200 in 20.4085 ms
2026-04-23 09:51:22.641 +07:00 [INF] Request finished HTTP/1.1 GET http://localhost:5283/api/v1/ky-bao-cao - 200 null application/json; charset=utf-8 58.3477ms
2026-04-23 09:51:22.645 +07:00 [INF] Request starting HTTP/1.1 OPTIONS http://localhost:5283/api/v1/tong-hop-tien-do?kyBaoCaoCode=2026Q1_NHAN_LUC - null null
2026-04-23 09:51:22.649 +07:00 [INF] CORS policy execution successful.
2026-04-23 09:51:22.650 +07:00 [INF] HTTP OPTIONS /api/v1/tong-hop-tien-do => 204 in 1.2736 ms CorrelationId=e4c0688b2a5c4841a300e33ad0e862c6 UserId=anonymous
2026-04-23 09:51:22.653 +07:00 [INF] HTTP OPTIONS /api/v1/tong-hop-tien-do responded 204 in 4.4005 ms
2026-04-23 09:51:22.655 +07:00 [INF] Request finished HTTP/1.1 OPTIONS http://localhost:5283/api/v1/tong-hop-tien-do?kyBaoCaoCode=2026Q1_NHAN_LUC - 204 null null 10.2029ms
2026-04-23 09:51:22.660 +07:00 [INF] Request starting HTTP/1.1 GET http://localhost:5283/api/v1/tong-hop-tien-do?kyBaoCaoCode=2026Q1_NHAN_LUC - null null
2026-04-23 09:51:22.664 +07:00 [INF] CORS policy execution successful.
2026-04-23 09:51:22.665 +07:00 [INF] Executing endpoint 'ThucLuc.Api.Controllers.V1.TongHopTienDoController.GetTienDo (ThucLuc.Api)'
2026-04-23 09:51:22.667 +07:00 [INF] Route matched with {action = "GetTienDo", controller = "TongHopTienDo"}. Executing controller action with signature System.Threading.Tasks.Task`1[Microsoft.AspNetCore.Mvc.ActionResult`1[ThucLuc.Api.Common.Models.ApiResponse`1[System.Collections.Generic.IReadOnlyCollection`1[ThucLuc.Application.Features.TongHopTienDo.TienDoDonViDto]]]] GetTienDo(ThucLuc.Application.Features.TongHopTienDo.TienDoDonViQuery, System.Threading.CancellationToken) on controller ThucLuc.Api.Controllers.V1.TongHopTienDoController (ThucLuc.Api).
2026-04-23 09:51:22.687 +07:00 [INF] Executing OkObjectResult, writing value of type 'ThucLuc.Api.Common.Models.ApiResponse`1[[System.Collections.Generic.IReadOnlyCollection`1[[ThucLuc.Application.Features.TongHopTienDo.TienDoDonViDto, ThucLuc.Application, Version=1.0.0.0, Culture=neutral, PublicKeyToken=null]], System.Private.CoreLib, Version=8.0.0.0, Culture=neutral, PublicKeyToken=7cec85d7bea7798e]]'.
2026-04-23 09:51:22.689 +07:00 [INF] Executed action ThucLuc.Api.Controllers.V1.TongHopTienDoController.GetTienDo (ThucLuc.Api) in 18.8985ms
2026-04-23 09:51:22.690 +07:00 [INF] Executed endpoint 'ThucLuc.Api.Controllers.V1.TongHopTienDoController.GetTienDo (ThucLuc.Api)'
2026-04-23 09:51:22.692 +07:00 [INF] HTTP GET /api/v1/tong-hop-tien-do => 200 in 27.9645 ms CorrelationId=14b3564d3a21493db70546caeeaad707 UserId=5001
2026-04-23 09:51:22.695 +07:00 [INF] HTTP GET /api/v1/tong-hop-tien-do responded 200 in 30.8963 ms
2026-04-23 09:51:22.697 +07:00 [INF] Request finished HTTP/1.1 GET http://localhost:5283/api/v1/tong-hop-tien-do?kyBaoCaoCode=2026Q1_NHAN_LUC - 200 null application/json; charset=utf-8 37.093ms
2026-04-23 09:51:22.978 +07:00 [INF] Request starting HTTP/1.1 OPTIONS http://localhost:5283/api/v1/don-vi/tree - null null
2026-04-23 09:51:22.978 +07:00 [INF] Request starting HTTP/1.1 GET http://localhost:5283/api/v1/ky-bao-cao - null null
2026-04-23 09:51:22.981 +07:00 [INF] CORS policy execution successful.
2026-04-23 09:51:22.982 +07:00 [INF] CORS policy execution successful.
2026-04-23 09:51:22.983 +07:00 [INF] HTTP OPTIONS /api/v1/don-vi/tree => 204 in 2.1882 ms CorrelationId=bf716ca1b4544b3ea7a045b6013c7539 UserId=anonymous
2026-04-23 09:51:22.984 +07:00 [INF] Executing endpoint 'ThucLuc.Api.Controllers.V1.KyBaoCaoController.GetAll (ThucLuc.Api)'
2026-04-23 09:51:22.985 +07:00 [INF] HTTP OPTIONS /api/v1/don-vi/tree responded 204 in 4.5306 ms
2026-04-23 09:51:22.986 +07:00 [INF] Route matched with {action = "GetAll", controller = "KyBaoCao"}. Executing controller action with signature System.Threading.Tasks.Task`1[Microsoft.AspNetCore.Mvc.ActionResult`1[ThucLuc.Api.Common.Models.ApiResponse`1[System.Collections.Generic.IReadOnlyCollection`1[ThucLuc.Application.Features.KyBaoCao.KyBaoCaoDto]]]] GetAll(System.Threading.CancellationToken) on controller ThucLuc.Api.Controllers.V1.KyBaoCaoController (ThucLuc.Api).
2026-04-23 09:51:22.988 +07:00 [INF] Request finished HTTP/1.1 OPTIONS http://localhost:5283/api/v1/don-vi/tree - 204 null null 9.8633ms
2026-04-23 09:51:22.992 +07:00 [INF] Executing OkObjectResult, writing value of type 'ThucLuc.Api.Common.Models.ApiResponse`1[[System.Collections.Generic.IReadOnlyCollection`1[[ThucLuc.Application.Features.KyBaoCao.KyBaoCaoDto, ThucLuc.Application, Version=1.0.0.0, Culture=neutral, PublicKeyToken=null]], System.Private.CoreLib, Version=8.0.0.0, Culture=neutral, PublicKeyToken=7cec85d7bea7798e]]'.
2026-04-23 09:51:22.992 +07:00 [INF] Request starting HTTP/1.1 GET http://localhost:5283/api/v1/don-vi/tree - null null
2026-04-23 09:51:22.993 +07:00 [INF] Executed action ThucLuc.Api.Controllers.V1.KyBaoCaoController.GetAll (ThucLuc.Api) in 3.2252ms
2026-04-23 09:51:22.995 +07:00 [INF] CORS policy execution successful.
2026-04-23 09:51:22.997 +07:00 [INF] Executed endpoint 'ThucLuc.Api.Controllers.V1.KyBaoCaoController.GetAll (ThucLuc.Api)'
2026-04-23 09:51:22.998 +07:00 [INF] Executing endpoint 'ThucLuc.Api.Controllers.V1.DonViController.GetTree (ThucLuc.Api)'
2026-04-23 09:51:22.999 +07:00 [INF] HTTP GET /api/v1/ky-bao-cao => 200 in 16.6318 ms CorrelationId=5aeca85913dd45fea482c321b9df2768 UserId=5001
2026-04-23 09:51:23.000 +07:00 [INF] Route matched with {action = "GetTree", controller = "DonVi"}. Executing controller action with signature System.Threading.Tasks.Task`1[Microsoft.AspNetCore.Mvc.ActionResult`1[ThucLuc.Api.Common.Models.ApiResponse`1[System.Collections.Generic.IReadOnlyCollection`1[ThucLuc.Application.Features.DonVi.DonViDto]]]] GetTree(System.Threading.CancellationToken) on controller ThucLuc.Api.Controllers.V1.DonViController (ThucLuc.Api).
2026-04-23 09:51:23.002 +07:00 [INF] HTTP GET /api/v1/ky-bao-cao responded 200 in 19.2104 ms
2026-04-23 09:51:23.004 +07:00 [INF] Request finished HTTP/1.1 GET http://localhost:5283/api/v1/ky-bao-cao - 200 null application/json; charset=utf-8 25.7405ms
2026-04-23 09:51:23.005 +07:00 [INF] Executing OkObjectResult, writing value of type 'ThucLuc.Api.Common.Models.ApiResponse`1[[System.Collections.Generic.IReadOnlyCollection`1[[ThucLuc.Application.Features.DonVi.DonViDto, ThucLuc.Application, Version=1.0.0.0, Culture=neutral, PublicKeyToken=null]], System.Private.CoreLib, Version=8.0.0.0, Culture=neutral, PublicKeyToken=7cec85d7bea7798e]]'.
2026-04-23 09:51:23.009 +07:00 [INF] Executed action ThucLuc.Api.Controllers.V1.DonViController.GetTree (ThucLuc.Api) in 6.1844ms
2026-04-23 09:51:23.011 +07:00 [INF] Executed endpoint 'ThucLuc.Api.Controllers.V1.DonViController.GetTree (ThucLuc.Api)'
2026-04-23 09:51:23.012 +07:00 [INF] HTTP GET /api/v1/don-vi/tree => 200 in 16.5314 ms CorrelationId=0c263e3e2be9490db3d739e181185974 UserId=5001
2026-04-23 09:51:23.015 +07:00 [INF] HTTP GET /api/v1/don-vi/tree responded 200 in 19.5266 ms
2026-04-23 09:51:23.016 +07:00 [INF] Request finished HTTP/1.1 GET http://localhost:5283/api/v1/don-vi/tree - 200 null application/json; charset=utf-8 23.6588ms
2026-04-23 09:51:23.018 +07:00 [INF] Request starting HTTP/1.1 OPTIONS http://localhost:5283/api/v1/yeu-cau-bo-sung?kyBaoCaoId=6001 - null null
2026-04-23 09:51:23.020 +07:00 [INF] CORS policy execution successful.
2026-04-23 09:51:23.021 +07:00 [INF] HTTP OPTIONS /api/v1/yeu-cau-bo-sung => 204 in 0.759 ms CorrelationId=6e36aefca0a14ba6a7b22a6b81737d4b UserId=anonymous
2026-04-23 09:51:23.023 +07:00 [INF] HTTP OPTIONS /api/v1/yeu-cau-bo-sung responded 204 in 2.2098 ms
2026-04-23 09:51:23.024 +07:00 [INF] Request finished HTTP/1.1 OPTIONS http://localhost:5283/api/v1/yeu-cau-bo-sung?kyBaoCaoId=6001 - 204 null null 5.2686ms
2026-04-23 09:51:23.026 +07:00 [INF] Request starting HTTP/1.1 GET http://localhost:5283/api/v1/yeu-cau-bo-sung?kyBaoCaoId=6001 - null null
2026-04-23 09:51:23.028 +07:00 [INF] CORS policy execution successful.
2026-04-23 09:51:23.029 +07:00 [INF] Executing endpoint 'ThucLuc.Api.Controllers.V1.YeuCauBoSungController.GetByKy (ThucLuc.Api)'
2026-04-23 09:51:23.031 +07:00 [INF] Route matched with {action = "GetByKy", controller = "YeuCauBoSung"}. Executing controller action with signature System.Threading.Tasks.Task`1[Microsoft.AspNetCore.Mvc.ActionResult`1[ThucLuc.Api.Common.Models.ApiResponse`1[System.Collections.Generic.IReadOnlyCollection`1[ThucLuc.Application.Features.YeuCauBoSung.YeuCauBoSungDto]]]] GetByKy(Int64, System.Threading.CancellationToken) on controller ThucLuc.Api.Controllers.V1.YeuCauBoSungController (ThucLuc.Api).
2026-04-23 09:51:23.036 +07:00 [INF] Executing OkObjectResult, writing value of type 'ThucLuc.Api.Common.Models.ApiResponse`1[[System.Collections.Generic.IReadOnlyCollection`1[[ThucLuc.Application.Features.YeuCauBoSung.YeuCauBoSungDto, ThucLuc.Application, Version=1.0.0.0, Culture=neutral, PublicKeyToken=null]], System.Private.CoreLib, Version=8.0.0.0, Culture=neutral, PublicKeyToken=7cec85d7bea7798e]]'.
2026-04-23 09:51:23.037 +07:00 [INF] Executed action ThucLuc.Api.Controllers.V1.YeuCauBoSungController.GetByKy (ThucLuc.Api) in 3.9205ms
2026-04-23 09:51:23.039 +07:00 [INF] Executed endpoint 'ThucLuc.Api.Controllers.V1.YeuCauBoSungController.GetByKy (ThucLuc.Api)'
2026-04-23 09:51:23.039 +07:00 [INF] HTTP GET /api/v1/yeu-cau-bo-sung => 200 in 11.5504 ms CorrelationId=ad347fea077440f9a0fbc06c3e3be35d UserId=5001
2026-04-23 09:51:23.041 +07:00 [INF] HTTP GET /api/v1/yeu-cau-bo-sung responded 200 in 13.0977 ms
2026-04-23 09:51:23.042 +07:00 [INF] Request finished HTTP/1.1 GET http://localhost:5283/api/v1/yeu-cau-bo-sung?kyBaoCaoId=6001 - 200 null application/json; charset=utf-8 16.4544ms
2026-04-23 09:51:23.360 +07:00 [INF] Request starting HTTP/1.1 GET http://localhost:5283/api/v1/ky-bao-cao/current - null null
2026-04-23 09:51:23.363 +07:00 [INF] CORS policy execution successful.
2026-04-23 09:51:23.364 +07:00 [INF] Executing endpoint 'ThucLuc.Api.Controllers.V1.KyBaoCaoController.GetCurrent (ThucLuc.Api)'
2026-04-23 09:51:23.365 +07:00 [INF] Route matched with {action = "GetCurrent", controller = "KyBaoCao"}. Executing controller action with signature System.Threading.Tasks.Task`1[Microsoft.AspNetCore.Mvc.ActionResult`1[ThucLuc.Api.Common.Models.ApiResponse`1[ThucLuc.Application.Features.KyBaoCao.KyBaoCaoDto]]] GetCurrent(System.Threading.CancellationToken) on controller ThucLuc.Api.Controllers.V1.KyBaoCaoController (ThucLuc.Api).
2026-04-23 09:51:23.368 +07:00 [INF] Executing OkObjectResult, writing value of type 'ThucLuc.Api.Common.Models.ApiResponse`1[[ThucLuc.Application.Features.KyBaoCao.KyBaoCaoDto, ThucLuc.Application, Version=1.0.0.0, Culture=neutral, PublicKeyToken=null]]'.
2026-04-23 09:51:23.369 +07:00 [INF] Executed action ThucLuc.Api.Controllers.V1.KyBaoCaoController.GetCurrent (ThucLuc.Api) in 2.7555ms
2026-04-23 09:51:23.370 +07:00 [INF] Executed endpoint 'ThucLuc.Api.Controllers.V1.KyBaoCaoController.GetCurrent (ThucLuc.Api)'
2026-04-23 09:51:23.371 +07:00 [INF] HTTP GET /api/v1/ky-bao-cao/current => 200 in 7.8478 ms CorrelationId=9ba542de908546e5a845ab40259c0be7 UserId=5001
2026-04-23 09:51:23.373 +07:00 [INF] HTTP GET /api/v1/ky-bao-cao/current responded 200 in 9.4451 ms
2026-04-23 09:51:23.374 +07:00 [INF] Request finished HTTP/1.1 GET http://localhost:5283/api/v1/ky-bao-cao/current - 200 null application/json; charset=utf-8 13.2212ms
2026-04-23 09:51:23.376 +07:00 [INF] Request starting HTTP/1.1 GET http://localhost:5283/api/v1/yeu-cau-bo-sung?kyBaoCaoId=6001 - null null
2026-04-23 09:51:23.376 +07:00 [INF] Request starting HTTP/1.1 OPTIONS http://localhost:5283/api/v1/snapshot?kyBaoCaoId=6001 - null null
2026-04-23 09:51:23.378 +07:00 [INF] CORS policy execution successful.
2026-04-23 09:51:23.380 +07:00 [INF] CORS policy execution successful.
2026-04-23 09:51:23.381 +07:00 [INF] Executing endpoint 'ThucLuc.Api.Controllers.V1.YeuCauBoSungController.GetByKy (ThucLuc.Api)'
2026-04-23 09:51:23.381 +07:00 [INF] HTTP OPTIONS /api/v1/snapshot => 204 in 1.168 ms CorrelationId=37a8868707224994981959c89f99ae31 UserId=anonymous
2026-04-23 09:51:23.382 +07:00 [INF] Route matched with {action = "GetByKy", controller = "YeuCauBoSung"}. Executing controller action with signature System.Threading.Tasks.Task`1[Microsoft.AspNetCore.Mvc.ActionResult`1[ThucLuc.Api.Common.Models.ApiResponse`1[System.Collections.Generic.IReadOnlyCollection`1[ThucLuc.Application.Features.YeuCauBoSung.YeuCauBoSungDto]]]] GetByKy(Int64, System.Threading.CancellationToken) on controller ThucLuc.Api.Controllers.V1.YeuCauBoSungController (ThucLuc.Api).
2026-04-23 09:51:23.384 +07:00 [INF] HTTP OPTIONS /api/v1/snapshot responded 204 in 3.5804 ms
2026-04-23 09:51:23.386 +07:00 [INF] Request finished HTTP/1.1 OPTIONS http://localhost:5283/api/v1/snapshot?kyBaoCaoId=6001 - 204 null null 10.208ms
2026-04-23 09:51:23.387 +07:00 [INF] Executing OkObjectResult, writing value of type 'ThucLuc.Api.Common.Models.ApiResponse`1[[System.Collections.Generic.IReadOnlyCollection`1[[ThucLuc.Application.Features.YeuCauBoSung.YeuCauBoSungDto, ThucLuc.Application, Version=1.0.0.0, Culture=neutral, PublicKeyToken=null]], System.Private.CoreLib, Version=8.0.0.0, Culture=neutral, PublicKeyToken=7cec85d7bea7798e]]'.
2026-04-23 09:51:23.389 +07:00 [INF] Request starting HTTP/1.1 GET http://localhost:5283/api/v1/snapshot?kyBaoCaoId=6001 - null null
2026-04-23 09:51:23.389 +07:00 [INF] Executed action ThucLuc.Api.Controllers.V1.YeuCauBoSungController.GetByKy (ThucLuc.Api) in 4.3284ms
2026-04-23 09:51:23.391 +07:00 [INF] CORS policy execution successful.
2026-04-23 09:51:23.392 +07:00 [INF] Executed endpoint 'ThucLuc.Api.Controllers.V1.YeuCauBoSungController.GetByKy (ThucLuc.Api)'
2026-04-23 09:51:23.392 +07:00 [INF] Executing endpoint 'ThucLuc.Api.Controllers.V1.BaoCaoSnapshotController.GetByKy (ThucLuc.Api)'
2026-04-23 09:51:23.393 +07:00 [INF] HTTP GET /api/v1/yeu-cau-bo-sung => 200 in 15.2868 ms CorrelationId=f24f7d07da5841ac9379c718ec821c70 UserId=5001
2026-04-23 09:51:23.394 +07:00 [INF] Route matched with {action = "GetByKy", controller = "BaoCaoSnapshot"}. Executing controller action with signature System.Threading.Tasks.Task`1[Microsoft.AspNetCore.Mvc.ActionResult`1[ThucLuc.Api.Common.Models.ApiResponse`1[System.Collections.Generic.IReadOnlyCollection`1[ThucLuc.Application.Features.BaoCaoSnapshot.BaoCaoSnapshotDto]]]] GetByKy(Int64, System.Threading.CancellationToken) on controller ThucLuc.Api.Controllers.V1.BaoCaoSnapshotController (ThucLuc.Api).
2026-04-23 09:51:23.395 +07:00 [INF] HTTP GET /api/v1/yeu-cau-bo-sung responded 200 in 17.4193 ms
2026-04-23 09:51:23.399 +07:00 [INF] Request finished HTTP/1.1 GET http://localhost:5283/api/v1/yeu-cau-bo-sung?kyBaoCaoId=6001 - 200 null application/json; charset=utf-8 22.9082ms
2026-04-23 09:51:23.400 +07:00 [INF] Executing OkObjectResult, writing value of type 'ThucLuc.Api.Common.Models.ApiResponse`1[[System.Collections.Generic.IReadOnlyCollection`1[[ThucLuc.Application.Features.BaoCaoSnapshot.BaoCaoSnapshotDto, ThucLuc.Application, Version=1.0.0.0, Culture=neutral, PublicKeyToken=null]], System.Private.CoreLib, Version=8.0.0.0, Culture=neutral, PublicKeyToken=7cec85d7bea7798e]]'.
2026-04-23 09:51:23.403 +07:00 [INF] Executed action ThucLuc.Api.Controllers.V1.BaoCaoSnapshotController.GetByKy (ThucLuc.Api) in 5.9961ms
2026-04-23 09:51:23.405 +07:00 [INF] Executed endpoint 'ThucLuc.Api.Controllers.V1.BaoCaoSnapshotController.GetByKy (ThucLuc.Api)'
2026-04-23 09:51:23.406 +07:00 [INF] HTTP GET /api/v1/snapshot => 200 in 14.9831 ms CorrelationId=da7be56da54e45beb8f88e985428ca44 UserId=5001
2026-04-23 09:51:23.408 +07:00 [INF] HTTP GET /api/v1/snapshot responded 200 in 17.4018 ms
2026-04-23 09:51:23.411 +07:00 [INF] Request finished HTTP/1.1 GET http://localhost:5283/api/v1/snapshot?kyBaoCaoId=6001 - 200 null application/json; charset=utf-8 21.9849ms
2026-04-23 09:51:28.270 +07:00 [INF] Request starting HTTP/1.1 OPTIONS http://localhost:5283/api/v1/ky-bao-cao - null null
2026-04-23 09:51:28.273 +07:00 [INF] CORS policy execution successful.
2026-04-23 09:51:28.273 +07:00 [INF] HTTP OPTIONS /api/v1/ky-bao-cao => 204 in 0.5217 ms CorrelationId=507af29596a24cf598ddcdd6b82f626d UserId=anonymous
2026-04-23 09:51:28.275 +07:00 [INF] HTTP OPTIONS /api/v1/ky-bao-cao responded 204 in 2.3893 ms
2026-04-23 09:51:28.276 +07:00 [INF] Request finished HTTP/1.1 OPTIONS http://localhost:5283/api/v1/ky-bao-cao - 204 null null 6.1154ms
2026-04-23 09:51:28.280 +07:00 [INF] Request starting HTTP/1.1 GET http://localhost:5283/api/v1/ky-bao-cao - null null
2026-04-23 09:51:28.282 +07:00 [INF] CORS policy execution successful.
2026-04-23 09:51:28.283 +07:00 [INF] Executing endpoint 'ThucLuc.Api.Controllers.V1.KyBaoCaoController.GetAll (ThucLuc.Api)'
2026-04-23 09:51:28.284 +07:00 [INF] Route matched with {action = "GetAll", controller = "KyBaoCao"}. Executing controller action with signature System.Threading.Tasks.Task`1[Microsoft.AspNetCore.Mvc.ActionResult`1[ThucLuc.Api.Common.Models.ApiResponse`1[System.Collections.Generic.IReadOnlyCollection`1[ThucLuc.Application.Features.KyBaoCao.KyBaoCaoDto]]]] GetAll(System.Threading.CancellationToken) on controller ThucLuc.Api.Controllers.V1.KyBaoCaoController (ThucLuc.Api).
2026-04-23 09:51:28.286 +07:00 [INF] Executing OkObjectResult, writing value of type 'ThucLuc.Api.Common.Models.ApiResponse`1[[System.Collections.Generic.IReadOnlyCollection`1[[ThucLuc.Application.Features.KyBaoCao.KyBaoCaoDto, ThucLuc.Application, Version=1.0.0.0, Culture=neutral, PublicKeyToken=null]], System.Private.CoreLib, Version=8.0.0.0, Culture=neutral, PublicKeyToken=7cec85d7bea7798e]]'.
2026-04-23 09:51:28.287 +07:00 [INF] Executed action ThucLuc.Api.Controllers.V1.KyBaoCaoController.GetAll (ThucLuc.Api) in 2.3729ms
2026-04-23 09:51:28.288 +07:00 [INF] Executed endpoint 'ThucLuc.Api.Controllers.V1.KyBaoCaoController.GetAll (ThucLuc.Api)'
2026-04-23 09:51:28.289 +07:00 [INF] HTTP GET /api/v1/ky-bao-cao => 200 in 7.0287 ms CorrelationId=2850c63324654d9aa692f1fe89b8e31e UserId=5001
2026-04-23 09:51:28.290 +07:00 [INF] HTTP GET /api/v1/ky-bao-cao responded 200 in 8.3665 ms
2026-04-23 09:51:28.291 +07:00 [INF] Request finished HTTP/1.1 GET http://localhost:5283/api/v1/ky-bao-cao - 200 null application/json; charset=utf-8 11.2388ms
2026-04-23 09:51:28.294 +07:00 [INF] Request starting HTTP/1.1 OPTIONS http://localhost:5283/api/v1/tong-hop-tien-do/my-tien-do?kyBaoCaoCode=2026Q1_NHAN_LUC - null null
2026-04-23 09:51:28.296 +07:00 [INF] CORS policy execution successful.
2026-04-23 09:51:28.297 +07:00 [INF] HTTP OPTIONS /api/v1/tong-hop-tien-do/my-tien-do => 204 in 0.8319 ms CorrelationId=b37d07db9a364f8585b27e898d423e3f UserId=anonymous
2026-04-23 09:51:28.298 +07:00 [INF] HTTP OPTIONS /api/v1/tong-hop-tien-do/my-tien-do responded 204 in 2.5189 ms
2026-04-23 09:51:28.300 +07:00 [INF] Request finished HTTP/1.1 OPTIONS http://localhost:5283/api/v1/tong-hop-tien-do/my-tien-do?kyBaoCaoCode=2026Q1_NHAN_LUC - 204 null null 5.9186ms
2026-04-23 09:51:28.302 +07:00 [INF] Request starting HTTP/1.1 GET http://localhost:5283/api/v1/tong-hop-tien-do/my-tien-do?kyBaoCaoCode=2026Q1_NHAN_LUC - null null
2026-04-23 09:51:28.303 +07:00 [INF] CORS policy execution successful.
2026-04-23 09:51:28.304 +07:00 [INF] Executing endpoint 'ThucLuc.Api.Controllers.V1.TongHopTienDoController.GetMyTienDo (ThucLuc.Api)'
2026-04-23 09:51:28.305 +07:00 [INF] Route matched with {action = "GetMyTienDo", controller = "TongHopTienDo"}. Executing controller action with signature System.Threading.Tasks.Task`1[Microsoft.AspNetCore.Mvc.ActionResult`1[ThucLuc.Api.Common.Models.ApiResponse`1[ThucLuc.Application.Features.TongHopTienDo.TienDoDonViDto]]] GetMyTienDo(System.String, System.Threading.CancellationToken) on controller ThucLuc.Api.Controllers.V1.TongHopTienDoController (ThucLuc.Api).
2026-04-23 09:51:28.317 +07:00 [INF] Executing OkObjectResult, writing value of type 'ThucLuc.Api.Common.Models.ApiResponse`1[[ThucLuc.Application.Features.TongHopTienDo.TienDoDonViDto, ThucLuc.Application, Version=1.0.0.0, Culture=neutral, PublicKeyToken=null]]'.
2026-04-23 09:51:28.318 +07:00 [INF] Executed action ThucLuc.Api.Controllers.V1.TongHopTienDoController.GetMyTienDo (ThucLuc.Api) in 11.8402ms
2026-04-23 09:51:28.319 +07:00 [INF] Executed endpoint 'ThucLuc.Api.Controllers.V1.TongHopTienDoController.GetMyTienDo (ThucLuc.Api)'
2026-04-23 09:51:28.320 +07:00 [INF] HTTP GET /api/v1/tong-hop-tien-do/my-tien-do => 200 in 16.525 ms CorrelationId=9fc4223506c44ab19ac1aaa34c1a8667 UserId=5001
2026-04-23 09:51:28.321 +07:00 [INF] HTTP GET /api/v1/tong-hop-tien-do/my-tien-do responded 200 in 17.8266 ms
2026-04-23 09:51:28.322 +07:00 [INF] Request finished HTTP/1.1 GET http://localhost:5283/api/v1/tong-hop-tien-do/my-tien-do?kyBaoCaoCode=2026Q1_NHAN_LUC - 200 null application/json; charset=utf-8 20.5996ms
2026-04-23 09:51:29.353 +07:00 [INF] Request starting HTTP/1.1 OPTIONS http://localhost:5283/api/v1/ky-bao-cao/current - null null
2026-04-23 09:51:29.356 +07:00 [INF] CORS policy execution successful.
2026-04-23 09:51:29.357 +07:00 [INF] HTTP OPTIONS /api/v1/ky-bao-cao/current => 204 in 0.8378 ms CorrelationId=e46109ddc47c438aa119357ee09d9d28 UserId=anonymous
2026-04-23 09:51:29.358 +07:00 [INF] HTTP OPTIONS /api/v1/ky-bao-cao/current responded 204 in 2.5869 ms
2026-04-23 09:51:29.360 +07:00 [INF] Request finished HTTP/1.1 OPTIONS http://localhost:5283/api/v1/ky-bao-cao/current - 204 null null 7.1986ms
2026-04-23 09:51:29.364 +07:00 [INF] Request starting HTTP/1.1 GET http://localhost:5283/api/v1/ky-bao-cao/current - null null
2026-04-23 09:51:29.366 +07:00 [INF] CORS policy execution successful.
2026-04-23 09:51:29.367 +07:00 [INF] Executing endpoint 'ThucLuc.Api.Controllers.V1.KyBaoCaoController.GetCurrent (ThucLuc.Api)'
2026-04-23 09:51:29.368 +07:00 [INF] Route matched with {action = "GetCurrent", controller = "KyBaoCao"}. Executing controller action with signature System.Threading.Tasks.Task`1[Microsoft.AspNetCore.Mvc.ActionResult`1[ThucLuc.Api.Common.Models.ApiResponse`1[ThucLuc.Application.Features.KyBaoCao.KyBaoCaoDto]]] GetCurrent(System.Threading.CancellationToken) on controller ThucLuc.Api.Controllers.V1.KyBaoCaoController (ThucLuc.Api).
2026-04-23 09:51:29.370 +07:00 [INF] Executing OkObjectResult, writing value of type 'ThucLuc.Api.Common.Models.ApiResponse`1[[ThucLuc.Application.Features.KyBaoCao.KyBaoCaoDto, ThucLuc.Application, Version=1.0.0.0, Culture=neutral, PublicKeyToken=null]]'.
2026-04-23 09:51:29.371 +07:00 [INF] Executed action ThucLuc.Api.Controllers.V1.KyBaoCaoController.GetCurrent (ThucLuc.Api) in 2.5356ms
2026-04-23 09:51:29.372 +07:00 [INF] Executed endpoint 'ThucLuc.Api.Controllers.V1.KyBaoCaoController.GetCurrent (ThucLuc.Api)'
2026-04-23 09:51:29.373 +07:00 [INF] HTTP GET /api/v1/ky-bao-cao/current => 200 in 6.7097 ms CorrelationId=0c49b470caf948c7804d13cccf8efef8 UserId=5001
2026-04-23 09:51:29.374 +07:00 [INF] HTTP GET /api/v1/ky-bao-cao/current responded 200 in 7.9628 ms
2026-04-23 09:51:29.375 +07:00 [INF] Request finished HTTP/1.1 GET http://localhost:5283/api/v1/ky-bao-cao/current - 200 null application/json; charset=utf-8 10.7593ms
2026-04-23 09:51:29.376 +07:00 [INF] Request starting HTTP/1.1 OPTIONS http://localhost:5283/api/v1/yeu-cau-bo-sung?kyBaoCaoId=6001 - null null
2026-04-23 09:51:29.377 +07:00 [INF] Request starting HTTP/1.1 OPTIONS http://localhost:5283/api/v1/snapshot?kyBaoCaoId=6001 - null null
2026-04-23 09:51:29.380 +07:00 [INF] CORS policy execution successful.
2026-04-23 09:51:29.382 +07:00 [INF] CORS policy execution successful.
2026-04-23 09:51:29.382 +07:00 [INF] HTTP OPTIONS /api/v1/yeu-cau-bo-sung => 204 in 2.5211 ms CorrelationId=4ffa2fa812e74598aa14e9954fe1236f UserId=anonymous
2026-04-23 09:51:29.383 +07:00 [INF] HTTP OPTIONS /api/v1/snapshot => 204 in 1.1237 ms CorrelationId=86ec15de06b046c4a531ba313c6d78f6 UserId=anonymous
2026-04-23 09:51:29.385 +07:00 [INF] HTTP OPTIONS /api/v1/yeu-cau-bo-sung responded 204 in 4.8835 ms
2026-04-23 09:51:29.386 +07:00 [INF] HTTP OPTIONS /api/v1/snapshot responded 204 in 4.4340 ms
2026-04-23 09:51:29.387 +07:00 [INF] Request finished HTTP/1.1 OPTIONS http://localhost:5283/api/v1/yeu-cau-bo-sung?kyBaoCaoId=6001 - 204 null null 10.8644ms
2026-04-23 09:51:29.389 +07:00 [INF] Request finished HTTP/1.1 OPTIONS http://localhost:5283/api/v1/snapshot?kyBaoCaoId=6001 - 204 null null 11.0985ms
2026-04-23 09:51:29.390 +07:00 [INF] Request starting HTTP/1.1 GET http://localhost:5283/api/v1/yeu-cau-bo-sung?kyBaoCaoId=6001 - null null
2026-04-23 09:51:29.392 +07:00 [INF] Request starting HTTP/1.1 GET http://localhost:5283/api/v1/snapshot?kyBaoCaoId=6001 - null null
2026-04-23 09:51:29.394 +07:00 [INF] CORS policy execution successful.
2026-04-23 09:51:29.396 +07:00 [INF] CORS policy execution successful.
2026-04-23 09:51:29.397 +07:00 [INF] Executing endpoint 'ThucLuc.Api.Controllers.V1.YeuCauBoSungController.GetByKy (ThucLuc.Api)'
2026-04-23 09:51:29.398 +07:00 [INF] Executing endpoint 'ThucLuc.Api.Controllers.V1.BaoCaoSnapshotController.GetByKy (ThucLuc.Api)'
2026-04-23 09:51:29.398 +07:00 [INF] Route matched with {action = "GetByKy", controller = "YeuCauBoSung"}. Executing controller action with signature System.Threading.Tasks.Task`1[Microsoft.AspNetCore.Mvc.ActionResult`1[ThucLuc.Api.Common.Models.ApiResponse`1[System.Collections.Generic.IReadOnlyCollection`1[ThucLuc.Application.Features.YeuCauBoSung.YeuCauBoSungDto]]]] GetByKy(Int64, System.Threading.CancellationToken) on controller ThucLuc.Api.Controllers.V1.YeuCauBoSungController (ThucLuc.Api).
2026-04-23 09:51:29.399 +07:00 [INF] Route matched with {action = "GetByKy", controller = "BaoCaoSnapshot"}. Executing controller action with signature System.Threading.Tasks.Task`1[Microsoft.AspNetCore.Mvc.ActionResult`1[ThucLuc.Api.Common.Models.ApiResponse`1[System.Collections.Generic.IReadOnlyCollection`1[ThucLuc.Application.Features.BaoCaoSnapshot.BaoCaoSnapshotDto]]]] GetByKy(Int64, System.Threading.CancellationToken) on controller ThucLuc.Api.Controllers.V1.BaoCaoSnapshotController (ThucLuc.Api).
2026-04-23 09:51:29.402 +07:00 [INF] Executing OkObjectResult, writing value of type 'ThucLuc.Api.Common.Models.ApiResponse`1[[System.Collections.Generic.IReadOnlyCollection`1[[ThucLuc.Application.Features.YeuCauBoSung.YeuCauBoSungDto, ThucLuc.Application, Version=1.0.0.0, Culture=neutral, PublicKeyToken=null]], System.Private.CoreLib, Version=8.0.0.0, Culture=neutral, PublicKeyToken=7cec85d7bea7798e]]'.
2026-04-23 09:51:29.403 +07:00 [INF] Executed action ThucLuc.Api.Controllers.V1.YeuCauBoSungController.GetByKy (ThucLuc.Api) in 2.4288ms
2026-04-23 09:51:29.403 +07:00 [INF] Executing OkObjectResult, writing value of type 'ThucLuc.Api.Common.Models.ApiResponse`1[[System.Collections.Generic.IReadOnlyCollection`1[[ThucLuc.Application.Features.BaoCaoSnapshot.BaoCaoSnapshotDto, ThucLuc.Application, Version=1.0.0.0, Culture=neutral, PublicKeyToken=null]], System.Private.CoreLib, Version=8.0.0.0, Culture=neutral, PublicKeyToken=7cec85d7bea7798e]]'.
2026-04-23 09:51:29.404 +07:00 [INF] Executed endpoint 'ThucLuc.Api.Controllers.V1.YeuCauBoSungController.GetByKy (ThucLuc.Api)'
2026-04-23 09:51:29.405 +07:00 [INF] Executed action ThucLuc.Api.Controllers.V1.BaoCaoSnapshotController.GetByKy (ThucLuc.Api) in 3.2384ms
2026-04-23 09:51:29.405 +07:00 [INF] HTTP GET /api/v1/yeu-cau-bo-sung => 200 in 11.446 ms CorrelationId=badc8d2df4fc4ffb93755dbb0af3d5ed UserId=5001
2026-04-23 09:51:29.406 +07:00 [INF] Executed endpoint 'ThucLuc.Api.Controllers.V1.BaoCaoSnapshotController.GetByKy (ThucLuc.Api)'
2026-04-23 09:51:29.407 +07:00 [INF] HTTP GET /api/v1/yeu-cau-bo-sung responded 200 in 13.6073 ms
2026-04-23 09:51:29.408 +07:00 [INF] HTTP GET /api/v1/snapshot => 200 in 11.6796 ms CorrelationId=06830906e92a4861a80754a08baa9fbe UserId=5001
2026-04-23 09:51:29.409 +07:00 [INF] Request finished HTTP/1.1 GET http://localhost:5283/api/v1/yeu-cau-bo-sung?kyBaoCaoId=6001 - 200 null application/json; charset=utf-8 18.5099ms
2026-04-23 09:51:29.411 +07:00 [INF] HTTP GET /api/v1/snapshot responded 200 in 14.2140 ms
2026-04-23 09:51:29.415 +07:00 [INF] Request finished HTTP/1.1 GET http://localhost:5283/api/v1/snapshot?kyBaoCaoId=6001 - 200 null application/json; charset=utf-8 22.4273ms
2026-04-23 09:59:43.204 +07:00 [INF] Request starting HTTP/1.1 OPTIONS http://localhost:5283/api/v1/don-vi/2001 - null null
2026-04-23 09:59:43.207 +07:00 [INF] CORS policy execution successful.
2026-04-23 09:59:43.208 +07:00 [INF] HTTP OPTIONS /api/v1/don-vi/2001 => 204 in 1.0826 ms CorrelationId=b1f85a916b37402b96ec665a8e347c3b UserId=anonymous
2026-04-23 09:59:43.211 +07:00 [INF] HTTP OPTIONS /api/v1/don-vi/2001 responded 204 in 3.5057 ms
2026-04-23 09:59:43.213 +07:00 [INF] Request finished HTTP/1.1 OPTIONS http://localhost:5283/api/v1/don-vi/2001 - 204 null null 9.1683ms
2026-04-23 09:59:43.217 +07:00 [INF] Request starting HTTP/1.1 GET http://localhost:5283/api/v1/don-vi/2001 - null null
2026-04-23 09:59:43.218 +07:00 [INF] Request starting HTTP/1.1 OPTIONS http://localhost:5283/api/v1/ky-bao-cao/current - null null
2026-04-23 09:59:43.221 +07:00 [INF] CORS policy execution successful.
2026-04-23 09:59:43.224 +07:00 [INF] CORS policy execution successful.
2026-04-23 09:59:43.225 +07:00 [INF] Executing endpoint 'ThucLuc.Api.Controllers.V1.DonViController.GetById (ThucLuc.Api)'
2026-04-23 09:59:43.226 +07:00 [INF] HTTP OPTIONS /api/v1/ky-bao-cao/current => 204 in 1.9388 ms CorrelationId=435faad0d7fe49eda5d71db5450ec5d6 UserId=anonymous
2026-04-23 09:59:43.227 +07:00 [INF] Route matched with {action = "GetById", controller = "DonVi"}. Executing controller action with signature System.Threading.Tasks.Task`1[Microsoft.AspNetCore.Mvc.ActionResult`1[ThucLuc.Api.Common.Models.ApiResponse`1[ThucLuc.Application.Features.DonVi.DonViDto]]] GetById(Int64, System.Threading.CancellationToken) on controller ThucLuc.Api.Controllers.V1.DonViController (ThucLuc.Api).
2026-04-23 09:59:43.229 +07:00 [INF] HTTP OPTIONS /api/v1/ky-bao-cao/current responded 204 in 5.5440 ms
2026-04-23 09:59:43.234 +07:00 [INF] Request finished HTTP/1.1 OPTIONS http://localhost:5283/api/v1/ky-bao-cao/current - 204 null null 15.4942ms
2026-04-23 09:59:43.237 +07:00 [INF] Request starting HTTP/1.1 GET http://localhost:5283/api/v1/ky-bao-cao/current - null null
2026-04-23 09:59:43.241 +07:00 [INF] CORS policy execution successful.
2026-04-23 09:59:43.242 +07:00 [INF] Executing endpoint 'ThucLuc.Api.Controllers.V1.KyBaoCaoController.GetCurrent (ThucLuc.Api)'
2026-04-23 09:59:43.244 +07:00 [INF] Route matched with {action = "GetCurrent", controller = "KyBaoCao"}. Executing controller action with signature System.Threading.Tasks.Task`1[Microsoft.AspNetCore.Mvc.ActionResult`1[ThucLuc.Api.Common.Models.ApiResponse`1[ThucLuc.Application.Features.KyBaoCao.KyBaoCaoDto]]] GetCurrent(System.Threading.CancellationToken) on controller ThucLuc.Api.Controllers.V1.KyBaoCaoController (ThucLuc.Api).
2026-04-23 09:59:43.278 +07:00 [INF] Executing OkObjectResult, writing value of type 'ThucLuc.Api.Common.Models.ApiResponse`1[[ThucLuc.Application.Features.DonVi.DonViDto, ThucLuc.Application, Version=1.0.0.0, Culture=neutral, PublicKeyToken=null]]'.
2026-04-23 09:59:43.280 +07:00 [INF] Executed action ThucLuc.Api.Controllers.V1.DonViController.GetById (ThucLuc.Api) in 47.9285ms
2026-04-23 09:59:43.281 +07:00 [INF] Executed endpoint 'ThucLuc.Api.Controllers.V1.DonViController.GetById (ThucLuc.Api)'
2026-04-23 09:59:43.282 +07:00 [INF] HTTP GET /api/v1/don-vi/2001 => 200 in 61.3808 ms CorrelationId=d957f6339ccf455f93f0a273cf8cfbb6 UserId=5001
2026-04-23 09:59:43.284 +07:00 [INF] HTTP GET /api/v1/don-vi/2001 responded 200 in 63.6576 ms
2026-04-23 09:59:43.286 +07:00 [INF] Request finished HTTP/1.1 GET http://localhost:5283/api/v1/don-vi/2001 - 200 null application/json; charset=utf-8 68.536ms
2026-04-23 09:59:43.289 +07:00 [INF] Executing OkObjectResult, writing value of type 'ThucLuc.Api.Common.Models.ApiResponse`1[[ThucLuc.Application.Features.KyBaoCao.KyBaoCaoDto, ThucLuc.Application, Version=1.0.0.0, Culture=neutral, PublicKeyToken=null]]'.
2026-04-23 09:59:43.291 +07:00 [INF] Executed action ThucLuc.Api.Controllers.V1.KyBaoCaoController.GetCurrent (ThucLuc.Api) in 46.4326ms
2026-04-23 09:59:43.293 +07:00 [INF] Executed endpoint 'ThucLuc.Api.Controllers.V1.KyBaoCaoController.GetCurrent (ThucLuc.Api)'
2026-04-23 09:59:43.294 +07:00 [INF] HTTP GET /api/v1/ky-bao-cao/current => 200 in 53.803 ms CorrelationId=2fbe542a78aa47548957f65959f3e4a8 UserId=5001
2026-04-23 09:59:43.297 +07:00 [INF] HTTP GET /api/v1/ky-bao-cao/current responded 200 in 56.7815 ms
2026-04-23 09:59:43.299 +07:00 [INF] Request finished HTTP/1.1 GET http://localhost:5283/api/v1/ky-bao-cao/current - 200 null application/json; charset=utf-8 61.966ms
2026-04-23 09:59:43.302 +07:00 [INF] Request starting HTTP/1.1 OPTIONS http://localhost:5283/api/v1/snapshot?kyBaoCaoId=6001 - null null
2026-04-23 09:59:43.302 +07:00 [INF] Request starting HTTP/1.1 OPTIONS http://localhost:5283/api/v1/yeu-cau-bo-sung?kyBaoCaoId=6001 - null null
2026-04-23 09:59:43.304 +07:00 [INF] CORS policy execution successful.
2026-04-23 09:59:43.307 +07:00 [INF] CORS policy execution successful.
2026-04-23 09:59:43.308 +07:00 [INF] HTTP OPTIONS /api/v1/snapshot => 204 in 3.9172 ms CorrelationId=bfce436b7510404ab2de1797d419571c UserId=anonymous
2026-04-23 09:59:43.309 +07:00 [INF] HTTP OPTIONS /api/v1/yeu-cau-bo-sung => 204 in 1.6898 ms CorrelationId=7978e4c23a004fdebada9838213bd8ac UserId=anonymous
2026-04-23 09:59:43.312 +07:00 [INF] HTTP OPTIONS /api/v1/snapshot responded 204 in 7.6841 ms
2026-04-23 09:59:43.314 +07:00 [INF] HTTP OPTIONS /api/v1/yeu-cau-bo-sung responded 204 in 6.5605 ms
2026-04-23 09:59:43.316 +07:00 [INF] Request finished HTTP/1.1 OPTIONS http://localhost:5283/api/v1/snapshot?kyBaoCaoId=6001 - 204 null null 14.2561ms
2026-04-23 09:59:43.319 +07:00 [INF] Request finished HTTP/1.1 OPTIONS http://localhost:5283/api/v1/yeu-cau-bo-sung?kyBaoCaoId=6001 - 204 null null 16.3757ms
2026-04-23 09:59:43.321 +07:00 [INF] Request starting HTTP/1.1 GET http://localhost:5283/api/v1/snapshot?kyBaoCaoId=6001 - null null
2026-04-23 09:59:43.325 +07:00 [INF] Request starting HTTP/1.1 GET http://localhost:5283/api/v1/yeu-cau-bo-sung?kyBaoCaoId=6001 - null null
2026-04-23 09:59:43.327 +07:00 [INF] CORS policy execution successful.
2026-04-23 09:59:43.330 +07:00 [INF] CORS policy execution successful.
2026-04-23 09:59:43.332 +07:00 [INF] Executing endpoint 'ThucLuc.Api.Controllers.V1.BaoCaoSnapshotController.GetByKy (ThucLuc.Api)'
2026-04-23 09:59:43.332 +07:00 [INF] Executing endpoint 'ThucLuc.Api.Controllers.V1.YeuCauBoSungController.GetByKy (ThucLuc.Api)'
2026-04-23 09:59:43.333 +07:00 [INF] Route matched with {action = "GetByKy", controller = "BaoCaoSnapshot"}. Executing controller action with signature System.Threading.Tasks.Task`1[Microsoft.AspNetCore.Mvc.ActionResult`1[ThucLuc.Api.Common.Models.ApiResponse`1[System.Collections.Generic.IReadOnlyCollection`1[ThucLuc.Application.Features.BaoCaoSnapshot.BaoCaoSnapshotDto]]]] GetByKy(Int64, System.Threading.CancellationToken) on controller ThucLuc.Api.Controllers.V1.BaoCaoSnapshotController (ThucLuc.Api).
2026-04-23 09:59:43.334 +07:00 [INF] Route matched with {action = "GetByKy", controller = "YeuCauBoSung"}. Executing controller action with signature System.Threading.Tasks.Task`1[Microsoft.AspNetCore.Mvc.ActionResult`1[ThucLuc.Api.Common.Models.ApiResponse`1[System.Collections.Generic.IReadOnlyCollection`1[ThucLuc.Application.Features.YeuCauBoSung.YeuCauBoSungDto]]]] GetByKy(Int64, System.Threading.CancellationToken) on controller ThucLuc.Api.Controllers.V1.YeuCauBoSungController (ThucLuc.Api).
2026-04-23 09:59:43.381 +07:00 [INF] Executing OkObjectResult, writing value of type 'ThucLuc.Api.Common.Models.ApiResponse`1[[System.Collections.Generic.IReadOnlyCollection`1[[ThucLuc.Application.Features.YeuCauBoSung.YeuCauBoSungDto, ThucLuc.Application, Version=1.0.0.0, Culture=neutral, PublicKeyToken=null]], System.Private.CoreLib, Version=8.0.0.0, Culture=neutral, PublicKeyToken=7cec85d7bea7798e]]'.
2026-04-23 09:59:43.382 +07:00 [INF] Executing OkObjectResult, writing value of type 'ThucLuc.Api.Common.Models.ApiResponse`1[[System.Collections.Generic.IReadOnlyCollection`1[[ThucLuc.Application.Features.BaoCaoSnapshot.BaoCaoSnapshotDto, ThucLuc.Application, Version=1.0.0.0, Culture=neutral, PublicKeyToken=null]], System.Private.CoreLib, Version=8.0.0.0, Culture=neutral, PublicKeyToken=7cec85d7bea7798e]]'.
2026-04-23 09:59:43.382 +07:00 [INF] Executed action ThucLuc.Api.Controllers.V1.YeuCauBoSungController.GetByKy (ThucLuc.Api) in 45.1105ms
2026-04-23 09:59:43.384 +07:00 [INF] Executed action ThucLuc.Api.Controllers.V1.BaoCaoSnapshotController.GetByKy (ThucLuc.Api) in 48.5791ms
2026-04-23 09:59:43.385 +07:00 [INF] Executed endpoint 'ThucLuc.Api.Controllers.V1.YeuCauBoSungController.GetByKy (ThucLuc.Api)'
2026-04-23 09:59:43.386 +07:00 [INF] Executed endpoint 'ThucLuc.Api.Controllers.V1.BaoCaoSnapshotController.GetByKy (ThucLuc.Api)'
2026-04-23 09:59:43.387 +07:00 [INF] HTTP GET /api/v1/yeu-cau-bo-sung => 200 in 56.4468 ms CorrelationId=274614ceed634c9eb90c6f77354dc196 UserId=5001
2026-04-23 09:59:43.388 +07:00 [INF] HTTP GET /api/v1/snapshot => 200 in 60.903 ms CorrelationId=75902eeba92549e39be8e4bea695702e UserId=5001
2026-04-23 09:59:43.391 +07:00 [INF] HTTP GET /api/v1/yeu-cau-bo-sung responded 200 in 60.5700 ms
2026-04-23 09:59:43.393 +07:00 [INF] HTTP GET /api/v1/snapshot responded 200 in 65.6818 ms
2026-04-23 09:59:43.394 +07:00 [INF] Request finished HTTP/1.1 GET http://localhost:5283/api/v1/yeu-cau-bo-sung?kyBaoCaoId=6001 - 200 null application/json; charset=utf-8 69.0216ms
2026-04-23 09:59:43.396 +07:00 [INF] Request finished HTTP/1.1 GET http://localhost:5283/api/v1/snapshot?kyBaoCaoId=6001 - 200 null application/json; charset=utf-8 74.5212ms
2026-04-23 09:59:46.406 +07:00 [INF] Request starting HTTP/1.1 OPTIONS http://localhost:5283/api/v1/ky-bao-cao - null null
2026-04-23 09:59:46.406 +07:00 [INF] Request starting HTTP/1.1 OPTIONS http://localhost:5283/api/v1/mau-bao-cao?includeInactive=false - null null
2026-04-23 09:59:46.407 +07:00 [INF] Request starting HTTP/1.1 GET http://localhost:5283/api/v1/ky-bao-cao/current - null null
2026-04-23 09:59:46.410 +07:00 [INF] CORS policy execution successful.
2026-04-23 09:59:46.411 +07:00 [INF] CORS policy execution successful.
2026-04-23 09:59:46.414 +07:00 [INF] CORS policy execution successful.
2026-04-23 09:59:46.414 +07:00 [INF] HTTP OPTIONS /api/v1/ky-bao-cao => 204 in 4.7157 ms CorrelationId=ae2aad87fce04672a14aba6e00dc2df8 UserId=anonymous
2026-04-23 09:59:46.415 +07:00 [INF] HTTP OPTIONS /api/v1/mau-bao-cao => 204 in 3.4418 ms CorrelationId=f18ce6dded3b4a7b865c53fafcba99bf UserId=anonymous
2026-04-23 09:59:46.415 +07:00 [INF] Executing endpoint 'ThucLuc.Api.Controllers.V1.KyBaoCaoController.GetCurrent (ThucLuc.Api)'
2026-04-23 09:59:46.417 +07:00 [INF] HTTP OPTIONS /api/v1/ky-bao-cao responded 204 in 7.4598 ms
2026-04-23 09:59:46.419 +07:00 [INF] HTTP OPTIONS /api/v1/mau-bao-cao responded 204 in 7.7995 ms
2026-04-23 09:59:46.420 +07:00 [INF] Route matched with {action = "GetCurrent", controller = "KyBaoCao"}. Executing controller action with signature System.Threading.Tasks.Task`1[Microsoft.AspNetCore.Mvc.ActionResult`1[ThucLuc.Api.Common.Models.ApiResponse`1[ThucLuc.Application.Features.KyBaoCao.KyBaoCaoDto]]] GetCurrent(System.Threading.CancellationToken) on controller ThucLuc.Api.Controllers.V1.KyBaoCaoController (ThucLuc.Api).
2026-04-23 09:59:46.421 +07:00 [INF] Request finished HTTP/1.1 OPTIONS http://localhost:5283/api/v1/ky-bao-cao - 204 null null 14.8032ms
2026-04-23 09:59:46.423 +07:00 [INF] Request finished HTTP/1.1 OPTIONS http://localhost:5283/api/v1/mau-bao-cao?includeInactive=false - 204 null null 17.2802ms
2026-04-23 09:59:46.431 +07:00 [INF] Request starting HTTP/1.1 GET http://localhost:5283/api/v1/ky-bao-cao - null null
2026-04-23 09:59:46.435 +07:00 [INF] Request starting HTTP/1.1 GET http://localhost:5283/api/v1/mau-bao-cao?includeInactive=false - null null
2026-04-23 09:59:46.439 +07:00 [INF] CORS policy execution successful.
2026-04-23 09:59:46.442 +07:00 [INF] CORS policy execution successful.
2026-04-23 09:59:46.443 +07:00 [INF] Executing endpoint 'ThucLuc.Api.Controllers.V1.KyBaoCaoController.GetAll (ThucLuc.Api)'
2026-04-23 09:59:46.445 +07:00 [INF] Executing endpoint 'ThucLuc.Api.Controllers.V1.MauBaoCaoController.GetAll (ThucLuc.Api)'
2026-04-23 09:59:46.446 +07:00 [INF] Route matched with {action = "GetAll", controller = "KyBaoCao"}. Executing controller action with signature System.Threading.Tasks.Task`1[Microsoft.AspNetCore.Mvc.ActionResult`1[ThucLuc.Api.Common.Models.ApiResponse`1[System.Collections.Generic.IReadOnlyCollection`1[ThucLuc.Application.Features.KyBaoCao.KyBaoCaoDto]]]] GetAll(System.Threading.CancellationToken) on controller ThucLuc.Api.Controllers.V1.KyBaoCaoController (ThucLuc.Api).
2026-04-23 09:59:46.447 +07:00 [INF] Route matched with {action = "GetAll", controller = "MauBaoCao"}. Executing controller action with signature System.Threading.Tasks.Task`1[Microsoft.AspNetCore.Mvc.ActionResult`1[ThucLuc.Api.Common.Models.ApiResponse`1[System.Collections.Generic.IReadOnlyCollection`1[ThucLuc.Application.Features.MauBaoCao.MauBaoCaoDto]]]] GetAll(Boolean, System.Threading.CancellationToken) on controller ThucLuc.Api.Controllers.V1.MauBaoCaoController (ThucLuc.Api).
2026-04-23 09:59:46.450 +07:00 [INF] Executing OkObjectResult, writing value of type 'ThucLuc.Api.Common.Models.ApiResponse`1[[System.Collections.Generic.IReadOnlyCollection`1[[ThucLuc.Application.Features.KyBaoCao.KyBaoCaoDto, ThucLuc.Application, Version=1.0.0.0, Culture=neutral, PublicKeyToken=null]], System.Private.CoreLib, Version=8.0.0.0, Culture=neutral, PublicKeyToken=7cec85d7bea7798e]]'.
2026-04-23 09:59:46.454 +07:00 [INF] Executed action ThucLuc.Api.Controllers.V1.KyBaoCaoController.GetAll (ThucLuc.Api) in 4.9505ms
2026-04-23 09:59:46.456 +07:00 [INF] Executed endpoint 'ThucLuc.Api.Controllers.V1.KyBaoCaoController.GetAll (ThucLuc.Api)'
2026-04-23 09:59:46.457 +07:00 [INF] HTTP GET /api/v1/ky-bao-cao => 200 in 17.6469 ms CorrelationId=42131775d637447ba4206211a2b8add4 UserId=5001
2026-04-23 09:59:46.460 +07:00 [INF] Executing OkObjectResult, writing value of type 'ThucLuc.Api.Common.Models.ApiResponse`1[[System.Collections.Generic.IReadOnlyCollection`1[[ThucLuc.Application.Features.MauBaoCao.MauBaoCaoDto, ThucLuc.Application, Version=1.0.0.0, Culture=neutral, PublicKeyToken=null]], System.Private.CoreLib, Version=8.0.0.0, Culture=neutral, PublicKeyToken=7cec85d7bea7798e]]'.
2026-04-23 09:59:46.460 +07:00 [INF] HTTP GET /api/v1/ky-bao-cao responded 200 in 21.2601 ms
2026-04-23 09:59:46.463 +07:00 [INF] Executed action ThucLuc.Api.Controllers.V1.MauBaoCaoController.GetAll (ThucLuc.Api) in 11.5227ms
2026-04-23 09:59:46.465 +07:00 [INF] Request finished HTTP/1.1 GET http://localhost:5283/api/v1/ky-bao-cao - 200 null application/json; charset=utf-8 33.5467ms
2026-04-23 09:59:46.467 +07:00 [INF] Executed endpoint 'ThucLuc.Api.Controllers.V1.MauBaoCaoController.GetAll (ThucLuc.Api)'
2026-04-23 09:59:46.469 +07:00 [INF] Executing OkObjectResult, writing value of type 'ThucLuc.Api.Common.Models.ApiResponse`1[[ThucLuc.Application.Features.KyBaoCao.KyBaoCaoDto, ThucLuc.Application, Version=1.0.0.0, Culture=neutral, PublicKeyToken=null]]'.
2026-04-23 09:59:46.473 +07:00 [INF] HTTP GET /api/v1/mau-bao-cao => 200 in 31.0559 ms CorrelationId=72d5fc0b5bf14bce9d1b5e715a4426f9 UserId=5001
2026-04-23 09:59:46.475 +07:00 [INF] Executed action ThucLuc.Api.Controllers.V1.KyBaoCaoController.GetCurrent (ThucLuc.Api) in 49.6718ms
2026-04-23 09:59:46.478 +07:00 [INF] HTTP GET /api/v1/mau-bao-cao responded 200 in 36.5359 ms
2026-04-23 09:59:46.480 +07:00 [INF] Executed endpoint 'ThucLuc.Api.Controllers.V1.KyBaoCaoController.GetCurrent (ThucLuc.Api)'
2026-04-23 09:59:46.482 +07:00 [INF] Request finished HTTP/1.1 GET http://localhost:5283/api/v1/mau-bao-cao?includeInactive=false - 200 null application/json; charset=utf-8 46.4642ms
2026-04-23 09:59:46.483 +07:00 [INF] HTTP GET /api/v1/ky-bao-cao/current => 200 in 69.8184 ms CorrelationId=1ba2e1f73c7446399c4ed2a4aebba227 UserId=5001
2026-04-23 09:59:46.490 +07:00 [INF] HTTP GET /api/v1/ky-bao-cao/current responded 200 in 76.3744 ms
2026-04-23 09:59:46.492 +07:00 [INF] Request finished HTTP/1.1 GET http://localhost:5283/api/v1/ky-bao-cao/current - 200 null application/json; charset=utf-8 85.0021ms
2026-04-23 09:59:46.495 +07:00 [INF] Request starting HTTP/1.1 OPTIONS http://localhost:5283/api/v1/ky-bao-cao/6003/tien-do - null null
2026-04-23 09:59:46.495 +07:00 [INF] Request starting HTTP/1.1 OPTIONS http://localhost:5283/api/v1/ky-bao-cao/6001/tien-do - null null
2026-04-23 09:59:46.495 +07:00 [INF] Request starting HTTP/1.1 OPTIONS http://localhost:5283/api/v1/ky-bao-cao/6002/tien-do - null null
2026-04-23 09:59:46.502 +07:00 [INF] CORS policy execution successful.
2026-04-23 09:59:46.505 +07:00 [INF] CORS policy execution successful.
2026-04-23 09:59:46.509 +07:00 [INF] CORS policy execution successful.
2026-04-23 09:59:46.509 +07:00 [INF] HTTP OPTIONS /api/v1/ky-bao-cao/6003/tien-do => 204 in 7.4383 ms CorrelationId=f7d4f2f385324456aaa5d5951825406a UserId=anonymous
2026-04-23 09:59:46.510 +07:00 [INF] HTTP OPTIONS /api/v1/ky-bao-cao/6001/tien-do => 204 in 4.3799 ms CorrelationId=9672b0508f8a4f50beb6932000d4e079 UserId=anonymous
2026-04-23 09:59:46.511 +07:00 [INF] HTTP OPTIONS /api/v1/ky-bao-cao/6002/tien-do => 204 in 2.059 ms CorrelationId=90676f306cc44883952163c089740f6c UserId=anonymous
2026-04-23 09:59:46.512 +07:00 [INF] HTTP OPTIONS /api/v1/ky-bao-cao/6003/tien-do responded 204 in 10.6422 ms
2026-04-23 09:59:46.514 +07:00 [INF] HTTP OPTIONS /api/v1/ky-bao-cao/6001/tien-do responded 204 in 8.9652 ms
2026-04-23 09:59:46.516 +07:00 [INF] HTTP OPTIONS /api/v1/ky-bao-cao/6002/tien-do responded 204 in 7.5122 ms
2026-04-23 09:59:46.518 +07:00 [INF] Request finished HTTP/1.1 OPTIONS http://localhost:5283/api/v1/ky-bao-cao/6003/tien-do - 204 null null 22.6143ms
2026-04-23 09:59:46.520 +07:00 [INF] Request finished HTTP/1.1 OPTIONS http://localhost:5283/api/v1/ky-bao-cao/6001/tien-do - 204 null null 24.2228ms
2026-04-23 09:59:46.521 +07:00 [INF] Request finished HTTP/1.1 OPTIONS http://localhost:5283/api/v1/ky-bao-cao/6002/tien-do - 204 null null 25.9107ms
2026-04-23 09:59:46.525 +07:00 [INF] Request starting HTTP/1.1 GET http://localhost:5283/api/v1/ky-bao-cao/6003/tien-do - null null
2026-04-23 09:59:46.528 +07:00 [INF] Request starting HTTP/1.1 GET http://localhost:5283/api/v1/ky-bao-cao/6001/tien-do - null null
2026-04-23 09:59:46.531 +07:00 [INF] Request starting HTTP/1.1 GET http://localhost:5283/api/v1/ky-bao-cao/6002/tien-do - null null
2026-04-23 09:59:46.533 +07:00 [INF] CORS policy execution successful.
2026-04-23 09:59:46.535 +07:00 [INF] CORS policy execution successful.
2026-04-23 09:59:46.538 +07:00 [INF] CORS policy execution successful.
2026-04-23 09:59:46.538 +07:00 [INF] Executing endpoint 'ThucLuc.Api.Controllers.V1.KyBaoCaoController.GetTienDo (ThucLuc.Api)'
2026-04-23 09:59:46.540 +07:00 [INF] Executing endpoint 'ThucLuc.Api.Controllers.V1.KyBaoCaoController.GetTienDo (ThucLuc.Api)'
2026-04-23 09:59:46.541 +07:00 [INF] Executing endpoint 'ThucLuc.Api.Controllers.V1.KyBaoCaoController.GetTienDo (ThucLuc.Api)'
2026-04-23 09:59:46.542 +07:00 [INF] Route matched with {action = "GetTienDo", controller = "KyBaoCao"}. Executing controller action with signature System.Threading.Tasks.Task`1[Microsoft.AspNetCore.Mvc.ActionResult`1[ThucLuc.Api.Common.Models.ApiResponse`1[ThucLuc.Application.Features.KyBaoCao.KyBaoCaoTienDoDto]]] GetTienDo(Int64, System.Threading.CancellationToken) on controller ThucLuc.Api.Controllers.V1.KyBaoCaoController (ThucLuc.Api).
2026-04-23 09:59:46.543 +07:00 [INF] Route matched with {action = "GetTienDo", controller = "KyBaoCao"}. Executing controller action with signature System.Threading.Tasks.Task`1[Microsoft.AspNetCore.Mvc.ActionResult`1[ThucLuc.Api.Common.Models.ApiResponse`1[ThucLuc.Application.Features.KyBaoCao.KyBaoCaoTienDoDto]]] GetTienDo(Int64, System.Threading.CancellationToken) on controller ThucLuc.Api.Controllers.V1.KyBaoCaoController (ThucLuc.Api).
2026-04-23 09:59:46.544 +07:00 [INF] Route matched with {action = "GetTienDo", controller = "KyBaoCao"}. Executing controller action with signature System.Threading.Tasks.Task`1[Microsoft.AspNetCore.Mvc.ActionResult`1[ThucLuc.Api.Common.Models.ApiResponse`1[ThucLuc.Application.Features.KyBaoCao.KyBaoCaoTienDoDto]]] GetTienDo(Int64, System.Threading.CancellationToken) on controller ThucLuc.Api.Controllers.V1.KyBaoCaoController (ThucLuc.Api).
2026-04-23 09:59:46.550 +07:00 [INF] Executing OkObjectResult, writing value of type 'ThucLuc.Api.Common.Models.ApiResponse`1[[ThucLuc.Application.Features.KyBaoCao.KyBaoCaoTienDoDto, ThucLuc.Application, Version=1.0.0.0, Culture=neutral, PublicKeyToken=null]]'.
2026-04-23 09:59:46.552 +07:00 [INF] Executed action ThucLuc.Api.Controllers.V1.KyBaoCaoController.GetTienDo (ThucLuc.Api) in 5.6846ms
2026-04-23 09:59:46.552 +07:00 [INF] Executing OkObjectResult, writing value of type 'ThucLuc.Api.Common.Models.ApiResponse`1[[ThucLuc.Application.Features.KyBaoCao.KyBaoCaoTienDoDto, ThucLuc.Application, Version=1.0.0.0, Culture=neutral, PublicKeyToken=null]]'.
2026-04-23 09:59:46.553 +07:00 [INF] Executed endpoint 'ThucLuc.Api.Controllers.V1.KyBaoCaoController.GetTienDo (ThucLuc.Api)'
2026-04-23 09:59:46.553 +07:00 [INF] Executing OkObjectResult, writing value of type 'ThucLuc.Api.Common.Models.ApiResponse`1[[ThucLuc.Application.Features.KyBaoCao.KyBaoCaoTienDoDto, ThucLuc.Application, Version=1.0.0.0, Culture=neutral, PublicKeyToken=null]]'.
2026-04-23 09:59:46.554 +07:00 [INF] Executed action ThucLuc.Api.Controllers.V1.KyBaoCaoController.GetTienDo (ThucLuc.Api) in 6.4673ms
2026-04-23 09:59:46.556 +07:00 [INF] HTTP GET /api/v1/ky-bao-cao/6003/tien-do => 200 in 22.85 ms CorrelationId=193eb176d9184090bb878c470aaf6492 UserId=5001
2026-04-23 09:59:46.557 +07:00 [INF] Executed action ThucLuc.Api.Controllers.V1.KyBaoCaoController.GetTienDo (ThucLuc.Api) in 7.0839ms
2026-04-23 09:59:46.559 +07:00 [INF] Executed endpoint 'ThucLuc.Api.Controllers.V1.KyBaoCaoController.GetTienDo (ThucLuc.Api)'
2026-04-23 09:59:46.560 +07:00 [INF] HTTP GET /api/v1/ky-bao-cao/6003/tien-do responded 200 in 27.7103 ms
2026-04-23 09:59:46.562 +07:00 [INF] Executed endpoint 'ThucLuc.Api.Controllers.V1.KyBaoCaoController.GetTienDo (ThucLuc.Api)'
2026-04-23 09:59:46.563 +07:00 [INF] HTTP GET /api/v1/ky-bao-cao/6001/tien-do => 200 in 28.2048 ms CorrelationId=e858df7825984551bc84958c3bc6d486 UserId=5001
2026-04-23 09:59:46.565 +07:00 [INF] Request finished HTTP/1.1 GET http://localhost:5283/api/v1/ky-bao-cao/6003/tien-do - 200 null application/json; charset=utf-8 39.2205ms
2026-04-23 09:59:46.566 +07:00 [INF] HTTP GET /api/v1/ky-bao-cao/6002/tien-do => 200 in 28.1103 ms CorrelationId=9187d31fa09b42339255f544b426d3d1 UserId=5001
2026-04-23 09:59:46.568 +07:00 [INF] HTTP GET /api/v1/ky-bao-cao/6001/tien-do responded 200 in 32.8160 ms
2026-04-23 09:59:46.572 +07:00 [INF] HTTP GET /api/v1/ky-bao-cao/6002/tien-do responded 200 in 34.4505 ms
2026-04-23 09:59:46.574 +07:00 [INF] Request finished HTTP/1.1 GET http://localhost:5283/api/v1/ky-bao-cao/6001/tien-do - 200 null application/json; charset=utf-8 45.9341ms
2026-04-23 09:59:46.576 +07:00 [INF] Request finished HTTP/1.1 GET http://localhost:5283/api/v1/ky-bao-cao/6002/tien-do - 200 null application/json; charset=utf-8 45.4214ms
2026-04-23 11:02:05.167 +07:00 [INF] Request starting HTTP/1.1 OPTIONS http://localhost:5283/api/v1/users - null null
2026-04-23 11:02:05.167 +07:00 [INF] Request starting HTTP/1.1 OPTIONS http://localhost:5283/api/v1/don-vi - null null
2026-04-23 11:02:05.170 +07:00 [INF] CORS policy execution successful.
2026-04-23 11:02:05.172 +07:00 [INF] CORS policy execution successful.
2026-04-23 11:02:05.172 +07:00 [INF] HTTP OPTIONS /api/v1/users => 204 in 1.9214 ms CorrelationId=9f2363f92a604fcd97be3e9801cf22ef UserId=anonymous
2026-04-23 11:02:05.173 +07:00 [INF] HTTP OPTIONS /api/v1/don-vi => 204 in 1.0497 ms CorrelationId=2a9e3c0c9fae4bfbb55896c59ccad8a7 UserId=anonymous
2026-04-23 11:02:05.174 +07:00 [INF] HTTP OPTIONS /api/v1/users responded 204 in 3.8167 ms
2026-04-23 11:02:05.175 +07:00 [INF] HTTP OPTIONS /api/v1/don-vi responded 204 in 3.8339 ms
2026-04-23 11:02:05.177 +07:00 [INF] Request finished HTTP/1.1 OPTIONS http://localhost:5283/api/v1/users - 204 null null 9.4102ms
2026-04-23 11:02:05.178 +07:00 [INF] Request finished HTTP/1.1 OPTIONS http://localhost:5283/api/v1/don-vi - 204 null null 11.2075ms
2026-04-23 11:02:05.183 +07:00 [INF] Request starting HTTP/1.1 GET http://localhost:5283/api/v1/users - null null
2026-04-23 11:02:05.187 +07:00 [INF] Request starting HTTP/1.1 GET http://localhost:5283/api/v1/don-vi - null null
2026-04-23 11:02:05.189 +07:00 [INF] CORS policy execution successful.
2026-04-23 11:02:05.191 +07:00 [INF] CORS policy execution successful.
2026-04-23 11:02:05.192 +07:00 [INF] Executing endpoint 'ThucLuc.Api.Controllers.V1.UsersController.GetAll (ThucLuc.Api)'
2026-04-23 11:02:05.192 +07:00 [INF] Executing endpoint 'ThucLuc.Api.Controllers.V1.DonViController.GetList (ThucLuc.Api)'
2026-04-23 11:02:05.198 +07:00 [INF] Route matched with {action = "GetList", controller = "DonVi"}. Executing controller action with signature System.Threading.Tasks.Task`1[Microsoft.AspNetCore.Mvc.ActionResult`1[ThucLuc.Api.Common.Models.ApiResponse`1[System.Collections.Generic.IReadOnlyCollection`1[ThucLuc.Application.Features.DonVi.DonViDto]]]] GetList(System.Threading.CancellationToken) on controller ThucLuc.Api.Controllers.V1.DonViController (ThucLuc.Api).
2026-04-23 11:02:05.198 +07:00 [INF] Route matched with {action = "GetAll", controller = "Users"}. Executing controller action with signature System.Threading.Tasks.Task`1[Microsoft.AspNetCore.Mvc.ActionResult`1[ThucLuc.Api.Common.Models.ApiResponse`1[System.Collections.Generic.IReadOnlyCollection`1[ThucLuc.Application.Features.Users.UserDto]]]] GetAll(System.Threading.CancellationToken) on controller ThucLuc.Api.Controllers.V1.UsersController (ThucLuc.Api).
2026-04-23 11:02:05.257 +07:00 [INF] Executing OkObjectResult, writing value of type 'ThucLuc.Api.Common.Models.ApiResponse`1[[System.Collections.Generic.IReadOnlyCollection`1[[ThucLuc.Application.Features.DonVi.DonViDto, ThucLuc.Application, Version=1.0.0.0, Culture=neutral, PublicKeyToken=null]], System.Private.CoreLib, Version=8.0.0.0, Culture=neutral, PublicKeyToken=7cec85d7bea7798e]]'.
2026-04-23 11:02:05.259 +07:00 [INF] Executed action ThucLuc.Api.Controllers.V1.DonViController.GetList (ThucLuc.Api) in 57.2282ms
2026-04-23 11:02:05.260 +07:00 [INF] Executed endpoint 'ThucLuc.Api.Controllers.V1.DonViController.GetList (ThucLuc.Api)'
2026-04-23 11:02:05.261 +07:00 [INF] HTTP GET /api/v1/don-vi => 200 in 69.9652 ms CorrelationId=ce49a78297df4eee94be2fb3515beb7b UserId=5001
2026-04-23 11:02:05.263 +07:00 [INF] HTTP GET /api/v1/don-vi responded 200 in 72.3360 ms
2026-04-23 11:02:05.265 +07:00 [INF] Request finished HTTP/1.1 GET http://localhost:5283/api/v1/don-vi - 200 null application/json; charset=utf-8 78.3575ms
2026-04-23 11:02:05.303 +07:00 [INF] Executing OkObjectResult, writing value of type 'ThucLuc.Api.Common.Models.ApiResponse`1[[System.Collections.Generic.IReadOnlyCollection`1[[ThucLuc.Application.Features.Users.UserDto, ThucLuc.Application, Version=1.0.0.0, Culture=neutral, PublicKeyToken=null]], System.Private.CoreLib, Version=8.0.0.0, Culture=neutral, PublicKeyToken=7cec85d7bea7798e]]'.
2026-04-23 11:02:05.307 +07:00 [INF] Executed action ThucLuc.Api.Controllers.V1.UsersController.GetAll (ThucLuc.Api) in 103.3117ms
2026-04-23 11:02:05.309 +07:00 [INF] Executed endpoint 'ThucLuc.Api.Controllers.V1.UsersController.GetAll (ThucLuc.Api)'
2026-04-23 11:02:05.311 +07:00 [INF] HTTP GET /api/v1/users => 200 in 121.5129 ms CorrelationId=7bb313fc46ec4b9298c27c16e9782f0a UserId=5001
2026-04-23 11:02:05.313 +07:00 [INF] HTTP GET /api/v1/users responded 200 in 123.6183 ms
2026-04-23 11:02:05.314 +07:00 [INF] Request finished HTTP/1.1 GET http://localhost:5283/api/v1/users - 200 null application/json; charset=utf-8 131.3103ms
2026-04-23 11:02:05.318 +07:00 [INF] Request starting HTTP/1.1 OPTIONS http://localhost:5283/api/v1/roles - null null
2026-04-23 11:02:05.321 +07:00 [INF] CORS policy execution successful.
2026-04-23 11:02:05.322 +07:00 [INF] HTTP OPTIONS /api/v1/roles => 204 in 0.9548 ms CorrelationId=e3cf580ecaa94bde90725c1d3615bde3 UserId=anonymous
2026-04-23 11:02:05.324 +07:00 [INF] HTTP OPTIONS /api/v1/roles responded 204 in 3.2688 ms
2026-04-23 11:02:05.326 +07:00 [INF] Request finished HTTP/1.1 OPTIONS http://localhost:5283/api/v1/roles - 204 null null 8.3521ms
2026-04-23 11:02:05.329 +07:00 [INF] Request starting HTTP/1.1 GET http://localhost:5283/api/v1/roles - null null
2026-04-23 11:02:05.333 +07:00 [INF] CORS policy execution successful.
2026-04-23 11:02:05.334 +07:00 [INF] Executing endpoint 'ThucLuc.Api.Controllers.V1.RolesController.GetAll (ThucLuc.Api)'
2026-04-23 11:02:05.338 +07:00 [INF] Route matched with {action = "GetAll", controller = "Roles"}. Executing controller action with signature System.Threading.Tasks.Task`1[Microsoft.AspNetCore.Mvc.ActionResult`1[ThucLuc.Api.Common.Models.ApiResponse`1[System.Collections.Generic.IReadOnlyCollection`1[ThucLuc.Application.Features.Roles.RoleDto]]]] GetAll(System.Threading.CancellationToken) on controller ThucLuc.Api.Controllers.V1.RolesController (ThucLuc.Api).
2026-04-23 11:02:05.363 +07:00 [INF] Executing OkObjectResult, writing value of type 'ThucLuc.Api.Common.Models.ApiResponse`1[[System.Collections.Generic.IReadOnlyCollection`1[[ThucLuc.Application.Features.Roles.RoleDto, ThucLuc.Application, Version=1.0.0.0, Culture=neutral, PublicKeyToken=null]], System.Private.CoreLib, Version=8.0.0.0, Culture=neutral, PublicKeyToken=7cec85d7bea7798e]]'.
2026-04-23 11:02:05.368 +07:00 [INF] Executed action ThucLuc.Api.Controllers.V1.RolesController.GetAll (ThucLuc.Api) in 28.0197ms
2026-04-23 11:02:05.369 +07:00 [INF] Executed endpoint 'ThucLuc.Api.Controllers.V1.RolesController.GetAll (ThucLuc.Api)'
2026-04-23 11:02:05.371 +07:00 [INF] HTTP GET /api/v1/roles => 200 in 38.1193 ms CorrelationId=51574b8490e34e8492f31852bfb2f3f4 UserId=5001
2026-04-23 11:02:05.373 +07:00 [INF] HTTP GET /api/v1/roles responded 200 in 40.7045 ms
2026-04-23 11:02:05.375 +07:00 [INF] Request finished HTTP/1.1 GET http://localhost:5283/api/v1/roles - 200 null application/json; charset=utf-8 46.0301ms
2026-04-23 11:02:05.378 +07:00 [INF] Request starting HTTP/1.1 OPTIONS http://localhost:5283/api/v1/phan-quyen/user-roles - null null
2026-04-23 11:02:05.381 +07:00 [INF] CORS policy execution successful.
2026-04-23 11:02:05.382 +07:00 [INF] HTTP OPTIONS /api/v1/phan-quyen/user-roles => 204 in 1.1256 ms CorrelationId=30b5e01d51f04cf5a97a76d99b00db15 UserId=anonymous
2026-04-23 11:02:05.384 +07:00 [INF] HTTP OPTIONS /api/v1/phan-quyen/user-roles responded 204 in 3.2988 ms
2026-04-23 11:02:05.386 +07:00 [INF] Request finished HTTP/1.1 OPTIONS http://localhost:5283/api/v1/phan-quyen/user-roles - 204 null null 7.8316ms
2026-04-23 11:02:05.389 +07:00 [INF] Request starting HTTP/1.1 GET http://localhost:5283/api/v1/phan-quyen/user-roles - null null
2026-04-23 11:02:05.392 +07:00 [INF] CORS policy execution successful.
2026-04-23 11:02:05.392 +07:00 [INF] Executing endpoint 'ThucLuc.Api.Controllers.V1.PhanQuyenController.GetUserRoleMappings (ThucLuc.Api)'
2026-04-23 11:02:05.395 +07:00 [INF] Route matched with {action = "GetUserRoleMappings", controller = "PhanQuyen"}. Executing controller action with signature System.Threading.Tasks.Task`1[Microsoft.AspNetCore.Mvc.ActionResult`1[ThucLuc.Api.Common.Models.ApiResponse`1[System.Collections.Generic.IReadOnlyCollection`1[ThucLuc.Api.Controllers.V1.UserRoleMappingDto]]]] GetUserRoleMappings(System.Nullable`1[System.Int64], System.Threading.CancellationToken) on controller ThucLuc.Api.Controllers.V1.PhanQuyenController (ThucLuc.Api).
2026-04-23 11:02:05.412 +07:00 [INF] Executing OkObjectResult, writing value of type 'ThucLuc.Api.Common.Models.ApiResponse`1[[System.Collections.Generic.IReadOnlyCollection`1[[ThucLuc.Api.Controllers.V1.UserRoleMappingDto, ThucLuc.Api, Version=1.0.0.0, Culture=neutral, PublicKeyToken=null]], System.Private.CoreLib, Version=8.0.0.0, Culture=neutral, PublicKeyToken=7cec85d7bea7798e]]'.
2026-04-23 11:02:05.417 +07:00 [INF] Executed action ThucLuc.Api.Controllers.V1.PhanQuyenController.GetUserRoleMappings (ThucLuc.Api) in 19.6138ms
2026-04-23 11:02:05.419 +07:00 [INF] Executed endpoint 'ThucLuc.Api.Controllers.V1.PhanQuyenController.GetUserRoleMappings (ThucLuc.Api)'
2026-04-23 11:02:05.422 +07:00 [INF] HTTP GET /api/v1/phan-quyen/user-roles => 200 in 30.2485 ms CorrelationId=a854b1940dc14a10a7c5aec79218c17e UserId=5001
2026-04-23 11:02:05.425 +07:00 [INF] HTTP GET /api/v1/phan-quyen/user-roles responded 200 in 33.2643 ms
2026-04-23 11:02:05.427 +07:00 [INF] Request finished HTTP/1.1 GET http://localhost:5283/api/v1/phan-quyen/user-roles - 200 null application/json; charset=utf-8 37.3403ms
2026-04-23 11:02:05.693 +07:00 [INF] Request starting HTTP/1.1 GET http://localhost:5283/api/v1/roles - null null
2026-04-23 11:02:05.695 +07:00 [INF] CORS policy execution successful.
2026-04-23 11:02:05.695 +07:00 [INF] Executing endpoint 'ThucLuc.Api.Controllers.V1.RolesController.GetAll (ThucLuc.Api)'
2026-04-23 11:02:05.696 +07:00 [INF] Route matched with {action = "GetAll", controller = "Roles"}. Executing controller action with signature System.Threading.Tasks.Task`1[Microsoft.AspNetCore.Mvc.ActionResult`1[ThucLuc.Api.Common.Models.ApiResponse`1[System.Collections.Generic.IReadOnlyCollection`1[ThucLuc.Application.Features.Roles.RoleDto]]]] GetAll(System.Threading.CancellationToken) on controller ThucLuc.Api.Controllers.V1.RolesController (ThucLuc.Api).
2026-04-23 11:02:05.708 +07:00 [INF] Executing OkObjectResult, writing value of type 'ThucLuc.Api.Common.Models.ApiResponse`1[[System.Collections.Generic.IReadOnlyCollection`1[[ThucLuc.Application.Features.Roles.RoleDto, ThucLuc.Application, Version=1.0.0.0, Culture=neutral, PublicKeyToken=null]], System.Private.CoreLib, Version=8.0.0.0, Culture=neutral, PublicKeyToken=7cec85d7bea7798e]]'.
2026-04-23 11:02:05.710 +07:00 [INF] Executed action ThucLuc.Api.Controllers.V1.RolesController.GetAll (ThucLuc.Api) in 12.1027ms
2026-04-23 11:02:05.711 +07:00 [INF] Executed endpoint 'ThucLuc.Api.Controllers.V1.RolesController.GetAll (ThucLuc.Api)'
2026-04-23 11:02:05.712 +07:00 [INF] HTTP GET /api/v1/roles => 200 in 17.5107 ms CorrelationId=b5045e278d7d4d56a3e63314b1e22e2e UserId=5001
2026-04-23 11:02:05.714 +07:00 [INF] HTTP GET /api/v1/roles responded 200 in 19.3490 ms
2026-04-23 11:02:05.741 +07:00 [INF] Request finished HTTP/1.1 GET http://localhost:5283/api/v1/roles - 200 null application/json; charset=utf-8 47.9737ms
2026-04-23 14:53:30.554 +07:00 [INF] Request starting HTTP/1.1 OPTIONS http://localhost:5283/api/v1/roles - null null
2026-04-23 14:53:30.554 +07:00 [INF] Request starting HTTP/1.1 OPTIONS http://localhost:5283/api/v1/don-vi/2001 - null null
2026-04-23 14:53:30.560 +07:00 [INF] CORS policy execution successful.
2026-04-23 14:53:30.562 +07:00 [INF] CORS policy execution successful.
2026-04-23 14:53:30.563 +07:00 [INF] HTTP OPTIONS /api/v1/roles => 204 in 3.3981 ms CorrelationId=b7a61d1581344c85a003aeee7d534f8a UserId=anonymous
2026-04-23 14:53:30.564 +07:00 [INF] HTTP OPTIONS /api/v1/don-vi/2001 => 204 in 1.8671 ms CorrelationId=b2d61014234046108547757f1b7d8dfb UserId=anonymous
2026-04-23 14:53:30.566 +07:00 [INF] HTTP OPTIONS /api/v1/roles responded 204 in 6.2229 ms
2026-04-23 14:53:30.568 +07:00 [INF] HTTP OPTIONS /api/v1/don-vi/2001 responded 204 in 5.9260 ms
2026-04-23 14:53:30.570 +07:00 [INF] Request finished HTTP/1.1 OPTIONS http://localhost:5283/api/v1/roles - 204 null null 15.9679ms
2026-04-23 14:53:30.571 +07:00 [INF] Request finished HTTP/1.1 OPTIONS http://localhost:5283/api/v1/don-vi/2001 - 204 null null 17.3898ms
2026-04-23 14:53:30.575 +07:00 [INF] Request starting HTTP/1.1 GET http://localhost:5283/api/v1/roles - null null
2026-04-23 14:53:30.578 +07:00 [INF] Request starting HTTP/1.1 GET http://localhost:5283/api/v1/don-vi/2001 - null null
2026-04-23 14:53:30.581 +07:00 [INF] CORS policy execution successful.
2026-04-23 14:53:30.584 +07:00 [INF] CORS policy execution successful.
2026-04-23 14:53:30.586 +07:00 [INF] Executing endpoint 'ThucLuc.Api.Controllers.V1.RolesController.GetAll (ThucLuc.Api)'
2026-04-23 14:53:30.586 +07:00 [INF] Executing endpoint 'ThucLuc.Api.Controllers.V1.DonViController.GetById (ThucLuc.Api)'
2026-04-23 14:53:30.588 +07:00 [INF] Route matched with {action = "GetAll", controller = "Roles"}. Executing controller action with signature System.Threading.Tasks.Task`1[Microsoft.AspNetCore.Mvc.ActionResult`1[ThucLuc.Api.Common.Models.ApiResponse`1[System.Collections.Generic.IReadOnlyCollection`1[ThucLuc.Application.Features.Roles.RoleDto]]]] GetAll(System.Threading.CancellationToken) on controller ThucLuc.Api.Controllers.V1.RolesController (ThucLuc.Api).
2026-04-23 14:53:30.588 +07:00 [INF] Route matched with {action = "GetById", controller = "DonVi"}. Executing controller action with signature System.Threading.Tasks.Task`1[Microsoft.AspNetCore.Mvc.ActionResult`1[ThucLuc.Api.Common.Models.ApiResponse`1[ThucLuc.Application.Features.DonVi.DonViDto]]] GetById(Int64, System.Threading.CancellationToken) on controller ThucLuc.Api.Controllers.V1.DonViController (ThucLuc.Api).
2026-04-23 14:53:30.654 +07:00 [INF] Executing OkObjectResult, writing value of type 'ThucLuc.Api.Common.Models.ApiResponse`1[[System.Collections.Generic.IReadOnlyCollection`1[[ThucLuc.Application.Features.Roles.RoleDto, ThucLuc.Application, Version=1.0.0.0, Culture=neutral, PublicKeyToken=null]], System.Private.CoreLib, Version=8.0.0.0, Culture=neutral, PublicKeyToken=7cec85d7bea7798e]]'.
2026-04-23 14:53:30.656 +07:00 [INF] Executed action ThucLuc.Api.Controllers.V1.RolesController.GetAll (ThucLuc.Api) in 66.193ms
2026-04-23 14:53:30.657 +07:00 [INF] Executed endpoint 'ThucLuc.Api.Controllers.V1.RolesController.GetAll (ThucLuc.Api)'
2026-04-23 14:53:30.658 +07:00 [INF] HTTP GET /api/v1/roles => 200 in 77.299 ms CorrelationId=b90903f8693a4f248f25ab64df0be7d3 UserId=5001
2026-04-23 14:53:30.660 +07:00 [INF] HTTP GET /api/v1/roles responded 200 in 79.5702 ms
2026-04-23 14:53:30.662 +07:00 [INF] Request finished HTTP/1.1 GET http://localhost:5283/api/v1/roles - 200 null application/json; charset=utf-8 87.2036ms
2026-04-23 14:53:30.687 +07:00 [INF] Executing OkObjectResult, writing value of type 'ThucLuc.Api.Common.Models.ApiResponse`1[[ThucLuc.Application.Features.DonVi.DonViDto, ThucLuc.Application, Version=1.0.0.0, Culture=neutral, PublicKeyToken=null]]'.
2026-04-23 14:53:30.690 +07:00 [INF] Executed action ThucLuc.Api.Controllers.V1.DonViController.GetById (ThucLuc.Api) in 98.1284ms
2026-04-23 14:53:30.692 +07:00 [INF] Executed endpoint 'ThucLuc.Api.Controllers.V1.DonViController.GetById (ThucLuc.Api)'
2026-04-23 14:53:30.693 +07:00 [INF] HTTP GET /api/v1/don-vi/2001 => 200 in 109.3091 ms CorrelationId=ed0f4bc50fb44e0585332b64b877e7d9 UserId=5001
2026-04-23 14:53:30.695 +07:00 [INF] HTTP GET /api/v1/don-vi/2001 responded 200 in 111.3191 ms
2026-04-23 14:53:30.697 +07:00 [INF] Request finished HTTP/1.1 GET http://localhost:5283/api/v1/don-vi/2001 - 200 null application/json; charset=utf-8 118.4669ms
2026-04-23 14:55:32.732 +07:00 [INF] Request starting HTTP/1.1 OPTIONS http://localhost:5283/api/v1/users - null null
2026-04-23 14:55:32.733 +07:00 [INF] Request starting HTTP/1.1 OPTIONS http://localhost:5283/api/v1/don-vi - null null
2026-04-23 14:55:32.736 +07:00 [INF] CORS policy execution successful.
2026-04-23 14:55:32.738 +07:00 [INF] HTTP OPTIONS /api/v1/users => 204 in 2.6651 ms CorrelationId=76949b0cb41e4f44a88091f70966b99b UserId=anonymous
2026-04-23 14:55:32.737 +07:00 [INF] CORS policy execution successful.
2026-04-23 14:55:32.741 +07:00 [INF] HTTP OPTIONS /api/v1/users responded 204 in 5.0499 ms
2026-04-23 14:55:32.742 +07:00 [INF] Request finished HTTP/1.1 OPTIONS http://localhost:5283/api/v1/users - 204 null null 10.005ms
2026-04-23 14:55:32.742 +07:00 [INF] HTTP OPTIONS /api/v1/don-vi => 204 in 4.4727 ms CorrelationId=b4de5ff160664077a99a57a4ea0474c7 UserId=anonymous
2026-04-23 14:55:32.745 +07:00 [INF] Request starting HTTP/1.1 GET http://localhost:5283/api/v1/users - null null
2026-04-23 14:55:32.748 +07:00 [INF] HTTP OPTIONS /api/v1/don-vi responded 204 in 10.7991 ms
2026-04-23 14:55:32.751 +07:00 [INF] CORS policy execution successful.
2026-04-23 14:55:32.753 +07:00 [INF] Request finished HTTP/1.1 OPTIONS http://localhost:5283/api/v1/don-vi - 204 null null 20.0798ms
2026-04-23 14:55:32.754 +07:00 [INF] Executing endpoint 'ThucLuc.Api.Controllers.V1.UsersController.GetAll (ThucLuc.Api)'
2026-04-23 14:55:32.761 +07:00 [INF] Request starting HTTP/1.1 GET http://localhost:5283/api/v1/don-vi - null null
2026-04-23 14:55:32.761 +07:00 [INF] Route matched with {action = "GetAll", controller = "Users"}. Executing controller action with signature System.Threading.Tasks.Task`1[Microsoft.AspNetCore.Mvc.ActionResult`1[ThucLuc.Api.Common.Models.ApiResponse`1[System.Collections.Generic.IReadOnlyCollection`1[ThucLuc.Application.Features.Users.UserDto]]]] GetAll(System.Threading.CancellationToken) on controller ThucLuc.Api.Controllers.V1.UsersController (ThucLuc.Api).
2026-04-23 14:55:32.764 +07:00 [INF] CORS policy execution successful.
2026-04-23 14:55:32.767 +07:00 [INF] Executing endpoint 'ThucLuc.Api.Controllers.V1.DonViController.GetList (ThucLuc.Api)'
2026-04-23 14:55:32.769 +07:00 [INF] Route matched with {action = "GetList", controller = "DonVi"}. Executing controller action with signature System.Threading.Tasks.Task`1[Microsoft.AspNetCore.Mvc.ActionResult`1[ThucLuc.Api.Common.Models.ApiResponse`1[System.Collections.Generic.IReadOnlyCollection`1[ThucLuc.Application.Features.DonVi.DonViDto]]]] GetList(System.Threading.CancellationToken) on controller ThucLuc.Api.Controllers.V1.DonViController (ThucLuc.Api).
2026-04-23 14:55:32.814 +07:00 [INF] Executing OkObjectResult, writing value of type 'ThucLuc.Api.Common.Models.ApiResponse`1[[System.Collections.Generic.IReadOnlyCollection`1[[ThucLuc.Application.Features.Users.UserDto, ThucLuc.Application, Version=1.0.0.0, Culture=neutral, PublicKeyToken=null]], System.Private.CoreLib, Version=8.0.0.0, Culture=neutral, PublicKeyToken=7cec85d7bea7798e]]'.
2026-04-23 14:55:32.815 +07:00 [INF] Executed action ThucLuc.Api.Controllers.V1.UsersController.GetAll (ThucLuc.Api) in 49.0736ms
2026-04-23 14:55:32.817 +07:00 [INF] Executing OkObjectResult, writing value of type 'ThucLuc.Api.Common.Models.ApiResponse`1[[System.Collections.Generic.IReadOnlyCollection`1[[ThucLuc.Application.Features.DonVi.DonViDto, ThucLuc.Application, Version=1.0.0.0, Culture=neutral, PublicKeyToken=null]], System.Private.CoreLib, Version=8.0.0.0, Culture=neutral, PublicKeyToken=7cec85d7bea7798e]]'.
2026-04-23 14:55:32.823 +07:00 [INF] Executed action ThucLuc.Api.Controllers.V1.DonViController.GetList (ThucLuc.Api) in 51.1391ms
2026-04-23 14:55:32.823 +07:00 [INF] Executed endpoint 'ThucLuc.Api.Controllers.V1.DonViController.GetList (ThucLuc.Api)'
2026-04-23 14:55:32.824 +07:00 [INF] HTTP GET /api/v1/don-vi => 200 in 60.4504 ms CorrelationId=759589a1e3dd4e6fa98d6dbf2317b921 UserId=5001
2026-04-23 14:55:32.825 +07:00 [INF] HTTP GET /api/v1/don-vi responded 200 in 61.3694 ms
2026-04-23 14:55:32.821 +07:00 [INF] Executed endpoint 'ThucLuc.Api.Controllers.V1.UsersController.GetAll (ThucLuc.Api)'
2026-04-23 14:55:32.826 +07:00 [INF] Request finished HTTP/1.1 GET http://localhost:5283/api/v1/don-vi - 200 null application/json; charset=utf-8 65.7464ms
2026-04-23 14:55:32.830 +07:00 [INF] HTTP GET /api/v1/users => 200 in 79.2991 ms CorrelationId=8439394cbbc74c6ea8ecc72102557ea0 UserId=5001
2026-04-23 14:55:32.849 +07:00 [INF] HTTP GET /api/v1/users responded 200 in 98.2620 ms
2026-04-23 14:55:32.853 +07:00 [INF] Request finished HTTP/1.1 GET http://localhost:5283/api/v1/users - 200 null application/json; charset=utf-8 108.0234ms
2026-04-23 14:55:32.859 +07:00 [INF] Request starting HTTP/1.1 OPTIONS http://localhost:5283/api/v1/roles - null null
2026-04-23 14:55:32.862 +07:00 [INF] CORS policy execution successful.
2026-04-23 14:55:32.863 +07:00 [INF] HTTP OPTIONS /api/v1/roles => 204 in 0.5025 ms CorrelationId=4ccbdebe002241fba846daddf2f3e655 UserId=anonymous
2026-04-23 14:55:32.865 +07:00 [INF] HTTP OPTIONS /api/v1/roles responded 204 in 3.0617 ms
2026-04-23 14:55:32.868 +07:00 [INF] Request finished HTTP/1.1 OPTIONS http://localhost:5283/api/v1/roles - 204 null null 8.2148ms
2026-04-23 14:55:32.876 +07:00 [INF] Request starting HTTP/1.1 GET http://localhost:5283/api/v1/roles - null null
2026-04-23 14:55:32.878 +07:00 [INF] CORS policy execution successful.
2026-04-23 14:55:32.878 +07:00 [INF] Executing endpoint 'ThucLuc.Api.Controllers.V1.RolesController.GetAll (ThucLuc.Api)'
2026-04-23 14:55:32.879 +07:00 [INF] Route matched with {action = "GetAll", controller = "Roles"}. Executing controller action with signature System.Threading.Tasks.Task`1[Microsoft.AspNetCore.Mvc.ActionResult`1[ThucLuc.Api.Common.Models.ApiResponse`1[System.Collections.Generic.IReadOnlyCollection`1[ThucLuc.Application.Features.Roles.RoleDto]]]] GetAll(System.Threading.CancellationToken) on controller ThucLuc.Api.Controllers.V1.RolesController (ThucLuc.Api).
2026-04-23 14:55:32.972 +07:00 [INF] Executing OkObjectResult, writing value of type 'ThucLuc.Api.Common.Models.ApiResponse`1[[System.Collections.Generic.IReadOnlyCollection`1[[ThucLuc.Application.Features.Roles.RoleDto, ThucLuc.Application, Version=1.0.0.0, Culture=neutral, PublicKeyToken=null]], System.Private.CoreLib, Version=8.0.0.0, Culture=neutral, PublicKeyToken=7cec85d7bea7798e]]'.
2026-04-23 14:55:32.973 +07:00 [INF] Executed action ThucLuc.Api.Controllers.V1.RolesController.GetAll (ThucLuc.Api) in 91.9929ms
2026-04-23 14:55:32.975 +07:00 [INF] Executed endpoint 'ThucLuc.Api.Controllers.V1.RolesController.GetAll (ThucLuc.Api)'
2026-04-23 14:55:32.976 +07:00 [INF] HTTP GET /api/v1/roles => 200 in 98.5414 ms CorrelationId=253210b37dbf4e4d890c29634a8b0f26 UserId=5001
2026-04-23 14:55:32.978 +07:00 [INF] HTTP GET /api/v1/roles responded 200 in 100.6765 ms
2026-04-23 14:55:32.982 +07:00 [INF] Request finished HTTP/1.1 GET http://localhost:5283/api/v1/roles - 200 null application/json; charset=utf-8 105.5141ms
2026-04-23 14:55:32.993 +07:00 [INF] Request starting HTTP/1.1 OPTIONS http://localhost:5283/api/v1/phan-quyen/user-roles - null null
2026-04-23 14:55:32.994 +07:00 [INF] CORS policy execution successful.
2026-04-23 14:55:32.995 +07:00 [INF] HTTP OPTIONS /api/v1/phan-quyen/user-roles => 204 in 0.3686 ms CorrelationId=dcdf07172bf541b09ba82894d9c6f8e7 UserId=anonymous
2026-04-23 14:55:32.998 +07:00 [INF] HTTP OPTIONS /api/v1/phan-quyen/user-roles responded 204 in 3.3688 ms
2026-04-23 14:55:33.009 +07:00 [INF] Request finished HTTP/1.1 OPTIONS http://localhost:5283/api/v1/phan-quyen/user-roles - 204 null null 15.5675ms
2026-04-23 14:55:33.013 +07:00 [INF] Request starting HTTP/1.1 GET http://localhost:5283/api/v1/phan-quyen/user-roles - null null
2026-04-23 14:55:33.020 +07:00 [INF] CORS policy execution successful.
2026-04-23 14:55:33.022 +07:00 [INF] Executing endpoint 'ThucLuc.Api.Controllers.V1.PhanQuyenController.GetUserRoleMappings (ThucLuc.Api)'
2026-04-23 14:55:33.028 +07:00 [INF] Route matched with {action = "GetUserRoleMappings", controller = "PhanQuyen"}. Executing controller action with signature System.Threading.Tasks.Task`1[Microsoft.AspNetCore.Mvc.ActionResult`1[ThucLuc.Api.Common.Models.ApiResponse`1[System.Collections.Generic.IReadOnlyCollection`1[ThucLuc.Api.Controllers.V1.UserRoleMappingDto]]]] GetUserRoleMappings(System.Nullable`1[System.Int64], System.Threading.CancellationToken) on controller ThucLuc.Api.Controllers.V1.PhanQuyenController (ThucLuc.Api).
2026-04-23 14:55:33.139 +07:00 [INF] Executing OkObjectResult, writing value of type 'ThucLuc.Api.Common.Models.ApiResponse`1[[System.Collections.Generic.IReadOnlyCollection`1[[ThucLuc.Api.Controllers.V1.UserRoleMappingDto, ThucLuc.Api, Version=1.0.0.0, Culture=neutral, PublicKeyToken=null]], System.Private.CoreLib, Version=8.0.0.0, Culture=neutral, PublicKeyToken=7cec85d7bea7798e]]'.
2026-04-23 14:55:33.140 +07:00 [INF] Executed action ThucLuc.Api.Controllers.V1.PhanQuyenController.GetUserRoleMappings (ThucLuc.Api) in 92.6626ms
2026-04-23 14:55:33.142 +07:00 [INF] Executed endpoint 'ThucLuc.Api.Controllers.V1.PhanQuyenController.GetUserRoleMappings (ThucLuc.Api)'
2026-04-23 14:55:33.143 +07:00 [INF] HTTP GET /api/v1/phan-quyen/user-roles => 200 in 123.2102 ms CorrelationId=bf56bd6854334890bd72d79eeb3487d5 UserId=5001
2026-04-23 14:55:33.145 +07:00 [INF] HTTP GET /api/v1/phan-quyen/user-roles responded 200 in 125.1866 ms
2026-04-23 14:55:33.148 +07:00 [INF] Request finished HTTP/1.1 GET http://localhost:5283/api/v1/phan-quyen/user-roles - 200 null application/json; charset=utf-8 134.7224ms
2026-04-23 14:58:27.180 +07:00 [INF] Request starting HTTP/1.1 OPTIONS http://localhost:5283/api/v1/roles - null null
2026-04-23 14:58:27.182 +07:00 [INF] CORS policy execution successful.
2026-04-23 14:58:27.184 +07:00 [INF] HTTP OPTIONS /api/v1/roles => 204 in 1.3264 ms CorrelationId=15f3c40844b84f989b61e5e6a6bad2fa UserId=anonymous
2026-04-23 14:58:27.186 +07:00 [INF] HTTP OPTIONS /api/v1/roles responded 204 in 3.1786 ms
2026-04-23 14:58:27.187 +07:00 [INF] Request finished HTTP/1.1 OPTIONS http://localhost:5283/api/v1/roles - 204 null null 7.3715ms
2026-04-23 14:58:27.190 +07:00 [INF] Request starting HTTP/1.1 GET http://localhost:5283/api/v1/roles - null null
2026-04-23 14:58:27.192 +07:00 [INF] CORS policy execution successful.
2026-04-23 14:58:27.193 +07:00 [INF] Executing endpoint 'ThucLuc.Api.Controllers.V1.RolesController.GetAll (ThucLuc.Api)'
2026-04-23 14:58:27.195 +07:00 [INF] Route matched with {action = "GetAll", controller = "Roles"}. Executing controller action with signature System.Threading.Tasks.Task`1[Microsoft.AspNetCore.Mvc.ActionResult`1[ThucLuc.Api.Common.Models.ApiResponse`1[System.Collections.Generic.IReadOnlyCollection`1[ThucLuc.Application.Features.Roles.RoleDto]]]] GetAll(System.Threading.CancellationToken) on controller ThucLuc.Api.Controllers.V1.RolesController (ThucLuc.Api).
2026-04-23 14:58:27.289 +07:00 [INF] Executing OkObjectResult, writing value of type 'ThucLuc.Api.Common.Models.ApiResponse`1[[System.Collections.Generic.IReadOnlyCollection`1[[ThucLuc.Application.Features.Roles.RoleDto, ThucLuc.Application, Version=1.0.0.0, Culture=neutral, PublicKeyToken=null]], System.Private.CoreLib, Version=8.0.0.0, Culture=neutral, PublicKeyToken=7cec85d7bea7798e]]'.
2026-04-23 14:58:27.292 +07:00 [INF] Executed action ThucLuc.Api.Controllers.V1.RolesController.GetAll (ThucLuc.Api) in 94.8023ms
2026-04-23 14:58:27.297 +07:00 [INF] Executed endpoint 'ThucLuc.Api.Controllers.V1.RolesController.GetAll (ThucLuc.Api)'
2026-04-23 14:58:27.300 +07:00 [INF] HTTP GET /api/v1/roles => 200 in 108.0264 ms CorrelationId=6bae7e31fd944991aba5a95732ed2469 UserId=5001
2026-04-23 14:58:27.302 +07:00 [INF] HTTP GET /api/v1/roles responded 200 in 110.0362 ms
2026-04-23 14:58:27.302 +07:00 [INF] Request finished HTTP/1.1 GET http://localhost:5283/api/v1/roles - 200 null application/json; charset=utf-8 112.1424ms
2026-04-23 15:27:40.290 +07:00 [INF] Application is shutting down...
2026-04-23 16:36:48.680 +07:00 [INF] Baseline seed data has been applied successfully.
2026-04-23 16:36:48.773 +07:00 [INF] User profile is available. Using 'C:\Users\CNTT\AppData\Local\ASP.NET\DataProtection-Keys' as key repository and Windows DPAPI to encrypt keys at rest.
2026-04-23 16:36:48.825 +07:00 [INF] Now listening on: http://localhost:5283
2026-04-23 16:36:48.826 +07:00 [INF] Application started. Press Ctrl+C to shut down.
2026-04-23 16:36:48.827 +07:00 [INF] Hosting environment: Development
2026-04-23 16:36:48.827 +07:00 [INF] Content root path: D:\Projects\ThucLuc_V2\.sources\backend\src\api
2026-04-23 16:39:28.942 +07:00 [INF] Request starting HTTP/1.1 OPTIONS http://localhost:5283/api/v1/roles - null null
2026-04-23 16:39:28.942 +07:00 [INF] Request starting HTTP/1.1 OPTIONS http://localhost:5283/api/v1/don-vi/2001 - null null
2026-04-23 16:39:28.981 +07:00 [WRN] Failed to determine the https port for redirect.
2026-04-23 16:39:28.983 +07:00 [INF] CORS policy execution successful.
2026-04-23 16:39:28.983 +07:00 [INF] CORS policy execution successful.
2026-04-23 16:39:28.986 +07:00 [INF] HTTP OPTIONS /api/v1/don-vi/2001 => 204 in 12.5185 ms CorrelationId=22e87af9b2274faa88d047edc4ef6b4e UserId=anonymous
2026-04-23 16:39:28.986 +07:00 [INF] HTTP OPTIONS /api/v1/roles => 204 in 12.9643 ms CorrelationId=929e07b7785e44b89c4c6701df3115e2 UserId=anonymous
2026-04-23 16:39:28.991 +07:00 [INF] HTTP OPTIONS /api/v1/don-vi/2001 responded 204 in 19.7225 ms
2026-04-23 16:39:28.992 +07:00 [INF] HTTP OPTIONS /api/v1/roles responded 204 in 21.4474 ms
2026-04-23 16:39:28.998 +07:00 [INF] Request finished HTTP/1.1 OPTIONS http://localhost:5283/api/v1/don-vi/2001 - 204 null null 57.7158ms
2026-04-23 16:39:28.998 +07:00 [INF] Request finished HTTP/1.1 OPTIONS http://localhost:5283/api/v1/roles - 204 null null 57.7443ms
2026-04-23 16:39:29.004 +07:00 [INF] Request starting HTTP/1.1 GET http://localhost:5283/api/v1/roles - null null
2026-04-23 16:39:29.009 +07:00 [INF] Request starting HTTP/1.1 GET http://localhost:5283/api/v1/don-vi/2001 - null null
2026-04-23 16:39:29.017 +07:00 [INF] CORS policy execution successful.
2026-04-23 16:39:29.017 +07:00 [INF] CORS policy execution successful.
2026-04-23 16:39:29.053 +07:00 [INF] Failed to validate the token.
Microsoft.IdentityModel.Tokens.SecurityTokenExpiredException: IDX10223: Lifetime validation failed. The token is expired. ValidTo (UTC): '4/23/2026 9:16:54 AM', Current time (UTC): '4/23/2026 9:39:29 AM'.
   at Microsoft.IdentityModel.Tokens.ValidatorUtilities.ValidateLifetime(Nullable`1 notBefore, Nullable`1 expires, SecurityToken securityToken, TokenValidationParameters validationParameters)
   at Microsoft.IdentityModel.Tokens.Validators.ValidateLifetime(Nullable`1 notBefore, Nullable`1 expires, SecurityToken securityToken, TokenValidationParameters validationParameters)
   at Microsoft.IdentityModel.JsonWebTokens.JsonWebTokenHandler.ValidateTokenPayloadAsync(JsonWebToken jsonWebToken, TokenValidationParameters validationParameters, BaseConfiguration configuration)
   at Microsoft.IdentityModel.JsonWebTokens.JsonWebTokenHandler.ValidateJWSAsync(JsonWebToken jsonWebToken, TokenValidationParameters validationParameters, BaseConfiguration configuration)
2026-04-23 16:39:29.053 +07:00 [INF] Failed to validate the token.
Microsoft.IdentityModel.Tokens.SecurityTokenExpiredException: IDX10223: Lifetime validation failed. The token is expired. ValidTo (UTC): '4/23/2026 9:16:54 AM', Current time (UTC): '4/23/2026 9:39:29 AM'.
   at Microsoft.IdentityModel.Tokens.ValidatorUtilities.ValidateLifetime(Nullable`1 notBefore, Nullable`1 expires, SecurityToken securityToken, TokenValidationParameters validationParameters)
   at Microsoft.IdentityModel.Tokens.Validators.ValidateLifetime(Nullable`1 notBefore, Nullable`1 expires, SecurityToken securityToken, TokenValidationParameters validationParameters)
   at Microsoft.IdentityModel.JsonWebTokens.JsonWebTokenHandler.ValidateTokenPayloadAsync(JsonWebToken jsonWebToken, TokenValidationParameters validationParameters, BaseConfiguration configuration)
   at Microsoft.IdentityModel.JsonWebTokens.JsonWebTokenHandler.ValidateJWSAsync(JsonWebToken jsonWebToken, TokenValidationParameters validationParameters, BaseConfiguration configuration)
2026-04-23 16:39:29.060 +07:00 [INF] Bearer was not authenticated. Failure message: IDX10223: Lifetime validation failed. The token is expired. ValidTo (UTC): '4/23/2026 9:16:54 AM', Current time (UTC): '4/23/2026 9:39:29 AM'.
2026-04-23 16:39:29.060 +07:00 [INF] Bearer was not authenticated. Failure message: IDX10223: Lifetime validation failed. The token is expired. ValidTo (UTC): '4/23/2026 9:16:54 AM', Current time (UTC): '4/23/2026 9:39:29 AM'.
2026-04-23 16:39:29.066 +07:00 [INF] Authorization failed. These requirements were not met:
ThucLuc.Api.Common.Authorization.PermissionRequirement
2026-04-23 16:39:29.066 +07:00 [INF] Authorization failed. These requirements were not met:
ThucLuc.Api.Common.Authorization.PermissionRequirement
2026-04-23 16:39:29.071 +07:00 [INF] AuthenticationScheme: Bearer was challenged.
2026-04-23 16:39:29.071 +07:00 [INF] AuthenticationScheme: Bearer was challenged.
2026-04-23 16:39:29.073 +07:00 [INF] HTTP GET /api/v1/roles => 401 in 56.5998 ms CorrelationId=5bc6a8d3c53e4116b43d5b7161baeef2 UserId=anonymous
2026-04-23 16:39:29.074 +07:00 [INF] HTTP GET /api/v1/don-vi/2001 => 401 in 57.6414 ms CorrelationId=d7c15acde5264625b4c7605701626a43 UserId=anonymous
2026-04-23 16:39:29.076 +07:00 [INF] HTTP GET /api/v1/roles responded 401 in 59.7955 ms
2026-04-23 16:39:29.078 +07:00 [INF] HTTP GET /api/v1/don-vi/2001 responded 401 in 61.6418 ms
2026-04-23 16:39:29.081 +07:00 [INF] Request finished HTTP/1.1 GET http://localhost:5283/api/v1/roles - 401 0 null 77.0289ms
2026-04-23 16:39:29.083 +07:00 [INF] Request finished HTTP/1.1 GET http://localhost:5283/api/v1/don-vi/2001 - 401 0 null 73.6725ms
2026-04-23 16:39:30.354 +07:00 [INF] Request starting HTTP/1.1 OPTIONS http://localhost:5283/api/v1/auth/login - null null
2026-04-23 16:39:30.357 +07:00 [INF] CORS policy execution successful.
2026-04-23 16:39:30.358 +07:00 [INF] HTTP OPTIONS /api/v1/auth/login => 204 in 0.7994 ms CorrelationId=a1520eea85b0478eacdd21a42c07e5ad UserId=anonymous
2026-04-23 16:39:30.360 +07:00 [INF] HTTP OPTIONS /api/v1/auth/login responded 204 in 2.9941 ms
2026-04-23 16:39:30.361 +07:00 [INF] Request finished HTTP/1.1 OPTIONS http://localhost:5283/api/v1/auth/login - 204 null null 7.4985ms
2026-04-23 16:39:30.366 +07:00 [INF] Request starting HTTP/1.1 POST http://localhost:5283/api/v1/auth/login - application/json 43
2026-04-23 16:39:30.368 +07:00 [INF] CORS policy execution successful.
2026-04-23 16:39:30.374 +07:00 [INF] Executing endpoint 'ThucLuc.Api.Controllers.V1.AuthController.Login (ThucLuc.Api)'
2026-04-23 16:39:30.386 +07:00 [INF] Route matched with {action = "Login", controller = "Auth"}. Executing controller action with signature System.Threading.Tasks.Task`1[Microsoft.AspNetCore.Mvc.ActionResult`1[ThucLuc.Api.Common.Models.ApiResponse`1[ThucLuc.Application.Features.Auth.AuthTokenDto]]] Login(ThucLuc.Application.Features.Auth.LoginRequest, System.Threading.CancellationToken) on controller ThucLuc.Api.Controllers.V1.AuthController (ThucLuc.Api).
2026-04-23 16:39:30.785 +07:00 [INF] Executing OkObjectResult, writing value of type 'ThucLuc.Api.Common.Models.ApiResponse`1[[ThucLuc.Application.Features.Auth.AuthTokenDto, ThucLuc.Application, Version=1.0.0.0, Culture=neutral, PublicKeyToken=null]]'.
2026-04-23 16:39:30.800 +07:00 [INF] Executed action ThucLuc.Api.Controllers.V1.AuthController.Login (ThucLuc.Api) in 410.8876ms
2026-04-23 16:39:30.801 +07:00 [INF] Executed endpoint 'ThucLuc.Api.Controllers.V1.AuthController.Login (ThucLuc.Api)'
2026-04-23 16:39:30.803 +07:00 [INF] HTTP POST /api/v1/auth/login => 200 in 434.3981 ms CorrelationId=ac6c136448a140ac83dd517a0ee8ab84 UserId=anonymous
2026-04-23 16:39:30.804 +07:00 [INF] HTTP POST /api/v1/auth/login responded 200 in 436.1680 ms
2026-04-23 16:39:30.808 +07:00 [INF] Request finished HTTP/1.1 POST http://localhost:5283/api/v1/auth/login - 200 null application/json; charset=utf-8 442.0823ms
2026-04-23 16:39:30.810 +07:00 [INF] Request starting HTTP/1.1 OPTIONS http://localhost:5283/api/v1/auth/me - null null
2026-04-23 16:39:30.814 +07:00 [INF] CORS policy execution successful.
2026-04-23 16:39:30.814 +07:00 [INF] HTTP OPTIONS /api/v1/auth/me => 204 in 0.6076 ms CorrelationId=41ad45a831cb42eea03cadef215297f3 UserId=anonymous
2026-04-23 16:39:30.816 +07:00 [INF] HTTP OPTIONS /api/v1/auth/me responded 204 in 2.1921 ms
2026-04-23 16:39:30.817 +07:00 [INF] Request finished HTTP/1.1 OPTIONS http://localhost:5283/api/v1/auth/me - 204 null null 6.5307ms
2026-04-23 16:39:30.819 +07:00 [INF] Request starting HTTP/1.1 GET http://localhost:5283/api/v1/auth/me - null null
2026-04-23 16:39:30.821 +07:00 [INF] CORS policy execution successful.
2026-04-23 16:39:30.826 +07:00 [INF] Executing endpoint 'ThucLuc.Api.Controllers.V1.AuthController.Me (ThucLuc.Api)'
2026-04-23 16:39:30.831 +07:00 [INF] Route matched with {action = "Me", controller = "Auth"}. Executing controller action with signature System.Threading.Tasks.Task`1[Microsoft.AspNetCore.Mvc.ActionResult`1[ThucLuc.Api.Common.Models.ApiResponse`1[ThucLuc.Application.Features.Auth.UserProfileDto]]] Me(System.Threading.CancellationToken) on controller ThucLuc.Api.Controllers.V1.AuthController (ThucLuc.Api).
2026-04-23 16:39:30.849 +07:00 [INF] Executing OkObjectResult, writing value of type 'ThucLuc.Api.Common.Models.ApiResponse`1[[ThucLuc.Application.Features.Auth.UserProfileDto, ThucLuc.Application, Version=1.0.0.0, Culture=neutral, PublicKeyToken=null]]'.
2026-04-23 16:39:30.851 +07:00 [INF] Executed action ThucLuc.Api.Controllers.V1.AuthController.Me (ThucLuc.Api) in 18.6866ms
2026-04-23 16:39:30.852 +07:00 [INF] Executed endpoint 'ThucLuc.Api.Controllers.V1.AuthController.Me (ThucLuc.Api)'
2026-04-23 16:39:30.853 +07:00 [INF] HTTP GET /api/v1/auth/me => 200 in 31.7845 ms CorrelationId=f73512221d19407b9813c5d2e9992a0a UserId=5001
2026-04-23 16:39:30.854 +07:00 [INF] HTTP GET /api/v1/auth/me responded 200 in 33.2127 ms
2026-04-23 16:39:30.855 +07:00 [INF] Request finished HTTP/1.1 GET http://localhost:5283/api/v1/auth/me - 200 null application/json; charset=utf-8 36.4584ms
2026-04-23 16:39:30.873 +07:00 [INF] Request starting HTTP/1.1 GET http://localhost:5283/api/v1/don-vi/2001 - null null
2026-04-23 16:39:30.874 +07:00 [INF] Request starting HTTP/1.1 OPTIONS http://localhost:5283/api/v1/ky-bao-cao/current - null null
2026-04-23 16:39:30.874 +07:00 [INF] Request starting HTTP/1.1 OPTIONS http://localhost:5283/api/v1/ky-bao-cao - null null
2026-04-23 16:39:30.876 +07:00 [INF] CORS policy execution successful.
2026-04-23 16:39:30.877 +07:00 [INF] CORS policy execution successful.
2026-04-23 16:39:30.880 +07:00 [INF] CORS policy execution successful.
2026-04-23 16:39:30.881 +07:00 [INF] Executing endpoint 'ThucLuc.Api.Controllers.V1.DonViController.GetById (ThucLuc.Api)'
2026-04-23 16:39:30.882 +07:00 [INF] HTTP OPTIONS /api/v1/ky-bao-cao/current => 204 in 4.7139 ms CorrelationId=811e484e72224029bb592d091c13fcde UserId=anonymous
2026-04-23 16:39:30.883 +07:00 [INF] HTTP OPTIONS /api/v1/ky-bao-cao => 204 in 3.0859 ms CorrelationId=36b4ea0c71bf422b8d018317365b163a UserId=anonymous
2026-04-23 16:39:30.885 +07:00 [INF] HTTP OPTIONS /api/v1/ky-bao-cao/current responded 204 in 7.4810 ms
2026-04-23 16:39:30.886 +07:00 [INF] HTTP OPTIONS /api/v1/ky-bao-cao responded 204 in 6.7639 ms
2026-04-23 16:39:30.887 +07:00 [INF] Route matched with {action = "GetById", controller = "DonVi"}. Executing controller action with signature System.Threading.Tasks.Task`1[Microsoft.AspNetCore.Mvc.ActionResult`1[ThucLuc.Api.Common.Models.ApiResponse`1[ThucLuc.Application.Features.DonVi.DonViDto]]] GetById(Int64, System.Threading.CancellationToken) on controller ThucLuc.Api.Controllers.V1.DonViController (ThucLuc.Api).
2026-04-23 16:39:30.888 +07:00 [INF] Request finished HTTP/1.1 OPTIONS http://localhost:5283/api/v1/ky-bao-cao/current - 204 null null 14.2973ms
2026-04-23 16:39:30.889 +07:00 [INF] Request finished HTTP/1.1 OPTIONS http://localhost:5283/api/v1/ky-bao-cao - 204 null null 15.1287ms
2026-04-23 16:39:30.896 +07:00 [INF] Request starting HTTP/1.1 GET http://localhost:5283/api/v1/ky-bao-cao/current - null null
2026-04-23 16:39:30.901 +07:00 [INF] Request starting HTTP/1.1 GET http://localhost:5283/api/v1/ky-bao-cao - null null
2026-04-23 16:39:30.903 +07:00 [INF] CORS policy execution successful.
2026-04-23 16:39:30.906 +07:00 [INF] CORS policy execution successful.
2026-04-23 16:39:30.906 +07:00 [INF] Executing endpoint 'ThucLuc.Api.Controllers.V1.KyBaoCaoController.GetCurrent (ThucLuc.Api)'
2026-04-23 16:39:30.907 +07:00 [INF] Executing endpoint 'ThucLuc.Api.Controllers.V1.KyBaoCaoController.GetAll (ThucLuc.Api)'
2026-04-23 16:39:30.910 +07:00 [INF] Route matched with {action = "GetCurrent", controller = "KyBaoCao"}. Executing controller action with signature System.Threading.Tasks.Task`1[Microsoft.AspNetCore.Mvc.ActionResult`1[ThucLuc.Api.Common.Models.ApiResponse`1[ThucLuc.Application.Features.KyBaoCao.KyBaoCaoDto]]] GetCurrent(System.Threading.CancellationToken) on controller ThucLuc.Api.Controllers.V1.KyBaoCaoController (ThucLuc.Api).
2026-04-23 16:39:30.911 +07:00 [INF] Route matched with {action = "GetAll", controller = "KyBaoCao"}. Executing controller action with signature System.Threading.Tasks.Task`1[Microsoft.AspNetCore.Mvc.ActionResult`1[ThucLuc.Api.Common.Models.ApiResponse`1[System.Collections.Generic.IReadOnlyCollection`1[ThucLuc.Application.Features.KyBaoCao.KyBaoCaoDto]]]] GetAll(System.Threading.CancellationToken) on controller ThucLuc.Api.Controllers.V1.KyBaoCaoController (ThucLuc.Api).
2026-04-23 16:39:30.934 +07:00 [INF] Executing OkObjectResult, writing value of type 'ThucLuc.Api.Common.Models.ApiResponse`1[[System.Collections.Generic.IReadOnlyCollection`1[[ThucLuc.Application.Features.KyBaoCao.KyBaoCaoDto, ThucLuc.Application, Version=1.0.0.0, Culture=neutral, PublicKeyToken=null]], System.Private.CoreLib, Version=8.0.0.0, Culture=neutral, PublicKeyToken=7cec85d7bea7798e]]'.
2026-04-23 16:39:30.948 +07:00 [INF] Executing OkObjectResult, writing value of type 'ThucLuc.Api.Common.Models.ApiResponse`1[[ThucLuc.Application.Features.DonVi.DonViDto, ThucLuc.Application, Version=1.0.0.0, Culture=neutral, PublicKeyToken=null]]'.
2026-04-23 16:39:30.952 +07:00 [INF] Executed action ThucLuc.Api.Controllers.V1.KyBaoCaoController.GetAll (ThucLuc.Api) in 37.4902ms
2026-04-23 16:39:30.953 +07:00 [INF] Executed action ThucLuc.Api.Controllers.V1.DonViController.GetById (ThucLuc.Api) in 61.9118ms
2026-04-23 16:39:30.954 +07:00 [INF] Executed endpoint 'ThucLuc.Api.Controllers.V1.KyBaoCaoController.GetAll (ThucLuc.Api)'
2026-04-23 16:39:30.956 +07:00 [INF] Executed endpoint 'ThucLuc.Api.Controllers.V1.DonViController.GetById (ThucLuc.Api)'
2026-04-23 16:39:30.958 +07:00 [INF] HTTP GET /api/v1/ky-bao-cao => 200 in 52.6287 ms CorrelationId=b82e33b5997f443da39af2f07487027f UserId=5001
2026-04-23 16:39:30.959 +07:00 [INF] HTTP GET /api/v1/don-vi/2001 => 200 in 83.5056 ms CorrelationId=dfee0113902f4a14a1a3598e5074e6d5 UserId=5001
2026-04-23 16:39:30.963 +07:00 [INF] HTTP GET /api/v1/ky-bao-cao responded 200 in 57.0687 ms
2026-04-23 16:39:30.966 +07:00 [INF] HTTP GET /api/v1/don-vi/2001 responded 200 in 90.2320 ms
2026-04-23 16:39:30.968 +07:00 [INF] Request finished HTTP/1.1 GET http://localhost:5283/api/v1/ky-bao-cao - 200 null application/json; charset=utf-8 66.1856ms
2026-04-23 16:39:30.969 +07:00 [INF] Request finished HTTP/1.1 GET http://localhost:5283/api/v1/don-vi/2001 - 200 null application/json; charset=utf-8 95.5244ms
2026-04-23 16:39:31.003 +07:00 [INF] Executing OkObjectResult, writing value of type 'ThucLuc.Api.Common.Models.ApiResponse`1[[ThucLuc.Application.Features.KyBaoCao.KyBaoCaoDto, ThucLuc.Application, Version=1.0.0.0, Culture=neutral, PublicKeyToken=null]]'.
2026-04-23 16:39:31.006 +07:00 [INF] Executed action ThucLuc.Api.Controllers.V1.KyBaoCaoController.GetCurrent (ThucLuc.Api) in 92.1995ms
2026-04-23 16:39:31.007 +07:00 [INF] Executed endpoint 'ThucLuc.Api.Controllers.V1.KyBaoCaoController.GetCurrent (ThucLuc.Api)'
2026-04-23 16:39:31.008 +07:00 [INF] HTTP GET /api/v1/ky-bao-cao/current => 200 in 105.0584 ms CorrelationId=c2a4b71e1a914c398061f7a4b7653c78 UserId=5001
2026-04-23 16:39:31.010 +07:00 [INF] HTTP GET /api/v1/ky-bao-cao/current responded 200 in 106.9557 ms
2026-04-23 16:39:31.011 +07:00 [INF] Request finished HTTP/1.1 GET http://localhost:5283/api/v1/ky-bao-cao/current - 200 null application/json; charset=utf-8 115.741ms
2026-04-23 16:39:31.016 +07:00 [INF] Request starting HTTP/1.1 OPTIONS http://localhost:5283/api/v1/ky-bao-cao/6001/tien-do - null null
2026-04-23 16:39:31.019 +07:00 [INF] CORS policy execution successful.
2026-04-23 16:39:31.019 +07:00 [INF] HTTP OPTIONS /api/v1/ky-bao-cao/6001/tien-do => 204 in 0.6322 ms CorrelationId=1b4842daaea54f189be4f35758dcf9b4 UserId=anonymous
2026-04-23 16:39:31.021 +07:00 [INF] HTTP OPTIONS /api/v1/ky-bao-cao/6001/tien-do responded 204 in 2.5906 ms
2026-04-23 16:39:31.023 +07:00 [INF] Request finished HTTP/1.1 OPTIONS http://localhost:5283/api/v1/ky-bao-cao/6001/tien-do - 204 null null 6.6439ms
2026-04-23 16:39:31.025 +07:00 [INF] Request starting HTTP/1.1 GET http://localhost:5283/api/v1/ky-bao-cao/6001/tien-do - null null
2026-04-23 16:39:31.029 +07:00 [INF] CORS policy execution successful.
2026-04-23 16:39:31.031 +07:00 [INF] Executing endpoint 'ThucLuc.Api.Controllers.V1.KyBaoCaoController.GetTienDo (ThucLuc.Api)'
2026-04-23 16:39:31.034 +07:00 [INF] Route matched with {action = "GetTienDo", controller = "KyBaoCao"}. Executing controller action with signature System.Threading.Tasks.Task`1[Microsoft.AspNetCore.Mvc.ActionResult`1[ThucLuc.Api.Common.Models.ApiResponse`1[ThucLuc.Application.Features.KyBaoCao.KyBaoCaoTienDoDto]]] GetTienDo(Int64, System.Threading.CancellationToken) on controller ThucLuc.Api.Controllers.V1.KyBaoCaoController (ThucLuc.Api).
2026-04-23 16:39:31.072 +07:00 [INF] Executing OkObjectResult, writing value of type 'ThucLuc.Api.Common.Models.ApiResponse`1[[ThucLuc.Application.Features.KyBaoCao.KyBaoCaoTienDoDto, ThucLuc.Application, Version=1.0.0.0, Culture=neutral, PublicKeyToken=null]]'.
2026-04-23 16:39:31.087 +07:00 [INF] Executed action ThucLuc.Api.Controllers.V1.KyBaoCaoController.GetTienDo (ThucLuc.Api) in 51.4699ms
2026-04-23 16:39:31.090 +07:00 [INF] Executed endpoint 'ThucLuc.Api.Controllers.V1.KyBaoCaoController.GetTienDo (ThucLuc.Api)'
2026-04-23 16:39:31.093 +07:00 [INF] HTTP GET /api/v1/ky-bao-cao/6001/tien-do => 200 in 63.98 ms CorrelationId=d953236d0c014e69a41219ae218f4f67 UserId=5001
2026-04-23 16:39:31.097 +07:00 [INF] HTTP GET /api/v1/ky-bao-cao/6001/tien-do responded 200 in 68.6151 ms
2026-04-23 16:39:31.100 +07:00 [INF] Request finished HTTP/1.1 GET http://localhost:5283/api/v1/ky-bao-cao/6001/tien-do - 200 null application/json; charset=utf-8 74.9544ms
2026-04-23 16:39:34.456 +07:00 [INF] Request starting HTTP/1.1 OPTIONS http://localhost:5283/api/v1/roles - null null
2026-04-23 16:39:34.456 +07:00 [INF] Request starting HTTP/1.1 OPTIONS http://localhost:5283/api/v1/users - null null
2026-04-23 16:39:34.456 +07:00 [INF] Request starting HTTP/1.1 OPTIONS http://localhost:5283/api/v1/permissions - null null
2026-04-23 16:39:34.457 +07:00 [INF] Request starting HTTP/1.1 OPTIONS http://localhost:5283/api/v1/phan-quyen/user-roles - null null
2026-04-23 16:39:34.457 +07:00 [INF] Request starting HTTP/1.1 OPTIONS http://localhost:5283/api/v1/phan-quyen/role-permissions - null null
2026-04-23 16:39:34.457 +07:00 [INF] Request starting HTTP/1.1 OPTIONS http://localhost:5283/api/v1/don-vi - null null
2026-04-23 16:39:34.459 +07:00 [INF] CORS policy execution successful.
2026-04-23 16:39:34.462 +07:00 [INF] CORS policy execution successful.
2026-04-23 16:39:34.463 +07:00 [INF] CORS policy execution successful.
2026-04-23 16:39:34.466 +07:00 [INF] CORS policy execution successful.
2026-04-23 16:39:34.469 +07:00 [INF] CORS policy execution successful.
2026-04-23 16:39:34.470 +07:00 [INF] CORS policy execution successful.
2026-04-23 16:39:34.470 +07:00 [INF] HTTP OPTIONS /api/v1/roles => 204 in 11.1633 ms CorrelationId=dd4ff603024c41499e63b1d6e83eba27 UserId=anonymous
2026-04-23 16:39:34.471 +07:00 [INF] HTTP OPTIONS /api/v1/users => 204 in 9.453 ms CorrelationId=949660a312aa4809ab44adbe97dbe727 UserId=anonymous
2026-04-23 16:39:34.471 +07:00 [INF] HTTP OPTIONS /api/v1/permissions => 204 in 8.1347 ms CorrelationId=a6bd3f9ca416428d93a79562f1bd684f UserId=anonymous
2026-04-23 16:39:34.482 +07:00 [INF] HTTP OPTIONS /api/v1/permissions responded 204 in 18.3062 ms
2026-04-23 16:39:34.473 +07:00 [INF] HTTP OPTIONS /api/v1/phan-quyen/role-permissions => 204 in 4.2555 ms CorrelationId=b4254cfc5ee948d08e1002a45c0013f5 UserId=anonymous
2026-04-23 16:39:34.474 +07:00 [INF] HTTP OPTIONS /api/v1/don-vi => 204 in 3.6564 ms CorrelationId=9e87af854f214bd6929dca81be106383 UserId=anonymous
2026-04-23 16:39:34.476 +07:00 [INF] HTTP OPTIONS /api/v1/roles responded 204 in 17.2407 ms
2026-04-23 16:39:34.480 +07:00 [INF] HTTP OPTIONS /api/v1/users responded 204 in 18.3367 ms
2026-04-23 16:39:34.472 +07:00 [INF] HTTP OPTIONS /api/v1/phan-quyen/user-roles => 204 in 6.4846 ms CorrelationId=ad4dcf37a92f488d80d2e21b15233533 UserId=anonymous
2026-04-23 16:39:34.483 +07:00 [INF] Request finished HTTP/1.1 OPTIONS http://localhost:5283/api/v1/permissions - 204 null null 27.1913ms
2026-04-23 16:39:34.485 +07:00 [INF] HTTP OPTIONS /api/v1/phan-quyen/role-permissions responded 204 in 16.7036 ms
2026-04-23 16:39:34.487 +07:00 [INF] HTTP OPTIONS /api/v1/don-vi responded 204 in 17.1524 ms
2026-04-23 16:39:34.489 +07:00 [INF] Request finished HTTP/1.1 OPTIONS http://localhost:5283/api/v1/roles - 204 null null 32.7138ms
2026-04-23 16:39:34.490 +07:00 [INF] Request finished HTTP/1.1 OPTIONS http://localhost:5283/api/v1/users - 204 null null 34.4457ms
2026-04-23 16:39:34.492 +07:00 [INF] HTTP OPTIONS /api/v1/phan-quyen/user-roles responded 204 in 26.8521 ms
2026-04-23 16:39:34.496 +07:00 [INF] Request starting HTTP/1.1 GET http://localhost:5283/api/v1/permissions - null null
2026-04-23 16:39:34.498 +07:00 [INF] Request finished HTTP/1.1 OPTIONS http://localhost:5283/api/v1/phan-quyen/role-permissions - 204 null null 41.3411ms
2026-04-23 16:39:34.500 +07:00 [INF] Request finished HTTP/1.1 OPTIONS http://localhost:5283/api/v1/don-vi - 204 null null 43.4483ms
2026-04-23 16:39:34.504 +07:00 [INF] Request starting HTTP/1.1 GET http://localhost:5283/api/v1/roles - null null
2026-04-23 16:39:34.507 +07:00 [INF] Request starting HTTP/1.1 GET http://localhost:5283/api/v1/users - null null
2026-04-23 16:39:34.509 +07:00 [INF] Request finished HTTP/1.1 OPTIONS http://localhost:5283/api/v1/phan-quyen/user-roles - 204 null null 52.8ms
2026-04-23 16:39:34.513 +07:00 [INF] CORS policy execution successful.
2026-04-23 16:39:34.517 +07:00 [INF] Request starting HTTP/1.1 GET http://localhost:5283/api/v1/phan-quyen/role-permissions - null null
2026-04-23 16:39:34.520 +07:00 [INF] Request starting HTTP/1.1 GET http://localhost:5283/api/v1/don-vi - null null
2026-04-23 16:39:34.523 +07:00 [INF] CORS policy execution successful.
2026-04-23 16:39:34.526 +07:00 [INF] CORS policy execution successful.
2026-04-23 16:39:34.531 +07:00 [INF] Request starting HTTP/1.1 GET http://localhost:5283/api/v1/phan-quyen/user-roles - null null
2026-04-23 16:39:34.532 +07:00 [INF] Executing endpoint 'ThucLuc.Api.Controllers.V1.PermissionsController.GetAll (ThucLuc.Api)'
2026-04-23 16:39:34.536 +07:00 [INF] CORS policy execution successful.
2026-04-23 16:39:34.540 +07:00 [INF] CORS policy execution successful.
2026-04-23 16:39:34.541 +07:00 [INF] Executing endpoint 'ThucLuc.Api.Controllers.V1.RolesController.GetAll (ThucLuc.Api)'
2026-04-23 16:39:34.543 +07:00 [INF] Executing endpoint 'ThucLuc.Api.Controllers.V1.UsersController.GetAll (ThucLuc.Api)'
2026-04-23 16:39:34.546 +07:00 [INF] CORS policy execution successful.
2026-04-23 16:39:34.549 +07:00 [INF] Executing endpoint 'ThucLuc.Api.Controllers.V1.PhanQuyenController.GetRolePermissionMappings (ThucLuc.Api)'
2026-04-23 16:39:34.549 +07:00 [INF] Executing endpoint 'ThucLuc.Api.Controllers.V1.DonViController.GetList (ThucLuc.Api)'
2026-04-23 16:39:34.549 +07:00 [INF] Route matched with {action = "GetAll", controller = "Permissions"}. Executing controller action with signature System.Threading.Tasks.Task`1[Microsoft.AspNetCore.Mvc.ActionResult`1[ThucLuc.Api.Common.Models.ApiResponse`1[System.Collections.Generic.IReadOnlyCollection`1[ThucLuc.Api.Controllers.V1.PermissionItemDto]]]] GetAll(System.Threading.CancellationToken) on controller ThucLuc.Api.Controllers.V1.PermissionsController (ThucLuc.Api).
2026-04-23 16:39:34.552 +07:00 [INF] Route matched with {action = "GetAll", controller = "Roles"}. Executing controller action with signature System.Threading.Tasks.Task`1[Microsoft.AspNetCore.Mvc.ActionResult`1[ThucLuc.Api.Common.Models.ApiResponse`1[System.Collections.Generic.IReadOnlyCollection`1[ThucLuc.Application.Features.Roles.RoleDto]]]] GetAll(System.Threading.CancellationToken) on controller ThucLuc.Api.Controllers.V1.RolesController (ThucLuc.Api).
2026-04-23 16:39:34.553 +07:00 [INF] Executing endpoint 'ThucLuc.Api.Controllers.V1.PhanQuyenController.GetUserRoleMappings (ThucLuc.Api)'
2026-04-23 16:39:34.553 +07:00 [INF] Route matched with {action = "GetAll", controller = "Users"}. Executing controller action with signature System.Threading.Tasks.Task`1[Microsoft.AspNetCore.Mvc.ActionResult`1[ThucLuc.Api.Common.Models.ApiResponse`1[System.Collections.Generic.IReadOnlyCollection`1[ThucLuc.Application.Features.Users.UserDto]]]] GetAll(System.Threading.CancellationToken) on controller ThucLuc.Api.Controllers.V1.UsersController (ThucLuc.Api).
2026-04-23 16:39:34.556 +07:00 [INF] Route matched with {action = "GetRolePermissionMappings", controller = "PhanQuyen"}. Executing controller action with signature System.Threading.Tasks.Task`1[Microsoft.AspNetCore.Mvc.ActionResult`1[ThucLuc.Api.Common.Models.ApiResponse`1[System.Collections.Generic.IReadOnlyCollection`1[ThucLuc.Api.Controllers.V1.RolePermissionMappingDto]]]] GetRolePermissionMappings(System.Threading.CancellationToken) on controller ThucLuc.Api.Controllers.V1.PhanQuyenController (ThucLuc.Api).
2026-04-23 16:39:34.557 +07:00 [INF] Route matched with {action = "GetList", controller = "DonVi"}. Executing controller action with signature System.Threading.Tasks.Task`1[Microsoft.AspNetCore.Mvc.ActionResult`1[ThucLuc.Api.Common.Models.ApiResponse`1[System.Collections.Generic.IReadOnlyCollection`1[ThucLuc.Application.Features.DonVi.DonViDto]]]] GetList(System.Threading.CancellationToken) on controller ThucLuc.Api.Controllers.V1.DonViController (ThucLuc.Api).
2026-04-23 16:39:34.564 +07:00 [INF] Route matched with {action = "GetUserRoleMappings", controller = "PhanQuyen"}. Executing controller action with signature System.Threading.Tasks.Task`1[Microsoft.AspNetCore.Mvc.ActionResult`1[ThucLuc.Api.Common.Models.ApiResponse`1[System.Collections.Generic.IReadOnlyCollection`1[ThucLuc.Api.Controllers.V1.UserRoleMappingDto]]]] GetUserRoleMappings(System.Nullable`1[System.Int64], System.Threading.CancellationToken) on controller ThucLuc.Api.Controllers.V1.PhanQuyenController (ThucLuc.Api).
2026-04-23 16:39:34.568 +07:00 [INF] Executing OkObjectResult, writing value of type 'ThucLuc.Api.Common.Models.ApiResponse`1[[System.Collections.Generic.IReadOnlyCollection`1[[ThucLuc.Api.Controllers.V1.PermissionItemDto, ThucLuc.Api, Version=1.0.0.0, Culture=neutral, PublicKeyToken=null]], System.Private.CoreLib, Version=8.0.0.0, Culture=neutral, PublicKeyToken=7cec85d7bea7798e]]'.
2026-04-23 16:39:34.570 +07:00 [INF] Executing OkObjectResult, writing value of type 'ThucLuc.Api.Common.Models.ApiResponse`1[[System.Collections.Generic.IReadOnlyCollection`1[[ThucLuc.Application.Features.Users.UserDto, ThucLuc.Application, Version=1.0.0.0, Culture=neutral, PublicKeyToken=null]], System.Private.CoreLib, Version=8.0.0.0, Culture=neutral, PublicKeyToken=7cec85d7bea7798e]]'.
2026-04-23 16:39:34.576 +07:00 [INF] Executing OkObjectResult, writing value of type 'ThucLuc.Api.Common.Models.ApiResponse`1[[System.Collections.Generic.IReadOnlyCollection`1[[ThucLuc.Application.Features.Roles.RoleDto, ThucLuc.Application, Version=1.0.0.0, Culture=neutral, PublicKeyToken=null]], System.Private.CoreLib, Version=8.0.0.0, Culture=neutral, PublicKeyToken=7cec85d7bea7798e]]'.
2026-04-23 16:39:34.577 +07:00 [INF] Executed action ThucLuc.Api.Controllers.V1.PermissionsController.GetAll (ThucLuc.Api) in 18.8209ms
2026-04-23 16:39:34.577 +07:00 [INF] Executed action ThucLuc.Api.Controllers.V1.UsersController.GetAll (ThucLuc.Api) in 13.122ms
2026-04-23 16:39:34.580 +07:00 [INF] Executed endpoint 'ThucLuc.Api.Controllers.V1.PermissionsController.GetAll (ThucLuc.Api)'
2026-04-23 16:39:34.581 +07:00 [INF] Executed action ThucLuc.Api.Controllers.V1.RolesController.GetAll (ThucLuc.Api) in 21.9964ms
2026-04-23 16:39:34.582 +07:00 [INF] Executed endpoint 'ThucLuc.Api.Controllers.V1.UsersController.GetAll (ThucLuc.Api)'
2026-04-23 16:39:34.583 +07:00 [INF] HTTP GET /api/v1/permissions => 200 in 69.7963 ms CorrelationId=9f18539d9f7a446a8574f59a930b8c32 UserId=5001
2026-04-23 16:39:34.585 +07:00 [INF] Executed endpoint 'ThucLuc.Api.Controllers.V1.RolesController.GetAll (ThucLuc.Api)'
2026-04-23 16:39:34.585 +07:00 [INF] Executing OkObjectResult, writing value of type 'ThucLuc.Api.Common.Models.ApiResponse`1[[System.Collections.Generic.IReadOnlyCollection`1[[ThucLuc.Application.Features.DonVi.DonViDto, ThucLuc.Application, Version=1.0.0.0, Culture=neutral, PublicKeyToken=null]], System.Private.CoreLib, Version=8.0.0.0, Culture=neutral, PublicKeyToken=7cec85d7bea7798e]]'.
2026-04-23 16:39:34.588 +07:00 [INF] HTTP GET /api/v1/users => 200 in 61.3843 ms CorrelationId=e01bc131397f47148c1a325913a262c3 UserId=5001
2026-04-23 16:39:34.588 +07:00 [INF] Executing OkObjectResult, writing value of type 'ThucLuc.Api.Common.Models.ApiResponse`1[[System.Collections.Generic.IReadOnlyCollection`1[[ThucLuc.Api.Controllers.V1.UserRoleMappingDto, ThucLuc.Api, Version=1.0.0.0, Culture=neutral, PublicKeyToken=null]], System.Private.CoreLib, Version=8.0.0.0, Culture=neutral, PublicKeyToken=7cec85d7bea7798e]]'.
2026-04-23 16:39:34.590 +07:00 [INF] Executing OkObjectResult, writing value of type 'ThucLuc.Api.Common.Models.ApiResponse`1[[System.Collections.Generic.IReadOnlyCollection`1[[ThucLuc.Api.Controllers.V1.RolePermissionMappingDto, ThucLuc.Api, Version=1.0.0.0, Culture=neutral, PublicKeyToken=null]], System.Private.CoreLib, Version=8.0.0.0, Culture=neutral, PublicKeyToken=7cec85d7bea7798e]]'.
2026-04-23 16:39:34.590 +07:00 [INF] HTTP GET /api/v1/permissions responded 200 in 76.9868 ms
2026-04-23 16:39:34.591 +07:00 [INF] HTTP GET /api/v1/roles => 200 in 67.3533 ms CorrelationId=d4396ffbe94b4e14b18e57423c5ded7d UserId=5001
2026-04-23 16:39:34.593 +07:00 [INF] Executed action ThucLuc.Api.Controllers.V1.DonViController.GetList (ThucLuc.Api) in 25.0477ms
2026-04-23 16:39:34.594 +07:00 [INF] HTTP GET /api/v1/users responded 200 in 67.7042 ms
2026-04-23 16:39:34.599 +07:00 [INF] Executed action ThucLuc.Api.Controllers.V1.PhanQuyenController.GetUserRoleMappings (ThucLuc.Api) in 28.4753ms
2026-04-23 16:39:34.599 +07:00 [INF] Executed action ThucLuc.Api.Controllers.V1.PhanQuyenController.GetRolePermissionMappings (ThucLuc.Api) in 33.0708ms
2026-04-23 16:39:34.600 +07:00 [INF] Request finished HTTP/1.1 GET http://localhost:5283/api/v1/permissions - 200 null application/json; charset=utf-8 103.8625ms
2026-04-23 16:39:34.602 +07:00 [INF] HTTP GET /api/v1/roles responded 200 in 78.6299 ms
2026-04-23 16:39:34.604 +07:00 [INF] Executed endpoint 'ThucLuc.Api.Controllers.V1.DonViController.GetList (ThucLuc.Api)'
2026-04-23 16:39:34.606 +07:00 [INF] Request finished HTTP/1.1 GET http://localhost:5283/api/v1/users - 200 null application/json; charset=utf-8 98.511ms
2026-04-23 16:39:34.608 +07:00 [INF] Executed endpoint 'ThucLuc.Api.Controllers.V1.PhanQuyenController.GetUserRoleMappings (ThucLuc.Api)'
2026-04-23 16:39:34.609 +07:00 [INF] Executed endpoint 'ThucLuc.Api.Controllers.V1.PhanQuyenController.GetRolePermissionMappings (ThucLuc.Api)'
2026-04-23 16:39:34.615 +07:00 [INF] Request finished HTTP/1.1 GET http://localhost:5283/api/v1/roles - 200 null application/json; charset=utf-8 111.375ms
2026-04-23 16:39:34.616 +07:00 [INF] HTTP GET /api/v1/don-vi => 200 in 76.067 ms CorrelationId=91137f257b06485e8d2cbdb3dfd15af8 UserId=5001
2026-04-23 16:39:34.621 +07:00 [INF] HTTP GET /api/v1/phan-quyen/user-roles => 200 in 74.9752 ms CorrelationId=374b502f2b5145afb54abb189d14f8e2 UserId=5001
2026-04-23 16:39:34.622 +07:00 [INF] HTTP GET /api/v1/phan-quyen/role-permissions => 200 in 85.887 ms CorrelationId=fa373c1df78040bdabd33658c88635c6 UserId=5001
2026-04-23 16:39:34.627 +07:00 [INF] HTTP GET /api/v1/don-vi responded 200 in 86.9372 ms
2026-04-23 16:39:34.630 +07:00 [INF] HTTP GET /api/v1/phan-quyen/user-roles responded 200 in 84.0642 ms
2026-04-23 16:39:34.632 +07:00 [INF] HTTP GET /api/v1/phan-quyen/role-permissions responded 200 in 95.5193 ms
2026-04-23 16:39:34.634 +07:00 [INF] Request finished HTTP/1.1 GET http://localhost:5283/api/v1/don-vi - 200 null application/json; charset=utf-8 113.3426ms
2026-04-23 16:39:34.635 +07:00 [INF] Request finished HTTP/1.1 GET http://localhost:5283/api/v1/phan-quyen/user-roles - 200 null application/json; charset=utf-8 103.9023ms
2026-04-23 16:39:34.637 +07:00 [INF] Request finished HTTP/1.1 GET http://localhost:5283/api/v1/phan-quyen/role-permissions - 200 null application/json; charset=utf-8 120.0229ms
2026-04-23 16:39:35.348 +07:00 [INF] Request starting HTTP/1.1 GET http://localhost:5283/api/v1/permissions - null null
2026-04-23 16:39:35.351 +07:00 [INF] CORS policy execution successful.
2026-04-23 16:39:35.352 +07:00 [INF] Executing endpoint 'ThucLuc.Api.Controllers.V1.PermissionsController.GetAll (ThucLuc.Api)'
2026-04-23 16:39:35.353 +07:00 [INF] Route matched with {action = "GetAll", controller = "Permissions"}. Executing controller action with signature System.Threading.Tasks.Task`1[Microsoft.AspNetCore.Mvc.ActionResult`1[ThucLuc.Api.Common.Models.ApiResponse`1[System.Collections.Generic.IReadOnlyCollection`1[ThucLuc.Api.Controllers.V1.PermissionItemDto]]]] GetAll(System.Threading.CancellationToken) on controller ThucLuc.Api.Controllers.V1.PermissionsController (ThucLuc.Api).
2026-04-23 16:39:35.360 +07:00 [INF] Executing OkObjectResult, writing value of type 'ThucLuc.Api.Common.Models.ApiResponse`1[[System.Collections.Generic.IReadOnlyCollection`1[[ThucLuc.Api.Controllers.V1.PermissionItemDto, ThucLuc.Api, Version=1.0.0.0, Culture=neutral, PublicKeyToken=null]], System.Private.CoreLib, Version=8.0.0.0, Culture=neutral, PublicKeyToken=7cec85d7bea7798e]]'.
2026-04-23 16:39:35.361 +07:00 [INF] Executed action ThucLuc.Api.Controllers.V1.PermissionsController.GetAll (ThucLuc.Api) in 6.8299ms
2026-04-23 16:39:35.363 +07:00 [INF] Executed endpoint 'ThucLuc.Api.Controllers.V1.PermissionsController.GetAll (ThucLuc.Api)'
2026-04-23 16:39:35.364 +07:00 [INF] HTTP GET /api/v1/permissions => 200 in 13.615 ms CorrelationId=6d37cdef139d400f91ee7c3681fe1cf8 UserId=5001
2026-04-23 16:39:35.366 +07:00 [INF] HTTP GET /api/v1/permissions responded 200 in 15.1036 ms
2026-04-23 16:39:35.367 +07:00 [INF] Request finished HTTP/1.1 GET http://localhost:5283/api/v1/permissions - 200 null application/json; charset=utf-8 19.1512ms
2026-04-23 16:39:35.688 +07:00 [INF] Request starting HTTP/1.1 GET http://localhost:5283/api/v1/roles - null null
2026-04-23 16:39:35.691 +07:00 [INF] CORS policy execution successful.
2026-04-23 16:39:35.692 +07:00 [INF] Executing endpoint 'ThucLuc.Api.Controllers.V1.RolesController.GetAll (ThucLuc.Api)'
2026-04-23 16:39:35.694 +07:00 [INF] Route matched with {action = "GetAll", controller = "Roles"}. Executing controller action with signature System.Threading.Tasks.Task`1[Microsoft.AspNetCore.Mvc.ActionResult`1[ThucLuc.Api.Common.Models.ApiResponse`1[System.Collections.Generic.IReadOnlyCollection`1[ThucLuc.Application.Features.Roles.RoleDto]]]] GetAll(System.Threading.CancellationToken) on controller ThucLuc.Api.Controllers.V1.RolesController (ThucLuc.Api).
2026-04-23 16:39:35.702 +07:00 [INF] Executing OkObjectResult, writing value of type 'ThucLuc.Api.Common.Models.ApiResponse`1[[System.Collections.Generic.IReadOnlyCollection`1[[ThucLuc.Application.Features.Roles.RoleDto, ThucLuc.Application, Version=1.0.0.0, Culture=neutral, PublicKeyToken=null]], System.Private.CoreLib, Version=8.0.0.0, Culture=neutral, PublicKeyToken=7cec85d7bea7798e]]'.
2026-04-23 16:39:35.703 +07:00 [INF] Executed action ThucLuc.Api.Controllers.V1.RolesController.GetAll (ThucLuc.Api) in 6.0682ms
2026-04-23 16:39:35.704 +07:00 [INF] Executed endpoint 'ThucLuc.Api.Controllers.V1.RolesController.GetAll (ThucLuc.Api)'
2026-04-23 16:39:35.705 +07:00 [INF] HTTP GET /api/v1/roles => 200 in 13.6559 ms CorrelationId=9388879b9a364c93bf52e50fe292d225 UserId=5001
2026-04-23 16:39:35.706 +07:00 [INF] HTTP GET /api/v1/roles responded 200 in 14.9565 ms
2026-04-23 16:39:35.707 +07:00 [INF] Request finished HTTP/1.1 GET http://localhost:5283/api/v1/roles - 200 null application/json; charset=utf-8 19.0045ms
