2026-04-28 12:50:30.193 +07:00 [INF] Baseline seed data has been applied successfully.
2026-04-28 12:50:30.279 +07:00 [INF] User profile is available. Using 'C:\Users\CNTT\AppData\Local\ASP.NET\DataProtection-Keys' as key repository and Windows DPAPI to encrypt keys at rest.
2026-04-28 12:50:30.322 +07:00 [ERR] Hosting failed to start
System.IO.IOException: Failed to bind to address http://127.0.0.1:5283: address already in use.
 ---> Microsoft.AspNetCore.Connections.AddressInUseException: Only one usage of each socket address (protocol/network address/port) is normally permitted.
 ---> System.Net.Sockets.SocketException (10048): Only one usage of each socket address (protocol/network address/port) is normally permitted.
   at System.Net.Sockets.Socket.UpdateStatusAfterSocketErrorAndThrowException(SocketError error, Boolean disconnectOnFailure, String callerName)
   at System.Net.Sockets.Socket.DoBind(EndPoint endPointSnapshot, SocketAddress socketAddress)
   at System.Net.Sockets.Socket.Bind(EndPoint localEP)
   at Microsoft.AspNetCore.Server.Kestrel.Transport.Sockets.SocketTransportOptions.CreateDefaultBoundListenSocket(EndPoint endpoint)
   at Microsoft.AspNetCore.Server.Kestrel.Transport.Sockets.SocketConnectionListener.Bind()
   --- End of inner exception stack trace ---
   at Microsoft.AspNetCore.Server.Kestrel.Transport.Sockets.SocketConnectionListener.Bind()
   at Microsoft.AspNetCore.Server.Kestrel.Transport.Sockets.SocketTransportFactory.BindAsync(EndPoint endpoint, CancellationToken cancellationToken)
   at Microsoft.AspNetCore.Server.Kestrel.Core.Internal.Infrastructure.TransportManager.BindAsync(EndPoint endPoint, ConnectionDelegate connectionDelegate, EndpointConfig endpointConfig, CancellationToken cancellationToken)
   at Microsoft.AspNetCore.Server.Kestrel.Core.KestrelServerImpl.<>c__DisplayClass28_0`1.<<StartAsync>g__OnBind|0>d.MoveNext()
--- End of stack trace from previous location ---
   at Microsoft.AspNetCore.Server.Kestrel.Core.Internal.AddressBinder.BindEndpointAsync(ListenOptions endpoint, AddressBindContext context, CancellationToken cancellationToken)
   --- End of inner exception stack trace ---
   at Microsoft.AspNetCore.Server.Kestrel.Core.Internal.AddressBinder.BindEndpointAsync(ListenOptions endpoint, AddressBindContext context, CancellationToken cancellationToken)
   at Microsoft.AspNetCore.Server.Kestrel.Core.LocalhostListenOptions.BindAsync(AddressBindContext context, CancellationToken cancellationToken)
   at Microsoft.AspNetCore.Server.Kestrel.Core.Internal.AddressBinder.AddressesStrategy.BindAsync(AddressBindContext context, CancellationToken cancellationToken)
   at Microsoft.AspNetCore.Server.Kestrel.Core.Internal.AddressBinder.BindAsync(ListenOptions[] listenOptions, AddressBindContext context, Func`2 useHttps, CancellationToken cancellationToken)
   at Microsoft.AspNetCore.Server.Kestrel.Core.KestrelServerImpl.BindAsync(CancellationToken cancellationToken)
   at Microsoft.AspNetCore.Server.Kestrel.Core.KestrelServerImpl.StartAsync[TContext](IHttpApplication`1 application, CancellationToken cancellationToken)
   at Microsoft.AspNetCore.Hosting.GenericWebHostService.StartAsync(CancellationToken cancellationToken)
   at Microsoft.Extensions.Hosting.Internal.Host.<StartAsync>b__15_1(IHostedService service, CancellationToken token)
   at Microsoft.Extensions.Hosting.Internal.Host.ForeachService[T](IEnumerable`1 services, CancellationToken token, Boolean concurrent, Boolean abortOnFirstException, List`1 exceptions, Func`3 operation)
2026-04-28 16:49:11.042 +07:00 [INF] Baseline seed data has been applied successfully.
2026-04-28 16:49:11.126 +07:00 [INF] User profile is available. Using 'C:\Users\CNTT\AppData\Local\ASP.NET\DataProtection-Keys' as key repository and Windows DPAPI to encrypt keys at rest.
2026-04-28 16:49:11.170 +07:00 [INF] Now listening on: http://localhost:5283
2026-04-28 16:49:11.171 +07:00 [INF] Application started. Press Ctrl+C to shut down.
2026-04-28 16:49:11.171 +07:00 [INF] Hosting environment: Development
2026-04-28 16:49:11.172 +07:00 [INF] Content root path: d:\Projects\ThucLuc_V2\.sources\backend\src\Api
2026-04-28 16:49:27.687 +07:00 [INF] Request starting HTTP/1.1 OPTIONS http://localhost:5283/api/v1/codes/by-code/TRINH_DO_CNTT - null null
2026-04-28 16:49:27.687 +07:00 [INF] Request starting HTTP/1.1 OPTIONS http://localhost:5283/api/v1/don-vi/2001 - null null
2026-04-28 16:49:27.687 +07:00 [INF] Request starting HTTP/1.1 OPTIONS http://localhost:5283/api/v1/codes/by-code/CAP_BAC_CONG_AN - null null
2026-04-28 16:49:27.687 +07:00 [INF] Request starting HTTP/1.1 OPTIONS http://localhost:5283/api/v1/codes/by-code/LOAI_NHAN_LUC - null null
2026-04-28 16:49:27.687 +07:00 [INF] Request starting HTTP/1.1 OPTIONS http://localhost:5283/api/v1/codes/by-code/GIOI_TINH - null null
2026-04-28 16:49:27.687 +07:00 [INF] Request starting HTTP/1.1 OPTIONS http://localhost:5283/api/v1/codes/by-code/TRINH_DO_LLCT - null null
2026-04-28 16:49:27.731 +07:00 [WRN] Failed to determine the https port for redirect.
2026-04-28 16:49:27.733 +07:00 [INF] CORS policy execution successful.
2026-04-28 16:49:27.733 +07:00 [INF] CORS policy execution successful.
2026-04-28 16:49:27.733 +07:00 [INF] CORS policy execution successful.
2026-04-28 16:49:27.733 +07:00 [INF] CORS policy execution successful.
2026-04-28 16:49:27.733 +07:00 [INF] CORS policy execution successful.
2026-04-28 16:49:27.733 +07:00 [INF] CORS policy execution successful.
2026-04-28 16:49:27.735 +07:00 [INF] HTTP OPTIONS /api/v1/codes/by-code/GIOI_TINH => 204 in 14.4107 ms CorrelationId=4765b6fa3dfa4d439cc1eb04463f95af UserId=anonymous
2026-04-28 16:49:27.735 +07:00 [INF] HTTP OPTIONS /api/v1/codes/by-code/TRINH_DO_CNTT => 204 in 14.1866 ms CorrelationId=6785680d3d5d40929a8e30106bf1b84d UserId=anonymous
2026-04-28 16:49:27.735 +07:00 [INF] HTTP OPTIONS /api/v1/codes/by-code/CAP_BAC_CONG_AN => 204 in 14.7389 ms CorrelationId=470b6f9acc384d7f90ddb64aeddd7370 UserId=anonymous
2026-04-28 16:49:27.735 +07:00 [INF] HTTP OPTIONS /api/v1/don-vi/2001 => 204 in 15.2929 ms CorrelationId=486f548e55ce4c20a820f87e720beead UserId=anonymous
2026-04-28 16:49:27.736 +07:00 [INF] HTTP OPTIONS /api/v1/codes/by-code/TRINH_DO_LLCT => 204 in 15.9003 ms CorrelationId=1ba5278b72c04c30b30d920e394cee43 UserId=anonymous
2026-04-28 16:49:27.737 +07:00 [INF] HTTP OPTIONS /api/v1/codes/by-code/LOAI_NHAN_LUC => 204 in 16.4824 ms CorrelationId=46a9405bc3ef48a3a2918dbe2222844f UserId=anonymous
2026-04-28 16:49:27.741 +07:00 [INF] HTTP OPTIONS /api/v1/codes/by-code/GIOI_TINH responded 204 in 21.7716 ms
2026-04-28 16:49:27.741 +07:00 [INF] HTTP OPTIONS /api/v1/codes/by-code/TRINH_DO_CNTT responded 204 in 23.6565 ms
2026-04-28 16:49:27.743 +07:00 [INF] HTTP OPTIONS /api/v1/codes/by-code/CAP_BAC_CONG_AN responded 204 in 25.1611 ms
2026-04-28 16:49:27.744 +07:00 [INF] HTTP OPTIONS /api/v1/don-vi/2001 responded 204 in 26.4633 ms
2026-04-28 16:49:27.746 +07:00 [INF] HTTP OPTIONS /api/v1/codes/by-code/TRINH_DO_LLCT responded 204 in 28.0119 ms
2026-04-28 16:49:27.747 +07:00 [INF] HTTP OPTIONS /api/v1/codes/by-code/LOAI_NHAN_LUC responded 204 in 29.4869 ms
2026-04-28 16:49:27.752 +07:00 [INF] Request finished HTTP/1.1 OPTIONS http://localhost:5283/api/v1/codes/by-code/TRINH_DO_CNTT - 204 null null 66.8522ms
2026-04-28 16:49:27.752 +07:00 [INF] Request finished HTTP/1.1 OPTIONS http://localhost:5283/api/v1/codes/by-code/GIOI_TINH - 204 null null 66.9137ms
2026-04-28 16:49:27.753 +07:00 [INF] Request finished HTTP/1.1 OPTIONS http://localhost:5283/api/v1/codes/by-code/CAP_BAC_CONG_AN - 204 null null 68.4292ms
2026-04-28 16:49:27.755 +07:00 [INF] Request finished HTTP/1.1 OPTIONS http://localhost:5283/api/v1/don-vi/2001 - 204 null null 69.576ms
2026-04-28 16:49:27.756 +07:00 [INF] Request finished HTTP/1.1 OPTIONS http://localhost:5283/api/v1/codes/by-code/TRINH_DO_LLCT - 204 null null 70.8247ms
2026-04-28 16:49:27.758 +07:00 [INF] Request finished HTTP/1.1 OPTIONS http://localhost:5283/api/v1/codes/by-code/LOAI_NHAN_LUC - 204 null null 72.8205ms
2026-04-28 16:49:27.761 +07:00 [INF] Request starting HTTP/1.1 OPTIONS http://localhost:5283/api/v1/don-vi/tree - null null
2026-04-28 16:49:27.762 +07:00 [INF] Request starting HTTP/1.1 GET http://localhost:5283/api/v1/codes/by-code/GIOI_TINH - null null
2026-04-28 16:49:27.764 +07:00 [INF] Request starting HTTP/1.1 GET http://localhost:5283/api/v1/codes/by-code/TRINH_DO_CNTT - null null
2026-04-28 16:49:27.765 +07:00 [INF] Request starting HTTP/1.1 GET http://localhost:5283/api/v1/codes/by-code/CAP_BAC_CONG_AN - null null
2026-04-28 16:49:27.767 +07:00 [INF] Request starting HTTP/1.1 GET http://localhost:5283/api/v1/don-vi/2001 - null null
2026-04-28 16:49:27.769 +07:00 [INF] Request starting HTTP/1.1 GET http://localhost:5283/api/v1/codes/by-code/TRINH_DO_LLCT - null null
2026-04-28 16:49:27.774 +07:00 [INF] CORS policy execution successful.
2026-04-28 16:49:27.774 +07:00 [INF] CORS policy execution successful.
2026-04-28 16:49:27.776 +07:00 [INF] CORS policy execution successful.
2026-04-28 16:49:27.778 +07:00 [INF] CORS policy execution successful.
2026-04-28 16:49:27.780 +07:00 [INF] CORS policy execution successful.
2026-04-28 16:49:27.781 +07:00 [INF] CORS policy execution successful.
2026-04-28 16:49:27.782 +07:00 [INF] HTTP OPTIONS /api/v1/don-vi/tree => 204 in 8.3273 ms CorrelationId=dc4a9c69530f415488a425e6f4e62fb6 UserId=anonymous
2026-04-28 16:49:27.788 +07:00 [INF] HTTP OPTIONS /api/v1/don-vi/tree responded 204 in 14.2338 ms
2026-04-28 16:49:27.790 +07:00 [INF] Request finished HTTP/1.1 OPTIONS http://localhost:5283/api/v1/don-vi/tree - 204 null null 29.0781ms
2026-04-28 16:49:27.793 +07:00 [INF] Request starting HTTP/1.1 GET http://localhost:5283/api/v1/codes/by-code/LOAI_NHAN_LUC - null null
2026-04-28 16:49:27.795 +07:00 [INF] CORS policy execution successful.
2026-04-28 16:49:27.831 +07:00 [INF] Executing endpoint 'ThucLuc.Api.Controllers.V1.CodesController.GetByCode (ThucLuc.Api)'
2026-04-28 16:49:27.831 +07:00 [INF] Executing endpoint 'ThucLuc.Api.Controllers.V1.CodesController.GetByCode (ThucLuc.Api)'
2026-04-28 16:49:27.831 +07:00 [INF] Executing endpoint 'ThucLuc.Api.Controllers.V1.DonViController.GetById (ThucLuc.Api)'
2026-04-28 16:49:27.831 +07:00 [INF] Executing endpoint 'ThucLuc.Api.Controllers.V1.CodesController.GetByCode (ThucLuc.Api)'
2026-04-28 16:49:27.831 +07:00 [INF] Executing endpoint 'ThucLuc.Api.Controllers.V1.CodesController.GetByCode (ThucLuc.Api)'
2026-04-28 16:49:27.831 +07:00 [INF] Executing endpoint 'ThucLuc.Api.Controllers.V1.CodesController.GetByCode (ThucLuc.Api)'
2026-04-28 16:49:27.845 +07:00 [INF] Route matched with {action = "GetByCode", controller = "Codes"}. Executing controller action with signature System.Threading.Tasks.Task`1[Microsoft.AspNetCore.Mvc.ActionResult`1[ThucLuc.Api.Common.Models.ApiResponse`1[ThucLuc.Application.Features.Codes.CodeDto]]] GetByCode(System.String, System.Threading.CancellationToken) on controller ThucLuc.Api.Controllers.V1.CodesController (ThucLuc.Api).
2026-04-28 16:49:27.845 +07:00 [INF] Route matched with {action = "GetByCode", controller = "Codes"}. Executing controller action with signature System.Threading.Tasks.Task`1[Microsoft.AspNetCore.Mvc.ActionResult`1[ThucLuc.Api.Common.Models.ApiResponse`1[ThucLuc.Application.Features.Codes.CodeDto]]] GetByCode(System.String, System.Threading.CancellationToken) on controller ThucLuc.Api.Controllers.V1.CodesController (ThucLuc.Api).
2026-04-28 16:49:27.845 +07:00 [INF] Route matched with {action = "GetByCode", controller = "Codes"}. Executing controller action with signature System.Threading.Tasks.Task`1[Microsoft.AspNetCore.Mvc.ActionResult`1[ThucLuc.Api.Common.Models.ApiResponse`1[ThucLuc.Application.Features.Codes.CodeDto]]] GetByCode(System.String, System.Threading.CancellationToken) on controller ThucLuc.Api.Controllers.V1.CodesController (ThucLuc.Api).
2026-04-28 16:49:27.845 +07:00 [INF] Route matched with {action = "GetByCode", controller = "Codes"}. Executing controller action with signature System.Threading.Tasks.Task`1[Microsoft.AspNetCore.Mvc.ActionResult`1[ThucLuc.Api.Common.Models.ApiResponse`1[ThucLuc.Application.Features.Codes.CodeDto]]] GetByCode(System.String, System.Threading.CancellationToken) on controller ThucLuc.Api.Controllers.V1.CodesController (ThucLuc.Api).
2026-04-28 16:49:27.845 +07:00 [INF] Route matched with {action = "GetByCode", controller = "Codes"}. Executing controller action with signature System.Threading.Tasks.Task`1[Microsoft.AspNetCore.Mvc.ActionResult`1[ThucLuc.Api.Common.Models.ApiResponse`1[ThucLuc.Application.Features.Codes.CodeDto]]] GetByCode(System.String, System.Threading.CancellationToken) on controller ThucLuc.Api.Controllers.V1.CodesController (ThucLuc.Api).
2026-04-28 16:49:27.845 +07:00 [INF] Route matched with {action = "GetById", controller = "DonVi"}. Executing controller action with signature System.Threading.Tasks.Task`1[Microsoft.AspNetCore.Mvc.ActionResult`1[ThucLuc.Api.Common.Models.ApiResponse`1[ThucLuc.Application.Features.DonVi.DonViDto]]] GetById(Int64, System.Threading.CancellationToken) on controller ThucLuc.Api.Controllers.V1.DonViController (ThucLuc.Api).
2026-04-28 16:49:27.956 +07:00 [INF] Executing OkObjectResult, writing value of type 'ThucLuc.Api.Common.Models.ApiResponse`1[[ThucLuc.Application.Features.DonVi.DonViDto, ThucLuc.Application, Version=1.0.0.0, Culture=neutral, PublicKeyToken=null]]'.
2026-04-28 16:49:27.984 +07:00 [INF] Executed action ThucLuc.Api.Controllers.V1.DonViController.GetById (ThucLuc.Api) in 128.9773ms
2026-04-28 16:49:27.985 +07:00 [INF] Executed endpoint 'ThucLuc.Api.Controllers.V1.DonViController.GetById (ThucLuc.Api)'
2026-04-28 16:49:27.986 +07:00 [INF] HTTP GET /api/v1/don-vi/2001 => 200 in 206.5306 ms CorrelationId=58713d10a63044c8b805076bfca9fc56 UserId=5001
2026-04-28 16:49:27.988 +07:00 [INF] HTTP GET /api/v1/don-vi/2001 responded 200 in 208.0325 ms
2026-04-28 16:49:27.992 +07:00 [INF] Request finished HTTP/1.1 GET http://localhost:5283/api/v1/don-vi/2001 - 200 null application/json; charset=utf-8 224.3457ms
2026-04-28 16:49:27.994 +07:00 [INF] Request starting HTTP/1.1 GET http://localhost:5283/api/v1/don-vi/tree - null null
2026-04-28 16:49:27.996 +07:00 [INF] CORS policy execution successful.
2026-04-28 16:49:27.999 +07:00 [INF] Executing endpoint 'ThucLuc.Api.Controllers.V1.DonViController.GetTree (ThucLuc.Api)'
2026-04-28 16:49:28.003 +07:00 [INF] Route matched with {action = "GetTree", controller = "DonVi"}. Executing controller action with signature System.Threading.Tasks.Task`1[Microsoft.AspNetCore.Mvc.ActionResult`1[ThucLuc.Api.Common.Models.ApiResponse`1[System.Collections.Generic.IReadOnlyCollection`1[ThucLuc.Application.Features.DonVi.DonViDto]]]] GetTree(System.Threading.CancellationToken) on controller ThucLuc.Api.Controllers.V1.DonViController (ThucLuc.Api).
2026-04-28 16:49:28.038 +07:00 [INF] Executing OkObjectResult, writing value of type 'ThucLuc.Api.Common.Models.ApiResponse`1[[System.Collections.Generic.IReadOnlyCollection`1[[ThucLuc.Application.Features.DonVi.DonViDto, ThucLuc.Application, Version=1.0.0.0, Culture=neutral, PublicKeyToken=null]], System.Private.CoreLib, Version=8.0.0.0, Culture=neutral, PublicKeyToken=7cec85d7bea7798e]]'.
2026-04-28 16:49:28.046 +07:00 [INF] Executed action ThucLuc.Api.Controllers.V1.DonViController.GetTree (ThucLuc.Api) in 41.0899ms
2026-04-28 16:49:28.058 +07:00 [INF] Executed endpoint 'ThucLuc.Api.Controllers.V1.DonViController.GetTree (ThucLuc.Api)'
2026-04-28 16:49:28.061 +07:00 [INF] HTTP GET /api/v1/don-vi/tree => 200 in 64.4173 ms CorrelationId=8edae357db8e469c8a30d2b825731685 UserId=5001
2026-04-28 16:49:28.067 +07:00 [INF] HTTP GET /api/v1/don-vi/tree responded 200 in 71.0473 ms
2026-04-28 16:49:28.071 +07:00 [INF] Request finished HTTP/1.1 GET http://localhost:5283/api/v1/don-vi/tree - 200 null application/json; charset=utf-8 76.643ms
2026-04-28 16:49:28.075 +07:00 [INF] Executing OkObjectResult, writing value of type 'ThucLuc.Api.Common.Models.ApiResponse`1[[ThucLuc.Application.Features.Codes.CodeDto, ThucLuc.Application, Version=1.0.0.0, Culture=neutral, PublicKeyToken=null]]'.
2026-04-28 16:49:28.075 +07:00 [INF] Executing OkObjectResult, writing value of type 'ThucLuc.Api.Common.Models.ApiResponse`1[[ThucLuc.Application.Features.Codes.CodeDto, ThucLuc.Application, Version=1.0.0.0, Culture=neutral, PublicKeyToken=null]]'.
2026-04-28 16:49:28.075 +07:00 [INF] Executing OkObjectResult, writing value of type 'ThucLuc.Api.Common.Models.ApiResponse`1[[ThucLuc.Application.Features.Codes.CodeDto, ThucLuc.Application, Version=1.0.0.0, Culture=neutral, PublicKeyToken=null]]'.
2026-04-28 16:49:28.075 +07:00 [INF] Executing OkObjectResult, writing value of type 'ThucLuc.Api.Common.Models.ApiResponse`1[[ThucLuc.Application.Features.Codes.CodeDto, ThucLuc.Application, Version=1.0.0.0, Culture=neutral, PublicKeyToken=null]]'.
2026-04-28 16:49:28.075 +07:00 [INF] Executing OkObjectResult, writing value of type 'ThucLuc.Api.Common.Models.ApiResponse`1[[ThucLuc.Application.Features.Codes.CodeDto, ThucLuc.Application, Version=1.0.0.0, Culture=neutral, PublicKeyToken=null]]'.
2026-04-28 16:49:28.083 +07:00 [INF] Executed action ThucLuc.Api.Controllers.V1.CodesController.GetByCode (ThucLuc.Api) in 236.9279ms
2026-04-28 16:49:28.084 +07:00 [INF] Executed action ThucLuc.Api.Controllers.V1.CodesController.GetByCode (ThucLuc.Api) in 233.7259ms
2026-04-28 16:49:28.085 +07:00 [INF] Executed action ThucLuc.Api.Controllers.V1.CodesController.GetByCode (ThucLuc.Api) in 238.0575ms
2026-04-28 16:49:28.087 +07:00 [INF] Executed action ThucLuc.Api.Controllers.V1.CodesController.GetByCode (ThucLuc.Api) in 237.7865ms
2026-04-28 16:49:28.088 +07:00 [INF] Executed action ThucLuc.Api.Controllers.V1.CodesController.GetByCode (ThucLuc.Api) in 236.32ms
2026-04-28 16:49:28.089 +07:00 [INF] Executed endpoint 'ThucLuc.Api.Controllers.V1.CodesController.GetByCode (ThucLuc.Api)'
2026-04-28 16:49:28.090 +07:00 [INF] Executed endpoint 'ThucLuc.Api.Controllers.V1.CodesController.GetByCode (ThucLuc.Api)'
2026-04-28 16:49:28.092 +07:00 [INF] Executed endpoint 'ThucLuc.Api.Controllers.V1.CodesController.GetByCode (ThucLuc.Api)'
2026-04-28 16:49:28.093 +07:00 [INF] Executed endpoint 'ThucLuc.Api.Controllers.V1.CodesController.GetByCode (ThucLuc.Api)'
2026-04-28 16:49:28.094 +07:00 [INF] Executed endpoint 'ThucLuc.Api.Controllers.V1.CodesController.GetByCode (ThucLuc.Api)'
2026-04-28 16:49:28.095 +07:00 [INF] HTTP GET /api/v1/codes/by-code/CAP_BAC_CONG_AN => 200 in 317.1151 ms CorrelationId=3ca032d9fa154c7f840b806be76414da UserId=5001
2026-04-28 16:49:28.096 +07:00 [INF] HTTP GET /api/v1/codes/by-code/LOAI_NHAN_LUC => 200 in 301.1126 ms CorrelationId=3a5fadb552a74224b28a22abbf913c59 UserId=5001
2026-04-28 16:49:28.097 +07:00 [INF] HTTP GET /api/v1/codes/by-code/GIOI_TINH => 200 in 323.5794 ms CorrelationId=0870d27b86124600b8a8678a605f2ea1 UserId=5001
2026-04-28 16:49:28.098 +07:00 [INF] HTTP GET /api/v1/codes/by-code/TRINH_DO_LLCT => 200 in 316.6061 ms CorrelationId=de440a4cc93d4e0492a5b8708f0c2470 UserId=5001
2026-04-28 16:49:28.099 +07:00 [INF] HTTP GET /api/v1/codes/by-code/TRINH_DO_CNTT => 200 in 323.4723 ms CorrelationId=0e0f01a14ef74854a27bf1955bfb2b08 UserId=5001
2026-04-28 16:49:28.100 +07:00 [INF] HTTP GET /api/v1/codes/by-code/CAP_BAC_CONG_AN responded 200 in 322.7855 ms
2026-04-28 16:49:28.102 +07:00 [INF] HTTP GET /api/v1/codes/by-code/LOAI_NHAN_LUC responded 200 in 306.9787 ms
2026-04-28 16:49:28.104 +07:00 [INF] HTTP GET /api/v1/codes/by-code/GIOI_TINH responded 200 in 330.1404 ms
2026-04-28 16:49:28.105 +07:00 [INF] HTTP GET /api/v1/codes/by-code/TRINH_DO_LLCT responded 200 in 323.8596 ms
2026-04-28 16:49:28.107 +07:00 [INF] HTTP GET /api/v1/codes/by-code/TRINH_DO_CNTT responded 200 in 332.3146 ms
2026-04-28 16:49:28.109 +07:00 [INF] Request finished HTTP/1.1 GET http://localhost:5283/api/v1/codes/by-code/CAP_BAC_CONG_AN - 200 null application/json; charset=utf-8 343.6267ms
2026-04-28 16:49:28.111 +07:00 [INF] Request finished HTTP/1.1 GET http://localhost:5283/api/v1/codes/by-code/LOAI_NHAN_LUC - 200 null application/json; charset=utf-8 317.7045ms
2026-04-28 16:49:28.113 +07:00 [INF] Request finished HTTP/1.1 GET http://localhost:5283/api/v1/codes/by-code/GIOI_TINH - 200 null application/json; charset=utf-8 350.2411ms
2026-04-28 16:49:28.114 +07:00 [INF] Request finished HTTP/1.1 GET http://localhost:5283/api/v1/codes/by-code/TRINH_DO_LLCT - 200 null application/json; charset=utf-8 345.135ms
2026-04-28 16:49:28.116 +07:00 [INF] Request finished HTTP/1.1 GET http://localhost:5283/api/v1/codes/by-code/TRINH_DO_CNTT - 200 null application/json; charset=utf-8 351.9277ms
2026-04-28 16:49:28.132 +07:00 [INF] Request starting HTTP/1.1 OPTIONS http://localhost:5283/api/v1/nhan-luc-cntt?page=1&pageSize=10&namBaoCao=2026 - null null
2026-04-28 16:49:28.134 +07:00 [INF] CORS policy execution successful.
2026-04-28 16:49:28.135 +07:00 [INF] HTTP OPTIONS /api/v1/nhan-luc-cntt => 204 in 0.8085 ms CorrelationId=726892b8ebd14f32a36e35c5d1f045e4 UserId=anonymous
2026-04-28 16:49:28.137 +07:00 [INF] HTTP OPTIONS /api/v1/nhan-luc-cntt responded 204 in 2.9330 ms
2026-04-28 16:49:28.139 +07:00 [INF] Request finished HTTP/1.1 OPTIONS http://localhost:5283/api/v1/nhan-luc-cntt?page=1&pageSize=10&namBaoCao=2026 - 204 null null 7.344ms
2026-04-28 16:49:28.142 +07:00 [INF] Request starting HTTP/1.1 GET http://localhost:5283/api/v1/nhan-luc-cntt?page=1&pageSize=10&namBaoCao=2026 - null null
2026-04-28 16:49:28.145 +07:00 [INF] CORS policy execution successful.
2026-04-28 16:49:28.146 +07:00 [INF] Executing endpoint 'ThucLuc.Api.Controllers.V1.NhanLucCnttController.GetAll (ThucLuc.Api)'
2026-04-28 16:49:28.151 +07:00 [INF] Route matched with {action = "GetAll", controller = "NhanLucCntt"}. Executing controller action with signature System.Threading.Tasks.Task`1[Microsoft.AspNetCore.Mvc.ActionResult`1[ThucLuc.Api.Common.Models.ApiResponse`1[ThucLuc.Application.Common.Models.PagedResult`1[ThucLuc.Application.Features.NhanLucCntt.NhanLucCnttDto]]]] GetAll(ThucLuc.Application.Features.NhanLucCntt.NhanLucCnttQuery, System.Threading.CancellationToken) on controller ThucLuc.Api.Controllers.V1.NhanLucCnttController (ThucLuc.Api).
2026-04-28 16:49:28.201 +07:00 [INF] Executing OkObjectResult, writing value of type 'ThucLuc.Api.Common.Models.ApiResponse`1[[ThucLuc.Application.Common.Models.PagedResult`1[[ThucLuc.Application.Features.NhanLucCntt.NhanLucCnttDto, ThucLuc.Application, Version=1.0.0.0, Culture=neutral, PublicKeyToken=null]], ThucLuc.Application, Version=1.0.0.0, Culture=neutral, PublicKeyToken=null]]'.
2026-04-28 16:49:28.213 +07:00 [INF] Executed action ThucLuc.Api.Controllers.V1.NhanLucCnttController.GetAll (ThucLuc.Api) in 59.3507ms
2026-04-28 16:49:28.216 +07:00 [INF] Executed endpoint 'ThucLuc.Api.Controllers.V1.NhanLucCnttController.GetAll (ThucLuc.Api)'
2026-04-28 16:49:28.217 +07:00 [INF] HTTP GET /api/v1/nhan-luc-cntt => 200 in 72.6859 ms CorrelationId=6511387b28994c49bce30c734b89aeac UserId=5001
2026-04-28 16:49:28.220 +07:00 [INF] HTTP GET /api/v1/nhan-luc-cntt responded 200 in 74.8893 ms
2026-04-28 16:49:28.222 +07:00 [INF] Request finished HTTP/1.1 GET http://localhost:5283/api/v1/nhan-luc-cntt?page=1&pageSize=10&namBaoCao=2026 - 200 null application/json; charset=utf-8 79.2075ms
2026-04-28 16:49:41.860 +07:00 [INF] Request starting HTTP/1.1 OPTIONS http://localhost:5283/api/v1/users - null null
2026-04-28 16:49:41.860 +07:00 [INF] Request starting HTTP/1.1 OPTIONS http://localhost:5283/api/v1/don-vi - null null
2026-04-28 16:49:41.863 +07:00 [INF] CORS policy execution successful.
2026-04-28 16:49:41.865 +07:00 [INF] CORS policy execution successful.
2026-04-28 16:49:41.866 +07:00 [INF] HTTP OPTIONS /api/v1/don-vi => 204 in 1.0447 ms CorrelationId=a456ba10ba6d4a9d87516597c36d9f8a UserId=anonymous
2026-04-28 16:49:41.867 +07:00 [INF] HTTP OPTIONS /api/v1/don-vi responded 204 in 1.7252 ms
2026-04-28 16:49:41.869 +07:00 [INF] Request finished HTTP/1.1 OPTIONS http://localhost:5283/api/v1/don-vi - 204 null null 9.0241ms
2026-04-28 16:49:41.865 +07:00 [INF] HTTP OPTIONS /api/v1/users => 204 in 2.4143 ms CorrelationId=58a797bf100d488c864e6635f95a7711 UserId=anonymous
2026-04-28 16:49:41.874 +07:00 [INF] HTTP OPTIONS /api/v1/users responded 204 in 11.2346 ms
2026-04-28 16:49:41.873 +07:00 [INF] Request starting HTTP/1.1 GET http://localhost:5283/api/v1/don-vi - null null
2026-04-28 16:49:41.875 +07:00 [INF] Request finished HTTP/1.1 OPTIONS http://localhost:5283/api/v1/users - 204 null null 15.6701ms
2026-04-28 16:49:41.876 +07:00 [INF] CORS policy execution successful.
2026-04-28 16:49:41.878 +07:00 [INF] Request starting HTTP/1.1 GET http://localhost:5283/api/v1/users - null null
2026-04-28 16:49:41.879 +07:00 [INF] Executing endpoint 'ThucLuc.Api.Controllers.V1.DonViController.GetList (ThucLuc.Api)'
2026-04-28 16:49:41.879 +07:00 [INF] CORS policy execution successful.
2026-04-28 16:49:41.881 +07:00 [INF] Executing endpoint 'ThucLuc.Api.Controllers.V1.UsersController.GetAll (ThucLuc.Api)'
2026-04-28 16:49:41.883 +07:00 [INF] Route matched with {action = "GetList", controller = "DonVi"}. Executing controller action with signature System.Threading.Tasks.Task`1[Microsoft.AspNetCore.Mvc.ActionResult`1[ThucLuc.Api.Common.Models.ApiResponse`1[System.Collections.Generic.IReadOnlyCollection`1[ThucLuc.Application.Features.DonVi.DonViDto]]]] GetList(System.Threading.CancellationToken) on controller ThucLuc.Api.Controllers.V1.DonViController (ThucLuc.Api).
2026-04-28 16:49:41.884 +07:00 [INF] Route matched with {action = "GetAll", controller = "Users"}. Executing controller action with signature System.Threading.Tasks.Task`1[Microsoft.AspNetCore.Mvc.ActionResult`1[ThucLuc.Api.Common.Models.ApiResponse`1[System.Collections.Generic.IReadOnlyCollection`1[ThucLuc.Application.Features.Users.UserDto]]]] GetAll(System.Threading.CancellationToken) on controller ThucLuc.Api.Controllers.V1.UsersController (ThucLuc.Api).
2026-04-28 16:49:41.890 +07:00 [INF] Executing OkObjectResult, writing value of type 'ThucLuc.Api.Common.Models.ApiResponse`1[[System.Collections.Generic.IReadOnlyCollection`1[[ThucLuc.Application.Features.DonVi.DonViDto, ThucLuc.Application, Version=1.0.0.0, Culture=neutral, PublicKeyToken=null]], System.Private.CoreLib, Version=8.0.0.0, Culture=neutral, PublicKeyToken=7cec85d7bea7798e]]'.
2026-04-28 16:49:41.892 +07:00 [INF] Executed action ThucLuc.Api.Controllers.V1.DonViController.GetList (ThucLuc.Api) in 8.2128ms
2026-04-28 16:49:41.893 +07:00 [INF] Executed endpoint 'ThucLuc.Api.Controllers.V1.DonViController.GetList (ThucLuc.Api)'
2026-04-28 16:49:41.894 +07:00 [INF] HTTP GET /api/v1/don-vi => 200 in 17.4718 ms CorrelationId=9fa634a67de84853b39afd325f12440b UserId=5001
2026-04-28 16:49:41.895 +07:00 [INF] HTTP GET /api/v1/don-vi responded 200 in 18.7051 ms
2026-04-28 16:49:41.897 +07:00 [INF] Request finished HTTP/1.1 GET http://localhost:5283/api/v1/don-vi - 200 null application/json; charset=utf-8 23.5034ms
2026-04-28 16:49:41.900 +07:00 [INF] Executing OkObjectResult, writing value of type 'ThucLuc.Api.Common.Models.ApiResponse`1[[System.Collections.Generic.IReadOnlyCollection`1[[ThucLuc.Application.Features.Users.UserDto, ThucLuc.Application, Version=1.0.0.0, Culture=neutral, PublicKeyToken=null]], System.Private.CoreLib, Version=8.0.0.0, Culture=neutral, PublicKeyToken=7cec85d7bea7798e]]'.
2026-04-28 16:49:41.905 +07:00 [INF] Executed action ThucLuc.Api.Controllers.V1.UsersController.GetAll (ThucLuc.Api) in 18.3344ms
2026-04-28 16:49:41.906 +07:00 [INF] Executed endpoint 'ThucLuc.Api.Controllers.V1.UsersController.GetAll (ThucLuc.Api)'
2026-04-28 16:49:41.907 +07:00 [INF] HTTP GET /api/v1/users => 200 in 27.9734 ms CorrelationId=13968ef78d6f43efa780668c0ad122b0 UserId=5001
2026-04-28 16:49:41.909 +07:00 [INF] HTTP GET /api/v1/users responded 200 in 30.1377 ms
2026-04-28 16:49:41.911 +07:00 [INF] Request finished HTTP/1.1 GET http://localhost:5283/api/v1/users - 200 null application/json; charset=utf-8 33.156ms
2026-04-28 16:49:41.914 +07:00 [INF] Request starting HTTP/1.1 OPTIONS http://localhost:5283/api/v1/roles - null null
2026-04-28 16:49:41.916 +07:00 [INF] CORS policy execution successful.
2026-04-28 16:49:41.916 +07:00 [INF] HTTP OPTIONS /api/v1/roles => 204 in 0.7725 ms CorrelationId=a7ff5d0708864599bebb85d579707e0d UserId=anonymous
2026-04-28 16:49:41.918 +07:00 [INF] HTTP OPTIONS /api/v1/roles responded 204 in 2.4354 ms
2026-04-28 16:49:41.919 +07:00 [INF] Request finished HTTP/1.1 OPTIONS http://localhost:5283/api/v1/roles - 204 null null 5.755ms
2026-04-28 16:49:41.922 +07:00 [INF] Request starting HTTP/1.1 GET http://localhost:5283/api/v1/roles - null null
2026-04-28 16:49:41.925 +07:00 [INF] CORS policy execution successful.
2026-04-28 16:49:41.926 +07:00 [INF] Executing endpoint 'ThucLuc.Api.Controllers.V1.RolesController.GetAll (ThucLuc.Api)'
2026-04-28 16:49:41.929 +07:00 [INF] Route matched with {action = "GetAll", controller = "Roles"}. Executing controller action with signature System.Threading.Tasks.Task`1[Microsoft.AspNetCore.Mvc.ActionResult`1[ThucLuc.Api.Common.Models.ApiResponse`1[System.Collections.Generic.IReadOnlyCollection`1[ThucLuc.Application.Features.Roles.RoleDto]]]] GetAll(System.Threading.CancellationToken) on controller ThucLuc.Api.Controllers.V1.RolesController (ThucLuc.Api).
2026-04-28 16:49:41.949 +07:00 [INF] Executing OkObjectResult, writing value of type 'ThucLuc.Api.Common.Models.ApiResponse`1[[System.Collections.Generic.IReadOnlyCollection`1[[ThucLuc.Application.Features.Roles.RoleDto, ThucLuc.Application, Version=1.0.0.0, Culture=neutral, PublicKeyToken=null]], System.Private.CoreLib, Version=8.0.0.0, Culture=neutral, PublicKeyToken=7cec85d7bea7798e]]'.
2026-04-28 16:49:41.952 +07:00 [INF] Executed action ThucLuc.Api.Controllers.V1.RolesController.GetAll (ThucLuc.Api) in 21.528ms
2026-04-28 16:49:41.953 +07:00 [INF] Executed endpoint 'ThucLuc.Api.Controllers.V1.RolesController.GetAll (ThucLuc.Api)'
2026-04-28 16:49:41.954 +07:00 [INF] HTTP GET /api/v1/roles => 200 in 29.4868 ms CorrelationId=3b9b455a74d94889a86bd2a812cf5c31 UserId=5001
2026-04-28 16:49:41.956 +07:00 [INF] HTTP GET /api/v1/roles responded 200 in 31.0583 ms
2026-04-28 16:49:41.959 +07:00 [INF] Request finished HTTP/1.1 GET http://localhost:5283/api/v1/roles - 200 null application/json; charset=utf-8 36.2905ms
2026-04-28 16:49:41.962 +07:00 [INF] Request starting HTTP/1.1 OPTIONS http://localhost:5283/api/v1/phan-quyen/user-roles - null null
2026-04-28 16:49:41.963 +07:00 [INF] CORS policy execution successful.
2026-04-28 16:49:41.964 +07:00 [INF] HTTP OPTIONS /api/v1/phan-quyen/user-roles => 204 in 0.743 ms CorrelationId=86c7b38f6e9f4845a600a680b9a2b826 UserId=anonymous
2026-04-28 16:49:41.966 +07:00 [INF] HTTP OPTIONS /api/v1/phan-quyen/user-roles responded 204 in 2.8710 ms
2026-04-28 16:49:41.967 +07:00 [INF] Request finished HTTP/1.1 OPTIONS http://localhost:5283/api/v1/phan-quyen/user-roles - 204 null null 5.9489ms
2026-04-28 16:49:41.969 +07:00 [INF] Request starting HTTP/1.1 GET http://localhost:5283/api/v1/phan-quyen/user-roles - null null
2026-04-28 16:49:41.972 +07:00 [INF] CORS policy execution successful.
2026-04-28 16:49:41.974 +07:00 [INF] Executing endpoint 'ThucLuc.Api.Controllers.V1.PhanQuyenController.GetUserRoleMappings (ThucLuc.Api)'
2026-04-28 16:49:41.978 +07:00 [INF] Route matched with {action = "GetUserRoleMappings", controller = "PhanQuyen"}. Executing controller action with signature System.Threading.Tasks.Task`1[Microsoft.AspNetCore.Mvc.ActionResult`1[ThucLuc.Api.Common.Models.ApiResponse`1[System.Collections.Generic.IReadOnlyCollection`1[ThucLuc.Api.Controllers.V1.UserRoleMappingDto]]]] GetUserRoleMappings(System.Nullable`1[System.Int64], System.Threading.CancellationToken) on controller ThucLuc.Api.Controllers.V1.PhanQuyenController (ThucLuc.Api).
2026-04-28 16:49:41.999 +07:00 [INF] Executing OkObjectResult, writing value of type 'ThucLuc.Api.Common.Models.ApiResponse`1[[System.Collections.Generic.IReadOnlyCollection`1[[ThucLuc.Api.Controllers.V1.UserRoleMappingDto, ThucLuc.Api, Version=1.0.0.0, Culture=neutral, PublicKeyToken=null]], System.Private.CoreLib, Version=8.0.0.0, Culture=neutral, PublicKeyToken=7cec85d7bea7798e]]'.
2026-04-28 16:49:42.003 +07:00 [INF] Executed action ThucLuc.Api.Controllers.V1.PhanQuyenController.GetUserRoleMappings (ThucLuc.Api) in 23.1398ms
2026-04-28 16:49:42.004 +07:00 [INF] Executed endpoint 'ThucLuc.Api.Controllers.V1.PhanQuyenController.GetUserRoleMappings (ThucLuc.Api)'
2026-04-28 16:49:42.005 +07:00 [INF] HTTP GET /api/v1/phan-quyen/user-roles => 200 in 33.6113 ms CorrelationId=6e276d9cac544851b75170f6f0d8386e UserId=5001
2026-04-28 16:49:42.008 +07:00 [INF] HTTP GET /api/v1/phan-quyen/user-roles responded 200 in 35.9448 ms
2026-04-28 16:49:42.009 +07:00 [INF] Request finished HTTP/1.1 GET http://localhost:5283/api/v1/phan-quyen/user-roles - 200 null application/json; charset=utf-8 39.9468ms
2026-04-28 16:50:04.248 +07:00 [INF] Application is shutting down...
2026-04-28 16:51:14.729 +07:00 [INF] Baseline seed data has been applied successfully.
2026-04-28 16:51:14.814 +07:00 [INF] User profile is available. Using 'C:\Users\CNTT\AppData\Local\ASP.NET\DataProtection-Keys' as key repository and Windows DPAPI to encrypt keys at rest.
2026-04-28 16:51:14.861 +07:00 [INF] Now listening on: http://localhost:5283
2026-04-28 16:51:14.861 +07:00 [INF] Application started. Press Ctrl+C to shut down.
2026-04-28 16:51:14.862 +07:00 [INF] Hosting environment: Development
2026-04-28 16:51:14.863 +07:00 [INF] Content root path: D:\Projects\ThucLuc_V2\.sources\backend\src\api
2026-04-28 16:51:18.258 +07:00 [INF] Request starting HTTP/1.1 OPTIONS http://localhost:5283/api/v1/users - null null
2026-04-28 16:51:18.258 +07:00 [INF] Request starting HTTP/1.1 OPTIONS http://localhost:5283/api/v1/don-vi/2001 - null null
2026-04-28 16:51:18.258 +07:00 [INF] Request starting HTTP/1.1 OPTIONS http://localhost:5283/api/v1/don-vi - null null
2026-04-28 16:51:18.297 +07:00 [WRN] Failed to determine the https port for redirect.
2026-04-28 16:51:18.299 +07:00 [INF] CORS policy execution successful.
2026-04-28 16:51:18.299 +07:00 [INF] CORS policy execution successful.
2026-04-28 16:51:18.299 +07:00 [INF] CORS policy execution successful.
2026-04-28 16:51:18.301 +07:00 [INF] HTTP OPTIONS /api/v1/don-vi => 204 in 11.5456 ms CorrelationId=6bc0a9bd22904916a63f11d23cb919e3 UserId=anonymous
2026-04-28 16:51:18.301 +07:00 [INF] HTTP OPTIONS /api/v1/users => 204 in 12.0756 ms CorrelationId=ffab84bd907d454fa606d88314b04887 UserId=anonymous
2026-04-28 16:51:18.301 +07:00 [INF] HTTP OPTIONS /api/v1/don-vi/2001 => 204 in 11.7464 ms CorrelationId=75d749fac760400ba3c8092fa858a669 UserId=anonymous
2026-04-28 16:51:18.308 +07:00 [INF] HTTP OPTIONS /api/v1/don-vi responded 204 in 21.2908 ms
2026-04-28 16:51:18.308 +07:00 [INF] HTTP OPTIONS /api/v1/users responded 204 in 22.1651 ms
2026-04-28 16:51:18.308 +07:00 [INF] HTTP OPTIONS /api/v1/don-vi/2001 responded 204 in 23.1352 ms
2026-04-28 16:51:18.313 +07:00 [INF] Request finished HTTP/1.1 OPTIONS http://localhost:5283/api/v1/don-vi - 204 null null 56.3277ms
2026-04-28 16:51:18.313 +07:00 [INF] Request finished HTTP/1.1 OPTIONS http://localhost:5283/api/v1/don-vi/2001 - 204 null null 56.3397ms
2026-04-28 16:51:18.313 +07:00 [INF] Request finished HTTP/1.1 OPTIONS http://localhost:5283/api/v1/users - 204 null null 56.323ms
2026-04-28 16:51:18.316 +07:00 [INF] Request starting HTTP/1.1 GET http://localhost:5283/api/v1/don-vi/2001 - null null
2026-04-28 16:51:18.319 +07:00 [INF] Request starting HTTP/1.1 GET http://localhost:5283/api/v1/don-vi - null null
2026-04-28 16:51:18.321 +07:00 [INF] Request starting HTTP/1.1 GET http://localhost:5283/api/v1/users - null null
2026-04-28 16:51:18.327 +07:00 [INF] CORS policy execution successful.
2026-04-28 16:51:18.327 +07:00 [INF] CORS policy execution successful.
2026-04-28 16:51:18.327 +07:00 [INF] CORS policy execution successful.
2026-04-28 16:51:18.370 +07:00 [INF] Executing endpoint 'ThucLuc.Api.Controllers.V1.UsersController.GetAll (ThucLuc.Api)'
2026-04-28 16:51:18.370 +07:00 [INF] Executing endpoint 'ThucLuc.Api.Controllers.V1.DonViController.GetById (ThucLuc.Api)'
2026-04-28 16:51:18.370 +07:00 [INF] Executing endpoint 'ThucLuc.Api.Controllers.V1.DonViController.GetList (ThucLuc.Api)'
2026-04-28 16:51:18.382 +07:00 [INF] Route matched with {action = "GetList", controller = "DonVi"}. Executing controller action with signature System.Threading.Tasks.Task`1[Microsoft.AspNetCore.Mvc.ActionResult`1[ThucLuc.Api.Common.Models.ApiResponse`1[System.Collections.Generic.IReadOnlyCollection`1[ThucLuc.Application.Features.DonVi.DonViDto]]]] GetList(System.Threading.CancellationToken) on controller ThucLuc.Api.Controllers.V1.DonViController (ThucLuc.Api).
2026-04-28 16:51:18.382 +07:00 [INF] Route matched with {action = "GetById", controller = "DonVi"}. Executing controller action with signature System.Threading.Tasks.Task`1[Microsoft.AspNetCore.Mvc.ActionResult`1[ThucLuc.Api.Common.Models.ApiResponse`1[ThucLuc.Application.Features.DonVi.DonViDto]]] GetById(Int64, System.Threading.CancellationToken) on controller ThucLuc.Api.Controllers.V1.DonViController (ThucLuc.Api).
2026-04-28 16:51:18.382 +07:00 [INF] Route matched with {action = "GetAll", controller = "Users"}. Executing controller action with signature System.Threading.Tasks.Task`1[Microsoft.AspNetCore.Mvc.ActionResult`1[ThucLuc.Api.Common.Models.ApiResponse`1[System.Collections.Generic.IReadOnlyCollection`1[ThucLuc.Application.Features.Users.UserDto]]]] GetAll(System.Threading.CancellationToken) on controller ThucLuc.Api.Controllers.V1.UsersController (ThucLuc.Api).
2026-04-28 16:51:18.448 +07:00 [INF] Executing OkObjectResult, writing value of type 'ThucLuc.Api.Common.Models.ApiResponse`1[[System.Collections.Generic.IReadOnlyCollection`1[[ThucLuc.Application.Features.Users.UserDto, ThucLuc.Application, Version=1.0.0.0, Culture=neutral, PublicKeyToken=null]], System.Private.CoreLib, Version=8.0.0.0, Culture=neutral, PublicKeyToken=7cec85d7bea7798e]]'.
2026-04-28 16:51:18.448 +07:00 [INF] Executing OkObjectResult, writing value of type 'ThucLuc.Api.Common.Models.ApiResponse`1[[System.Collections.Generic.IReadOnlyCollection`1[[ThucLuc.Application.Features.DonVi.DonViDto, ThucLuc.Application, Version=1.0.0.0, Culture=neutral, PublicKeyToken=null]], System.Private.CoreLib, Version=8.0.0.0, Culture=neutral, PublicKeyToken=7cec85d7bea7798e]]'.
2026-04-28 16:51:18.473 +07:00 [INF] Executed action ThucLuc.Api.Controllers.V1.UsersController.GetAll (ThucLuc.Api) in 82.3447ms
2026-04-28 16:51:18.473 +07:00 [INF] Executed action ThucLuc.Api.Controllers.V1.DonViController.GetList (ThucLuc.Api) in 89.6452ms
2026-04-28 16:51:18.474 +07:00 [INF] Executed endpoint 'ThucLuc.Api.Controllers.V1.UsersController.GetAll (ThucLuc.Api)'
2026-04-28 16:51:18.474 +07:00 [INF] Executed endpoint 'ThucLuc.Api.Controllers.V1.DonViController.GetList (ThucLuc.Api)'
2026-04-28 16:51:18.476 +07:00 [INF] HTTP GET /api/v1/users => 200 in 149.2199 ms CorrelationId=4c8b03efdbb043ef83b01ca8da1418de UserId=5001
2026-04-28 16:51:18.477 +07:00 [INF] HTTP GET /api/v1/don-vi => 200 in 150.2473 ms CorrelationId=b1eb4bfa448b4a5391c7e1751d708290 UserId=5001
2026-04-28 16:51:18.478 +07:00 [INF] Executing OkObjectResult, writing value of type 'ThucLuc.Api.Common.Models.ApiResponse`1[[ThucLuc.Application.Features.DonVi.DonViDto, ThucLuc.Application, Version=1.0.0.0, Culture=neutral, PublicKeyToken=null]]'.
2026-04-28 16:51:18.478 +07:00 [INF] HTTP GET /api/v1/users responded 200 in 152.1086 ms
2026-04-28 16:51:18.479 +07:00 [INF] HTTP GET /api/v1/don-vi responded 200 in 152.9308 ms
2026-04-28 16:51:18.480 +07:00 [INF] Executed action ThucLuc.Api.Controllers.V1.DonViController.GetById (ThucLuc.Api) in 94.6283ms
2026-04-28 16:51:18.483 +07:00 [INF] Request finished HTTP/1.1 GET http://localhost:5283/api/v1/don-vi - 200 null application/json; charset=utf-8 164.198ms
2026-04-28 16:51:18.483 +07:00 [INF] Request finished HTTP/1.1 GET http://localhost:5283/api/v1/users - 200 null application/json; charset=utf-8 161.1779ms
2026-04-28 16:51:18.483 +07:00 [INF] Executed endpoint 'ThucLuc.Api.Controllers.V1.DonViController.GetById (ThucLuc.Api)'
2026-04-28 16:51:18.486 +07:00 [INF] Request starting HTTP/1.1 OPTIONS http://localhost:5283/api/v1/roles - null null
2026-04-28 16:51:18.490 +07:00 [INF] HTTP GET /api/v1/don-vi/2001 => 200 in 163.6848 ms CorrelationId=3956b6029a964e78b5b92ff3f4a13031 UserId=5001
2026-04-28 16:51:18.491 +07:00 [INF] CORS policy execution successful.
2026-04-28 16:51:18.492 +07:00 [INF] HTTP GET /api/v1/don-vi/2001 responded 200 in 165.9676 ms
2026-04-28 16:51:18.493 +07:00 [INF] HTTP OPTIONS /api/v1/roles => 204 in 1.5582 ms CorrelationId=f968c7d182e74ee698da15cabbc48b8a UserId=anonymous
2026-04-28 16:51:18.494 +07:00 [INF] Request finished HTTP/1.1 GET http://localhost:5283/api/v1/don-vi/2001 - 200 null application/json; charset=utf-8 178.1649ms
2026-04-28 16:51:18.495 +07:00 [INF] HTTP OPTIONS /api/v1/roles responded 204 in 3.9987 ms
2026-04-28 16:51:18.499 +07:00 [INF] Request finished HTTP/1.1 OPTIONS http://localhost:5283/api/v1/roles - 204 null null 12.7786ms
2026-04-28 16:51:18.501 +07:00 [INF] Request starting HTTP/1.1 GET http://localhost:5283/api/v1/roles - null null
2026-04-28 16:51:18.504 +07:00 [INF] CORS policy execution successful.
2026-04-28 16:51:18.510 +07:00 [INF] Executing endpoint 'ThucLuc.Api.Controllers.V1.RolesController.GetAll (ThucLuc.Api)'
2026-04-28 16:51:18.517 +07:00 [INF] Route matched with {action = "GetAll", controller = "Roles"}. Executing controller action with signature System.Threading.Tasks.Task`1[Microsoft.AspNetCore.Mvc.ActionResult`1[ThucLuc.Api.Common.Models.ApiResponse`1[System.Collections.Generic.IReadOnlyCollection`1[ThucLuc.Application.Features.Roles.RoleDto]]]] GetAll(System.Threading.CancellationToken) on controller ThucLuc.Api.Controllers.V1.RolesController (ThucLuc.Api).
2026-04-28 16:51:18.546 +07:00 [INF] Executing OkObjectResult, writing value of type 'ThucLuc.Api.Common.Models.ApiResponse`1[[System.Collections.Generic.IReadOnlyCollection`1[[ThucLuc.Application.Features.Roles.RoleDto, ThucLuc.Application, Version=1.0.0.0, Culture=neutral, PublicKeyToken=null]], System.Private.CoreLib, Version=8.0.0.0, Culture=neutral, PublicKeyToken=7cec85d7bea7798e]]'.
2026-04-28 16:51:18.549 +07:00 [INF] Executed action ThucLuc.Api.Controllers.V1.RolesController.GetAll (ThucLuc.Api) in 29.7357ms
2026-04-28 16:51:18.552 +07:00 [INF] Executed endpoint 'ThucLuc.Api.Controllers.V1.RolesController.GetAll (ThucLuc.Api)'
2026-04-28 16:51:18.554 +07:00 [INF] HTTP GET /api/v1/roles => 200 in 50.2388 ms CorrelationId=1a80f0f8e9bd4e769884193235e13aad UserId=5001
2026-04-28 16:51:18.556 +07:00 [INF] HTTP GET /api/v1/roles responded 200 in 52.5813 ms
2026-04-28 16:51:18.558 +07:00 [INF] Request finished HTTP/1.1 GET http://localhost:5283/api/v1/roles - 200 null application/json; charset=utf-8 57.1627ms
2026-04-28 16:51:18.570 +07:00 [INF] Request starting HTTP/1.1 OPTIONS http://localhost:5283/api/v1/phan-quyen/user-roles - null null
2026-04-28 16:51:18.573 +07:00 [INF] CORS policy execution successful.
2026-04-28 16:51:18.574 +07:00 [INF] HTTP OPTIONS /api/v1/phan-quyen/user-roles => 204 in 1.0322 ms CorrelationId=959e62e2553c429d83733c1500eba8ed UserId=anonymous
2026-04-28 16:51:18.575 +07:00 [INF] HTTP OPTIONS /api/v1/phan-quyen/user-roles responded 204 in 2.5014 ms
2026-04-28 16:51:18.577 +07:00 [INF] Request finished HTTP/1.1 OPTIONS http://localhost:5283/api/v1/phan-quyen/user-roles - 204 null null 6.8472ms
2026-04-28 16:51:18.581 +07:00 [INF] Request starting HTTP/1.1 GET http://localhost:5283/api/v1/phan-quyen/user-roles - null null
2026-04-28 16:51:18.584 +07:00 [INF] CORS policy execution successful.
2026-04-28 16:51:18.585 +07:00 [INF] Executing endpoint 'ThucLuc.Api.Controllers.V1.PhanQuyenController.GetUserRoleMappings (ThucLuc.Api)'
2026-04-28 16:51:18.590 +07:00 [INF] Route matched with {action = "GetUserRoleMappings", controller = "PhanQuyen"}. Executing controller action with signature System.Threading.Tasks.Task`1[Microsoft.AspNetCore.Mvc.ActionResult`1[ThucLuc.Api.Common.Models.ApiResponse`1[System.Collections.Generic.IReadOnlyCollection`1[ThucLuc.Api.Controllers.V1.UserRoleMappingDto]]]] GetUserRoleMappings(System.Nullable`1[System.Int64], System.Threading.CancellationToken) on controller ThucLuc.Api.Controllers.V1.PhanQuyenController (ThucLuc.Api).
2026-04-28 16:51:18.620 +07:00 [INF] Executing OkObjectResult, writing value of type 'ThucLuc.Api.Common.Models.ApiResponse`1[[System.Collections.Generic.IReadOnlyCollection`1[[ThucLuc.Api.Controllers.V1.UserRoleMappingDto, ThucLuc.Api, Version=1.0.0.0, Culture=neutral, PublicKeyToken=null]], System.Private.CoreLib, Version=8.0.0.0, Culture=neutral, PublicKeyToken=7cec85d7bea7798e]]'.
2026-04-28 16:51:18.624 +07:00 [INF] Executed action ThucLuc.Api.Controllers.V1.PhanQuyenController.GetUserRoleMappings (ThucLuc.Api) in 32.3836ms
2026-04-28 16:51:18.629 +07:00 [INF] Executed endpoint 'ThucLuc.Api.Controllers.V1.PhanQuyenController.GetUserRoleMappings (ThucLuc.Api)'
2026-04-28 16:51:18.631 +07:00 [INF] HTTP GET /api/v1/phan-quyen/user-roles => 200 in 47.4209 ms CorrelationId=ca7408ce2ab94805916f8cb06adf77dc UserId=5001
2026-04-28 16:51:18.637 +07:00 [INF] HTTP GET /api/v1/phan-quyen/user-roles responded 200 in 53.6411 ms
2026-04-28 16:51:18.640 +07:00 [INF] Request finished HTTP/1.1 GET http://localhost:5283/api/v1/phan-quyen/user-roles - 200 null application/json; charset=utf-8 59.6716ms
2026-04-28 16:57:30.304 +07:00 [INF] Request starting HTTP/1.1 OPTIONS http://localhost:5283/api/v1/roles - null null
2026-04-28 16:57:30.307 +07:00 [INF] CORS policy execution successful.
2026-04-28 16:57:30.309 +07:00 [INF] HTTP OPTIONS /api/v1/roles => 204 in 1.273 ms CorrelationId=3c9b4418481048e3b573dcba957e3f2e UserId=anonymous
2026-04-28 16:57:30.313 +07:00 [INF] HTTP OPTIONS /api/v1/roles responded 204 in 5.7577 ms
2026-04-28 16:57:30.315 +07:00 [INF] Request finished HTTP/1.1 OPTIONS http://localhost:5283/api/v1/roles - 204 null null 11.1561ms
2026-04-28 16:57:30.319 +07:00 [INF] Request starting HTTP/1.1 GET http://localhost:5283/api/v1/roles - null null
2026-04-28 16:57:30.321 +07:00 [INF] CORS policy execution successful.
2026-04-28 16:57:30.323 +07:00 [INF] Executing endpoint 'ThucLuc.Api.Controllers.V1.RolesController.GetAll (ThucLuc.Api)'
2026-04-28 16:57:30.328 +07:00 [INF] Route matched with {action = "GetAll", controller = "Roles"}. Executing controller action with signature System.Threading.Tasks.Task`1[Microsoft.AspNetCore.Mvc.ActionResult`1[ThucLuc.Api.Common.Models.ApiResponse`1[System.Collections.Generic.IReadOnlyCollection`1[ThucLuc.Application.Features.Roles.RoleDto]]]] GetAll(System.Threading.CancellationToken) on controller ThucLuc.Api.Controllers.V1.RolesController (ThucLuc.Api).
2026-04-28 16:57:30.388 +07:00 [INF] Executing OkObjectResult, writing value of type 'ThucLuc.Api.Common.Models.ApiResponse`1[[System.Collections.Generic.IReadOnlyCollection`1[[ThucLuc.Application.Features.Roles.RoleDto, ThucLuc.Application, Version=1.0.0.0, Culture=neutral, PublicKeyToken=null]], System.Private.CoreLib, Version=8.0.0.0, Culture=neutral, PublicKeyToken=7cec85d7bea7798e]]'.
2026-04-28 16:57:30.389 +07:00 [INF] Executed action ThucLuc.Api.Controllers.V1.RolesController.GetAll (ThucLuc.Api) in 54.9174ms
2026-04-28 16:57:30.391 +07:00 [INF] Executed endpoint 'ThucLuc.Api.Controllers.V1.RolesController.GetAll (ThucLuc.Api)'
2026-04-28 16:57:30.392 +07:00 [INF] HTTP GET /api/v1/roles => 200 in 70.8642 ms CorrelationId=c4d7bb19601b40a7b7005705db2c9ed7 UserId=5001
2026-04-28 16:57:30.394 +07:00 [INF] HTTP GET /api/v1/roles responded 200 in 73.3688 ms
2026-04-28 16:57:30.395 +07:00 [INF] Request finished HTTP/1.1 GET http://localhost:5283/api/v1/roles - 200 null application/json; charset=utf-8 75.9493ms
2026-04-28 16:57:30.977 +07:00 [INF] Request starting HTTP/1.1 OPTIONS http://localhost:5283/api/v1/permissions - null null
2026-04-28 16:57:30.980 +07:00 [INF] CORS policy execution successful.
2026-04-28 16:57:30.981 +07:00 [INF] HTTP OPTIONS /api/v1/permissions => 204 in 1.5678 ms CorrelationId=61f15933cf364b5da75071bdaa201ef5 UserId=anonymous
2026-04-28 16:57:30.989 +07:00 [INF] HTTP OPTIONS /api/v1/permissions responded 204 in 9.8221 ms
2026-04-28 16:57:31.002 +07:00 [INF] Request finished HTTP/1.1 OPTIONS http://localhost:5283/api/v1/permissions - 204 null null 25.118ms
2026-04-28 16:57:31.017 +07:00 [INF] Request starting HTTP/1.1 GET http://localhost:5283/api/v1/permissions - null null
2026-04-28 16:57:31.021 +07:00 [INF] CORS policy execution successful.
2026-04-28 16:57:31.024 +07:00 [INF] Executing endpoint 'ThucLuc.Api.Controllers.V1.PermissionsController.GetAll (ThucLuc.Api)'
2026-04-28 16:57:31.030 +07:00 [INF] Route matched with {action = "GetAll", controller = "Permissions"}. Executing controller action with signature System.Threading.Tasks.Task`1[Microsoft.AspNetCore.Mvc.ActionResult`1[ThucLuc.Api.Common.Models.ApiResponse`1[System.Collections.Generic.IReadOnlyCollection`1[ThucLuc.Api.Controllers.V1.PermissionItemDto]]]] GetAll(System.Threading.CancellationToken) on controller ThucLuc.Api.Controllers.V1.PermissionsController (ThucLuc.Api).
2026-04-28 16:57:31.048 +07:00 [INF] Executing OkObjectResult, writing value of type 'ThucLuc.Api.Common.Models.ApiResponse`1[[System.Collections.Generic.IReadOnlyCollection`1[[ThucLuc.Api.Controllers.V1.PermissionItemDto, ThucLuc.Api, Version=1.0.0.0, Culture=neutral, PublicKeyToken=null]], System.Private.CoreLib, Version=8.0.0.0, Culture=neutral, PublicKeyToken=7cec85d7bea7798e]]'.
2026-04-28 16:57:31.066 +07:00 [INF] Executed action ThucLuc.Api.Controllers.V1.PermissionsController.GetAll (ThucLuc.Api) in 30.5755ms
2026-04-28 16:57:31.070 +07:00 [INF] Executed endpoint 'ThucLuc.Api.Controllers.V1.PermissionsController.GetAll (ThucLuc.Api)'
2026-04-28 16:57:31.073 +07:00 [INF] HTTP GET /api/v1/permissions => 200 in 52.897 ms CorrelationId=0e07d4252916407cbdfa37c9dffa1cf2 UserId=5001
2026-04-28 16:57:31.105 +07:00 [INF] HTTP GET /api/v1/permissions responded 200 in 84.3945 ms
2026-04-28 16:57:31.109 +07:00 [INF] Request finished HTTP/1.1 GET http://localhost:5283/api/v1/permissions - 200 null application/json; charset=utf-8 91.6288ms
2026-04-28 16:57:32.011 +07:00 [INF] Request starting HTTP/1.1 OPTIONS http://localhost:5283/api/v1/phan-quyen/user-roles - null null
2026-04-28 16:57:32.011 +07:00 [INF] Request starting HTTP/1.1 OPTIONS http://localhost:5283/api/v1/phan-quyen/role-permissions - null null
2026-04-28 16:57:32.011 +07:00 [INF] Request starting HTTP/1.1 OPTIONS http://localhost:5283/api/v1/don-vi - null null
2026-04-28 16:57:32.011 +07:00 [INF] Request starting HTTP/1.1 OPTIONS http://localhost:5283/api/v1/users - null null
2026-04-28 16:57:32.012 +07:00 [INF] Request starting HTTP/1.1 GET http://localhost:5283/api/v1/roles - null null
2026-04-28 16:57:32.012 +07:00 [INF] Request starting HTTP/1.1 GET http://localhost:5283/api/v1/permissions - null null
2026-04-28 16:57:32.014 +07:00 [INF] CORS policy execution successful.
2026-04-28 16:57:32.019 +07:00 [INF] CORS policy execution successful.
2026-04-28 16:57:32.021 +07:00 [INF] CORS policy execution successful.
2026-04-28 16:57:32.030 +07:00 [INF] HTTP OPTIONS /api/v1/don-vi => 204 in 9.0249 ms CorrelationId=7eb29f45ae6546c29284acb6ce8ec33e UserId=anonymous
2026-04-28 16:57:32.026 +07:00 [INF] CORS policy execution successful.
2026-04-28 16:57:32.028 +07:00 [INF] CORS policy execution successful.
2026-04-28 16:57:32.029 +07:00 [INF] HTTP OPTIONS /api/v1/phan-quyen/user-roles => 204 in 14.7403 ms CorrelationId=f13dec4a37874427844fd678872bea3f UserId=anonymous
2026-04-28 16:57:32.029 +07:00 [INF] HTTP OPTIONS /api/v1/phan-quyen/role-permissions => 204 in 10.3804 ms CorrelationId=afd8224239a64ec29df9f4b9281f130a UserId=anonymous
2026-04-28 16:57:32.040 +07:00 [INF] HTTP OPTIONS /api/v1/phan-quyen/role-permissions responded 204 in 21.4619 ms
2026-04-28 16:57:32.031 +07:00 [INF] HTTP OPTIONS /api/v1/don-vi responded 204 in 10.5031 ms
2026-04-28 16:57:32.033 +07:00 [INF] Executing endpoint 'ThucLuc.Api.Controllers.V1.RolesController.GetAll (ThucLuc.Api)'
2026-04-28 16:57:32.033 +07:00 [INF] Executing endpoint 'ThucLuc.Api.Controllers.V1.PermissionsController.GetAll (ThucLuc.Api)'
2026-04-28 16:57:32.049 +07:00 [INF] Route matched with {action = "GetAll", controller = "Permissions"}. Executing controller action with signature System.Threading.Tasks.Task`1[Microsoft.AspNetCore.Mvc.ActionResult`1[ThucLuc.Api.Common.Models.ApiResponse`1[System.Collections.Generic.IReadOnlyCollection`1[ThucLuc.Api.Controllers.V1.PermissionItemDto]]]] GetAll(System.Threading.CancellationToken) on controller ThucLuc.Api.Controllers.V1.PermissionsController (ThucLuc.Api).
2026-04-28 16:57:32.024 +07:00 [INF] CORS policy execution successful.
2026-04-28 16:57:32.041 +07:00 [INF] Request finished HTTP/1.1 OPTIONS http://localhost:5283/api/v1/phan-quyen/role-permissions - 204 null null 30.1849ms
2026-04-28 16:57:32.044 +07:00 [INF] Request finished HTTP/1.1 OPTIONS http://localhost:5283/api/v1/don-vi - 204 null null 33.489ms
2026-04-28 16:57:32.046 +07:00 [INF] Route matched with {action = "GetAll", controller = "Roles"}. Executing controller action with signature System.Threading.Tasks.Task`1[Microsoft.AspNetCore.Mvc.ActionResult`1[ThucLuc.Api.Common.Models.ApiResponse`1[System.Collections.Generic.IReadOnlyCollection`1[ThucLuc.Application.Features.Roles.RoleDto]]]] GetAll(System.Threading.CancellationToken) on controller ThucLuc.Api.Controllers.V1.RolesController (ThucLuc.Api).
2026-04-28 16:57:32.037 +07:00 [INF] HTTP OPTIONS /api/v1/phan-quyen/user-roles responded 204 in 22.9005 ms
2026-04-28 16:57:32.056 +07:00 [INF] HTTP OPTIONS /api/v1/users => 204 in 32.2666 ms CorrelationId=b349757a5259406db017ac5086edd54f UserId=anonymous
2026-04-28 16:57:32.059 +07:00 [INF] Executing OkObjectResult, writing value of type 'ThucLuc.Api.Common.Models.ApiResponse`1[[System.Collections.Generic.IReadOnlyCollection`1[[ThucLuc.Api.Controllers.V1.PermissionItemDto, ThucLuc.Api, Version=1.0.0.0, Culture=neutral, PublicKeyToken=null]], System.Private.CoreLib, Version=8.0.0.0, Culture=neutral, PublicKeyToken=7cec85d7bea7798e]]'.
2026-04-28 16:57:32.062 +07:00 [INF] Request starting HTTP/1.1 GET http://localhost:5283/api/v1/phan-quyen/role-permissions - null null
2026-04-28 16:57:32.065 +07:00 [INF] Request starting HTTP/1.1 GET http://localhost:5283/api/v1/don-vi - null null
2026-04-28 16:57:32.067 +07:00 [INF] Request finished HTTP/1.1 OPTIONS http://localhost:5283/api/v1/phan-quyen/user-roles - 204 null null 55.6365ms
2026-04-28 16:57:32.069 +07:00 [INF] HTTP OPTIONS /api/v1/users responded 204 in 45.5789 ms
2026-04-28 16:57:32.071 +07:00 [INF] Executed action ThucLuc.Api.Controllers.V1.PermissionsController.GetAll (ThucLuc.Api) in 16.0907ms
2026-04-28 16:57:32.072 +07:00 [INF] CORS policy execution successful.
2026-04-28 16:57:32.073 +07:00 [INF] CORS policy execution successful.
2026-04-28 16:57:32.074 +07:00 [INF] Executing OkObjectResult, writing value of type 'ThucLuc.Api.Common.Models.ApiResponse`1[[System.Collections.Generic.IReadOnlyCollection`1[[ThucLuc.Application.Features.Roles.RoleDto, ThucLuc.Application, Version=1.0.0.0, Culture=neutral, PublicKeyToken=null]], System.Private.CoreLib, Version=8.0.0.0, Culture=neutral, PublicKeyToken=7cec85d7bea7798e]]'.
2026-04-28 16:57:32.075 +07:00 [INF] Request starting HTTP/1.1 GET http://localhost:5283/api/v1/phan-quyen/user-roles - null null
2026-04-28 16:57:32.076 +07:00 [INF] Request finished HTTP/1.1 OPTIONS http://localhost:5283/api/v1/users - 204 null null 64.8045ms
2026-04-28 16:57:32.077 +07:00 [INF] Executed endpoint 'ThucLuc.Api.Controllers.V1.PermissionsController.GetAll (ThucLuc.Api)'
2026-04-28 16:57:32.078 +07:00 [INF] Executing endpoint 'ThucLuc.Api.Controllers.V1.PhanQuyenController.GetRolePermissionMappings (ThucLuc.Api)'
2026-04-28 16:57:32.078 +07:00 [INF] Executing endpoint 'ThucLuc.Api.Controllers.V1.DonViController.GetList (ThucLuc.Api)'
2026-04-28 16:57:32.079 +07:00 [INF] Executed action ThucLuc.Api.Controllers.V1.RolesController.GetAll (ThucLuc.Api) in 13.2701ms
2026-04-28 16:57:32.081 +07:00 [INF] CORS policy execution successful.
2026-04-28 16:57:32.082 +07:00 [INF] Request starting HTTP/1.1 GET http://localhost:5283/api/v1/users - null null
2026-04-28 16:57:32.082 +07:00 [INF] HTTP GET /api/v1/permissions => 200 in 54.4884 ms CorrelationId=38b174b01f294ccb9af6b6d6ceb7ad9c UserId=5001
2026-04-28 16:57:32.084 +07:00 [INF] Route matched with {action = "GetList", controller = "DonVi"}. Executing controller action with signature System.Threading.Tasks.Task`1[Microsoft.AspNetCore.Mvc.ActionResult`1[ThucLuc.Api.Common.Models.ApiResponse`1[System.Collections.Generic.IReadOnlyCollection`1[ThucLuc.Application.Features.DonVi.DonViDto]]]] GetList(System.Threading.CancellationToken) on controller ThucLuc.Api.Controllers.V1.DonViController (ThucLuc.Api).
2026-04-28 16:57:32.085 +07:00 [INF] Executed endpoint 'ThucLuc.Api.Controllers.V1.RolesController.GetAll (ThucLuc.Api)'
2026-04-28 16:57:32.085 +07:00 [INF] Executing endpoint 'ThucLuc.Api.Controllers.V1.PhanQuyenController.GetUserRoleMappings (ThucLuc.Api)'
2026-04-28 16:57:32.087 +07:00 [INF] CORS policy execution successful.
2026-04-28 16:57:32.088 +07:00 [INF] Route matched with {action = "GetRolePermissionMappings", controller = "PhanQuyen"}. Executing controller action with signature System.Threading.Tasks.Task`1[Microsoft.AspNetCore.Mvc.ActionResult`1[ThucLuc.Api.Common.Models.ApiResponse`1[System.Collections.Generic.IReadOnlyCollection`1[ThucLuc.Api.Controllers.V1.RolePermissionMappingDto]]]] GetRolePermissionMappings(System.Threading.CancellationToken) on controller ThucLuc.Api.Controllers.V1.PhanQuyenController (ThucLuc.Api).
2026-04-28 16:57:32.090 +07:00 [INF] HTTP GET /api/v1/permissions responded 200 in 61.6780 ms
2026-04-28 16:57:32.092 +07:00 [INF] HTTP GET /api/v1/roles => 200 in 65.8973 ms CorrelationId=119c1b53f54242a8bcc49dfc70705270 UserId=5001
2026-04-28 16:57:32.093 +07:00 [INF] Route matched with {action = "GetUserRoleMappings", controller = "PhanQuyen"}. Executing controller action with signature System.Threading.Tasks.Task`1[Microsoft.AspNetCore.Mvc.ActionResult`1[ThucLuc.Api.Common.Models.ApiResponse`1[System.Collections.Generic.IReadOnlyCollection`1[ThucLuc.Api.Controllers.V1.UserRoleMappingDto]]]] GetUserRoleMappings(System.Nullable`1[System.Int64], System.Threading.CancellationToken) on controller ThucLuc.Api.Controllers.V1.PhanQuyenController (ThucLuc.Api).
2026-04-28 16:57:32.093 +07:00 [INF] Executing endpoint 'ThucLuc.Api.Controllers.V1.UsersController.GetAll (ThucLuc.Api)'
2026-04-28 16:57:32.095 +07:00 [INF] Executing OkObjectResult, writing value of type 'ThucLuc.Api.Common.Models.ApiResponse`1[[System.Collections.Generic.IReadOnlyCollection`1[[ThucLuc.Application.Features.DonVi.DonViDto, ThucLuc.Application, Version=1.0.0.0, Culture=neutral, PublicKeyToken=null]], System.Private.CoreLib, Version=8.0.0.0, Culture=neutral, PublicKeyToken=7cec85d7bea7798e]]'.
2026-04-28 16:57:32.095 +07:00 [INF] Request finished HTTP/1.1 GET http://localhost:5283/api/v1/permissions - 200 null application/json; charset=utf-8 82.9774ms
2026-04-28 16:57:32.096 +07:00 [INF] HTTP GET /api/v1/roles responded 200 in 70.0388 ms
2026-04-28 16:57:32.098 +07:00 [INF] Route matched with {action = "GetAll", controller = "Users"}. Executing controller action with signature System.Threading.Tasks.Task`1[Microsoft.AspNetCore.Mvc.ActionResult`1[ThucLuc.Api.Common.Models.ApiResponse`1[System.Collections.Generic.IReadOnlyCollection`1[ThucLuc.Application.Features.Users.UserDto]]]] GetAll(System.Threading.CancellationToken) on controller ThucLuc.Api.Controllers.V1.UsersController (ThucLuc.Api).
2026-04-28 16:57:32.099 +07:00 [INF] Executed action ThucLuc.Api.Controllers.V1.DonViController.GetList (ThucLuc.Api) in 7.4852ms
2026-04-28 16:57:32.102 +07:00 [INF] Executing OkObjectResult, writing value of type 'ThucLuc.Api.Common.Models.ApiResponse`1[[System.Collections.Generic.IReadOnlyCollection`1[[ThucLuc.Api.Controllers.V1.UserRoleMappingDto, ThucLuc.Api, Version=1.0.0.0, Culture=neutral, PublicKeyToken=null]], System.Private.CoreLib, Version=8.0.0.0, Culture=neutral, PublicKeyToken=7cec85d7bea7798e]]'.
2026-04-28 16:57:32.104 +07:00 [INF] Request finished HTTP/1.1 GET http://localhost:5283/api/v1/roles - 200 null application/json; charset=utf-8 92.3583ms
2026-04-28 16:57:32.106 +07:00 [INF] Executed endpoint 'ThucLuc.Api.Controllers.V1.DonViController.GetList (ThucLuc.Api)'
2026-04-28 16:57:32.107 +07:00 [INF] Executed action ThucLuc.Api.Controllers.V1.PhanQuyenController.GetUserRoleMappings (ThucLuc.Api) in 10.1974ms
2026-04-28 16:57:32.108 +07:00 [INF] Executing OkObjectResult, writing value of type 'ThucLuc.Api.Common.Models.ApiResponse`1[[System.Collections.Generic.IReadOnlyCollection`1[[ThucLuc.Application.Features.Users.UserDto, ThucLuc.Application, Version=1.0.0.0, Culture=neutral, PublicKeyToken=null]], System.Private.CoreLib, Version=8.0.0.0, Culture=neutral, PublicKeyToken=7cec85d7bea7798e]]'.
2026-04-28 16:57:32.111 +07:00 [INF] HTTP GET /api/v1/don-vi => 200 in 37.3229 ms CorrelationId=312c51610a0547e88a7e5cf89711c3c5 UserId=5001
2026-04-28 16:57:32.112 +07:00 [INF] Executed endpoint 'ThucLuc.Api.Controllers.V1.PhanQuyenController.GetUserRoleMappings (ThucLuc.Api)'
2026-04-28 16:57:32.113 +07:00 [INF] Executed action ThucLuc.Api.Controllers.V1.UsersController.GetAll (ThucLuc.Api) in 7.5713ms
2026-04-28 16:57:32.114 +07:00 [INF] HTTP GET /api/v1/don-vi responded 200 in 40.9169 ms
2026-04-28 16:57:32.115 +07:00 [INF] HTTP GET /api/v1/phan-quyen/user-roles => 200 in 34.4906 ms CorrelationId=c963b9a7aa0147bb97eac79efb3b807d UserId=5001
2026-04-28 16:57:32.116 +07:00 [INF] Executed endpoint 'ThucLuc.Api.Controllers.V1.UsersController.GetAll (ThucLuc.Api)'
2026-04-28 16:57:32.118 +07:00 [INF] Request finished HTTP/1.1 GET http://localhost:5283/api/v1/don-vi - 200 null application/json; charset=utf-8 53.2559ms
2026-04-28 16:57:32.120 +07:00 [INF] HTTP GET /api/v1/phan-quyen/user-roles responded 200 in 39.3952 ms
2026-04-28 16:57:32.121 +07:00 [INF] HTTP GET /api/v1/users => 200 in 33.9318 ms CorrelationId=9f10e1db4870400b902fb37beffd999f UserId=5001
2026-04-28 16:57:32.127 +07:00 [INF] Request finished HTTP/1.1 GET http://localhost:5283/api/v1/phan-quyen/user-roles - 200 null application/json; charset=utf-8 51.9538ms
2026-04-28 16:57:32.129 +07:00 [INF] HTTP GET /api/v1/users responded 200 in 41.9466 ms
2026-04-28 16:57:32.135 +07:00 [INF] Request finished HTTP/1.1 GET http://localhost:5283/api/v1/users - 200 null application/json; charset=utf-8 52.9861ms
2026-04-28 16:57:32.178 +07:00 [INF] Executing OkObjectResult, writing value of type 'ThucLuc.Api.Common.Models.ApiResponse`1[[System.Collections.Generic.IReadOnlyCollection`1[[ThucLuc.Api.Controllers.V1.RolePermissionMappingDto, ThucLuc.Api, Version=1.0.0.0, Culture=neutral, PublicKeyToken=null]], System.Private.CoreLib, Version=8.0.0.0, Culture=neutral, PublicKeyToken=7cec85d7bea7798e]]'.
2026-04-28 16:57:32.181 +07:00 [INF] Executed action ThucLuc.Api.Controllers.V1.PhanQuyenController.GetRolePermissionMappings (ThucLuc.Api) in 87.5775ms
2026-04-28 16:57:32.183 +07:00 [INF] Executed endpoint 'ThucLuc.Api.Controllers.V1.PhanQuyenController.GetRolePermissionMappings (ThucLuc.Api)'
2026-04-28 16:57:32.184 +07:00 [INF] HTTP GET /api/v1/phan-quyen/role-permissions => 200 in 112.4294 ms CorrelationId=70ea9fab8ac6478594893f68f92fa6be UserId=5001
2026-04-28 16:57:32.186 +07:00 [INF] HTTP GET /api/v1/phan-quyen/role-permissions responded 200 in 114.7244 ms
2026-04-28 16:57:32.188 +07:00 [INF] Request finished HTTP/1.1 GET http://localhost:5283/api/v1/phan-quyen/role-permissions - 200 null application/json; charset=utf-8 125.9893ms
2026-04-28 16:57:32.352 +07:00 [INF] Request starting HTTP/1.1 OPTIONS http://localhost:5283/api/v1/codes/by-code/CAP_DON_VI - null null
2026-04-28 16:57:32.352 +07:00 [INF] Request starting HTTP/1.1 OPTIONS http://localhost:5283/api/v1/don-vi/tree - null null
2026-04-28 16:57:32.355 +07:00 [INF] CORS policy execution successful.
2026-04-28 16:57:32.359 +07:00 [INF] CORS policy execution successful.
2026-04-28 16:57:32.360 +07:00 [INF] HTTP OPTIONS /api/v1/codes/by-code/CAP_DON_VI => 204 in 5.0113 ms CorrelationId=e9c66bc0998d4d0e812fbaf2efa20b5e UserId=anonymous
2026-04-28 16:57:32.360 +07:00 [INF] HTTP OPTIONS /api/v1/don-vi/tree => 204 in 1.1832 ms CorrelationId=221c203dc10d4dfb898573faf4a48f0c UserId=anonymous
2026-04-28 16:57:32.362 +07:00 [INF] HTTP OPTIONS /api/v1/codes/by-code/CAP_DON_VI responded 204 in 7.5287 ms
2026-04-28 16:57:32.363 +07:00 [INF] HTTP OPTIONS /api/v1/don-vi/tree responded 204 in 3.8702 ms
2026-04-28 16:57:32.364 +07:00 [INF] Request finished HTTP/1.1 OPTIONS http://localhost:5283/api/v1/codes/by-code/CAP_DON_VI - 204 null null 12.0975ms
2026-04-28 16:57:32.365 +07:00 [INF] Request finished HTTP/1.1 OPTIONS http://localhost:5283/api/v1/don-vi/tree - 204 null null 13.4584ms
2026-04-28 16:57:32.367 +07:00 [INF] Request starting HTTP/1.1 GET http://localhost:5283/api/v1/codes/by-code/CAP_DON_VI - null null
2026-04-28 16:57:32.369 +07:00 [INF] Request starting HTTP/1.1 GET http://localhost:5283/api/v1/don-vi/tree - null null
2026-04-28 16:57:32.371 +07:00 [INF] CORS policy execution successful.
2026-04-28 16:57:32.372 +07:00 [INF] CORS policy execution successful.
2026-04-28 16:57:32.373 +07:00 [INF] Executing endpoint 'ThucLuc.Api.Controllers.V1.CodesController.GetByCode (ThucLuc.Api)'
2026-04-28 16:57:32.373 +07:00 [INF] Executing endpoint 'ThucLuc.Api.Controllers.V1.DonViController.GetTree (ThucLuc.Api)'
2026-04-28 16:57:32.376 +07:00 [INF] Route matched with {action = "GetTree", controller = "DonVi"}. Executing controller action with signature System.Threading.Tasks.Task`1[Microsoft.AspNetCore.Mvc.ActionResult`1[ThucLuc.Api.Common.Models.ApiResponse`1[System.Collections.Generic.IReadOnlyCollection`1[ThucLuc.Application.Features.DonVi.DonViDto]]]] GetTree(System.Threading.CancellationToken) on controller ThucLuc.Api.Controllers.V1.DonViController (ThucLuc.Api).
2026-04-28 16:57:32.376 +07:00 [INF] Route matched with {action = "GetByCode", controller = "Codes"}. Executing controller action with signature System.Threading.Tasks.Task`1[Microsoft.AspNetCore.Mvc.ActionResult`1[ThucLuc.Api.Common.Models.ApiResponse`1[ThucLuc.Application.Features.Codes.CodeDto]]] GetByCode(System.String, System.Threading.CancellationToken) on controller ThucLuc.Api.Controllers.V1.CodesController (ThucLuc.Api).
2026-04-28 16:57:32.382 +07:00 [INF] Executing OkObjectResult, writing value of type 'ThucLuc.Api.Common.Models.ApiResponse`1[[System.Collections.Generic.IReadOnlyCollection`1[[ThucLuc.Application.Features.DonVi.DonViDto, ThucLuc.Application, Version=1.0.0.0, Culture=neutral, PublicKeyToken=null]], System.Private.CoreLib, Version=8.0.0.0, Culture=neutral, PublicKeyToken=7cec85d7bea7798e]]'.
2026-04-28 16:57:32.384 +07:00 [INF] Executed action ThucLuc.Api.Controllers.V1.DonViController.GetTree (ThucLuc.Api) in 6.4523ms
2026-04-28 16:57:32.386 +07:00 [INF] Executed endpoint 'ThucLuc.Api.Controllers.V1.DonViController.GetTree (ThucLuc.Api)'
2026-04-28 16:57:32.387 +07:00 [INF] HTTP GET /api/v1/don-vi/tree => 200 in 15.314 ms CorrelationId=4a336aa7ead84c6e9e323578f0e06de9 UserId=5001
2026-04-28 16:57:32.389 +07:00 [INF] HTTP GET /api/v1/don-vi/tree responded 200 in 16.7226 ms
2026-04-28 16:57:32.390 +07:00 [INF] Request finished HTTP/1.1 GET http://localhost:5283/api/v1/don-vi/tree - 200 null application/json; charset=utf-8 21.1853ms
2026-04-28 16:57:32.424 +07:00 [INF] Executing OkObjectResult, writing value of type 'ThucLuc.Api.Common.Models.ApiResponse`1[[ThucLuc.Application.Features.Codes.CodeDto, ThucLuc.Application, Version=1.0.0.0, Culture=neutral, PublicKeyToken=null]]'.
2026-04-28 16:57:32.428 +07:00 [INF] Executed action ThucLuc.Api.Controllers.V1.CodesController.GetByCode (ThucLuc.Api) in 49.8373ms
2026-04-28 16:57:32.429 +07:00 [INF] Executed endpoint 'ThucLuc.Api.Controllers.V1.CodesController.GetByCode (ThucLuc.Api)'
2026-04-28 16:57:32.431 +07:00 [INF] HTTP GET /api/v1/codes/by-code/CAP_DON_VI => 200 in 59.9399 ms CorrelationId=4cc89200bbd54c06bd4d97764602ef2b UserId=5001
2026-04-28 16:57:32.433 +07:00 [INF] HTTP GET /api/v1/codes/by-code/CAP_DON_VI responded 200 in 62.2872 ms
2026-04-28 16:57:32.435 +07:00 [INF] Request finished HTTP/1.1 GET http://localhost:5283/api/v1/codes/by-code/CAP_DON_VI - 200 null application/json; charset=utf-8 67.6351ms
2026-04-28 16:57:32.830 +07:00 [INF] Request starting HTTP/1.1 OPTIONS http://localhost:5283/api/v1/codes?includeInactive=false - null null
2026-04-28 16:57:32.832 +07:00 [INF] CORS policy execution successful.
2026-04-28 16:57:32.833 +07:00 [INF] HTTP OPTIONS /api/v1/codes => 204 in 0.6305 ms CorrelationId=3f5225aa444c4993876152e316487db7 UserId=anonymous
2026-04-28 16:57:32.837 +07:00 [INF] HTTP OPTIONS /api/v1/codes responded 204 in 4.5768 ms
2026-04-28 16:57:32.840 +07:00 [INF] Request finished HTTP/1.1 OPTIONS http://localhost:5283/api/v1/codes?includeInactive=false - 204 null null 10.0358ms
2026-04-28 16:57:32.842 +07:00 [INF] Request starting HTTP/1.1 GET http://localhost:5283/api/v1/codes?includeInactive=false - null null
2026-04-28 16:57:32.844 +07:00 [INF] CORS policy execution successful.
2026-04-28 16:57:32.844 +07:00 [INF] Executing endpoint 'ThucLuc.Api.Controllers.V1.CodesController.GetAll (ThucLuc.Api)'
2026-04-28 16:57:32.847 +07:00 [INF] Route matched with {action = "GetAll", controller = "Codes"}. Executing controller action with signature System.Threading.Tasks.Task`1[Microsoft.AspNetCore.Mvc.ActionResult`1[ThucLuc.Api.Common.Models.ApiResponse`1[System.Collections.Generic.IReadOnlyCollection`1[ThucLuc.Application.Features.Codes.CodeDto]]]] GetAll(Boolean, System.Threading.CancellationToken) on controller ThucLuc.Api.Controllers.V1.CodesController (ThucLuc.Api).
2026-04-28 16:57:32.865 +07:00 [INF] Executing OkObjectResult, writing value of type 'ThucLuc.Api.Common.Models.ApiResponse`1[[System.Collections.Generic.IReadOnlyCollection`1[[ThucLuc.Application.Features.Codes.CodeDto, ThucLuc.Application, Version=1.0.0.0, Culture=neutral, PublicKeyToken=null]], System.Private.CoreLib, Version=8.0.0.0, Culture=neutral, PublicKeyToken=7cec85d7bea7798e]]'.
2026-04-28 16:57:32.868 +07:00 [INF] Executed action ThucLuc.Api.Controllers.V1.CodesController.GetAll (ThucLuc.Api) in 20.1135ms
2026-04-28 16:57:32.870 +07:00 [INF] Executed endpoint 'ThucLuc.Api.Controllers.V1.CodesController.GetAll (ThucLuc.Api)'
2026-04-28 16:57:32.871 +07:00 [INF] HTTP GET /api/v1/codes => 200 in 27.5523 ms CorrelationId=d67716b719be4736879079b0e4d45739 UserId=5001
2026-04-28 16:57:32.873 +07:00 [INF] HTTP GET /api/v1/codes responded 200 in 29.7944 ms
2026-04-28 16:57:32.875 +07:00 [INF] Request finished HTTP/1.1 GET http://localhost:5283/api/v1/codes?includeInactive=false - 200 null application/json; charset=utf-8 32.8691ms
2026-04-28 16:57:32.878 +07:00 [INF] Request starting HTTP/1.1 OPTIONS http://localhost:5283/api/v1/codes/22 - null null
2026-04-28 16:57:32.880 +07:00 [INF] CORS policy execution successful.
2026-04-28 16:57:32.881 +07:00 [INF] HTTP OPTIONS /api/v1/codes/22 => 204 in 0.6244 ms CorrelationId=8ce84ba576c945f98d82cbec2f41b123 UserId=anonymous
2026-04-28 16:57:32.882 +07:00 [INF] HTTP OPTIONS /api/v1/codes/22 responded 204 in 1.9584 ms
2026-04-28 16:57:32.883 +07:00 [INF] Request finished HTTP/1.1 OPTIONS http://localhost:5283/api/v1/codes/22 - 204 null null 4.9153ms
2026-04-28 16:57:32.886 +07:00 [INF] Request starting HTTP/1.1 GET http://localhost:5283/api/v1/codes/22 - null null
2026-04-28 16:57:32.889 +07:00 [INF] CORS policy execution successful.
2026-04-28 16:57:32.890 +07:00 [INF] Executing endpoint 'ThucLuc.Api.Controllers.V1.CodesController.GetById (ThucLuc.Api)'
2026-04-28 16:57:32.893 +07:00 [INF] Route matched with {action = "GetById", controller = "Codes"}. Executing controller action with signature System.Threading.Tasks.Task`1[Microsoft.AspNetCore.Mvc.ActionResult`1[ThucLuc.Api.Common.Models.ApiResponse`1[ThucLuc.Application.Features.Codes.CodeDto]]] GetById(Int64, System.Threading.CancellationToken) on controller ThucLuc.Api.Controllers.V1.CodesController (ThucLuc.Api).
2026-04-28 16:57:32.905 +07:00 [INF] Executing OkObjectResult, writing value of type 'ThucLuc.Api.Common.Models.ApiResponse`1[[ThucLuc.Application.Features.Codes.CodeDto, ThucLuc.Application, Version=1.0.0.0, Culture=neutral, PublicKeyToken=null]]'.
2026-04-28 16:57:32.906 +07:00 [INF] Executed action ThucLuc.Api.Controllers.V1.CodesController.GetById (ThucLuc.Api) in 12.1923ms
2026-04-28 16:57:32.908 +07:00 [INF] Executed endpoint 'ThucLuc.Api.Controllers.V1.CodesController.GetById (ThucLuc.Api)'
2026-04-28 16:57:32.909 +07:00 [INF] HTTP GET /api/v1/codes/22 => 200 in 19.9742 ms CorrelationId=31b96561cd034878934602b3300f46b1 UserId=5001
2026-04-28 16:57:32.910 +07:00 [INF] HTTP GET /api/v1/codes/22 responded 200 in 21.8692 ms
2026-04-28 16:57:32.912 +07:00 [INF] Request finished HTTP/1.1 GET http://localhost:5283/api/v1/codes/22 - 200 null application/json; charset=utf-8 25.6474ms
2026-04-28 16:57:33.238 +07:00 [INF] Request starting HTTP/1.1 GET http://localhost:5283/api/v1/codes/by-code/CAP_DON_VI - null null
2026-04-28 16:57:33.238 +07:00 [INF] Request starting HTTP/1.1 GET http://localhost:5283/api/v1/don-vi/tree - null null
2026-04-28 16:57:33.243 +07:00 [INF] CORS policy execution successful.
2026-04-28 16:57:33.244 +07:00 [INF] CORS policy execution successful.
2026-04-28 16:57:33.246 +07:00 [INF] Executing endpoint 'ThucLuc.Api.Controllers.V1.CodesController.GetByCode (ThucLuc.Api)'
2026-04-28 16:57:33.246 +07:00 [INF] Executing endpoint 'ThucLuc.Api.Controllers.V1.DonViController.GetTree (ThucLuc.Api)'
2026-04-28 16:57:33.246 +07:00 [INF] Route matched with {action = "GetByCode", controller = "Codes"}. Executing controller action with signature System.Threading.Tasks.Task`1[Microsoft.AspNetCore.Mvc.ActionResult`1[ThucLuc.Api.Common.Models.ApiResponse`1[ThucLuc.Application.Features.Codes.CodeDto]]] GetByCode(System.String, System.Threading.CancellationToken) on controller ThucLuc.Api.Controllers.V1.CodesController (ThucLuc.Api).
2026-04-28 16:57:33.247 +07:00 [INF] Route matched with {action = "GetTree", controller = "DonVi"}. Executing controller action with signature System.Threading.Tasks.Task`1[Microsoft.AspNetCore.Mvc.ActionResult`1[ThucLuc.Api.Common.Models.ApiResponse`1[System.Collections.Generic.IReadOnlyCollection`1[ThucLuc.Application.Features.DonVi.DonViDto]]]] GetTree(System.Threading.CancellationToken) on controller ThucLuc.Api.Controllers.V1.DonViController (ThucLuc.Api).
2026-04-28 16:57:33.250 +07:00 [INF] Executing OkObjectResult, writing value of type 'ThucLuc.Api.Common.Models.ApiResponse`1[[ThucLuc.Application.Features.Codes.CodeDto, ThucLuc.Application, Version=1.0.0.0, Culture=neutral, PublicKeyToken=null]]'.
2026-04-28 16:57:33.250 +07:00 [INF] Executing OkObjectResult, writing value of type 'ThucLuc.Api.Common.Models.ApiResponse`1[[System.Collections.Generic.IReadOnlyCollection`1[[ThucLuc.Application.Features.DonVi.DonViDto, ThucLuc.Application, Version=1.0.0.0, Culture=neutral, PublicKeyToken=null]], System.Private.CoreLib, Version=8.0.0.0, Culture=neutral, PublicKeyToken=7cec85d7bea7798e]]'.
2026-04-28 16:57:33.251 +07:00 [INF] Executed action ThucLuc.Api.Controllers.V1.CodesController.GetByCode (ThucLuc.Api) in 3.7089ms
2026-04-28 16:57:33.252 +07:00 [INF] Executed action ThucLuc.Api.Controllers.V1.DonViController.GetTree (ThucLuc.Api) in 3.8642ms
2026-04-28 16:57:33.253 +07:00 [INF] Executed endpoint 'ThucLuc.Api.Controllers.V1.CodesController.GetByCode (ThucLuc.Api)'
2026-04-28 16:57:33.254 +07:00 [INF] Executed endpoint 'ThucLuc.Api.Controllers.V1.DonViController.GetTree (ThucLuc.Api)'
2026-04-28 16:57:33.254 +07:00 [INF] HTTP GET /api/v1/codes/by-code/CAP_DON_VI => 200 in 11.2788 ms CorrelationId=f998f490a9fd48a09a46086a9ee1e775 UserId=5001
2026-04-28 16:57:33.255 +07:00 [INF] HTTP GET /api/v1/don-vi/tree => 200 in 10.3352 ms CorrelationId=dc1cba0214ee4fb7ba40f7bf96ddd2ec UserId=5001
2026-04-28 16:57:33.256 +07:00 [INF] HTTP GET /api/v1/codes/by-code/CAP_DON_VI responded 200 in 12.8812 ms
2026-04-28 16:57:33.258 +07:00 [INF] HTTP GET /api/v1/don-vi/tree responded 200 in 13.7275 ms
2026-04-28 16:57:33.260 +07:00 [INF] Request finished HTTP/1.1 GET http://localhost:5283/api/v1/codes/by-code/CAP_DON_VI - 200 null application/json; charset=utf-8 21.6965ms
2026-04-28 16:57:33.261 +07:00 [INF] Request finished HTTP/1.1 GET http://localhost:5283/api/v1/don-vi/tree - 200 null application/json; charset=utf-8 22.8478ms
2026-04-28 16:57:33.542 +07:00 [INF] Request starting HTTP/1.1 GET http://localhost:5283/api/v1/roles - null null
2026-04-28 16:57:33.542 +07:00 [INF] Request starting HTTP/1.1 GET http://localhost:5283/api/v1/permissions - null null
2026-04-28 16:57:33.543 +07:00 [INF] Request starting HTTP/1.1 GET http://localhost:5283/api/v1/users - null null
2026-04-28 16:57:33.543 +07:00 [INF] Request starting HTTP/1.1 GET http://localhost:5283/api/v1/don-vi - null null
2026-04-28 16:57:33.543 +07:00 [INF] Request starting HTTP/1.1 GET http://localhost:5283/api/v1/phan-quyen/user-roles - null null
2026-04-28 16:57:33.543 +07:00 [INF] Request starting HTTP/1.1 GET http://localhost:5283/api/v1/phan-quyen/role-permissions - null null
2026-04-28 16:57:33.544 +07:00 [INF] CORS policy execution successful.
2026-04-28 16:57:33.546 +07:00 [INF] CORS policy execution successful.
2026-04-28 16:57:33.548 +07:00 [INF] CORS policy execution successful.
2026-04-28 16:57:33.549 +07:00 [INF] CORS policy execution successful.
2026-04-28 16:57:33.552 +07:00 [INF] CORS policy execution successful.
2026-04-28 16:57:33.555 +07:00 [INF] CORS policy execution successful.
2026-04-28 16:57:33.555 +07:00 [INF] Executing endpoint 'ThucLuc.Api.Controllers.V1.RolesController.GetAll (ThucLuc.Api)'
2026-04-28 16:57:33.556 +07:00 [INF] Executing endpoint 'ThucLuc.Api.Controllers.V1.PermissionsController.GetAll (ThucLuc.Api)'
2026-04-28 16:57:33.557 +07:00 [INF] Executing endpoint 'ThucLuc.Api.Controllers.V1.UsersController.GetAll (ThucLuc.Api)'
2026-04-28 16:57:33.557 +07:00 [INF] Executing endpoint 'ThucLuc.Api.Controllers.V1.DonViController.GetList (ThucLuc.Api)'
2026-04-28 16:57:33.558 +07:00 [INF] Executing endpoint 'ThucLuc.Api.Controllers.V1.PhanQuyenController.GetUserRoleMappings (ThucLuc.Api)'
2026-04-28 16:57:33.558 +07:00 [INF] Executing endpoint 'ThucLuc.Api.Controllers.V1.PhanQuyenController.GetRolePermissionMappings (ThucLuc.Api)'
2026-04-28 16:57:33.559 +07:00 [INF] Route matched with {action = "GetAll", controller = "Roles"}. Executing controller action with signature System.Threading.Tasks.Task`1[Microsoft.AspNetCore.Mvc.ActionResult`1[ThucLuc.Api.Common.Models.ApiResponse`1[System.Collections.Generic.IReadOnlyCollection`1[ThucLuc.Application.Features.Roles.RoleDto]]]] GetAll(System.Threading.CancellationToken) on controller ThucLuc.Api.Controllers.V1.RolesController (ThucLuc.Api).
2026-04-28 16:57:33.559 +07:00 [INF] Route matched with {action = "GetAll", controller = "Permissions"}. Executing controller action with signature System.Threading.Tasks.Task`1[Microsoft.AspNetCore.Mvc.ActionResult`1[ThucLuc.Api.Common.Models.ApiResponse`1[System.Collections.Generic.IReadOnlyCollection`1[ThucLuc.Api.Controllers.V1.PermissionItemDto]]]] GetAll(System.Threading.CancellationToken) on controller ThucLuc.Api.Controllers.V1.PermissionsController (ThucLuc.Api).
2026-04-28 16:57:33.560 +07:00 [INF] Route matched with {action = "GetAll", controller = "Users"}. Executing controller action with signature System.Threading.Tasks.Task`1[Microsoft.AspNetCore.Mvc.ActionResult`1[ThucLuc.Api.Common.Models.ApiResponse`1[System.Collections.Generic.IReadOnlyCollection`1[ThucLuc.Application.Features.Users.UserDto]]]] GetAll(System.Threading.CancellationToken) on controller ThucLuc.Api.Controllers.V1.UsersController (ThucLuc.Api).
2026-04-28 16:57:33.560 +07:00 [INF] Route matched with {action = "GetList", controller = "DonVi"}. Executing controller action with signature System.Threading.Tasks.Task`1[Microsoft.AspNetCore.Mvc.ActionResult`1[ThucLuc.Api.Common.Models.ApiResponse`1[System.Collections.Generic.IReadOnlyCollection`1[ThucLuc.Application.Features.DonVi.DonViDto]]]] GetList(System.Threading.CancellationToken) on controller ThucLuc.Api.Controllers.V1.DonViController (ThucLuc.Api).
2026-04-28 16:57:33.561 +07:00 [INF] Route matched with {action = "GetUserRoleMappings", controller = "PhanQuyen"}. Executing controller action with signature System.Threading.Tasks.Task`1[Microsoft.AspNetCore.Mvc.ActionResult`1[ThucLuc.Api.Common.Models.ApiResponse`1[System.Collections.Generic.IReadOnlyCollection`1[ThucLuc.Api.Controllers.V1.UserRoleMappingDto]]]] GetUserRoleMappings(System.Nullable`1[System.Int64], System.Threading.CancellationToken) on controller ThucLuc.Api.Controllers.V1.PhanQuyenController (ThucLuc.Api).
2026-04-28 16:57:33.561 +07:00 [INF] Route matched with {action = "GetRolePermissionMappings", controller = "PhanQuyen"}. Executing controller action with signature System.Threading.Tasks.Task`1[Microsoft.AspNetCore.Mvc.ActionResult`1[ThucLuc.Api.Common.Models.ApiResponse`1[System.Collections.Generic.IReadOnlyCollection`1[ThucLuc.Api.Controllers.V1.RolePermissionMappingDto]]]] GetRolePermissionMappings(System.Threading.CancellationToken) on controller ThucLuc.Api.Controllers.V1.PhanQuyenController (ThucLuc.Api).
2026-04-28 16:57:33.569 +07:00 [INF] Executing OkObjectResult, writing value of type 'ThucLuc.Api.Common.Models.ApiResponse`1[[System.Collections.Generic.IReadOnlyCollection`1[[ThucLuc.Api.Controllers.V1.PermissionItemDto, ThucLuc.Api, Version=1.0.0.0, Culture=neutral, PublicKeyToken=null]], System.Private.CoreLib, Version=8.0.0.0, Culture=neutral, PublicKeyToken=7cec85d7bea7798e]]'.
2026-04-28 16:57:33.569 +07:00 [INF] Executing OkObjectResult, writing value of type 'ThucLuc.Api.Common.Models.ApiResponse`1[[System.Collections.Generic.IReadOnlyCollection`1[[ThucLuc.Application.Features.Users.UserDto, ThucLuc.Application, Version=1.0.0.0, Culture=neutral, PublicKeyToken=null]], System.Private.CoreLib, Version=8.0.0.0, Culture=neutral, PublicKeyToken=7cec85d7bea7798e]]'.
2026-04-28 16:57:33.570 +07:00 [INF] Executing OkObjectResult, writing value of type 'ThucLuc.Api.Common.Models.ApiResponse`1[[System.Collections.Generic.IReadOnlyCollection`1[[ThucLuc.Application.Features.Roles.RoleDto, ThucLuc.Application, Version=1.0.0.0, Culture=neutral, PublicKeyToken=null]], System.Private.CoreLib, Version=8.0.0.0, Culture=neutral, PublicKeyToken=7cec85d7bea7798e]]'.
2026-04-28 16:57:33.570 +07:00 [INF] Executing OkObjectResult, writing value of type 'ThucLuc.Api.Common.Models.ApiResponse`1[[System.Collections.Generic.IReadOnlyCollection`1[[ThucLuc.Application.Features.DonVi.DonViDto, ThucLuc.Application, Version=1.0.0.0, Culture=neutral, PublicKeyToken=null]], System.Private.CoreLib, Version=8.0.0.0, Culture=neutral, PublicKeyToken=7cec85d7bea7798e]]'.
2026-04-28 16:57:33.571 +07:00 [INF] Executed action ThucLuc.Api.Controllers.V1.PermissionsController.GetAll (ThucLuc.Api) in 7.9192ms
2026-04-28 16:57:33.573 +07:00 [INF] Executing OkObjectResult, writing value of type 'ThucLuc.Api.Common.Models.ApiResponse`1[[System.Collections.Generic.IReadOnlyCollection`1[[ThucLuc.Api.Controllers.V1.UserRoleMappingDto, ThucLuc.Api, Version=1.0.0.0, Culture=neutral, PublicKeyToken=null]], System.Private.CoreLib, Version=8.0.0.0, Culture=neutral, PublicKeyToken=7cec85d7bea7798e]]'.
2026-04-28 16:57:33.574 +07:00 [INF] Executed action ThucLuc.Api.Controllers.V1.UsersController.GetAll (ThucLuc.Api) in 9.1116ms
2026-04-28 16:57:33.582 +07:00 [INF] Executed endpoint 'ThucLuc.Api.Controllers.V1.UsersController.GetAll (ThucLuc.Api)'
2026-04-28 16:57:33.577 +07:00 [INF] Executed action ThucLuc.Api.Controllers.V1.DonViController.GetList (ThucLuc.Api) in 11.3292ms
2026-04-28 16:57:33.586 +07:00 [INF] Executed endpoint 'ThucLuc.Api.Controllers.V1.DonViController.GetList (ThucLuc.Api)'
2026-04-28 16:57:33.580 +07:00 [INF] Executed endpoint 'ThucLuc.Api.Controllers.V1.PermissionsController.GetAll (ThucLuc.Api)'
2026-04-28 16:57:33.581 +07:00 [INF] Executed action ThucLuc.Api.Controllers.V1.PhanQuyenController.GetUserRoleMappings (ThucLuc.Api) in 13.3073ms
2026-04-28 16:57:33.590 +07:00 [INF] Executed endpoint 'ThucLuc.Api.Controllers.V1.PhanQuyenController.GetUserRoleMappings (ThucLuc.Api)'
2026-04-28 16:57:33.592 +07:00 [INF] HTTP GET /api/v1/phan-quyen/user-roles => 200 in 39.9143 ms CorrelationId=4438ec2da36f41b88435abaecb538b64 UserId=5001
2026-04-28 16:57:33.579 +07:00 [INF] Executing OkObjectResult, writing value of type 'ThucLuc.Api.Common.Models.ApiResponse`1[[System.Collections.Generic.IReadOnlyCollection`1[[ThucLuc.Api.Controllers.V1.RolePermissionMappingDto, ThucLuc.Api, Version=1.0.0.0, Culture=neutral, PublicKeyToken=null]], System.Private.CoreLib, Version=8.0.0.0, Culture=neutral, PublicKeyToken=7cec85d7bea7798e]]'.
2026-04-28 16:57:33.587 +07:00 [INF] HTTP GET /api/v1/don-vi => 200 in 37.6338 ms CorrelationId=16e423c8243743769f943af504ce1a58 UserId=5001
2026-04-28 16:57:33.588 +07:00 [INF] HTTP GET /api/v1/permissions => 200 in 41.8662 ms CorrelationId=ad0ddb985d8643b091f88351665c0ade UserId=5001
2026-04-28 16:57:33.601 +07:00 [INF] HTTP GET /api/v1/permissions responded 200 in 55.3210 ms
2026-04-28 16:57:33.583 +07:00 [INF] HTTP GET /api/v1/users => 200 in 35.5566 ms CorrelationId=24d4d862320f41a6856492b3d9058653 UserId=5001
2026-04-28 16:57:33.597 +07:00 [INF] HTTP GET /api/v1/phan-quyen/user-roles responded 200 in 44.7593 ms
2026-04-28 16:57:33.598 +07:00 [INF] Executed action ThucLuc.Api.Controllers.V1.PhanQuyenController.GetRolePermissionMappings (ThucLuc.Api) in 28.0993ms
2026-04-28 16:57:33.600 +07:00 [INF] HTTP GET /api/v1/don-vi responded 200 in 50.2046 ms
2026-04-28 16:57:33.575 +07:00 [INF] Executed action ThucLuc.Api.Controllers.V1.RolesController.GetAll (ThucLuc.Api) in 13.2155ms
2026-04-28 16:57:33.604 +07:00 [INF] Request finished HTTP/1.1 GET http://localhost:5283/api/v1/permissions - 200 null application/json; charset=utf-8 61.6373ms
2026-04-28 16:57:33.606 +07:00 [INF] HTTP GET /api/v1/users responded 200 in 58.0725 ms
2026-04-28 16:57:33.607 +07:00 [INF] Request finished HTTP/1.1 GET http://localhost:5283/api/v1/phan-quyen/user-roles - 200 null application/json; charset=utf-8 63.8599ms
2026-04-28 16:57:33.608 +07:00 [INF] Executed endpoint 'ThucLuc.Api.Controllers.V1.PhanQuyenController.GetRolePermissionMappings (ThucLuc.Api)'
2026-04-28 16:57:33.609 +07:00 [INF] Request finished HTTP/1.1 GET http://localhost:5283/api/v1/don-vi - 200 null application/json; charset=utf-8 66.0831ms
2026-04-28 16:57:33.610 +07:00 [INF] Executed endpoint 'ThucLuc.Api.Controllers.V1.RolesController.GetAll (ThucLuc.Api)'
2026-04-28 16:57:33.614 +07:00 [INF] Request finished HTTP/1.1 GET http://localhost:5283/api/v1/users - 200 null application/json; charset=utf-8 71.6552ms
2026-04-28 16:57:33.622 +07:00 [INF] HTTP GET /api/v1/phan-quyen/role-permissions => 200 in 67.1313 ms CorrelationId=224139863dcf470b83d617e2f28c0613 UserId=5001
2026-04-28 16:57:33.625 +07:00 [INF] HTTP GET /api/v1/roles => 200 in 80.2084 ms CorrelationId=c9562d9ec3bc4dc199441d9ec8cc3cce UserId=5001
2026-04-28 16:57:33.628 +07:00 [INF] HTTP GET /api/v1/phan-quyen/role-permissions responded 200 in 73.5779 ms
2026-04-28 16:57:33.630 +07:00 [INF] HTTP GET /api/v1/roles responded 200 in 85.3073 ms
2026-04-28 16:57:33.631 +07:00 [INF] Request finished HTTP/1.1 GET http://localhost:5283/api/v1/phan-quyen/role-permissions - 200 null application/json; charset=utf-8 87.8172ms
2026-04-28 16:57:33.632 +07:00 [INF] Request finished HTTP/1.1 GET http://localhost:5283/api/v1/roles - 200 null application/json; charset=utf-8 90.1997ms
2026-04-28 16:57:33.856 +07:00 [INF] Request starting HTTP/1.1 GET http://localhost:5283/api/v1/permissions - null null
2026-04-28 16:57:33.863 +07:00 [INF] CORS policy execution successful.
2026-04-28 16:57:33.864 +07:00 [INF] Executing endpoint 'ThucLuc.Api.Controllers.V1.PermissionsController.GetAll (ThucLuc.Api)'
2026-04-28 16:57:33.868 +07:00 [INF] Route matched with {action = "GetAll", controller = "Permissions"}. Executing controller action with signature System.Threading.Tasks.Task`1[Microsoft.AspNetCore.Mvc.ActionResult`1[ThucLuc.Api.Common.Models.ApiResponse`1[System.Collections.Generic.IReadOnlyCollection`1[ThucLuc.Api.Controllers.V1.PermissionItemDto]]]] GetAll(System.Threading.CancellationToken) on controller ThucLuc.Api.Controllers.V1.PermissionsController (ThucLuc.Api).
2026-04-28 16:57:33.873 +07:00 [INF] Executing OkObjectResult, writing value of type 'ThucLuc.Api.Common.Models.ApiResponse`1[[System.Collections.Generic.IReadOnlyCollection`1[[ThucLuc.Api.Controllers.V1.PermissionItemDto, ThucLuc.Api, Version=1.0.0.0, Culture=neutral, PublicKeyToken=null]], System.Private.CoreLib, Version=8.0.0.0, Culture=neutral, PublicKeyToken=7cec85d7bea7798e]]'.
2026-04-28 16:57:33.875 +07:00 [INF] Executed action ThucLuc.Api.Controllers.V1.PermissionsController.GetAll (ThucLuc.Api) in 6.9304ms
2026-04-28 16:57:33.876 +07:00 [INF] Executed endpoint 'ThucLuc.Api.Controllers.V1.PermissionsController.GetAll (ThucLuc.Api)'
2026-04-28 16:57:33.877 +07:00 [INF] HTTP GET /api/v1/permissions => 200 in 14.4421 ms CorrelationId=cf8f356eee2347d28522b10868a63d98 UserId=5001
2026-04-28 16:57:33.879 +07:00 [INF] HTTP GET /api/v1/permissions responded 200 in 16.4964 ms
2026-04-28 16:57:33.880 +07:00 [INF] Request finished HTTP/1.1 GET http://localhost:5283/api/v1/permissions - 200 null application/json; charset=utf-8 24.3831ms
2026-04-28 16:57:34.157 +07:00 [INF] Request starting HTTP/1.1 GET http://localhost:5283/api/v1/roles - null null
2026-04-28 16:57:34.159 +07:00 [INF] CORS policy execution successful.
2026-04-28 16:57:34.160 +07:00 [INF] Executing endpoint 'ThucLuc.Api.Controllers.V1.RolesController.GetAll (ThucLuc.Api)'
2026-04-28 16:57:34.161 +07:00 [INF] Route matched with {action = "GetAll", controller = "Roles"}. Executing controller action with signature System.Threading.Tasks.Task`1[Microsoft.AspNetCore.Mvc.ActionResult`1[ThucLuc.Api.Common.Models.ApiResponse`1[System.Collections.Generic.IReadOnlyCollection`1[ThucLuc.Application.Features.Roles.RoleDto]]]] GetAll(System.Threading.CancellationToken) on controller ThucLuc.Api.Controllers.V1.RolesController (ThucLuc.Api).
2026-04-28 16:57:34.167 +07:00 [INF] Executing OkObjectResult, writing value of type 'ThucLuc.Api.Common.Models.ApiResponse`1[[System.Collections.Generic.IReadOnlyCollection`1[[ThucLuc.Application.Features.Roles.RoleDto, ThucLuc.Application, Version=1.0.0.0, Culture=neutral, PublicKeyToken=null]], System.Private.CoreLib, Version=8.0.0.0, Culture=neutral, PublicKeyToken=7cec85d7bea7798e]]'.
2026-04-28 16:57:34.168 +07:00 [INF] Executed action ThucLuc.Api.Controllers.V1.RolesController.GetAll (ThucLuc.Api) in 6.1072ms
2026-04-28 16:57:34.169 +07:00 [INF] Executed endpoint 'ThucLuc.Api.Controllers.V1.RolesController.GetAll (ThucLuc.Api)'
2026-04-28 16:57:34.170 +07:00 [INF] HTTP GET /api/v1/roles => 200 in 11.0958 ms CorrelationId=567f437ea1174afb9ce140829292816f UserId=5001
2026-04-28 16:57:34.171 +07:00 [INF] HTTP GET /api/v1/roles responded 200 in 12.4493 ms
2026-04-28 16:57:34.173 +07:00 [INF] Request finished HTTP/1.1 GET http://localhost:5283/api/v1/roles - 200 null application/json; charset=utf-8 15.9823ms
2026-04-28 16:57:34.432 +07:00 [INF] Request starting HTTP/1.1 GET http://localhost:5283/api/v1/users - null null
2026-04-28 16:57:34.432 +07:00 [INF] Request starting HTTP/1.1 GET http://localhost:5283/api/v1/don-vi - null null
2026-04-28 16:57:34.435 +07:00 [INF] CORS policy execution successful.
2026-04-28 16:57:34.437 +07:00 [INF] CORS policy execution successful.
2026-04-28 16:57:34.438 +07:00 [INF] Executing endpoint 'ThucLuc.Api.Controllers.V1.UsersController.GetAll (ThucLuc.Api)'
2026-04-28 16:57:34.439 +07:00 [INF] Executing endpoint 'ThucLuc.Api.Controllers.V1.DonViController.GetList (ThucLuc.Api)'
2026-04-28 16:57:34.440 +07:00 [INF] Route matched with {action = "GetAll", controller = "Users"}. Executing controller action with signature System.Threading.Tasks.Task`1[Microsoft.AspNetCore.Mvc.ActionResult`1[ThucLuc.Api.Common.Models.ApiResponse`1[System.Collections.Generic.IReadOnlyCollection`1[ThucLuc.Application.Features.Users.UserDto]]]] GetAll(System.Threading.CancellationToken) on controller ThucLuc.Api.Controllers.V1.UsersController (ThucLuc.Api).
2026-04-28 16:57:34.441 +07:00 [INF] Route matched with {action = "GetList", controller = "DonVi"}. Executing controller action with signature System.Threading.Tasks.Task`1[Microsoft.AspNetCore.Mvc.ActionResult`1[ThucLuc.Api.Common.Models.ApiResponse`1[System.Collections.Generic.IReadOnlyCollection`1[ThucLuc.Application.Features.DonVi.DonViDto]]]] GetList(System.Threading.CancellationToken) on controller ThucLuc.Api.Controllers.V1.DonViController (ThucLuc.Api).
2026-04-28 16:57:34.444 +07:00 [INF] Executing OkObjectResult, writing value of type 'ThucLuc.Api.Common.Models.ApiResponse`1[[System.Collections.Generic.IReadOnlyCollection`1[[ThucLuc.Application.Features.DonVi.DonViDto, ThucLuc.Application, Version=1.0.0.0, Culture=neutral, PublicKeyToken=null]], System.Private.CoreLib, Version=8.0.0.0, Culture=neutral, PublicKeyToken=7cec85d7bea7798e]]'.
2026-04-28 16:57:34.444 +07:00 [INF] Executing OkObjectResult, writing value of type 'ThucLuc.Api.Common.Models.ApiResponse`1[[System.Collections.Generic.IReadOnlyCollection`1[[ThucLuc.Application.Features.Users.UserDto, ThucLuc.Application, Version=1.0.0.0, Culture=neutral, PublicKeyToken=null]], System.Private.CoreLib, Version=8.0.0.0, Culture=neutral, PublicKeyToken=7cec85d7bea7798e]]'.
2026-04-28 16:57:34.446 +07:00 [INF] Executed action ThucLuc.Api.Controllers.V1.DonViController.GetList (ThucLuc.Api) in 2.35ms
2026-04-28 16:57:34.446 +07:00 [INF] Executed action ThucLuc.Api.Controllers.V1.UsersController.GetAll (ThucLuc.Api) in 3.9717ms
2026-04-28 16:57:34.447 +07:00 [INF] Executed endpoint 'ThucLuc.Api.Controllers.V1.DonViController.GetList (ThucLuc.Api)'
2026-04-28 16:57:34.448 +07:00 [INF] Executed endpoint 'ThucLuc.Api.Controllers.V1.UsersController.GetAll (ThucLuc.Api)'
2026-04-28 16:57:34.448 +07:00 [INF] HTTP GET /api/v1/don-vi => 200 in 11.0106 ms CorrelationId=9c38f470545f457da57fce180d18aac8 UserId=5001
2026-04-28 16:57:34.449 +07:00 [INF] HTTP GET /api/v1/users => 200 in 13.9514 ms CorrelationId=55d525e474304b6393f6f5b65f7eba14 UserId=5001
2026-04-28 16:57:34.450 +07:00 [INF] HTTP GET /api/v1/don-vi responded 200 in 12.6049 ms
2026-04-28 16:57:34.451 +07:00 [INF] HTTP GET /api/v1/users responded 200 in 16.2813 ms
2026-04-28 16:57:34.453 +07:00 [INF] Request finished HTTP/1.1 GET http://localhost:5283/api/v1/don-vi - 200 null application/json; charset=utf-8 20.4538ms
2026-04-28 16:57:34.454 +07:00 [INF] Request finished HTTP/1.1 GET http://localhost:5283/api/v1/users - 200 null application/json; charset=utf-8 21.6449ms
2026-04-28 16:57:34.458 +07:00 [INF] Request starting HTTP/1.1 GET http://localhost:5283/api/v1/roles - null null
2026-04-28 16:57:34.459 +07:00 [INF] CORS policy execution successful.
2026-04-28 16:57:34.460 +07:00 [INF] Executing endpoint 'ThucLuc.Api.Controllers.V1.RolesController.GetAll (ThucLuc.Api)'
2026-04-28 16:57:34.461 +07:00 [INF] Route matched with {action = "GetAll", controller = "Roles"}. Executing controller action with signature System.Threading.Tasks.Task`1[Microsoft.AspNetCore.Mvc.ActionResult`1[ThucLuc.Api.Common.Models.ApiResponse`1[System.Collections.Generic.IReadOnlyCollection`1[ThucLuc.Application.Features.Roles.RoleDto]]]] GetAll(System.Threading.CancellationToken) on controller ThucLuc.Api.Controllers.V1.RolesController (ThucLuc.Api).
2026-04-28 16:57:34.466 +07:00 [INF] Executing OkObjectResult, writing value of type 'ThucLuc.Api.Common.Models.ApiResponse`1[[System.Collections.Generic.IReadOnlyCollection`1[[ThucLuc.Application.Features.Roles.RoleDto, ThucLuc.Application, Version=1.0.0.0, Culture=neutral, PublicKeyToken=null]], System.Private.CoreLib, Version=8.0.0.0, Culture=neutral, PublicKeyToken=7cec85d7bea7798e]]'.
2026-04-28 16:57:34.467 +07:00 [INF] Executed action ThucLuc.Api.Controllers.V1.RolesController.GetAll (ThucLuc.Api) in 5.6336ms
2026-04-28 16:57:34.469 +07:00 [INF] Executed endpoint 'ThucLuc.Api.Controllers.V1.RolesController.GetAll (ThucLuc.Api)'
2026-04-28 16:57:34.470 +07:00 [INF] HTTP GET /api/v1/roles => 200 in 10.9068 ms CorrelationId=ea70aef7e5144954940f451c3cba1907 UserId=5001
2026-04-28 16:57:34.471 +07:00 [INF] HTTP GET /api/v1/roles responded 200 in 12.1176 ms
2026-04-28 16:57:34.472 +07:00 [INF] Request finished HTTP/1.1 GET http://localhost:5283/api/v1/roles - 200 null application/json; charset=utf-8 14.544ms
2026-04-28 16:57:34.475 +07:00 [INF] Request starting HTTP/1.1 GET http://localhost:5283/api/v1/phan-quyen/user-roles - null null
2026-04-28 16:57:34.477 +07:00 [INF] CORS policy execution successful.
2026-04-28 16:57:34.477 +07:00 [INF] Executing endpoint 'ThucLuc.Api.Controllers.V1.PhanQuyenController.GetUserRoleMappings (ThucLuc.Api)'
2026-04-28 16:57:34.479 +07:00 [INF] Route matched with {action = "GetUserRoleMappings", controller = "PhanQuyen"}. Executing controller action with signature System.Threading.Tasks.Task`1[Microsoft.AspNetCore.Mvc.ActionResult`1[ThucLuc.Api.Common.Models.ApiResponse`1[System.Collections.Generic.IReadOnlyCollection`1[ThucLuc.Api.Controllers.V1.UserRoleMappingDto]]]] GetUserRoleMappings(System.Nullable`1[System.Int64], System.Threading.CancellationToken) on controller ThucLuc.Api.Controllers.V1.PhanQuyenController (ThucLuc.Api).
2026-04-28 16:57:34.483 +07:00 [INF] Executing OkObjectResult, writing value of type 'ThucLuc.Api.Common.Models.ApiResponse`1[[System.Collections.Generic.IReadOnlyCollection`1[[ThucLuc.Api.Controllers.V1.UserRoleMappingDto, ThucLuc.Api, Version=1.0.0.0, Culture=neutral, PublicKeyToken=null]], System.Private.CoreLib, Version=8.0.0.0, Culture=neutral, PublicKeyToken=7cec85d7bea7798e]]'.
2026-04-28 16:57:34.485 +07:00 [INF] Executed action ThucLuc.Api.Controllers.V1.PhanQuyenController.GetUserRoleMappings (ThucLuc.Api) in 4.5367ms
2026-04-28 16:57:34.486 +07:00 [INF] Executed endpoint 'ThucLuc.Api.Controllers.V1.PhanQuyenController.GetUserRoleMappings (ThucLuc.Api)'
2026-04-28 16:57:34.487 +07:00 [INF] HTTP GET /api/v1/phan-quyen/user-roles => 200 in 10.0476 ms CorrelationId=594791db2bf84a91af9c12ff7d8f25d5 UserId=5001
2026-04-28 16:57:34.488 +07:00 [INF] HTTP GET /api/v1/phan-quyen/user-roles responded 200 in 11.7192 ms
2026-04-28 16:57:34.490 +07:00 [INF] Request finished HTTP/1.1 GET http://localhost:5283/api/v1/phan-quyen/user-roles - 200 null application/json; charset=utf-8 15.751ms
2026-04-28 17:06:39.784 +07:00 [INF] Request starting HTTP/1.1 OPTIONS http://localhost:5283/api/v1/auth/logout - null null
2026-04-28 17:06:39.806 +07:00 [INF] CORS policy execution successful.
2026-04-28 17:06:39.811 +07:00 [INF] HTTP OPTIONS /api/v1/auth/logout => 204 in 5.7803 ms CorrelationId=eb9f02ea08e847ac87c2e1562c69d173 UserId=anonymous
2026-04-28 17:06:39.814 +07:00 [INF] HTTP OPTIONS /api/v1/auth/logout responded 204 in 8.7021 ms
2026-04-28 17:06:39.816 +07:00 [INF] Request finished HTTP/1.1 OPTIONS http://localhost:5283/api/v1/auth/logout - 204 null null 32.4906ms
2026-04-28 17:06:39.820 +07:00 [INF] Request starting HTTP/1.1 POST http://localhost:5283/api/v1/auth/logout - application/json 34
2026-04-28 17:06:39.833 +07:00 [INF] CORS policy execution successful.
2026-04-28 17:06:39.837 +07:00 [INF] Executing endpoint 'ThucLuc.Api.Controllers.V1.AuthController.Logout (ThucLuc.Api)'
2026-04-28 17:06:39.841 +07:00 [INF] Route matched with {action = "Logout", controller = "Auth"}. Executing controller action with signature System.Threading.Tasks.Task`1[Microsoft.AspNetCore.Mvc.ActionResult`1[ThucLuc.Api.Common.Models.ApiResponse`1[System.Object]]] Logout(ThucLuc.Application.Features.Auth.RevokeSessionRequest, System.Threading.CancellationToken) on controller ThucLuc.Api.Controllers.V1.AuthController (ThucLuc.Api).
2026-04-28 17:06:39.934 +07:00 [ERR] 2026-04-28 17:06:39.934318 ThreadID:45  (ERROR)   OracleRelationalCommand.ExecuteReaderAsync() :  Oracle.ManagedDataAccess.Client.OracleException (0x80004005): ORA-00942: table or view does not exist
https://docs.oracle.com/error-help/db/ora-00942/
   at Oracle.ManagedDataAccess.Client.OracleCommand.<>c.<ExecuteDbDataReaderAsync>b__225_0(Task`1 result)
   at System.Threading.Tasks.ContinuationResultTaskFromResultTask`2.InnerInvoke()
   at System.Threading.ExecutionContext.RunInternal(ExecutionContext executionContext, ContextCallback callback, Object state)
--- End of stack trace from previous location ---
   at System.Threading.ExecutionContext.RunInternal(ExecutionContext executionContext, ContextCallback callback, Object state)
   at System.Threading.Tasks.Task.ExecuteWithThreadLocal(Task& currentTaskSlot, Thread threadPoolThread)
--- End of stack trace from previous location ---
   at Oracle.EntityFrameworkCore.Storage.Internal.OracleRelationalCommandBuilderFactory.OracleRelationalCommandBuilder.OracleRelationalCommand.ExecuteReaderAsync(RelationalCommandParameterObject parameterObject, CancellationToken cancellationToken)
2026-04-28 17:06:39.944 +07:00 [ERR] Failed executing DbCommand (66ms) [Parameters=[:userId_0='?' (DbType = Int64)], CommandType='"Text"', CommandTimeout='0']
SELECT "i"."ID", "i"."CREATED_AT", "i"."DEVICE_ID", "i"."DEVICE_IP_ADDRESS", "i"."DEVICE_NAME", "i"."DEVICE_USER_AGENT", "i"."EXPIRES_AT", "i"."IS_REVOKED", "i"."ISSUED_AT", "i"."LAST_USED_AT", "i"."REFRESH_TOKEN_HASH", "i"."REVOCATION_REASON", "i"."REVOKED_AT", "i"."UPDATED_AT", "i"."USER_ID"
FROM "CAND_QLCNTT"."IDM_REFRESH_TOKEN_SESSIONS" "i"
WHERE (("i"."USER_ID" = :userId_0) AND ("i"."IS_REVOKED" = 0))
2026-04-28 17:06:39.951 +07:00 [ERR] 2026-04-28 17:06:39.950983 ThreadID:45  (ERROR)   OracleExecutionStrategy.ExecuteAsync() :  Oracle.ManagedDataAccess.Client.OracleException (0x80004005): ORA-00942: table or view does not exist
https://docs.oracle.com/error-help/db/ora-00942/
   at Oracle.ManagedDataAccess.Client.OracleCommand.<>c.<ExecuteDbDataReaderAsync>b__225_0(Task`1 result)
   at System.Threading.Tasks.ContinuationResultTaskFromResultTask`2.InnerInvoke()
   at System.Threading.ExecutionContext.RunInternal(ExecutionContext executionContext, ContextCallback callback, Object state)
--- End of stack trace from previous location ---
   at System.Threading.ExecutionContext.RunInternal(ExecutionContext executionContext, ContextCallback callback, Object state)
   at System.Threading.Tasks.Task.ExecuteWithThreadLocal(Task& currentTaskSlot, Thread threadPoolThread)
--- End of stack trace from previous location ---
   at Oracle.EntityFrameworkCore.Storage.Internal.OracleRelationalCommandBuilderFactory.OracleRelationalCommandBuilder.OracleRelationalCommand.ExecuteReaderAsync(RelationalCommandParameterObject parameterObject, CancellationToken cancellationToken)
   at Oracle.EntityFrameworkCore.Storage.Internal.OracleRelationalCommandBuilderFactory.OracleRelationalCommandBuilder.OracleRelationalCommand.ExecuteReaderAsync(RelationalCommandParameterObject parameterObject, CancellationToken cancellationToken)
   at Oracle.EntityFrameworkCore.Storage.Internal.OracleRelationalCommandBuilderFactory.OracleRelationalCommandBuilder.OracleRelationalCommand.ExecuteReaderAsync(RelationalCommandParameterObject parameterObject, CancellationToken cancellationToken)
   at Microsoft.EntityFrameworkCore.Query.Internal.SingleQueryingEnumerable`1.AsyncEnumerator.InitializeReaderAsync(AsyncEnumerator enumerator, CancellationToken cancellationToken)
   at Oracle.EntityFrameworkCore.Storage.Internal.OracleExecutionStrategy.ExecuteAsync[TState,TResult](TState state, Func`4 operation, Func`4 verifySucceeded, CancellationToken cancellationToken)
2026-04-28 17:06:39.965 +07:00 [ERR] An exception occurred while iterating over the results of a query for context type 'ThucLuc.Infrastructure.Persistence.AppDbContext'.
Oracle.ManagedDataAccess.Client.OracleException (0x80004005): ORA-00942: table or view does not exist
https://docs.oracle.com/error-help/db/ora-00942/
   at Oracle.ManagedDataAccess.Client.OracleCommand.<>c.<ExecuteDbDataReaderAsync>b__225_0(Task`1 result)
   at System.Threading.Tasks.ContinuationResultTaskFromResultTask`2.InnerInvoke()
   at System.Threading.ExecutionContext.RunInternal(ExecutionContext executionContext, ContextCallback callback, Object state)
--- End of stack trace from previous location ---
   at System.Threading.ExecutionContext.RunInternal(ExecutionContext executionContext, ContextCallback callback, Object state)
   at System.Threading.Tasks.Task.ExecuteWithThreadLocal(Task& currentTaskSlot, Thread threadPoolThread)
--- End of stack trace from previous location ---
   at Oracle.EntityFrameworkCore.Storage.Internal.OracleRelationalCommandBuilderFactory.OracleRelationalCommandBuilder.OracleRelationalCommand.ExecuteReaderAsync(RelationalCommandParameterObject parameterObject, CancellationToken cancellationToken)
   at Oracle.EntityFrameworkCore.Storage.Internal.OracleRelationalCommandBuilderFactory.OracleRelationalCommandBuilder.OracleRelationalCommand.ExecuteReaderAsync(RelationalCommandParameterObject parameterObject, CancellationToken cancellationToken)
   at Oracle.EntityFrameworkCore.Storage.Internal.OracleRelationalCommandBuilderFactory.OracleRelationalCommandBuilder.OracleRelationalCommand.ExecuteReaderAsync(RelationalCommandParameterObject parameterObject, CancellationToken cancellationToken)
   at Microsoft.EntityFrameworkCore.Query.Internal.SingleQueryingEnumerable`1.AsyncEnumerator.InitializeReaderAsync(AsyncEnumerator enumerator, CancellationToken cancellationToken)
   at Oracle.EntityFrameworkCore.Storage.Internal.OracleExecutionStrategy.ExecuteAsync[TState,TResult](TState state, Func`4 operation, Func`4 verifySucceeded, CancellationToken cancellationToken)
   at Microsoft.EntityFrameworkCore.Query.Internal.SingleQueryingEnumerable`1.AsyncEnumerator.MoveNextAsync()
Oracle.ManagedDataAccess.Client.OracleException (0x80004005): ORA-00942: table or view does not exist
https://docs.oracle.com/error-help/db/ora-00942/
   at Oracle.ManagedDataAccess.Client.OracleCommand.<>c.<ExecuteDbDataReaderAsync>b__225_0(Task`1 result)
   at System.Threading.Tasks.ContinuationResultTaskFromResultTask`2.InnerInvoke()
   at System.Threading.ExecutionContext.RunInternal(ExecutionContext executionContext, ContextCallback callback, Object state)
--- End of stack trace from previous location ---
   at System.Threading.ExecutionContext.RunInternal(ExecutionContext executionContext, ContextCallback callback, Object state)
   at System.Threading.Tasks.Task.ExecuteWithThreadLocal(Task& currentTaskSlot, Thread threadPoolThread)
--- End of stack trace from previous location ---
   at Oracle.EntityFrameworkCore.Storage.Internal.OracleRelationalCommandBuilderFactory.OracleRelationalCommandBuilder.OracleRelationalCommand.ExecuteReaderAsync(RelationalCommandParameterObject parameterObject, CancellationToken cancellationToken)
   at Oracle.EntityFrameworkCore.Storage.Internal.OracleRelationalCommandBuilderFactory.OracleRelationalCommandBuilder.OracleRelationalCommand.ExecuteReaderAsync(RelationalCommandParameterObject parameterObject, CancellationToken cancellationToken)
   at Oracle.EntityFrameworkCore.Storage.Internal.OracleRelationalCommandBuilderFactory.OracleRelationalCommandBuilder.OracleRelationalCommand.ExecuteReaderAsync(RelationalCommandParameterObject parameterObject, CancellationToken cancellationToken)
   at Microsoft.EntityFrameworkCore.Query.Internal.SingleQueryingEnumerable`1.AsyncEnumerator.InitializeReaderAsync(AsyncEnumerator enumerator, CancellationToken cancellationToken)
   at Oracle.EntityFrameworkCore.Storage.Internal.OracleExecutionStrategy.ExecuteAsync[TState,TResult](TState state, Func`4 operation, Func`4 verifySucceeded, CancellationToken cancellationToken)
   at Microsoft.EntityFrameworkCore.Query.Internal.SingleQueryingEnumerable`1.AsyncEnumerator.MoveNextAsync()
2026-04-28 17:06:39.977 +07:00 [INF] Executed action ThucLuc.Api.Controllers.V1.AuthController.Logout (ThucLuc.Api) in 129.6851ms
2026-04-28 17:06:39.981 +07:00 [INF] Executed endpoint 'ThucLuc.Api.Controllers.V1.AuthController.Logout (ThucLuc.Api)'
2026-04-28 17:06:39.983 +07:00 [ERR] Unhandled exception. CorrelationId=2bab64e407fb495b8c8c1f7af1e620dd
Oracle.ManagedDataAccess.Client.OracleException (0x80004005): ORA-00942: table or view does not exist
https://docs.oracle.com/error-help/db/ora-00942/
   at Oracle.ManagedDataAccess.Client.OracleCommand.<>c.<ExecuteDbDataReaderAsync>b__225_0(Task`1 result)
   at System.Threading.Tasks.ContinuationResultTaskFromResultTask`2.InnerInvoke()
   at System.Threading.ExecutionContext.RunInternal(ExecutionContext executionContext, ContextCallback callback, Object state)
--- End of stack trace from previous location ---
   at System.Threading.ExecutionContext.RunInternal(ExecutionContext executionContext, ContextCallback callback, Object state)
   at System.Threading.Tasks.Task.ExecuteWithThreadLocal(Task& currentTaskSlot, Thread threadPoolThread)
--- End of stack trace from previous location ---
   at Oracle.EntityFrameworkCore.Storage.Internal.OracleRelationalCommandBuilderFactory.OracleRelationalCommandBuilder.OracleRelationalCommand.ExecuteReaderAsync(RelationalCommandParameterObject parameterObject, CancellationToken cancellationToken)
   at Oracle.EntityFrameworkCore.Storage.Internal.OracleRelationalCommandBuilderFactory.OracleRelationalCommandBuilder.OracleRelationalCommand.ExecuteReaderAsync(RelationalCommandParameterObject parameterObject, CancellationToken cancellationToken)
   at Oracle.EntityFrameworkCore.Storage.Internal.OracleRelationalCommandBuilderFactory.OracleRelationalCommandBuilder.OracleRelationalCommand.ExecuteReaderAsync(RelationalCommandParameterObject parameterObject, CancellationToken cancellationToken)
   at Microsoft.EntityFrameworkCore.Query.Internal.SingleQueryingEnumerable`1.AsyncEnumerator.InitializeReaderAsync(AsyncEnumerator enumerator, CancellationToken cancellationToken)
   at Oracle.EntityFrameworkCore.Storage.Internal.OracleExecutionStrategy.ExecuteAsync[TState,TResult](TState state, Func`4 operation, Func`4 verifySucceeded, CancellationToken cancellationToken)
   at Microsoft.EntityFrameworkCore.Query.Internal.SingleQueryingEnumerable`1.AsyncEnumerator.MoveNextAsync()
   at Microsoft.EntityFrameworkCore.EntityFrameworkQueryableExtensions.ToListAsync[TSource](IQueryable`1 source, CancellationToken cancellationToken)
   at Microsoft.EntityFrameworkCore.EntityFrameworkQueryableExtensions.ToListAsync[TSource](IQueryable`1 source, CancellationToken cancellationToken)
   at ThucLuc.Infrastructure.Identity.RefreshTokenService.RevokeAllUserRefreshTokensAsync(Int64 userId, String revocationReason, CancellationToken cancellationToken) in D:\Projects\ThucLuc_V2\.sources\backend\src\Infrastructure\Identity\RefreshTokenService.cs:line 143
   at ThucLuc.Api.Controllers.V1.AuthController.Logout(RevokeSessionRequest request, CancellationToken cancellationToken) in D:\Projects\ThucLuc_V2\.sources\backend\src\api\Controllers\V1\AuthController.cs:line 165
   at lambda_method1471(Closure, Object)
   at Microsoft.AspNetCore.Mvc.Infrastructure.ActionMethodExecutor.AwaitableObjectResultExecutor.Execute(ActionContext actionContext, IActionResultTypeMapper mapper, ObjectMethodExecutor executor, Object controller, Object[] arguments)
   at Microsoft.AspNetCore.Mvc.Infrastructure.ControllerActionInvoker.<InvokeActionMethodAsync>g__Awaited|12_0(ControllerActionInvoker invoker, ValueTask`1 actionResultValueTask)
   at Microsoft.AspNetCore.Mvc.Infrastructure.ControllerActionInvoker.<InvokeNextActionFilterAsync>g__Awaited|10_0(ControllerActionInvoker invoker, Task lastTask, State next, Scope scope, Object state, Boolean isCompleted)
   at Microsoft.AspNetCore.Mvc.Infrastructure.ControllerActionInvoker.Rethrow(ActionExecutedContextSealed context)
   at Microsoft.AspNetCore.Mvc.Infrastructure.ControllerActionInvoker.Next(State& next, Scope& scope, Object& state, Boolean& isCompleted)
   at Microsoft.AspNetCore.Mvc.Infrastructure.ControllerActionInvoker.<InvokeInnerFilterAsync>g__Awaited|13_0(ControllerActionInvoker invoker, Task lastTask, State next, Scope scope, Object state, Boolean isCompleted)
   at Microsoft.AspNetCore.Mvc.Infrastructure.ResourceInvoker.<InvokeFilterPipelineAsync>g__Awaited|20_0(ResourceInvoker invoker, Task lastTask, State next, Scope scope, Object state, Boolean isCompleted)
   at Microsoft.AspNetCore.Mvc.Infrastructure.ResourceInvoker.<InvokeAsync>g__Logged|17_1(ResourceInvoker invoker)
   at Microsoft.AspNetCore.Mvc.Infrastructure.ResourceInvoker.<InvokeAsync>g__Logged|17_1(ResourceInvoker invoker)
   at Microsoft.AspNetCore.Routing.EndpointMiddleware.<Invoke>g__AwaitRequestTask|7_0(Endpoint endpoint, Task requestTask, ILogger logger)
   at Microsoft.AspNetCore.Authorization.AuthorizationMiddleware.Invoke(HttpContext context)
   at Microsoft.AspNetCore.Authentication.AuthenticationMiddleware.Invoke(HttpContext context)
   at Swashbuckle.AspNetCore.SwaggerUI.SwaggerUIMiddleware.Invoke(HttpContext httpContext)
   at Swashbuckle.AspNetCore.Swagger.SwaggerMiddleware.Invoke(HttpContext httpContext, ISwaggerProvider swaggerProvider)
   at ThucLuc.Api.Common.Middleware.GlobalExceptionMiddleware.InvokeAsync(HttpContext context) in D:\Projects\ThucLuc_V2\.sources\backend\src\api\Common\Middleware\GlobalExceptionMiddleware.cs:line 23
2026-04-28 17:06:40.019 +07:00 [INF] HTTP POST /api/v1/auth/logout => 500 in 186.2015 ms CorrelationId=2bab64e407fb495b8c8c1f7af1e620dd UserId=5001
2026-04-28 17:06:40.021 +07:00 [ERR] HTTP POST /api/v1/auth/logout responded 500 in 188.2293 ms
2026-04-28 17:06:40.022 +07:00 [INF] Request finished HTTP/1.1 POST http://localhost:5283/api/v1/auth/logout - 500 null application/json 202.6313ms
2026-04-28 17:10:58.790 +07:00 [INF] Request starting HTTP/1.1 OPTIONS http://localhost:5283/api/v1/auth/login?rememberMe=false - null null
2026-04-28 17:10:58.794 +07:00 [INF] CORS policy execution successful.
2026-04-28 17:10:58.796 +07:00 [INF] HTTP OPTIONS /api/v1/auth/login => 204 in 2.0722 ms CorrelationId=a919871be311443f9a96f5e14f59041d UserId=anonymous
2026-04-28 17:10:58.800 +07:00 [INF] HTTP OPTIONS /api/v1/auth/login responded 204 in 5.9287 ms
2026-04-28 17:10:58.802 +07:00 [INF] Request finished HTTP/1.1 OPTIONS http://localhost:5283/api/v1/auth/login?rememberMe=false - 204 null null 11.2148ms
2026-04-28 17:10:58.808 +07:00 [INF] Request starting HTTP/1.1 POST http://localhost:5283/api/v1/auth/login?rememberMe=false - application/json 43
2026-04-28 17:10:58.810 +07:00 [INF] CORS policy execution successful.
2026-04-28 17:10:58.818 +07:00 [INF] Executing endpoint 'ThucLuc.Api.Controllers.V1.AuthController.Login (ThucLuc.Api)'
2026-04-28 17:10:58.822 +07:00 [INF] Route matched with {action = "Login", controller = "Auth"}. Executing controller action with signature System.Threading.Tasks.Task`1[Microsoft.AspNetCore.Mvc.ActionResult`1[ThucLuc.Api.Common.Models.ApiResponse`1[ThucLuc.Application.Features.Auth.AuthTokenDto]]] Login(ThucLuc.Application.Features.Auth.LoginRequest, Boolean, System.Threading.CancellationToken) on controller ThucLuc.Api.Controllers.V1.AuthController (ThucLuc.Api).
2026-04-28 17:10:59.635 +07:00 [ERR] 2026-04-28 17:10:59.635417 ThreadID:53  (ERROR)   OracleRelationalCommand.ExecuteReaderAsync() :  Oracle.ManagedDataAccess.Client.OracleException (0x80004005): ORA-06550: line 14, column 29:
PL/SQL: ORA-00942: table or view does not exist
ORA-06550: line 14, column 1:
PL/SQL: SQL Statement ignored
https://docs.oracle.com/error-help/db/ora-06550/
   at Oracle.ManagedDataAccess.Client.OracleCommand.<>c.<ExecuteDbDataReaderAsync>b__225_0(Task`1 result)
   at System.Threading.Tasks.ContinuationResultTaskFromResultTask`2.InnerInvoke()
   at System.Threading.ExecutionContext.RunInternal(ExecutionContext executionContext, ContextCallback callback, Object state)
--- End of stack trace from previous location ---
   at System.Threading.ExecutionContext.RunInternal(ExecutionContext executionContext, ContextCallback callback, Object state)
   at System.Threading.Tasks.Task.ExecuteWithThreadLocal(Task& currentTaskSlot, Thread threadPoolThread)
--- End of stack trace from previous location ---
   at Oracle.EntityFrameworkCore.Storage.Internal.OracleRelationalCommandBuilderFactory.OracleRelationalCommandBuilder.OracleRelationalCommand.ExecuteReaderAsync(RelationalCommandParameterObject parameterObject, CancellationToken cancellationToken)
2026-04-28 17:10:59.636 +07:00 [ERR] Failed executing DbCommand (7ms) [Parameters=[:p0='?' (DbType = DateTime), :p1='?' (Size = 255), :p2='?' (Size = 50), :p3='?' (Size = 255), :p4='?' (Size = 500), :p5='?' (DbType = DateTime), :p6='?' (DbType = Byte), :p7='?' (DbType = DateTime), :p8='?' (DbType = DateTime), :p9='?' (Size = 500), :p10='?' (Size = 255), :p11='?' (DbType = DateTime), :p12='?' (DbType = DateTime), :p13='?' (DbType = Int64), :cur0='?' (Direction = Output) (DbType = Object)], CommandType='"Text"', CommandTimeout='0']
DECLARE

TYPE "rIDM_REFRESH_TOKEN_SESSIONS_0" IS RECORD
(
"ID" NUMBER(19)
);
TYPE "tIDM_REFRESH_TOKEN_SESSIONS_0" IS TABLE OF "rIDM_REFRESH_TOKEN_SESSIONS_0";
"lIDM_REFRESH_TOKEN_SESSIONS_0" "tIDM_REFRESH_TOKEN_SESSIONS_0";

BEGIN

"lIDM_REFRESH_TOKEN_SESSIONS_0" := "tIDM_REFRESH_TOKEN_SESSIONS_0"();
"lIDM_REFRESH_TOKEN_SESSIONS_0".extend(1);
INSERT INTO "CAND_QLCNTT"."IDM_REFRESH_TOKEN_SESSIONS" ("CREATED_AT", "DEVICE_ID", "DEVICE_IP_ADDRESS", "DEVICE_NAME", "DEVICE_USER_AGENT", "EXPIRES_AT", "IS_REVOKED", "ISSUED_AT", "LAST_USED_AT", "REFRESH_TOKEN_HASH", "REVOCATION_REASON", "REVOKED_AT", "UPDATED_AT", "USER_ID")
VALUES (:p0, :p1, :p2, :p3, :p4, :p5, :p6, :p7, :p8, :p9, :p10, :p11, :p12, :p13)
RETURNING "ID" INTO "lIDM_REFRESH_TOKEN_SESSIONS_0"(1)."ID";
OPEN :cur0 FOR SELECT "lIDM_REFRESH_TOKEN_SESSIONS_0"(1)."ID" FROM DUAL;

END;
2026-04-28 17:10:59.640 +07:00 [ERR] 2026-04-28 17:10:59.640291 ThreadID:53  (ERROR)   OracleExecutionStrategy.ExecuteAsync() :  Microsoft.EntityFrameworkCore.DbUpdateException: An error occurred while saving the entity changes. See the inner exception for details.
 ---> Oracle.ManagedDataAccess.Client.OracleException (0x80004005): ORA-06550: line 14, column 29:
PL/SQL: ORA-00942: table or view does not exist
ORA-06550: line 14, column 1:
PL/SQL: SQL Statement ignored
https://docs.oracle.com/error-help/db/ora-06550/
   at Oracle.ManagedDataAccess.Client.OracleCommand.<>c.<ExecuteDbDataReaderAsync>b__225_0(Task`1 result)
   at System.Threading.Tasks.ContinuationResultTaskFromResultTask`2.InnerInvoke()
   at System.Threading.ExecutionContext.RunInternal(ExecutionContext executionContext, ContextCallback callback, Object state)
--- End of stack trace from previous location ---
   at System.Threading.ExecutionContext.RunInternal(ExecutionContext executionContext, ContextCallback callback, Object state)
   at System.Threading.Tasks.Task.ExecuteWithThreadLocal(Task& currentTaskSlot, Thread threadPoolThread)
--- End of stack trace from previous location ---
   at Oracle.EntityFrameworkCore.Storage.Internal.OracleRelationalCommandBuilderFactory.OracleRelationalCommandBuilder.OracleRelationalCommand.ExecuteReaderAsync(RelationalCommandParameterObject parameterObject, CancellationToken cancellationToken)
   at Oracle.EntityFrameworkCore.Storage.Internal.OracleRelationalCommandBuilderFactory.OracleRelationalCommandBuilder.OracleRelationalCommand.ExecuteReaderAsync(RelationalCommandParameterObject parameterObject, CancellationToken cancellationToken)
   at Oracle.EntityFrameworkCore.Storage.Internal.OracleRelationalCommandBuilderFactory.OracleRelationalCommandBuilder.OracleRelationalCommand.ExecuteReaderAsync(RelationalCommandParameterObject parameterObject, CancellationToken cancellationToken)
   at Microsoft.EntityFrameworkCore.Update.ReaderModificationCommandBatch.ExecuteAsync(IRelationalConnection connection, CancellationToken cancellationToken)
   --- End of inner exception stack trace ---
   at Microsoft.EntityFrameworkCore.Update.ReaderModificationCommandBatch.ExecuteAsync(IRelationalConnection connection, CancellationToken cancellationToken)
   at Oracle.EntityFrameworkCore.Update.Internal.OracleModificationCommandBatch.ExecuteAsync(IRelationalConnection connection, CancellationToken cancellationToken)
   at Microsoft.EntityFrameworkCore.Update.Internal.BatchExecutor.ExecuteAsync(IEnumerable`1 commandBatches, IRelationalConnection connection, CancellationToken cancellationToken)
   at Microsoft.EntityFrameworkCore.Update.Internal.BatchExecutor.ExecuteAsync(IEnumerable`1 commandBatches, IRelationalConnection connection, CancellationToken cancellationToken)
   at Microsoft.EntityFrameworkCore.Update.Internal.BatchExecutor.ExecuteAsync(IEnumerable`1 commandBatches, IRelationalConnection connection, CancellationToken cancellationToken)
   at Microsoft.EntityFrameworkCore.ChangeTracking.Internal.StateManager.SaveChangesAsync(IList`1 entriesToSave, CancellationToken cancellationToken)
   at Microsoft.EntityFrameworkCore.ChangeTracking.Internal.StateManager.SaveChangesAsync(StateManager stateManager, Boolean acceptAllChangesOnSuccess, CancellationToken cancellationToken)
   at Oracle.EntityFrameworkCore.Storage.Internal.OracleExecutionStrategy.ExecuteAsync[TState,TResult](TState state, Func`4 operation, Func`4 verifySucceeded, CancellationToken cancellationToken)
2026-04-28 17:10:59.642 +07:00 [ERR] An exception occurred in the database while saving changes for context type 'ThucLuc.Infrastructure.Persistence.AppDbContext'.
Microsoft.EntityFrameworkCore.DbUpdateException: An error occurred while saving the entity changes. See the inner exception for details.
 ---> Oracle.ManagedDataAccess.Client.OracleException (0x80004005): ORA-06550: line 14, column 29:
PL/SQL: ORA-00942: table or view does not exist
ORA-06550: line 14, column 1:
PL/SQL: SQL Statement ignored
https://docs.oracle.com/error-help/db/ora-06550/
   at Oracle.ManagedDataAccess.Client.OracleCommand.<>c.<ExecuteDbDataReaderAsync>b__225_0(Task`1 result)
   at System.Threading.Tasks.ContinuationResultTaskFromResultTask`2.InnerInvoke()
   at System.Threading.ExecutionContext.RunInternal(ExecutionContext executionContext, ContextCallback callback, Object state)
--- End of stack trace from previous location ---
   at System.Threading.ExecutionContext.RunInternal(ExecutionContext executionContext, ContextCallback callback, Object state)
   at System.Threading.Tasks.Task.ExecuteWithThreadLocal(Task& currentTaskSlot, Thread threadPoolThread)
--- End of stack trace from previous location ---
   at Oracle.EntityFrameworkCore.Storage.Internal.OracleRelationalCommandBuilderFactory.OracleRelationalCommandBuilder.OracleRelationalCommand.ExecuteReaderAsync(RelationalCommandParameterObject parameterObject, CancellationToken cancellationToken)
   at Oracle.EntityFrameworkCore.Storage.Internal.OracleRelationalCommandBuilderFactory.OracleRelationalCommandBuilder.OracleRelationalCommand.ExecuteReaderAsync(RelationalCommandParameterObject parameterObject, CancellationToken cancellationToken)
   at Oracle.EntityFrameworkCore.Storage.Internal.OracleRelationalCommandBuilderFactory.OracleRelationalCommandBuilder.OracleRelationalCommand.ExecuteReaderAsync(RelationalCommandParameterObject parameterObject, CancellationToken cancellationToken)
   at Microsoft.EntityFrameworkCore.Update.ReaderModificationCommandBatch.ExecuteAsync(IRelationalConnection connection, CancellationToken cancellationToken)
   --- End of inner exception stack trace ---
   at Microsoft.EntityFrameworkCore.Update.ReaderModificationCommandBatch.ExecuteAsync(IRelationalConnection connection, CancellationToken cancellationToken)
   at Oracle.EntityFrameworkCore.Update.Internal.OracleModificationCommandBatch.ExecuteAsync(IRelationalConnection connection, CancellationToken cancellationToken)
   at Microsoft.EntityFrameworkCore.Update.Internal.BatchExecutor.ExecuteAsync(IEnumerable`1 commandBatches, IRelationalConnection connection, CancellationToken cancellationToken)
   at Microsoft.EntityFrameworkCore.Update.Internal.BatchExecutor.ExecuteAsync(IEnumerable`1 commandBatches, IRelationalConnection connection, CancellationToken cancellationToken)
   at Microsoft.EntityFrameworkCore.Update.Internal.BatchExecutor.ExecuteAsync(IEnumerable`1 commandBatches, IRelationalConnection connection, CancellationToken cancellationToken)
   at Microsoft.EntityFrameworkCore.ChangeTracking.Internal.StateManager.SaveChangesAsync(IList`1 entriesToSave, CancellationToken cancellationToken)
   at Microsoft.EntityFrameworkCore.ChangeTracking.Internal.StateManager.SaveChangesAsync(StateManager stateManager, Boolean acceptAllChangesOnSuccess, CancellationToken cancellationToken)
   at Oracle.EntityFrameworkCore.Storage.Internal.OracleExecutionStrategy.ExecuteAsync[TState,TResult](TState state, Func`4 operation, Func`4 verifySucceeded, CancellationToken cancellationToken)
   at Microsoft.EntityFrameworkCore.DbContext.SaveChangesAsync(Boolean acceptAllChangesOnSuccess, CancellationToken cancellationToken)
Microsoft.EntityFrameworkCore.DbUpdateException: An error occurred while saving the entity changes. See the inner exception for details.
 ---> Oracle.ManagedDataAccess.Client.OracleException (0x80004005): ORA-06550: line 14, column 29:
PL/SQL: ORA-00942: table or view does not exist
ORA-06550: line 14, column 1:
PL/SQL: SQL Statement ignored
https://docs.oracle.com/error-help/db/ora-06550/
   at Oracle.ManagedDataAccess.Client.OracleCommand.<>c.<ExecuteDbDataReaderAsync>b__225_0(Task`1 result)
   at System.Threading.Tasks.ContinuationResultTaskFromResultTask`2.InnerInvoke()
   at System.Threading.ExecutionContext.RunInternal(ExecutionContext executionContext, ContextCallback callback, Object state)
--- End of stack trace from previous location ---
   at System.Threading.ExecutionContext.RunInternal(ExecutionContext executionContext, ContextCallback callback, Object state)
   at System.Threading.Tasks.Task.ExecuteWithThreadLocal(Task& currentTaskSlot, Thread threadPoolThread)
--- End of stack trace from previous location ---
   at Oracle.EntityFrameworkCore.Storage.Internal.OracleRelationalCommandBuilderFactory.OracleRelationalCommandBuilder.OracleRelationalCommand.ExecuteReaderAsync(RelationalCommandParameterObject parameterObject, CancellationToken cancellationToken)
   at Oracle.EntityFrameworkCore.Storage.Internal.OracleRelationalCommandBuilderFactory.OracleRelationalCommandBuilder.OracleRelationalCommand.ExecuteReaderAsync(RelationalCommandParameterObject parameterObject, CancellationToken cancellationToken)
   at Oracle.EntityFrameworkCore.Storage.Internal.OracleRelationalCommandBuilderFactory.OracleRelationalCommandBuilder.OracleRelationalCommand.ExecuteReaderAsync(RelationalCommandParameterObject parameterObject, CancellationToken cancellationToken)
   at Microsoft.EntityFrameworkCore.Update.ReaderModificationCommandBatch.ExecuteAsync(IRelationalConnection connection, CancellationToken cancellationToken)
   --- End of inner exception stack trace ---
   at Microsoft.EntityFrameworkCore.Update.ReaderModificationCommandBatch.ExecuteAsync(IRelationalConnection connection, CancellationToken cancellationToken)
   at Oracle.EntityFrameworkCore.Update.Internal.OracleModificationCommandBatch.ExecuteAsync(IRelationalConnection connection, CancellationToken cancellationToken)
   at Microsoft.EntityFrameworkCore.Update.Internal.BatchExecutor.ExecuteAsync(IEnumerable`1 commandBatches, IRelationalConnection connection, CancellationToken cancellationToken)
   at Microsoft.EntityFrameworkCore.Update.Internal.BatchExecutor.ExecuteAsync(IEnumerable`1 commandBatches, IRelationalConnection connection, CancellationToken cancellationToken)
   at Microsoft.EntityFrameworkCore.Update.Internal.BatchExecutor.ExecuteAsync(IEnumerable`1 commandBatches, IRelationalConnection connection, CancellationToken cancellationToken)
   at Microsoft.EntityFrameworkCore.ChangeTracking.Internal.StateManager.SaveChangesAsync(IList`1 entriesToSave, CancellationToken cancellationToken)
   at Microsoft.EntityFrameworkCore.ChangeTracking.Internal.StateManager.SaveChangesAsync(StateManager stateManager, Boolean acceptAllChangesOnSuccess, CancellationToken cancellationToken)
   at Oracle.EntityFrameworkCore.Storage.Internal.OracleExecutionStrategy.ExecuteAsync[TState,TResult](TState state, Func`4 operation, Func`4 verifySucceeded, CancellationToken cancellationToken)
   at Microsoft.EntityFrameworkCore.DbContext.SaveChangesAsync(Boolean acceptAllChangesOnSuccess, CancellationToken cancellationToken)
2026-04-28 17:10:59.656 +07:00 [ERR] 2026-04-28 17:10:59.656833 ThreadID:52  (ERROR)   OracleRelationalCommand.ExecuteReaderAsync() :  Oracle.ManagedDataAccess.Client.OracleException (0x80004005): ORA-06550: line 14, column 29:
PL/SQL: ORA-00942: table or view does not exist
ORA-06550: line 14, column 1:
PL/SQL: SQL Statement ignored
https://docs.oracle.com/error-help/db/ora-06550/
   at Oracle.ManagedDataAccess.Client.OracleCommand.<>c.<ExecuteDbDataReaderAsync>b__225_0(Task`1 result)
   at System.Threading.Tasks.ContinuationResultTaskFromResultTask`2.InnerInvoke()
   at System.Threading.ExecutionContext.RunInternal(ExecutionContext executionContext, ContextCallback callback, Object state)
--- End of stack trace from previous location ---
   at System.Threading.ExecutionContext.RunInternal(ExecutionContext executionContext, ContextCallback callback, Object state)
   at System.Threading.Tasks.Task.ExecuteWithThreadLocal(Task& currentTaskSlot, Thread threadPoolThread)
--- End of stack trace from previous location ---
   at Oracle.EntityFrameworkCore.Storage.Internal.OracleRelationalCommandBuilderFactory.OracleRelationalCommandBuilder.OracleRelationalCommand.ExecuteReaderAsync(RelationalCommandParameterObject parameterObject, CancellationToken cancellationToken)
2026-04-28 17:10:59.657 +07:00 [ERR] Failed executing DbCommand (5ms) [Parameters=[:p0='?' (DbType = DateTime), :p1='?' (Size = 255), :p2='?' (Size = 50), :p3='?' (Size = 255), :p4='?' (Size = 500), :p5='?' (DbType = DateTime), :p6='?' (DbType = Byte), :p7='?' (DbType = DateTime), :p8='?' (DbType = DateTime), :p9='?' (Size = 500), :p10='?' (Size = 255), :p11='?' (DbType = DateTime), :p12='?' (DbType = DateTime), :p13='?' (DbType = Int64), :cur0='?' (Direction = Output) (DbType = Object)], CommandType='"Text"', CommandTimeout='0']
DECLARE

TYPE "rIDM_REFRESH_TOKEN_SESSIONS_0" IS RECORD
(
"ID" NUMBER(19)
);
TYPE "tIDM_REFRESH_TOKEN_SESSIONS_0" IS TABLE OF "rIDM_REFRESH_TOKEN_SESSIONS_0";
"lIDM_REFRESH_TOKEN_SESSIONS_0" "tIDM_REFRESH_TOKEN_SESSIONS_0";

BEGIN

"lIDM_REFRESH_TOKEN_SESSIONS_0" := "tIDM_REFRESH_TOKEN_SESSIONS_0"();
"lIDM_REFRESH_TOKEN_SESSIONS_0".extend(1);
INSERT INTO "CAND_QLCNTT"."IDM_REFRESH_TOKEN_SESSIONS" ("CREATED_AT", "DEVICE_ID", "DEVICE_IP_ADDRESS", "DEVICE_NAME", "DEVICE_USER_AGENT", "EXPIRES_AT", "IS_REVOKED", "ISSUED_AT", "LAST_USED_AT", "REFRESH_TOKEN_HASH", "REVOCATION_REASON", "REVOKED_AT", "UPDATED_AT", "USER_ID")
VALUES (:p0, :p1, :p2, :p3, :p4, :p5, :p6, :p7, :p8, :p9, :p10, :p11, :p12, :p13)
RETURNING "ID" INTO "lIDM_REFRESH_TOKEN_SESSIONS_0"(1)."ID";
OPEN :cur0 FOR SELECT "lIDM_REFRESH_TOKEN_SESSIONS_0"(1)."ID" FROM DUAL;

END;
2026-04-28 17:10:59.666 +07:00 [ERR] 2026-04-28 17:10:59.665898 ThreadID:52  (ERROR)   OracleExecutionStrategy.ExecuteAsync() :  Microsoft.EntityFrameworkCore.DbUpdateException: An error occurred while saving the entity changes. See the inner exception for details.
 ---> Oracle.ManagedDataAccess.Client.OracleException (0x80004005): ORA-06550: line 14, column 29:
PL/SQL: ORA-00942: table or view does not exist
ORA-06550: line 14, column 1:
PL/SQL: SQL Statement ignored
https://docs.oracle.com/error-help/db/ora-06550/
   at Oracle.ManagedDataAccess.Client.OracleCommand.<>c.<ExecuteDbDataReaderAsync>b__225_0(Task`1 result)
   at System.Threading.Tasks.ContinuationResultTaskFromResultTask`2.InnerInvoke()
   at System.Threading.ExecutionContext.RunInternal(ExecutionContext executionContext, ContextCallback callback, Object state)
--- End of stack trace from previous location ---
   at System.Threading.ExecutionContext.RunInternal(ExecutionContext executionContext, ContextCallback callback, Object state)
   at System.Threading.Tasks.Task.ExecuteWithThreadLocal(Task& currentTaskSlot, Thread threadPoolThread)
--- End of stack trace from previous location ---
   at Oracle.EntityFrameworkCore.Storage.Internal.OracleRelationalCommandBuilderFactory.OracleRelationalCommandBuilder.OracleRelationalCommand.ExecuteReaderAsync(RelationalCommandParameterObject parameterObject, CancellationToken cancellationToken)
   at Oracle.EntityFrameworkCore.Storage.Internal.OracleRelationalCommandBuilderFactory.OracleRelationalCommandBuilder.OracleRelationalCommand.ExecuteReaderAsync(RelationalCommandParameterObject parameterObject, CancellationToken cancellationToken)
   at Oracle.EntityFrameworkCore.Storage.Internal.OracleRelationalCommandBuilderFactory.OracleRelationalCommandBuilder.OracleRelationalCommand.ExecuteReaderAsync(RelationalCommandParameterObject parameterObject, CancellationToken cancellationToken)
   at Microsoft.EntityFrameworkCore.Update.ReaderModificationCommandBatch.ExecuteAsync(IRelationalConnection connection, CancellationToken cancellationToken)
   --- End of inner exception stack trace ---
   at Microsoft.EntityFrameworkCore.Update.ReaderModificationCommandBatch.ExecuteAsync(IRelationalConnection connection, CancellationToken cancellationToken)
   at Oracle.EntityFrameworkCore.Update.Internal.OracleModificationCommandBatch.ExecuteAsync(IRelationalConnection connection, CancellationToken cancellationToken)
   at Microsoft.EntityFrameworkCore.Update.Internal.BatchExecutor.ExecuteAsync(IEnumerable`1 commandBatches, IRelationalConnection connection, CancellationToken cancellationToken)
   at Microsoft.EntityFrameworkCore.Update.Internal.BatchExecutor.ExecuteAsync(IEnumerable`1 commandBatches, IRelationalConnection connection, CancellationToken cancellationToken)
   at Microsoft.EntityFrameworkCore.Update.Internal.BatchExecutor.ExecuteAsync(IEnumerable`1 commandBatches, IRelationalConnection connection, CancellationToken cancellationToken)
   at Microsoft.EntityFrameworkCore.ChangeTracking.Internal.StateManager.SaveChangesAsync(IList`1 entriesToSave, CancellationToken cancellationToken)
   at Microsoft.EntityFrameworkCore.ChangeTracking.Internal.StateManager.SaveChangesAsync(StateManager stateManager, Boolean acceptAllChangesOnSuccess, CancellationToken cancellationToken)
   at Oracle.EntityFrameworkCore.Storage.Internal.OracleExecutionStrategy.ExecuteAsync[TState,TResult](TState state, Func`4 operation, Func`4 verifySucceeded, CancellationToken cancellationToken)
2026-04-28 17:10:59.668 +07:00 [ERR] An exception occurred in the database while saving changes for context type 'ThucLuc.Infrastructure.Persistence.AppDbContext'.
Microsoft.EntityFrameworkCore.DbUpdateException: An error occurred while saving the entity changes. See the inner exception for details.
 ---> Oracle.ManagedDataAccess.Client.OracleException (0x80004005): ORA-06550: line 14, column 29:
PL/SQL: ORA-00942: table or view does not exist
ORA-06550: line 14, column 1:
PL/SQL: SQL Statement ignored
https://docs.oracle.com/error-help/db/ora-06550/
   at Oracle.ManagedDataAccess.Client.OracleCommand.<>c.<ExecuteDbDataReaderAsync>b__225_0(Task`1 result)
   at System.Threading.Tasks.ContinuationResultTaskFromResultTask`2.InnerInvoke()
   at System.Threading.ExecutionContext.RunInternal(ExecutionContext executionContext, ContextCallback callback, Object state)
--- End of stack trace from previous location ---
   at System.Threading.ExecutionContext.RunInternal(ExecutionContext executionContext, ContextCallback callback, Object state)
   at System.Threading.Tasks.Task.ExecuteWithThreadLocal(Task& currentTaskSlot, Thread threadPoolThread)
--- End of stack trace from previous location ---
   at Oracle.EntityFrameworkCore.Storage.Internal.OracleRelationalCommandBuilderFactory.OracleRelationalCommandBuilder.OracleRelationalCommand.ExecuteReaderAsync(RelationalCommandParameterObject parameterObject, CancellationToken cancellationToken)
   at Oracle.EntityFrameworkCore.Storage.Internal.OracleRelationalCommandBuilderFactory.OracleRelationalCommandBuilder.OracleRelationalCommand.ExecuteReaderAsync(RelationalCommandParameterObject parameterObject, CancellationToken cancellationToken)
   at Oracle.EntityFrameworkCore.Storage.Internal.OracleRelationalCommandBuilderFactory.OracleRelationalCommandBuilder.OracleRelationalCommand.ExecuteReaderAsync(RelationalCommandParameterObject parameterObject, CancellationToken cancellationToken)
   at Microsoft.EntityFrameworkCore.Update.ReaderModificationCommandBatch.ExecuteAsync(IRelationalConnection connection, CancellationToken cancellationToken)
   --- End of inner exception stack trace ---
   at Microsoft.EntityFrameworkCore.Update.ReaderModificationCommandBatch.ExecuteAsync(IRelationalConnection connection, CancellationToken cancellationToken)
   at Oracle.EntityFrameworkCore.Update.Internal.OracleModificationCommandBatch.ExecuteAsync(IRelationalConnection connection, CancellationToken cancellationToken)
   at Microsoft.EntityFrameworkCore.Update.Internal.BatchExecutor.ExecuteAsync(IEnumerable`1 commandBatches, IRelationalConnection connection, CancellationToken cancellationToken)
   at Microsoft.EntityFrameworkCore.Update.Internal.BatchExecutor.ExecuteAsync(IEnumerable`1 commandBatches, IRelationalConnection connection, CancellationToken cancellationToken)
   at Microsoft.EntityFrameworkCore.Update.Internal.BatchExecutor.ExecuteAsync(IEnumerable`1 commandBatches, IRelationalConnection connection, CancellationToken cancellationToken)
   at Microsoft.EntityFrameworkCore.ChangeTracking.Internal.StateManager.SaveChangesAsync(IList`1 entriesToSave, CancellationToken cancellationToken)
   at Microsoft.EntityFrameworkCore.ChangeTracking.Internal.StateManager.SaveChangesAsync(StateManager stateManager, Boolean acceptAllChangesOnSuccess, CancellationToken cancellationToken)
   at Oracle.EntityFrameworkCore.Storage.Internal.OracleExecutionStrategy.ExecuteAsync[TState,TResult](TState state, Func`4 operation, Func`4 verifySucceeded, CancellationToken cancellationToken)
   at Microsoft.EntityFrameworkCore.DbContext.SaveChangesAsync(Boolean acceptAllChangesOnSuccess, CancellationToken cancellationToken)
Microsoft.EntityFrameworkCore.DbUpdateException: An error occurred while saving the entity changes. See the inner exception for details.
 ---> Oracle.ManagedDataAccess.Client.OracleException (0x80004005): ORA-06550: line 14, column 29:
PL/SQL: ORA-00942: table or view does not exist
ORA-06550: line 14, column 1:
PL/SQL: SQL Statement ignored
https://docs.oracle.com/error-help/db/ora-06550/
   at Oracle.ManagedDataAccess.Client.OracleCommand.<>c.<ExecuteDbDataReaderAsync>b__225_0(Task`1 result)
   at System.Threading.Tasks.ContinuationResultTaskFromResultTask`2.InnerInvoke()
   at System.Threading.ExecutionContext.RunInternal(ExecutionContext executionContext, ContextCallback callback, Object state)
--- End of stack trace from previous location ---
   at System.Threading.ExecutionContext.RunInternal(ExecutionContext executionContext, ContextCallback callback, Object state)
   at System.Threading.Tasks.Task.ExecuteWithThreadLocal(Task& currentTaskSlot, Thread threadPoolThread)
--- End of stack trace from previous location ---
   at Oracle.EntityFrameworkCore.Storage.Internal.OracleRelationalCommandBuilderFactory.OracleRelationalCommandBuilder.OracleRelationalCommand.ExecuteReaderAsync(RelationalCommandParameterObject parameterObject, CancellationToken cancellationToken)
   at Oracle.EntityFrameworkCore.Storage.Internal.OracleRelationalCommandBuilderFactory.OracleRelationalCommandBuilder.OracleRelationalCommand.ExecuteReaderAsync(RelationalCommandParameterObject parameterObject, CancellationToken cancellationToken)
   at Oracle.EntityFrameworkCore.Storage.Internal.OracleRelationalCommandBuilderFactory.OracleRelationalCommandBuilder.OracleRelationalCommand.ExecuteReaderAsync(RelationalCommandParameterObject parameterObject, CancellationToken cancellationToken)
   at Microsoft.EntityFrameworkCore.Update.ReaderModificationCommandBatch.ExecuteAsync(IRelationalConnection connection, CancellationToken cancellationToken)
   --- End of inner exception stack trace ---
   at Microsoft.EntityFrameworkCore.Update.ReaderModificationCommandBatch.ExecuteAsync(IRelationalConnection connection, CancellationToken cancellationToken)
   at Oracle.EntityFrameworkCore.Update.Internal.OracleModificationCommandBatch.ExecuteAsync(IRelationalConnection connection, CancellationToken cancellationToken)
   at Microsoft.EntityFrameworkCore.Update.Internal.BatchExecutor.ExecuteAsync(IEnumerable`1 commandBatches, IRelationalConnection connection, CancellationToken cancellationToken)
   at Microsoft.EntityFrameworkCore.Update.Internal.BatchExecutor.ExecuteAsync(IEnumerable`1 commandBatches, IRelationalConnection connection, CancellationToken cancellationToken)
   at Microsoft.EntityFrameworkCore.Update.Internal.BatchExecutor.ExecuteAsync(IEnumerable`1 commandBatches, IRelationalConnection connection, CancellationToken cancellationToken)
   at Microsoft.EntityFrameworkCore.ChangeTracking.Internal.StateManager.SaveChangesAsync(IList`1 entriesToSave, CancellationToken cancellationToken)
   at Microsoft.EntityFrameworkCore.ChangeTracking.Internal.StateManager.SaveChangesAsync(StateManager stateManager, Boolean acceptAllChangesOnSuccess, CancellationToken cancellationToken)
   at Oracle.EntityFrameworkCore.Storage.Internal.OracleExecutionStrategy.ExecuteAsync[TState,TResult](TState state, Func`4 operation, Func`4 verifySucceeded, CancellationToken cancellationToken)
   at Microsoft.EntityFrameworkCore.DbContext.SaveChangesAsync(Boolean acceptAllChangesOnSuccess, CancellationToken cancellationToken)
2026-04-28 17:10:59.675 +07:00 [INF] Executing OkObjectResult, writing value of type 'ThucLuc.Api.Common.Models.ApiResponse`1[[ThucLuc.Application.Features.Auth.AuthTokenDto, ThucLuc.Application, Version=1.0.0.0, Culture=neutral, PublicKeyToken=null]]'.
2026-04-28 17:10:59.679 +07:00 [INF] Executed action ThucLuc.Api.Controllers.V1.AuthController.Login (ThucLuc.Api) in 854.2493ms
2026-04-28 17:10:59.681 +07:00 [INF] Executed endpoint 'ThucLuc.Api.Controllers.V1.AuthController.Login (ThucLuc.Api)'
2026-04-28 17:10:59.682 +07:00 [INF] HTTP POST /api/v1/auth/login => 200 in 872.0143 ms CorrelationId=04275330de8d438d9caf800397f37fe7 UserId=anonymous
2026-04-28 17:10:59.684 +07:00 [INF] HTTP POST /api/v1/auth/login responded 200 in 873.7404 ms
2026-04-28 17:10:59.687 +07:00 [INF] Request finished HTTP/1.1 POST http://localhost:5283/api/v1/auth/login?rememberMe=false - 200 null application/json; charset=utf-8 878.9067ms
2026-04-28 17:10:59.742 +07:00 [INF] Request starting HTTP/1.1 OPTIONS http://localhost:5283/api/v1/don-vi/2001 - null null
2026-04-28 17:10:59.745 +07:00 [INF] CORS policy execution successful.
2026-04-28 17:10:59.745 +07:00 [INF] HTTP OPTIONS /api/v1/don-vi/2001 => 204 in 0.8978 ms CorrelationId=6953a3c9885643b6a305afe2441f82a0 UserId=anonymous
2026-04-28 17:10:59.747 +07:00 [INF] Request starting HTTP/1.1 OPTIONS http://localhost:5283/api/v1/ky-bao-cao/current - null null
2026-04-28 17:10:59.748 +07:00 [INF] Request starting HTTP/1.1 OPTIONS http://localhost:5283/api/v1/ky-bao-cao - null null
2026-04-28 17:10:59.748 +07:00 [INF] HTTP OPTIONS /api/v1/don-vi/2001 responded 204 in 3.4920 ms
2026-04-28 17:10:59.750 +07:00 [INF] CORS policy execution successful.
2026-04-28 17:10:59.751 +07:00 [INF] CORS policy execution successful.
2026-04-28 17:10:59.752 +07:00 [INF] Request finished HTTP/1.1 OPTIONS http://localhost:5283/api/v1/don-vi/2001 - 204 null null 10.3423ms
2026-04-28 17:10:59.753 +07:00 [INF] HTTP OPTIONS /api/v1/ky-bao-cao/current => 204 in 2.965 ms CorrelationId=4efc3d1f9f6341cd9b373d96fb9470f3 UserId=anonymous
2026-04-28 17:10:59.753 +07:00 [INF] HTTP OPTIONS /api/v1/ky-bao-cao => 204 in 2.0925 ms CorrelationId=4438eb5d5fef432580a4e654d019bb6e UserId=anonymous
2026-04-28 17:10:59.756 +07:00 [INF] Request starting HTTP/1.1 GET http://localhost:5283/api/v1/don-vi/2001 - null null
2026-04-28 17:10:59.758 +07:00 [INF] HTTP OPTIONS /api/v1/ky-bao-cao/current responded 204 in 7.8526 ms
2026-04-28 17:10:59.759 +07:00 [INF] HTTP OPTIONS /api/v1/ky-bao-cao responded 204 in 7.9496 ms
2026-04-28 17:10:59.761 +07:00 [INF] CORS policy execution successful.
2026-04-28 17:10:59.762 +07:00 [INF] Request finished HTTP/1.1 OPTIONS http://localhost:5283/api/v1/ky-bao-cao/current - 204 null null 14.9444ms
2026-04-28 17:10:59.763 +07:00 [INF] Request finished HTTP/1.1 OPTIONS http://localhost:5283/api/v1/ky-bao-cao - 204 null null 15.3236ms
2026-04-28 17:10:59.765 +07:00 [INF] Executing endpoint 'ThucLuc.Api.Controllers.V1.DonViController.GetById (ThucLuc.Api)'
2026-04-28 17:10:59.767 +07:00 [INF] Request starting HTTP/1.1 GET http://localhost:5283/api/v1/ky-bao-cao/current - null null
2026-04-28 17:10:59.769 +07:00 [INF] Request starting HTTP/1.1 GET http://localhost:5283/api/v1/ky-bao-cao - null null
2026-04-28 17:10:59.769 +07:00 [INF] Route matched with {action = "GetById", controller = "DonVi"}. Executing controller action with signature System.Threading.Tasks.Task`1[Microsoft.AspNetCore.Mvc.ActionResult`1[ThucLuc.Api.Common.Models.ApiResponse`1[ThucLuc.Application.Features.DonVi.DonViDto]]] GetById(Int64, System.Threading.CancellationToken) on controller ThucLuc.Api.Controllers.V1.DonViController (ThucLuc.Api).
2026-04-28 17:10:59.771 +07:00 [INF] CORS policy execution successful.
2026-04-28 17:10:59.773 +07:00 [INF] CORS policy execution successful.
2026-04-28 17:10:59.774 +07:00 [INF] Executing endpoint 'ThucLuc.Api.Controllers.V1.KyBaoCaoController.GetCurrent (ThucLuc.Api)'
2026-04-28 17:10:59.775 +07:00 [INF] Executing endpoint 'ThucLuc.Api.Controllers.V1.KyBaoCaoController.GetAll (ThucLuc.Api)'
2026-04-28 17:10:59.777 +07:00 [INF] Executing OkObjectResult, writing value of type 'ThucLuc.Api.Common.Models.ApiResponse`1[[ThucLuc.Application.Features.DonVi.DonViDto, ThucLuc.Application, Version=1.0.0.0, Culture=neutral, PublicKeyToken=null]]'.
2026-04-28 17:10:59.779 +07:00 [INF] Executed action ThucLuc.Api.Controllers.V1.DonViController.GetById (ThucLuc.Api) in 5.2501ms
2026-04-28 17:10:59.781 +07:00 [INF] Route matched with {action = "GetCurrent", controller = "KyBaoCao"}. Executing controller action with signature System.Threading.Tasks.Task`1[Microsoft.AspNetCore.Mvc.ActionResult`1[ThucLuc.Api.Common.Models.ApiResponse`1[ThucLuc.Application.Features.KyBaoCao.KyBaoCaoDto]]] GetCurrent(System.Threading.CancellationToken) on controller ThucLuc.Api.Controllers.V1.KyBaoCaoController (ThucLuc.Api).
2026-04-28 17:10:59.781 +07:00 [INF] Executed endpoint 'ThucLuc.Api.Controllers.V1.DonViController.GetById (ThucLuc.Api)'
2026-04-28 17:10:59.782 +07:00 [INF] Route matched with {action = "GetAll", controller = "KyBaoCao"}. Executing controller action with signature System.Threading.Tasks.Task`1[Microsoft.AspNetCore.Mvc.ActionResult`1[ThucLuc.Api.Common.Models.ApiResponse`1[System.Collections.Generic.IReadOnlyCollection`1[ThucLuc.Application.Features.KyBaoCao.KyBaoCaoDto]]]] GetAll(System.Threading.CancellationToken) on controller ThucLuc.Api.Controllers.V1.KyBaoCaoController (ThucLuc.Api).
2026-04-28 17:10:59.788 +07:00 [INF] HTTP GET /api/v1/don-vi/2001 => 200 in 27.1412 ms CorrelationId=ff668cd73f6d480389a5148f245ffdc6 UserId=5001
2026-04-28 17:10:59.794 +07:00 [INF] HTTP GET /api/v1/don-vi/2001 responded 200 in 33.0678 ms
2026-04-28 17:10:59.795 +07:00 [INF] Request finished HTTP/1.1 GET http://localhost:5283/api/v1/don-vi/2001 - 200 null application/json; charset=utf-8 39.2182ms
2026-04-28 17:10:59.808 +07:00 [INF] Executing OkObjectResult, writing value of type 'ThucLuc.Api.Common.Models.ApiResponse`1[[System.Collections.Generic.IReadOnlyCollection`1[[ThucLuc.Application.Features.KyBaoCao.KyBaoCaoDto, ThucLuc.Application, Version=1.0.0.0, Culture=neutral, PublicKeyToken=null]], System.Private.CoreLib, Version=8.0.0.0, Culture=neutral, PublicKeyToken=7cec85d7bea7798e]]'.
2026-04-28 17:10:59.808 +07:00 [INF] Executing OkObjectResult, writing value of type 'ThucLuc.Api.Common.Models.ApiResponse`1[[ThucLuc.Application.Features.KyBaoCao.KyBaoCaoDto, ThucLuc.Application, Version=1.0.0.0, Culture=neutral, PublicKeyToken=null]]'.
2026-04-28 17:10:59.823 +07:00 [INF] Executed action ThucLuc.Api.Controllers.V1.KyBaoCaoController.GetCurrent (ThucLuc.Api) in 37.3003ms
2026-04-28 17:10:59.823 +07:00 [INF] Executed action ThucLuc.Api.Controllers.V1.KyBaoCaoController.GetAll (ThucLuc.Api) in 31.5886ms
2026-04-28 17:10:59.826 +07:00 [INF] Executed endpoint 'ThucLuc.Api.Controllers.V1.KyBaoCaoController.GetCurrent (ThucLuc.Api)'
2026-04-28 17:10:59.827 +07:00 [INF] Executed endpoint 'ThucLuc.Api.Controllers.V1.KyBaoCaoController.GetAll (ThucLuc.Api)'
2026-04-28 17:10:59.828 +07:00 [INF] HTTP GET /api/v1/ky-bao-cao/current => 200 in 56.9143 ms CorrelationId=da5c6cecf84140c9980ba3a9c3a25e10 UserId=5001
2026-04-28 17:10:59.828 +07:00 [INF] HTTP GET /api/v1/ky-bao-cao => 200 in 55.912 ms CorrelationId=9f5836958efc4e8c92c3ccd6ce199734 UserId=5001
2026-04-28 17:10:59.831 +07:00 [INF] HTTP GET /api/v1/ky-bao-cao/current responded 200 in 60.0696 ms
2026-04-28 17:10:59.833 +07:00 [INF] HTTP GET /api/v1/ky-bao-cao responded 200 in 60.0801 ms
2026-04-28 17:10:59.834 +07:00 [INF] Request finished HTTP/1.1 GET http://localhost:5283/api/v1/ky-bao-cao/current - 200 null application/json; charset=utf-8 67.4465ms
2026-04-28 17:10:59.836 +07:00 [INF] Request finished HTTP/1.1 GET http://localhost:5283/api/v1/ky-bao-cao - 200 null application/json; charset=utf-8 67.1059ms
2026-04-28 17:10:59.846 +07:00 [INF] Request starting HTTP/1.1 OPTIONS http://localhost:5283/api/v1/ky-bao-cao/6001/tien-do - null null
2026-04-28 17:10:59.849 +07:00 [INF] CORS policy execution successful.
2026-04-28 17:10:59.850 +07:00 [INF] HTTP OPTIONS /api/v1/ky-bao-cao/6001/tien-do => 204 in 1.1218 ms CorrelationId=42325a77a10640a6ba22e08984bb0254 UserId=anonymous
2026-04-28 17:10:59.852 +07:00 [INF] HTTP OPTIONS /api/v1/ky-bao-cao/6001/tien-do responded 204 in 3.6797 ms
2026-04-28 17:10:59.854 +07:00 [INF] Request finished HTTP/1.1 OPTIONS http://localhost:5283/api/v1/ky-bao-cao/6001/tien-do - 204 null null 8.3685ms
2026-04-28 17:10:59.857 +07:00 [INF] Request starting HTTP/1.1 GET http://localhost:5283/api/v1/ky-bao-cao/6001/tien-do - null null
2026-04-28 17:10:59.867 +07:00 [INF] CORS policy execution successful.
2026-04-28 17:10:59.868 +07:00 [INF] Executing endpoint 'ThucLuc.Api.Controllers.V1.KyBaoCaoController.GetTienDo (ThucLuc.Api)'
2026-04-28 17:10:59.873 +07:00 [INF] Route matched with {action = "GetTienDo", controller = "KyBaoCao"}. Executing controller action with signature System.Threading.Tasks.Task`1[Microsoft.AspNetCore.Mvc.ActionResult`1[ThucLuc.Api.Common.Models.ApiResponse`1[ThucLuc.Application.Features.KyBaoCao.KyBaoCaoTienDoDto]]] GetTienDo(Int64, System.Threading.CancellationToken) on controller ThucLuc.Api.Controllers.V1.KyBaoCaoController (ThucLuc.Api).
2026-04-28 17:10:59.900 +07:00 [INF] Executing OkObjectResult, writing value of type 'ThucLuc.Api.Common.Models.ApiResponse`1[[ThucLuc.Application.Features.KyBaoCao.KyBaoCaoTienDoDto, ThucLuc.Application, Version=1.0.0.0, Culture=neutral, PublicKeyToken=null]]'.
2026-04-28 17:10:59.914 +07:00 [INF] Executed action ThucLuc.Api.Controllers.V1.KyBaoCaoController.GetTienDo (ThucLuc.Api) in 39.6152ms
2026-04-28 17:10:59.916 +07:00 [INF] Executed endpoint 'ThucLuc.Api.Controllers.V1.KyBaoCaoController.GetTienDo (ThucLuc.Api)'
2026-04-28 17:10:59.917 +07:00 [INF] HTTP GET /api/v1/ky-bao-cao/6001/tien-do => 200 in 50.024 ms CorrelationId=5bf240e05f214e8a949a940871c41228 UserId=5001
2026-04-28 17:10:59.918 +07:00 [INF] HTTP GET /api/v1/ky-bao-cao/6001/tien-do responded 200 in 51.4201 ms
2026-04-28 17:10:59.919 +07:00 [INF] Request finished HTTP/1.1 GET http://localhost:5283/api/v1/ky-bao-cao/6001/tien-do - 200 null application/json; charset=utf-8 61.6357ms
2026-04-28 17:11:02.254 +07:00 [INF] Request starting HTTP/1.1 OPTIONS http://localhost:5283/api/v1/users - null null
2026-04-28 17:11:02.254 +07:00 [INF] Request starting HTTP/1.1 OPTIONS http://localhost:5283/api/v1/don-vi - null null
2026-04-28 17:11:02.267 +07:00 [INF] CORS policy execution successful.
2026-04-28 17:11:02.270 +07:00 [INF] CORS policy execution successful.
2026-04-28 17:11:02.271 +07:00 [INF] HTTP OPTIONS /api/v1/users => 204 in 3.9283 ms CorrelationId=72c299e1dc2a4c5da70b6ff308d27646 UserId=anonymous
2026-04-28 17:11:02.275 +07:00 [INF] HTTP OPTIONS /api/v1/users responded 204 in 8.0138 ms
2026-04-28 17:11:02.271 +07:00 [INF] HTTP OPTIONS /api/v1/don-vi => 204 in 1.6749 ms CorrelationId=47bbc4258dae4dd59a0b2d81b36f1b9c UserId=anonymous
2026-04-28 17:11:02.277 +07:00 [INF] Request finished HTTP/1.1 OPTIONS http://localhost:5283/api/v1/users - 204 null null 23.3154ms
2026-04-28 17:11:02.279 +07:00 [INF] HTTP OPTIONS /api/v1/don-vi responded 204 in 9.0543 ms
2026-04-28 17:11:02.283 +07:00 [INF] Request starting HTTP/1.1 GET http://localhost:5283/api/v1/users - null null
2026-04-28 17:11:02.286 +07:00 [INF] Request finished HTTP/1.1 OPTIONS http://localhost:5283/api/v1/don-vi - 204 null null 32.762ms
2026-04-28 17:11:02.289 +07:00 [INF] CORS policy execution successful.
2026-04-28 17:11:02.290 +07:00 [INF] Request starting HTTP/1.1 GET http://localhost:5283/api/v1/don-vi - null null
2026-04-28 17:11:02.292 +07:00 [INF] CORS policy execution successful.
2026-04-28 17:11:02.291 +07:00 [INF] Executing endpoint 'ThucLuc.Api.Controllers.V1.UsersController.GetAll (ThucLuc.Api)'
2026-04-28 17:11:02.294 +07:00 [INF] Executing endpoint 'ThucLuc.Api.Controllers.V1.DonViController.GetList (ThucLuc.Api)'
2026-04-28 17:11:02.295 +07:00 [INF] Route matched with {action = "GetAll", controller = "Users"}. Executing controller action with signature System.Threading.Tasks.Task`1[Microsoft.AspNetCore.Mvc.ActionResult`1[ThucLuc.Api.Common.Models.ApiResponse`1[System.Collections.Generic.IReadOnlyCollection`1[ThucLuc.Application.Features.Users.UserDto]]]] GetAll(System.Threading.CancellationToken) on controller ThucLuc.Api.Controllers.V1.UsersController (ThucLuc.Api).
2026-04-28 17:11:02.297 +07:00 [INF] Route matched with {action = "GetList", controller = "DonVi"}. Executing controller action with signature System.Threading.Tasks.Task`1[Microsoft.AspNetCore.Mvc.ActionResult`1[ThucLuc.Api.Common.Models.ApiResponse`1[System.Collections.Generic.IReadOnlyCollection`1[ThucLuc.Application.Features.DonVi.DonViDto]]]] GetList(System.Threading.CancellationToken) on controller ThucLuc.Api.Controllers.V1.DonViController (ThucLuc.Api).
2026-04-28 17:11:02.302 +07:00 [INF] Executing OkObjectResult, writing value of type 'ThucLuc.Api.Common.Models.ApiResponse`1[[System.Collections.Generic.IReadOnlyCollection`1[[ThucLuc.Application.Features.Users.UserDto, ThucLuc.Application, Version=1.0.0.0, Culture=neutral, PublicKeyToken=null]], System.Private.CoreLib, Version=8.0.0.0, Culture=neutral, PublicKeyToken=7cec85d7bea7798e]]'.
2026-04-28 17:11:02.304 +07:00 [INF] Executed action ThucLuc.Api.Controllers.V1.UsersController.GetAll (ThucLuc.Api) in 4.4193ms
2026-04-28 17:11:02.305 +07:00 [INF] Executing OkObjectResult, writing value of type 'ThucLuc.Api.Common.Models.ApiResponse`1[[System.Collections.Generic.IReadOnlyCollection`1[[ThucLuc.Application.Features.DonVi.DonViDto, ThucLuc.Application, Version=1.0.0.0, Culture=neutral, PublicKeyToken=null]], System.Private.CoreLib, Version=8.0.0.0, Culture=neutral, PublicKeyToken=7cec85d7bea7798e]]'.
2026-04-28 17:11:02.306 +07:00 [INF] Executed endpoint 'ThucLuc.Api.Controllers.V1.UsersController.GetAll (ThucLuc.Api)'
2026-04-28 17:11:02.308 +07:00 [INF] Executed action ThucLuc.Api.Controllers.V1.DonViController.GetList (ThucLuc.Api) in 4.7904ms
2026-04-28 17:11:02.308 +07:00 [INF] HTTP GET /api/v1/users => 200 in 19.6441 ms CorrelationId=e545f726f6c04f31a66ad8b2eb0a825c UserId=5001
2026-04-28 17:11:02.309 +07:00 [INF] Executed endpoint 'ThucLuc.Api.Controllers.V1.DonViController.GetList (ThucLuc.Api)'
2026-04-28 17:11:02.312 +07:00 [INF] HTTP GET /api/v1/users responded 200 in 23.2917 ms
2026-04-28 17:11:02.312 +07:00 [INF] HTTP GET /api/v1/don-vi => 200 in 19.9571 ms CorrelationId=3b5d215367f642e7859b4d813a4c3a17 UserId=5001
2026-04-28 17:11:02.315 +07:00 [INF] Request finished HTTP/1.1 GET http://localhost:5283/api/v1/users - 200 null application/json; charset=utf-8 31.687ms
2026-04-28 17:11:02.317 +07:00 [INF] HTTP GET /api/v1/don-vi responded 200 in 25.0371 ms
2026-04-28 17:11:02.320 +07:00 [INF] Request finished HTTP/1.1 GET http://localhost:5283/api/v1/don-vi - 200 null application/json; charset=utf-8 30.1015ms
2026-04-28 17:11:02.324 +07:00 [INF] Request starting HTTP/1.1 OPTIONS http://localhost:5283/api/v1/roles - null null
2026-04-28 17:11:02.327 +07:00 [INF] CORS policy execution successful.
2026-04-28 17:11:02.328 +07:00 [INF] HTTP OPTIONS /api/v1/roles => 204 in 1.3619 ms CorrelationId=1c561f6d0d9d407d9ebf4f5497574955 UserId=anonymous
2026-04-28 17:11:02.331 +07:00 [INF] HTTP OPTIONS /api/v1/roles responded 204 in 3.8420 ms
2026-04-28 17:11:02.333 +07:00 [INF] Request finished HTTP/1.1 OPTIONS http://localhost:5283/api/v1/roles - 204 null null 8.4682ms
2026-04-28 17:11:02.336 +07:00 [INF] Request starting HTTP/1.1 GET http://localhost:5283/api/v1/roles - null null
2026-04-28 17:11:02.338 +07:00 [INF] CORS policy execution successful.
2026-04-28 17:11:02.339 +07:00 [INF] Executing endpoint 'ThucLuc.Api.Controllers.V1.RolesController.GetAll (ThucLuc.Api)'
2026-04-28 17:11:02.340 +07:00 [INF] Route matched with {action = "GetAll", controller = "Roles"}. Executing controller action with signature System.Threading.Tasks.Task`1[Microsoft.AspNetCore.Mvc.ActionResult`1[ThucLuc.Api.Common.Models.ApiResponse`1[System.Collections.Generic.IReadOnlyCollection`1[ThucLuc.Application.Features.Roles.RoleDto]]]] GetAll(System.Threading.CancellationToken) on controller ThucLuc.Api.Controllers.V1.RolesController (ThucLuc.Api).
2026-04-28 17:11:02.345 +07:00 [INF] Executing OkObjectResult, writing value of type 'ThucLuc.Api.Common.Models.ApiResponse`1[[System.Collections.Generic.IReadOnlyCollection`1[[ThucLuc.Application.Features.Roles.RoleDto, ThucLuc.Application, Version=1.0.0.0, Culture=neutral, PublicKeyToken=null]], System.Private.CoreLib, Version=8.0.0.0, Culture=neutral, PublicKeyToken=7cec85d7bea7798e]]'.
2026-04-28 17:11:02.346 +07:00 [INF] Executed action ThucLuc.Api.Controllers.V1.RolesController.GetAll (ThucLuc.Api) in 5.0795ms
2026-04-28 17:11:02.348 +07:00 [INF] Executed endpoint 'ThucLuc.Api.Controllers.V1.RolesController.GetAll (ThucLuc.Api)'
2026-04-28 17:11:02.349 +07:00 [INF] HTTP GET /api/v1/roles => 200 in 10.5119 ms CorrelationId=0604df5c758e465aac80372f6a6736f1 UserId=5001
2026-04-28 17:11:02.350 +07:00 [INF] HTTP GET /api/v1/roles responded 200 in 11.8177 ms
2026-04-28 17:11:02.352 +07:00 [INF] Request finished HTTP/1.1 GET http://localhost:5283/api/v1/roles - 200 null application/json; charset=utf-8 15.6925ms
2026-04-28 17:11:02.355 +07:00 [INF] Request starting HTTP/1.1 OPTIONS http://localhost:5283/api/v1/phan-quyen/user-roles - null null
2026-04-28 17:11:02.357 +07:00 [INF] CORS policy execution successful.
2026-04-28 17:11:02.358 +07:00 [INF] HTTP OPTIONS /api/v1/phan-quyen/user-roles => 204 in 0.7101 ms CorrelationId=43ed483c1cdd4e0496410bcdccefdf0d UserId=anonymous
2026-04-28 17:11:02.360 +07:00 [INF] HTTP OPTIONS /api/v1/phan-quyen/user-roles responded 204 in 2.3433 ms
2026-04-28 17:11:02.361 +07:00 [INF] Request finished HTTP/1.1 OPTIONS http://localhost:5283/api/v1/phan-quyen/user-roles - 204 null null 5.515ms
2026-04-28 17:11:02.363 +07:00 [INF] Request starting HTTP/1.1 GET http://localhost:5283/api/v1/phan-quyen/user-roles - null null
2026-04-28 17:11:02.365 +07:00 [INF] CORS policy execution successful.
2026-04-28 17:11:02.365 +07:00 [INF] Executing endpoint 'ThucLuc.Api.Controllers.V1.PhanQuyenController.GetUserRoleMappings (ThucLuc.Api)'
2026-04-28 17:11:02.367 +07:00 [INF] Route matched with {action = "GetUserRoleMappings", controller = "PhanQuyen"}. Executing controller action with signature System.Threading.Tasks.Task`1[Microsoft.AspNetCore.Mvc.ActionResult`1[ThucLuc.Api.Common.Models.ApiResponse`1[System.Collections.Generic.IReadOnlyCollection`1[ThucLuc.Api.Controllers.V1.UserRoleMappingDto]]]] GetUserRoleMappings(System.Nullable`1[System.Int64], System.Threading.CancellationToken) on controller ThucLuc.Api.Controllers.V1.PhanQuyenController (ThucLuc.Api).
2026-04-28 17:11:02.372 +07:00 [INF] Executing OkObjectResult, writing value of type 'ThucLuc.Api.Common.Models.ApiResponse`1[[System.Collections.Generic.IReadOnlyCollection`1[[ThucLuc.Api.Controllers.V1.UserRoleMappingDto, ThucLuc.Api, Version=1.0.0.0, Culture=neutral, PublicKeyToken=null]], System.Private.CoreLib, Version=8.0.0.0, Culture=neutral, PublicKeyToken=7cec85d7bea7798e]]'.
2026-04-28 17:11:02.373 +07:00 [INF] Executed action ThucLuc.Api.Controllers.V1.PhanQuyenController.GetUserRoleMappings (ThucLuc.Api) in 4.3819ms
2026-04-28 17:11:02.375 +07:00 [INF] Executed endpoint 'ThucLuc.Api.Controllers.V1.PhanQuyenController.GetUserRoleMappings (ThucLuc.Api)'
2026-04-28 17:11:02.376 +07:00 [INF] HTTP GET /api/v1/phan-quyen/user-roles => 200 in 11.203 ms CorrelationId=a1a149d2e1a649a8ad9c9f9d5288ed69 UserId=5001
2026-04-28 17:11:02.377 +07:00 [INF] HTTP GET /api/v1/phan-quyen/user-roles responded 200 in 11.9785 ms
2026-04-28 17:11:02.377 +07:00 [INF] Request finished HTTP/1.1 GET http://localhost:5283/api/v1/phan-quyen/user-roles - 200 null application/json; charset=utf-8 14.4625ms
2026-04-28 17:12:04.472 +07:00 [INF] Request starting HTTP/1.1 OPTIONS http://localhost:5283/api/v1/don-vi/2001 - null null
2026-04-28 17:12:04.483 +07:00 [INF] Request starting HTTP/1.1 OPTIONS http://localhost:5283/api/v1/users - null null
2026-04-28 17:12:04.496 +07:00 [INF] CORS policy execution successful.
2026-04-28 17:12:04.499 +07:00 [INF] CORS policy execution successful.
2026-04-28 17:12:04.500 +07:00 [INF] HTTP OPTIONS /api/v1/don-vi/2001 => 204 in 4.2277 ms CorrelationId=0ff8b1c407ef41bba3bb58a7430fac79 UserId=anonymous
2026-04-28 17:12:04.504 +07:00 [INF] HTTP OPTIONS /api/v1/don-vi/2001 responded 204 in 8.0695 ms
2026-04-28 17:12:04.503 +07:00 [INF] Request starting HTTP/1.1 OPTIONS http://localhost:5283/api/v1/don-vi - null null
2026-04-28 17:12:04.501 +07:00 [INF] HTTP OPTIONS /api/v1/users => 204 in 2.0223 ms CorrelationId=535ab767c45f4e3f993d8ca0d1446eb4 UserId=anonymous
2026-04-28 17:12:04.628 +07:00 [INF] Request finished HTTP/1.1 OPTIONS http://localhost:5283/api/v1/don-vi/2001 - 204 null null 154.6693ms
2026-04-28 17:12:04.646 +07:00 [INF] CORS policy execution successful.
2026-04-28 17:12:04.667 +07:00 [INF] HTTP OPTIONS /api/v1/users responded 204 in 168.6475 ms
2026-04-28 17:12:04.689 +07:00 [INF] Request starting HTTP/1.1 GET http://localhost:5283/api/v1/don-vi/2001 - null null
2026-04-28 17:12:04.690 +07:00 [INF] HTTP OPTIONS /api/v1/don-vi => 204 in 44.3345 ms CorrelationId=d96d5872a1614fe3ab24855302cd6723 UserId=anonymous
2026-04-28 17:12:04.695 +07:00 [INF] Request finished HTTP/1.1 OPTIONS http://localhost:5283/api/v1/users - 204 null null 212.0677ms
2026-04-28 17:12:04.699 +07:00 [INF] CORS policy execution successful.
2026-04-28 17:12:04.701 +07:00 [INF] HTTP OPTIONS /api/v1/don-vi responded 204 in 54.8700 ms
2026-04-28 17:12:04.703 +07:00 [INF] Request starting HTTP/1.1 GET http://localhost:5283/api/v1/users - null null
2026-04-28 17:12:04.704 +07:00 [INF] Executing endpoint 'ThucLuc.Api.Controllers.V1.DonViController.GetById (ThucLuc.Api)'
2026-04-28 17:12:04.705 +07:00 [INF] Request finished HTTP/1.1 OPTIONS http://localhost:5283/api/v1/don-vi - 204 null null 201.8777ms
2026-04-28 17:12:04.707 +07:00 [INF] CORS policy execution successful.
2026-04-28 17:12:04.708 +07:00 [INF] Route matched with {action = "GetById", controller = "DonVi"}. Executing controller action with signature System.Threading.Tasks.Task`1[Microsoft.AspNetCore.Mvc.ActionResult`1[ThucLuc.Api.Common.Models.ApiResponse`1[ThucLuc.Application.Features.DonVi.DonViDto]]] GetById(Int64, System.Threading.CancellationToken) on controller ThucLuc.Api.Controllers.V1.DonViController (ThucLuc.Api).
2026-04-28 17:12:04.715 +07:00 [INF] Request starting HTTP/1.1 GET http://localhost:5283/api/v1/don-vi - null null
2026-04-28 17:12:04.716 +07:00 [INF] Executing endpoint 'ThucLuc.Api.Controllers.V1.UsersController.GetAll (ThucLuc.Api)'
2026-04-28 17:12:04.720 +07:00 [INF] CORS policy execution successful.
2026-04-28 17:12:04.722 +07:00 [INF] Route matched with {action = "GetAll", controller = "Users"}. Executing controller action with signature System.Threading.Tasks.Task`1[Microsoft.AspNetCore.Mvc.ActionResult`1[ThucLuc.Api.Common.Models.ApiResponse`1[System.Collections.Generic.IReadOnlyCollection`1[ThucLuc.Application.Features.Users.UserDto]]]] GetAll(System.Threading.CancellationToken) on controller ThucLuc.Api.Controllers.V1.UsersController (ThucLuc.Api).
2026-04-28 17:12:04.725 +07:00 [INF] Executing endpoint 'ThucLuc.Api.Controllers.V1.DonViController.GetList (ThucLuc.Api)'
2026-04-28 17:12:04.756 +07:00 [INF] Route matched with {action = "GetList", controller = "DonVi"}. Executing controller action with signature System.Threading.Tasks.Task`1[Microsoft.AspNetCore.Mvc.ActionResult`1[ThucLuc.Api.Common.Models.ApiResponse`1[System.Collections.Generic.IReadOnlyCollection`1[ThucLuc.Application.Features.DonVi.DonViDto]]]] GetList(System.Threading.CancellationToken) on controller ThucLuc.Api.Controllers.V1.DonViController (ThucLuc.Api).
2026-04-28 17:12:04.765 +07:00 [INF] Executing OkObjectResult, writing value of type 'ThucLuc.Api.Common.Models.ApiResponse`1[[ThucLuc.Application.Features.DonVi.DonViDto, ThucLuc.Application, Version=1.0.0.0, Culture=neutral, PublicKeyToken=null]]'.
2026-04-28 17:12:04.767 +07:00 [INF] Executed action ThucLuc.Api.Controllers.V1.DonViController.GetById (ThucLuc.Api) in 49.5266ms
2026-04-28 17:12:04.771 +07:00 [INF] Executed endpoint 'ThucLuc.Api.Controllers.V1.DonViController.GetById (ThucLuc.Api)'
2026-04-28 17:12:04.772 +07:00 [INF] HTTP GET /api/v1/don-vi/2001 => 200 in 72.85 ms CorrelationId=6562de19be75467aa7fac3af7e9905a1 UserId=5001
2026-04-28 17:12:04.773 +07:00 [INF] HTTP GET /api/v1/don-vi/2001 responded 200 in 74.4204 ms
2026-04-28 17:12:04.775 +07:00 [INF] Request finished HTTP/1.1 GET http://localhost:5283/api/v1/don-vi/2001 - 200 null application/json; charset=utf-8 85.3906ms
2026-04-28 17:12:04.802 +07:00 [INF] Executing OkObjectResult, writing value of type 'ThucLuc.Api.Common.Models.ApiResponse`1[[System.Collections.Generic.IReadOnlyCollection`1[[ThucLuc.Application.Features.Users.UserDto, ThucLuc.Application, Version=1.0.0.0, Culture=neutral, PublicKeyToken=null]], System.Private.CoreLib, Version=8.0.0.0, Culture=neutral, PublicKeyToken=7cec85d7bea7798e]]'.
2026-04-28 17:12:04.805 +07:00 [INF] Executed action ThucLuc.Api.Controllers.V1.UsersController.GetAll (ThucLuc.Api) in 50.6052ms
2026-04-28 17:12:04.806 +07:00 [INF] Executing OkObjectResult, writing value of type 'ThucLuc.Api.Common.Models.ApiResponse`1[[System.Collections.Generic.IReadOnlyCollection`1[[ThucLuc.Application.Features.DonVi.DonViDto, ThucLuc.Application, Version=1.0.0.0, Culture=neutral, PublicKeyToken=null]], System.Private.CoreLib, Version=8.0.0.0, Culture=neutral, PublicKeyToken=7cec85d7bea7798e]]'.
2026-04-28 17:12:04.815 +07:00 [INF] Executed endpoint 'ThucLuc.Api.Controllers.V1.UsersController.GetAll (ThucLuc.Api)'
2026-04-28 17:12:04.821 +07:00 [INF] Executed action ThucLuc.Api.Controllers.V1.DonViController.GetList (ThucLuc.Api) in 61.1774ms
2026-04-28 17:12:04.824 +07:00 [INF] HTTP GET /api/v1/users => 200 in 117.2403 ms CorrelationId=c3efff2b7a794aa2ac94fa457fee560a UserId=5001
2026-04-28 17:12:04.825 +07:00 [INF] Executed endpoint 'ThucLuc.Api.Controllers.V1.DonViController.GetList (ThucLuc.Api)'
2026-04-28 17:12:04.834 +07:00 [INF] HTTP GET /api/v1/users responded 200 in 126.6748 ms
2026-04-28 17:12:04.845 +07:00 [INF] HTTP GET /api/v1/don-vi => 200 in 124.0981 ms CorrelationId=a7d49a59c9eb4710aa0112cde84fa01c UserId=5001
2026-04-28 17:12:04.846 +07:00 [INF] Request finished HTTP/1.1 GET http://localhost:5283/api/v1/users - 200 null application/json; charset=utf-8 142.4286ms
2026-04-28 17:12:04.849 +07:00 [INF] HTTP GET /api/v1/don-vi responded 200 in 128.2941 ms
2026-04-28 17:12:04.858 +07:00 [INF] Request finished HTTP/1.1 GET http://localhost:5283/api/v1/don-vi - 200 null application/json; charset=utf-8 143.2243ms
2026-04-28 17:12:04.863 +07:00 [INF] Request starting HTTP/1.1 OPTIONS http://localhost:5283/api/v1/roles - null null
2026-04-28 17:12:04.866 +07:00 [INF] CORS policy execution successful.
2026-04-28 17:12:04.867 +07:00 [INF] HTTP OPTIONS /api/v1/roles => 204 in 1.7524 ms CorrelationId=3d6acb1627bd41d0a63dc5b7fe7f6a63 UserId=anonymous
2026-04-28 17:12:04.870 +07:00 [INF] HTTP OPTIONS /api/v1/roles responded 204 in 4.7348 ms
2026-04-28 17:12:04.873 +07:00 [INF] Request finished HTTP/1.1 OPTIONS http://localhost:5283/api/v1/roles - 204 null null 10.1752ms
2026-04-28 17:12:04.877 +07:00 [INF] Request starting HTTP/1.1 GET http://localhost:5283/api/v1/roles - null null
2026-04-28 17:12:04.881 +07:00 [INF] CORS policy execution successful.
2026-04-28 17:12:04.884 +07:00 [INF] Executing endpoint 'ThucLuc.Api.Controllers.V1.RolesController.GetAll (ThucLuc.Api)'
2026-04-28 17:12:04.886 +07:00 [INF] Route matched with {action = "GetAll", controller = "Roles"}. Executing controller action with signature System.Threading.Tasks.Task`1[Microsoft.AspNetCore.Mvc.ActionResult`1[ThucLuc.Api.Common.Models.ApiResponse`1[System.Collections.Generic.IReadOnlyCollection`1[ThucLuc.Application.Features.Roles.RoleDto]]]] GetAll(System.Threading.CancellationToken) on controller ThucLuc.Api.Controllers.V1.RolesController (ThucLuc.Api).
2026-04-28 17:12:04.956 +07:00 [INF] Executing OkObjectResult, writing value of type 'ThucLuc.Api.Common.Models.ApiResponse`1[[System.Collections.Generic.IReadOnlyCollection`1[[ThucLuc.Application.Features.Roles.RoleDto, ThucLuc.Application, Version=1.0.0.0, Culture=neutral, PublicKeyToken=null]], System.Private.CoreLib, Version=8.0.0.0, Culture=neutral, PublicKeyToken=7cec85d7bea7798e]]'.
2026-04-28 17:12:04.963 +07:00 [INF] Executed action ThucLuc.Api.Controllers.V1.RolesController.GetAll (ThucLuc.Api) in 74.433ms
2026-04-28 17:12:04.965 +07:00 [INF] Executed endpoint 'ThucLuc.Api.Controllers.V1.RolesController.GetAll (ThucLuc.Api)'
2026-04-28 17:12:04.967 +07:00 [INF] HTTP GET /api/v1/roles => 200 in 85.758 ms CorrelationId=901d711027e24a88ba149b2ad1f2d03d UserId=5001
2026-04-28 17:12:05.017 +07:00 [INF] HTTP GET /api/v1/roles responded 200 in 135.4084 ms
2026-04-28 17:12:05.019 +07:00 [INF] Request finished HTTP/1.1 GET http://localhost:5283/api/v1/roles - 200 null application/json; charset=utf-8 141.3337ms
2026-04-28 17:12:05.025 +07:00 [INF] Request starting HTTP/1.1 OPTIONS http://localhost:5283/api/v1/phan-quyen/user-roles - null null
2026-04-28 17:12:05.032 +07:00 [INF] CORS policy execution successful.
2026-04-28 17:12:05.043 +07:00 [INF] HTTP OPTIONS /api/v1/phan-quyen/user-roles => 204 in 10.749 ms CorrelationId=1cc3526dd31547b4bf07fbd112112c46 UserId=anonymous
2026-04-28 17:12:05.047 +07:00 [INF] HTTP OPTIONS /api/v1/phan-quyen/user-roles responded 204 in 15.4384 ms
2026-04-28 17:12:05.049 +07:00 [INF] Request finished HTTP/1.1 OPTIONS http://localhost:5283/api/v1/phan-quyen/user-roles - 204 null null 24.8109ms
2026-04-28 17:12:05.055 +07:00 [INF] Request starting HTTP/1.1 GET http://localhost:5283/api/v1/phan-quyen/user-roles - null null
2026-04-28 17:12:05.059 +07:00 [INF] CORS policy execution successful.
2026-04-28 17:12:05.060 +07:00 [INF] Executing endpoint 'ThucLuc.Api.Controllers.V1.PhanQuyenController.GetUserRoleMappings (ThucLuc.Api)'
2026-04-28 17:12:05.066 +07:00 [INF] Route matched with {action = "GetUserRoleMappings", controller = "PhanQuyen"}. Executing controller action with signature System.Threading.Tasks.Task`1[Microsoft.AspNetCore.Mvc.ActionResult`1[ThucLuc.Api.Common.Models.ApiResponse`1[System.Collections.Generic.IReadOnlyCollection`1[ThucLuc.Api.Controllers.V1.UserRoleMappingDto]]]] GetUserRoleMappings(System.Nullable`1[System.Int64], System.Threading.CancellationToken) on controller ThucLuc.Api.Controllers.V1.PhanQuyenController (ThucLuc.Api).
2026-04-28 17:12:05.097 +07:00 [INF] Executing OkObjectResult, writing value of type 'ThucLuc.Api.Common.Models.ApiResponse`1[[System.Collections.Generic.IReadOnlyCollection`1[[ThucLuc.Api.Controllers.V1.UserRoleMappingDto, ThucLuc.Api, Version=1.0.0.0, Culture=neutral, PublicKeyToken=null]], System.Private.CoreLib, Version=8.0.0.0, Culture=neutral, PublicKeyToken=7cec85d7bea7798e]]'.
2026-04-28 17:12:05.106 +07:00 [INF] Executed action ThucLuc.Api.Controllers.V1.PhanQuyenController.GetUserRoleMappings (ThucLuc.Api) in 13.0523ms
2026-04-28 17:12:05.113 +07:00 [INF] Executed endpoint 'ThucLuc.Api.Controllers.V1.PhanQuyenController.GetUserRoleMappings (ThucLuc.Api)'
2026-04-28 17:12:05.136 +07:00 [INF] HTTP GET /api/v1/phan-quyen/user-roles => 200 in 76.9023 ms CorrelationId=83d9e4ea8a504ec2aff325f353c3bea8 UserId=5001
2026-04-28 17:12:05.145 +07:00 [INF] HTTP GET /api/v1/phan-quyen/user-roles responded 200 in 86.3765 ms
2026-04-28 17:12:05.147 +07:00 [INF] Request finished HTTP/1.1 GET http://localhost:5283/api/v1/phan-quyen/user-roles - 200 null application/json; charset=utf-8 92.5401ms
2026-04-28 17:12:29.169 +07:00 [INF] Request starting HTTP/1.1 OPTIONS http://localhost:5283/api/v1/don-vi/2001 - null null
2026-04-28 17:12:29.171 +07:00 [INF] CORS policy execution successful.
2026-04-28 17:12:29.171 +07:00 [INF] Request starting HTTP/1.1 OPTIONS http://localhost:5283/api/v1/users - null null
2026-04-28 17:12:29.172 +07:00 [INF] Request starting HTTP/1.1 OPTIONS http://localhost:5283/api/v1/don-vi - null null
2026-04-28 17:12:29.172 +07:00 [INF] HTTP OPTIONS /api/v1/don-vi/2001 => 204 in 1.1279 ms CorrelationId=82086df0edb543c290e3c08e8228e1c9 UserId=anonymous
2026-04-28 17:12:29.173 +07:00 [INF] CORS policy execution successful.
2026-04-28 17:12:29.178 +07:00 [INF] CORS policy execution successful.
2026-04-28 17:12:29.180 +07:00 [INF] HTTP OPTIONS /api/v1/don-vi/2001 responded 204 in 9.8453 ms
2026-04-28 17:12:29.181 +07:00 [INF] HTTP OPTIONS /api/v1/users => 204 in 7.9716 ms CorrelationId=b5ca61bb44af416488d31192931af6d3 UserId=anonymous
2026-04-28 17:12:29.181 +07:00 [INF] HTTP OPTIONS /api/v1/don-vi => 204 in 3.0403 ms CorrelationId=efc87cf9b1904fcd8581910daddf92f1 UserId=anonymous
2026-04-28 17:12:29.183 +07:00 [INF] Request finished HTTP/1.1 OPTIONS http://localhost:5283/api/v1/don-vi/2001 - 204 null null 14.236ms
2026-04-28 17:12:29.184 +07:00 [INF] HTTP OPTIONS /api/v1/users responded 204 in 11.0197 ms
2026-04-28 17:12:29.186 +07:00 [INF] HTTP OPTIONS /api/v1/don-vi responded 204 in 7.8324 ms
2026-04-28 17:12:29.187 +07:00 [INF] Request starting HTTP/1.1 GET http://localhost:5283/api/v1/don-vi/2001 - null null
2026-04-28 17:12:29.191 +07:00 [INF] Request finished HTTP/1.1 OPTIONS http://localhost:5283/api/v1/users - 204 null null 19.1185ms
2026-04-28 17:12:29.193 +07:00 [INF] Request finished HTTP/1.1 OPTIONS http://localhost:5283/api/v1/don-vi - 204 null null 21.6304ms
2026-04-28 17:12:29.198 +07:00 [INF] CORS policy execution successful.
2026-04-28 17:12:29.199 +07:00 [INF] Request starting HTTP/1.1 GET http://localhost:5283/api/v1/don-vi - null null
2026-04-28 17:12:29.201 +07:00 [INF] Request starting HTTP/1.1 GET http://localhost:5283/api/v1/users - null null
2026-04-28 17:12:29.211 +07:00 [INF] CORS policy execution successful.
2026-04-28 17:12:29.207 +07:00 [INF] CORS policy execution successful.
2026-04-28 17:12:29.203 +07:00 [INF] Executing endpoint 'ThucLuc.Api.Controllers.V1.DonViController.GetById (ThucLuc.Api)'
2026-04-28 17:12:29.212 +07:00 [INF] Executing endpoint 'ThucLuc.Api.Controllers.V1.UsersController.GetAll (ThucLuc.Api)'
2026-04-28 17:12:29.212 +07:00 [INF] Executing endpoint 'ThucLuc.Api.Controllers.V1.DonViController.GetList (ThucLuc.Api)'
2026-04-28 17:12:29.213 +07:00 [INF] Route matched with {action = "GetById", controller = "DonVi"}. Executing controller action with signature System.Threading.Tasks.Task`1[Microsoft.AspNetCore.Mvc.ActionResult`1[ThucLuc.Api.Common.Models.ApiResponse`1[ThucLuc.Application.Features.DonVi.DonViDto]]] GetById(Int64, System.Threading.CancellationToken) on controller ThucLuc.Api.Controllers.V1.DonViController (ThucLuc.Api).
2026-04-28 17:12:29.214 +07:00 [INF] Route matched with {action = "GetAll", controller = "Users"}. Executing controller action with signature System.Threading.Tasks.Task`1[Microsoft.AspNetCore.Mvc.ActionResult`1[ThucLuc.Api.Common.Models.ApiResponse`1[System.Collections.Generic.IReadOnlyCollection`1[ThucLuc.Application.Features.Users.UserDto]]]] GetAll(System.Threading.CancellationToken) on controller ThucLuc.Api.Controllers.V1.UsersController (ThucLuc.Api).
2026-04-28 17:12:29.215 +07:00 [INF] Route matched with {action = "GetList", controller = "DonVi"}. Executing controller action with signature System.Threading.Tasks.Task`1[Microsoft.AspNetCore.Mvc.ActionResult`1[ThucLuc.Api.Common.Models.ApiResponse`1[System.Collections.Generic.IReadOnlyCollection`1[ThucLuc.Application.Features.DonVi.DonViDto]]]] GetList(System.Threading.CancellationToken) on controller ThucLuc.Api.Controllers.V1.DonViController (ThucLuc.Api).
2026-04-28 17:12:29.220 +07:00 [INF] Executing OkObjectResult, writing value of type 'ThucLuc.Api.Common.Models.ApiResponse`1[[System.Collections.Generic.IReadOnlyCollection`1[[ThucLuc.Application.Features.Users.UserDto, ThucLuc.Application, Version=1.0.0.0, Culture=neutral, PublicKeyToken=null]], System.Private.CoreLib, Version=8.0.0.0, Culture=neutral, PublicKeyToken=7cec85d7bea7798e]]'.
2026-04-28 17:12:29.220 +07:00 [INF] Executing OkObjectResult, writing value of type 'ThucLuc.Api.Common.Models.ApiResponse`1[[ThucLuc.Application.Features.DonVi.DonViDto, ThucLuc.Application, Version=1.0.0.0, Culture=neutral, PublicKeyToken=null]]'.
2026-04-28 17:12:29.221 +07:00 [INF] Executing OkObjectResult, writing value of type 'ThucLuc.Api.Common.Models.ApiResponse`1[[System.Collections.Generic.IReadOnlyCollection`1[[ThucLuc.Application.Features.DonVi.DonViDto, ThucLuc.Application, Version=1.0.0.0, Culture=neutral, PublicKeyToken=null]], System.Private.CoreLib, Version=8.0.0.0, Culture=neutral, PublicKeyToken=7cec85d7bea7798e]]'.
2026-04-28 17:12:29.221 +07:00 [INF] Executed action ThucLuc.Api.Controllers.V1.UsersController.GetAll (ThucLuc.Api) in 2.5803ms
2026-04-28 17:12:29.222 +07:00 [INF] Executed action ThucLuc.Api.Controllers.V1.DonViController.GetById (ThucLuc.Api) in 4.3411ms
2026-04-28 17:12:29.223 +07:00 [INF] Executed action ThucLuc.Api.Controllers.V1.DonViController.GetList (ThucLuc.Api) in 3.4271ms
2026-04-28 17:12:29.223 +07:00 [INF] Executed endpoint 'ThucLuc.Api.Controllers.V1.UsersController.GetAll (ThucLuc.Api)'
2026-04-28 17:12:29.224 +07:00 [INF] Executed endpoint 'ThucLuc.Api.Controllers.V1.DonViController.GetById (ThucLuc.Api)'
2026-04-28 17:12:29.225 +07:00 [INF] Executed endpoint 'ThucLuc.Api.Controllers.V1.DonViController.GetList (ThucLuc.Api)'
2026-04-28 17:12:29.226 +07:00 [INF] HTTP GET /api/v1/users => 200 in 15.7359 ms CorrelationId=b039c891d56a4a44be8f3000b3aae807 UserId=5001
2026-04-28 17:12:29.228 +07:00 [INF] HTTP GET /api/v1/don-vi/2001 => 200 in 29.1845 ms CorrelationId=815cb2d4f14f4806a159fa324d81f7f2 UserId=5001
2026-04-28 17:12:29.228 +07:00 [INF] HTTP GET /api/v1/don-vi => 200 in 21.5446 ms CorrelationId=a8910fdb75c544308aafa647c9cf7417 UserId=5001
2026-04-28 17:12:29.230 +07:00 [INF] HTTP GET /api/v1/users responded 200 in 19.2480 ms
2026-04-28 17:12:29.231 +07:00 [INF] HTTP GET /api/v1/don-vi/2001 responded 200 in 32.6684 ms
2026-04-28 17:12:29.232 +07:00 [INF] HTTP GET /api/v1/don-vi responded 200 in 25.7092 ms
2026-04-28 17:12:29.234 +07:00 [INF] Request finished HTTP/1.1 GET http://localhost:5283/api/v1/users - 200 null application/json; charset=utf-8 32.1044ms
2026-04-28 17:12:29.235 +07:00 [INF] Request finished HTTP/1.1 GET http://localhost:5283/api/v1/don-vi/2001 - 200 null application/json; charset=utf-8 47.3515ms
2026-04-28 17:12:29.236 +07:00 [INF] Request finished HTTP/1.1 GET http://localhost:5283/api/v1/don-vi - 200 null application/json; charset=utf-8 36.3891ms
2026-04-28 17:12:29.243 +07:00 [INF] Request starting HTTP/1.1 OPTIONS http://localhost:5283/api/v1/roles - null null
2026-04-28 17:12:29.245 +07:00 [INF] CORS policy execution successful.
2026-04-28 17:12:29.245 +07:00 [INF] HTTP OPTIONS /api/v1/roles => 204 in 0.5208 ms CorrelationId=f02759564fd64841aa0cf11748d86f96 UserId=anonymous
2026-04-28 17:12:29.247 +07:00 [INF] HTTP OPTIONS /api/v1/roles responded 204 in 1.7518 ms
2026-04-28 17:12:29.248 +07:00 [INF] Request finished HTTP/1.1 OPTIONS http://localhost:5283/api/v1/roles - 204 null null 5.327ms
2026-04-28 17:12:29.250 +07:00 [INF] Request starting HTTP/1.1 GET http://localhost:5283/api/v1/roles - null null
2026-04-28 17:12:29.251 +07:00 [INF] CORS policy execution successful.
2026-04-28 17:12:29.252 +07:00 [INF] Executing endpoint 'ThucLuc.Api.Controllers.V1.RolesController.GetAll (ThucLuc.Api)'
2026-04-28 17:12:29.253 +07:00 [INF] Route matched with {action = "GetAll", controller = "Roles"}. Executing controller action with signature System.Threading.Tasks.Task`1[Microsoft.AspNetCore.Mvc.ActionResult`1[ThucLuc.Api.Common.Models.ApiResponse`1[System.Collections.Generic.IReadOnlyCollection`1[ThucLuc.Application.Features.Roles.RoleDto]]]] GetAll(System.Threading.CancellationToken) on controller ThucLuc.Api.Controllers.V1.RolesController (ThucLuc.Api).
2026-04-28 17:12:29.258 +07:00 [INF] Executing OkObjectResult, writing value of type 'ThucLuc.Api.Common.Models.ApiResponse`1[[System.Collections.Generic.IReadOnlyCollection`1[[ThucLuc.Application.Features.Roles.RoleDto, ThucLuc.Application, Version=1.0.0.0, Culture=neutral, PublicKeyToken=null]], System.Private.CoreLib, Version=8.0.0.0, Culture=neutral, PublicKeyToken=7cec85d7bea7798e]]'.
2026-04-28 17:12:29.260 +07:00 [INF] Executed action ThucLuc.Api.Controllers.V1.RolesController.GetAll (ThucLuc.Api) in 5.4564ms
2026-04-28 17:12:29.261 +07:00 [INF] Executed endpoint 'ThucLuc.Api.Controllers.V1.RolesController.GetAll (ThucLuc.Api)'
2026-04-28 17:12:29.262 +07:00 [INF] HTTP GET /api/v1/roles => 200 in 10.6661 ms CorrelationId=01fcc1c2587c418283062602173374f1 UserId=5001
2026-04-28 17:12:29.264 +07:00 [INF] HTTP GET /api/v1/roles responded 200 in 12.3154 ms
2026-04-28 17:12:29.265 +07:00 [INF] Request finished HTTP/1.1 GET http://localhost:5283/api/v1/roles - 200 null application/json; charset=utf-8 15.4122ms
2026-04-28 17:12:29.268 +07:00 [INF] Request starting HTTP/1.1 OPTIONS http://localhost:5283/api/v1/phan-quyen/user-roles - null null
2026-04-28 17:12:29.270 +07:00 [INF] CORS policy execution successful.
2026-04-28 17:12:29.270 +07:00 [INF] HTTP OPTIONS /api/v1/phan-quyen/user-roles => 204 in 0.797 ms CorrelationId=5dc7aecb26ea4fffa67b5f1c79a82893 UserId=anonymous
2026-04-28 17:12:29.272 +07:00 [INF] HTTP OPTIONS /api/v1/phan-quyen/user-roles responded 204 in 2.3624 ms
2026-04-28 17:12:29.273 +07:00 [INF] Request finished HTTP/1.1 OPTIONS http://localhost:5283/api/v1/phan-quyen/user-roles - 204 null null 5.669ms
2026-04-28 17:12:29.275 +07:00 [INF] Request starting HTTP/1.1 GET http://localhost:5283/api/v1/phan-quyen/user-roles - null null
2026-04-28 17:12:29.278 +07:00 [INF] CORS policy execution successful.
2026-04-28 17:12:29.278 +07:00 [INF] Executing endpoint 'ThucLuc.Api.Controllers.V1.PhanQuyenController.GetUserRoleMappings (ThucLuc.Api)'
2026-04-28 17:12:29.280 +07:00 [INF] Route matched with {action = "GetUserRoleMappings", controller = "PhanQuyen"}. Executing controller action with signature System.Threading.Tasks.Task`1[Microsoft.AspNetCore.Mvc.ActionResult`1[ThucLuc.Api.Common.Models.ApiResponse`1[System.Collections.Generic.IReadOnlyCollection`1[ThucLuc.Api.Controllers.V1.UserRoleMappingDto]]]] GetUserRoleMappings(System.Nullable`1[System.Int64], System.Threading.CancellationToken) on controller ThucLuc.Api.Controllers.V1.PhanQuyenController (ThucLuc.Api).
2026-04-28 17:12:29.284 +07:00 [INF] Executing OkObjectResult, writing value of type 'ThucLuc.Api.Common.Models.ApiResponse`1[[System.Collections.Generic.IReadOnlyCollection`1[[ThucLuc.Api.Controllers.V1.UserRoleMappingDto, ThucLuc.Api, Version=1.0.0.0, Culture=neutral, PublicKeyToken=null]], System.Private.CoreLib, Version=8.0.0.0, Culture=neutral, PublicKeyToken=7cec85d7bea7798e]]'.
2026-04-28 17:12:29.285 +07:00 [INF] Executed action ThucLuc.Api.Controllers.V1.PhanQuyenController.GetUserRoleMappings (ThucLuc.Api) in 4.4392ms
2026-04-28 17:12:29.286 +07:00 [INF] Executed endpoint 'ThucLuc.Api.Controllers.V1.PhanQuyenController.GetUserRoleMappings (ThucLuc.Api)'
2026-04-28 17:12:29.287 +07:00 [INF] HTTP GET /api/v1/phan-quyen/user-roles => 200 in 9.2355 ms CorrelationId=992fa1109834447bb7ebdcc21e93f320 UserId=5001
2026-04-28 17:12:29.288 +07:00 [INF] HTTP GET /api/v1/phan-quyen/user-roles responded 200 in 10.6345 ms
2026-04-28 17:12:29.289 +07:00 [INF] Request finished HTTP/1.1 GET http://localhost:5283/api/v1/phan-quyen/user-roles - 200 null application/json; charset=utf-8 13.9677ms
2026-04-28 17:12:33.802 +07:00 [INF] Request starting HTTP/1.1 OPTIONS http://localhost:5283/api/v1/permissions - null null
2026-04-28 17:12:33.806 +07:00 [INF] CORS policy execution successful.
2026-04-28 17:12:33.807 +07:00 [INF] HTTP OPTIONS /api/v1/permissions => 204 in 0.9779 ms CorrelationId=39d1546b3afd4b87bfe94ab3dcaf2bac UserId=anonymous
2026-04-28 17:12:33.814 +07:00 [INF] HTTP OPTIONS /api/v1/permissions responded 204 in 8.8357 ms
2026-04-28 17:12:33.820 +07:00 [INF] Request finished HTTP/1.1 OPTIONS http://localhost:5283/api/v1/permissions - 204 null null 17.799ms
2026-04-28 17:12:33.822 +07:00 [INF] Request starting HTTP/1.1 GET http://localhost:5283/api/v1/permissions - null null
2026-04-28 17:12:33.824 +07:00 [INF] CORS policy execution successful.
2026-04-28 17:12:33.825 +07:00 [INF] Executing endpoint 'ThucLuc.Api.Controllers.V1.PermissionsController.GetAll (ThucLuc.Api)'
2026-04-28 17:12:33.826 +07:00 [INF] Route matched with {action = "GetAll", controller = "Permissions"}. Executing controller action with signature System.Threading.Tasks.Task`1[Microsoft.AspNetCore.Mvc.ActionResult`1[ThucLuc.Api.Common.Models.ApiResponse`1[System.Collections.Generic.IReadOnlyCollection`1[ThucLuc.Api.Controllers.V1.PermissionItemDto]]]] GetAll(System.Threading.CancellationToken) on controller ThucLuc.Api.Controllers.V1.PermissionsController (ThucLuc.Api).
2026-04-28 17:12:33.832 +07:00 [INF] Executing OkObjectResult, writing value of type 'ThucLuc.Api.Common.Models.ApiResponse`1[[System.Collections.Generic.IReadOnlyCollection`1[[ThucLuc.Api.Controllers.V1.PermissionItemDto, ThucLuc.Api, Version=1.0.0.0, Culture=neutral, PublicKeyToken=null]], System.Private.CoreLib, Version=8.0.0.0, Culture=neutral, PublicKeyToken=7cec85d7bea7798e]]'.
2026-04-28 17:12:33.834 +07:00 [INF] Executed action ThucLuc.Api.Controllers.V1.PermissionsController.GetAll (ThucLuc.Api) in 5.9992ms
2026-04-28 17:12:33.834 +07:00 [INF] Executed endpoint 'ThucLuc.Api.Controllers.V1.PermissionsController.GetAll (ThucLuc.Api)'
2026-04-28 17:12:33.835 +07:00 [INF] HTTP GET /api/v1/permissions => 200 in 11.1353 ms CorrelationId=75b56c2acbfd4a348bd61e41615e7373 UserId=5001
2026-04-28 17:12:33.836 +07:00 [INF] HTTP GET /api/v1/permissions responded 200 in 12.2146 ms
2026-04-28 17:12:33.837 +07:00 [INF] Request finished HTTP/1.1 GET http://localhost:5283/api/v1/permissions - 200 null application/json; charset=utf-8 15.3342ms
2026-04-28 17:12:34.224 +07:00 [INF] Request starting HTTP/1.1 GET http://localhost:5283/api/v1/roles - null null
2026-04-28 17:12:34.227 +07:00 [INF] CORS policy execution successful.
2026-04-28 17:12:34.228 +07:00 [INF] Executing endpoint 'ThucLuc.Api.Controllers.V1.RolesController.GetAll (ThucLuc.Api)'
2026-04-28 17:12:34.230 +07:00 [INF] Route matched with {action = "GetAll", controller = "Roles"}. Executing controller action with signature System.Threading.Tasks.Task`1[Microsoft.AspNetCore.Mvc.ActionResult`1[ThucLuc.Api.Common.Models.ApiResponse`1[System.Collections.Generic.IReadOnlyCollection`1[ThucLuc.Application.Features.Roles.RoleDto]]]] GetAll(System.Threading.CancellationToken) on controller ThucLuc.Api.Controllers.V1.RolesController (ThucLuc.Api).
2026-04-28 17:12:34.238 +07:00 [INF] Executing OkObjectResult, writing value of type 'ThucLuc.Api.Common.Models.ApiResponse`1[[System.Collections.Generic.IReadOnlyCollection`1[[ThucLuc.Application.Features.Roles.RoleDto, ThucLuc.Application, Version=1.0.0.0, Culture=neutral, PublicKeyToken=null]], System.Private.CoreLib, Version=8.0.0.0, Culture=neutral, PublicKeyToken=7cec85d7bea7798e]]'.
2026-04-28 17:12:34.239 +07:00 [INF] Executed action ThucLuc.Api.Controllers.V1.RolesController.GetAll (ThucLuc.Api) in 7.0723ms
2026-04-28 17:12:34.240 +07:00 [INF] Executed endpoint 'ThucLuc.Api.Controllers.V1.RolesController.GetAll (ThucLuc.Api)'
2026-04-28 17:12:34.241 +07:00 [INF] HTTP GET /api/v1/roles => 200 in 13.3332 ms CorrelationId=c6bb19de8744464fb84a89d8a860846b UserId=5001
2026-04-28 17:12:34.242 +07:00 [INF] HTTP GET /api/v1/roles responded 200 in 14.5662 ms
2026-04-28 17:12:34.244 +07:00 [INF] Request finished HTTP/1.1 GET http://localhost:5283/api/v1/roles - 200 null application/json; charset=utf-8 20.12ms
2026-04-28 17:12:39.802 +07:00 [INF] Request starting HTTP/1.1 OPTIONS http://localhost:5283/api/v1/users - null null
2026-04-28 17:12:39.802 +07:00 [INF] Request starting HTTP/1.1 OPTIONS http://localhost:5283/api/v1/don-vi - null null
2026-04-28 17:12:39.805 +07:00 [INF] CORS policy execution successful.
2026-04-28 17:12:39.813 +07:00 [INF] CORS policy execution successful.
2026-04-28 17:12:39.814 +07:00 [INF] HTTP OPTIONS /api/v1/users => 204 in 8.5785 ms CorrelationId=da229fcff1cb4e78b000e7b89c309b08 UserId=anonymous
2026-04-28 17:12:39.819 +07:00 [INF] HTTP OPTIONS /api/v1/don-vi => 204 in 6.0762 ms CorrelationId=35dc402ec5cf4002b304d6ff230eb920 UserId=anonymous
2026-04-28 17:12:39.820 +07:00 [INF] HTTP OPTIONS /api/v1/users responded 204 in 15.0403 ms
2026-04-28 17:12:39.822 +07:00 [INF] HTTP OPTIONS /api/v1/don-vi responded 204 in 9.4810 ms
2026-04-28 17:12:39.824 +07:00 [INF] Request finished HTTP/1.1 OPTIONS http://localhost:5283/api/v1/users - 204 null null 21.9939ms
2026-04-28 17:12:39.825 +07:00 [INF] Request finished HTTP/1.1 OPTIONS http://localhost:5283/api/v1/don-vi - 204 null null 22.6538ms
2026-04-28 17:12:39.828 +07:00 [INF] Request starting HTTP/1.1 GET http://localhost:5283/api/v1/don-vi - null null
2026-04-28 17:12:39.831 +07:00 [INF] Request starting HTTP/1.1 GET http://localhost:5283/api/v1/users - null null
2026-04-28 17:12:39.834 +07:00 [INF] CORS policy execution successful.
2026-04-28 17:12:39.837 +07:00 [INF] CORS policy execution successful.
2026-04-28 17:12:39.838 +07:00 [INF] Executing endpoint 'ThucLuc.Api.Controllers.V1.DonViController.GetList (ThucLuc.Api)'
2026-04-28 17:12:39.838 +07:00 [INF] Executing endpoint 'ThucLuc.Api.Controllers.V1.UsersController.GetAll (ThucLuc.Api)'
2026-04-28 17:12:39.840 +07:00 [INF] Route matched with {action = "GetList", controller = "DonVi"}. Executing controller action with signature System.Threading.Tasks.Task`1[Microsoft.AspNetCore.Mvc.ActionResult`1[ThucLuc.Api.Common.Models.ApiResponse`1[System.Collections.Generic.IReadOnlyCollection`1[ThucLuc.Application.Features.DonVi.DonViDto]]]] GetList(System.Threading.CancellationToken) on controller ThucLuc.Api.Controllers.V1.DonViController (ThucLuc.Api).
2026-04-28 17:12:39.840 +07:00 [INF] Route matched with {action = "GetAll", controller = "Users"}. Executing controller action with signature System.Threading.Tasks.Task`1[Microsoft.AspNetCore.Mvc.ActionResult`1[ThucLuc.Api.Common.Models.ApiResponse`1[System.Collections.Generic.IReadOnlyCollection`1[ThucLuc.Application.Features.Users.UserDto]]]] GetAll(System.Threading.CancellationToken) on controller ThucLuc.Api.Controllers.V1.UsersController (ThucLuc.Api).
2026-04-28 17:12:39.844 +07:00 [INF] Executing OkObjectResult, writing value of type 'ThucLuc.Api.Common.Models.ApiResponse`1[[System.Collections.Generic.IReadOnlyCollection`1[[ThucLuc.Application.Features.DonVi.DonViDto, ThucLuc.Application, Version=1.0.0.0, Culture=neutral, PublicKeyToken=null]], System.Private.CoreLib, Version=8.0.0.0, Culture=neutral, PublicKeyToken=7cec85d7bea7798e]]'.
2026-04-28 17:12:39.845 +07:00 [INF] Executing OkObjectResult, writing value of type 'ThucLuc.Api.Common.Models.ApiResponse`1[[System.Collections.Generic.IReadOnlyCollection`1[[ThucLuc.Application.Features.Users.UserDto, ThucLuc.Application, Version=1.0.0.0, Culture=neutral, PublicKeyToken=null]], System.Private.CoreLib, Version=8.0.0.0, Culture=neutral, PublicKeyToken=7cec85d7bea7798e]]'.
2026-04-28 17:12:39.848 +07:00 [INF] Executed action ThucLuc.Api.Controllers.V1.UsersController.GetAll (ThucLuc.Api) in 4.564ms
2026-04-28 17:12:39.850 +07:00 [INF] Executed endpoint 'ThucLuc.Api.Controllers.V1.UsersController.GetAll (ThucLuc.Api)'
2026-04-28 17:12:39.847 +07:00 [INF] Executed action ThucLuc.Api.Controllers.V1.DonViController.GetList (ThucLuc.Api) in 4.8861ms
2026-04-28 17:12:39.853 +07:00 [INF] Executed endpoint 'ThucLuc.Api.Controllers.V1.DonViController.GetList (ThucLuc.Api)'
2026-04-28 17:12:39.852 +07:00 [INF] HTTP GET /api/v1/users => 200 in 14.7455 ms CorrelationId=683cc748f5d940ffae86af4371c906ad UserId=5001
2026-04-28 17:12:39.855 +07:00 [INF] HTTP GET /api/v1/don-vi => 200 in 20.9867 ms CorrelationId=1c4e9c3b20704329bc7085de6196068f UserId=5001
2026-04-28 17:12:39.856 +07:00 [INF] HTTP GET /api/v1/users responded 200 in 19.4559 ms
2026-04-28 17:12:39.858 +07:00 [INF] HTTP GET /api/v1/don-vi responded 200 in 23.8301 ms
2026-04-28 17:12:39.860 +07:00 [INF] Request finished HTTP/1.1 GET http://localhost:5283/api/v1/users - 200 null application/json; charset=utf-8 29.1121ms
2026-04-28 17:12:39.863 +07:00 [INF] Request finished HTTP/1.1 GET http://localhost:5283/api/v1/don-vi - 200 null application/json; charset=utf-8 35.1963ms
2026-04-28 17:12:39.869 +07:00 [INF] Request starting HTTP/1.1 OPTIONS http://localhost:5283/api/v1/roles - null null
2026-04-28 17:12:39.871 +07:00 [INF] CORS policy execution successful.
2026-04-28 17:12:39.871 +07:00 [INF] HTTP OPTIONS /api/v1/roles => 204 in 0.4053 ms CorrelationId=8d8f966b4dba4904847e92bf915a1e78 UserId=anonymous
2026-04-28 17:12:39.872 +07:00 [INF] HTTP OPTIONS /api/v1/roles responded 204 in 1.3572 ms
2026-04-28 17:12:39.873 +07:00 [INF] Request finished HTTP/1.1 OPTIONS http://localhost:5283/api/v1/roles - 204 null null 3.7639ms
2026-04-28 17:12:39.876 +07:00 [INF] Request starting HTTP/1.1 GET http://localhost:5283/api/v1/roles - null null
2026-04-28 17:12:39.878 +07:00 [INF] CORS policy execution successful.
2026-04-28 17:12:39.879 +07:00 [INF] Executing endpoint 'ThucLuc.Api.Controllers.V1.RolesController.GetAll (ThucLuc.Api)'
2026-04-28 17:12:39.879 +07:00 [INF] Route matched with {action = "GetAll", controller = "Roles"}. Executing controller action with signature System.Threading.Tasks.Task`1[Microsoft.AspNetCore.Mvc.ActionResult`1[ThucLuc.Api.Common.Models.ApiResponse`1[System.Collections.Generic.IReadOnlyCollection`1[ThucLuc.Application.Features.Roles.RoleDto]]]] GetAll(System.Threading.CancellationToken) on controller ThucLuc.Api.Controllers.V1.RolesController (ThucLuc.Api).
2026-04-28 17:12:39.885 +07:00 [INF] Executing OkObjectResult, writing value of type 'ThucLuc.Api.Common.Models.ApiResponse`1[[System.Collections.Generic.IReadOnlyCollection`1[[ThucLuc.Application.Features.Roles.RoleDto, ThucLuc.Application, Version=1.0.0.0, Culture=neutral, PublicKeyToken=null]], System.Private.CoreLib, Version=8.0.0.0, Culture=neutral, PublicKeyToken=7cec85d7bea7798e]]'.
2026-04-28 17:12:39.886 +07:00 [INF] Executed action ThucLuc.Api.Controllers.V1.RolesController.GetAll (ThucLuc.Api) in 5.4934ms
2026-04-28 17:12:39.887 +07:00 [INF] Executed endpoint 'ThucLuc.Api.Controllers.V1.RolesController.GetAll (ThucLuc.Api)'
2026-04-28 17:12:39.887 +07:00 [INF] HTTP GET /api/v1/roles => 200 in 9.7743 ms CorrelationId=473f420c4a8f4f89b950e9cc3b89f732 UserId=5001
2026-04-28 17:12:39.888 +07:00 [INF] HTTP GET /api/v1/roles responded 200 in 10.9043 ms
2026-04-28 17:12:39.890 +07:00 [INF] Request finished HTTP/1.1 GET http://localhost:5283/api/v1/roles - 200 null application/json; charset=utf-8 14.3595ms
2026-04-28 17:12:39.894 +07:00 [INF] Request starting HTTP/1.1 OPTIONS http://localhost:5283/api/v1/phan-quyen/user-roles - null null
2026-04-28 17:12:39.896 +07:00 [INF] CORS policy execution successful.
2026-04-28 17:12:39.896 +07:00 [INF] HTTP OPTIONS /api/v1/phan-quyen/user-roles => 204 in 0.3448 ms CorrelationId=f56241136ee1410885a74963ea1a6edb UserId=anonymous
2026-04-28 17:12:39.897 +07:00 [INF] HTTP OPTIONS /api/v1/phan-quyen/user-roles responded 204 in 1.2901 ms
2026-04-28 17:12:39.898 +07:00 [INF] Request finished HTTP/1.1 OPTIONS http://localhost:5283/api/v1/phan-quyen/user-roles - 204 null null 4.0183ms
2026-04-28 17:12:39.900 +07:00 [INF] Request starting HTTP/1.1 GET http://localhost:5283/api/v1/phan-quyen/user-roles - null null
2026-04-28 17:12:39.901 +07:00 [INF] CORS policy execution successful.
2026-04-28 17:12:39.902 +07:00 [INF] Executing endpoint 'ThucLuc.Api.Controllers.V1.PhanQuyenController.GetUserRoleMappings (ThucLuc.Api)'
2026-04-28 17:12:39.902 +07:00 [INF] Route matched with {action = "GetUserRoleMappings", controller = "PhanQuyen"}. Executing controller action with signature System.Threading.Tasks.Task`1[Microsoft.AspNetCore.Mvc.ActionResult`1[ThucLuc.Api.Common.Models.ApiResponse`1[System.Collections.Generic.IReadOnlyCollection`1[ThucLuc.Api.Controllers.V1.UserRoleMappingDto]]]] GetUserRoleMappings(System.Nullable`1[System.Int64], System.Threading.CancellationToken) on controller ThucLuc.Api.Controllers.V1.PhanQuyenController (ThucLuc.Api).
2026-04-28 17:12:39.906 +07:00 [INF] Executing OkObjectResult, writing value of type 'ThucLuc.Api.Common.Models.ApiResponse`1[[System.Collections.Generic.IReadOnlyCollection`1[[ThucLuc.Api.Controllers.V1.UserRoleMappingDto, ThucLuc.Api, Version=1.0.0.0, Culture=neutral, PublicKeyToken=null]], System.Private.CoreLib, Version=8.0.0.0, Culture=neutral, PublicKeyToken=7cec85d7bea7798e]]'.
2026-04-28 17:12:39.907 +07:00 [INF] Executed action ThucLuc.Api.Controllers.V1.PhanQuyenController.GetUserRoleMappings (ThucLuc.Api) in 4.2023ms
2026-04-28 17:12:39.910 +07:00 [INF] Executed endpoint 'ThucLuc.Api.Controllers.V1.PhanQuyenController.GetUserRoleMappings (ThucLuc.Api)'
2026-04-28 17:12:39.911 +07:00 [INF] HTTP GET /api/v1/phan-quyen/user-roles => 200 in 9.7142 ms CorrelationId=f045b82a4d0b4ff59b0e323cdc8b21c5 UserId=5001
2026-04-28 17:12:39.912 +07:00 [INF] HTTP GET /api/v1/phan-quyen/user-roles responded 200 in 11.1129 ms
2026-04-28 17:12:39.913 +07:00 [INF] Request finished HTTP/1.1 GET http://localhost:5283/api/v1/phan-quyen/user-roles - 200 null application/json; charset=utf-8 13.3773ms
2026-04-28 17:13:12.217 +07:00 [INF] Request starting HTTP/1.1 OPTIONS http://localhost:5283/api/v1/don-vi/2001 - null null
2026-04-28 17:13:12.219 +07:00 [INF] Request starting HTTP/1.1 OPTIONS http://localhost:5283/api/v1/users - null null
2026-04-28 17:13:12.219 +07:00 [INF] CORS policy execution successful.
2026-04-28 17:13:12.219 +07:00 [INF] Request starting HTTP/1.1 OPTIONS http://localhost:5283/api/v1/don-vi - null null
2026-04-28 17:13:12.221 +07:00 [INF] CORS policy execution successful.
2026-04-28 17:13:12.222 +07:00 [INF] HTTP OPTIONS /api/v1/don-vi/2001 => 204 in 2.4824 ms CorrelationId=affd32751c8f4b298c9daba15dcc0f15 UserId=anonymous
2026-04-28 17:13:12.223 +07:00 [INF] CORS policy execution successful.
2026-04-28 17:13:12.225 +07:00 [INF] HTTP OPTIONS /api/v1/users => 204 in 3.82 ms CorrelationId=6d9e087181f944c0aeeb1535b9ed147f UserId=anonymous
2026-04-28 17:13:12.227 +07:00 [INF] HTTP OPTIONS /api/v1/don-vi/2001 responded 204 in 8.1280 ms
2026-04-28 17:13:12.228 +07:00 [INF] HTTP OPTIONS /api/v1/don-vi => 204 in 4.768 ms CorrelationId=e70234b259054127b2f4e2bbbba245f4 UserId=anonymous
2026-04-28 17:13:12.230 +07:00 [INF] HTTP OPTIONS /api/v1/users responded 204 in 8.6377 ms
2026-04-28 17:13:12.231 +07:00 [INF] Request finished HTTP/1.1 OPTIONS http://localhost:5283/api/v1/don-vi/2001 - 204 null null 14.3794ms
2026-04-28 17:13:12.233 +07:00 [INF] HTTP OPTIONS /api/v1/don-vi responded 204 in 9.7843 ms
2026-04-28 17:13:12.240 +07:00 [INF] Request finished HTTP/1.1 OPTIONS http://localhost:5283/api/v1/don-vi - 204 null null 20.5158ms
2026-04-28 17:13:12.239 +07:00 [INF] Request starting HTTP/1.1 GET http://localhost:5283/api/v1/don-vi/2001 - null null
2026-04-28 17:13:12.235 +07:00 [INF] Request finished HTTP/1.1 OPTIONS http://localhost:5283/api/v1/users - 204 null null 16.0357ms
2026-04-28 17:13:12.245 +07:00 [INF] CORS policy execution successful.
2026-04-28 17:13:12.245 +07:00 [INF] Request starting HTTP/1.1 GET http://localhost:5283/api/v1/don-vi - null null
2026-04-28 17:13:12.248 +07:00 [INF] Request starting HTTP/1.1 GET http://localhost:5283/api/v1/users - null null
2026-04-28 17:13:12.248 +07:00 [INF] Executing endpoint 'ThucLuc.Api.Controllers.V1.DonViController.GetById (ThucLuc.Api)'
2026-04-28 17:13:12.250 +07:00 [INF] CORS policy execution successful.
2026-04-28 17:13:12.251 +07:00 [INF] CORS policy execution successful.
2026-04-28 17:13:12.252 +07:00 [INF] Route matched with {action = "GetById", controller = "DonVi"}. Executing controller action with signature System.Threading.Tasks.Task`1[Microsoft.AspNetCore.Mvc.ActionResult`1[ThucLuc.Api.Common.Models.ApiResponse`1[ThucLuc.Application.Features.DonVi.DonViDto]]] GetById(Int64, System.Threading.CancellationToken) on controller ThucLuc.Api.Controllers.V1.DonViController (ThucLuc.Api).
2026-04-28 17:13:12.253 +07:00 [INF] Executing endpoint 'ThucLuc.Api.Controllers.V1.DonViController.GetList (ThucLuc.Api)'
2026-04-28 17:13:12.253 +07:00 [INF] Executing endpoint 'ThucLuc.Api.Controllers.V1.UsersController.GetAll (ThucLuc.Api)'
2026-04-28 17:13:12.255 +07:00 [INF] Route matched with {action = "GetList", controller = "DonVi"}. Executing controller action with signature System.Threading.Tasks.Task`1[Microsoft.AspNetCore.Mvc.ActionResult`1[ThucLuc.Api.Common.Models.ApiResponse`1[System.Collections.Generic.IReadOnlyCollection`1[ThucLuc.Application.Features.DonVi.DonViDto]]]] GetList(System.Threading.CancellationToken) on controller ThucLuc.Api.Controllers.V1.DonViController (ThucLuc.Api).
2026-04-28 17:13:12.256 +07:00 [INF] Route matched with {action = "GetAll", controller = "Users"}. Executing controller action with signature System.Threading.Tasks.Task`1[Microsoft.AspNetCore.Mvc.ActionResult`1[ThucLuc.Api.Common.Models.ApiResponse`1[System.Collections.Generic.IReadOnlyCollection`1[ThucLuc.Application.Features.Users.UserDto]]]] GetAll(System.Threading.CancellationToken) on controller ThucLuc.Api.Controllers.V1.UsersController (ThucLuc.Api).
2026-04-28 17:13:12.299 +07:00 [INF] Executing OkObjectResult, writing value of type 'ThucLuc.Api.Common.Models.ApiResponse`1[[ThucLuc.Application.Features.DonVi.DonViDto, ThucLuc.Application, Version=1.0.0.0, Culture=neutral, PublicKeyToken=null]]'.
2026-04-28 17:13:12.300 +07:00 [INF] Executed action ThucLuc.Api.Controllers.V1.DonViController.GetById (ThucLuc.Api) in 45.6114ms
2026-04-28 17:13:12.301 +07:00 [INF] Executed endpoint 'ThucLuc.Api.Controllers.V1.DonViController.GetById (ThucLuc.Api)'
2026-04-28 17:13:12.302 +07:00 [INF] Executing OkObjectResult, writing value of type 'ThucLuc.Api.Common.Models.ApiResponse`1[[System.Collections.Generic.IReadOnlyCollection`1[[ThucLuc.Application.Features.Users.UserDto, ThucLuc.Application, Version=1.0.0.0, Culture=neutral, PublicKeyToken=null]], System.Private.CoreLib, Version=8.0.0.0, Culture=neutral, PublicKeyToken=7cec85d7bea7798e]]'.
2026-04-28 17:13:12.303 +07:00 [INF] HTTP GET /api/v1/don-vi/2001 => 200 in 58.4238 ms CorrelationId=4ec704a375eb450496bbdc4de63a6e05 UserId=5001
2026-04-28 17:13:12.304 +07:00 [INF] Executed action ThucLuc.Api.Controllers.V1.UsersController.GetAll (ThucLuc.Api) in 44.4885ms
2026-04-28 17:13:12.305 +07:00 [INF] HTTP GET /api/v1/don-vi/2001 responded 200 in 60.7126 ms
2026-04-28 17:13:12.306 +07:00 [INF] Executing OkObjectResult, writing value of type 'ThucLuc.Api.Common.Models.ApiResponse`1[[System.Collections.Generic.IReadOnlyCollection`1[[ThucLuc.Application.Features.DonVi.DonViDto, ThucLuc.Application, Version=1.0.0.0, Culture=neutral, PublicKeyToken=null]], System.Private.CoreLib, Version=8.0.0.0, Culture=neutral, PublicKeyToken=7cec85d7bea7798e]]'.
2026-04-28 17:13:12.307 +07:00 [INF] Executed endpoint 'ThucLuc.Api.Controllers.V1.UsersController.GetAll (ThucLuc.Api)'
2026-04-28 17:13:12.309 +07:00 [INF] Request finished HTTP/1.1 GET http://localhost:5283/api/v1/don-vi/2001 - 200 null application/json; charset=utf-8 70.7093ms
2026-04-28 17:13:12.310 +07:00 [INF] Executed action ThucLuc.Api.Controllers.V1.DonViController.GetList (ThucLuc.Api) in 53.8606ms
2026-04-28 17:13:12.311 +07:00 [INF] HTTP GET /api/v1/users => 200 in 59.7575 ms CorrelationId=5bafff64c2ee4f579f886213655c0b34 UserId=5001
2026-04-28 17:13:12.315 +07:00 [INF] Executed endpoint 'ThucLuc.Api.Controllers.V1.DonViController.GetList (ThucLuc.Api)'
2026-04-28 17:13:12.316 +07:00 [INF] HTTP GET /api/v1/users responded 200 in 65.0016 ms
2026-04-28 17:13:12.317 +07:00 [INF] HTTP GET /api/v1/don-vi => 200 in 67.3127 ms CorrelationId=b12f9b6cfa0f40e5acd72776395c22c2 UserId=5001
2026-04-28 17:13:12.318 +07:00 [INF] Request finished HTTP/1.1 GET http://localhost:5283/api/v1/users - 200 null application/json; charset=utf-8 70.8469ms
2026-04-28 17:13:12.320 +07:00 [INF] HTTP GET /api/v1/don-vi responded 200 in 70.1931 ms
2026-04-28 17:13:12.323 +07:00 [INF] Request finished HTTP/1.1 GET http://localhost:5283/api/v1/don-vi - 200 null application/json; charset=utf-8 78.0144ms
2026-04-28 17:13:12.326 +07:00 [INF] Request starting HTTP/1.1 OPTIONS http://localhost:5283/api/v1/roles - null null
2026-04-28 17:13:12.328 +07:00 [INF] CORS policy execution successful.
2026-04-28 17:13:12.328 +07:00 [INF] HTTP OPTIONS /api/v1/roles => 204 in 0.5221 ms CorrelationId=bdea41e1b7f84fb6bbe124d9ec225c63 UserId=anonymous
2026-04-28 17:13:12.330 +07:00 [INF] HTTP OPTIONS /api/v1/roles responded 204 in 1.9585 ms
2026-04-28 17:13:12.331 +07:00 [INF] Request finished HTTP/1.1 OPTIONS http://localhost:5283/api/v1/roles - 204 null null 4.8996ms
2026-04-28 17:13:12.334 +07:00 [INF] Request starting HTTP/1.1 GET http://localhost:5283/api/v1/roles - null null
2026-04-28 17:13:12.336 +07:00 [INF] CORS policy execution successful.
2026-04-28 17:13:12.337 +07:00 [INF] Executing endpoint 'ThucLuc.Api.Controllers.V1.RolesController.GetAll (ThucLuc.Api)'
2026-04-28 17:13:12.338 +07:00 [INF] Route matched with {action = "GetAll", controller = "Roles"}. Executing controller action with signature System.Threading.Tasks.Task`1[Microsoft.AspNetCore.Mvc.ActionResult`1[ThucLuc.Api.Common.Models.ApiResponse`1[System.Collections.Generic.IReadOnlyCollection`1[ThucLuc.Application.Features.Roles.RoleDto]]]] GetAll(System.Threading.CancellationToken) on controller ThucLuc.Api.Controllers.V1.RolesController (ThucLuc.Api).
2026-04-28 17:13:12.384 +07:00 [INF] Executing OkObjectResult, writing value of type 'ThucLuc.Api.Common.Models.ApiResponse`1[[System.Collections.Generic.IReadOnlyCollection`1[[ThucLuc.Application.Features.Roles.RoleDto, ThucLuc.Application, Version=1.0.0.0, Culture=neutral, PublicKeyToken=null]], System.Private.CoreLib, Version=8.0.0.0, Culture=neutral, PublicKeyToken=7cec85d7bea7798e]]'.
2026-04-28 17:13:12.385 +07:00 [INF] Executed action ThucLuc.Api.Controllers.V1.RolesController.GetAll (ThucLuc.Api) in 46.0386ms
2026-04-28 17:13:12.386 +07:00 [INF] Executed endpoint 'ThucLuc.Api.Controllers.V1.RolesController.GetAll (ThucLuc.Api)'
2026-04-28 17:13:12.387 +07:00 [INF] HTTP GET /api/v1/roles => 200 in 50.649 ms CorrelationId=7e06812cad764be0a02361835f215bfd UserId=5001
2026-04-28 17:13:12.388 +07:00 [INF] HTTP GET /api/v1/roles responded 200 in 51.9433 ms
2026-04-28 17:13:12.389 +07:00 [INF] Request finished HTTP/1.1 GET http://localhost:5283/api/v1/roles - 200 null application/json; charset=utf-8 55.3114ms
2026-04-28 17:13:12.392 +07:00 [INF] Request starting HTTP/1.1 OPTIONS http://localhost:5283/api/v1/phan-quyen/user-roles - null null
2026-04-28 17:13:12.396 +07:00 [INF] CORS policy execution successful.
2026-04-28 17:13:12.397 +07:00 [INF] HTTP OPTIONS /api/v1/phan-quyen/user-roles => 204 in 0.9792 ms CorrelationId=3429c5d9a45d484a969ce5f9be017037 UserId=anonymous
2026-04-28 17:13:12.399 +07:00 [INF] HTTP OPTIONS /api/v1/phan-quyen/user-roles responded 204 in 2.8854 ms
2026-04-28 17:13:12.400 +07:00 [INF] Request finished HTTP/1.1 OPTIONS http://localhost:5283/api/v1/phan-quyen/user-roles - 204 null null 7.8408ms
2026-04-28 17:13:12.403 +07:00 [INF] Request starting HTTP/1.1 GET http://localhost:5283/api/v1/phan-quyen/user-roles - null null
2026-04-28 17:13:12.404 +07:00 [INF] CORS policy execution successful.
2026-04-28 17:13:12.405 +07:00 [INF] Executing endpoint 'ThucLuc.Api.Controllers.V1.PhanQuyenController.GetUserRoleMappings (ThucLuc.Api)'
2026-04-28 17:13:12.406 +07:00 [INF] Route matched with {action = "GetUserRoleMappings", controller = "PhanQuyen"}. Executing controller action with signature System.Threading.Tasks.Task`1[Microsoft.AspNetCore.Mvc.ActionResult`1[ThucLuc.Api.Common.Models.ApiResponse`1[System.Collections.Generic.IReadOnlyCollection`1[ThucLuc.Api.Controllers.V1.UserRoleMappingDto]]]] GetUserRoleMappings(System.Nullable`1[System.Int64], System.Threading.CancellationToken) on controller ThucLuc.Api.Controllers.V1.PhanQuyenController (ThucLuc.Api).
2026-04-28 17:13:12.411 +07:00 [INF] Executing OkObjectResult, writing value of type 'ThucLuc.Api.Common.Models.ApiResponse`1[[System.Collections.Generic.IReadOnlyCollection`1[[ThucLuc.Api.Controllers.V1.UserRoleMappingDto, ThucLuc.Api, Version=1.0.0.0, Culture=neutral, PublicKeyToken=null]], System.Private.CoreLib, Version=8.0.0.0, Culture=neutral, PublicKeyToken=7cec85d7bea7798e]]'.
2026-04-28 17:13:12.413 +07:00 [INF] Executed action ThucLuc.Api.Controllers.V1.PhanQuyenController.GetUserRoleMappings (ThucLuc.Api) in 4.3904ms
2026-04-28 17:13:12.414 +07:00 [INF] Executed endpoint 'ThucLuc.Api.Controllers.V1.PhanQuyenController.GetUserRoleMappings (ThucLuc.Api)'
2026-04-28 17:13:12.415 +07:00 [INF] HTTP GET /api/v1/phan-quyen/user-roles => 200 in 10.6281 ms CorrelationId=cfc1000b74044334bd10516752b79471 UserId=5001
2026-04-28 17:13:12.416 +07:00 [INF] HTTP GET /api/v1/phan-quyen/user-roles responded 200 in 11.9323 ms
2026-04-28 17:13:12.418 +07:00 [INF] Request finished HTTP/1.1 GET http://localhost:5283/api/v1/phan-quyen/user-roles - 200 null application/json; charset=utf-8 15.2858ms
2026-04-28 17:13:54.698 +07:00 [INF] Request starting HTTP/1.1 OPTIONS http://localhost:5283/api/v1/don-vi/2001 - null null
2026-04-28 17:13:54.701 +07:00 [INF] CORS policy execution successful.
2026-04-28 17:13:54.702 +07:00 [INF] HTTP OPTIONS /api/v1/don-vi/2001 => 204 in 0.652 ms CorrelationId=ca402fc2a93a48ccadb28362acbd8452 UserId=anonymous
2026-04-28 17:13:54.703 +07:00 [INF] HTTP OPTIONS /api/v1/don-vi/2001 responded 204 in 2.0800 ms
2026-04-28 17:13:54.704 +07:00 [INF] Request finished HTTP/1.1 OPTIONS http://localhost:5283/api/v1/don-vi/2001 - 204 null null 6.7291ms
2026-04-28 17:13:54.710 +07:00 [INF] Request starting HTTP/1.1 OPTIONS http://localhost:5283/api/v1/users - null null
2026-04-28 17:13:54.710 +07:00 [INF] Request starting HTTP/1.1 GET http://localhost:5283/api/v1/don-vi/2001 - null null
2026-04-28 17:13:54.711 +07:00 [INF] Request starting HTTP/1.1 OPTIONS http://localhost:5283/api/v1/don-vi - null null
2026-04-28 17:13:54.714 +07:00 [INF] CORS policy execution successful.
2026-04-28 17:13:54.717 +07:00 [INF] CORS policy execution successful.
2026-04-28 17:13:54.719 +07:00 [INF] CORS policy execution successful.
2026-04-28 17:13:54.720 +07:00 [INF] HTTP OPTIONS /api/v1/users => 204 in 5.9156 ms CorrelationId=5fb0b36372f14164af6da3abff0ec034 UserId=anonymous
2026-04-28 17:13:54.721 +07:00 [INF] Executing endpoint 'ThucLuc.Api.Controllers.V1.DonViController.GetById (ThucLuc.Api)'
2026-04-28 17:13:54.721 +07:00 [INF] HTTP OPTIONS /api/v1/don-vi => 204 in 1.6006 ms CorrelationId=efb28355f3c04448a14f4ade0bf756f7 UserId=anonymous
2026-04-28 17:13:54.723 +07:00 [INF] HTTP OPTIONS /api/v1/users responded 204 in 8.6934 ms
2026-04-28 17:13:54.723 +07:00 [INF] Route matched with {action = "GetById", controller = "DonVi"}. Executing controller action with signature System.Threading.Tasks.Task`1[Microsoft.AspNetCore.Mvc.ActionResult`1[ThucLuc.Api.Common.Models.ApiResponse`1[ThucLuc.Application.Features.DonVi.DonViDto]]] GetById(Int64, System.Threading.CancellationToken) on controller ThucLuc.Api.Controllers.V1.DonViController (ThucLuc.Api).
2026-04-28 17:13:54.726 +07:00 [INF] HTTP OPTIONS /api/v1/don-vi responded 204 in 6.5866 ms
2026-04-28 17:13:54.727 +07:00 [INF] Request finished HTTP/1.1 OPTIONS http://localhost:5283/api/v1/users - 204 null null 17.0104ms
2026-04-28 17:13:54.730 +07:00 [INF] Request finished HTTP/1.1 OPTIONS http://localhost:5283/api/v1/don-vi - 204 null null 19.6839ms
2026-04-28 17:13:54.732 +07:00 [INF] Request starting HTTP/1.1 GET http://localhost:5283/api/v1/users - null null
2026-04-28 17:13:54.735 +07:00 [INF] Request starting HTTP/1.1 GET http://localhost:5283/api/v1/don-vi - null null
2026-04-28 17:13:54.736 +07:00 [INF] CORS policy execution successful.
2026-04-28 17:13:54.740 +07:00 [INF] CORS policy execution successful.
2026-04-28 17:13:54.741 +07:00 [INF] Executing endpoint 'ThucLuc.Api.Controllers.V1.UsersController.GetAll (ThucLuc.Api)'
2026-04-28 17:13:54.741 +07:00 [INF] Executing endpoint 'ThucLuc.Api.Controllers.V1.DonViController.GetList (ThucLuc.Api)'
2026-04-28 17:13:54.742 +07:00 [INF] Route matched with {action = "GetAll", controller = "Users"}. Executing controller action with signature System.Threading.Tasks.Task`1[Microsoft.AspNetCore.Mvc.ActionResult`1[ThucLuc.Api.Common.Models.ApiResponse`1[System.Collections.Generic.IReadOnlyCollection`1[ThucLuc.Application.Features.Users.UserDto]]]] GetAll(System.Threading.CancellationToken) on controller ThucLuc.Api.Controllers.V1.UsersController (ThucLuc.Api).
2026-04-28 17:13:54.742 +07:00 [INF] Route matched with {action = "GetList", controller = "DonVi"}. Executing controller action with signature System.Threading.Tasks.Task`1[Microsoft.AspNetCore.Mvc.ActionResult`1[ThucLuc.Api.Common.Models.ApiResponse`1[System.Collections.Generic.IReadOnlyCollection`1[ThucLuc.Application.Features.DonVi.DonViDto]]]] GetList(System.Threading.CancellationToken) on controller ThucLuc.Api.Controllers.V1.DonViController (ThucLuc.Api).
2026-04-28 17:13:54.773 +07:00 [INF] Executing OkObjectResult, writing value of type 'ThucLuc.Api.Common.Models.ApiResponse`1[[ThucLuc.Application.Features.DonVi.DonViDto, ThucLuc.Application, Version=1.0.0.0, Culture=neutral, PublicKeyToken=null]]'.
2026-04-28 17:13:54.775 +07:00 [INF] Executed action ThucLuc.Api.Controllers.V1.DonViController.GetById (ThucLuc.Api) in 46.4229ms
2026-04-28 17:13:54.776 +07:00 [INF] Executed endpoint 'ThucLuc.Api.Controllers.V1.DonViController.GetById (ThucLuc.Api)'
2026-04-28 17:13:54.777 +07:00 [INF] HTTP GET /api/v1/don-vi/2001 => 200 in 59.3704 ms CorrelationId=2bff4a5b1499451bbe7604df7c1b76ef UserId=5001
2026-04-28 17:13:54.778 +07:00 [INF] HTTP GET /api/v1/don-vi/2001 responded 200 in 61.0243 ms
2026-04-28 17:13:54.780 +07:00 [INF] Request finished HTTP/1.1 GET http://localhost:5283/api/v1/don-vi/2001 - 200 null application/json; charset=utf-8 69.9132ms
2026-04-28 17:13:54.788 +07:00 [INF] Executing OkObjectResult, writing value of type 'ThucLuc.Api.Common.Models.ApiResponse`1[[System.Collections.Generic.IReadOnlyCollection`1[[ThucLuc.Application.Features.Users.UserDto, ThucLuc.Application, Version=1.0.0.0, Culture=neutral, PublicKeyToken=null]], System.Private.CoreLib, Version=8.0.0.0, Culture=neutral, PublicKeyToken=7cec85d7bea7798e]]'.
2026-04-28 17:13:54.788 +07:00 [INF] Executing OkObjectResult, writing value of type 'ThucLuc.Api.Common.Models.ApiResponse`1[[System.Collections.Generic.IReadOnlyCollection`1[[ThucLuc.Application.Features.DonVi.DonViDto, ThucLuc.Application, Version=1.0.0.0, Culture=neutral, PublicKeyToken=null]], System.Private.CoreLib, Version=8.0.0.0, Culture=neutral, PublicKeyToken=7cec85d7bea7798e]]'.
2026-04-28 17:13:54.789 +07:00 [INF] Executed action ThucLuc.Api.Controllers.V1.UsersController.GetAll (ThucLuc.Api) in 45.7995ms
2026-04-28 17:13:54.790 +07:00 [INF] Executed action ThucLuc.Api.Controllers.V1.DonViController.GetList (ThucLuc.Api) in 45.4879ms
2026-04-28 17:13:54.791 +07:00 [INF] Executed endpoint 'ThucLuc.Api.Controllers.V1.UsersController.GetAll (ThucLuc.Api)'
2026-04-28 17:13:54.793 +07:00 [INF] Executed endpoint 'ThucLuc.Api.Controllers.V1.DonViController.GetList (ThucLuc.Api)'
2026-04-28 17:13:54.794 +07:00 [INF] HTTP GET /api/v1/users => 200 in 57.4226 ms CorrelationId=341030a5791d43849365237009ba0ffc UserId=5001
2026-04-28 17:13:54.794 +07:00 [INF] HTTP GET /api/v1/don-vi => 200 in 54.7263 ms CorrelationId=ec64dc752fc74de280019456b5897e54 UserId=5001
2026-04-28 17:13:54.796 +07:00 [INF] HTTP GET /api/v1/users responded 200 in 60.2286 ms
2026-04-28 17:13:54.798 +07:00 [INF] HTTP GET /api/v1/don-vi responded 200 in 58.5670 ms
2026-04-28 17:13:54.800 +07:00 [INF] Request finished HTTP/1.1 GET http://localhost:5283/api/v1/users - 200 null application/json; charset=utf-8 67.0218ms
2026-04-28 17:13:54.801 +07:00 [INF] Request finished HTTP/1.1 GET http://localhost:5283/api/v1/don-vi - 200 null application/json; charset=utf-8 66.1976ms
2026-04-28 17:13:54.806 +07:00 [INF] Request starting HTTP/1.1 OPTIONS http://localhost:5283/api/v1/roles - null null
2026-04-28 17:13:54.808 +07:00 [INF] CORS policy execution successful.
2026-04-28 17:13:54.809 +07:00 [INF] HTTP OPTIONS /api/v1/roles => 204 in 0.6876 ms CorrelationId=f7a1580fd7cf4648b336cb5147d45571 UserId=anonymous
2026-04-28 17:13:54.811 +07:00 [INF] HTTP OPTIONS /api/v1/roles responded 204 in 2.6948 ms
2026-04-28 17:13:54.813 +07:00 [INF] Request finished HTTP/1.1 OPTIONS http://localhost:5283/api/v1/roles - 204 null null 6.3317ms
2026-04-28 17:13:54.815 +07:00 [INF] Request starting HTTP/1.1 GET http://localhost:5283/api/v1/roles - null null
2026-04-28 17:13:54.817 +07:00 [INF] CORS policy execution successful.
2026-04-28 17:13:54.818 +07:00 [INF] Executing endpoint 'ThucLuc.Api.Controllers.V1.RolesController.GetAll (ThucLuc.Api)'
2026-04-28 17:13:54.819 +07:00 [INF] Route matched with {action = "GetAll", controller = "Roles"}. Executing controller action with signature System.Threading.Tasks.Task`1[Microsoft.AspNetCore.Mvc.ActionResult`1[ThucLuc.Api.Common.Models.ApiResponse`1[System.Collections.Generic.IReadOnlyCollection`1[ThucLuc.Application.Features.Roles.RoleDto]]]] GetAll(System.Threading.CancellationToken) on controller ThucLuc.Api.Controllers.V1.RolesController (ThucLuc.Api).
2026-04-28 17:13:54.868 +07:00 [INF] Executing OkObjectResult, writing value of type 'ThucLuc.Api.Common.Models.ApiResponse`1[[System.Collections.Generic.IReadOnlyCollection`1[[ThucLuc.Application.Features.Roles.RoleDto, ThucLuc.Application, Version=1.0.0.0, Culture=neutral, PublicKeyToken=null]], System.Private.CoreLib, Version=8.0.0.0, Culture=neutral, PublicKeyToken=7cec85d7bea7798e]]'.
2026-04-28 17:13:54.869 +07:00 [INF] Executed action ThucLuc.Api.Controllers.V1.RolesController.GetAll (ThucLuc.Api) in 47.7903ms
2026-04-28 17:13:54.870 +07:00 [INF] Executed endpoint 'ThucLuc.Api.Controllers.V1.RolesController.GetAll (ThucLuc.Api)'
2026-04-28 17:13:54.870 +07:00 [INF] HTTP GET /api/v1/roles => 200 in 53.2076 ms CorrelationId=7d908475293c45069b43892e08d1be24 UserId=5001
2026-04-28 17:13:54.872 +07:00 [INF] HTTP GET /api/v1/roles responded 200 in 55.1251 ms
2026-04-28 17:13:54.874 +07:00 [INF] Request finished HTTP/1.1 GET http://localhost:5283/api/v1/roles - 200 null application/json; charset=utf-8 58.7975ms
2026-04-28 17:13:54.879 +07:00 [INF] Request starting HTTP/1.1 OPTIONS http://localhost:5283/api/v1/phan-quyen/user-roles - null null
2026-04-28 17:13:54.882 +07:00 [INF] CORS policy execution successful.
2026-04-28 17:13:54.882 +07:00 [INF] HTTP OPTIONS /api/v1/phan-quyen/user-roles => 204 in 0.5785 ms CorrelationId=497e5ced74db446f99f82a1aea57e32d UserId=anonymous
2026-04-28 17:13:54.883 +07:00 [INF] HTTP OPTIONS /api/v1/phan-quyen/user-roles responded 204 in 1.9512 ms
2026-04-28 17:13:54.885 +07:00 [INF] Request finished HTTP/1.1 OPTIONS http://localhost:5283/api/v1/phan-quyen/user-roles - 204 null null 5.5688ms
2026-04-28 17:13:54.886 +07:00 [INF] Request starting HTTP/1.1 GET http://localhost:5283/api/v1/phan-quyen/user-roles - null null
2026-04-28 17:13:54.887 +07:00 [INF] CORS policy execution successful.
2026-04-28 17:13:54.888 +07:00 [INF] Executing endpoint 'ThucLuc.Api.Controllers.V1.PhanQuyenController.GetUserRoleMappings (ThucLuc.Api)'
2026-04-28 17:13:54.889 +07:00 [INF] Route matched with {action = "GetUserRoleMappings", controller = "PhanQuyen"}. Executing controller action with signature System.Threading.Tasks.Task`1[Microsoft.AspNetCore.Mvc.ActionResult`1[ThucLuc.Api.Common.Models.ApiResponse`1[System.Collections.Generic.IReadOnlyCollection`1[ThucLuc.Api.Controllers.V1.UserRoleMappingDto]]]] GetUserRoleMappings(System.Nullable`1[System.Int64], System.Threading.CancellationToken) on controller ThucLuc.Api.Controllers.V1.PhanQuyenController (ThucLuc.Api).
2026-04-28 17:13:54.894 +07:00 [INF] Executing OkObjectResult, writing value of type 'ThucLuc.Api.Common.Models.ApiResponse`1[[System.Collections.Generic.IReadOnlyCollection`1[[ThucLuc.Api.Controllers.V1.UserRoleMappingDto, ThucLuc.Api, Version=1.0.0.0, Culture=neutral, PublicKeyToken=null]], System.Private.CoreLib, Version=8.0.0.0, Culture=neutral, PublicKeyToken=7cec85d7bea7798e]]'.
2026-04-28 17:13:54.895 +07:00 [INF] Executed action ThucLuc.Api.Controllers.V1.PhanQuyenController.GetUserRoleMappings (ThucLuc.Api) in 3.5412ms
2026-04-28 17:13:54.896 +07:00 [INF] Executed endpoint 'ThucLuc.Api.Controllers.V1.PhanQuyenController.GetUserRoleMappings (ThucLuc.Api)'
2026-04-28 17:13:54.896 +07:00 [INF] HTTP GET /api/v1/phan-quyen/user-roles => 200 in 8.9131 ms CorrelationId=e287123f10e04017846970e24ff305e6 UserId=5001
2026-04-28 17:13:54.898 +07:00 [INF] HTTP GET /api/v1/phan-quyen/user-roles responded 200 in 10.3570 ms
2026-04-28 17:13:54.899 +07:00 [INF] Request finished HTTP/1.1 GET http://localhost:5283/api/v1/phan-quyen/user-roles - 200 null application/json; charset=utf-8 12.4373ms
2026-04-28 17:14:41.429 +07:00 [INF] Request starting HTTP/1.1 OPTIONS http://localhost:5283/api/v1/don-vi/2001 - null null
2026-04-28 17:14:41.431 +07:00 [INF] Request starting HTTP/1.1 OPTIONS http://localhost:5283/api/v1/users - null null
2026-04-28 17:14:41.431 +07:00 [INF] CORS policy execution successful.
2026-04-28 17:14:41.432 +07:00 [INF] Request starting HTTP/1.1 OPTIONS http://localhost:5283/api/v1/don-vi - null null
2026-04-28 17:14:41.433 +07:00 [INF] CORS policy execution successful.
2026-04-28 17:14:41.433 +07:00 [INF] HTTP OPTIONS /api/v1/don-vi/2001 => 204 in 2.2377 ms CorrelationId=ee32cd003db24ecba2ba9e98c6e36f32 UserId=anonymous
2026-04-28 17:14:41.435 +07:00 [INF] CORS policy execution successful.
2026-04-28 17:14:41.437 +07:00 [INF] HTTP OPTIONS /api/v1/users => 204 in 4.1392 ms CorrelationId=8f809393a67c4b1a88291c8113c7f793 UserId=anonymous
2026-04-28 17:14:41.440 +07:00 [INF] HTTP OPTIONS /api/v1/don-vi/2001 responded 204 in 8.4647 ms
2026-04-28 17:14:41.441 +07:00 [INF] HTTP OPTIONS /api/v1/don-vi => 204 in 5.2313 ms CorrelationId=f295150262994e4aa6facad49a2a48a7 UserId=anonymous
2026-04-28 17:14:41.442 +07:00 [INF] HTTP OPTIONS /api/v1/users responded 204 in 9.4928 ms
2026-04-28 17:14:41.450 +07:00 [INF] Request finished HTTP/1.1 OPTIONS http://localhost:5283/api/v1/users - 204 null null 18.9258ms
2026-04-28 17:14:41.448 +07:00 [INF] HTTP OPTIONS /api/v1/don-vi responded 204 in 12.4982 ms
2026-04-28 17:14:41.444 +07:00 [INF] Request finished HTTP/1.1 OPTIONS http://localhost:5283/api/v1/don-vi/2001 - 204 null null 14.2489ms
2026-04-28 17:14:41.454 +07:00 [INF] Request starting HTTP/1.1 GET http://localhost:5283/api/v1/users - null null
2026-04-28 17:14:41.455 +07:00 [INF] Request finished HTTP/1.1 OPTIONS http://localhost:5283/api/v1/don-vi - 204 null null 23.3242ms
2026-04-28 17:14:41.459 +07:00 [INF] Request starting HTTP/1.1 GET http://localhost:5283/api/v1/don-vi/2001 - null null
2026-04-28 17:14:41.461 +07:00 [INF] CORS policy execution successful.
2026-04-28 17:14:41.463 +07:00 [INF] Request starting HTTP/1.1 GET http://localhost:5283/api/v1/don-vi - null null
2026-04-28 17:14:41.466 +07:00 [INF] CORS policy execution successful.
2026-04-28 17:14:41.467 +07:00 [INF] Executing endpoint 'ThucLuc.Api.Controllers.V1.UsersController.GetAll (ThucLuc.Api)'
2026-04-28 17:14:41.471 +07:00 [INF] CORS policy execution successful.
2026-04-28 17:14:41.472 +07:00 [INF] Executing endpoint 'ThucLuc.Api.Controllers.V1.DonViController.GetById (ThucLuc.Api)'
2026-04-28 17:14:41.473 +07:00 [INF] Route matched with {action = "GetAll", controller = "Users"}. Executing controller action with signature System.Threading.Tasks.Task`1[Microsoft.AspNetCore.Mvc.ActionResult`1[ThucLuc.Api.Common.Models.ApiResponse`1[System.Collections.Generic.IReadOnlyCollection`1[ThucLuc.Application.Features.Users.UserDto]]]] GetAll(System.Threading.CancellationToken) on controller ThucLuc.Api.Controllers.V1.UsersController (ThucLuc.Api).
2026-04-28 17:14:41.474 +07:00 [INF] Executing endpoint 'ThucLuc.Api.Controllers.V1.DonViController.GetList (ThucLuc.Api)'
2026-04-28 17:14:41.474 +07:00 [INF] Route matched with {action = "GetById", controller = "DonVi"}. Executing controller action with signature System.Threading.Tasks.Task`1[Microsoft.AspNetCore.Mvc.ActionResult`1[ThucLuc.Api.Common.Models.ApiResponse`1[ThucLuc.Application.Features.DonVi.DonViDto]]] GetById(Int64, System.Threading.CancellationToken) on controller ThucLuc.Api.Controllers.V1.DonViController (ThucLuc.Api).
2026-04-28 17:14:41.476 +07:00 [INF] Route matched with {action = "GetList", controller = "DonVi"}. Executing controller action with signature System.Threading.Tasks.Task`1[Microsoft.AspNetCore.Mvc.ActionResult`1[ThucLuc.Api.Common.Models.ApiResponse`1[System.Collections.Generic.IReadOnlyCollection`1[ThucLuc.Application.Features.DonVi.DonViDto]]]] GetList(System.Threading.CancellationToken) on controller ThucLuc.Api.Controllers.V1.DonViController (ThucLuc.Api).
2026-04-28 17:14:41.519 +07:00 [INF] Executing OkObjectResult, writing value of type 'ThucLuc.Api.Common.Models.ApiResponse`1[[System.Collections.Generic.IReadOnlyCollection`1[[ThucLuc.Application.Features.Users.UserDto, ThucLuc.Application, Version=1.0.0.0, Culture=neutral, PublicKeyToken=null]], System.Private.CoreLib, Version=8.0.0.0, Culture=neutral, PublicKeyToken=7cec85d7bea7798e]]'.
2026-04-28 17:14:41.520 +07:00 [INF] Executed action ThucLuc.Api.Controllers.V1.UsersController.GetAll (ThucLuc.Api) in 44.5361ms
2026-04-28 17:14:41.521 +07:00 [INF] Executed endpoint 'ThucLuc.Api.Controllers.V1.UsersController.GetAll (ThucLuc.Api)'
2026-04-28 17:14:41.523 +07:00 [INF] Executing OkObjectResult, writing value of type 'ThucLuc.Api.Common.Models.ApiResponse`1[[System.Collections.Generic.IReadOnlyCollection`1[[ThucLuc.Application.Features.DonVi.DonViDto, ThucLuc.Application, Version=1.0.0.0, Culture=neutral, PublicKeyToken=null]], System.Private.CoreLib, Version=8.0.0.0, Culture=neutral, PublicKeyToken=7cec85d7bea7798e]]'.
2026-04-28 17:14:41.523 +07:00 [INF] Executing OkObjectResult, writing value of type 'ThucLuc.Api.Common.Models.ApiResponse`1[[ThucLuc.Application.Features.DonVi.DonViDto, ThucLuc.Application, Version=1.0.0.0, Culture=neutral, PublicKeyToken=null]]'.
2026-04-28 17:14:41.523 +07:00 [INF] HTTP GET /api/v1/users => 200 in 62.4303 ms CorrelationId=473ac5c0e42d4aaab58c29b8ef7b8546 UserId=5001
2026-04-28 17:14:41.524 +07:00 [INF] Executed action ThucLuc.Api.Controllers.V1.DonViController.GetList (ThucLuc.Api) in 45.6304ms
2026-04-28 17:14:41.525 +07:00 [INF] Executed action ThucLuc.Api.Controllers.V1.DonViController.GetById (ThucLuc.Api) in 48.1169ms
2026-04-28 17:14:41.527 +07:00 [INF] HTTP GET /api/v1/users responded 200 in 66.8508 ms
2026-04-28 17:14:41.529 +07:00 [INF] Executed endpoint 'ThucLuc.Api.Controllers.V1.DonViController.GetList (ThucLuc.Api)'
2026-04-28 17:14:41.530 +07:00 [INF] Executed endpoint 'ThucLuc.Api.Controllers.V1.DonViController.GetById (ThucLuc.Api)'
2026-04-28 17:14:41.532 +07:00 [INF] Request finished HTTP/1.1 GET http://localhost:5283/api/v1/users - 200 null application/json; charset=utf-8 78.0955ms
2026-04-28 17:14:41.533 +07:00 [INF] HTTP GET /api/v1/don-vi => 200 in 62.5893 ms CorrelationId=9c4ecddeb3c74814b81ec61a24b31d48 UserId=5001
2026-04-28 17:14:41.534 +07:00 [INF] HTTP GET /api/v1/don-vi/2001 => 200 in 67.9891 ms CorrelationId=3ceb985f2c644506ac6b6c24b900ad6a UserId=5001
2026-04-28 17:14:41.539 +07:00 [INF] HTTP GET /api/v1/don-vi responded 200 in 68.4373 ms
2026-04-28 17:14:41.541 +07:00 [INF] HTTP GET /api/v1/don-vi/2001 responded 200 in 74.4387 ms
2026-04-28 17:14:41.542 +07:00 [INF] Request finished HTTP/1.1 GET http://localhost:5283/api/v1/don-vi - 200 null application/json; charset=utf-8 78.5344ms
2026-04-28 17:14:41.543 +07:00 [INF] Request finished HTTP/1.1 GET http://localhost:5283/api/v1/don-vi/2001 - 200 null application/json; charset=utf-8 83.9482ms
2026-04-28 17:14:41.548 +07:00 [INF] Request starting HTTP/1.1 OPTIONS http://localhost:5283/api/v1/roles - null null
2026-04-28 17:14:41.549 +07:00 [INF] CORS policy execution successful.
2026-04-28 17:14:41.549 +07:00 [INF] HTTP OPTIONS /api/v1/roles => 204 in 0.4351 ms CorrelationId=e986545bf9b94cdabe926466292ba72a UserId=anonymous
2026-04-28 17:14:41.551 +07:00 [INF] HTTP OPTIONS /api/v1/roles responded 204 in 1.7254 ms
2026-04-28 17:14:41.552 +07:00 [INF] Request finished HTTP/1.1 OPTIONS http://localhost:5283/api/v1/roles - 204 null null 4.262ms
2026-04-28 17:14:41.555 +07:00 [INF] Request starting HTTP/1.1 GET http://localhost:5283/api/v1/roles - null null
2026-04-28 17:14:41.557 +07:00 [INF] CORS policy execution successful.
2026-04-28 17:14:41.558 +07:00 [INF] Executing endpoint 'ThucLuc.Api.Controllers.V1.RolesController.GetAll (ThucLuc.Api)'
2026-04-28 17:14:41.559 +07:00 [INF] Route matched with {action = "GetAll", controller = "Roles"}. Executing controller action with signature System.Threading.Tasks.Task`1[Microsoft.AspNetCore.Mvc.ActionResult`1[ThucLuc.Api.Common.Models.ApiResponse`1[System.Collections.Generic.IReadOnlyCollection`1[ThucLuc.Application.Features.Roles.RoleDto]]]] GetAll(System.Threading.CancellationToken) on controller ThucLuc.Api.Controllers.V1.RolesController (ThucLuc.Api).
2026-04-28 17:14:41.606 +07:00 [INF] Executing OkObjectResult, writing value of type 'ThucLuc.Api.Common.Models.ApiResponse`1[[System.Collections.Generic.IReadOnlyCollection`1[[ThucLuc.Application.Features.Roles.RoleDto, ThucLuc.Application, Version=1.0.0.0, Culture=neutral, PublicKeyToken=null]], System.Private.CoreLib, Version=8.0.0.0, Culture=neutral, PublicKeyToken=7cec85d7bea7798e]]'.
2026-04-28 17:14:41.607 +07:00 [INF] Executed action ThucLuc.Api.Controllers.V1.RolesController.GetAll (ThucLuc.Api) in 46.8683ms
2026-04-28 17:14:41.608 +07:00 [INF] Executed endpoint 'ThucLuc.Api.Controllers.V1.RolesController.GetAll (ThucLuc.Api)'
2026-04-28 17:14:41.609 +07:00 [INF] HTTP GET /api/v1/roles => 200 in 51.9499 ms CorrelationId=ae67eff15e354cd1a21592647dfbf481 UserId=5001
2026-04-28 17:14:41.610 +07:00 [INF] HTTP GET /api/v1/roles responded 200 in 53.2740 ms
2026-04-28 17:14:41.611 +07:00 [INF] Request finished HTTP/1.1 GET http://localhost:5283/api/v1/roles - 200 null application/json; charset=utf-8 56.2876ms
2026-04-28 17:14:41.614 +07:00 [INF] Request starting HTTP/1.1 OPTIONS http://localhost:5283/api/v1/phan-quyen/user-roles - null null
2026-04-28 17:14:41.616 +07:00 [INF] CORS policy execution successful.
2026-04-28 17:14:41.616 +07:00 [INF] HTTP OPTIONS /api/v1/phan-quyen/user-roles => 204 in 0.6814 ms CorrelationId=bc1eeb58b12b458194986a17bb96f871 UserId=anonymous
2026-04-28 17:14:41.618 +07:00 [INF] HTTP OPTIONS /api/v1/phan-quyen/user-roles responded 204 in 2.0410 ms
2026-04-28 17:14:41.618 +07:00 [INF] Request finished HTTP/1.1 OPTIONS http://localhost:5283/api/v1/phan-quyen/user-roles - 204 null null 4.2993ms
2026-04-28 17:14:41.621 +07:00 [INF] Request starting HTTP/1.1 GET http://localhost:5283/api/v1/phan-quyen/user-roles - null null
2026-04-28 17:14:41.623 +07:00 [INF] CORS policy execution successful.
2026-04-28 17:14:41.624 +07:00 [INF] Executing endpoint 'ThucLuc.Api.Controllers.V1.PhanQuyenController.GetUserRoleMappings (ThucLuc.Api)'
2026-04-28 17:14:41.625 +07:00 [INF] Route matched with {action = "GetUserRoleMappings", controller = "PhanQuyen"}. Executing controller action with signature System.Threading.Tasks.Task`1[Microsoft.AspNetCore.Mvc.ActionResult`1[ThucLuc.Api.Common.Models.ApiResponse`1[System.Collections.Generic.IReadOnlyCollection`1[ThucLuc.Api.Controllers.V1.UserRoleMappingDto]]]] GetUserRoleMappings(System.Nullable`1[System.Int64], System.Threading.CancellationToken) on controller ThucLuc.Api.Controllers.V1.PhanQuyenController (ThucLuc.Api).
2026-04-28 17:14:41.629 +07:00 [INF] Executing OkObjectResult, writing value of type 'ThucLuc.Api.Common.Models.ApiResponse`1[[System.Collections.Generic.IReadOnlyCollection`1[[ThucLuc.Api.Controllers.V1.UserRoleMappingDto, ThucLuc.Api, Version=1.0.0.0, Culture=neutral, PublicKeyToken=null]], System.Private.CoreLib, Version=8.0.0.0, Culture=neutral, PublicKeyToken=7cec85d7bea7798e]]'.
2026-04-28 17:14:41.630 +07:00 [INF] Executed action ThucLuc.Api.Controllers.V1.PhanQuyenController.GetUserRoleMappings (ThucLuc.Api) in 4.0891ms
2026-04-28 17:14:41.631 +07:00 [INF] Executed endpoint 'ThucLuc.Api.Controllers.V1.PhanQuyenController.GetUserRoleMappings (ThucLuc.Api)'
2026-04-28 17:14:41.631 +07:00 [INF] HTTP GET /api/v1/phan-quyen/user-roles => 200 in 8.6975 ms CorrelationId=a2e8bc536f484e74a556e4cc6d30204c UserId=5001
2026-04-28 17:14:41.633 +07:00 [INF] HTTP GET /api/v1/phan-quyen/user-roles responded 200 in 10.0521 ms
2026-04-28 17:14:41.634 +07:00 [INF] Request finished HTTP/1.1 GET http://localhost:5283/api/v1/phan-quyen/user-roles - 200 null application/json; charset=utf-8 13.1025ms
2026-04-28 17:15:15.710 +07:00 [INF] Request starting HTTP/1.1 OPTIONS http://localhost:5283/api/v1/don-vi/2001 - null null
2026-04-28 17:15:15.713 +07:00 [INF] CORS policy execution successful.
2026-04-28 17:15:15.713 +07:00 [INF] HTTP OPTIONS /api/v1/don-vi/2001 => 204 in 0.5919 ms CorrelationId=2592a40e5fb14609872833b51ac07add UserId=anonymous
2026-04-28 17:15:15.715 +07:00 [INF] HTTP OPTIONS /api/v1/don-vi/2001 responded 204 in 1.8070 ms
2026-04-28 17:15:15.715 +07:00 [INF] Request finished HTTP/1.1 OPTIONS http://localhost:5283/api/v1/don-vi/2001 - 204 null null 5.2849ms
2026-04-28 17:15:15.719 +07:00 [INF] Request starting HTTP/1.1 GET http://localhost:5283/api/v1/don-vi/2001 - null null
2026-04-28 17:15:15.721 +07:00 [INF] CORS policy execution successful.
2026-04-28 17:15:15.721 +07:00 [INF] Executing endpoint 'ThucLuc.Api.Controllers.V1.DonViController.GetById (ThucLuc.Api)'
2026-04-28 17:15:15.722 +07:00 [INF] Route matched with {action = "GetById", controller = "DonVi"}. Executing controller action with signature System.Threading.Tasks.Task`1[Microsoft.AspNetCore.Mvc.ActionResult`1[ThucLuc.Api.Common.Models.ApiResponse`1[ThucLuc.Application.Features.DonVi.DonViDto]]] GetById(Int64, System.Threading.CancellationToken) on controller ThucLuc.Api.Controllers.V1.DonViController (ThucLuc.Api).
2026-04-28 17:15:15.723 +07:00 [INF] Request starting HTTP/1.1 OPTIONS http://localhost:5283/api/v1/users - null null
2026-04-28 17:15:15.723 +07:00 [INF] Request starting HTTP/1.1 OPTIONS http://localhost:5283/api/v1/don-vi - null null
2026-04-28 17:15:15.725 +07:00 [INF] CORS policy execution successful.
2026-04-28 17:15:15.726 +07:00 [INF] CORS policy execution successful.
2026-04-28 17:15:15.727 +07:00 [INF] HTTP OPTIONS /api/v1/users => 204 in 1.6638 ms CorrelationId=35f1f54bc9c94a59bd6ac9b61830d04e UserId=anonymous
2026-04-28 17:15:15.727 +07:00 [INF] HTTP OPTIONS /api/v1/don-vi => 204 in 0.8727 ms CorrelationId=990e1469c6f44fb6ac662045f5ad2f10 UserId=anonymous
2026-04-28 17:15:15.728 +07:00 [INF] HTTP OPTIONS /api/v1/users responded 204 in 3.1923 ms
2026-04-28 17:15:15.729 +07:00 [INF] HTTP OPTIONS /api/v1/don-vi responded 204 in 2.9620 ms
2026-04-28 17:15:15.730 +07:00 [INF] Request finished HTTP/1.1 OPTIONS http://localhost:5283/api/v1/users - 204 null null 7.0862ms
2026-04-28 17:15:15.731 +07:00 [INF] Request finished HTTP/1.1 OPTIONS http://localhost:5283/api/v1/don-vi - 204 null null 7.4558ms
2026-04-28 17:15:15.734 +07:00 [INF] Request starting HTTP/1.1 GET http://localhost:5283/api/v1/don-vi - null null
2026-04-28 17:15:15.735 +07:00 [INF] Request starting HTTP/1.1 GET http://localhost:5283/api/v1/users - null null
2026-04-28 17:15:15.737 +07:00 [INF] CORS policy execution successful.
2026-04-28 17:15:15.738 +07:00 [INF] CORS policy execution successful.
2026-04-28 17:15:15.739 +07:00 [INF] Executing endpoint 'ThucLuc.Api.Controllers.V1.DonViController.GetList (ThucLuc.Api)'
2026-04-28 17:15:15.739 +07:00 [INF] Executing endpoint 'ThucLuc.Api.Controllers.V1.UsersController.GetAll (ThucLuc.Api)'
2026-04-28 17:15:15.740 +07:00 [INF] Route matched with {action = "GetList", controller = "DonVi"}. Executing controller action with signature System.Threading.Tasks.Task`1[Microsoft.AspNetCore.Mvc.ActionResult`1[ThucLuc.Api.Common.Models.ApiResponse`1[System.Collections.Generic.IReadOnlyCollection`1[ThucLuc.Application.Features.DonVi.DonViDto]]]] GetList(System.Threading.CancellationToken) on controller ThucLuc.Api.Controllers.V1.DonViController (ThucLuc.Api).
2026-04-28 17:15:15.740 +07:00 [INF] Route matched with {action = "GetAll", controller = "Users"}. Executing controller action with signature System.Threading.Tasks.Task`1[Microsoft.AspNetCore.Mvc.ActionResult`1[ThucLuc.Api.Common.Models.ApiResponse`1[System.Collections.Generic.IReadOnlyCollection`1[ThucLuc.Application.Features.Users.UserDto]]]] GetAll(System.Threading.CancellationToken) on controller ThucLuc.Api.Controllers.V1.UsersController (ThucLuc.Api).
2026-04-28 17:15:15.765 +07:00 [INF] Executing OkObjectResult, writing value of type 'ThucLuc.Api.Common.Models.ApiResponse`1[[ThucLuc.Application.Features.DonVi.DonViDto, ThucLuc.Application, Version=1.0.0.0, Culture=neutral, PublicKeyToken=null]]'.
2026-04-28 17:15:15.767 +07:00 [INF] Executed action ThucLuc.Api.Controllers.V1.DonViController.GetById (ThucLuc.Api) in 43.4608ms
2026-04-28 17:15:15.767 +07:00 [INF] Executed endpoint 'ThucLuc.Api.Controllers.V1.DonViController.GetById (ThucLuc.Api)'
2026-04-28 17:15:15.768 +07:00 [INF] HTTP GET /api/v1/don-vi/2001 => 200 in 47.7099 ms CorrelationId=32754095f9304013a7ff3096bb40a6f4 UserId=5001
2026-04-28 17:15:15.770 +07:00 [INF] HTTP GET /api/v1/don-vi/2001 responded 200 in 49.0622 ms
2026-04-28 17:15:15.771 +07:00 [INF] Request finished HTTP/1.1 GET http://localhost:5283/api/v1/don-vi/2001 - 200 null application/json; charset=utf-8 51.8066ms
2026-04-28 17:15:15.785 +07:00 [INF] Executing OkObjectResult, writing value of type 'ThucLuc.Api.Common.Models.ApiResponse`1[[System.Collections.Generic.IReadOnlyCollection`1[[ThucLuc.Application.Features.Users.UserDto, ThucLuc.Application, Version=1.0.0.0, Culture=neutral, PublicKeyToken=null]], System.Private.CoreLib, Version=8.0.0.0, Culture=neutral, PublicKeyToken=7cec85d7bea7798e]]'.
2026-04-28 17:15:15.785 +07:00 [INF] Executing OkObjectResult, writing value of type 'ThucLuc.Api.Common.Models.ApiResponse`1[[System.Collections.Generic.IReadOnlyCollection`1[[ThucLuc.Application.Features.DonVi.DonViDto, ThucLuc.Application, Version=1.0.0.0, Culture=neutral, PublicKeyToken=null]], System.Private.CoreLib, Version=8.0.0.0, Culture=neutral, PublicKeyToken=7cec85d7bea7798e]]'.
2026-04-28 17:15:15.786 +07:00 [INF] Executed action ThucLuc.Api.Controllers.V1.UsersController.GetAll (ThucLuc.Api) in 43.3169ms
2026-04-28 17:15:15.786 +07:00 [INF] Executed action ThucLuc.Api.Controllers.V1.DonViController.GetList (ThucLuc.Api) in 45.1155ms
2026-04-28 17:15:15.787 +07:00 [INF] Executed endpoint 'ThucLuc.Api.Controllers.V1.UsersController.GetAll (ThucLuc.Api)'
2026-04-28 17:15:15.788 +07:00 [INF] Executed endpoint 'ThucLuc.Api.Controllers.V1.DonViController.GetList (ThucLuc.Api)'
2026-04-28 17:15:15.788 +07:00 [INF] HTTP GET /api/v1/users => 200 in 49.7981 ms CorrelationId=7809fe4860454acbb530239211bd77a4 UserId=5001
2026-04-28 17:15:15.789 +07:00 [INF] HTTP GET /api/v1/don-vi => 200 in 51.9132 ms CorrelationId=d4a258f0a2c048b589f789ef4ffdf96c UserId=5001
2026-04-28 17:15:15.790 +07:00 [INF] HTTP GET /api/v1/users responded 200 in 51.7112 ms
2026-04-28 17:15:15.791 +07:00 [INF] HTTP GET /api/v1/don-vi responded 200 in 54.2586 ms
2026-04-28 17:15:15.792 +07:00 [INF] Request finished HTTP/1.1 GET http://localhost:5283/api/v1/users - 200 null application/json; charset=utf-8 57.1818ms
2026-04-28 17:15:15.793 +07:00 [INF] Request finished HTTP/1.1 GET http://localhost:5283/api/v1/don-vi - 200 null application/json; charset=utf-8 59.0602ms
2026-04-28 17:15:15.800 +07:00 [INF] Request starting HTTP/1.1 OPTIONS http://localhost:5283/api/v1/roles - null null
2026-04-28 17:15:15.801 +07:00 [INF] CORS policy execution successful.
2026-04-28 17:15:15.802 +07:00 [INF] HTTP OPTIONS /api/v1/roles => 204 in 0.5076 ms CorrelationId=0cf6934c22c3433daf6a0f961cd3d8a9 UserId=anonymous
2026-04-28 17:15:15.803 +07:00 [INF] HTTP OPTIONS /api/v1/roles responded 204 in 1.7051 ms
2026-04-28 17:15:15.804 +07:00 [INF] Request finished HTTP/1.1 OPTIONS http://localhost:5283/api/v1/roles - 204 null null 4.301ms
2026-04-28 17:15:15.806 +07:00 [INF] Request starting HTTP/1.1 GET http://localhost:5283/api/v1/roles - null null
2026-04-28 17:15:15.807 +07:00 [INF] CORS policy execution successful.
2026-04-28 17:15:15.808 +07:00 [INF] Executing endpoint 'ThucLuc.Api.Controllers.V1.RolesController.GetAll (ThucLuc.Api)'
2026-04-28 17:15:15.808 +07:00 [INF] Route matched with {action = "GetAll", controller = "Roles"}. Executing controller action with signature System.Threading.Tasks.Task`1[Microsoft.AspNetCore.Mvc.ActionResult`1[ThucLuc.Api.Common.Models.ApiResponse`1[System.Collections.Generic.IReadOnlyCollection`1[ThucLuc.Application.Features.Roles.RoleDto]]]] GetAll(System.Threading.CancellationToken) on controller ThucLuc.Api.Controllers.V1.RolesController (ThucLuc.Api).
2026-04-28 17:15:15.856 +07:00 [INF] Executing OkObjectResult, writing value of type 'ThucLuc.Api.Common.Models.ApiResponse`1[[System.Collections.Generic.IReadOnlyCollection`1[[ThucLuc.Application.Features.Roles.RoleDto, ThucLuc.Application, Version=1.0.0.0, Culture=neutral, PublicKeyToken=null]], System.Private.CoreLib, Version=8.0.0.0, Culture=neutral, PublicKeyToken=7cec85d7bea7798e]]'.
2026-04-28 17:15:15.857 +07:00 [INF] Executed action ThucLuc.Api.Controllers.V1.RolesController.GetAll (ThucLuc.Api) in 47.5684ms
2026-04-28 17:15:15.857 +07:00 [INF] Executed endpoint 'ThucLuc.Api.Controllers.V1.RolesController.GetAll (ThucLuc.Api)'
2026-04-28 17:15:15.858 +07:00 [INF] HTTP GET /api/v1/roles => 200 in 50.8983 ms CorrelationId=5c2c79f6e1cf4d5fbce2b2e1799076a1 UserId=5001
2026-04-28 17:15:15.859 +07:00 [INF] HTTP GET /api/v1/roles responded 200 in 51.9602 ms
2026-04-28 17:15:15.860 +07:00 [INF] Request finished HTTP/1.1 GET http://localhost:5283/api/v1/roles - 200 null application/json; charset=utf-8 54.0307ms
2026-04-28 17:15:15.884 +07:00 [INF] Request starting HTTP/1.1 OPTIONS http://localhost:5283/api/v1/phan-quyen/user-roles - null null
2026-04-28 17:15:15.886 +07:00 [INF] CORS policy execution successful.
2026-04-28 17:15:15.886 +07:00 [INF] HTTP OPTIONS /api/v1/phan-quyen/user-roles => 204 in 0.4653 ms CorrelationId=824e834387e449be8c7b097f552eaccf UserId=anonymous
2026-04-28 17:15:15.888 +07:00 [INF] HTTP OPTIONS /api/v1/phan-quyen/user-roles responded 204 in 1.5500 ms
2026-04-28 17:15:15.888 +07:00 [INF] Request finished HTTP/1.1 OPTIONS http://localhost:5283/api/v1/phan-quyen/user-roles - 204 null null 4.0939ms
2026-04-28 17:15:15.891 +07:00 [INF] Request starting HTTP/1.1 GET http://localhost:5283/api/v1/phan-quyen/user-roles - null null
2026-04-28 17:15:15.892 +07:00 [INF] CORS policy execution successful.
2026-04-28 17:15:15.892 +07:00 [INF] Executing endpoint 'ThucLuc.Api.Controllers.V1.PhanQuyenController.GetUserRoleMappings (ThucLuc.Api)'
2026-04-28 17:15:15.893 +07:00 [INF] Route matched with {action = "GetUserRoleMappings", controller = "PhanQuyen"}. Executing controller action with signature System.Threading.Tasks.Task`1[Microsoft.AspNetCore.Mvc.ActionResult`1[ThucLuc.Api.Common.Models.ApiResponse`1[System.Collections.Generic.IReadOnlyCollection`1[ThucLuc.Api.Controllers.V1.UserRoleMappingDto]]]] GetUserRoleMappings(System.Nullable`1[System.Int64], System.Threading.CancellationToken) on controller ThucLuc.Api.Controllers.V1.PhanQuyenController (ThucLuc.Api).
2026-04-28 17:15:15.896 +07:00 [INF] Executing OkObjectResult, writing value of type 'ThucLuc.Api.Common.Models.ApiResponse`1[[System.Collections.Generic.IReadOnlyCollection`1[[ThucLuc.Api.Controllers.V1.UserRoleMappingDto, ThucLuc.Api, Version=1.0.0.0, Culture=neutral, PublicKeyToken=null]], System.Private.CoreLib, Version=8.0.0.0, Culture=neutral, PublicKeyToken=7cec85d7bea7798e]]'.
2026-04-28 17:15:15.897 +07:00 [INF] Executed action ThucLuc.Api.Controllers.V1.PhanQuyenController.GetUserRoleMappings (ThucLuc.Api) in 2.8926ms
2026-04-28 17:15:15.898 +07:00 [INF] Executed endpoint 'ThucLuc.Api.Controllers.V1.PhanQuyenController.GetUserRoleMappings (ThucLuc.Api)'
2026-04-28 17:15:15.898 +07:00 [INF] HTTP GET /api/v1/phan-quyen/user-roles => 200 in 6.1883 ms CorrelationId=55cc97502b8a46368a1d4795ad9e6253 UserId=5001
2026-04-28 17:15:15.899 +07:00 [INF] HTTP GET /api/v1/phan-quyen/user-roles responded 200 in 7.1970 ms
2026-04-28 17:15:15.900 +07:00 [INF] Request finished HTTP/1.1 GET http://localhost:5283/api/v1/phan-quyen/user-roles - 200 null application/json; charset=utf-8 9.2883ms
2026-04-28 17:17:32.701 +07:00 [INF] Request starting HTTP/1.1 OPTIONS http://localhost:5283/api/v1/don-vi/2001 - null null
2026-04-28 17:17:32.704 +07:00 [INF] CORS policy execution successful.
2026-04-28 17:17:32.704 +07:00 [INF] HTTP OPTIONS /api/v1/don-vi/2001 => 204 in 0.5936 ms CorrelationId=46a17165fd3a41a19bd60872133d71f9 UserId=anonymous
2026-04-28 17:17:32.706 +07:00 [INF] Request starting HTTP/1.1 OPTIONS http://localhost:5283/api/v1/users - null null
2026-04-28 17:17:32.706 +07:00 [INF] HTTP OPTIONS /api/v1/don-vi/2001 responded 204 in 2.8305 ms
2026-04-28 17:17:32.706 +07:00 [INF] Request starting HTTP/1.1 OPTIONS http://localhost:5283/api/v1/don-vi - null null
2026-04-28 17:17:32.708 +07:00 [INF] CORS policy execution successful.
2026-04-28 17:17:32.709 +07:00 [INF] Request finished HTTP/1.1 OPTIONS http://localhost:5283/api/v1/don-vi/2001 - 204 null null 8.4958ms
2026-04-28 17:17:32.712 +07:00 [INF] CORS policy execution successful.
2026-04-28 17:17:32.712 +07:00 [INF] HTTP OPTIONS /api/v1/users => 204 in 4.1789 ms CorrelationId=e21129d08df546d9b56380627b582285 UserId=anonymous
2026-04-28 17:17:32.714 +07:00 [INF] Request starting HTTP/1.1 GET http://localhost:5283/api/v1/don-vi/2001 - null null
2026-04-28 17:17:32.715 +07:00 [INF] HTTP OPTIONS /api/v1/don-vi => 204 in 2.8149 ms CorrelationId=3a28678eee17401f82d1e790fd900dcb UserId=anonymous
2026-04-28 17:17:32.717 +07:00 [INF] HTTP OPTIONS /api/v1/users responded 204 in 8.4891 ms
2026-04-28 17:17:32.718 +07:00 [INF] CORS policy execution successful.
2026-04-28 17:17:32.719 +07:00 [INF] HTTP OPTIONS /api/v1/don-vi responded 204 in 7.4281 ms
2026-04-28 17:17:32.720 +07:00 [INF] Request finished HTTP/1.1 OPTIONS http://localhost:5283/api/v1/users - 204 null null 14.3171ms
2026-04-28 17:17:32.721 +07:00 [INF] Executing endpoint 'ThucLuc.Api.Controllers.V1.DonViController.GetById (ThucLuc.Api)'
2026-04-28 17:17:32.723 +07:00 [INF] Request finished HTTP/1.1 OPTIONS http://localhost:5283/api/v1/don-vi - 204 null null 16.168ms
2026-04-28 17:17:32.728 +07:00 [INF] Request starting HTTP/1.1 GET http://localhost:5283/api/v1/don-vi - null null
2026-04-28 17:17:32.726 +07:00 [INF] Route matched with {action = "GetById", controller = "DonVi"}. Executing controller action with signature System.Threading.Tasks.Task`1[Microsoft.AspNetCore.Mvc.ActionResult`1[ThucLuc.Api.Common.Models.ApiResponse`1[ThucLuc.Application.Features.DonVi.DonViDto]]] GetById(Int64, System.Threading.CancellationToken) on controller ThucLuc.Api.Controllers.V1.DonViController (ThucLuc.Api).
2026-04-28 17:17:32.725 +07:00 [INF] Request starting HTTP/1.1 GET http://localhost:5283/api/v1/users - null null
2026-04-28 17:17:32.731 +07:00 [INF] CORS policy execution successful.
2026-04-28 17:17:32.734 +07:00 [INF] CORS policy execution successful.
2026-04-28 17:17:32.735 +07:00 [INF] Executing endpoint 'ThucLuc.Api.Controllers.V1.DonViController.GetList (ThucLuc.Api)'
2026-04-28 17:17:32.735 +07:00 [INF] Executing endpoint 'ThucLuc.Api.Controllers.V1.UsersController.GetAll (ThucLuc.Api)'
2026-04-28 17:17:32.736 +07:00 [INF] Route matched with {action = "GetList", controller = "DonVi"}. Executing controller action with signature System.Threading.Tasks.Task`1[Microsoft.AspNetCore.Mvc.ActionResult`1[ThucLuc.Api.Common.Models.ApiResponse`1[System.Collections.Generic.IReadOnlyCollection`1[ThucLuc.Application.Features.DonVi.DonViDto]]]] GetList(System.Threading.CancellationToken) on controller ThucLuc.Api.Controllers.V1.DonViController (ThucLuc.Api).
2026-04-28 17:17:32.736 +07:00 [INF] Route matched with {action = "GetAll", controller = "Users"}. Executing controller action with signature System.Threading.Tasks.Task`1[Microsoft.AspNetCore.Mvc.ActionResult`1[ThucLuc.Api.Common.Models.ApiResponse`1[System.Collections.Generic.IReadOnlyCollection`1[ThucLuc.Application.Features.Users.UserDto]]]] GetAll(System.Threading.CancellationToken) on controller ThucLuc.Api.Controllers.V1.UsersController (ThucLuc.Api).
2026-04-28 17:17:32.776 +07:00 [INF] Executing OkObjectResult, writing value of type 'ThucLuc.Api.Common.Models.ApiResponse`1[[ThucLuc.Application.Features.DonVi.DonViDto, ThucLuc.Application, Version=1.0.0.0, Culture=neutral, PublicKeyToken=null]]'.
2026-04-28 17:17:32.777 +07:00 [INF] Executed action ThucLuc.Api.Controllers.V1.DonViController.GetById (ThucLuc.Api) in 45.1527ms
2026-04-28 17:17:32.778 +07:00 [INF] Executed endpoint 'ThucLuc.Api.Controllers.V1.DonViController.GetById (ThucLuc.Api)'
2026-04-28 17:17:32.779 +07:00 [INF] HTTP GET /api/v1/don-vi/2001 => 200 in 60.5045 ms CorrelationId=e30bebe742994fa09406bb2a92696084 UserId=5001
2026-04-28 17:17:32.780 +07:00 [INF] Executing OkObjectResult, writing value of type 'ThucLuc.Api.Common.Models.ApiResponse`1[[System.Collections.Generic.IReadOnlyCollection`1[[ThucLuc.Application.Features.Users.UserDto, ThucLuc.Application, Version=1.0.0.0, Culture=neutral, PublicKeyToken=null]], System.Private.CoreLib, Version=8.0.0.0, Culture=neutral, PublicKeyToken=7cec85d7bea7798e]]'.
2026-04-28 17:17:32.780 +07:00 [INF] Executing OkObjectResult, writing value of type 'ThucLuc.Api.Common.Models.ApiResponse`1[[System.Collections.Generic.IReadOnlyCollection`1[[ThucLuc.Application.Features.DonVi.DonViDto, ThucLuc.Application, Version=1.0.0.0, Culture=neutral, PublicKeyToken=null]], System.Private.CoreLib, Version=8.0.0.0, Culture=neutral, PublicKeyToken=7cec85d7bea7798e]]'.
2026-04-28 17:17:32.781 +07:00 [INF] HTTP GET /api/v1/don-vi/2001 responded 200 in 62.3667 ms
2026-04-28 17:17:32.781 +07:00 [INF] Executed action ThucLuc.Api.Controllers.V1.UsersController.GetAll (ThucLuc.Api) in 42.9573ms
2026-04-28 17:17:32.782 +07:00 [INF] Executed action ThucLuc.Api.Controllers.V1.DonViController.GetList (ThucLuc.Api) in 44.8104ms
2026-04-28 17:17:32.783 +07:00 [INF] Request finished HTTP/1.1 GET http://localhost:5283/api/v1/don-vi/2001 - 200 null application/json; charset=utf-8 68.7713ms
2026-04-28 17:17:32.784 +07:00 [INF] Executed endpoint 'ThucLuc.Api.Controllers.V1.UsersController.GetAll (ThucLuc.Api)'
2026-04-28 17:17:32.785 +07:00 [INF] Executed endpoint 'ThucLuc.Api.Controllers.V1.DonViController.GetList (ThucLuc.Api)'
2026-04-28 17:17:32.787 +07:00 [INF] HTTP GET /api/v1/users => 200 in 52.8 ms CorrelationId=aff9be5ab4be43dca37f7ea04ca4a0a2 UserId=5001
2026-04-28 17:17:32.787 +07:00 [INF] HTTP GET /api/v1/don-vi => 200 in 56.8323 ms CorrelationId=151c8756d16c40f4a7dac75f7b90a3af UserId=5001
2026-04-28 17:17:32.789 +07:00 [INF] HTTP GET /api/v1/users responded 200 in 54.5761 ms
2026-04-28 17:17:32.790 +07:00 [INF] HTTP GET /api/v1/don-vi responded 200 in 59.1589 ms
2026-04-28 17:17:32.791 +07:00 [INF] Request finished HTTP/1.1 GET http://localhost:5283/api/v1/users - 200 null application/json; charset=utf-8 65.6905ms
2026-04-28 17:17:32.792 +07:00 [INF] Request finished HTTP/1.1 GET http://localhost:5283/api/v1/don-vi - 200 null application/json; charset=utf-8 63.5331ms
2026-04-28 17:17:32.796 +07:00 [INF] Request starting HTTP/1.1 OPTIONS http://localhost:5283/api/v1/roles - null null
2026-04-28 17:17:32.797 +07:00 [INF] CORS policy execution successful.
2026-04-28 17:17:32.798 +07:00 [INF] HTTP OPTIONS /api/v1/roles => 204 in 0.4922 ms CorrelationId=ee7ebcfdfaa249238134704299c9018f UserId=anonymous
2026-04-28 17:17:32.799 +07:00 [INF] HTTP OPTIONS /api/v1/roles responded 204 in 1.9175 ms
2026-04-28 17:17:32.801 +07:00 [INF] Request finished HTTP/1.1 OPTIONS http://localhost:5283/api/v1/roles - 204 null null 4.8042ms
2026-04-28 17:17:32.803 +07:00 [INF] Request starting HTTP/1.1 GET http://localhost:5283/api/v1/roles - null null
2026-04-28 17:17:32.805 +07:00 [INF] CORS policy execution successful.
2026-04-28 17:17:32.805 +07:00 [INF] Executing endpoint 'ThucLuc.Api.Controllers.V1.RolesController.GetAll (ThucLuc.Api)'
2026-04-28 17:17:32.806 +07:00 [INF] Route matched with {action = "GetAll", controller = "Roles"}. Executing controller action with signature System.Threading.Tasks.Task`1[Microsoft.AspNetCore.Mvc.ActionResult`1[ThucLuc.Api.Common.Models.ApiResponse`1[System.Collections.Generic.IReadOnlyCollection`1[ThucLuc.Application.Features.Roles.RoleDto]]]] GetAll(System.Threading.CancellationToken) on controller ThucLuc.Api.Controllers.V1.RolesController (ThucLuc.Api).
2026-04-28 17:17:32.853 +07:00 [INF] Executing OkObjectResult, writing value of type 'ThucLuc.Api.Common.Models.ApiResponse`1[[System.Collections.Generic.IReadOnlyCollection`1[[ThucLuc.Application.Features.Roles.RoleDto, ThucLuc.Application, Version=1.0.0.0, Culture=neutral, PublicKeyToken=null]], System.Private.CoreLib, Version=8.0.0.0, Culture=neutral, PublicKeyToken=7cec85d7bea7798e]]'.
2026-04-28 17:17:32.854 +07:00 [INF] Executed action ThucLuc.Api.Controllers.V1.RolesController.GetAll (ThucLuc.Api) in 47.1178ms
2026-04-28 17:17:32.855 +07:00 [INF] Executed endpoint 'ThucLuc.Api.Controllers.V1.RolesController.GetAll (ThucLuc.Api)'
2026-04-28 17:17:32.855 +07:00 [INF] HTTP GET /api/v1/roles => 200 in 50.5522 ms CorrelationId=46864caf8c884bcfb1c9d3eb97465b4d UserId=5001
2026-04-28 17:17:32.856 +07:00 [INF] HTTP GET /api/v1/roles responded 200 in 51.6162 ms
2026-04-28 17:17:32.857 +07:00 [INF] Request finished HTTP/1.1 GET http://localhost:5283/api/v1/roles - 200 null application/json; charset=utf-8 54.0006ms
2026-04-28 17:17:32.863 +07:00 [INF] Request starting HTTP/1.1 OPTIONS http://localhost:5283/api/v1/phan-quyen/user-roles - null null
2026-04-28 17:17:32.865 +07:00 [INF] CORS policy execution successful.
2026-04-28 17:17:32.866 +07:00 [INF] HTTP OPTIONS /api/v1/phan-quyen/user-roles => 204 in 0.4907 ms CorrelationId=f13c8d3c620c4f47a27e7be6e9dee81a UserId=anonymous
2026-04-28 17:17:32.868 +07:00 [INF] HTTP OPTIONS /api/v1/phan-quyen/user-roles responded 204 in 2.3060 ms
2026-04-28 17:17:32.869 +07:00 [INF] Request finished HTTP/1.1 OPTIONS http://localhost:5283/api/v1/phan-quyen/user-roles - 204 null null 5.8128ms
2026-04-28 17:17:32.870 +07:00 [INF] Request starting HTTP/1.1 GET http://localhost:5283/api/v1/phan-quyen/user-roles - null null
2026-04-28 17:17:32.872 +07:00 [INF] CORS policy execution successful.
2026-04-28 17:17:32.872 +07:00 [INF] Executing endpoint 'ThucLuc.Api.Controllers.V1.PhanQuyenController.GetUserRoleMappings (ThucLuc.Api)'
2026-04-28 17:17:32.873 +07:00 [INF] Route matched with {action = "GetUserRoleMappings", controller = "PhanQuyen"}. Executing controller action with signature System.Threading.Tasks.Task`1[Microsoft.AspNetCore.Mvc.ActionResult`1[ThucLuc.Api.Common.Models.ApiResponse`1[System.Collections.Generic.IReadOnlyCollection`1[ThucLuc.Api.Controllers.V1.UserRoleMappingDto]]]] GetUserRoleMappings(System.Nullable`1[System.Int64], System.Threading.CancellationToken) on controller ThucLuc.Api.Controllers.V1.PhanQuyenController (ThucLuc.Api).
2026-04-28 17:17:32.877 +07:00 [INF] Executing OkObjectResult, writing value of type 'ThucLuc.Api.Common.Models.ApiResponse`1[[System.Collections.Generic.IReadOnlyCollection`1[[ThucLuc.Api.Controllers.V1.UserRoleMappingDto, ThucLuc.Api, Version=1.0.0.0, Culture=neutral, PublicKeyToken=null]], System.Private.CoreLib, Version=8.0.0.0, Culture=neutral, PublicKeyToken=7cec85d7bea7798e]]'.
2026-04-28 17:17:32.878 +07:00 [INF] Executed action ThucLuc.Api.Controllers.V1.PhanQuyenController.GetUserRoleMappings (ThucLuc.Api) in 3.7275ms
2026-04-28 17:17:32.879 +07:00 [INF] Executed endpoint 'ThucLuc.Api.Controllers.V1.PhanQuyenController.GetUserRoleMappings (ThucLuc.Api)'
2026-04-28 17:17:32.880 +07:00 [INF] HTTP GET /api/v1/phan-quyen/user-roles => 200 in 8.566 ms CorrelationId=70fe4aa2a01648989a8a6b2f99e0dd87 UserId=5001
2026-04-28 17:17:32.882 +07:00 [INF] HTTP GET /api/v1/phan-quyen/user-roles responded 200 in 10.0894 ms
2026-04-28 17:17:32.883 +07:00 [INF] Request finished HTTP/1.1 GET http://localhost:5283/api/v1/phan-quyen/user-roles - 200 null application/json; charset=utf-8 12.7776ms
2026-04-28 17:19:24.716 +07:00 [INF] Request starting HTTP/1.1 OPTIONS http://localhost:5283/api/v1/don-vi/2001 - null null
2026-04-28 17:19:24.720 +07:00 [INF] CORS policy execution successful.
2026-04-28 17:19:24.720 +07:00 [INF] HTTP OPTIONS /api/v1/don-vi/2001 => 204 in 0.765 ms CorrelationId=0a6e918cc783466598bf35355c616013 UserId=anonymous
2026-04-28 17:19:24.722 +07:00 [INF] HTTP OPTIONS /api/v1/don-vi/2001 responded 204 in 2.7283 ms
2026-04-28 17:19:24.723 +07:00 [INF] Request starting HTTP/1.1 OPTIONS http://localhost:5283/api/v1/users - null null
2026-04-28 17:19:24.724 +07:00 [INF] Request starting HTTP/1.1 OPTIONS http://localhost:5283/api/v1/don-vi - null null
2026-04-28 17:19:24.724 +07:00 [INF] Request finished HTTP/1.1 OPTIONS http://localhost:5283/api/v1/don-vi/2001 - 204 null null 8.1109ms
2026-04-28 17:19:24.727 +07:00 [INF] CORS policy execution successful.
2026-04-28 17:19:24.728 +07:00 [INF] CORS policy execution successful.
2026-04-28 17:19:24.731 +07:00 [INF] Request starting HTTP/1.1 GET http://localhost:5283/api/v1/don-vi/2001 - null null
2026-04-28 17:19:24.731 +07:00 [INF] HTTP OPTIONS /api/v1/users => 204 in 4.2454 ms CorrelationId=67ca536570404644add52ad6dcba5973 UserId=anonymous
2026-04-28 17:19:24.732 +07:00 [INF] HTTP OPTIONS /api/v1/don-vi => 204 in 3.1181 ms CorrelationId=b80fc220b80145c8acf978317023cb1b UserId=anonymous
2026-04-28 17:19:24.733 +07:00 [INF] CORS policy execution successful.
2026-04-28 17:19:24.735 +07:00 [INF] HTTP OPTIONS /api/v1/users responded 204 in 7.7487 ms
2026-04-28 17:19:24.736 +07:00 [INF] HTTP OPTIONS /api/v1/don-vi responded 204 in 7.3592 ms
2026-04-28 17:19:24.737 +07:00 [INF] Executing endpoint 'ThucLuc.Api.Controllers.V1.DonViController.GetById (ThucLuc.Api)'
2026-04-28 17:19:24.738 +07:00 [INF] Request finished HTTP/1.1 OPTIONS http://localhost:5283/api/v1/users - 204 null null 15.1281ms
2026-04-28 17:19:24.739 +07:00 [INF] Request finished HTTP/1.1 OPTIONS http://localhost:5283/api/v1/don-vi - 204 null null 15.3808ms
2026-04-28 17:19:24.741 +07:00 [INF] Route matched with {action = "GetById", controller = "DonVi"}. Executing controller action with signature System.Threading.Tasks.Task`1[Microsoft.AspNetCore.Mvc.ActionResult`1[ThucLuc.Api.Common.Models.ApiResponse`1[ThucLuc.Application.Features.DonVi.DonViDto]]] GetById(Int64, System.Threading.CancellationToken) on controller ThucLuc.Api.Controllers.V1.DonViController (ThucLuc.Api).
2026-04-28 17:19:24.746 +07:00 [INF] Request starting HTTP/1.1 GET http://localhost:5283/api/v1/don-vi - null null
2026-04-28 17:19:24.749 +07:00 [INF] Request starting HTTP/1.1 GET http://localhost:5283/api/v1/users - null null
2026-04-28 17:19:24.753 +07:00 [INF] CORS policy execution successful.
2026-04-28 17:19:24.756 +07:00 [INF] CORS policy execution successful.
2026-04-28 17:19:24.757 +07:00 [INF] Executing endpoint 'ThucLuc.Api.Controllers.V1.DonViController.GetList (ThucLuc.Api)'
2026-04-28 17:19:24.758 +07:00 [INF] Executing endpoint 'ThucLuc.Api.Controllers.V1.UsersController.GetAll (ThucLuc.Api)'
2026-04-28 17:19:24.759 +07:00 [INF] Route matched with {action = "GetList", controller = "DonVi"}. Executing controller action with signature System.Threading.Tasks.Task`1[Microsoft.AspNetCore.Mvc.ActionResult`1[ThucLuc.Api.Common.Models.ApiResponse`1[System.Collections.Generic.IReadOnlyCollection`1[ThucLuc.Application.Features.DonVi.DonViDto]]]] GetList(System.Threading.CancellationToken) on controller ThucLuc.Api.Controllers.V1.DonViController (ThucLuc.Api).
2026-04-28 17:19:24.760 +07:00 [INF] Route matched with {action = "GetAll", controller = "Users"}. Executing controller action with signature System.Threading.Tasks.Task`1[Microsoft.AspNetCore.Mvc.ActionResult`1[ThucLuc.Api.Common.Models.ApiResponse`1[System.Collections.Generic.IReadOnlyCollection`1[ThucLuc.Application.Features.Users.UserDto]]]] GetAll(System.Threading.CancellationToken) on controller ThucLuc.Api.Controllers.V1.UsersController (ThucLuc.Api).
2026-04-28 17:19:24.796 +07:00 [INF] Executing OkObjectResult, writing value of type 'ThucLuc.Api.Common.Models.ApiResponse`1[[ThucLuc.Application.Features.DonVi.DonViDto, ThucLuc.Application, Version=1.0.0.0, Culture=neutral, PublicKeyToken=null]]'.
2026-04-28 17:19:24.797 +07:00 [INF] Executed action ThucLuc.Api.Controllers.V1.DonViController.GetById (ThucLuc.Api) in 45.7586ms
2026-04-28 17:19:24.798 +07:00 [INF] Executed endpoint 'ThucLuc.Api.Controllers.V1.DonViController.GetById (ThucLuc.Api)'
2026-04-28 17:19:24.799 +07:00 [INF] HTTP GET /api/v1/don-vi/2001 => 200 in 66.128 ms CorrelationId=77a1053ea64b4f33a9c84aa10e06d04a UserId=5001
2026-04-28 17:19:24.801 +07:00 [INF] HTTP GET /api/v1/don-vi/2001 responded 200 in 67.9482 ms
2026-04-28 17:19:24.803 +07:00 [INF] Request finished HTTP/1.1 GET http://localhost:5283/api/v1/don-vi/2001 - 200 null application/json; charset=utf-8 72.0379ms
2026-04-28 17:19:24.807 +07:00 [INF] Executing OkObjectResult, writing value of type 'ThucLuc.Api.Common.Models.ApiResponse`1[[System.Collections.Generic.IReadOnlyCollection`1[[ThucLuc.Application.Features.Users.UserDto, ThucLuc.Application, Version=1.0.0.0, Culture=neutral, PublicKeyToken=null]], System.Private.CoreLib, Version=8.0.0.0, Culture=neutral, PublicKeyToken=7cec85d7bea7798e]]'.
2026-04-28 17:19:24.807 +07:00 [INF] Executing OkObjectResult, writing value of type 'ThucLuc.Api.Common.Models.ApiResponse`1[[System.Collections.Generic.IReadOnlyCollection`1[[ThucLuc.Application.Features.DonVi.DonViDto, ThucLuc.Application, Version=1.0.0.0, Culture=neutral, PublicKeyToken=null]], System.Private.CoreLib, Version=8.0.0.0, Culture=neutral, PublicKeyToken=7cec85d7bea7798e]]'.
2026-04-28 17:19:24.808 +07:00 [INF] Executed action ThucLuc.Api.Controllers.V1.UsersController.GetAll (ThucLuc.Api) in 44.1737ms
2026-04-28 17:19:24.809 +07:00 [INF] Executed action ThucLuc.Api.Controllers.V1.DonViController.GetList (ThucLuc.Api) in 47.033ms
2026-04-28 17:19:24.811 +07:00 [INF] Executed endpoint 'ThucLuc.Api.Controllers.V1.UsersController.GetAll (ThucLuc.Api)'
2026-04-28 17:19:24.812 +07:00 [INF] Executed endpoint 'ThucLuc.Api.Controllers.V1.DonViController.GetList (ThucLuc.Api)'
2026-04-28 17:19:24.813 +07:00 [INF] HTTP GET /api/v1/users => 200 in 56.7188 ms CorrelationId=92fe258daa9e4c8db5502f69b2953ce3 UserId=5001
2026-04-28 17:19:24.814 +07:00 [INF] HTTP GET /api/v1/don-vi => 200 in 60.367 ms CorrelationId=39bb72a39a264ff4837c3645300f2500 UserId=5001
2026-04-28 17:19:24.816 +07:00 [INF] HTTP GET /api/v1/users responded 200 in 59.3536 ms
2026-04-28 17:19:24.818 +07:00 [INF] HTTP GET /api/v1/don-vi responded 200 in 64.2030 ms
2026-04-28 17:19:24.819 +07:00 [INF] Request finished HTTP/1.1 GET http://localhost:5283/api/v1/users - 200 null application/json; charset=utf-8 69.7646ms
2026-04-28 17:19:24.820 +07:00 [INF] Request finished HTTP/1.1 GET http://localhost:5283/api/v1/don-vi - 200 null application/json; charset=utf-8 73.9752ms
2026-04-28 17:19:24.826 +07:00 [INF] Request starting HTTP/1.1 OPTIONS http://localhost:5283/api/v1/roles - null null
2026-04-28 17:19:24.828 +07:00 [INF] CORS policy execution successful.
2026-04-28 17:19:24.828 +07:00 [INF] HTTP OPTIONS /api/v1/roles => 204 in 0.6488 ms CorrelationId=4da9702c24f64146b4183c55e4a96b92 UserId=anonymous
2026-04-28 17:19:24.830 +07:00 [INF] HTTP OPTIONS /api/v1/roles responded 204 in 2.5047 ms
2026-04-28 17:19:24.832 +07:00 [INF] Request finished HTTP/1.1 OPTIONS http://localhost:5283/api/v1/roles - 204 null null 6.1801ms
2026-04-28 17:19:24.835 +07:00 [INF] Request starting HTTP/1.1 GET http://localhost:5283/api/v1/roles - null null
2026-04-28 17:19:24.839 +07:00 [INF] CORS policy execution successful.
2026-04-28 17:19:24.840 +07:00 [INF] Executing endpoint 'ThucLuc.Api.Controllers.V1.RolesController.GetAll (ThucLuc.Api)'
2026-04-28 17:19:24.840 +07:00 [INF] Route matched with {action = "GetAll", controller = "Roles"}. Executing controller action with signature System.Threading.Tasks.Task`1[Microsoft.AspNetCore.Mvc.ActionResult`1[ThucLuc.Api.Common.Models.ApiResponse`1[System.Collections.Generic.IReadOnlyCollection`1[ThucLuc.Application.Features.Roles.RoleDto]]]] GetAll(System.Threading.CancellationToken) on controller ThucLuc.Api.Controllers.V1.RolesController (ThucLuc.Api).
2026-04-28 17:19:24.890 +07:00 [INF] Executing OkObjectResult, writing value of type 'ThucLuc.Api.Common.Models.ApiResponse`1[[System.Collections.Generic.IReadOnlyCollection`1[[ThucLuc.Application.Features.Roles.RoleDto, ThucLuc.Application, Version=1.0.0.0, Culture=neutral, PublicKeyToken=null]], System.Private.CoreLib, Version=8.0.0.0, Culture=neutral, PublicKeyToken=7cec85d7bea7798e]]'.
2026-04-28 17:19:24.891 +07:00 [INF] Executed action ThucLuc.Api.Controllers.V1.RolesController.GetAll (ThucLuc.Api) in 49.2565ms
2026-04-28 17:19:24.893 +07:00 [INF] Executed endpoint 'ThucLuc.Api.Controllers.V1.RolesController.GetAll (ThucLuc.Api)'
2026-04-28 17:19:24.894 +07:00 [INF] HTTP GET /api/v1/roles => 200 in 55.0576 ms CorrelationId=116bfc8c35e041f895171530fbf0fa96 UserId=5001
2026-04-28 17:19:24.895 +07:00 [INF] HTTP GET /api/v1/roles responded 200 in 56.4821 ms
2026-04-28 17:19:24.896 +07:00 [INF] Request finished HTTP/1.1 GET http://localhost:5283/api/v1/roles - 200 null application/json; charset=utf-8 61.139ms
2026-04-28 17:19:24.899 +07:00 [INF] Request starting HTTP/1.1 OPTIONS http://localhost:5283/api/v1/phan-quyen/user-roles - null null
2026-04-28 17:19:24.900 +07:00 [INF] CORS policy execution successful.
2026-04-28 17:19:24.901 +07:00 [INF] HTTP OPTIONS /api/v1/phan-quyen/user-roles => 204 in 0.5921 ms CorrelationId=05e28478fe9449fd99e607c4218eea28 UserId=anonymous
2026-04-28 17:19:24.902 +07:00 [INF] HTTP OPTIONS /api/v1/phan-quyen/user-roles responded 204 in 2.0981 ms
2026-04-28 17:19:24.904 +07:00 [INF] Request finished HTTP/1.1 OPTIONS http://localhost:5283/api/v1/phan-quyen/user-roles - 204 null null 4.8714ms
2026-04-28 17:19:24.906 +07:00 [INF] Request starting HTTP/1.1 GET http://localhost:5283/api/v1/phan-quyen/user-roles - null null
2026-04-28 17:19:24.907 +07:00 [INF] CORS policy execution successful.
2026-04-28 17:19:24.908 +07:00 [INF] Executing endpoint 'ThucLuc.Api.Controllers.V1.PhanQuyenController.GetUserRoleMappings (ThucLuc.Api)'
2026-04-28 17:19:24.909 +07:00 [INF] Route matched with {action = "GetUserRoleMappings", controller = "PhanQuyen"}. Executing controller action with signature System.Threading.Tasks.Task`1[Microsoft.AspNetCore.Mvc.ActionResult`1[ThucLuc.Api.Common.Models.ApiResponse`1[System.Collections.Generic.IReadOnlyCollection`1[ThucLuc.Api.Controllers.V1.UserRoleMappingDto]]]] GetUserRoleMappings(System.Nullable`1[System.Int64], System.Threading.CancellationToken) on controller ThucLuc.Api.Controllers.V1.PhanQuyenController (ThucLuc.Api).
2026-04-28 17:19:24.913 +07:00 [INF] Executing OkObjectResult, writing value of type 'ThucLuc.Api.Common.Models.ApiResponse`1[[System.Collections.Generic.IReadOnlyCollection`1[[ThucLuc.Api.Controllers.V1.UserRoleMappingDto, ThucLuc.Api, Version=1.0.0.0, Culture=neutral, PublicKeyToken=null]], System.Private.CoreLib, Version=8.0.0.0, Culture=neutral, PublicKeyToken=7cec85d7bea7798e]]'.
2026-04-28 17:19:24.914 +07:00 [INF] Executed action ThucLuc.Api.Controllers.V1.PhanQuyenController.GetUserRoleMappings (ThucLuc.Api) in 4.0135ms
2026-04-28 17:19:24.915 +07:00 [INF] Executed endpoint 'ThucLuc.Api.Controllers.V1.PhanQuyenController.GetUserRoleMappings (ThucLuc.Api)'
2026-04-28 17:19:24.916 +07:00 [INF] HTTP GET /api/v1/phan-quyen/user-roles => 200 in 9.0501 ms CorrelationId=45f7822027f744fe8b67a34cea2c127f UserId=5001
2026-04-28 17:19:24.918 +07:00 [INF] HTTP GET /api/v1/phan-quyen/user-roles responded 200 in 10.5982 ms
2026-04-28 17:19:24.919 +07:00 [INF] Request finished HTTP/1.1 GET http://localhost:5283/api/v1/phan-quyen/user-roles - 200 null application/json; charset=utf-8 13.4782ms
2026-04-28 17:20:25.100 +07:00 [INF] Request starting HTTP/1.1 OPTIONS http://localhost:5283/api/v1/roles - null null
2026-04-28 17:20:25.115 +07:00 [INF] CORS policy execution successful.
2026-04-28 17:20:25.117 +07:00 [INF] HTTP OPTIONS /api/v1/roles => 204 in 1.4935 ms CorrelationId=2771c08d4f33414d98e1d9dec3616aac UserId=anonymous
2026-04-28 17:20:25.120 +07:00 [INF] HTTP OPTIONS /api/v1/roles responded 204 in 5.0593 ms
2026-04-28 17:20:25.122 +07:00 [INF] Request finished HTTP/1.1 OPTIONS http://localhost:5283/api/v1/roles - 204 null null 22.3999ms
2026-04-28 17:20:25.131 +07:00 [INF] Request starting HTTP/1.1 GET http://localhost:5283/api/v1/roles - null null
2026-04-28 17:20:25.148 +07:00 [INF] CORS policy execution successful.
2026-04-28 17:20:25.153 +07:00 [INF] Executing endpoint 'ThucLuc.Api.Controllers.V1.RolesController.GetAll (ThucLuc.Api)'
2026-04-28 17:20:25.155 +07:00 [INF] Route matched with {action = "GetAll", controller = "Roles"}. Executing controller action with signature System.Threading.Tasks.Task`1[Microsoft.AspNetCore.Mvc.ActionResult`1[ThucLuc.Api.Common.Models.ApiResponse`1[System.Collections.Generic.IReadOnlyCollection`1[ThucLuc.Application.Features.Roles.RoleDto]]]] GetAll(System.Threading.CancellationToken) on controller ThucLuc.Api.Controllers.V1.RolesController (ThucLuc.Api).
2026-04-28 17:20:25.246 +07:00 [INF] Executing OkObjectResult, writing value of type 'ThucLuc.Api.Common.Models.ApiResponse`1[[System.Collections.Generic.IReadOnlyCollection`1[[ThucLuc.Application.Features.Roles.RoleDto, ThucLuc.Application, Version=1.0.0.0, Culture=neutral, PublicKeyToken=null]], System.Private.CoreLib, Version=8.0.0.0, Culture=neutral, PublicKeyToken=7cec85d7bea7798e]]'.
2026-04-28 17:20:25.248 +07:00 [INF] Executed action ThucLuc.Api.Controllers.V1.RolesController.GetAll (ThucLuc.Api) in 89.9342ms
2026-04-28 17:20:25.258 +07:00 [INF] Executed endpoint 'ThucLuc.Api.Controllers.V1.RolesController.GetAll (ThucLuc.Api)'
2026-04-28 17:20:25.260 +07:00 [INF] HTTP GET /api/v1/roles => 200 in 112.5422 ms CorrelationId=168dd2a71379438b83289bd9a202d385 UserId=5001
2026-04-28 17:20:25.272 +07:00 [INF] HTTP GET /api/v1/roles responded 200 in 124.2941 ms
2026-04-28 17:20:25.277 +07:00 [INF] Request finished HTTP/1.1 GET http://localhost:5283/api/v1/roles - 200 null application/json; charset=utf-8 146.1936ms
2026-04-28 17:20:26.510 +07:00 [INF] Request starting HTTP/1.1 OPTIONS http://localhost:5283/api/v1/permissions - null null
2026-04-28 17:20:26.512 +07:00 [INF] CORS policy execution successful.
2026-04-28 17:20:26.513 +07:00 [INF] HTTP OPTIONS /api/v1/permissions => 204 in 0.6759 ms CorrelationId=fe393bc77da1475bbc5ef63e635f07e4 UserId=anonymous
2026-04-28 17:20:26.515 +07:00 [INF] HTTP OPTIONS /api/v1/permissions responded 204 in 2.4137 ms
2026-04-28 17:20:26.517 +07:00 [INF] Request finished HTTP/1.1 OPTIONS http://localhost:5283/api/v1/permissions - 204 null null 6.8394ms
2026-04-28 17:20:26.522 +07:00 [INF] Request starting HTTP/1.1 GET http://localhost:5283/api/v1/permissions - null null
2026-04-28 17:20:26.525 +07:00 [INF] CORS policy execution successful.
2026-04-28 17:20:26.526 +07:00 [INF] Executing endpoint 'ThucLuc.Api.Controllers.V1.PermissionsController.GetAll (ThucLuc.Api)'
2026-04-28 17:20:26.528 +07:00 [INF] Route matched with {action = "GetAll", controller = "Permissions"}. Executing controller action with signature System.Threading.Tasks.Task`1[Microsoft.AspNetCore.Mvc.ActionResult`1[ThucLuc.Api.Common.Models.ApiResponse`1[System.Collections.Generic.IReadOnlyCollection`1[ThucLuc.Api.Controllers.V1.PermissionItemDto]]]] GetAll(System.Threading.CancellationToken) on controller ThucLuc.Api.Controllers.V1.PermissionsController (ThucLuc.Api).
2026-04-28 17:20:26.574 +07:00 [INF] Executing OkObjectResult, writing value of type 'ThucLuc.Api.Common.Models.ApiResponse`1[[System.Collections.Generic.IReadOnlyCollection`1[[ThucLuc.Api.Controllers.V1.PermissionItemDto, ThucLuc.Api, Version=1.0.0.0, Culture=neutral, PublicKeyToken=null]], System.Private.CoreLib, Version=8.0.0.0, Culture=neutral, PublicKeyToken=7cec85d7bea7798e]]'.
2026-04-28 17:20:26.576 +07:00 [INF] Executed action ThucLuc.Api.Controllers.V1.PermissionsController.GetAll (ThucLuc.Api) in 45.9009ms
2026-04-28 17:20:26.576 +07:00 [INF] Executed endpoint 'ThucLuc.Api.Controllers.V1.PermissionsController.GetAll (ThucLuc.Api)'
2026-04-28 17:20:26.577 +07:00 [INF] HTTP GET /api/v1/permissions => 200 in 52.2182 ms CorrelationId=8df6417f400c4981a5967b70d047c076 UserId=5001
2026-04-28 17:20:26.578 +07:00 [INF] HTTP GET /api/v1/permissions responded 200 in 53.3607 ms
2026-04-28 17:20:26.579 +07:00 [INF] Request finished HTTP/1.1 GET http://localhost:5283/api/v1/permissions - 200 null application/json; charset=utf-8 56.9159ms
2026-04-28 17:20:28.178 +07:00 [INF] Request starting HTTP/1.1 OPTIONS http://localhost:5283/api/v1/users - null null
2026-04-28 17:20:28.178 +07:00 [INF] Request starting HTTP/1.1 OPTIONS http://localhost:5283/api/v1/don-vi - null null
2026-04-28 17:20:28.180 +07:00 [INF] CORS policy execution successful.
2026-04-28 17:20:28.181 +07:00 [INF] CORS policy execution successful.
2026-04-28 17:20:28.181 +07:00 [INF] HTTP OPTIONS /api/v1/don-vi => 204 in 0.5527 ms CorrelationId=ef89316c87f041fbacf7f08ecc478db7 UserId=anonymous
2026-04-28 17:20:28.181 +07:00 [INF] HTTP OPTIONS /api/v1/users => 204 in 1.1663 ms CorrelationId=d10aea4fec974649bc45efb8e1ee0abd UserId=anonymous
2026-04-28 17:20:28.182 +07:00 [INF] HTTP OPTIONS /api/v1/don-vi responded 204 in 1.4022 ms
2026-04-28 17:20:28.183 +07:00 [INF] HTTP OPTIONS /api/v1/users responded 204 in 3.2819 ms
2026-04-28 17:20:28.184 +07:00 [INF] Request finished HTTP/1.1 OPTIONS http://localhost:5283/api/v1/don-vi - 204 null null 6.0204ms
2026-04-28 17:20:28.185 +07:00 [INF] Request finished HTTP/1.1 OPTIONS http://localhost:5283/api/v1/users - 204 null null 7.0407ms
2026-04-28 17:20:28.190 +07:00 [INF] Request starting HTTP/1.1 GET http://localhost:5283/api/v1/users - null null
2026-04-28 17:20:28.193 +07:00 [INF] Request starting HTTP/1.1 GET http://localhost:5283/api/v1/don-vi - null null
2026-04-28 17:20:28.194 +07:00 [INF] CORS policy execution successful.
2026-04-28 17:20:28.196 +07:00 [INF] CORS policy execution successful.
2026-04-28 17:20:28.197 +07:00 [INF] Executing endpoint 'ThucLuc.Api.Controllers.V1.UsersController.GetAll (ThucLuc.Api)'
2026-04-28 17:20:28.197 +07:00 [INF] Executing endpoint 'ThucLuc.Api.Controllers.V1.DonViController.GetList (ThucLuc.Api)'
2026-04-28 17:20:28.198 +07:00 [INF] Route matched with {action = "GetAll", controller = "Users"}. Executing controller action with signature System.Threading.Tasks.Task`1[Microsoft.AspNetCore.Mvc.ActionResult`1[ThucLuc.Api.Common.Models.ApiResponse`1[System.Collections.Generic.IReadOnlyCollection`1[ThucLuc.Application.Features.Users.UserDto]]]] GetAll(System.Threading.CancellationToken) on controller ThucLuc.Api.Controllers.V1.UsersController (ThucLuc.Api).
2026-04-28 17:20:28.198 +07:00 [INF] Route matched with {action = "GetList", controller = "DonVi"}. Executing controller action with signature System.Threading.Tasks.Task`1[Microsoft.AspNetCore.Mvc.ActionResult`1[ThucLuc.Api.Common.Models.ApiResponse`1[System.Collections.Generic.IReadOnlyCollection`1[ThucLuc.Application.Features.DonVi.DonViDto]]]] GetList(System.Threading.CancellationToken) on controller ThucLuc.Api.Controllers.V1.DonViController (ThucLuc.Api).
2026-04-28 17:20:28.202 +07:00 [INF] Executing OkObjectResult, writing value of type 'ThucLuc.Api.Common.Models.ApiResponse`1[[System.Collections.Generic.IReadOnlyCollection`1[[ThucLuc.Application.Features.DonVi.DonViDto, ThucLuc.Application, Version=1.0.0.0, Culture=neutral, PublicKeyToken=null]], System.Private.CoreLib, Version=8.0.0.0, Culture=neutral, PublicKeyToken=7cec85d7bea7798e]]'.
2026-04-28 17:20:28.204 +07:00 [INF] Executed action ThucLuc.Api.Controllers.V1.DonViController.GetList (ThucLuc.Api) in 3.6475ms
2026-04-28 17:20:28.206 +07:00 [INF] Executed endpoint 'ThucLuc.Api.Controllers.V1.DonViController.GetList (ThucLuc.Api)'
2026-04-28 17:20:28.207 +07:00 [INF] HTTP GET /api/v1/don-vi => 200 in 11.1013 ms CorrelationId=f23240dd09c74758b88f2d617bbbf6e5 UserId=5001
2026-04-28 17:20:28.209 +07:00 [INF] HTTP GET /api/v1/don-vi responded 200 in 12.8644 ms
2026-04-28 17:20:28.210 +07:00 [INF] Request finished HTTP/1.1 GET http://localhost:5283/api/v1/don-vi - 200 null application/json; charset=utf-8 16.7501ms
2026-04-28 17:20:28.245 +07:00 [INF] Executing OkObjectResult, writing value of type 'ThucLuc.Api.Common.Models.ApiResponse`1[[System.Collections.Generic.IReadOnlyCollection`1[[ThucLuc.Application.Features.Users.UserDto, ThucLuc.Application, Version=1.0.0.0, Culture=neutral, PublicKeyToken=null]], System.Private.CoreLib, Version=8.0.0.0, Culture=neutral, PublicKeyToken=7cec85d7bea7798e]]'.
2026-04-28 17:20:28.248 +07:00 [INF] Executed action ThucLuc.Api.Controllers.V1.UsersController.GetAll (ThucLuc.Api) in 48.2112ms
2026-04-28 17:20:28.249 +07:00 [INF] Executed endpoint 'ThucLuc.Api.Controllers.V1.UsersController.GetAll (ThucLuc.Api)'
2026-04-28 17:20:28.251 +07:00 [INF] HTTP GET /api/v1/users => 200 in 56.7088 ms CorrelationId=5147b5e6c8f946e683acf600ccbcbcd5 UserId=5001
2026-04-28 17:20:28.256 +07:00 [INF] HTTP GET /api/v1/users responded 200 in 62.0271 ms
2026-04-28 17:20:28.257 +07:00 [INF] Request finished HTTP/1.1 GET http://localhost:5283/api/v1/users - 200 null application/json; charset=utf-8 67.2718ms
2026-04-28 17:20:28.261 +07:00 [INF] Request starting HTTP/1.1 GET http://localhost:5283/api/v1/roles - null null
2026-04-28 17:20:28.263 +07:00 [INF] CORS policy execution successful.
2026-04-28 17:20:28.265 +07:00 [INF] Executing endpoint 'ThucLuc.Api.Controllers.V1.RolesController.GetAll (ThucLuc.Api)'
2026-04-28 17:20:28.267 +07:00 [INF] Route matched with {action = "GetAll", controller = "Roles"}. Executing controller action with signature System.Threading.Tasks.Task`1[Microsoft.AspNetCore.Mvc.ActionResult`1[ThucLuc.Api.Common.Models.ApiResponse`1[System.Collections.Generic.IReadOnlyCollection`1[ThucLuc.Application.Features.Roles.RoleDto]]]] GetAll(System.Threading.CancellationToken) on controller ThucLuc.Api.Controllers.V1.RolesController (ThucLuc.Api).
2026-04-28 17:20:28.277 +07:00 [INF] Executing OkObjectResult, writing value of type 'ThucLuc.Api.Common.Models.ApiResponse`1[[System.Collections.Generic.IReadOnlyCollection`1[[ThucLuc.Application.Features.Roles.RoleDto, ThucLuc.Application, Version=1.0.0.0, Culture=neutral, PublicKeyToken=null]], System.Private.CoreLib, Version=8.0.0.0, Culture=neutral, PublicKeyToken=7cec85d7bea7798e]]'.
2026-04-28 17:20:28.280 +07:00 [INF] Executed action ThucLuc.Api.Controllers.V1.RolesController.GetAll (ThucLuc.Api) in 7.2709ms
2026-04-28 17:20:28.281 +07:00 [INF] Executed endpoint 'ThucLuc.Api.Controllers.V1.RolesController.GetAll (ThucLuc.Api)'
2026-04-28 17:20:28.283 +07:00 [INF] HTTP GET /api/v1/roles => 200 in 20.2835 ms CorrelationId=6373d677677d4ea6b59d6f9770a76d4b UserId=5001
2026-04-28 17:20:28.285 +07:00 [INF] HTTP GET /api/v1/roles responded 200 in 22.0859 ms
2026-04-28 17:20:28.289 +07:00 [INF] Request finished HTTP/1.1 GET http://localhost:5283/api/v1/roles - 200 null application/json; charset=utf-8 27.9913ms
2026-04-28 17:20:28.292 +07:00 [INF] Request starting HTTP/1.1 OPTIONS http://localhost:5283/api/v1/phan-quyen/user-roles - null null
2026-04-28 17:20:28.294 +07:00 [INF] CORS policy execution successful.
2026-04-28 17:20:28.295 +07:00 [INF] HTTP OPTIONS /api/v1/phan-quyen/user-roles => 204 in 0.8041 ms CorrelationId=4b82187d45ce4186aaf1381d47b63d0e UserId=anonymous
2026-04-28 17:20:28.297 +07:00 [INF] HTTP OPTIONS /api/v1/phan-quyen/user-roles responded 204 in 2.5583 ms
2026-04-28 17:20:28.299 +07:00 [INF] Request finished HTTP/1.1 OPTIONS http://localhost:5283/api/v1/phan-quyen/user-roles - 204 null null 6.7199ms
2026-04-28 17:20:28.301 +07:00 [INF] Request starting HTTP/1.1 GET http://localhost:5283/api/v1/phan-quyen/user-roles - null null
2026-04-28 17:20:28.305 +07:00 [INF] CORS policy execution successful.
2026-04-28 17:20:28.305 +07:00 [INF] Executing endpoint 'ThucLuc.Api.Controllers.V1.PhanQuyenController.GetUserRoleMappings (ThucLuc.Api)'
2026-04-28 17:20:28.307 +07:00 [INF] Route matched with {action = "GetUserRoleMappings", controller = "PhanQuyen"}. Executing controller action with signature System.Threading.Tasks.Task`1[Microsoft.AspNetCore.Mvc.ActionResult`1[ThucLuc.Api.Common.Models.ApiResponse`1[System.Collections.Generic.IReadOnlyCollection`1[ThucLuc.Api.Controllers.V1.UserRoleMappingDto]]]] GetUserRoleMappings(System.Nullable`1[System.Int64], System.Threading.CancellationToken) on controller ThucLuc.Api.Controllers.V1.PhanQuyenController (ThucLuc.Api).
2026-04-28 17:20:28.311 +07:00 [INF] Executing OkObjectResult, writing value of type 'ThucLuc.Api.Common.Models.ApiResponse`1[[System.Collections.Generic.IReadOnlyCollection`1[[ThucLuc.Api.Controllers.V1.UserRoleMappingDto, ThucLuc.Api, Version=1.0.0.0, Culture=neutral, PublicKeyToken=null]], System.Private.CoreLib, Version=8.0.0.0, Culture=neutral, PublicKeyToken=7cec85d7bea7798e]]'.
2026-04-28 17:20:28.312 +07:00 [INF] Executed action ThucLuc.Api.Controllers.V1.PhanQuyenController.GetUserRoleMappings (ThucLuc.Api) in 4.0847ms
2026-04-28 17:20:28.313 +07:00 [INF] Executed endpoint 'ThucLuc.Api.Controllers.V1.PhanQuyenController.GetUserRoleMappings (ThucLuc.Api)'
2026-04-28 17:20:28.313 +07:00 [INF] HTTP GET /api/v1/phan-quyen/user-roles => 200 in 8.6566 ms CorrelationId=56bfd9b5a256494da1206d76cba61614 UserId=5001
2026-04-28 17:20:28.314 +07:00 [INF] HTTP GET /api/v1/phan-quyen/user-roles responded 200 in 9.6666 ms
2026-04-28 17:20:28.315 +07:00 [INF] Request finished HTTP/1.1 GET http://localhost:5283/api/v1/phan-quyen/user-roles - 200 null application/json; charset=utf-8 13.5976ms
