2026-05-06 10:45:26.594 +07:00 [INF] Baseline seed data has been applied successfully.
2026-05-06 10:45:26.698 +07:00 [INF] User profile is available. Using 'C:\Users\CNTT\AppData\Local\ASP.NET\DataProtection-Keys' as key repository and Windows DPAPI to encrypt keys at rest.
2026-05-06 10:45:26.750 +07:00 [ERR] Hosting failed to start
System.IO.IOException: Failed to bind to address http://127.0.0.1:5283: address already in use.
 ---> Microsoft.AspNetCore.Connections.AddressInUseException: Only one usage of each socket address (protocol/network address/port) is normally permitted.
 ---> System.Net.Sockets.SocketException (10048): Only one usage of each socket address (protocol/network address/port) is normally permitted.
   at System.Net.Sockets.Socket.UpdateStatusAfterSocketErrorAndThrowException(SocketError error, Boolean disconnectOnFailure, String callerName)
   at System.Net.Sockets.Socket.DoBind(EndPoint endPointSnapshot, SocketAddress socketAddress)
   at System.Net.Sockets.Socket.Bind(EndPoint localEP)
   at Microsoft.AspNetCore.Server.Kestrel.Transport.Sockets.SocketTransportOptions.CreateDefaultBoundListenSocket(EndPoint endpoint)
   at Microsoft.AspNetCore.Server.Kestrel.Transport.Sockets.SocketConnectionListener.Bind()
   --- End of inner exception stack trace ---
   at Microsoft.AspNetCore.Server.Kestrel.Transport.Sockets.SocketConnectionListener.Bind()
   at Microsoft.AspNetCore.Server.Kestrel.Transport.Sockets.SocketTransportFactory.BindAsync(EndPoint endpoint, CancellationToken cancellationToken)
   at Microsoft.AspNetCore.Server.Kestrel.Core.Internal.Infrastructure.TransportManager.BindAsync(EndPoint endPoint, ConnectionDelegate connectionDelegate, EndpointConfig endpointConfig, CancellationToken cancellationToken)
   at Microsoft.AspNetCore.Server.Kestrel.Core.KestrelServerImpl.<>c__DisplayClass28_0`1.<<StartAsync>g__OnBind|0>d.MoveNext()
--- End of stack trace from previous location ---
   at Microsoft.AspNetCore.Server.Kestrel.Core.Internal.AddressBinder.BindEndpointAsync(ListenOptions endpoint, AddressBindContext context, CancellationToken cancellationToken)
   --- End of inner exception stack trace ---
   at Microsoft.AspNetCore.Server.Kestrel.Core.Internal.AddressBinder.BindEndpointAsync(ListenOptions endpoint, AddressBindContext context, CancellationToken cancellationToken)
   at Microsoft.AspNetCore.Server.Kestrel.Core.LocalhostListenOptions.BindAsync(AddressBindContext context, CancellationToken cancellationToken)
   at Microsoft.AspNetCore.Server.Kestrel.Core.Internal.AddressBinder.AddressesStrategy.BindAsync(AddressBindContext context, CancellationToken cancellationToken)
   at Microsoft.AspNetCore.Server.Kestrel.Core.Internal.AddressBinder.BindAsync(ListenOptions[] listenOptions, AddressBindContext context, Func`2 useHttps, CancellationToken cancellationToken)
   at Microsoft.AspNetCore.Server.Kestrel.Core.KestrelServerImpl.BindAsync(CancellationToken cancellationToken)
   at Microsoft.AspNetCore.Server.Kestrel.Core.KestrelServerImpl.StartAsync[TContext](IHttpApplication`1 application, CancellationToken cancellationToken)
   at Microsoft.AspNetCore.Hosting.GenericWebHostService.StartAsync(CancellationToken cancellationToken)
   at Microsoft.Extensions.Hosting.Internal.Host.<StartAsync>b__15_1(IHostedService service, CancellationToken token)
   at Microsoft.Extensions.Hosting.Internal.Host.ForeachService[T](IEnumerable`1 services, CancellationToken token, Boolean concurrent, Boolean abortOnFirstException, List`1 exceptions, Func`3 operation)
2026-05-06 10:55:11.345 +07:00 [INF] Baseline seed data has been applied successfully.
2026-05-06 10:55:11.436 +07:00 [INF] User profile is available. Using 'C:\Users\CNTT\AppData\Local\ASP.NET\DataProtection-Keys' as key repository and Windows DPAPI to encrypt keys at rest.
2026-05-06 10:55:11.486 +07:00 [INF] Now listening on: http://localhost:5283
2026-05-06 10:55:11.488 +07:00 [INF] Application started. Press Ctrl+C to shut down.
2026-05-06 10:55:11.489 +07:00 [INF] Hosting environment: Development
2026-05-06 10:55:11.490 +07:00 [INF] Content root path: D:\Projects\ThucLuc_V2\.sources\backend\src\api
2026-05-06 10:57:31.658 +07:00 [INF] Request starting HTTP/1.1 OPTIONS http://localhost:5283/api/v1/don-vi/2001 - null null
2026-05-06 10:57:31.658 +07:00 [INF] Request starting HTTP/1.1 OPTIONS http://localhost:5283/api/v1/ha-tang-mang?donViId=2001 - null null
2026-05-06 10:57:31.658 +07:00 [INF] Request starting HTTP/1.1 OPTIONS http://localhost:5283/api/v1/don-vi/2001 - null null
2026-05-06 10:57:31.708 +07:00 [WRN] Failed to determine the https port for redirect.
2026-05-06 10:57:31.710 +07:00 [INF] CORS policy execution successful.
2026-05-06 10:57:31.710 +07:00 [INF] CORS policy execution successful.
2026-05-06 10:57:31.710 +07:00 [INF] CORS policy execution successful.
2026-05-06 10:57:31.712 +07:00 [INF] HTTP OPTIONS /api/v1/don-vi/2001 => 204 in 14.7741 ms CorrelationId=380aa6d1c674489db59673ed9a64ce6b UserId=anonymous
2026-05-06 10:57:31.712 +07:00 [INF] HTTP OPTIONS /api/v1/don-vi/2001 => 204 in 14.9815 ms CorrelationId=d7581bd503f2407d95154e1a1491e091 UserId=anonymous
2026-05-06 10:57:31.712 +07:00 [INF] HTTP OPTIONS /api/v1/ha-tang-mang => 204 in 16.077 ms CorrelationId=e0fe7c63909542f5871c565044bb5514 UserId=anonymous
2026-05-06 10:57:31.718 +07:00 [INF] HTTP OPTIONS /api/v1/don-vi/2001 responded 204 in 23.7600 ms
2026-05-06 10:57:31.720 +07:00 [INF] HTTP OPTIONS /api/v1/don-vi/2001 responded 204 in 27.4927 ms
2026-05-06 10:57:31.723 +07:00 [INF] HTTP OPTIONS /api/v1/ha-tang-mang responded 204 in 30.3760 ms
2026-05-06 10:57:31.729 +07:00 [INF] Request finished HTTP/1.1 OPTIONS http://localhost:5283/api/v1/don-vi/2001 - 204 null null 72.214ms
2026-05-06 10:57:31.732 +07:00 [INF] Request finished HTTP/1.1 OPTIONS http://localhost:5283/api/v1/don-vi/2001 - 204 null null 75.3342ms
2026-05-06 10:57:31.735 +07:00 [INF] Request finished HTTP/1.1 OPTIONS http://localhost:5283/api/v1/ha-tang-mang?donViId=2001 - 204 null null 77.8566ms
2026-05-06 10:57:31.742 +07:00 [INF] Request starting HTTP/1.1 GET http://localhost:5283/api/v1/don-vi/2001 - null null
2026-05-06 10:57:31.747 +07:00 [INF] Request starting HTTP/1.1 GET http://localhost:5283/api/v1/ha-tang-mang?donViId=2001 - null null
2026-05-06 10:57:31.755 +07:00 [INF] CORS policy execution successful.
2026-05-06 10:57:31.755 +07:00 [INF] CORS policy execution successful.
2026-05-06 10:57:31.807 +07:00 [INF] Executing endpoint 'ThucLuc.Api.Controllers.V1.HaTangMangController.GetAll (ThucLuc.Api)'
2026-05-06 10:57:31.807 +07:00 [INF] Executing endpoint 'ThucLuc.Api.Controllers.V1.DonViController.GetById (ThucLuc.Api)'
2026-05-06 10:57:31.821 +07:00 [INF] Route matched with {action = "GetAll", controller = "HaTangMang"}. Executing controller action with signature System.Threading.Tasks.Task`1[Microsoft.AspNetCore.Mvc.ActionResult`1[ThucLuc.Api.Common.Models.ApiResponse`1[System.Collections.Generic.IReadOnlyCollection`1[ThucLuc.Application.Features.HaTangMang.HaTangMangDto]]]] GetAll(System.Threading.CancellationToken) on controller ThucLuc.Api.Controllers.V1.HaTangMangController (ThucLuc.Api).
2026-05-06 10:57:31.821 +07:00 [INF] Route matched with {action = "GetById", controller = "DonVi"}. Executing controller action with signature System.Threading.Tasks.Task`1[Microsoft.AspNetCore.Mvc.ActionResult`1[ThucLuc.Api.Common.Models.ApiResponse`1[ThucLuc.Application.Features.DonVi.DonViDto]]] GetById(Int64, System.Threading.CancellationToken) on controller ThucLuc.Api.Controllers.V1.DonViController (ThucLuc.Api).
2026-05-06 10:57:31.935 +07:00 [INF] Executing OkObjectResult, writing value of type 'ThucLuc.Api.Common.Models.ApiResponse`1[[System.Collections.Generic.IReadOnlyCollection`1[[ThucLuc.Application.Features.HaTangMang.HaTangMangDto, ThucLuc.Application, Version=1.0.0.0, Culture=neutral, PublicKeyToken=null]], System.Private.CoreLib, Version=8.0.0.0, Culture=neutral, PublicKeyToken=7cec85d7bea7798e]]'.
2026-05-06 10:57:31.961 +07:00 [INF] Executed action ThucLuc.Api.Controllers.V1.HaTangMangController.GetAll (ThucLuc.Api) in 136.5226ms
2026-05-06 10:57:31.963 +07:00 [INF] Executed endpoint 'ThucLuc.Api.Controllers.V1.HaTangMangController.GetAll (ThucLuc.Api)'
2026-05-06 10:57:31.965 +07:00 [INF] HTTP GET /api/v1/ha-tang-mang => 200 in 210.8123 ms CorrelationId=635f4a53cd3a4f1b875ffca495753e6e UserId=5001
2026-05-06 10:57:31.967 +07:00 [INF] HTTP GET /api/v1/ha-tang-mang responded 200 in 213.2312 ms
2026-05-06 10:57:31.975 +07:00 [INF] Request finished HTTP/1.1 GET http://localhost:5283/api/v1/ha-tang-mang?donViId=2001 - 200 null application/json; charset=utf-8 227.5375ms
2026-05-06 10:57:31.997 +07:00 [INF] Executing OkObjectResult, writing value of type 'ThucLuc.Api.Common.Models.ApiResponse`1[[ThucLuc.Application.Features.DonVi.DonViDto, ThucLuc.Application, Version=1.0.0.0, Culture=neutral, PublicKeyToken=null]]'.
2026-05-06 10:57:32.008 +07:00 [INF] Executed action ThucLuc.Api.Controllers.V1.DonViController.GetById (ThucLuc.Api) in 183.1823ms
2026-05-06 10:57:32.010 +07:00 [INF] Request starting HTTP/1.1 GET http://localhost:5283/api/v1/don-vi/2001 - null null
2026-05-06 10:57:32.010 +07:00 [INF] Executed endpoint 'ThucLuc.Api.Controllers.V1.DonViController.GetById (ThucLuc.Api)'
2026-05-06 10:57:32.013 +07:00 [INF] CORS policy execution successful.
2026-05-06 10:57:32.013 +07:00 [INF] HTTP GET /api/v1/don-vi/2001 => 200 in 259.4077 ms CorrelationId=eef694e384e34e2dbe3faa14ecf3b700 UserId=5001
2026-05-06 10:57:32.017 +07:00 [INF] HTTP GET /api/v1/don-vi/2001 responded 200 in 262.6669 ms
2026-05-06 10:57:32.019 +07:00 [INF] Executing endpoint 'ThucLuc.Api.Controllers.V1.DonViController.GetById (ThucLuc.Api)'
2026-05-06 10:57:32.020 +07:00 [INF] Request finished HTTP/1.1 GET http://localhost:5283/api/v1/don-vi/2001 - 200 null application/json; charset=utf-8 278.1288ms
2026-05-06 10:57:32.024 +07:00 [INF] Route matched with {action = "GetById", controller = "DonVi"}. Executing controller action with signature System.Threading.Tasks.Task`1[Microsoft.AspNetCore.Mvc.ActionResult`1[ThucLuc.Api.Common.Models.ApiResponse`1[ThucLuc.Application.Features.DonVi.DonViDto]]] GetById(Int64, System.Threading.CancellationToken) on controller ThucLuc.Api.Controllers.V1.DonViController (ThucLuc.Api).
2026-05-06 10:57:32.040 +07:00 [INF] Executing OkObjectResult, writing value of type 'ThucLuc.Api.Common.Models.ApiResponse`1[[ThucLuc.Application.Features.DonVi.DonViDto, ThucLuc.Application, Version=1.0.0.0, Culture=neutral, PublicKeyToken=null]]'.
2026-05-06 10:57:32.042 +07:00 [INF] Executed action ThucLuc.Api.Controllers.V1.DonViController.GetById (ThucLuc.Api) in 15.4906ms
2026-05-06 10:57:32.043 +07:00 [INF] Executed endpoint 'ThucLuc.Api.Controllers.V1.DonViController.GetById (ThucLuc.Api)'
2026-05-06 10:57:32.045 +07:00 [INF] HTTP GET /api/v1/don-vi/2001 => 200 in 32.0241 ms CorrelationId=e8311bb329a24448800de781b3e154a2 UserId=5001
2026-05-06 10:57:32.047 +07:00 [INF] HTTP GET /api/v1/don-vi/2001 responded 200 in 34.3507 ms
2026-05-06 10:57:32.049 +07:00 [INF] Request finished HTTP/1.1 GET http://localhost:5283/api/v1/don-vi/2001 - 200 null application/json; charset=utf-8 39.6474ms
2026-05-06 11:01:35.649 +07:00 [INF] Request starting HTTP/1.1 OPTIONS http://localhost:5283/api/v1/don-vi/2001 - null null
2026-05-06 11:01:35.651 +07:00 [INF] Request starting HTTP/1.1 OPTIONS http://localhost:5283/api/v1/ha-tang-mang?donViId=2001 - null null
2026-05-06 11:01:35.651 +07:00 [INF] Request starting HTTP/1.1 OPTIONS http://localhost:5283/api/v1/don-vi/2001 - null null
2026-05-06 11:01:35.652 +07:00 [INF] CORS policy execution successful.
2026-05-06 11:01:35.655 +07:00 [INF] CORS policy execution successful.
2026-05-06 11:01:35.658 +07:00 [INF] CORS policy execution successful.
2026-05-06 11:01:35.659 +07:00 [INF] HTTP OPTIONS /api/v1/don-vi/2001 => 204 in 6.9655 ms CorrelationId=fd624a9031174a0eb0be2b4feafda658 UserId=anonymous
2026-05-06 11:01:35.660 +07:00 [INF] HTTP OPTIONS /api/v1/ha-tang-mang => 204 in 4.8777 ms CorrelationId=45a6bac8954e4a39b853d7180c148c3f UserId=anonymous
2026-05-06 11:01:35.661 +07:00 [INF] HTTP OPTIONS /api/v1/don-vi/2001 => 204 in 2.6114 ms CorrelationId=6986a3d508b84fcdbf0f7f5ad707a90c UserId=anonymous
2026-05-06 11:01:35.664 +07:00 [INF] HTTP OPTIONS /api/v1/don-vi/2001 responded 204 in 11.2481 ms
2026-05-06 11:01:35.666 +07:00 [INF] HTTP OPTIONS /api/v1/ha-tang-mang responded 204 in 11.1263 ms
2026-05-06 11:01:35.669 +07:00 [INF] HTTP OPTIONS /api/v1/don-vi/2001 responded 204 in 10.3229 ms
2026-05-06 11:01:35.671 +07:00 [INF] Request finished HTTP/1.1 OPTIONS http://localhost:5283/api/v1/don-vi/2001 - 204 null null 21.8747ms
2026-05-06 11:01:35.673 +07:00 [INF] Request finished HTTP/1.1 OPTIONS http://localhost:5283/api/v1/ha-tang-mang?donViId=2001 - 204 null null 22.3052ms
2026-05-06 11:01:35.676 +07:00 [INF] Request finished HTTP/1.1 OPTIONS http://localhost:5283/api/v1/don-vi/2001 - 204 null null 24.2559ms
2026-05-06 11:01:35.683 +07:00 [INF] Request starting HTTP/1.1 GET http://localhost:5283/api/v1/don-vi/2001 - null null
2026-05-06 11:01:35.686 +07:00 [INF] Request starting HTTP/1.1 GET http://localhost:5283/api/v1/ha-tang-mang?donViId=2001 - null null
2026-05-06 11:01:35.689 +07:00 [INF] CORS policy execution successful.
2026-05-06 11:01:35.692 +07:00 [INF] CORS policy execution successful.
2026-05-06 11:01:35.693 +07:00 [INF] Executing endpoint 'ThucLuc.Api.Controllers.V1.DonViController.GetById (ThucLuc.Api)'
2026-05-06 11:01:35.693 +07:00 [INF] Executing endpoint 'ThucLuc.Api.Controllers.V1.HaTangMangController.GetAll (ThucLuc.Api)'
2026-05-06 11:01:35.695 +07:00 [INF] Route matched with {action = "GetById", controller = "DonVi"}. Executing controller action with signature System.Threading.Tasks.Task`1[Microsoft.AspNetCore.Mvc.ActionResult`1[ThucLuc.Api.Common.Models.ApiResponse`1[ThucLuc.Application.Features.DonVi.DonViDto]]] GetById(Int64, System.Threading.CancellationToken) on controller ThucLuc.Api.Controllers.V1.DonViController (ThucLuc.Api).
2026-05-06 11:01:35.696 +07:00 [INF] Route matched with {action = "GetAll", controller = "HaTangMang"}. Executing controller action with signature System.Threading.Tasks.Task`1[Microsoft.AspNetCore.Mvc.ActionResult`1[ThucLuc.Api.Common.Models.ApiResponse`1[System.Collections.Generic.IReadOnlyCollection`1[ThucLuc.Application.Features.HaTangMang.HaTangMangDto]]]] GetAll(System.Threading.CancellationToken) on controller ThucLuc.Api.Controllers.V1.HaTangMangController (ThucLuc.Api).
2026-05-06 11:01:35.747 +07:00 [INF] Executing OkObjectResult, writing value of type 'ThucLuc.Api.Common.Models.ApiResponse`1[[System.Collections.Generic.IReadOnlyCollection`1[[ThucLuc.Application.Features.HaTangMang.HaTangMangDto, ThucLuc.Application, Version=1.0.0.0, Culture=neutral, PublicKeyToken=null]], System.Private.CoreLib, Version=8.0.0.0, Culture=neutral, PublicKeyToken=7cec85d7bea7798e]]'.
2026-05-06 11:01:35.749 +07:00 [INF] Executing OkObjectResult, writing value of type 'ThucLuc.Api.Common.Models.ApiResponse`1[[ThucLuc.Application.Features.DonVi.DonViDto, ThucLuc.Application, Version=1.0.0.0, Culture=neutral, PublicKeyToken=null]]'.
2026-05-06 11:01:35.750 +07:00 [INF] Executed action ThucLuc.Api.Controllers.V1.HaTangMangController.GetAll (ThucLuc.Api) in 51.0492ms
2026-05-06 11:01:35.752 +07:00 [INF] Executed action ThucLuc.Api.Controllers.V1.DonViController.GetById (ThucLuc.Api) in 54.3499ms
2026-05-06 11:01:35.752 +07:00 [INF] Request starting HTTP/1.1 GET http://localhost:5283/api/v1/don-vi/2001 - null null
2026-05-06 11:01:35.753 +07:00 [INF] Executed endpoint 'ThucLuc.Api.Controllers.V1.HaTangMangController.GetAll (ThucLuc.Api)'
2026-05-06 11:01:35.754 +07:00 [INF] Executed endpoint 'ThucLuc.Api.Controllers.V1.DonViController.GetById (ThucLuc.Api)'
2026-05-06 11:01:35.758 +07:00 [INF] CORS policy execution successful.
2026-05-06 11:01:35.759 +07:00 [INF] HTTP GET /api/v1/ha-tang-mang => 200 in 67.6467 ms CorrelationId=4a2d5843d29b45efa971b097b11758d5 UserId=5001
2026-05-06 11:01:35.760 +07:00 [INF] HTTP GET /api/v1/don-vi/2001 => 200 in 71.5242 ms CorrelationId=4c0ca22d659840db86021d628a8f914c UserId=5001
2026-05-06 11:01:35.762 +07:00 [INF] Executing endpoint 'ThucLuc.Api.Controllers.V1.DonViController.GetById (ThucLuc.Api)'
2026-05-06 11:01:35.764 +07:00 [INF] HTTP GET /api/v1/ha-tang-mang responded 200 in 72.4657 ms
2026-05-06 11:01:35.766 +07:00 [INF] HTTP GET /api/v1/don-vi/2001 responded 200 in 78.0673 ms
2026-05-06 11:01:35.768 +07:00 [INF] Route matched with {action = "GetById", controller = "DonVi"}. Executing controller action with signature System.Threading.Tasks.Task`1[Microsoft.AspNetCore.Mvc.ActionResult`1[ThucLuc.Api.Common.Models.ApiResponse`1[ThucLuc.Application.Features.DonVi.DonViDto]]] GetById(Int64, System.Threading.CancellationToken) on controller ThucLuc.Api.Controllers.V1.DonViController (ThucLuc.Api).
2026-05-06 11:01:35.769 +07:00 [INF] Request finished HTTP/1.1 GET http://localhost:5283/api/v1/ha-tang-mang?donViId=2001 - 200 null application/json; charset=utf-8 83.2536ms
2026-05-06 11:01:35.771 +07:00 [INF] Request finished HTTP/1.1 GET http://localhost:5283/api/v1/don-vi/2001 - 200 null application/json; charset=utf-8 88.5448ms
2026-05-06 11:01:35.820 +07:00 [INF] Executing OkObjectResult, writing value of type 'ThucLuc.Api.Common.Models.ApiResponse`1[[ThucLuc.Application.Features.DonVi.DonViDto, ThucLuc.Application, Version=1.0.0.0, Culture=neutral, PublicKeyToken=null]]'.
2026-05-06 11:01:35.823 +07:00 [INF] Executed action ThucLuc.Api.Controllers.V1.DonViController.GetById (ThucLuc.Api) in 49.6633ms
2026-05-06 11:01:35.825 +07:00 [INF] Executed endpoint 'ThucLuc.Api.Controllers.V1.DonViController.GetById (ThucLuc.Api)'
2026-05-06 11:01:35.827 +07:00 [INF] HTTP GET /api/v1/don-vi/2001 => 200 in 68.3162 ms CorrelationId=b1defed7bf0145dbab8fac5f82dd1f36 UserId=5001
2026-05-06 11:01:35.830 +07:00 [INF] HTTP GET /api/v1/don-vi/2001 responded 200 in 71.9175 ms
2026-05-06 11:01:35.833 +07:00 [INF] Request finished HTTP/1.1 GET http://localhost:5283/api/v1/don-vi/2001 - 200 null application/json; charset=utf-8 80.0109ms
2026-05-06 11:02:50.648 +07:00 [INF] Request starting HTTP/1.1 OPTIONS http://localhost:5283/api/v1/httt-tieu-chuan - null null
2026-05-06 11:02:50.648 +07:00 [INF] Request starting HTTP/1.1 OPTIONS http://localhost:5283/api/v1/he-thong-thong-tin - null null
2026-05-06 11:02:50.649 +07:00 [INF] Request starting HTTP/1.1 OPTIONS http://localhost:5283/api/v1/don-vi/tree - null null
2026-05-06 11:02:50.649 +07:00 [INF] Request starting HTTP/1.1 OPTIONS http://localhost:5283/api/v1/codes/by-code/HTTT_TIEU_CHUAN_CAND - null null
2026-05-06 11:02:50.649 +07:00 [INF] Request starting HTTP/1.1 OPTIONS http://localhost:5283/api/v1/don-vi/parent-candidates - null null
2026-05-06 11:02:50.653 +07:00 [INF] CORS policy execution successful.
2026-05-06 11:02:50.657 +07:00 [INF] CORS policy execution successful.
2026-05-06 11:02:50.662 +07:00 [INF] CORS policy execution successful.
2026-05-06 11:02:50.665 +07:00 [INF] CORS policy execution successful.
2026-05-06 11:02:50.667 +07:00 [INF] CORS policy execution successful.
2026-05-06 11:02:50.668 +07:00 [INF] HTTP OPTIONS /api/v1/httt-tieu-chuan => 204 in 14.9007 ms CorrelationId=6926c214655b449f8a13a31285e52735 UserId=anonymous
2026-05-06 11:02:50.668 +07:00 [INF] HTTP OPTIONS /api/v1/he-thong-thong-tin => 204 in 10.9058 ms CorrelationId=dc69eb03a63c46f29a5e7fcaf4bd1b95 UserId=anonymous
2026-05-06 11:02:50.669 +07:00 [INF] HTTP OPTIONS /api/v1/don-vi/tree => 204 in 6.7588 ms CorrelationId=808d694ec0f841bdb738d40216a16c1d UserId=anonymous
2026-05-06 11:02:50.670 +07:00 [INF] HTTP OPTIONS /api/v1/codes/by-code/HTTT_TIEU_CHUAN_CAND => 204 in 4.6876 ms CorrelationId=ebece61c3f6142619535a86c066ab6e4 UserId=anonymous
2026-05-06 11:02:50.671 +07:00 [INF] HTTP OPTIONS /api/v1/don-vi/parent-candidates => 204 in 3.5361 ms CorrelationId=4d9d4b7ae87a481a8451d635e838726c UserId=anonymous
2026-05-06 11:02:50.673 +07:00 [INF] HTTP OPTIONS /api/v1/httt-tieu-chuan responded 204 in 20.6234 ms
2026-05-06 11:02:50.676 +07:00 [INF] HTTP OPTIONS /api/v1/he-thong-thong-tin responded 204 in 18.4019 ms
2026-05-06 11:02:50.678 +07:00 [INF] HTTP OPTIONS /api/v1/don-vi/tree responded 204 in 15.9581 ms
2026-05-06 11:02:50.680 +07:00 [INF] HTTP OPTIONS /api/v1/codes/by-code/HTTT_TIEU_CHUAN_CAND responded 204 in 15.1464 ms
2026-05-06 11:02:50.682 +07:00 [INF] HTTP OPTIONS /api/v1/don-vi/parent-candidates responded 204 in 15.0632 ms
2026-05-06 11:02:50.684 +07:00 [INF] Request finished HTTP/1.1 OPTIONS http://localhost:5283/api/v1/httt-tieu-chuan - 204 null null 36.404ms
2026-05-06 11:02:50.686 +07:00 [INF] Request finished HTTP/1.1 OPTIONS http://localhost:5283/api/v1/he-thong-thong-tin - 204 null null 38.6218ms
2026-05-06 11:02:50.689 +07:00 [INF] Request finished HTTP/1.1 OPTIONS http://localhost:5283/api/v1/don-vi/tree - 204 null null 39.621ms
2026-05-06 11:02:50.690 +07:00 [INF] Request finished HTTP/1.1 OPTIONS http://localhost:5283/api/v1/codes/by-code/HTTT_TIEU_CHUAN_CAND - 204 null null 41.126ms
2026-05-06 11:02:50.692 +07:00 [INF] Request finished HTTP/1.1 OPTIONS http://localhost:5283/api/v1/don-vi/parent-candidates - 204 null null 42.63ms
2026-05-06 11:02:50.695 +07:00 [INF] Request starting HTTP/1.1 GET http://localhost:5283/api/v1/httt-tieu-chuan - null null
2026-05-06 11:02:50.698 +07:00 [INF] Request starting HTTP/1.1 GET http://localhost:5283/api/v1/he-thong-thong-tin - null null
2026-05-06 11:02:50.700 +07:00 [INF] Request starting HTTP/1.1 GET http://localhost:5283/api/v1/don-vi/tree - null null
2026-05-06 11:02:50.703 +07:00 [INF] Request starting HTTP/1.1 GET http://localhost:5283/api/v1/codes/by-code/HTTT_TIEU_CHUAN_CAND - null null
2026-05-06 11:02:50.707 +07:00 [INF] Request starting HTTP/1.1 GET http://localhost:5283/api/v1/don-vi/parent-candidates - null null
2026-05-06 11:02:50.709 +07:00 [INF] CORS policy execution successful.
2026-05-06 11:02:50.712 +07:00 [INF] CORS policy execution successful.
2026-05-06 11:02:50.714 +07:00 [INF] CORS policy execution successful.
2026-05-06 11:02:50.716 +07:00 [INF] CORS policy execution successful.
2026-05-06 11:02:50.718 +07:00 [INF] CORS policy execution successful.
2026-05-06 11:02:50.719 +07:00 [INF] Executing endpoint 'ThucLuc.Api.Controllers.V1.HtttTieuChuanController.GetAll (ThucLuc.Api)'
2026-05-06 11:02:50.720 +07:00 [INF] Executing endpoint 'ThucLuc.Api.Controllers.V1.HeThongThongTinController.GetAll (ThucLuc.Api)'
2026-05-06 11:02:50.721 +07:00 [INF] Executing endpoint 'ThucLuc.Api.Controllers.V1.DonViController.GetTree (ThucLuc.Api)'
2026-05-06 11:02:50.722 +07:00 [INF] Executing endpoint 'ThucLuc.Api.Controllers.V1.CodesController.GetByCode (ThucLuc.Api)'
2026-05-06 11:02:50.722 +07:00 [INF] Executing endpoint 'ThucLuc.Api.Controllers.V1.DonViController.GetParentCandidates (ThucLuc.Api)'
2026-05-06 11:02:50.727 +07:00 [INF] Route matched with {action = "GetAll", controller = "HtttTieuChuan"}. Executing controller action with signature System.Threading.Tasks.Task`1[Microsoft.AspNetCore.Mvc.ActionResult`1[ThucLuc.Api.Common.Models.ApiResponse`1[System.Collections.Generic.IReadOnlyCollection`1[ThucLuc.Application.Features.HtttTieuChuan.HtttTieuChuanDto]]]] GetAll(System.Threading.CancellationToken) on controller ThucLuc.Api.Controllers.V1.HtttTieuChuanController (ThucLuc.Api).
2026-05-06 11:02:50.727 +07:00 [INF] Route matched with {action = "GetAll", controller = "HeThongThongTin"}. Executing controller action with signature System.Threading.Tasks.Task`1[Microsoft.AspNetCore.Mvc.ActionResult`1[ThucLuc.Api.Common.Models.ApiResponse`1[System.Collections.Generic.IReadOnlyCollection`1[ThucLuc.Application.Features.HeThongThongTin.HeThongThongTinDto]]]] GetAll(System.String, System.Threading.CancellationToken) on controller ThucLuc.Api.Controllers.V1.HeThongThongTinController (ThucLuc.Api).
2026-05-06 11:02:50.728 +07:00 [INF] Route matched with {action = "GetTree", controller = "DonVi"}. Executing controller action with signature System.Threading.Tasks.Task`1[Microsoft.AspNetCore.Mvc.ActionResult`1[ThucLuc.Api.Common.Models.ApiResponse`1[System.Collections.Generic.IReadOnlyCollection`1[ThucLuc.Application.Features.DonVi.DonViDto]]]] GetTree(System.Threading.CancellationToken) on controller ThucLuc.Api.Controllers.V1.DonViController (ThucLuc.Api).
2026-05-06 11:02:50.729 +07:00 [INF] Route matched with {action = "GetByCode", controller = "Codes"}. Executing controller action with signature System.Threading.Tasks.Task`1[Microsoft.AspNetCore.Mvc.ActionResult`1[ThucLuc.Api.Common.Models.ApiResponse`1[ThucLuc.Application.Features.Codes.CodeDto]]] GetByCode(System.String, System.Threading.CancellationToken) on controller ThucLuc.Api.Controllers.V1.CodesController (ThucLuc.Api).
2026-05-06 11:02:50.730 +07:00 [INF] Route matched with {action = "GetParentCandidates", controller = "DonVi"}. Executing controller action with signature System.Threading.Tasks.Task`1[Microsoft.AspNetCore.Mvc.ActionResult`1[ThucLuc.Api.Common.Models.ApiResponse`1[System.Collections.Generic.IReadOnlyCollection`1[ThucLuc.Application.Features.DonVi.DonViParentCandidateDto]]]] GetParentCandidates(System.Nullable`1[System.Int64], System.Threading.CancellationToken) on controller ThucLuc.Api.Controllers.V1.DonViController (ThucLuc.Api).
2026-05-06 11:02:50.783 +07:00 [INF] Executing OkObjectResult, writing value of type 'ThucLuc.Api.Common.Models.ApiResponse`1[[System.Collections.Generic.IReadOnlyCollection`1[[ThucLuc.Application.Features.HtttTieuChuan.HtttTieuChuanDto, ThucLuc.Application, Version=1.0.0.0, Culture=neutral, PublicKeyToken=null]], System.Private.CoreLib, Version=8.0.0.0, Culture=neutral, PublicKeyToken=7cec85d7bea7798e]]'.
2026-05-06 11:02:50.788 +07:00 [INF] Executing OkObjectResult, writing value of type 'ThucLuc.Api.Common.Models.ApiResponse`1[[System.Collections.Generic.IReadOnlyCollection`1[[ThucLuc.Application.Features.HeThongThongTin.HeThongThongTinDto, ThucLuc.Application, Version=1.0.0.0, Culture=neutral, PublicKeyToken=null]], System.Private.CoreLib, Version=8.0.0.0, Culture=neutral, PublicKeyToken=7cec85d7bea7798e]]'.
2026-05-06 11:02:50.791 +07:00 [INF] Executed action ThucLuc.Api.Controllers.V1.HtttTieuChuanController.GetAll (ThucLuc.Api) in 62.3153ms
2026-05-06 11:02:50.791 +07:00 [INF] Executed action ThucLuc.Api.Controllers.V1.HeThongThongTinController.GetAll (ThucLuc.Api) in 60.4181ms
2026-05-06 11:02:50.793 +07:00 [INF] Executed endpoint 'ThucLuc.Api.Controllers.V1.HtttTieuChuanController.GetAll (ThucLuc.Api)'
2026-05-06 11:02:50.795 +07:00 [INF] Executing OkObjectResult, writing value of type 'ThucLuc.Api.Common.Models.ApiResponse`1[[System.Collections.Generic.IReadOnlyCollection`1[[ThucLuc.Application.Features.DonVi.DonViParentCandidateDto, ThucLuc.Application, Version=1.0.0.0, Culture=neutral, PublicKeyToken=null]], System.Private.CoreLib, Version=8.0.0.0, Culture=neutral, PublicKeyToken=7cec85d7bea7798e]]'.
2026-05-06 11:02:50.795 +07:00 [INF] Executed endpoint 'ThucLuc.Api.Controllers.V1.HeThongThongTinController.GetAll (ThucLuc.Api)'
2026-05-06 11:02:50.796 +07:00 [INF] HTTP GET /api/v1/httt-tieu-chuan => 200 in 86.8057 ms CorrelationId=a6c08b85e6bb486b96971a87553e744f UserId=5001
2026-05-06 11:02:50.796 +07:00 [INF] Executing OkObjectResult, writing value of type 'ThucLuc.Api.Common.Models.ApiResponse`1[[System.Collections.Generic.IReadOnlyCollection`1[[ThucLuc.Application.Features.DonVi.DonViDto, ThucLuc.Application, Version=1.0.0.0, Culture=neutral, PublicKeyToken=null]], System.Private.CoreLib, Version=8.0.0.0, Culture=neutral, PublicKeyToken=7cec85d7bea7798e]]'.
2026-05-06 11:02:50.798 +07:00 [INF] HTTP GET /api/v1/he-thong-thong-tin => 200 in 86.9126 ms CorrelationId=26e1c9bd93a94f9ba79c7b4802051f9c UserId=5001
2026-05-06 11:02:50.800 +07:00 [INF] Executed action ThucLuc.Api.Controllers.V1.DonViController.GetParentCandidates (ThucLuc.Api) in 63.3357ms
2026-05-06 11:02:50.800 +07:00 [INF] HTTP GET /api/v1/httt-tieu-chuan responded 200 in 91.1607 ms
2026-05-06 11:02:50.803 +07:00 [INF] Executed action ThucLuc.Api.Controllers.V1.DonViController.GetTree (ThucLuc.Api) in 70.3622ms
2026-05-06 11:02:50.804 +07:00 [INF] HTTP GET /api/v1/he-thong-thong-tin responded 200 in 92.0143 ms
2026-05-06 11:02:50.805 +07:00 [INF] Executed endpoint 'ThucLuc.Api.Controllers.V1.DonViController.GetParentCandidates (ThucLuc.Api)'
2026-05-06 11:02:50.807 +07:00 [INF] Request finished HTTP/1.1 GET http://localhost:5283/api/v1/httt-tieu-chuan - 200 null application/json; charset=utf-8 112.0602ms
2026-05-06 11:02:50.809 +07:00 [INF] Executed endpoint 'ThucLuc.Api.Controllers.V1.DonViController.GetTree (ThucLuc.Api)'
2026-05-06 11:02:50.810 +07:00 [INF] Request finished HTTP/1.1 GET http://localhost:5283/api/v1/he-thong-thong-tin - 200 null application/json; charset=utf-8 112.5993ms
2026-05-06 11:02:50.811 +07:00 [INF] HTTP GET /api/v1/don-vi/parent-candidates => 200 in 93.1255 ms CorrelationId=3ca08f3898e9428ca14f7b68647318df UserId=5001
2026-05-06 11:02:50.815 +07:00 [INF] HTTP GET /api/v1/don-vi/tree => 200 in 100.9721 ms CorrelationId=e83b7d94c99b4939b030e49441e87c4a UserId=5001
2026-05-06 11:02:50.819 +07:00 [INF] HTTP GET /api/v1/don-vi/parent-candidates responded 200 in 100.8299 ms
2026-05-06 11:02:50.821 +07:00 [INF] HTTP GET /api/v1/don-vi/tree responded 200 in 107.2287 ms
2026-05-06 11:02:50.823 +07:00 [INF] Request finished HTTP/1.1 GET http://localhost:5283/api/v1/don-vi/parent-candidates - 200 null application/json; charset=utf-8 116.0838ms
2026-05-06 11:02:50.825 +07:00 [INF] Request finished HTTP/1.1 GET http://localhost:5283/api/v1/don-vi/tree - 200 null application/json; charset=utf-8 124.2309ms
2026-05-06 11:02:50.834 +07:00 [INF] Executing OkObjectResult, writing value of type 'ThucLuc.Api.Common.Models.ApiResponse`1[[ThucLuc.Application.Features.Codes.CodeDto, ThucLuc.Application, Version=1.0.0.0, Culture=neutral, PublicKeyToken=null]]'.
2026-05-06 11:02:50.838 +07:00 [INF] Executed action ThucLuc.Api.Controllers.V1.CodesController.GetByCode (ThucLuc.Api) in 103.6097ms
2026-05-06 11:02:50.839 +07:00 [INF] Executed endpoint 'ThucLuc.Api.Controllers.V1.CodesController.GetByCode (ThucLuc.Api)'
2026-05-06 11:02:50.840 +07:00 [INF] HTTP GET /api/v1/codes/by-code/HTTT_TIEU_CHUAN_CAND => 200 in 124.184 ms CorrelationId=74839b9246a541e0960309fa96b9fbb5 UserId=5001
2026-05-06 11:02:50.842 +07:00 [INF] HTTP GET /api/v1/codes/by-code/HTTT_TIEU_CHUAN_CAND responded 200 in 125.8973 ms
2026-05-06 11:02:50.844 +07:00 [INF] Request finished HTTP/1.1 GET http://localhost:5283/api/v1/codes/by-code/HTTT_TIEU_CHUAN_CAND - 200 null application/json; charset=utf-8 140.9281ms
2026-05-06 11:02:50.982 +07:00 [INF] Request starting HTTP/1.1 OPTIONS http://localhost:5283/api/v1/ha-tang-mang?donViId=2001 - null null
2026-05-06 11:02:50.983 +07:00 [INF] Request starting HTTP/1.1 OPTIONS http://localhost:5283/api/v1/don-vi/2001 - null null
2026-05-06 11:02:50.987 +07:00 [INF] CORS policy execution successful.
2026-05-06 11:02:50.992 +07:00 [INF] CORS policy execution successful.
2026-05-06 11:02:50.993 +07:00 [INF] HTTP OPTIONS /api/v1/ha-tang-mang => 204 in 5.6068 ms CorrelationId=9cf7e51b0d354cf3b07c7340d89a2f5b UserId=anonymous
2026-05-06 11:02:50.994 +07:00 [INF] HTTP OPTIONS /api/v1/don-vi/2001 => 204 in 2.4206 ms CorrelationId=59a1bba217254f908288d51e2fb0d188 UserId=anonymous
2026-05-06 11:02:50.997 +07:00 [INF] HTTP OPTIONS /api/v1/ha-tang-mang responded 204 in 10.2122 ms
2026-05-06 11:02:51.000 +07:00 [INF] HTTP OPTIONS /api/v1/don-vi/2001 responded 204 in 8.5571 ms
2026-05-06 11:02:51.002 +07:00 [INF] Request finished HTTP/1.1 OPTIONS http://localhost:5283/api/v1/ha-tang-mang?donViId=2001 - 204 null null 19.506ms
2026-05-06 11:02:51.004 +07:00 [INF] Request finished HTTP/1.1 OPTIONS http://localhost:5283/api/v1/don-vi/2001 - 204 null null 21.3225ms
2026-05-06 11:02:51.008 +07:00 [INF] Request starting HTTP/1.1 GET http://localhost:5283/api/v1/ha-tang-mang?donViId=2001 - null null
2026-05-06 11:02:51.011 +07:00 [INF] Request starting HTTP/1.1 GET http://localhost:5283/api/v1/don-vi/2001 - null null
2026-05-06 11:02:51.013 +07:00 [INF] CORS policy execution successful.
2026-05-06 11:02:51.015 +07:00 [INF] CORS policy execution successful.
2026-05-06 11:02:51.016 +07:00 [INF] Executing endpoint 'ThucLuc.Api.Controllers.V1.HaTangMangController.GetAll (ThucLuc.Api)'
2026-05-06 11:02:51.016 +07:00 [INF] Executing endpoint 'ThucLuc.Api.Controllers.V1.DonViController.GetById (ThucLuc.Api)'
2026-05-06 11:02:51.017 +07:00 [INF] Route matched with {action = "GetAll", controller = "HaTangMang"}. Executing controller action with signature System.Threading.Tasks.Task`1[Microsoft.AspNetCore.Mvc.ActionResult`1[ThucLuc.Api.Common.Models.ApiResponse`1[System.Collections.Generic.IReadOnlyCollection`1[ThucLuc.Application.Features.HaTangMang.HaTangMangDto]]]] GetAll(System.Threading.CancellationToken) on controller ThucLuc.Api.Controllers.V1.HaTangMangController (ThucLuc.Api).
2026-05-06 11:02:51.019 +07:00 [INF] Route matched with {action = "GetById", controller = "DonVi"}. Executing controller action with signature System.Threading.Tasks.Task`1[Microsoft.AspNetCore.Mvc.ActionResult`1[ThucLuc.Api.Common.Models.ApiResponse`1[ThucLuc.Application.Features.DonVi.DonViDto]]] GetById(Int64, System.Threading.CancellationToken) on controller ThucLuc.Api.Controllers.V1.DonViController (ThucLuc.Api).
2026-05-06 11:02:51.024 +07:00 [INF] Executing OkObjectResult, writing value of type 'ThucLuc.Api.Common.Models.ApiResponse`1[[System.Collections.Generic.IReadOnlyCollection`1[[ThucLuc.Application.Features.HaTangMang.HaTangMangDto, ThucLuc.Application, Version=1.0.0.0, Culture=neutral, PublicKeyToken=null]], System.Private.CoreLib, Version=8.0.0.0, Culture=neutral, PublicKeyToken=7cec85d7bea7798e]]'.
2026-05-06 11:02:51.025 +07:00 [INF] Executing OkObjectResult, writing value of type 'ThucLuc.Api.Common.Models.ApiResponse`1[[ThucLuc.Application.Features.DonVi.DonViDto, ThucLuc.Application, Version=1.0.0.0, Culture=neutral, PublicKeyToken=null]]'.
2026-05-06 11:02:51.026 +07:00 [INF] Executed action ThucLuc.Api.Controllers.V1.HaTangMangController.GetAll (ThucLuc.Api) in 5.9755ms
2026-05-06 11:02:51.027 +07:00 [INF] Executed action ThucLuc.Api.Controllers.V1.DonViController.GetById (ThucLuc.Api) in 5.3644ms
2026-05-06 11:02:51.028 +07:00 [INF] Executed endpoint 'ThucLuc.Api.Controllers.V1.HaTangMangController.GetAll (ThucLuc.Api)'
2026-05-06 11:02:51.030 +07:00 [INF] Executed endpoint 'ThucLuc.Api.Controllers.V1.DonViController.GetById (ThucLuc.Api)'
2026-05-06 11:02:51.030 +07:00 [INF] HTTP GET /api/v1/ha-tang-mang => 200 in 17.5542 ms CorrelationId=79d05572b06f45a5b86e06ae9e85e3b8 UserId=5001
2026-05-06 11:02:51.031 +07:00 [INF] HTTP GET /api/v1/don-vi/2001 => 200 in 16.1698 ms CorrelationId=b7b11c9545574f6dbf9fcce772d72b88 UserId=5001
2026-05-06 11:02:51.033 +07:00 [INF] HTTP GET /api/v1/ha-tang-mang responded 200 in 20.2960 ms
2026-05-06 11:02:51.034 +07:00 [INF] HTTP GET /api/v1/don-vi/2001 responded 200 in 19.4643 ms
2026-05-06 11:02:51.037 +07:00 [INF] Request finished HTTP/1.1 GET http://localhost:5283/api/v1/ha-tang-mang?donViId=2001 - 200 null application/json; charset=utf-8 28.6456ms
2026-05-06 11:02:51.038 +07:00 [INF] Request finished HTTP/1.1 GET http://localhost:5283/api/v1/don-vi/2001 - 200 null application/json; charset=utf-8 27.5416ms
2026-05-06 11:03:06.453 +07:00 [INF] Request starting HTTP/1.1 OPTIONS http://localhost:5283/api/v1/don-vi/2001 - null null
2026-05-06 11:03:06.456 +07:00 [INF] CORS policy execution successful.
2026-05-06 11:03:06.457 +07:00 [INF] Request starting HTTP/1.1 OPTIONS http://localhost:5283/api/v1/ha-tang-mang?donViId=2001 - null null
2026-05-06 11:03:06.457 +07:00 [INF] Request starting HTTP/1.1 OPTIONS http://localhost:5283/api/v1/don-vi/2001 - null null
2026-05-06 11:03:06.457 +07:00 [INF] HTTP OPTIONS /api/v1/don-vi/2001 => 204 in 1.2983 ms CorrelationId=c653261fdb5a4320ba941532d5d50142 UserId=anonymous
2026-05-06 11:03:06.460 +07:00 [INF] CORS policy execution successful.
2026-05-06 11:03:06.463 +07:00 [INF] CORS policy execution successful.
2026-05-06 11:03:06.466 +07:00 [INF] HTTP OPTIONS /api/v1/don-vi/2001 responded 204 in 9.3944 ms
2026-05-06 11:03:06.466 +07:00 [INF] HTTP OPTIONS /api/v1/ha-tang-mang => 204 in 6.2776 ms CorrelationId=da0ce5c1d3714e87af4ec613cecc1282 UserId=anonymous
2026-05-06 11:03:06.467 +07:00 [INF] HTTP OPTIONS /api/v1/don-vi/2001 => 204 in 4.1592 ms CorrelationId=ed493dc509324834b4df1595aa3ca4ac UserId=anonymous
2026-05-06 11:03:06.469 +07:00 [INF] Request finished HTTP/1.1 OPTIONS http://localhost:5283/api/v1/don-vi/2001 - 204 null null 15.682ms
2026-05-06 11:03:06.471 +07:00 [INF] HTTP OPTIONS /api/v1/ha-tang-mang responded 204 in 11.3777 ms
2026-05-06 11:03:06.473 +07:00 [INF] HTTP OPTIONS /api/v1/don-vi/2001 responded 204 in 10.6899 ms
2026-05-06 11:03:06.477 +07:00 [INF] Request starting HTTP/1.1 GET http://localhost:5283/api/v1/don-vi/2001 - null null
2026-05-06 11:03:06.479 +07:00 [INF] Request finished HTTP/1.1 OPTIONS http://localhost:5283/api/v1/ha-tang-mang?donViId=2001 - 204 null null 22.3195ms
2026-05-06 11:03:06.481 +07:00 [INF] Request finished HTTP/1.1 OPTIONS http://localhost:5283/api/v1/don-vi/2001 - 204 null null 24.2641ms
2026-05-06 11:03:06.483 +07:00 [INF] CORS policy execution successful.
2026-05-06 11:03:06.486 +07:00 [INF] Request starting HTTP/1.1 GET http://localhost:5283/api/v1/ha-tang-mang?donViId=2001 - null null
2026-05-06 11:03:06.491 +07:00 [INF] Executing endpoint 'ThucLuc.Api.Controllers.V1.DonViController.GetById (ThucLuc.Api)'
2026-05-06 11:03:06.492 +07:00 [INF] CORS policy execution successful.
2026-05-06 11:03:06.493 +07:00 [INF] Route matched with {action = "GetById", controller = "DonVi"}. Executing controller action with signature System.Threading.Tasks.Task`1[Microsoft.AspNetCore.Mvc.ActionResult`1[ThucLuc.Api.Common.Models.ApiResponse`1[ThucLuc.Application.Features.DonVi.DonViDto]]] GetById(Int64, System.Threading.CancellationToken) on controller ThucLuc.Api.Controllers.V1.DonViController (ThucLuc.Api).
2026-05-06 11:03:06.494 +07:00 [INF] Executing endpoint 'ThucLuc.Api.Controllers.V1.HaTangMangController.GetAll (ThucLuc.Api)'
2026-05-06 11:03:06.497 +07:00 [INF] Route matched with {action = "GetAll", controller = "HaTangMang"}. Executing controller action with signature System.Threading.Tasks.Task`1[Microsoft.AspNetCore.Mvc.ActionResult`1[ThucLuc.Api.Common.Models.ApiResponse`1[System.Collections.Generic.IReadOnlyCollection`1[ThucLuc.Application.Features.HaTangMang.HaTangMangDto]]]] GetAll(System.Threading.CancellationToken) on controller ThucLuc.Api.Controllers.V1.HaTangMangController (ThucLuc.Api).
2026-05-06 11:03:06.499 +07:00 [INF] Executing OkObjectResult, writing value of type 'ThucLuc.Api.Common.Models.ApiResponse`1[[ThucLuc.Application.Features.DonVi.DonViDto, ThucLuc.Application, Version=1.0.0.0, Culture=neutral, PublicKeyToken=null]]'.
2026-05-06 11:03:06.500 +07:00 [INF] Executing OkObjectResult, writing value of type 'ThucLuc.Api.Common.Models.ApiResponse`1[[System.Collections.Generic.IReadOnlyCollection`1[[ThucLuc.Application.Features.HaTangMang.HaTangMangDto, ThucLuc.Application, Version=1.0.0.0, Culture=neutral, PublicKeyToken=null]], System.Private.CoreLib, Version=8.0.0.0, Culture=neutral, PublicKeyToken=7cec85d7bea7798e]]'.
2026-05-06 11:03:06.500 +07:00 [INF] Executed action ThucLuc.Api.Controllers.V1.DonViController.GetById (ThucLuc.Api) in 4.7194ms
2026-05-06 11:03:06.501 +07:00 [INF] Request starting HTTP/1.1 GET http://localhost:5283/api/v1/don-vi/2001 - null null
2026-05-06 11:03:06.501 +07:00 [INF] Executed action ThucLuc.Api.Controllers.V1.HaTangMangController.GetAll (ThucLuc.Api) in 3.3217ms
2026-05-06 11:03:06.503 +07:00 [INF] Executed endpoint 'ThucLuc.Api.Controllers.V1.DonViController.GetById (ThucLuc.Api)'
2026-05-06 11:03:06.506 +07:00 [INF] CORS policy execution successful.
2026-05-06 11:03:06.507 +07:00 [INF] Executed endpoint 'ThucLuc.Api.Controllers.V1.HaTangMangController.GetAll (ThucLuc.Api)'
2026-05-06 11:03:06.508 +07:00 [INF] HTTP GET /api/v1/don-vi/2001 => 200 in 24.7275 ms CorrelationId=96577495502342d883278bd301617f91 UserId=5001
2026-05-06 11:03:06.509 +07:00 [INF] Executing endpoint 'ThucLuc.Api.Controllers.V1.DonViController.GetById (ThucLuc.Api)'
2026-05-06 11:03:06.510 +07:00 [INF] HTTP GET /api/v1/ha-tang-mang => 200 in 17.8672 ms CorrelationId=0149ce52a883452a9be3ca118e018576 UserId=5001
2026-05-06 11:03:06.512 +07:00 [INF] HTTP GET /api/v1/don-vi/2001 responded 200 in 28.9484 ms
2026-05-06 11:03:06.513 +07:00 [INF] Route matched with {action = "GetById", controller = "DonVi"}. Executing controller action with signature System.Threading.Tasks.Task`1[Microsoft.AspNetCore.Mvc.ActionResult`1[ThucLuc.Api.Common.Models.ApiResponse`1[ThucLuc.Application.Features.DonVi.DonViDto]]] GetById(Int64, System.Threading.CancellationToken) on controller ThucLuc.Api.Controllers.V1.DonViController (ThucLuc.Api).
2026-05-06 11:03:06.515 +07:00 [INF] HTTP GET /api/v1/ha-tang-mang responded 200 in 22.7139 ms
2026-05-06 11:03:06.520 +07:00 [INF] Request finished HTTP/1.1 GET http://localhost:5283/api/v1/ha-tang-mang?donViId=2001 - 200 null application/json; charset=utf-8 34.1191ms
2026-05-06 11:03:06.516 +07:00 [INF] Request finished HTTP/1.1 GET http://localhost:5283/api/v1/don-vi/2001 - 200 null application/json; charset=utf-8 38.9392ms
2026-05-06 11:03:06.522 +07:00 [INF] Executing OkObjectResult, writing value of type 'ThucLuc.Api.Common.Models.ApiResponse`1[[ThucLuc.Application.Features.DonVi.DonViDto, ThucLuc.Application, Version=1.0.0.0, Culture=neutral, PublicKeyToken=null]]'.
2026-05-06 11:03:06.528 +07:00 [INF] Executed action ThucLuc.Api.Controllers.V1.DonViController.GetById (ThucLuc.Api) in 9.8708ms
2026-05-06 11:03:06.529 +07:00 [INF] Executed endpoint 'ThucLuc.Api.Controllers.V1.DonViController.GetById (ThucLuc.Api)'
2026-05-06 11:03:06.530 +07:00 [INF] HTTP GET /api/v1/don-vi/2001 => 200 in 24.0831 ms CorrelationId=d8d5603558654d80828ddd33c6f4aeb9 UserId=5001
2026-05-06 11:03:06.532 +07:00 [INF] HTTP GET /api/v1/don-vi/2001 responded 200 in 26.0589 ms
2026-05-06 11:03:06.534 +07:00 [INF] Request finished HTTP/1.1 GET http://localhost:5283/api/v1/don-vi/2001 - 200 null application/json; charset=utf-8 32.7716ms
2026-05-06 11:03:15.996 +07:00 [INF] Request starting HTTP/1.1 OPTIONS http://localhost:5283/api/v1/don-vi/2001 - null null
2026-05-06 11:03:15.998 +07:00 [INF] Request starting HTTP/1.1 OPTIONS http://localhost:5283/api/v1/ha-tang-mang?donViId=2001 - null null
2026-05-06 11:03:15.998 +07:00 [INF] Request starting HTTP/1.1 OPTIONS http://localhost:5283/api/v1/don-vi/2001 - null null
2026-05-06 11:03:15.999 +07:00 [INF] CORS policy execution successful.
2026-05-06 11:03:16.002 +07:00 [INF] CORS policy execution successful.
2026-05-06 11:03:16.006 +07:00 [INF] CORS policy execution successful.
2026-05-06 11:03:16.007 +07:00 [INF] HTTP OPTIONS /api/v1/don-vi/2001 => 204 in 7.7879 ms CorrelationId=cffa810bcd1246b7b774e607a66b45bc UserId=anonymous
2026-05-06 11:03:16.008 +07:00 [INF] HTTP OPTIONS /api/v1/ha-tang-mang => 204 in 6.0783 ms CorrelationId=34b41a94e0cc43b4aaa8b4734bacb215 UserId=anonymous
2026-05-06 11:03:16.009 +07:00 [INF] HTTP OPTIONS /api/v1/don-vi/2001 => 204 in 2.9863 ms CorrelationId=47d85423e659411ab2c1feea1c12bc52 UserId=anonymous
2026-05-06 11:03:16.010 +07:00 [INF] HTTP OPTIONS /api/v1/don-vi/2001 responded 204 in 11.5515 ms
2026-05-06 11:03:16.012 +07:00 [INF] HTTP OPTIONS /api/v1/ha-tang-mang responded 204 in 10.6835 ms
2026-05-06 11:03:16.014 +07:00 [INF] HTTP OPTIONS /api/v1/don-vi/2001 responded 204 in 8.4317 ms
2026-05-06 11:03:16.015 +07:00 [INF] Request finished HTTP/1.1 OPTIONS http://localhost:5283/api/v1/don-vi/2001 - 204 null null 19.9088ms
2026-05-06 11:03:16.017 +07:00 [INF] Request finished HTTP/1.1 OPTIONS http://localhost:5283/api/v1/ha-tang-mang?donViId=2001 - 204 null null 19.286ms
2026-05-06 11:03:16.018 +07:00 [INF] Request finished HTTP/1.1 OPTIONS http://localhost:5283/api/v1/don-vi/2001 - 204 null null 20.3134ms
2026-05-06 11:03:16.022 +07:00 [INF] Request starting HTTP/1.1 GET http://localhost:5283/api/v1/don-vi/2001 - null null
2026-05-06 11:03:16.026 +07:00 [INF] Request starting HTTP/1.1 GET http://localhost:5283/api/v1/ha-tang-mang?donViId=2001 - null null
2026-05-06 11:03:16.031 +07:00 [INF] CORS policy execution successful.
2026-05-06 11:03:16.033 +07:00 [INF] CORS policy execution successful.
2026-05-06 11:03:16.034 +07:00 [INF] Executing endpoint 'ThucLuc.Api.Controllers.V1.DonViController.GetById (ThucLuc.Api)'
2026-05-06 11:03:16.034 +07:00 [INF] Executing endpoint 'ThucLuc.Api.Controllers.V1.HaTangMangController.GetAll (ThucLuc.Api)'
2026-05-06 11:03:16.036 +07:00 [INF] Route matched with {action = "GetById", controller = "DonVi"}. Executing controller action with signature System.Threading.Tasks.Task`1[Microsoft.AspNetCore.Mvc.ActionResult`1[ThucLuc.Api.Common.Models.ApiResponse`1[ThucLuc.Application.Features.DonVi.DonViDto]]] GetById(Int64, System.Threading.CancellationToken) on controller ThucLuc.Api.Controllers.V1.DonViController (ThucLuc.Api).
2026-05-06 11:03:16.038 +07:00 [INF] Route matched with {action = "GetAll", controller = "HaTangMang"}. Executing controller action with signature System.Threading.Tasks.Task`1[Microsoft.AspNetCore.Mvc.ActionResult`1[ThucLuc.Api.Common.Models.ApiResponse`1[System.Collections.Generic.IReadOnlyCollection`1[ThucLuc.Application.Features.HaTangMang.HaTangMangDto]]]] GetAll(System.Threading.CancellationToken) on controller ThucLuc.Api.Controllers.V1.HaTangMangController (ThucLuc.Api).
2026-05-06 11:03:16.044 +07:00 [INF] Executing OkObjectResult, writing value of type 'ThucLuc.Api.Common.Models.ApiResponse`1[[ThucLuc.Application.Features.DonVi.DonViDto, ThucLuc.Application, Version=1.0.0.0, Culture=neutral, PublicKeyToken=null]]'.
2026-05-06 11:03:16.044 +07:00 [INF] Executing OkObjectResult, writing value of type 'ThucLuc.Api.Common.Models.ApiResponse`1[[System.Collections.Generic.IReadOnlyCollection`1[[ThucLuc.Application.Features.HaTangMang.HaTangMangDto, ThucLuc.Application, Version=1.0.0.0, Culture=neutral, PublicKeyToken=null]], System.Private.CoreLib, Version=8.0.0.0, Culture=neutral, PublicKeyToken=7cec85d7bea7798e]]'.
2026-05-06 11:03:16.045 +07:00 [INF] Executed action ThucLuc.Api.Controllers.V1.DonViController.GetById (ThucLuc.Api) in 5.3928ms
2026-05-06 11:03:16.046 +07:00 [INF] Executed action ThucLuc.Api.Controllers.V1.HaTangMangController.GetAll (ThucLuc.Api) in 4.0176ms
2026-05-06 11:03:16.046 +07:00 [INF] Request starting HTTP/1.1 GET http://localhost:5283/api/v1/don-vi/2001 - null null
2026-05-06 11:03:16.047 +07:00 [INF] Executed endpoint 'ThucLuc.Api.Controllers.V1.DonViController.GetById (ThucLuc.Api)'
2026-05-06 11:03:16.049 +07:00 [INF] Executed endpoint 'ThucLuc.Api.Controllers.V1.HaTangMangController.GetAll (ThucLuc.Api)'
2026-05-06 11:03:16.051 +07:00 [INF] CORS policy execution successful.
2026-05-06 11:03:16.052 +07:00 [INF] HTTP GET /api/v1/don-vi/2001 => 200 in 21.493 ms CorrelationId=d8846cf8a7194fc1a2e0f6b89ea04ea6 UserId=5001
2026-05-06 11:03:16.053 +07:00 [INF] HTTP GET /api/v1/ha-tang-mang => 200 in 20.5158 ms CorrelationId=1b478bae6682484aabaf4e91c2df58ce UserId=5001
2026-05-06 11:03:16.055 +07:00 [INF] Executing endpoint 'ThucLuc.Api.Controllers.V1.DonViController.GetById (ThucLuc.Api)'
2026-05-06 11:03:16.056 +07:00 [INF] HTTP GET /api/v1/don-vi/2001 responded 200 in 25.7243 ms
2026-05-06 11:03:16.058 +07:00 [INF] HTTP GET /api/v1/ha-tang-mang responded 200 in 25.7536 ms
2026-05-06 11:03:16.059 +07:00 [INF] Route matched with {action = "GetById", controller = "DonVi"}. Executing controller action with signature System.Threading.Tasks.Task`1[Microsoft.AspNetCore.Mvc.ActionResult`1[ThucLuc.Api.Common.Models.ApiResponse`1[ThucLuc.Application.Features.DonVi.DonViDto]]] GetById(Int64, System.Threading.CancellationToken) on controller ThucLuc.Api.Controllers.V1.DonViController (ThucLuc.Api).
2026-05-06 11:03:16.060 +07:00 [INF] Request finished HTTP/1.1 GET http://localhost:5283/api/v1/don-vi/2001 - 200 null application/json; charset=utf-8 38.1278ms
2026-05-06 11:03:16.062 +07:00 [INF] Request finished HTTP/1.1 GET http://localhost:5283/api/v1/ha-tang-mang?donViId=2001 - 200 null application/json; charset=utf-8 36.3153ms
2026-05-06 11:03:16.066 +07:00 [INF] Executing OkObjectResult, writing value of type 'ThucLuc.Api.Common.Models.ApiResponse`1[[ThucLuc.Application.Features.DonVi.DonViDto, ThucLuc.Application, Version=1.0.0.0, Culture=neutral, PublicKeyToken=null]]'.
2026-05-06 11:03:16.072 +07:00 [INF] Executed action ThucLuc.Api.Controllers.V1.DonViController.GetById (ThucLuc.Api) in 8.6283ms
2026-05-06 11:03:16.074 +07:00 [INF] Executed endpoint 'ThucLuc.Api.Controllers.V1.DonViController.GetById (ThucLuc.Api)'
2026-05-06 11:03:16.075 +07:00 [INF] HTTP GET /api/v1/don-vi/2001 => 200 in 23.7851 ms CorrelationId=cfeaec2efeb84534b407e60ec446fab8 UserId=5001
2026-05-06 11:03:16.077 +07:00 [INF] HTTP GET /api/v1/don-vi/2001 responded 200 in 25.6978 ms
2026-05-06 11:03:16.078 +07:00 [INF] Request finished HTTP/1.1 GET http://localhost:5283/api/v1/don-vi/2001 - 200 null application/json; charset=utf-8 32.2015ms
2026-05-06 11:04:39.523 +07:00 [INF] Request starting HTTP/1.1 OPTIONS http://localhost:5283/api/v1/don-vi/2001 - null null
2026-05-06 11:04:39.526 +07:00 [INF] CORS policy execution successful.
2026-05-06 11:04:39.526 +07:00 [INF] Request starting HTTP/1.1 OPTIONS http://localhost:5283/api/v1/ha-tang-mang?donViId=2001 - null null
2026-05-06 11:04:39.526 +07:00 [INF] Request starting HTTP/1.1 OPTIONS http://localhost:5283/api/v1/don-vi/2001 - null null
2026-05-06 11:04:39.527 +07:00 [INF] HTTP OPTIONS /api/v1/don-vi/2001 => 204 in 1.2312 ms CorrelationId=23b4b50e72f2470ca1c2b5351d5e3c0b UserId=anonymous
2026-05-06 11:04:39.530 +07:00 [INF] CORS policy execution successful.
2026-05-06 11:04:39.533 +07:00 [INF] CORS policy execution successful.
2026-05-06 11:04:39.536 +07:00 [INF] HTTP OPTIONS /api/v1/don-vi/2001 responded 204 in 10.9586 ms
2026-05-06 11:04:39.537 +07:00 [INF] HTTP OPTIONS /api/v1/ha-tang-mang => 204 in 7.8638 ms CorrelationId=f0cd31c2395a4f26b14ea3ec1cf4512c UserId=anonymous
2026-05-06 11:04:39.538 +07:00 [INF] HTTP OPTIONS /api/v1/don-vi/2001 => 204 in 5.709 ms CorrelationId=01aca4a8acd241b98ea72ab0b0205995 UserId=anonymous
2026-05-06 11:04:39.540 +07:00 [INF] Request finished HTTP/1.1 OPTIONS http://localhost:5283/api/v1/don-vi/2001 - 204 null null 17.8679ms
2026-05-06 11:04:39.543 +07:00 [INF] HTTP OPTIONS /api/v1/ha-tang-mang responded 204 in 13.2215 ms
2026-05-06 11:04:39.545 +07:00 [INF] HTTP OPTIONS /api/v1/don-vi/2001 responded 204 in 12.1635 ms
2026-05-06 11:04:39.551 +07:00 [INF] Request starting HTTP/1.1 GET http://localhost:5283/api/v1/don-vi/2001 - null null
2026-05-06 11:04:39.553 +07:00 [INF] Request finished HTTP/1.1 OPTIONS http://localhost:5283/api/v1/ha-tang-mang?donViId=2001 - 204 null null 26.7289ms
2026-05-06 11:04:39.555 +07:00 [INF] Request finished HTTP/1.1 OPTIONS http://localhost:5283/api/v1/don-vi/2001 - 204 null null 28.9237ms
2026-05-06 11:04:39.558 +07:00 [INF] CORS policy execution successful.
2026-05-06 11:04:39.562 +07:00 [INF] Request starting HTTP/1.1 GET http://localhost:5283/api/v1/ha-tang-mang?donViId=2001 - null null
2026-05-06 11:04:39.568 +07:00 [INF] Executing endpoint 'ThucLuc.Api.Controllers.V1.DonViController.GetById (ThucLuc.Api)'
2026-05-06 11:04:39.571 +07:00 [INF] CORS policy execution successful.
2026-05-06 11:04:39.572 +07:00 [INF] Route matched with {action = "GetById", controller = "DonVi"}. Executing controller action with signature System.Threading.Tasks.Task`1[Microsoft.AspNetCore.Mvc.ActionResult`1[ThucLuc.Api.Common.Models.ApiResponse`1[ThucLuc.Application.Features.DonVi.DonViDto]]] GetById(Int64, System.Threading.CancellationToken) on controller ThucLuc.Api.Controllers.V1.DonViController (ThucLuc.Api).
2026-05-06 11:04:39.573 +07:00 [INF] Executing endpoint 'ThucLuc.Api.Controllers.V1.HaTangMangController.GetAll (ThucLuc.Api)'
2026-05-06 11:04:39.576 +07:00 [INF] Route matched with {action = "GetAll", controller = "HaTangMang"}. Executing controller action with signature System.Threading.Tasks.Task`1[Microsoft.AspNetCore.Mvc.ActionResult`1[ThucLuc.Api.Common.Models.ApiResponse`1[System.Collections.Generic.IReadOnlyCollection`1[ThucLuc.Application.Features.HaTangMang.HaTangMangDto]]]] GetAll(System.Threading.CancellationToken) on controller ThucLuc.Api.Controllers.V1.HaTangMangController (ThucLuc.Api).
2026-05-06 11:04:39.621 +07:00 [INF] Executing OkObjectResult, writing value of type 'ThucLuc.Api.Common.Models.ApiResponse`1[[ThucLuc.Application.Features.DonVi.DonViDto, ThucLuc.Application, Version=1.0.0.0, Culture=neutral, PublicKeyToken=null]]'.
2026-05-06 11:04:39.623 +07:00 [INF] Executed action ThucLuc.Api.Controllers.V1.DonViController.GetById (ThucLuc.Api) in 48.2703ms
2026-05-06 11:04:39.624 +07:00 [INF] Request starting HTTP/1.1 GET http://localhost:5283/api/v1/don-vi/2001 - null null
2026-05-06 11:04:39.625 +07:00 [INF] Executed endpoint 'ThucLuc.Api.Controllers.V1.DonViController.GetById (ThucLuc.Api)'
2026-05-06 11:04:39.628 +07:00 [INF] CORS policy execution successful.
2026-05-06 11:04:39.628 +07:00 [INF] Executing OkObjectResult, writing value of type 'ThucLuc.Api.Common.Models.ApiResponse`1[[System.Collections.Generic.IReadOnlyCollection`1[[ThucLuc.Application.Features.HaTangMang.HaTangMangDto, ThucLuc.Application, Version=1.0.0.0, Culture=neutral, PublicKeyToken=null]], System.Private.CoreLib, Version=8.0.0.0, Culture=neutral, PublicKeyToken=7cec85d7bea7798e]]'.
2026-05-06 11:04:39.629 +07:00 [INF] HTTP GET /api/v1/don-vi/2001 => 200 in 70.3835 ms CorrelationId=4478d54ca3464a74a4bc9cd518511abb UserId=5001
2026-05-06 11:04:39.630 +07:00 [INF] Executing endpoint 'ThucLuc.Api.Controllers.V1.DonViController.GetById (ThucLuc.Api)'
2026-05-06 11:04:39.631 +07:00 [INF] Executed action ThucLuc.Api.Controllers.V1.HaTangMangController.GetAll (ThucLuc.Api) in 52.3621ms
2026-05-06 11:04:39.634 +07:00 [INF] HTTP GET /api/v1/don-vi/2001 responded 200 in 75.9764 ms
2026-05-06 11:04:39.636 +07:00 [INF] Route matched with {action = "GetById", controller = "DonVi"}. Executing controller action with signature System.Threading.Tasks.Task`1[Microsoft.AspNetCore.Mvc.ActionResult`1[ThucLuc.Api.Common.Models.ApiResponse`1[ThucLuc.Application.Features.DonVi.DonViDto]]] GetById(Int64, System.Threading.CancellationToken) on controller ThucLuc.Api.Controllers.V1.DonViController (ThucLuc.Api).
2026-05-06 11:04:39.637 +07:00 [INF] Executed endpoint 'ThucLuc.Api.Controllers.V1.HaTangMangController.GetAll (ThucLuc.Api)'
2026-05-06 11:04:39.638 +07:00 [INF] Request finished HTTP/1.1 GET http://localhost:5283/api/v1/don-vi/2001 - 200 null application/json; charset=utf-8 87.7591ms
2026-05-06 11:04:39.641 +07:00 [INF] HTTP GET /api/v1/ha-tang-mang => 200 in 70.2129 ms CorrelationId=14995a9370c2471caa7ab911ff522ee8 UserId=5001
2026-05-06 11:04:39.646 +07:00 [INF] HTTP GET /api/v1/ha-tang-mang responded 200 in 75.5144 ms
2026-05-06 11:04:39.648 +07:00 [INF] Request finished HTTP/1.1 GET http://localhost:5283/api/v1/ha-tang-mang?donViId=2001 - 200 null application/json; charset=utf-8 85.9419ms
2026-05-06 11:04:39.685 +07:00 [INF] Executing OkObjectResult, writing value of type 'ThucLuc.Api.Common.Models.ApiResponse`1[[ThucLuc.Application.Features.DonVi.DonViDto, ThucLuc.Application, Version=1.0.0.0, Culture=neutral, PublicKeyToken=null]]'.
2026-05-06 11:04:39.687 +07:00 [INF] Executed action ThucLuc.Api.Controllers.V1.DonViController.GetById (ThucLuc.Api) in 47.1106ms
2026-05-06 11:04:39.689 +07:00 [INF] Executed endpoint 'ThucLuc.Api.Controllers.V1.DonViController.GetById (ThucLuc.Api)'
2026-05-06 11:04:39.689 +07:00 [INF] HTTP GET /api/v1/don-vi/2001 => 200 in 61.7904 ms CorrelationId=ec0e491513e24e7ca56a6ea9e9d8aa99 UserId=5001
2026-05-06 11:04:39.692 +07:00 [INF] HTTP GET /api/v1/don-vi/2001 responded 200 in 64.4384 ms
2026-05-06 11:04:39.693 +07:00 [INF] Request finished HTTP/1.1 GET http://localhost:5283/api/v1/don-vi/2001 - 200 null application/json; charset=utf-8 69.3718ms
2026-05-06 11:05:23.780 +07:00 [INF] Application is shutting down...
2026-05-06 11:05:28.944 +07:00 [INF] Baseline seed data has been applied successfully.
2026-05-06 11:05:29.040 +07:00 [INF] User profile is available. Using 'C:\Users\CNTT\AppData\Local\ASP.NET\DataProtection-Keys' as key repository and Windows DPAPI to encrypt keys at rest.
2026-05-06 11:05:29.090 +07:00 [INF] Now listening on: http://localhost:5283
2026-05-06 11:05:29.093 +07:00 [INF] Application started. Press Ctrl+C to shut down.
2026-05-06 11:05:29.094 +07:00 [INF] Hosting environment: Development
2026-05-06 11:05:29.095 +07:00 [INF] Content root path: D:\Projects\ThucLuc_V2\.sources\backend\src\api
2026-05-06 11:05:37.860 +07:00 [INF] Request starting HTTP/1.1 OPTIONS http://localhost:5283/api/v1/ha-tang-mang?donViId=2001 - null null
2026-05-06 11:05:37.860 +07:00 [INF] Request starting HTTP/1.1 OPTIONS http://localhost:5283/api/v1/don-vi/2001 - null null
2026-05-06 11:05:37.860 +07:00 [INF] Request starting HTTP/1.1 OPTIONS http://localhost:5283/api/v1/don-vi/2001 - null null
2026-05-06 11:05:37.895 +07:00 [WRN] Failed to determine the https port for redirect.
2026-05-06 11:05:37.897 +07:00 [INF] CORS policy execution successful.
2026-05-06 11:05:37.897 +07:00 [INF] CORS policy execution successful.
2026-05-06 11:05:37.897 +07:00 [INF] CORS policy execution successful.
2026-05-06 11:05:37.900 +07:00 [INF] HTTP OPTIONS /api/v1/ha-tang-mang => 204 in 11.012 ms CorrelationId=64415fda9262420581c284eaf6715f82 UserId=anonymous
2026-05-06 11:05:37.900 +07:00 [INF] HTTP OPTIONS /api/v1/don-vi/2001 => 204 in 10.2615 ms CorrelationId=00bfaa3284c8455399fcd49d9480cf1f UserId=anonymous
2026-05-06 11:05:37.900 +07:00 [INF] HTTP OPTIONS /api/v1/don-vi/2001 => 204 in 10.3941 ms CorrelationId=1b5728634f304f2f825ec3bdaab20950 UserId=anonymous
2026-05-06 11:05:37.904 +07:00 [INF] HTTP OPTIONS /api/v1/don-vi/2001 responded 204 in 18.2549 ms
2026-05-06 11:05:37.904 +07:00 [INF] HTTP OPTIONS /api/v1/ha-tang-mang responded 204 in 17.1276 ms
2026-05-06 11:05:37.906 +07:00 [INF] HTTP OPTIONS /api/v1/don-vi/2001 responded 204 in 19.7603 ms
2026-05-06 11:05:37.910 +07:00 [INF] Request finished HTTP/1.1 OPTIONS http://localhost:5283/api/v1/don-vi/2001 - 204 null null 50.8527ms
2026-05-06 11:05:37.910 +07:00 [INF] Request finished HTTP/1.1 OPTIONS http://localhost:5283/api/v1/ha-tang-mang?donViId=2001 - 204 null null 50.8445ms
2026-05-06 11:05:37.910 +07:00 [INF] Request finished HTTP/1.1 OPTIONS http://localhost:5283/api/v1/don-vi/2001 - 204 null null 51.3379ms
2026-05-06 11:05:37.915 +07:00 [INF] Request starting HTTP/1.1 GET http://localhost:5283/api/v1/don-vi/2001 - null null
2026-05-06 11:05:37.919 +07:00 [INF] Request starting HTTP/1.1 GET http://localhost:5283/api/v1/ha-tang-mang?donViId=2001 - null null
2026-05-06 11:05:37.925 +07:00 [INF] CORS policy execution successful.
2026-05-06 11:05:37.925 +07:00 [INF] CORS policy execution successful.
2026-05-06 11:05:37.956 +07:00 [INF] Executing endpoint 'ThucLuc.Api.Controllers.V1.DonViController.GetById (ThucLuc.Api)'
2026-05-06 11:05:37.956 +07:00 [INF] Executing endpoint 'ThucLuc.Api.Controllers.V1.HaTangMangController.GetAll (ThucLuc.Api)'
2026-05-06 11:05:37.968 +07:00 [INF] Route matched with {action = "GetById", controller = "DonVi"}. Executing controller action with signature System.Threading.Tasks.Task`1[Microsoft.AspNetCore.Mvc.ActionResult`1[ThucLuc.Api.Common.Models.ApiResponse`1[ThucLuc.Application.Features.DonVi.DonViDto]]] GetById(Int64, System.Threading.CancellationToken) on controller ThucLuc.Api.Controllers.V1.DonViController (ThucLuc.Api).
2026-05-06 11:05:37.968 +07:00 [INF] Route matched with {action = "GetAll", controller = "HaTangMang"}. Executing controller action with signature System.Threading.Tasks.Task`1[Microsoft.AspNetCore.Mvc.ActionResult`1[ThucLuc.Api.Common.Models.ApiResponse`1[System.Collections.Generic.IReadOnlyCollection`1[ThucLuc.Application.Features.HaTangMang.HaTangMangDto]]]] GetAll(System.Threading.CancellationToken) on controller ThucLuc.Api.Controllers.V1.HaTangMangController (ThucLuc.Api).
2026-05-06 11:05:38.021 +07:00 [INF] Executing OkObjectResult, writing value of type 'ThucLuc.Api.Common.Models.ApiResponse`1[[System.Collections.Generic.IReadOnlyCollection`1[[ThucLuc.Application.Features.HaTangMang.HaTangMangDto, ThucLuc.Application, Version=1.0.0.0, Culture=neutral, PublicKeyToken=null]], System.Private.CoreLib, Version=8.0.0.0, Culture=neutral, PublicKeyToken=7cec85d7bea7798e]]'.
2026-05-06 11:05:38.038 +07:00 [INF] Executed action ThucLuc.Api.Controllers.V1.HaTangMangController.GetAll (ThucLuc.Api) in 64.8615ms
2026-05-06 11:05:38.039 +07:00 [INF] Executed endpoint 'ThucLuc.Api.Controllers.V1.HaTangMangController.GetAll (ThucLuc.Api)'
2026-05-06 11:05:38.041 +07:00 [INF] HTTP GET /api/v1/ha-tang-mang => 200 in 116.8241 ms CorrelationId=d683f7e25914483db19fc2b6e78a88f3 UserId=5001
2026-05-06 11:05:38.042 +07:00 [INF] HTTP GET /api/v1/ha-tang-mang responded 200 in 118.4755 ms
2026-05-06 11:05:38.045 +07:00 [INF] Request finished HTTP/1.1 GET http://localhost:5283/api/v1/ha-tang-mang?donViId=2001 - 200 null application/json; charset=utf-8 126.3978ms
2026-05-06 11:05:38.047 +07:00 [INF] Executing OkObjectResult, writing value of type 'ThucLuc.Api.Common.Models.ApiResponse`1[[ThucLuc.Application.Features.DonVi.DonViDto, ThucLuc.Application, Version=1.0.0.0, Culture=neutral, PublicKeyToken=null]]'.
2026-05-06 11:05:38.057 +07:00 [INF] Executed action ThucLuc.Api.Controllers.V1.DonViController.GetById (ThucLuc.Api) in 86.6227ms
2026-05-06 11:05:38.059 +07:00 [INF] Executed endpoint 'ThucLuc.Api.Controllers.V1.DonViController.GetById (ThucLuc.Api)'
2026-05-06 11:05:38.059 +07:00 [INF] Request starting HTTP/1.1 GET http://localhost:5283/api/v1/don-vi/2001 - null null
2026-05-06 11:05:38.059 +07:00 [INF] HTTP GET /api/v1/don-vi/2001 => 200 in 135.4827 ms CorrelationId=f24e106195584f59bb1a259de6cb9f81 UserId=5001
2026-05-06 11:05:38.061 +07:00 [INF] CORS policy execution successful.
2026-05-06 11:05:38.063 +07:00 [INF] HTTP GET /api/v1/don-vi/2001 responded 200 in 138.7960 ms
2026-05-06 11:05:38.065 +07:00 [INF] Request finished HTTP/1.1 GET http://localhost:5283/api/v1/don-vi/2001 - 200 null application/json; charset=utf-8 150.9103ms
2026-05-06 11:05:38.067 +07:00 [INF] Executing endpoint 'ThucLuc.Api.Controllers.V1.DonViController.GetById (ThucLuc.Api)'
2026-05-06 11:05:38.071 +07:00 [INF] Route matched with {action = "GetById", controller = "DonVi"}. Executing controller action with signature System.Threading.Tasks.Task`1[Microsoft.AspNetCore.Mvc.ActionResult`1[ThucLuc.Api.Common.Models.ApiResponse`1[ThucLuc.Application.Features.DonVi.DonViDto]]] GetById(Int64, System.Threading.CancellationToken) on controller ThucLuc.Api.Controllers.V1.DonViController (ThucLuc.Api).
2026-05-06 11:05:38.081 +07:00 [INF] Executing OkObjectResult, writing value of type 'ThucLuc.Api.Common.Models.ApiResponse`1[[ThucLuc.Application.Features.DonVi.DonViDto, ThucLuc.Application, Version=1.0.0.0, Culture=neutral, PublicKeyToken=null]]'.
2026-05-06 11:05:38.083 +07:00 [INF] Executed action ThucLuc.Api.Controllers.V1.DonViController.GetById (ThucLuc.Api) in 10.982ms
2026-05-06 11:05:38.084 +07:00 [INF] Executed endpoint 'ThucLuc.Api.Controllers.V1.DonViController.GetById (ThucLuc.Api)'
2026-05-06 11:05:38.085 +07:00 [INF] HTTP GET /api/v1/don-vi/2001 => 200 in 24.1744 ms CorrelationId=77995dde30d64ae0acb64fb32201b85c UserId=5001
2026-05-06 11:05:38.086 +07:00 [INF] HTTP GET /api/v1/don-vi/2001 responded 200 in 25.5162 ms
2026-05-06 11:05:38.088 +07:00 [INF] Request finished HTTP/1.1 GET http://localhost:5283/api/v1/don-vi/2001 - 200 null application/json; charset=utf-8 28.785ms
2026-05-06 11:08:53.381 +07:00 [INF] Request starting HTTP/1.1 OPTIONS http://localhost:5283/api/v1/don-vi/2001 - null null
2026-05-06 11:08:53.382 +07:00 [INF] Request starting HTTP/1.1 OPTIONS http://localhost:5283/api/v1/ha-tang-mang?donViId=2001 - null null
2026-05-06 11:08:53.383 +07:00 [INF] Request starting HTTP/1.1 OPTIONS http://localhost:5283/api/v1/don-vi/2001 - null null
2026-05-06 11:08:53.384 +07:00 [INF] CORS policy execution successful.
2026-05-06 11:08:53.387 +07:00 [INF] CORS policy execution successful.
2026-05-06 11:08:53.390 +07:00 [INF] CORS policy execution successful.
2026-05-06 11:08:53.391 +07:00 [INF] HTTP OPTIONS /api/v1/don-vi/2001 => 204 in 6.8966 ms CorrelationId=3e4c0a6339454d3187e21fad6b757405 UserId=anonymous
2026-05-06 11:08:53.391 +07:00 [INF] HTTP OPTIONS /api/v1/ha-tang-mang => 204 in 4.5601 ms CorrelationId=43ce09ed004d445f93df427c4522e7fb UserId=anonymous
2026-05-06 11:08:53.392 +07:00 [INF] HTTP OPTIONS /api/v1/don-vi/2001 => 204 in 2.2328 ms CorrelationId=ba8c89a875ca4dd7995de3a8647b15a6 UserId=anonymous
2026-05-06 11:08:53.394 +07:00 [INF] HTTP OPTIONS /api/v1/don-vi/2001 responded 204 in 10.6446 ms
2026-05-06 11:08:53.397 +07:00 [INF] HTTP OPTIONS /api/v1/ha-tang-mang responded 204 in 9.9917 ms
2026-05-06 11:08:53.399 +07:00 [INF] HTTP OPTIONS /api/v1/don-vi/2001 responded 204 in 9.2182 ms
2026-05-06 11:08:53.401 +07:00 [INF] Request finished HTTP/1.1 OPTIONS http://localhost:5283/api/v1/don-vi/2001 - 204 null null 20.4082ms
2026-05-06 11:08:53.403 +07:00 [INF] Request finished HTTP/1.1 OPTIONS http://localhost:5283/api/v1/ha-tang-mang?donViId=2001 - 204 null null 21.0932ms
2026-05-06 11:08:53.405 +07:00 [INF] Request finished HTTP/1.1 OPTIONS http://localhost:5283/api/v1/don-vi/2001 - 204 null null 22.5776ms
2026-05-06 11:08:53.412 +07:00 [INF] Request starting HTTP/1.1 GET http://localhost:5283/api/v1/don-vi/2001 - null null
2026-05-06 11:08:53.415 +07:00 [INF] Request starting HTTP/1.1 GET http://localhost:5283/api/v1/ha-tang-mang?donViId=2001 - null null
2026-05-06 11:08:53.418 +07:00 [INF] CORS policy execution successful.
2026-05-06 11:08:53.421 +07:00 [INF] CORS policy execution successful.
2026-05-06 11:08:53.422 +07:00 [INF] Executing endpoint 'ThucLuc.Api.Controllers.V1.DonViController.GetById (ThucLuc.Api)'
2026-05-06 11:08:53.423 +07:00 [INF] Executing endpoint 'ThucLuc.Api.Controllers.V1.HaTangMangController.GetAll (ThucLuc.Api)'
2026-05-06 11:08:53.424 +07:00 [INF] Route matched with {action = "GetById", controller = "DonVi"}. Executing controller action with signature System.Threading.Tasks.Task`1[Microsoft.AspNetCore.Mvc.ActionResult`1[ThucLuc.Api.Common.Models.ApiResponse`1[ThucLuc.Application.Features.DonVi.DonViDto]]] GetById(Int64, System.Threading.CancellationToken) on controller ThucLuc.Api.Controllers.V1.DonViController (ThucLuc.Api).
2026-05-06 11:08:53.425 +07:00 [INF] Route matched with {action = "GetAll", controller = "HaTangMang"}. Executing controller action with signature System.Threading.Tasks.Task`1[Microsoft.AspNetCore.Mvc.ActionResult`1[ThucLuc.Api.Common.Models.ApiResponse`1[System.Collections.Generic.IReadOnlyCollection`1[ThucLuc.Application.Features.HaTangMang.HaTangMangDto]]]] GetAll(System.Threading.CancellationToken) on controller ThucLuc.Api.Controllers.V1.HaTangMangController (ThucLuc.Api).
2026-05-06 11:08:53.473 +07:00 [INF] Executing OkObjectResult, writing value of type 'ThucLuc.Api.Common.Models.ApiResponse`1[[ThucLuc.Application.Features.DonVi.DonViDto, ThucLuc.Application, Version=1.0.0.0, Culture=neutral, PublicKeyToken=null]]'.
2026-05-06 11:08:53.475 +07:00 [INF] Executed action ThucLuc.Api.Controllers.V1.DonViController.GetById (ThucLuc.Api) in 49.0711ms
2026-05-06 11:08:53.476 +07:00 [INF] Request starting HTTP/1.1 GET http://localhost:5283/api/v1/don-vi/2001 - null null
2026-05-06 11:08:53.476 +07:00 [INF] Executed endpoint 'ThucLuc.Api.Controllers.V1.DonViController.GetById (ThucLuc.Api)'
2026-05-06 11:08:53.479 +07:00 [INF] CORS policy execution successful.
2026-05-06 11:08:53.480 +07:00 [INF] HTTP GET /api/v1/don-vi/2001 => 200 in 62.1586 ms CorrelationId=62478b8ab3784f3aac143d2a6b8c8ea8 UserId=5001
2026-05-06 11:08:53.481 +07:00 [INF] Executing endpoint 'ThucLuc.Api.Controllers.V1.DonViController.GetById (ThucLuc.Api)'
2026-05-06 11:08:53.483 +07:00 [INF] HTTP GET /api/v1/don-vi/2001 responded 200 in 65.0744 ms
2026-05-06 11:08:53.485 +07:00 [INF] Route matched with {action = "GetById", controller = "DonVi"}. Executing controller action with signature System.Threading.Tasks.Task`1[Microsoft.AspNetCore.Mvc.ActionResult`1[ThucLuc.Api.Common.Models.ApiResponse`1[ThucLuc.Application.Features.DonVi.DonViDto]]] GetById(Int64, System.Threading.CancellationToken) on controller ThucLuc.Api.Controllers.V1.DonViController (ThucLuc.Api).
2026-05-06 11:08:53.486 +07:00 [INF] Request finished HTTP/1.1 GET http://localhost:5283/api/v1/don-vi/2001 - 200 null application/json; charset=utf-8 74.1357ms
2026-05-06 11:08:53.492 +07:00 [INF] Executing OkObjectResult, writing value of type 'ThucLuc.Api.Common.Models.ApiResponse`1[[ThucLuc.Application.Features.DonVi.DonViDto, ThucLuc.Application, Version=1.0.0.0, Culture=neutral, PublicKeyToken=null]]'.
2026-05-06 11:08:53.493 +07:00 [INF] Executed action ThucLuc.Api.Controllers.V1.DonViController.GetById (ThucLuc.Api) in 4.9512ms
2026-05-06 11:08:53.495 +07:00 [INF] Executed endpoint 'ThucLuc.Api.Controllers.V1.DonViController.GetById (ThucLuc.Api)'
2026-05-06 11:08:53.496 +07:00 [INF] HTTP GET /api/v1/don-vi/2001 => 200 in 17.7148 ms CorrelationId=a84f29ac5e1c41e1a95fb7e96f27dbd9 UserId=5001
2026-05-06 11:08:53.498 +07:00 [INF] HTTP GET /api/v1/don-vi/2001 responded 200 in 19.7899 ms
2026-05-06 11:08:53.501 +07:00 [INF] Request finished HTTP/1.1 GET http://localhost:5283/api/v1/don-vi/2001 - 200 null application/json; charset=utf-8 24.486ms
2026-05-06 11:08:53.509 +07:00 [INF] Executing OkObjectResult, writing value of type 'ThucLuc.Api.Common.Models.ApiResponse`1[[System.Collections.Generic.IReadOnlyCollection`1[[ThucLuc.Application.Features.HaTangMang.HaTangMangDto, ThucLuc.Application, Version=1.0.0.0, Culture=neutral, PublicKeyToken=null]], System.Private.CoreLib, Version=8.0.0.0, Culture=neutral, PublicKeyToken=7cec85d7bea7798e]]'.
2026-05-06 11:08:53.511 +07:00 [INF] Executed action ThucLuc.Api.Controllers.V1.HaTangMangController.GetAll (ThucLuc.Api) in 82.8591ms
2026-05-06 11:08:53.512 +07:00 [INF] Executed endpoint 'ThucLuc.Api.Controllers.V1.HaTangMangController.GetAll (ThucLuc.Api)'
2026-05-06 11:08:53.514 +07:00 [INF] HTTP GET /api/v1/ha-tang-mang => 200 in 93.2859 ms CorrelationId=c4226c58e42e4333a03a423c43bfecca UserId=5001
2026-05-06 11:08:53.516 +07:00 [INF] HTTP GET /api/v1/ha-tang-mang responded 200 in 96.0449 ms
2026-05-06 11:08:53.518 +07:00 [INF] Request finished HTTP/1.1 GET http://localhost:5283/api/v1/ha-tang-mang?donViId=2001 - 200 null application/json; charset=utf-8 102.7199ms
2026-05-06 11:09:47.677 +07:00 [INF] Request starting HTTP/1.1 OPTIONS http://localhost:5283/api/v1/don-vi/2001 - null null
2026-05-06 11:09:47.679 +07:00 [INF] Request starting HTTP/1.1 OPTIONS http://localhost:5283/api/v1/ha-tang-mang?donViId=2001 - null null
2026-05-06 11:09:47.680 +07:00 [INF] Request starting HTTP/1.1 OPTIONS http://localhost:5283/api/v1/don-vi/2001 - null null
2026-05-06 11:09:47.681 +07:00 [INF] CORS policy execution successful.
2026-05-06 11:09:47.684 +07:00 [INF] CORS policy execution successful.
2026-05-06 11:09:47.687 +07:00 [INF] CORS policy execution successful.
2026-05-06 11:09:47.688 +07:00 [INF] HTTP OPTIONS /api/v1/don-vi/2001 => 204 in 7.2899 ms CorrelationId=1cbe15b699cb495d9a55a03d10a69aae UserId=anonymous
2026-05-06 11:09:47.689 +07:00 [INF] HTTP OPTIONS /api/v1/ha-tang-mang => 204 in 5.3264 ms CorrelationId=bbe196bdf5584b65ab015b76a04517dd UserId=anonymous
2026-05-06 11:09:47.690 +07:00 [INF] HTTP OPTIONS /api/v1/don-vi/2001 => 204 in 2.9476 ms CorrelationId=1618db396a014e47afb3ccb88a7c83af UserId=anonymous
2026-05-06 11:09:47.692 +07:00 [INF] HTTP OPTIONS /api/v1/don-vi/2001 responded 204 in 11.5532 ms
2026-05-06 11:09:47.695 +07:00 [INF] HTTP OPTIONS /api/v1/ha-tang-mang responded 204 in 11.2181 ms
2026-05-06 11:09:47.697 +07:00 [INF] HTTP OPTIONS /api/v1/don-vi/2001 responded 204 in 9.9490 ms
2026-05-06 11:09:47.699 +07:00 [INF] Request finished HTTP/1.1 OPTIONS http://localhost:5283/api/v1/don-vi/2001 - 204 null null 21.7048ms
2026-05-06 11:09:47.702 +07:00 [INF] Request finished HTTP/1.1 OPTIONS http://localhost:5283/api/v1/ha-tang-mang?donViId=2001 - 204 null null 22.4848ms
2026-05-06 11:09:47.704 +07:00 [INF] Request finished HTTP/1.1 OPTIONS http://localhost:5283/api/v1/don-vi/2001 - 204 null null 24.5292ms
2026-05-06 11:09:47.711 +07:00 [INF] Request starting HTTP/1.1 GET http://localhost:5283/api/v1/don-vi/2001 - null null
2026-05-06 11:09:47.715 +07:00 [INF] Request starting HTTP/1.1 GET http://localhost:5283/api/v1/ha-tang-mang?donViId=2001 - null null
2026-05-06 11:09:47.718 +07:00 [INF] CORS policy execution successful.
2026-05-06 11:09:47.721 +07:00 [INF] CORS policy execution successful.
2026-05-06 11:09:47.722 +07:00 [INF] Executing endpoint 'ThucLuc.Api.Controllers.V1.DonViController.GetById (ThucLuc.Api)'
2026-05-06 11:09:47.723 +07:00 [INF] Executing endpoint 'ThucLuc.Api.Controllers.V1.HaTangMangController.GetAll (ThucLuc.Api)'
2026-05-06 11:09:47.724 +07:00 [INF] Route matched with {action = "GetById", controller = "DonVi"}. Executing controller action with signature System.Threading.Tasks.Task`1[Microsoft.AspNetCore.Mvc.ActionResult`1[ThucLuc.Api.Common.Models.ApiResponse`1[ThucLuc.Application.Features.DonVi.DonViDto]]] GetById(Int64, System.Threading.CancellationToken) on controller ThucLuc.Api.Controllers.V1.DonViController (ThucLuc.Api).
2026-05-06 11:09:47.725 +07:00 [INF] Route matched with {action = "GetAll", controller = "HaTangMang"}. Executing controller action with signature System.Threading.Tasks.Task`1[Microsoft.AspNetCore.Mvc.ActionResult`1[ThucLuc.Api.Common.Models.ApiResponse`1[System.Collections.Generic.IReadOnlyCollection`1[ThucLuc.Application.Features.HaTangMang.HaTangMangDto]]]] GetAll(System.Threading.CancellationToken) on controller ThucLuc.Api.Controllers.V1.HaTangMangController (ThucLuc.Api).
2026-05-06 11:09:47.773 +07:00 [INF] Executing OkObjectResult, writing value of type 'ThucLuc.Api.Common.Models.ApiResponse`1[[System.Collections.Generic.IReadOnlyCollection`1[[ThucLuc.Application.Features.HaTangMang.HaTangMangDto, ThucLuc.Application, Version=1.0.0.0, Culture=neutral, PublicKeyToken=null]], System.Private.CoreLib, Version=8.0.0.0, Culture=neutral, PublicKeyToken=7cec85d7bea7798e]]'.
2026-05-06 11:09:47.773 +07:00 [INF] Executing OkObjectResult, writing value of type 'ThucLuc.Api.Common.Models.ApiResponse`1[[ThucLuc.Application.Features.DonVi.DonViDto, ThucLuc.Application, Version=1.0.0.0, Culture=neutral, PublicKeyToken=null]]'.
2026-05-06 11:09:47.774 +07:00 [INF] Executed action ThucLuc.Api.Controllers.V1.HaTangMangController.GetAll (ThucLuc.Api) in 45.6423ms
2026-05-06 11:09:47.775 +07:00 [INF] Executed action ThucLuc.Api.Controllers.V1.DonViController.GetById (ThucLuc.Api) in 48.317ms
2026-05-06 11:09:47.776 +07:00 [INF] Executed endpoint 'ThucLuc.Api.Controllers.V1.HaTangMangController.GetAll (ThucLuc.Api)'
2026-05-06 11:09:47.776 +07:00 [INF] Request starting HTTP/1.1 GET http://localhost:5283/api/v1/don-vi/2001 - null null
2026-05-06 11:09:47.777 +07:00 [INF] Executed endpoint 'ThucLuc.Api.Controllers.V1.DonViController.GetById (ThucLuc.Api)'
2026-05-06 11:09:47.778 +07:00 [INF] HTTP GET /api/v1/ha-tang-mang => 200 in 56.253 ms CorrelationId=d3e2ec1af9124c8a9dec7ab7f3f6715e UserId=5001
2026-05-06 11:09:47.779 +07:00 [INF] CORS policy execution successful.
2026-05-06 11:09:47.780 +07:00 [INF] HTTP GET /api/v1/don-vi/2001 => 200 in 62.4486 ms CorrelationId=412b263095be474bb954f2a758aa764f UserId=5001
2026-05-06 11:09:47.781 +07:00 [INF] HTTP GET /api/v1/ha-tang-mang responded 200 in 59.9941 ms
2026-05-06 11:09:47.782 +07:00 [INF] Executing endpoint 'ThucLuc.Api.Controllers.V1.DonViController.GetById (ThucLuc.Api)'
2026-05-06 11:09:47.783 +07:00 [INF] HTTP GET /api/v1/don-vi/2001 responded 200 in 65.7971 ms
2026-05-06 11:09:47.786 +07:00 [INF] Request finished HTTP/1.1 GET http://localhost:5283/api/v1/ha-tang-mang?donViId=2001 - 200 null application/json; charset=utf-8 70.8264ms
2026-05-06 11:09:47.787 +07:00 [INF] Route matched with {action = "GetById", controller = "DonVi"}. Executing controller action with signature System.Threading.Tasks.Task`1[Microsoft.AspNetCore.Mvc.ActionResult`1[ThucLuc.Api.Common.Models.ApiResponse`1[ThucLuc.Application.Features.DonVi.DonViDto]]] GetById(Int64, System.Threading.CancellationToken) on controller ThucLuc.Api.Controllers.V1.DonViController (ThucLuc.Api).
2026-05-06 11:09:47.788 +07:00 [INF] Request finished HTTP/1.1 GET http://localhost:5283/api/v1/don-vi/2001 - 200 null application/json; charset=utf-8 76.9488ms
2026-05-06 11:09:47.838 +07:00 [INF] Executing OkObjectResult, writing value of type 'ThucLuc.Api.Common.Models.ApiResponse`1[[ThucLuc.Application.Features.DonVi.DonViDto, ThucLuc.Application, Version=1.0.0.0, Culture=neutral, PublicKeyToken=null]]'.
2026-05-06 11:09:47.840 +07:00 [INF] Executed action ThucLuc.Api.Controllers.V1.DonViController.GetById (ThucLuc.Api) in 47.8907ms
2026-05-06 11:09:47.841 +07:00 [INF] Executed endpoint 'ThucLuc.Api.Controllers.V1.DonViController.GetById (ThucLuc.Api)'
2026-05-06 11:09:47.842 +07:00 [INF] HTTP GET /api/v1/don-vi/2001 => 200 in 62.512 ms CorrelationId=6797e6a0e2da4e01a3ba6a97b70b7829 UserId=5001
2026-05-06 11:09:47.844 +07:00 [INF] HTTP GET /api/v1/don-vi/2001 responded 200 in 64.2828 ms
2026-05-06 11:09:47.845 +07:00 [INF] Request finished HTTP/1.1 GET http://localhost:5283/api/v1/don-vi/2001 - 200 null application/json; charset=utf-8 68.6349ms
2026-05-06 11:10:18.573 +07:00 [INF] Request starting HTTP/1.1 OPTIONS http://localhost:5283/api/v1/ha-tang-mang/matrix - null null
2026-05-06 11:10:18.576 +07:00 [INF] CORS policy execution successful.
2026-05-06 11:10:18.577 +07:00 [INF] HTTP OPTIONS /api/v1/ha-tang-mang/matrix => 204 in 0.7993 ms CorrelationId=fba5530c0d6543dbba63bf957b73c329 UserId=anonymous
2026-05-06 11:10:18.580 +07:00 [INF] HTTP OPTIONS /api/v1/ha-tang-mang/matrix responded 204 in 3.8776 ms
2026-05-06 11:10:18.582 +07:00 [INF] Request finished HTTP/1.1 OPTIONS http://localhost:5283/api/v1/ha-tang-mang/matrix - 204 null null 8.9151ms
2026-05-06 11:10:18.586 +07:00 [INF] Request starting HTTP/1.1 PUT http://localhost:5283/api/v1/ha-tang-mang/matrix - application/json 183
2026-05-06 11:10:18.591 +07:00 [INF] CORS policy execution successful.
2026-05-06 11:10:18.593 +07:00 [INF] HTTP PUT /api/v1/ha-tang-mang/matrix => 404 in 1.5858 ms CorrelationId=4a22f865f3e5442eb98ed2262759fe6c UserId=5001
2026-05-06 11:10:18.595 +07:00 [INF] HTTP PUT /api/v1/ha-tang-mang/matrix responded 404 in 3.6253 ms
2026-05-06 11:10:18.596 +07:00 [INF] Request finished HTTP/1.1 PUT http://localhost:5283/api/v1/ha-tang-mang/matrix - 404 0 null 10.5112ms
2026-05-06 11:10:18.600 +07:00 [INF] Request reached the end of the middleware pipeline without being handled by application code. Request path: PUT http://localhost:5283/api/v1/ha-tang-mang/matrix, Response status code: 404
2026-05-06 11:10:33.141 +07:00 [INF] Request starting HTTP/1.1 OPTIONS http://localhost:5283/api/v1/don-vi/2001 - null null
2026-05-06 11:10:33.142 +07:00 [INF] Request starting HTTP/1.1 OPTIONS http://localhost:5283/api/v1/ha-tang-mang?donViId=2001 - null null
2026-05-06 11:10:33.142 +07:00 [INF] Request starting HTTP/1.1 OPTIONS http://localhost:5283/api/v1/don-vi/2001 - null null
2026-05-06 11:10:33.144 +07:00 [INF] CORS policy execution successful.
2026-05-06 11:10:33.149 +07:00 [INF] CORS policy execution successful.
2026-05-06 11:10:33.153 +07:00 [INF] CORS policy execution successful.
2026-05-06 11:10:33.154 +07:00 [INF] HTTP OPTIONS /api/v1/don-vi/2001 => 204 in 9.553 ms CorrelationId=94581914dce64299841faa8b50ff506d UserId=anonymous
2026-05-06 11:10:33.155 +07:00 [INF] HTTP OPTIONS /api/v1/ha-tang-mang => 204 in 6.3502 ms CorrelationId=b72e2106c8024ce8a2837f4ba7dd53ed UserId=anonymous
2026-05-06 11:10:33.156 +07:00 [INF] HTTP OPTIONS /api/v1/don-vi/2001 => 204 in 3.5134 ms CorrelationId=53abefe43f334fdb81bc1817c7e5d0f8 UserId=anonymous
2026-05-06 11:10:33.158 +07:00 [INF] HTTP OPTIONS /api/v1/don-vi/2001 responded 204 in 13.9839 ms
2026-05-06 11:10:33.161 +07:00 [INF] HTTP OPTIONS /api/v1/ha-tang-mang responded 204 in 11.6682 ms
2026-05-06 11:10:33.163 +07:00 [INF] HTTP OPTIONS /api/v1/don-vi/2001 responded 204 in 10.3319 ms
2026-05-06 11:10:33.165 +07:00 [INF] Request finished HTTP/1.1 OPTIONS http://localhost:5283/api/v1/don-vi/2001 - 204 null null 24.1713ms
2026-05-06 11:10:33.167 +07:00 [INF] Request finished HTTP/1.1 OPTIONS http://localhost:5283/api/v1/ha-tang-mang?donViId=2001 - 204 null null 24.7204ms
2026-05-06 11:10:33.169 +07:00 [INF] Request finished HTTP/1.1 OPTIONS http://localhost:5283/api/v1/don-vi/2001 - 204 null null 26.7672ms
2026-05-06 11:10:33.172 +07:00 [INF] Request starting HTTP/1.1 GET http://localhost:5283/api/v1/ha-tang-mang?donViId=2001 - null null
2026-05-06 11:10:33.175 +07:00 [INF] Request starting HTTP/1.1 GET http://localhost:5283/api/v1/don-vi/2001 - null null
2026-05-06 11:10:33.180 +07:00 [INF] CORS policy execution successful.
2026-05-06 11:10:33.182 +07:00 [INF] CORS policy execution successful.
2026-05-06 11:10:33.184 +07:00 [INF] Executing endpoint 'ThucLuc.Api.Controllers.V1.HaTangMangController.GetAll (ThucLuc.Api)'
2026-05-06 11:10:33.184 +07:00 [INF] Executing endpoint 'ThucLuc.Api.Controllers.V1.DonViController.GetById (ThucLuc.Api)'
2026-05-06 11:10:33.185 +07:00 [INF] Route matched with {action = "GetAll", controller = "HaTangMang"}. Executing controller action with signature System.Threading.Tasks.Task`1[Microsoft.AspNetCore.Mvc.ActionResult`1[ThucLuc.Api.Common.Models.ApiResponse`1[System.Collections.Generic.IReadOnlyCollection`1[ThucLuc.Application.Features.HaTangMang.HaTangMangDto]]]] GetAll(System.Threading.CancellationToken) on controller ThucLuc.Api.Controllers.V1.HaTangMangController (ThucLuc.Api).
2026-05-06 11:10:33.187 +07:00 [INF] Route matched with {action = "GetById", controller = "DonVi"}. Executing controller action with signature System.Threading.Tasks.Task`1[Microsoft.AspNetCore.Mvc.ActionResult`1[ThucLuc.Api.Common.Models.ApiResponse`1[ThucLuc.Application.Features.DonVi.DonViDto]]] GetById(Int64, System.Threading.CancellationToken) on controller ThucLuc.Api.Controllers.V1.DonViController (ThucLuc.Api).
2026-05-06 11:10:33.237 +07:00 [INF] Executing OkObjectResult, writing value of type 'ThucLuc.Api.Common.Models.ApiResponse`1[[ThucLuc.Application.Features.DonVi.DonViDto, ThucLuc.Application, Version=1.0.0.0, Culture=neutral, PublicKeyToken=null]]'.
2026-05-06 11:10:33.237 +07:00 [INF] Executing OkObjectResult, writing value of type 'ThucLuc.Api.Common.Models.ApiResponse`1[[System.Collections.Generic.IReadOnlyCollection`1[[ThucLuc.Application.Features.HaTangMang.HaTangMangDto, ThucLuc.Application, Version=1.0.0.0, Culture=neutral, PublicKeyToken=null]], System.Private.CoreLib, Version=8.0.0.0, Culture=neutral, PublicKeyToken=7cec85d7bea7798e]]'.
2026-05-06 11:10:33.240 +07:00 [INF] Executed action ThucLuc.Api.Controllers.V1.DonViController.GetById (ThucLuc.Api) in 50.4644ms
2026-05-06 11:10:33.241 +07:00 [INF] Request starting HTTP/1.1 GET http://localhost:5283/api/v1/don-vi/2001 - null null
2026-05-06 11:10:33.242 +07:00 [INF] Executed action ThucLuc.Api.Controllers.V1.HaTangMangController.GetAll (ThucLuc.Api) in 54.0353ms
2026-05-06 11:10:33.245 +07:00 [INF] Executed endpoint 'ThucLuc.Api.Controllers.V1.DonViController.GetById (ThucLuc.Api)'
2026-05-06 11:10:33.248 +07:00 [INF] CORS policy execution successful.
2026-05-06 11:10:33.251 +07:00 [INF] Executed endpoint 'ThucLuc.Api.Controllers.V1.HaTangMangController.GetAll (ThucLuc.Api)'
2026-05-06 11:10:33.254 +07:00 [INF] HTTP GET /api/v1/don-vi/2001 => 200 in 71.152 ms CorrelationId=87da14de35734a379517e484e263c058 UserId=5001
2026-05-06 11:10:33.256 +07:00 [INF] Executing endpoint 'ThucLuc.Api.Controllers.V1.DonViController.GetById (ThucLuc.Api)'
2026-05-06 11:10:33.258 +07:00 [INF] HTTP GET /api/v1/ha-tang-mang => 200 in 77.4529 ms CorrelationId=6e83efc4f05b45b2832786bf1824b028 UserId=5001
2026-05-06 11:10:33.261 +07:00 [INF] HTTP GET /api/v1/don-vi/2001 responded 200 in 78.3918 ms
2026-05-06 11:10:33.262 +07:00 [INF] Route matched with {action = "GetById", controller = "DonVi"}. Executing controller action with signature System.Threading.Tasks.Task`1[Microsoft.AspNetCore.Mvc.ActionResult`1[ThucLuc.Api.Common.Models.ApiResponse`1[ThucLuc.Application.Features.DonVi.DonViDto]]] GetById(Int64, System.Threading.CancellationToken) on controller ThucLuc.Api.Controllers.V1.DonViController (ThucLuc.Api).
2026-05-06 11:10:33.263 +07:00 [INF] HTTP GET /api/v1/ha-tang-mang responded 200 in 83.4740 ms
2026-05-06 11:10:33.265 +07:00 [INF] Request finished HTTP/1.1 GET http://localhost:5283/api/v1/don-vi/2001 - 200 null application/json; charset=utf-8 90.1519ms
2026-05-06 11:10:33.269 +07:00 [INF] Request finished HTTP/1.1 GET http://localhost:5283/api/v1/ha-tang-mang?donViId=2001 - 200 null application/json; charset=utf-8 96.8432ms
2026-05-06 11:10:33.312 +07:00 [INF] Executing OkObjectResult, writing value of type 'ThucLuc.Api.Common.Models.ApiResponse`1[[ThucLuc.Application.Features.DonVi.DonViDto, ThucLuc.Application, Version=1.0.0.0, Culture=neutral, PublicKeyToken=null]]'.
2026-05-06 11:10:33.316 +07:00 [INF] Executed action ThucLuc.Api.Controllers.V1.DonViController.GetById (ThucLuc.Api) in 48.9253ms
2026-05-06 11:10:33.319 +07:00 [INF] Executed endpoint 'ThucLuc.Api.Controllers.V1.DonViController.GetById (ThucLuc.Api)'
2026-05-06 11:10:33.320 +07:00 [INF] HTTP GET /api/v1/don-vi/2001 => 200 in 71.6125 ms CorrelationId=168a4aca058a4fe3acdad0c64d8f599c UserId=5001
2026-05-06 11:10:33.322 +07:00 [INF] HTTP GET /api/v1/don-vi/2001 responded 200 in 74.1598 ms
2026-05-06 11:10:33.325 +07:00 [INF] Request finished HTTP/1.1 GET http://localhost:5283/api/v1/don-vi/2001 - 200 null application/json; charset=utf-8 84.4349ms
2026-05-06 11:10:38.207 +07:00 [INF] Request starting HTTP/1.1 OPTIONS http://localhost:5283/api/v1/ha-tang-mang/matrix - null null
2026-05-06 11:10:38.214 +07:00 [INF] CORS policy execution successful.
2026-05-06 11:10:38.216 +07:00 [INF] HTTP OPTIONS /api/v1/ha-tang-mang/matrix => 204 in 2.1306 ms CorrelationId=d49a27691e9941dbb78e347113186f12 UserId=anonymous
2026-05-06 11:10:38.220 +07:00 [INF] HTTP OPTIONS /api/v1/ha-tang-mang/matrix responded 204 in 6.1305 ms
2026-05-06 11:10:38.222 +07:00 [INF] Request finished HTTP/1.1 OPTIONS http://localhost:5283/api/v1/ha-tang-mang/matrix - 204 null null 15.9163ms
2026-05-06 11:10:38.226 +07:00 [INF] Request starting HTTP/1.1 PUT http://localhost:5283/api/v1/ha-tang-mang/matrix - application/json 183
2026-05-06 11:10:38.230 +07:00 [INF] CORS policy execution successful.
2026-05-06 11:10:38.231 +07:00 [INF] HTTP PUT /api/v1/ha-tang-mang/matrix => 404 in 1.7565 ms CorrelationId=3df4d503e74c428492ab4115e49b3543 UserId=5001
2026-05-06 11:10:38.233 +07:00 [INF] HTTP PUT /api/v1/ha-tang-mang/matrix responded 404 in 3.7556 ms
2026-05-06 11:10:38.235 +07:00 [INF] Request finished HTTP/1.1 PUT http://localhost:5283/api/v1/ha-tang-mang/matrix - 404 0 null 8.6508ms
2026-05-06 11:10:38.238 +07:00 [INF] Request reached the end of the middleware pipeline without being handled by application code. Request path: PUT http://localhost:5283/api/v1/ha-tang-mang/matrix, Response status code: 404
2026-05-06 11:12:22.618 +07:00 [INF] Request starting HTTP/1.1 OPTIONS http://localhost:5283/api/v1/don-vi/2001 - null null
2026-05-06 11:12:22.619 +07:00 [INF] Request starting HTTP/1.1 OPTIONS http://localhost:5283/api/v1/ha-tang-mang?donViId=2001 - null null
2026-05-06 11:12:22.619 +07:00 [INF] Request starting HTTP/1.1 OPTIONS http://localhost:5283/api/v1/don-vi/2001 - null null
2026-05-06 11:12:22.621 +07:00 [INF] CORS policy execution successful.
2026-05-06 11:12:22.624 +07:00 [INF] CORS policy execution successful.
2026-05-06 11:12:22.625 +07:00 [INF] CORS policy execution successful.
2026-05-06 11:12:22.626 +07:00 [INF] HTTP OPTIONS /api/v1/don-vi/2001 => 204 in 5.5184 ms CorrelationId=b60dbe73e2af4eeabbbfdf8e4af6f367 UserId=anonymous
2026-05-06 11:12:22.627 +07:00 [INF] HTTP OPTIONS /api/v1/ha-tang-mang => 204 in 3.9391 ms CorrelationId=0be20c1a6f274937b8d3d6aa7e067342 UserId=anonymous
2026-05-06 11:12:22.628 +07:00 [INF] HTTP OPTIONS /api/v1/don-vi/2001 => 204 in 3.0197 ms CorrelationId=7c6ef7e7a4dd4c79bedd8a166607cdf2 UserId=anonymous
2026-05-06 11:12:22.631 +07:00 [INF] HTTP OPTIONS /api/v1/don-vi/2001 responded 204 in 10.1805 ms
2026-05-06 11:12:22.634 +07:00 [INF] HTTP OPTIONS /api/v1/ha-tang-mang responded 204 in 10.1234 ms
2026-05-06 11:12:22.636 +07:00 [INF] HTTP OPTIONS /api/v1/don-vi/2001 responded 204 in 10.9931 ms
2026-05-06 11:12:22.639 +07:00 [INF] Request finished HTTP/1.1 OPTIONS http://localhost:5283/api/v1/don-vi/2001 - 204 null null 20.763ms
2026-05-06 11:12:22.641 +07:00 [INF] Request finished HTTP/1.1 OPTIONS http://localhost:5283/api/v1/ha-tang-mang?donViId=2001 - 204 null null 21.9683ms
2026-05-06 11:12:22.643 +07:00 [INF] Request finished HTTP/1.1 OPTIONS http://localhost:5283/api/v1/don-vi/2001 - 204 null null 23.9076ms
2026-05-06 11:12:22.648 +07:00 [INF] Request starting HTTP/1.1 GET http://localhost:5283/api/v1/ha-tang-mang?donViId=2001 - null null
2026-05-06 11:12:22.651 +07:00 [INF] Request starting HTTP/1.1 GET http://localhost:5283/api/v1/don-vi/2001 - null null
2026-05-06 11:12:22.658 +07:00 [INF] CORS policy execution successful.
2026-05-06 11:12:22.661 +07:00 [INF] CORS policy execution successful.
2026-05-06 11:12:22.663 +07:00 [INF] Executing endpoint 'ThucLuc.Api.Controllers.V1.HaTangMangController.GetAll (ThucLuc.Api)'
2026-05-06 11:12:22.663 +07:00 [INF] Executing endpoint 'ThucLuc.Api.Controllers.V1.DonViController.GetById (ThucLuc.Api)'
2026-05-06 11:12:22.665 +07:00 [INF] Route matched with {action = "GetAll", controller = "HaTangMang"}. Executing controller action with signature System.Threading.Tasks.Task`1[Microsoft.AspNetCore.Mvc.ActionResult`1[ThucLuc.Api.Common.Models.ApiResponse`1[System.Collections.Generic.IReadOnlyCollection`1[ThucLuc.Application.Features.HaTangMang.HaTangMangDto]]]] GetAll(System.Threading.CancellationToken) on controller ThucLuc.Api.Controllers.V1.HaTangMangController (ThucLuc.Api).
2026-05-06 11:12:22.666 +07:00 [INF] Route matched with {action = "GetById", controller = "DonVi"}. Executing controller action with signature System.Threading.Tasks.Task`1[Microsoft.AspNetCore.Mvc.ActionResult`1[ThucLuc.Api.Common.Models.ApiResponse`1[ThucLuc.Application.Features.DonVi.DonViDto]]] GetById(Int64, System.Threading.CancellationToken) on controller ThucLuc.Api.Controllers.V1.DonViController (ThucLuc.Api).
2026-05-06 11:12:22.714 +07:00 [INF] Executing OkObjectResult, writing value of type 'ThucLuc.Api.Common.Models.ApiResponse`1[[System.Collections.Generic.IReadOnlyCollection`1[[ThucLuc.Application.Features.HaTangMang.HaTangMangDto, ThucLuc.Application, Version=1.0.0.0, Culture=neutral, PublicKeyToken=null]], System.Private.CoreLib, Version=8.0.0.0, Culture=neutral, PublicKeyToken=7cec85d7bea7798e]]'.
2026-05-06 11:12:22.714 +07:00 [INF] Executing OkObjectResult, writing value of type 'ThucLuc.Api.Common.Models.ApiResponse`1[[ThucLuc.Application.Features.DonVi.DonViDto, ThucLuc.Application, Version=1.0.0.0, Culture=neutral, PublicKeyToken=null]]'.
2026-05-06 11:12:22.715 +07:00 [INF] Executed action ThucLuc.Api.Controllers.V1.HaTangMangController.GetAll (ThucLuc.Api) in 47.9535ms
2026-05-06 11:12:22.716 +07:00 [INF] Executed action ThucLuc.Api.Controllers.V1.DonViController.GetById (ThucLuc.Api) in 47.0331ms
2026-05-06 11:12:22.717 +07:00 [INF] Executed endpoint 'ThucLuc.Api.Controllers.V1.HaTangMangController.GetAll (ThucLuc.Api)'
2026-05-06 11:12:22.717 +07:00 [INF] Request starting HTTP/1.1 GET http://localhost:5283/api/v1/don-vi/2001 - null null
2026-05-06 11:12:22.719 +07:00 [INF] Executed endpoint 'ThucLuc.Api.Controllers.V1.DonViController.GetById (ThucLuc.Api)'
2026-05-06 11:12:22.720 +07:00 [INF] HTTP GET /api/v1/ha-tang-mang => 200 in 61.6052 ms CorrelationId=6913ded0c5784dbf933be5e7ba669e8e UserId=5001
2026-05-06 11:12:22.722 +07:00 [INF] CORS policy execution successful.
2026-05-06 11:12:22.722 +07:00 [INF] HTTP GET /api/v1/don-vi/2001 => 200 in 60.8624 ms CorrelationId=1db1ae92c5a745b79a36975cc7bce97c UserId=5001
2026-05-06 11:12:22.724 +07:00 [INF] HTTP GET /api/v1/ha-tang-mang responded 200 in 66.2317 ms
2026-05-06 11:12:22.725 +07:00 [INF] Executing endpoint 'ThucLuc.Api.Controllers.V1.DonViController.GetById (ThucLuc.Api)'
2026-05-06 11:12:22.726 +07:00 [INF] HTTP GET /api/v1/don-vi/2001 responded 200 in 64.9567 ms
2026-05-06 11:12:22.728 +07:00 [INF] Request finished HTTP/1.1 GET http://localhost:5283/api/v1/ha-tang-mang?donViId=2001 - 200 null application/json; charset=utf-8 80.1813ms
2026-05-06 11:12:22.730 +07:00 [INF] Route matched with {action = "GetById", controller = "DonVi"}. Executing controller action with signature System.Threading.Tasks.Task`1[Microsoft.AspNetCore.Mvc.ActionResult`1[ThucLuc.Api.Common.Models.ApiResponse`1[ThucLuc.Application.Features.DonVi.DonViDto]]] GetById(Int64, System.Threading.CancellationToken) on controller ThucLuc.Api.Controllers.V1.DonViController (ThucLuc.Api).
2026-05-06 11:12:22.732 +07:00 [INF] Request finished HTTP/1.1 GET http://localhost:5283/api/v1/don-vi/2001 - 200 null application/json; charset=utf-8 80.1152ms
2026-05-06 11:12:22.782 +07:00 [INF] Executing OkObjectResult, writing value of type 'ThucLuc.Api.Common.Models.ApiResponse`1[[ThucLuc.Application.Features.DonVi.DonViDto, ThucLuc.Application, Version=1.0.0.0, Culture=neutral, PublicKeyToken=null]]'.
2026-05-06 11:12:22.783 +07:00 [INF] Executed action ThucLuc.Api.Controllers.V1.DonViController.GetById (ThucLuc.Api) in 46.979ms
2026-05-06 11:12:22.785 +07:00 [INF] Executed endpoint 'ThucLuc.Api.Controllers.V1.DonViController.GetById (ThucLuc.Api)'
2026-05-06 11:12:22.786 +07:00 [INF] HTTP GET /api/v1/don-vi/2001 => 200 in 64.3929 ms CorrelationId=d4d8ffc771af41f1b0ec680fcdf57f97 UserId=5001
2026-05-06 11:12:22.788 +07:00 [INF] HTTP GET /api/v1/don-vi/2001 responded 200 in 66.9452 ms
2026-05-06 11:12:22.790 +07:00 [INF] Request finished HTTP/1.1 GET http://localhost:5283/api/v1/don-vi/2001 - 200 null application/json; charset=utf-8 72.8211ms
2026-05-06 11:12:55.468 +07:00 [INF] Request starting HTTP/1.1 OPTIONS http://localhost:5283/api/v1/don-vi/2001 - null null
2026-05-06 11:12:55.471 +07:00 [INF] CORS policy execution successful.
2026-05-06 11:12:55.471 +07:00 [INF] Request starting HTTP/1.1 OPTIONS http://localhost:5283/api/v1/ha-tang-mang?donViId=2001 - null null
2026-05-06 11:12:55.471 +07:00 [INF] Request starting HTTP/1.1 OPTIONS http://localhost:5283/api/v1/don-vi/2001 - null null
2026-05-06 11:12:55.472 +07:00 [INF] HTTP OPTIONS /api/v1/don-vi/2001 => 204 in 1.3394 ms CorrelationId=e3762727b2ef4c738220dfc82e298fb6 UserId=anonymous
2026-05-06 11:12:55.475 +07:00 [INF] CORS policy execution successful.
2026-05-06 11:12:55.483 +07:00 [INF] CORS policy execution successful.
2026-05-06 11:12:55.488 +07:00 [INF] HTTP OPTIONS /api/v1/don-vi/2001 responded 204 in 17.0526 ms
2026-05-06 11:12:55.490 +07:00 [INF] HTTP OPTIONS /api/v1/ha-tang-mang => 204 in 15.2431 ms CorrelationId=62984203d27a4a109c7b1aee60984dae UserId=anonymous
2026-05-06 11:12:55.492 +07:00 [INF] HTTP OPTIONS /api/v1/don-vi/2001 => 204 in 8.3067 ms CorrelationId=d87919f755104561a6b004166d7a6625 UserId=anonymous
2026-05-06 11:12:55.495 +07:00 [INF] Request finished HTTP/1.1 OPTIONS http://localhost:5283/api/v1/don-vi/2001 - 204 null null 27.6541ms
2026-05-06 11:12:55.498 +07:00 [INF] HTTP OPTIONS /api/v1/ha-tang-mang responded 204 in 22.8587 ms
2026-05-06 11:12:55.501 +07:00 [INF] HTTP OPTIONS /api/v1/don-vi/2001 responded 204 in 17.6992 ms
2026-05-06 11:12:55.504 +07:00 [INF] Request starting HTTP/1.1 GET http://localhost:5283/api/v1/don-vi/2001 - null null
2026-05-06 11:12:55.506 +07:00 [INF] Request finished HTTP/1.1 OPTIONS http://localhost:5283/api/v1/ha-tang-mang?donViId=2001 - 204 null null 35.5138ms
2026-05-06 11:12:55.508 +07:00 [INF] Request finished HTTP/1.1 OPTIONS http://localhost:5283/api/v1/don-vi/2001 - 204 null null 36.6484ms
2026-05-06 11:12:55.511 +07:00 [INF] CORS policy execution successful.
2026-05-06 11:12:55.515 +07:00 [INF] Request starting HTTP/1.1 GET http://localhost:5283/api/v1/ha-tang-mang?donViId=2001 - null null
2026-05-06 11:12:55.520 +07:00 [INF] Executing endpoint 'ThucLuc.Api.Controllers.V1.DonViController.GetById (ThucLuc.Api)'
2026-05-06 11:12:55.521 +07:00 [INF] CORS policy execution successful.
2026-05-06 11:12:55.522 +07:00 [INF] Route matched with {action = "GetById", controller = "DonVi"}. Executing controller action with signature System.Threading.Tasks.Task`1[Microsoft.AspNetCore.Mvc.ActionResult`1[ThucLuc.Api.Common.Models.ApiResponse`1[ThucLuc.Application.Features.DonVi.DonViDto]]] GetById(Int64, System.Threading.CancellationToken) on controller ThucLuc.Api.Controllers.V1.DonViController (ThucLuc.Api).
2026-05-06 11:12:55.522 +07:00 [INF] Executing endpoint 'ThucLuc.Api.Controllers.V1.HaTangMangController.GetAll (ThucLuc.Api)'
2026-05-06 11:12:55.525 +07:00 [INF] Route matched with {action = "GetAll", controller = "HaTangMang"}. Executing controller action with signature System.Threading.Tasks.Task`1[Microsoft.AspNetCore.Mvc.ActionResult`1[ThucLuc.Api.Common.Models.ApiResponse`1[System.Collections.Generic.IReadOnlyCollection`1[ThucLuc.Application.Features.HaTangMang.HaTangMangDto]]]] GetAll(System.Threading.CancellationToken) on controller ThucLuc.Api.Controllers.V1.HaTangMangController (ThucLuc.Api).
2026-05-06 11:12:55.568 +07:00 [INF] Executing OkObjectResult, writing value of type 'ThucLuc.Api.Common.Models.ApiResponse`1[[ThucLuc.Application.Features.DonVi.DonViDto, ThucLuc.Application, Version=1.0.0.0, Culture=neutral, PublicKeyToken=null]]'.
2026-05-06 11:12:55.570 +07:00 [INF] Executed action ThucLuc.Api.Controllers.V1.DonViController.GetById (ThucLuc.Api) in 46.3944ms
2026-05-06 11:12:55.571 +07:00 [INF] Executing OkObjectResult, writing value of type 'ThucLuc.Api.Common.Models.ApiResponse`1[[System.Collections.Generic.IReadOnlyCollection`1[[ThucLuc.Application.Features.HaTangMang.HaTangMangDto, ThucLuc.Application, Version=1.0.0.0, Culture=neutral, PublicKeyToken=null]], System.Private.CoreLib, Version=8.0.0.0, Culture=neutral, PublicKeyToken=7cec85d7bea7798e]]'.
2026-05-06 11:12:55.571 +07:00 [INF] Request starting HTTP/1.1 GET http://localhost:5283/api/v1/don-vi/2001 - null null
2026-05-06 11:12:55.571 +07:00 [INF] Executed endpoint 'ThucLuc.Api.Controllers.V1.DonViController.GetById (ThucLuc.Api)'
2026-05-06 11:12:55.573 +07:00 [INF] Executed action ThucLuc.Api.Controllers.V1.HaTangMangController.GetAll (ThucLuc.Api) in 46.2406ms
2026-05-06 11:12:55.576 +07:00 [INF] CORS policy execution successful.
2026-05-06 11:12:55.577 +07:00 [INF] HTTP GET /api/v1/don-vi/2001 => 200 in 66.4017 ms CorrelationId=439c2f4c98054c7da32eea84c1120eef UserId=5001
2026-05-06 11:12:55.579 +07:00 [INF] Executed endpoint 'ThucLuc.Api.Controllers.V1.HaTangMangController.GetAll (ThucLuc.Api)'
2026-05-06 11:12:55.580 +07:00 [INF] Executing endpoint 'ThucLuc.Api.Controllers.V1.DonViController.GetById (ThucLuc.Api)'
2026-05-06 11:12:55.582 +07:00 [INF] HTTP GET /api/v1/don-vi/2001 responded 200 in 70.9378 ms
2026-05-06 11:12:55.583 +07:00 [INF] HTTP GET /api/v1/ha-tang-mang => 200 in 61.7438 ms CorrelationId=956a91f12cbd43669ce81b5aac8f51d3 UserId=5001
2026-05-06 11:12:55.584 +07:00 [INF] Route matched with {action = "GetById", controller = "DonVi"}. Executing controller action with signature System.Threading.Tasks.Task`1[Microsoft.AspNetCore.Mvc.ActionResult`1[ThucLuc.Api.Common.Models.ApiResponse`1[ThucLuc.Application.Features.DonVi.DonViDto]]] GetById(Int64, System.Threading.CancellationToken) on controller ThucLuc.Api.Controllers.V1.DonViController (ThucLuc.Api).
2026-05-06 11:12:55.586 +07:00 [INF] Request finished HTTP/1.1 GET http://localhost:5283/api/v1/don-vi/2001 - 200 null application/json; charset=utf-8 81.628ms
2026-05-06 11:12:55.588 +07:00 [INF] HTTP GET /api/v1/ha-tang-mang responded 200 in 66.7620 ms
2026-05-06 11:12:55.596 +07:00 [INF] Request finished HTTP/1.1 GET http://localhost:5283/api/v1/ha-tang-mang?donViId=2001 - 200 null application/json; charset=utf-8 80.8985ms
2026-05-06 11:12:55.636 +07:00 [INF] Executing OkObjectResult, writing value of type 'ThucLuc.Api.Common.Models.ApiResponse`1[[ThucLuc.Application.Features.DonVi.DonViDto, ThucLuc.Application, Version=1.0.0.0, Culture=neutral, PublicKeyToken=null]]'.
2026-05-06 11:12:55.638 +07:00 [INF] Executed action ThucLuc.Api.Controllers.V1.DonViController.GetById (ThucLuc.Api) in 48.5014ms
2026-05-06 11:12:55.639 +07:00 [INF] Executed endpoint 'ThucLuc.Api.Controllers.V1.DonViController.GetById (ThucLuc.Api)'
2026-05-06 11:12:55.640 +07:00 [INF] HTTP GET /api/v1/don-vi/2001 => 200 in 64.1303 ms CorrelationId=8be35643ad094cb78dfbc0b52bb7b704 UserId=5001
2026-05-06 11:12:55.643 +07:00 [INF] HTTP GET /api/v1/don-vi/2001 responded 200 in 67.5990 ms
2026-05-06 11:12:55.646 +07:00 [INF] Request finished HTTP/1.1 GET http://localhost:5283/api/v1/don-vi/2001 - 200 null application/json; charset=utf-8 74.8259ms
2026-05-06 11:13:39.320 +07:00 [INF] Request starting HTTP/1.1 OPTIONS http://localhost:5283/api/v1/ha-tang-mang/matrix - null null
2026-05-06 11:13:39.324 +07:00 [INF] CORS policy execution successful.
2026-05-06 11:13:39.326 +07:00 [INF] HTTP OPTIONS /api/v1/ha-tang-mang/matrix => 204 in 1.7708 ms CorrelationId=dfead5b6e9084070a0d87ee17d2e0139 UserId=anonymous
2026-05-06 11:13:39.329 +07:00 [INF] HTTP OPTIONS /api/v1/ha-tang-mang/matrix responded 204 in 4.9693 ms
2026-05-06 11:13:39.331 +07:00 [INF] Request finished HTTP/1.1 OPTIONS http://localhost:5283/api/v1/ha-tang-mang/matrix - 204 null null 11.2722ms
2026-05-06 11:13:39.335 +07:00 [INF] Request starting HTTP/1.1 PUT http://localhost:5283/api/v1/ha-tang-mang/matrix - application/json 183
2026-05-06 11:13:39.337 +07:00 [INF] CORS policy execution successful.
2026-05-06 11:13:39.338 +07:00 [INF] HTTP PUT /api/v1/ha-tang-mang/matrix => 404 in 1.0992 ms CorrelationId=31a62a607dee4e69a5dd0aac6d881935 UserId=5001
2026-05-06 11:13:39.340 +07:00 [INF] HTTP PUT /api/v1/ha-tang-mang/matrix responded 404 in 3.4204 ms
2026-05-06 11:13:39.342 +07:00 [INF] Request finished HTTP/1.1 PUT http://localhost:5283/api/v1/ha-tang-mang/matrix - 404 0 null 7.3338ms
2026-05-06 11:13:39.345 +07:00 [INF] Request reached the end of the middleware pipeline without being handled by application code. Request path: PUT http://localhost:5283/api/v1/ha-tang-mang/matrix, Response status code: 404
2026-05-06 11:14:49.015 +07:00 [INF] Request starting HTTP/1.1 OPTIONS http://localhost:5283/api/v1/don-vi/2001 - null null
2026-05-06 11:14:49.017 +07:00 [INF] Request starting HTTP/1.1 OPTIONS http://localhost:5283/api/v1/ha-tang-mang?donViId=2001 - null null
2026-05-06 11:14:49.018 +07:00 [INF] CORS policy execution successful.
2026-05-06 11:14:49.018 +07:00 [INF] Request starting HTTP/1.1 OPTIONS http://localhost:5283/api/v1/don-vi/2001 - null null
2026-05-06 11:14:49.021 +07:00 [INF] CORS policy execution successful.
2026-05-06 11:14:49.021 +07:00 [INF] HTTP OPTIONS /api/v1/don-vi/2001 => 204 in 3.6684 ms CorrelationId=c2c7729cf5cc453bb146b79ced87533f UserId=anonymous
2026-05-06 11:14:49.024 +07:00 [INF] CORS policy execution successful.
2026-05-06 11:14:49.025 +07:00 [INF] HTTP OPTIONS /api/v1/ha-tang-mang => 204 in 4.1056 ms CorrelationId=8d704baaa62e495ead9ac7aed2c4c18d UserId=anonymous
2026-05-06 11:14:49.027 +07:00 [INF] HTTP OPTIONS /api/v1/don-vi/2001 responded 204 in 9.5861 ms
2026-05-06 11:14:49.028 +07:00 [INF] HTTP OPTIONS /api/v1/don-vi/2001 => 204 in 4.0082 ms CorrelationId=d619132fb61d49f1bdef986d4e4d5797 UserId=anonymous
2026-05-06 11:14:49.031 +07:00 [INF] HTTP OPTIONS /api/v1/ha-tang-mang responded 204 in 10.0532 ms
2026-05-06 11:14:49.032 +07:00 [INF] Request finished HTTP/1.1 OPTIONS http://localhost:5283/api/v1/don-vi/2001 - 204 null null 17.6209ms
2026-05-06 11:14:49.034 +07:00 [INF] HTTP OPTIONS /api/v1/don-vi/2001 responded 204 in 10.5678 ms
2026-05-06 11:14:49.037 +07:00 [INF] Request finished HTTP/1.1 OPTIONS http://localhost:5283/api/v1/ha-tang-mang?donViId=2001 - 204 null null 19.4946ms
2026-05-06 11:14:49.040 +07:00 [INF] Request starting HTTP/1.1 GET http://localhost:5283/api/v1/don-vi/2001 - null null
2026-05-06 11:14:49.042 +07:00 [INF] Request finished HTTP/1.1 OPTIONS http://localhost:5283/api/v1/don-vi/2001 - 204 null null 24.6426ms
2026-05-06 11:14:49.046 +07:00 [INF] Request starting HTTP/1.1 GET http://localhost:5283/api/v1/ha-tang-mang?donViId=2001 - null null
2026-05-06 11:14:49.048 +07:00 [INF] CORS policy execution successful.
2026-05-06 11:14:49.053 +07:00 [INF] CORS policy execution successful.
2026-05-06 11:14:49.054 +07:00 [INF] Executing endpoint 'ThucLuc.Api.Controllers.V1.DonViController.GetById (ThucLuc.Api)'
2026-05-06 11:14:49.055 +07:00 [INF] Executing endpoint 'ThucLuc.Api.Controllers.V1.HaTangMangController.GetAll (ThucLuc.Api)'
2026-05-06 11:14:49.056 +07:00 [INF] Route matched with {action = "GetById", controller = "DonVi"}. Executing controller action with signature System.Threading.Tasks.Task`1[Microsoft.AspNetCore.Mvc.ActionResult`1[ThucLuc.Api.Common.Models.ApiResponse`1[ThucLuc.Application.Features.DonVi.DonViDto]]] GetById(Int64, System.Threading.CancellationToken) on controller ThucLuc.Api.Controllers.V1.DonViController (ThucLuc.Api).
2026-05-06 11:14:49.057 +07:00 [INF] Route matched with {action = "GetAll", controller = "HaTangMang"}. Executing controller action with signature System.Threading.Tasks.Task`1[Microsoft.AspNetCore.Mvc.ActionResult`1[ThucLuc.Api.Common.Models.ApiResponse`1[System.Collections.Generic.IReadOnlyCollection`1[ThucLuc.Application.Features.HaTangMang.HaTangMangDto]]]] GetAll(System.Threading.CancellationToken) on controller ThucLuc.Api.Controllers.V1.HaTangMangController (ThucLuc.Api).
2026-05-06 11:14:49.106 +07:00 [INF] Executing OkObjectResult, writing value of type 'ThucLuc.Api.Common.Models.ApiResponse`1[[System.Collections.Generic.IReadOnlyCollection`1[[ThucLuc.Application.Features.HaTangMang.HaTangMangDto, ThucLuc.Application, Version=1.0.0.0, Culture=neutral, PublicKeyToken=null]], System.Private.CoreLib, Version=8.0.0.0, Culture=neutral, PublicKeyToken=7cec85d7bea7798e]]'.
2026-05-06 11:14:49.106 +07:00 [INF] Executing OkObjectResult, writing value of type 'ThucLuc.Api.Common.Models.ApiResponse`1[[ThucLuc.Application.Features.DonVi.DonViDto, ThucLuc.Application, Version=1.0.0.0, Culture=neutral, PublicKeyToken=null]]'.
2026-05-06 11:14:49.108 +07:00 [INF] Executed action ThucLuc.Api.Controllers.V1.HaTangMangController.GetAll (ThucLuc.Api) in 46.7855ms
2026-05-06 11:14:49.109 +07:00 [INF] Executed action ThucLuc.Api.Controllers.V1.DonViController.GetById (ThucLuc.Api) in 50.1816ms
2026-05-06 11:14:49.110 +07:00 [INF] Request starting HTTP/1.1 GET http://localhost:5283/api/v1/don-vi/2001 - null null
2026-05-06 11:14:49.110 +07:00 [INF] Executed endpoint 'ThucLuc.Api.Controllers.V1.HaTangMangController.GetAll (ThucLuc.Api)'
2026-05-06 11:14:49.111 +07:00 [INF] Executed endpoint 'ThucLuc.Api.Controllers.V1.DonViController.GetById (ThucLuc.Api)'
2026-05-06 11:14:49.113 +07:00 [INF] CORS policy execution successful.
2026-05-06 11:14:49.114 +07:00 [INF] HTTP GET /api/v1/ha-tang-mang => 200 in 60.9377 ms CorrelationId=f066064cb6ab400989b96699cbab900b UserId=5001
2026-05-06 11:14:49.115 +07:00 [INF] HTTP GET /api/v1/don-vi/2001 => 200 in 67.1328 ms CorrelationId=3cd91c97b0474fed9a368d2d0696bd4b UserId=5001
2026-05-06 11:14:49.116 +07:00 [INF] Executing endpoint 'ThucLuc.Api.Controllers.V1.DonViController.GetById (ThucLuc.Api)'
2026-05-06 11:14:49.118 +07:00 [INF] HTTP GET /api/v1/ha-tang-mang responded 200 in 64.4338 ms
2026-05-06 11:14:49.119 +07:00 [INF] HTTP GET /api/v1/don-vi/2001 responded 200 in 70.9919 ms
2026-05-06 11:14:49.121 +07:00 [INF] Route matched with {action = "GetById", controller = "DonVi"}. Executing controller action with signature System.Threading.Tasks.Task`1[Microsoft.AspNetCore.Mvc.ActionResult`1[ThucLuc.Api.Common.Models.ApiResponse`1[ThucLuc.Application.Features.DonVi.DonViDto]]] GetById(Int64, System.Threading.CancellationToken) on controller ThucLuc.Api.Controllers.V1.DonViController (ThucLuc.Api).
2026-05-06 11:14:49.122 +07:00 [INF] Request finished HTTP/1.1 GET http://localhost:5283/api/v1/ha-tang-mang?donViId=2001 - 200 null application/json; charset=utf-8 76.8179ms
2026-05-06 11:14:49.124 +07:00 [INF] Request finished HTTP/1.1 GET http://localhost:5283/api/v1/don-vi/2001 - 200 null application/json; charset=utf-8 83.5544ms
2026-05-06 11:14:49.170 +07:00 [INF] Executing OkObjectResult, writing value of type 'ThucLuc.Api.Common.Models.ApiResponse`1[[ThucLuc.Application.Features.DonVi.DonViDto, ThucLuc.Application, Version=1.0.0.0, Culture=neutral, PublicKeyToken=null]]'.
2026-05-06 11:14:49.173 +07:00 [INF] Executed action ThucLuc.Api.Controllers.V1.DonViController.GetById (ThucLuc.Api) in 47.496ms
2026-05-06 11:14:49.176 +07:00 [INF] Executed endpoint 'ThucLuc.Api.Controllers.V1.DonViController.GetById (ThucLuc.Api)'
2026-05-06 11:14:49.177 +07:00 [INF] HTTP GET /api/v1/don-vi/2001 => 200 in 63.8195 ms CorrelationId=69f980e5f5ec4e2290f9dff8d515c682 UserId=5001
2026-05-06 11:14:49.180 +07:00 [INF] HTTP GET /api/v1/don-vi/2001 responded 200 in 66.8338 ms
2026-05-06 11:14:49.182 +07:00 [INF] Request finished HTTP/1.1 GET http://localhost:5283/api/v1/don-vi/2001 - 200 null application/json; charset=utf-8 72.5351ms
2026-05-06 11:14:56.100 +07:00 [INF] Request starting HTTP/1.1 OPTIONS http://localhost:5283/api/v1/don-vi/2001 - null null
2026-05-06 11:14:56.102 +07:00 [INF] Request starting HTTP/1.1 OPTIONS http://localhost:5283/api/v1/ha-tang-mang?donViId=2001 - null null
2026-05-06 11:14:56.102 +07:00 [INF] Request starting HTTP/1.1 OPTIONS http://localhost:5283/api/v1/don-vi/2001 - null null
2026-05-06 11:14:56.103 +07:00 [INF] CORS policy execution successful.
2026-05-06 11:14:56.106 +07:00 [INF] CORS policy execution successful.
2026-05-06 11:14:56.108 +07:00 [INF] CORS policy execution successful.
2026-05-06 11:14:56.108 +07:00 [INF] HTTP OPTIONS /api/v1/don-vi/2001 => 204 in 5.4887 ms CorrelationId=f95e0fb0b6ab44b1bbcd51eec880770b UserId=anonymous
2026-05-06 11:14:56.109 +07:00 [INF] HTTP OPTIONS /api/v1/ha-tang-mang => 204 in 3.5075 ms CorrelationId=884a2273e9bc47daacb3199df4488162 UserId=anonymous
2026-05-06 11:14:56.110 +07:00 [INF] HTTP OPTIONS /api/v1/don-vi/2001 => 204 in 1.6407 ms CorrelationId=cec9863c8a614dc79380ad576cd386aa UserId=anonymous
2026-05-06 11:14:56.112 +07:00 [INF] HTTP OPTIONS /api/v1/don-vi/2001 responded 204 in 8.8292 ms
2026-05-06 11:14:56.113 +07:00 [INF] HTTP OPTIONS /api/v1/ha-tang-mang responded 204 in 7.8332 ms
2026-05-06 11:14:56.115 +07:00 [INF] HTTP OPTIONS /api/v1/don-vi/2001 responded 204 in 6.7892 ms
2026-05-06 11:14:56.116 +07:00 [INF] Request finished HTTP/1.1 OPTIONS http://localhost:5283/api/v1/don-vi/2001 - 204 null null 15.9109ms
2026-05-06 11:14:56.117 +07:00 [INF] Request finished HTTP/1.1 OPTIONS http://localhost:5283/api/v1/ha-tang-mang?donViId=2001 - 204 null null 15.3274ms
2026-05-06 11:14:56.119 +07:00 [INF] Request finished HTTP/1.1 OPTIONS http://localhost:5283/api/v1/don-vi/2001 - 204 null null 16.0662ms
2026-05-06 11:14:56.122 +07:00 [INF] Request starting HTTP/1.1 GET http://localhost:5283/api/v1/ha-tang-mang?donViId=2001 - null null
2026-05-06 11:14:56.124 +07:00 [INF] Request starting HTTP/1.1 GET http://localhost:5283/api/v1/don-vi/2001 - null null
2026-05-06 11:14:56.130 +07:00 [INF] CORS policy execution successful.
2026-05-06 11:14:56.132 +07:00 [INF] CORS policy execution successful.
2026-05-06 11:14:56.133 +07:00 [INF] Executing endpoint 'ThucLuc.Api.Controllers.V1.HaTangMangController.GetAll (ThucLuc.Api)'
2026-05-06 11:14:56.133 +07:00 [INF] Executing endpoint 'ThucLuc.Api.Controllers.V1.DonViController.GetById (ThucLuc.Api)'
2026-05-06 11:14:56.134 +07:00 [INF] Route matched with {action = "GetAll", controller = "HaTangMang"}. Executing controller action with signature System.Threading.Tasks.Task`1[Microsoft.AspNetCore.Mvc.ActionResult`1[ThucLuc.Api.Common.Models.ApiResponse`1[System.Collections.Generic.IReadOnlyCollection`1[ThucLuc.Application.Features.HaTangMang.HaTangMangDto]]]] GetAll(System.Threading.CancellationToken) on controller ThucLuc.Api.Controllers.V1.HaTangMangController (ThucLuc.Api).
2026-05-06 11:14:56.135 +07:00 [INF] Route matched with {action = "GetById", controller = "DonVi"}. Executing controller action with signature System.Threading.Tasks.Task`1[Microsoft.AspNetCore.Mvc.ActionResult`1[ThucLuc.Api.Common.Models.ApiResponse`1[ThucLuc.Application.Features.DonVi.DonViDto]]] GetById(Int64, System.Threading.CancellationToken) on controller ThucLuc.Api.Controllers.V1.DonViController (ThucLuc.Api).
2026-05-06 11:14:56.181 +07:00 [INF] Executing OkObjectResult, writing value of type 'ThucLuc.Api.Common.Models.ApiResponse`1[[System.Collections.Generic.IReadOnlyCollection`1[[ThucLuc.Application.Features.HaTangMang.HaTangMangDto, ThucLuc.Application, Version=1.0.0.0, Culture=neutral, PublicKeyToken=null]], System.Private.CoreLib, Version=8.0.0.0, Culture=neutral, PublicKeyToken=7cec85d7bea7798e]]'.
2026-05-06 11:14:56.183 +07:00 [INF] Executed action ThucLuc.Api.Controllers.V1.HaTangMangController.GetAll (ThucLuc.Api) in 45.2104ms
2026-05-06 11:14:56.184 +07:00 [INF] Executed endpoint 'ThucLuc.Api.Controllers.V1.HaTangMangController.GetAll (ThucLuc.Api)'
2026-05-06 11:14:56.185 +07:00 [INF] Executing OkObjectResult, writing value of type 'ThucLuc.Api.Common.Models.ApiResponse`1[[ThucLuc.Application.Features.DonVi.DonViDto, ThucLuc.Application, Version=1.0.0.0, Culture=neutral, PublicKeyToken=null]]'.
2026-05-06 11:14:56.185 +07:00 [INF] HTTP GET /api/v1/ha-tang-mang => 200 in 55.9447 ms CorrelationId=1d20d87ba1904dff91862b736628c146 UserId=5001
2026-05-06 11:14:56.190 +07:00 [INF] Executed action ThucLuc.Api.Controllers.V1.DonViController.GetById (ThucLuc.Api) in 50.6539ms
2026-05-06 11:14:56.191 +07:00 [INF] Request starting HTTP/1.1 GET http://localhost:5283/api/v1/don-vi/2001 - null null
2026-05-06 11:14:56.192 +07:00 [INF] HTTP GET /api/v1/ha-tang-mang responded 200 in 63.0043 ms
2026-05-06 11:14:56.193 +07:00 [INF] Executed endpoint 'ThucLuc.Api.Controllers.V1.DonViController.GetById (ThucLuc.Api)'
2026-05-06 11:14:56.196 +07:00 [INF] CORS policy execution successful.
2026-05-06 11:14:56.197 +07:00 [INF] Request finished HTTP/1.1 GET http://localhost:5283/api/v1/ha-tang-mang?donViId=2001 - 200 null application/json; charset=utf-8 75.7079ms
2026-05-06 11:14:56.199 +07:00 [INF] HTTP GET /api/v1/don-vi/2001 => 200 in 66.867 ms CorrelationId=5dfebbdd242b49559ae26964cfb200d6 UserId=5001
2026-05-06 11:14:56.199 +07:00 [INF] Executing endpoint 'ThucLuc.Api.Controllers.V1.DonViController.GetById (ThucLuc.Api)'
2026-05-06 11:14:56.203 +07:00 [INF] HTTP GET /api/v1/don-vi/2001 responded 200 in 71.4774 ms
2026-05-06 11:14:56.205 +07:00 [INF] Route matched with {action = "GetById", controller = "DonVi"}. Executing controller action with signature System.Threading.Tasks.Task`1[Microsoft.AspNetCore.Mvc.ActionResult`1[ThucLuc.Api.Common.Models.ApiResponse`1[ThucLuc.Application.Features.DonVi.DonViDto]]] GetById(Int64, System.Threading.CancellationToken) on controller ThucLuc.Api.Controllers.V1.DonViController (ThucLuc.Api).
2026-05-06 11:14:56.206 +07:00 [INF] Request finished HTTP/1.1 GET http://localhost:5283/api/v1/don-vi/2001 - 200 null application/json; charset=utf-8 82.0314ms
2026-05-06 11:14:56.256 +07:00 [INF] Executing OkObjectResult, writing value of type 'ThucLuc.Api.Common.Models.ApiResponse`1[[ThucLuc.Application.Features.DonVi.DonViDto, ThucLuc.Application, Version=1.0.0.0, Culture=neutral, PublicKeyToken=null]]'.
2026-05-06 11:14:56.258 +07:00 [INF] Executed action ThucLuc.Api.Controllers.V1.DonViController.GetById (ThucLuc.Api) in 49.7229ms
2026-05-06 11:14:56.259 +07:00 [INF] Executed endpoint 'ThucLuc.Api.Controllers.V1.DonViController.GetById (ThucLuc.Api)'
2026-05-06 11:14:56.260 +07:00 [INF] HTTP GET /api/v1/don-vi/2001 => 200 in 64.8537 ms CorrelationId=6147485399ad4fc7a851ca4d70864a6a UserId=5001
2026-05-06 11:14:56.262 +07:00 [INF] HTTP GET /api/v1/don-vi/2001 responded 200 in 66.7321 ms
2026-05-06 11:14:56.263 +07:00 [INF] Request finished HTTP/1.1 GET http://localhost:5283/api/v1/don-vi/2001 - 200 null application/json; charset=utf-8 72.0769ms
2026-05-06 11:15:40.133 +07:00 [INF] Request starting HTTP/1.1 OPTIONS http://localhost:5283/api/v1/ha-tang-mang/matrix - null null
2026-05-06 11:15:40.138 +07:00 [INF] CORS policy execution successful.
2026-05-06 11:15:40.140 +07:00 [INF] HTTP OPTIONS /api/v1/ha-tang-mang/matrix => 204 in 1.7074 ms CorrelationId=cfed1d21c43244e9bd7c329109b878fd UserId=anonymous
2026-05-06 11:15:40.144 +07:00 [INF] HTTP OPTIONS /api/v1/ha-tang-mang/matrix responded 204 in 5.5956 ms
2026-05-06 11:15:40.146 +07:00 [INF] Request finished HTTP/1.1 OPTIONS http://localhost:5283/api/v1/ha-tang-mang/matrix - 204 null null 12.3524ms
2026-05-06 11:15:40.149 +07:00 [INF] Request starting HTTP/1.1 PUT http://localhost:5283/api/v1/ha-tang-mang/matrix - application/json 183
2026-05-06 11:15:40.152 +07:00 [INF] CORS policy execution successful.
2026-05-06 11:15:40.153 +07:00 [INF] HTTP PUT /api/v1/ha-tang-mang/matrix => 404 in 1.3129 ms CorrelationId=922300794b7743f29cfb8d1a6a6e62fe UserId=5001
2026-05-06 11:15:40.156 +07:00 [INF] HTTP PUT /api/v1/ha-tang-mang/matrix responded 404 in 3.6373 ms
2026-05-06 11:15:40.159 +07:00 [INF] Request finished HTTP/1.1 PUT http://localhost:5283/api/v1/ha-tang-mang/matrix - 404 0 null 9.7478ms
2026-05-06 11:15:40.162 +07:00 [INF] Request reached the end of the middleware pipeline without being handled by application code. Request path: PUT http://localhost:5283/api/v1/ha-tang-mang/matrix, Response status code: 404
2026-05-06 11:16:16.142 +07:00 [INF] Request starting HTTP/1.1 OPTIONS http://localhost:5283/api/v1/don-vi/2001 - null null
2026-05-06 11:16:16.142 +07:00 [INF] Request starting HTTP/1.1 OPTIONS http://localhost:5283/api/v1/ha-tang-mang?donViId=2001 - null null
2026-05-06 11:16:16.142 +07:00 [INF] Request starting HTTP/1.1 OPTIONS http://localhost:5283/api/v1/don-vi/2001 - null null
2026-05-06 11:16:16.145 +07:00 [INF] CORS policy execution successful.
2026-05-06 11:16:16.149 +07:00 [INF] CORS policy execution successful.
2026-05-06 11:16:16.152 +07:00 [INF] CORS policy execution successful.
2026-05-06 11:16:16.153 +07:00 [INF] HTTP OPTIONS /api/v1/don-vi/2001 => 204 in 7.6764 ms CorrelationId=12c344e5271b49149b7886d96c127ca1 UserId=anonymous
2026-05-06 11:16:16.154 +07:00 [INF] HTTP OPTIONS /api/v1/ha-tang-mang => 204 in 5.0427 ms CorrelationId=c7a42eaa7d7e439f8019000a90dd5a84 UserId=anonymous
2026-05-06 11:16:16.155 +07:00 [INF] HTTP OPTIONS /api/v1/don-vi/2001 => 204 in 2.9083 ms CorrelationId=91bdf1b2bdf5402bb52cb99bd5c92ba7 UserId=anonymous
2026-05-06 11:16:16.159 +07:00 [INF] HTTP OPTIONS /api/v1/don-vi/2001 responded 204 in 13.2028 ms
2026-05-06 11:16:16.162 +07:00 [INF] HTTP OPTIONS /api/v1/ha-tang-mang responded 204 in 12.6826 ms
2026-05-06 11:16:16.165 +07:00 [INF] HTTP OPTIONS /api/v1/don-vi/2001 responded 204 in 12.5825 ms
2026-05-06 11:16:16.167 +07:00 [INF] Request finished HTTP/1.1 OPTIONS http://localhost:5283/api/v1/don-vi/2001 - 204 null null 25.5346ms
2026-05-06 11:16:16.169 +07:00 [INF] Request finished HTTP/1.1 OPTIONS http://localhost:5283/api/v1/ha-tang-mang?donViId=2001 - 204 null null 27.1807ms
2026-05-06 11:16:16.171 +07:00 [INF] Request finished HTTP/1.1 OPTIONS http://localhost:5283/api/v1/don-vi/2001 - 204 null null 29.0929ms
2026-05-06 11:16:16.181 +07:00 [INF] Request starting HTTP/1.1 GET http://localhost:5283/api/v1/ha-tang-mang?donViId=2001 - null null
2026-05-06 11:16:16.185 +07:00 [INF] Request starting HTTP/1.1 GET http://localhost:5283/api/v1/don-vi/2001 - null null
2026-05-06 11:16:16.189 +07:00 [INF] CORS policy execution successful.
2026-05-06 11:16:16.192 +07:00 [INF] CORS policy execution successful.
2026-05-06 11:16:16.194 +07:00 [INF] Executing endpoint 'ThucLuc.Api.Controllers.V1.HaTangMangController.GetAll (ThucLuc.Api)'
2026-05-06 11:16:16.195 +07:00 [INF] Executing endpoint 'ThucLuc.Api.Controllers.V1.DonViController.GetById (ThucLuc.Api)'
2026-05-06 11:16:16.197 +07:00 [INF] Route matched with {action = "GetAll", controller = "HaTangMang"}. Executing controller action with signature System.Threading.Tasks.Task`1[Microsoft.AspNetCore.Mvc.ActionResult`1[ThucLuc.Api.Common.Models.ApiResponse`1[System.Collections.Generic.IReadOnlyCollection`1[ThucLuc.Application.Features.HaTangMang.HaTangMangDto]]]] GetAll(System.Threading.CancellationToken) on controller ThucLuc.Api.Controllers.V1.HaTangMangController (ThucLuc.Api).
2026-05-06 11:16:16.198 +07:00 [INF] Route matched with {action = "GetById", controller = "DonVi"}. Executing controller action with signature System.Threading.Tasks.Task`1[Microsoft.AspNetCore.Mvc.ActionResult`1[ThucLuc.Api.Common.Models.ApiResponse`1[ThucLuc.Application.Features.DonVi.DonViDto]]] GetById(Int64, System.Threading.CancellationToken) on controller ThucLuc.Api.Controllers.V1.DonViController (ThucLuc.Api).
2026-05-06 11:16:16.246 +07:00 [INF] Executing OkObjectResult, writing value of type 'ThucLuc.Api.Common.Models.ApiResponse`1[[System.Collections.Generic.IReadOnlyCollection`1[[ThucLuc.Application.Features.HaTangMang.HaTangMangDto, ThucLuc.Application, Version=1.0.0.0, Culture=neutral, PublicKeyToken=null]], System.Private.CoreLib, Version=8.0.0.0, Culture=neutral, PublicKeyToken=7cec85d7bea7798e]]'.
2026-05-06 11:16:16.247 +07:00 [INF] Executed action ThucLuc.Api.Controllers.V1.HaTangMangController.GetAll (ThucLuc.Api) in 46.4223ms
2026-05-06 11:16:16.248 +07:00 [INF] Executed endpoint 'ThucLuc.Api.Controllers.V1.HaTangMangController.GetAll (ThucLuc.Api)'
2026-05-06 11:16:16.250 +07:00 [INF] HTTP GET /api/v1/ha-tang-mang => 200 in 60.7932 ms CorrelationId=550059690bab45368f272eef4a39b125 UserId=5001
2026-05-06 11:16:16.251 +07:00 [INF] Executing OkObjectResult, writing value of type 'ThucLuc.Api.Common.Models.ApiResponse`1[[ThucLuc.Application.Features.DonVi.DonViDto, ThucLuc.Application, Version=1.0.0.0, Culture=neutral, PublicKeyToken=null]]'.
2026-05-06 11:16:16.252 +07:00 [INF] HTTP GET /api/v1/ha-tang-mang responded 200 in 63.6469 ms
2026-05-06 11:16:16.254 +07:00 [INF] Executed action ThucLuc.Api.Controllers.V1.DonViController.GetById (ThucLuc.Api) in 50.9047ms
2026-05-06 11:16:16.255 +07:00 [INF] Request starting HTTP/1.1 GET http://localhost:5283/api/v1/don-vi/2001 - null null
2026-05-06 11:16:16.255 +07:00 [INF] Request finished HTTP/1.1 GET http://localhost:5283/api/v1/ha-tang-mang?donViId=2001 - 200 null application/json; charset=utf-8 74.4213ms
2026-05-06 11:16:16.257 +07:00 [INF] Executed endpoint 'ThucLuc.Api.Controllers.V1.DonViController.GetById (ThucLuc.Api)'
2026-05-06 11:16:16.259 +07:00 [INF] CORS policy execution successful.
2026-05-06 11:16:16.263 +07:00 [INF] HTTP GET /api/v1/don-vi/2001 => 200 in 70.2126 ms CorrelationId=0f7f007f5a4e4534a34bab294eb8eef9 UserId=5001
2026-05-06 11:16:16.264 +07:00 [INF] Executing endpoint 'ThucLuc.Api.Controllers.V1.DonViController.GetById (ThucLuc.Api)'
2026-05-06 11:16:16.265 +07:00 [INF] HTTP GET /api/v1/don-vi/2001 responded 200 in 73.0133 ms
2026-05-06 11:16:16.267 +07:00 [INF] Route matched with {action = "GetById", controller = "DonVi"}. Executing controller action with signature System.Threading.Tasks.Task`1[Microsoft.AspNetCore.Mvc.ActionResult`1[ThucLuc.Api.Common.Models.ApiResponse`1[ThucLuc.Application.Features.DonVi.DonViDto]]] GetById(Int64, System.Threading.CancellationToken) on controller ThucLuc.Api.Controllers.V1.DonViController (ThucLuc.Api).
2026-05-06 11:16:16.269 +07:00 [INF] Request finished HTTP/1.1 GET http://localhost:5283/api/v1/don-vi/2001 - 200 null application/json; charset=utf-8 83.2303ms
2026-05-06 11:16:16.319 +07:00 [INF] Executing OkObjectResult, writing value of type 'ThucLuc.Api.Common.Models.ApiResponse`1[[ThucLuc.Application.Features.DonVi.DonViDto, ThucLuc.Application, Version=1.0.0.0, Culture=neutral, PublicKeyToken=null]]'.
2026-05-06 11:16:16.321 +07:00 [INF] Executed action ThucLuc.Api.Controllers.V1.DonViController.GetById (ThucLuc.Api) in 50.0538ms
2026-05-06 11:16:16.323 +07:00 [INF] Executed endpoint 'ThucLuc.Api.Controllers.V1.DonViController.GetById (ThucLuc.Api)'
2026-05-06 11:16:16.324 +07:00 [INF] HTTP GET /api/v1/don-vi/2001 => 200 in 64.9521 ms CorrelationId=ae13383712c442b19c0239750f46a91e UserId=5001
2026-05-06 11:16:16.325 +07:00 [INF] HTTP GET /api/v1/don-vi/2001 responded 200 in 66.4374 ms
2026-05-06 11:16:16.326 +07:00 [INF] Request finished HTTP/1.1 GET http://localhost:5283/api/v1/don-vi/2001 - 200 null application/json; charset=utf-8 71.5193ms
2026-05-06 11:18:04.520 +07:00 [INF] Request starting HTTP/1.1 OPTIONS http://localhost:5283/api/v1/don-vi/2001 - null null
2026-05-06 11:18:04.523 +07:00 [INF] CORS policy execution successful.
2026-05-06 11:18:04.524 +07:00 [INF] HTTP OPTIONS /api/v1/don-vi/2001 => 204 in 0.9034 ms CorrelationId=0dea19c64f2e472dbf1e33a7d1fb7ccc UserId=anonymous
2026-05-06 11:18:04.526 +07:00 [INF] Request starting HTTP/1.1 OPTIONS http://localhost:5283/api/v1/ha-tang-mang?donViId=2001 - null null
2026-05-06 11:18:04.526 +07:00 [INF] Request starting HTTP/1.1 OPTIONS http://localhost:5283/api/v1/don-vi/2001 - null null
2026-05-06 11:18:04.528 +07:00 [INF] HTTP OPTIONS /api/v1/don-vi/2001 responded 204 in 5.2706 ms
2026-05-06 11:18:04.531 +07:00 [INF] CORS policy execution successful.
2026-05-06 11:18:04.533 +07:00 [INF] CORS policy execution successful.
2026-05-06 11:18:04.535 +07:00 [INF] Request finished HTTP/1.1 OPTIONS http://localhost:5283/api/v1/don-vi/2001 - 204 null null 15.009ms
2026-05-06 11:18:04.536 +07:00 [INF] HTTP OPTIONS /api/v1/ha-tang-mang => 204 in 5.6784 ms CorrelationId=cafcf46aef5a43e386056e55d15b754f UserId=anonymous
2026-05-06 11:18:04.537 +07:00 [INF] HTTP OPTIONS /api/v1/don-vi/2001 => 204 in 3.8491 ms CorrelationId=7c46086eeb2040edb6533b96aa2672d9 UserId=anonymous
2026-05-06 11:18:04.540 +07:00 [INF] Request starting HTTP/1.1 GET http://localhost:5283/api/v1/don-vi/2001 - null null
2026-05-06 11:18:04.542 +07:00 [INF] HTTP OPTIONS /api/v1/ha-tang-mang responded 204 in 11.4549 ms
2026-05-06 11:18:04.545 +07:00 [INF] HTTP OPTIONS /api/v1/don-vi/2001 responded 204 in 11.6087 ms
2026-05-06 11:18:04.548 +07:00 [INF] CORS policy execution successful.
2026-05-06 11:18:04.550 +07:00 [INF] Request finished HTTP/1.1 OPTIONS http://localhost:5283/api/v1/ha-tang-mang?donViId=2001 - 204 null null 24.2392ms
2026-05-06 11:18:04.552 +07:00 [INF] Request finished HTTP/1.1 OPTIONS http://localhost:5283/api/v1/don-vi/2001 - 204 null null 25.8831ms
2026-05-06 11:18:04.553 +07:00 [INF] Executing endpoint 'ThucLuc.Api.Controllers.V1.DonViController.GetById (ThucLuc.Api)'
2026-05-06 11:18:04.556 +07:00 [INF] Request starting HTTP/1.1 GET http://localhost:5283/api/v1/ha-tang-mang?donViId=2001 - null null
2026-05-06 11:18:04.560 +07:00 [INF] Route matched with {action = "GetById", controller = "DonVi"}. Executing controller action with signature System.Threading.Tasks.Task`1[Microsoft.AspNetCore.Mvc.ActionResult`1[ThucLuc.Api.Common.Models.ApiResponse`1[ThucLuc.Application.Features.DonVi.DonViDto]]] GetById(Int64, System.Threading.CancellationToken) on controller ThucLuc.Api.Controllers.V1.DonViController (ThucLuc.Api).
2026-05-06 11:18:04.563 +07:00 [INF] CORS policy execution successful.
2026-05-06 11:18:04.566 +07:00 [INF] Executing endpoint 'ThucLuc.Api.Controllers.V1.HaTangMangController.GetAll (ThucLuc.Api)'
2026-05-06 11:18:04.568 +07:00 [INF] Route matched with {action = "GetAll", controller = "HaTangMang"}. Executing controller action with signature System.Threading.Tasks.Task`1[Microsoft.AspNetCore.Mvc.ActionResult`1[ThucLuc.Api.Common.Models.ApiResponse`1[System.Collections.Generic.IReadOnlyCollection`1[ThucLuc.Application.Features.HaTangMang.HaTangMangDto]]]] GetAll(System.Threading.CancellationToken) on controller ThucLuc.Api.Controllers.V1.HaTangMangController (ThucLuc.Api).
2026-05-06 11:18:04.613 +07:00 [INF] Executing OkObjectResult, writing value of type 'ThucLuc.Api.Common.Models.ApiResponse`1[[ThucLuc.Application.Features.DonVi.DonViDto, ThucLuc.Application, Version=1.0.0.0, Culture=neutral, PublicKeyToken=null]]'.
2026-05-06 11:18:04.616 +07:00 [INF] Executing OkObjectResult, writing value of type 'ThucLuc.Api.Common.Models.ApiResponse`1[[System.Collections.Generic.IReadOnlyCollection`1[[ThucLuc.Application.Features.HaTangMang.HaTangMangDto, ThucLuc.Application, Version=1.0.0.0, Culture=neutral, PublicKeyToken=null]], System.Private.CoreLib, Version=8.0.0.0, Culture=neutral, PublicKeyToken=7cec85d7bea7798e]]'.
2026-05-06 11:18:04.617 +07:00 [INF] Executed action ThucLuc.Api.Controllers.V1.DonViController.GetById (ThucLuc.Api) in 51.7904ms
2026-05-06 11:18:04.617 +07:00 [INF] Request starting HTTP/1.1 GET http://localhost:5283/api/v1/don-vi/2001 - null null
2026-05-06 11:18:04.618 +07:00 [INF] Executed action ThucLuc.Api.Controllers.V1.HaTangMangController.GetAll (ThucLuc.Api) in 47.6683ms
2026-05-06 11:18:04.619 +07:00 [INF] Executed endpoint 'ThucLuc.Api.Controllers.V1.DonViController.GetById (ThucLuc.Api)'
2026-05-06 11:18:04.622 +07:00 [INF] CORS policy execution successful.
2026-05-06 11:18:04.624 +07:00 [INF] Executed endpoint 'ThucLuc.Api.Controllers.V1.HaTangMangController.GetAll (ThucLuc.Api)'
2026-05-06 11:18:04.625 +07:00 [INF] HTTP GET /api/v1/don-vi/2001 => 200 in 77.1059 ms CorrelationId=4fcedce4e6a34fa59241f2e54099d325 UserId=5001
2026-05-06 11:18:04.626 +07:00 [INF] Executing endpoint 'ThucLuc.Api.Controllers.V1.DonViController.GetById (ThucLuc.Api)'
2026-05-06 11:18:04.627 +07:00 [INF] HTTP GET /api/v1/ha-tang-mang => 200 in 63.9704 ms CorrelationId=4a727825dcf24371967400cc9da5a185 UserId=5001
2026-05-06 11:18:04.629 +07:00 [INF] HTTP GET /api/v1/don-vi/2001 responded 200 in 81.7512 ms
2026-05-06 11:18:04.631 +07:00 [INF] Route matched with {action = "GetById", controller = "DonVi"}. Executing controller action with signature System.Threading.Tasks.Task`1[Microsoft.AspNetCore.Mvc.ActionResult`1[ThucLuc.Api.Common.Models.ApiResponse`1[ThucLuc.Application.Features.DonVi.DonViDto]]] GetById(Int64, System.Threading.CancellationToken) on controller ThucLuc.Api.Controllers.V1.DonViController (ThucLuc.Api).
2026-05-06 11:18:04.633 +07:00 [INF] HTTP GET /api/v1/ha-tang-mang responded 200 in 70.4755 ms
2026-05-06 11:18:04.636 +07:00 [INF] Request finished HTTP/1.1 GET http://localhost:5283/api/v1/don-vi/2001 - 200 null application/json; charset=utf-8 96.3078ms
2026-05-06 11:18:04.641 +07:00 [INF] Request finished HTTP/1.1 GET http://localhost:5283/api/v1/ha-tang-mang?donViId=2001 - 200 null application/json; charset=utf-8 84.9789ms
2026-05-06 11:18:04.684 +07:00 [INF] Executing OkObjectResult, writing value of type 'ThucLuc.Api.Common.Models.ApiResponse`1[[ThucLuc.Application.Features.DonVi.DonViDto, ThucLuc.Application, Version=1.0.0.0, Culture=neutral, PublicKeyToken=null]]'.
2026-05-06 11:18:04.685 +07:00 [INF] Executed action ThucLuc.Api.Controllers.V1.DonViController.GetById (ThucLuc.Api) in 46.1633ms
2026-05-06 11:18:04.687 +07:00 [INF] Executed endpoint 'ThucLuc.Api.Controllers.V1.DonViController.GetById (ThucLuc.Api)'
2026-05-06 11:18:04.688 +07:00 [INF] HTTP GET /api/v1/don-vi/2001 => 200 in 65.5191 ms CorrelationId=091bc37bab3340f09121e0acca9040a6 UserId=5001
2026-05-06 11:18:04.690 +07:00 [INF] HTTP GET /api/v1/don-vi/2001 responded 200 in 67.8628 ms
2026-05-06 11:18:04.692 +07:00 [INF] Request finished HTTP/1.1 GET http://localhost:5283/api/v1/don-vi/2001 - 200 null application/json; charset=utf-8 74.3947ms
2026-05-06 11:19:56.465 +07:00 [INF] Request starting HTTP/1.1 OPTIONS http://localhost:5283/api/v1/don-vi/2001 - null null
2026-05-06 11:19:56.468 +07:00 [INF] CORS policy execution successful.
2026-05-06 11:19:56.468 +07:00 [INF] Request starting HTTP/1.1 OPTIONS http://localhost:5283/api/v1/ha-tang-mang?donViId=2001 - null null
2026-05-06 11:19:56.468 +07:00 [INF] Request starting HTTP/1.1 OPTIONS http://localhost:5283/api/v1/don-vi/2001 - null null
2026-05-06 11:19:56.469 +07:00 [INF] HTTP OPTIONS /api/v1/don-vi/2001 => 204 in 0.986 ms CorrelationId=c4aeb183f9a54c7197889d2c923827b0 UserId=anonymous
2026-05-06 11:19:56.472 +07:00 [INF] CORS policy execution successful.
2026-05-06 11:19:56.475 +07:00 [INF] CORS policy execution successful.
2026-05-06 11:19:56.477 +07:00 [INF] HTTP OPTIONS /api/v1/don-vi/2001 responded 204 in 8.9095 ms
2026-05-06 11:19:56.478 +07:00 [INF] HTTP OPTIONS /api/v1/ha-tang-mang => 204 in 6.026 ms CorrelationId=dea37678c6a54da1aba8d2767f88c1e6 UserId=anonymous
2026-05-06 11:19:56.479 +07:00 [INF] HTTP OPTIONS /api/v1/don-vi/2001 => 204 in 4.0593 ms CorrelationId=23550b2378f249f690f04a789542d645 UserId=anonymous
2026-05-06 11:19:56.480 +07:00 [INF] Request finished HTTP/1.1 OPTIONS http://localhost:5283/api/v1/don-vi/2001 - 204 null null 14.9924ms
2026-05-06 11:19:56.482 +07:00 [INF] HTTP OPTIONS /api/v1/ha-tang-mang responded 204 in 10.5513 ms
2026-05-06 11:19:56.484 +07:00 [INF] HTTP OPTIONS /api/v1/don-vi/2001 responded 204 in 9.4165 ms
2026-05-06 11:19:56.487 +07:00 [INF] Request starting HTTP/1.1 GET http://localhost:5283/api/v1/don-vi/2001 - null null
2026-05-06 11:19:56.489 +07:00 [INF] Request finished HTTP/1.1 OPTIONS http://localhost:5283/api/v1/ha-tang-mang?donViId=2001 - 204 null null 20.3147ms
2026-05-06 11:19:56.490 +07:00 [INF] Request finished HTTP/1.1 OPTIONS http://localhost:5283/api/v1/don-vi/2001 - 204 null null 22.0265ms
2026-05-06 11:19:56.493 +07:00 [INF] CORS policy execution successful.
2026-05-06 11:19:56.499 +07:00 [INF] Request starting HTTP/1.1 GET http://localhost:5283/api/v1/ha-tang-mang?donViId=2001 - null null
2026-05-06 11:19:56.500 +07:00 [INF] Executing endpoint 'ThucLuc.Api.Controllers.V1.DonViController.GetById (ThucLuc.Api)'
2026-05-06 11:19:56.502 +07:00 [INF] CORS policy execution successful.
2026-05-06 11:19:56.503 +07:00 [INF] Route matched with {action = "GetById", controller = "DonVi"}. Executing controller action with signature System.Threading.Tasks.Task`1[Microsoft.AspNetCore.Mvc.ActionResult`1[ThucLuc.Api.Common.Models.ApiResponse`1[ThucLuc.Application.Features.DonVi.DonViDto]]] GetById(Int64, System.Threading.CancellationToken) on controller ThucLuc.Api.Controllers.V1.DonViController (ThucLuc.Api).
2026-05-06 11:19:56.504 +07:00 [INF] Executing endpoint 'ThucLuc.Api.Controllers.V1.HaTangMangController.GetAll (ThucLuc.Api)'
2026-05-06 11:19:56.506 +07:00 [INF] Route matched with {action = "GetAll", controller = "HaTangMang"}. Executing controller action with signature System.Threading.Tasks.Task`1[Microsoft.AspNetCore.Mvc.ActionResult`1[ThucLuc.Api.Common.Models.ApiResponse`1[System.Collections.Generic.IReadOnlyCollection`1[ThucLuc.Application.Features.HaTangMang.HaTangMangDto]]]] GetAll(System.Threading.CancellationToken) on controller ThucLuc.Api.Controllers.V1.HaTangMangController (ThucLuc.Api).
2026-05-06 11:19:56.551 +07:00 [INF] Executing OkObjectResult, writing value of type 'ThucLuc.Api.Common.Models.ApiResponse`1[[ThucLuc.Application.Features.DonVi.DonViDto, ThucLuc.Application, Version=1.0.0.0, Culture=neutral, PublicKeyToken=null]]'.
2026-05-06 11:19:56.552 +07:00 [INF] Executed action ThucLuc.Api.Controllers.V1.DonViController.GetById (ThucLuc.Api) in 47.0437ms
2026-05-06 11:19:56.553 +07:00 [INF] Request starting HTTP/1.1 GET http://localhost:5283/api/v1/don-vi/2001 - null null
2026-05-06 11:19:56.553 +07:00 [INF] Executing OkObjectResult, writing value of type 'ThucLuc.Api.Common.Models.ApiResponse`1[[System.Collections.Generic.IReadOnlyCollection`1[[ThucLuc.Application.Features.HaTangMang.HaTangMangDto, ThucLuc.Application, Version=1.0.0.0, Culture=neutral, PublicKeyToken=null]], System.Private.CoreLib, Version=8.0.0.0, Culture=neutral, PublicKeyToken=7cec85d7bea7798e]]'.
2026-05-06 11:19:56.553 +07:00 [INF] Executed endpoint 'ThucLuc.Api.Controllers.V1.DonViController.GetById (ThucLuc.Api)'
2026-05-06 11:19:56.555 +07:00 [INF] CORS policy execution successful.
2026-05-06 11:19:56.556 +07:00 [INF] Executed action ThucLuc.Api.Controllers.V1.HaTangMangController.GetAll (ThucLuc.Api) in 47.7776ms
2026-05-06 11:19:56.557 +07:00 [INF] HTTP GET /api/v1/don-vi/2001 => 200 in 64.0918 ms CorrelationId=7f845e49fc0b4b8a9ae53cc3bbc8a41a UserId=5001
2026-05-06 11:19:56.558 +07:00 [INF] Executing endpoint 'ThucLuc.Api.Controllers.V1.DonViController.GetById (ThucLuc.Api)'
2026-05-06 11:19:56.559 +07:00 [INF] Executed endpoint 'ThucLuc.Api.Controllers.V1.HaTangMangController.GetAll (ThucLuc.Api)'
2026-05-06 11:19:56.562 +07:00 [INF] HTTP GET /api/v1/don-vi/2001 responded 200 in 68.6400 ms
2026-05-06 11:19:56.563 +07:00 [INF] Route matched with {action = "GetById", controller = "DonVi"}. Executing controller action with signature System.Threading.Tasks.Task`1[Microsoft.AspNetCore.Mvc.ActionResult`1[ThucLuc.Api.Common.Models.ApiResponse`1[ThucLuc.Application.Features.DonVi.DonViDto]]] GetById(Int64, System.Threading.CancellationToken) on controller ThucLuc.Api.Controllers.V1.DonViController (ThucLuc.Api).
2026-05-06 11:19:56.564 +07:00 [INF] HTTP GET /api/v1/ha-tang-mang => 200 in 61.7547 ms CorrelationId=9c428be4e2a349219b110d8f03d7f42c UserId=5001
2026-05-06 11:19:56.565 +07:00 [INF] Request finished HTTP/1.1 GET http://localhost:5283/api/v1/don-vi/2001 - 200 null application/json; charset=utf-8 78.3763ms
2026-05-06 11:19:56.569 +07:00 [INF] HTTP GET /api/v1/ha-tang-mang responded 200 in 67.5396 ms
2026-05-06 11:19:56.574 +07:00 [INF] Request finished HTTP/1.1 GET http://localhost:5283/api/v1/ha-tang-mang?donViId=2001 - 200 null application/json; charset=utf-8 74.831ms
2026-05-06 11:19:56.610 +07:00 [INF] Executing OkObjectResult, writing value of type 'ThucLuc.Api.Common.Models.ApiResponse`1[[ThucLuc.Application.Features.DonVi.DonViDto, ThucLuc.Application, Version=1.0.0.0, Culture=neutral, PublicKeyToken=null]]'.
2026-05-06 11:19:56.612 +07:00 [INF] Executed action ThucLuc.Api.Controllers.V1.DonViController.GetById (ThucLuc.Api) in 44.7693ms
2026-05-06 11:19:56.613 +07:00 [INF] Executed endpoint 'ThucLuc.Api.Controllers.V1.DonViController.GetById (ThucLuc.Api)'
2026-05-06 11:19:56.613 +07:00 [INF] HTTP GET /api/v1/don-vi/2001 => 200 in 58.4172 ms CorrelationId=3637e90bbd9e4acea6659c37dd0cdfc7 UserId=5001
2026-05-06 11:19:56.615 +07:00 [INF] HTTP GET /api/v1/don-vi/2001 responded 200 in 59.6894 ms
2026-05-06 11:19:56.616 +07:00 [INF] Request finished HTTP/1.1 GET http://localhost:5283/api/v1/don-vi/2001 - 200 null application/json; charset=utf-8 62.6508ms
2026-05-06 11:20:02.529 +07:00 [INF] Request starting HTTP/1.1 OPTIONS http://localhost:5283/api/v1/don-vi/2001 - null null
2026-05-06 11:20:02.531 +07:00 [INF] Request starting HTTP/1.1 OPTIONS http://localhost:5283/api/v1/ha-tang-mang?donViId=2001 - null null
2026-05-06 11:20:02.531 +07:00 [INF] Request starting HTTP/1.1 OPTIONS http://localhost:5283/api/v1/don-vi/2001 - null null
2026-05-06 11:20:02.532 +07:00 [INF] CORS policy execution successful.
2026-05-06 11:20:02.535 +07:00 [INF] CORS policy execution successful.
2026-05-06 11:20:02.537 +07:00 [INF] CORS policy execution successful.
2026-05-06 11:20:02.538 +07:00 [INF] HTTP OPTIONS /api/v1/don-vi/2001 => 204 in 6.7593 ms CorrelationId=e8473967478744aeb8af8f75e37119a3 UserId=anonymous
2026-05-06 11:20:02.540 +07:00 [INF] HTTP OPTIONS /api/v1/ha-tang-mang => 204 in 4.9333 ms CorrelationId=3ed234d3c93b4010ac0cb44a4afe067c UserId=anonymous
2026-05-06 11:20:02.541 +07:00 [INF] HTTP OPTIONS /api/v1/don-vi/2001 => 204 in 3.213 ms CorrelationId=398799660f2641fb8148173e9c120358 UserId=anonymous
2026-05-06 11:20:02.543 +07:00 [INF] HTTP OPTIONS /api/v1/don-vi/2001 responded 204 in 11.6152 ms
2026-05-06 11:20:02.546 +07:00 [INF] HTTP OPTIONS /api/v1/ha-tang-mang responded 204 in 11.5969 ms
2026-05-06 11:20:02.548 +07:00 [INF] HTTP OPTIONS /api/v1/don-vi/2001 responded 204 in 11.0453 ms
2026-05-06 11:20:02.551 +07:00 [INF] Request finished HTTP/1.1 OPTIONS http://localhost:5283/api/v1/don-vi/2001 - 204 null null 21.2114ms
2026-05-06 11:20:02.553 +07:00 [INF] Request finished HTTP/1.1 OPTIONS http://localhost:5283/api/v1/ha-tang-mang?donViId=2001 - 204 null null 21.4071ms
2026-05-06 11:20:02.555 +07:00 [INF] Request finished HTTP/1.1 OPTIONS http://localhost:5283/api/v1/don-vi/2001 - 204 null null 23.4045ms
2026-05-06 11:20:02.558 +07:00 [INF] Request starting HTTP/1.1 GET http://localhost:5283/api/v1/don-vi/2001 - null null
2026-05-06 11:20:02.564 +07:00 [INF] Request starting HTTP/1.1 GET http://localhost:5283/api/v1/ha-tang-mang?donViId=2001 - null null
2026-05-06 11:20:02.566 +07:00 [INF] CORS policy execution successful.
2026-05-06 11:20:02.568 +07:00 [INF] CORS policy execution successful.
2026-05-06 11:20:02.569 +07:00 [INF] Executing endpoint 'ThucLuc.Api.Controllers.V1.DonViController.GetById (ThucLuc.Api)'
2026-05-06 11:20:02.569 +07:00 [INF] Executing endpoint 'ThucLuc.Api.Controllers.V1.HaTangMangController.GetAll (ThucLuc.Api)'
2026-05-06 11:20:02.570 +07:00 [INF] Route matched with {action = "GetById", controller = "DonVi"}. Executing controller action with signature System.Threading.Tasks.Task`1[Microsoft.AspNetCore.Mvc.ActionResult`1[ThucLuc.Api.Common.Models.ApiResponse`1[ThucLuc.Application.Features.DonVi.DonViDto]]] GetById(Int64, System.Threading.CancellationToken) on controller ThucLuc.Api.Controllers.V1.DonViController (ThucLuc.Api).
2026-05-06 11:20:02.571 +07:00 [INF] Route matched with {action = "GetAll", controller = "HaTangMang"}. Executing controller action with signature System.Threading.Tasks.Task`1[Microsoft.AspNetCore.Mvc.ActionResult`1[ThucLuc.Api.Common.Models.ApiResponse`1[System.Collections.Generic.IReadOnlyCollection`1[ThucLuc.Application.Features.HaTangMang.HaTangMangDto]]]] GetAll(System.Threading.CancellationToken) on controller ThucLuc.Api.Controllers.V1.HaTangMangController (ThucLuc.Api).
2026-05-06 11:20:02.618 +07:00 [INF] Executing OkObjectResult, writing value of type 'ThucLuc.Api.Common.Models.ApiResponse`1[[ThucLuc.Application.Features.DonVi.DonViDto, ThucLuc.Application, Version=1.0.0.0, Culture=neutral, PublicKeyToken=null]]'.
2026-05-06 11:20:02.620 +07:00 [INF] Executed action ThucLuc.Api.Controllers.V1.DonViController.GetById (ThucLuc.Api) in 47.9806ms
2026-05-06 11:20:02.621 +07:00 [INF] Request starting HTTP/1.1 GET http://localhost:5283/api/v1/don-vi/2001 - null null
2026-05-06 11:20:02.623 +07:00 [INF] Executed endpoint 'ThucLuc.Api.Controllers.V1.DonViController.GetById (ThucLuc.Api)'
2026-05-06 11:20:02.626 +07:00 [INF] Executing OkObjectResult, writing value of type 'ThucLuc.Api.Common.Models.ApiResponse`1[[System.Collections.Generic.IReadOnlyCollection`1[[ThucLuc.Application.Features.HaTangMang.HaTangMangDto, ThucLuc.Application, Version=1.0.0.0, Culture=neutral, PublicKeyToken=null]], System.Private.CoreLib, Version=8.0.0.0, Culture=neutral, PublicKeyToken=7cec85d7bea7798e]]'.
2026-05-06 11:20:02.627 +07:00 [INF] CORS policy execution successful.
2026-05-06 11:20:02.628 +07:00 [INF] HTTP GET /api/v1/don-vi/2001 => 200 in 61.9671 ms CorrelationId=4ac8c52c5e8c40c492a074777808268a UserId=5001
2026-05-06 11:20:02.630 +07:00 [INF] Executed action ThucLuc.Api.Controllers.V1.HaTangMangController.GetAll (ThucLuc.Api) in 55.0414ms
2026-05-06 11:20:02.631 +07:00 [INF] Executing endpoint 'ThucLuc.Api.Controllers.V1.DonViController.GetById (ThucLuc.Api)'
2026-05-06 11:20:02.634 +07:00 [INF] HTTP GET /api/v1/don-vi/2001 responded 200 in 68.2719 ms
2026-05-06 11:20:02.636 +07:00 [INF] Executed endpoint 'ThucLuc.Api.Controllers.V1.HaTangMangController.GetAll (ThucLuc.Api)'
2026-05-06 11:20:02.637 +07:00 [INF] Route matched with {action = "GetById", controller = "DonVi"}. Executing controller action with signature System.Threading.Tasks.Task`1[Microsoft.AspNetCore.Mvc.ActionResult`1[ThucLuc.Api.Common.Models.ApiResponse`1[ThucLuc.Application.Features.DonVi.DonViDto]]] GetById(Int64, System.Threading.CancellationToken) on controller ThucLuc.Api.Controllers.V1.DonViController (ThucLuc.Api).
2026-05-06 11:20:02.640 +07:00 [INF] Request finished HTTP/1.1 GET http://localhost:5283/api/v1/don-vi/2001 - 200 null application/json; charset=utf-8 81.7773ms
2026-05-06 11:20:02.641 +07:00 [INF] HTTP GET /api/v1/ha-tang-mang => 200 in 73.2732 ms CorrelationId=bfc886361c0f4c10b05856f803215dd2 UserId=5001
2026-05-06 11:20:02.649 +07:00 [INF] HTTP GET /api/v1/ha-tang-mang responded 200 in 80.8749 ms
2026-05-06 11:20:02.651 +07:00 [INF] Request finished HTTP/1.1 GET http://localhost:5283/api/v1/ha-tang-mang?donViId=2001 - 200 null application/json; charset=utf-8 86.6399ms
2026-05-06 11:20:02.692 +07:00 [INF] Executing OkObjectResult, writing value of type 'ThucLuc.Api.Common.Models.ApiResponse`1[[ThucLuc.Application.Features.DonVi.DonViDto, ThucLuc.Application, Version=1.0.0.0, Culture=neutral, PublicKeyToken=null]]'.
2026-05-06 11:20:02.694 +07:00 [INF] Executed action ThucLuc.Api.Controllers.V1.DonViController.GetById (ThucLuc.Api) in 50.8404ms
2026-05-06 11:20:02.696 +07:00 [INF] Executed endpoint 'ThucLuc.Api.Controllers.V1.DonViController.GetById (ThucLuc.Api)'
2026-05-06 11:20:02.696 +07:00 [INF] HTTP GET /api/v1/don-vi/2001 => 200 in 69.7107 ms CorrelationId=048ee83ac8e14a61b7f8b93f715ef6f6 UserId=5001
2026-05-06 11:20:02.698 +07:00 [INF] HTTP GET /api/v1/don-vi/2001 responded 200 in 71.5842 ms
2026-05-06 11:20:02.700 +07:00 [INF] Request finished HTTP/1.1 GET http://localhost:5283/api/v1/don-vi/2001 - 200 null application/json; charset=utf-8 78.4052ms
2026-05-06 11:20:08.028 +07:00 [INF] Request starting HTTP/1.1 OPTIONS http://localhost:5283/api/v1/don-vi/2001 - null null
2026-05-06 11:20:08.030 +07:00 [INF] Request starting HTTP/1.1 OPTIONS http://localhost:5283/api/v1/ha-tang-mang?donViId=2001 - null null
2026-05-06 11:20:08.030 +07:00 [INF] Request starting HTTP/1.1 OPTIONS http://localhost:5283/api/v1/don-vi/2001 - null null
2026-05-06 11:20:08.031 +07:00 [INF] CORS policy execution successful.
2026-05-06 11:20:08.035 +07:00 [INF] CORS policy execution successful.
2026-05-06 11:20:08.038 +07:00 [INF] CORS policy execution successful.
2026-05-06 11:20:08.039 +07:00 [INF] HTTP OPTIONS /api/v1/don-vi/2001 => 204 in 7.741 ms CorrelationId=f4f6066684a8443390379a7974fb7123 UserId=anonymous
2026-05-06 11:20:08.040 +07:00 [INF] HTTP OPTIONS /api/v1/ha-tang-mang => 204 in 4.7004 ms CorrelationId=3871118e5d2441eaa98790944e76ec80 UserId=anonymous
2026-05-06 11:20:08.041 +07:00 [INF] HTTP OPTIONS /api/v1/don-vi/2001 => 204 in 3.2525 ms CorrelationId=69bf263222644e089133e1baf6cbfb95 UserId=anonymous
2026-05-06 11:20:08.045 +07:00 [INF] HTTP OPTIONS /api/v1/don-vi/2001 responded 204 in 13.8852 ms
2026-05-06 11:20:08.049 +07:00 [INF] HTTP OPTIONS /api/v1/ha-tang-mang responded 204 in 13.3806 ms
2026-05-06 11:20:08.052 +07:00 [INF] HTTP OPTIONS /api/v1/don-vi/2001 responded 204 in 14.3323 ms
2026-05-06 11:20:08.055 +07:00 [INF] Request finished HTTP/1.1 OPTIONS http://localhost:5283/api/v1/don-vi/2001 - 204 null null 26.583ms
2026-05-06 11:20:08.057 +07:00 [INF] Request finished HTTP/1.1 OPTIONS http://localhost:5283/api/v1/ha-tang-mang?donViId=2001 - 204 null null 27.42ms
2026-05-06 11:20:08.059 +07:00 [INF] Request finished HTTP/1.1 OPTIONS http://localhost:5283/api/v1/don-vi/2001 - 204 null null 28.8284ms
2026-05-06 11:20:08.062 +07:00 [INF] Request starting HTTP/1.1 GET http://localhost:5283/api/v1/don-vi/2001 - null null
2026-05-06 11:20:08.064 +07:00 [INF] Request starting HTTP/1.1 GET http://localhost:5283/api/v1/ha-tang-mang?donViId=2001 - null null
2026-05-06 11:20:08.068 +07:00 [INF] CORS policy execution successful.
2026-05-06 11:20:08.071 +07:00 [INF] CORS policy execution successful.
2026-05-06 11:20:08.072 +07:00 [INF] Executing endpoint 'ThucLuc.Api.Controllers.V1.DonViController.GetById (ThucLuc.Api)'
2026-05-06 11:20:08.073 +07:00 [INF] Executing endpoint 'ThucLuc.Api.Controllers.V1.HaTangMangController.GetAll (ThucLuc.Api)'
2026-05-06 11:20:08.074 +07:00 [INF] Route matched with {action = "GetById", controller = "DonVi"}. Executing controller action with signature System.Threading.Tasks.Task`1[Microsoft.AspNetCore.Mvc.ActionResult`1[ThucLuc.Api.Common.Models.ApiResponse`1[ThucLuc.Application.Features.DonVi.DonViDto]]] GetById(Int64, System.Threading.CancellationToken) on controller ThucLuc.Api.Controllers.V1.DonViController (ThucLuc.Api).
2026-05-06 11:20:08.075 +07:00 [INF] Route matched with {action = "GetAll", controller = "HaTangMang"}. Executing controller action with signature System.Threading.Tasks.Task`1[Microsoft.AspNetCore.Mvc.ActionResult`1[ThucLuc.Api.Common.Models.ApiResponse`1[System.Collections.Generic.IReadOnlyCollection`1[ThucLuc.Application.Features.HaTangMang.HaTangMangDto]]]] GetAll(System.Threading.CancellationToken) on controller ThucLuc.Api.Controllers.V1.HaTangMangController (ThucLuc.Api).
2026-05-06 11:20:08.080 +07:00 [INF] Executing OkObjectResult, writing value of type 'ThucLuc.Api.Common.Models.ApiResponse`1[[System.Collections.Generic.IReadOnlyCollection`1[[ThucLuc.Application.Features.HaTangMang.HaTangMangDto, ThucLuc.Application, Version=1.0.0.0, Culture=neutral, PublicKeyToken=null]], System.Private.CoreLib, Version=8.0.0.0, Culture=neutral, PublicKeyToken=7cec85d7bea7798e]]'.
2026-05-06 11:20:08.081 +07:00 [INF] Executed action ThucLuc.Api.Controllers.V1.HaTangMangController.GetAll (ThucLuc.Api) in 3.3525ms
2026-05-06 11:20:08.082 +07:00 [INF] Executed endpoint 'ThucLuc.Api.Controllers.V1.HaTangMangController.GetAll (ThucLuc.Api)'
2026-05-06 11:20:08.084 +07:00 [INF] HTTP GET /api/v1/ha-tang-mang => 200 in 12.8813 ms CorrelationId=1756fb8be198498a83fc9f503f4b43f3 UserId=5001
2026-05-06 11:20:08.086 +07:00 [INF] HTTP GET /api/v1/ha-tang-mang responded 200 in 15.1151 ms
2026-05-06 11:20:08.087 +07:00 [INF] Request finished HTTP/1.1 GET http://localhost:5283/api/v1/ha-tang-mang?donViId=2001 - 200 null application/json; charset=utf-8 23.574ms
2026-05-06 11:20:08.123 +07:00 [INF] Executing OkObjectResult, writing value of type 'ThucLuc.Api.Common.Models.ApiResponse`1[[ThucLuc.Application.Features.DonVi.DonViDto, ThucLuc.Application, Version=1.0.0.0, Culture=neutral, PublicKeyToken=null]]'.
2026-05-06 11:20:08.125 +07:00 [INF] Executed action ThucLuc.Api.Controllers.V1.DonViController.GetById (ThucLuc.Api) in 48.8907ms
2026-05-06 11:20:08.126 +07:00 [INF] Request starting HTTP/1.1 GET http://localhost:5283/api/v1/don-vi/2001 - null null
2026-05-06 11:20:08.126 +07:00 [INF] Executed endpoint 'ThucLuc.Api.Controllers.V1.DonViController.GetById (ThucLuc.Api)'
2026-05-06 11:20:08.129 +07:00 [INF] CORS policy execution successful.
2026-05-06 11:20:08.129 +07:00 [INF] HTTP GET /api/v1/don-vi/2001 => 200 in 61.0344 ms CorrelationId=1b3d2e1f05fa4ff1b4b66b64638b0cc5 UserId=5001
2026-05-06 11:20:08.130 +07:00 [INF] Executing endpoint 'ThucLuc.Api.Controllers.V1.DonViController.GetById (ThucLuc.Api)'
2026-05-06 11:20:08.132 +07:00 [INF] HTTP GET /api/v1/don-vi/2001 responded 200 in 63.4809 ms
2026-05-06 11:20:08.133 +07:00 [INF] Route matched with {action = "GetById", controller = "DonVi"}. Executing controller action with signature System.Threading.Tasks.Task`1[Microsoft.AspNetCore.Mvc.ActionResult`1[ThucLuc.Api.Common.Models.ApiResponse`1[ThucLuc.Application.Features.DonVi.DonViDto]]] GetById(Int64, System.Threading.CancellationToken) on controller ThucLuc.Api.Controllers.V1.DonViController (ThucLuc.Api).
2026-05-06 11:20:08.134 +07:00 [INF] Request finished HTTP/1.1 GET http://localhost:5283/api/v1/don-vi/2001 - 200 null application/json; charset=utf-8 72.5727ms
2026-05-06 11:20:08.139 +07:00 [INF] Executing OkObjectResult, writing value of type 'ThucLuc.Api.Common.Models.ApiResponse`1[[ThucLuc.Application.Features.DonVi.DonViDto, ThucLuc.Application, Version=1.0.0.0, Culture=neutral, PublicKeyToken=null]]'.
2026-05-06 11:20:08.141 +07:00 [INF] Executed action ThucLuc.Api.Controllers.V1.DonViController.GetById (ThucLuc.Api) in 5.3218ms
2026-05-06 11:20:08.143 +07:00 [INF] Executed endpoint 'ThucLuc.Api.Controllers.V1.DonViController.GetById (ThucLuc.Api)'
2026-05-06 11:20:08.144 +07:00 [INF] HTTP GET /api/v1/don-vi/2001 => 200 in 15.6812 ms CorrelationId=f0e5c4d8082940bbbf6cf9f2587f92bd UserId=5001
2026-05-06 11:20:08.146 +07:00 [INF] HTTP GET /api/v1/don-vi/2001 responded 200 in 17.7816 ms
2026-05-06 11:20:08.148 +07:00 [INF] Request finished HTTP/1.1 GET http://localhost:5283/api/v1/don-vi/2001 - 200 null application/json; charset=utf-8 22.3316ms
2026-05-06 11:20:16.295 +07:00 [INF] Request starting HTTP/1.1 OPTIONS http://localhost:5283/api/v1/don-vi/2001 - null null
2026-05-06 11:20:16.298 +07:00 [INF] Request starting HTTP/1.1 OPTIONS http://localhost:5283/api/v1/ha-tang-mang?donViId=2001 - null null
2026-05-06 11:20:16.298 +07:00 [INF] Request starting HTTP/1.1 OPTIONS http://localhost:5283/api/v1/don-vi/2001 - null null
2026-05-06 11:20:16.298 +07:00 [INF] CORS policy execution successful.
2026-05-06 11:20:16.300 +07:00 [INF] CORS policy execution successful.
2026-05-06 11:20:16.303 +07:00 [INF] CORS policy execution successful.
2026-05-06 11:20:16.304 +07:00 [INF] HTTP OPTIONS /api/v1/don-vi/2001 => 204 in 5.7045 ms CorrelationId=0e0b6e47169d4a1f9525f9383999d909 UserId=anonymous
2026-05-06 11:20:16.304 +07:00 [INF] HTTP OPTIONS /api/v1/ha-tang-mang => 204 in 3.9838 ms CorrelationId=b651a0d4d26149f694f05fc7d6f97161 UserId=anonymous
2026-05-06 11:20:16.305 +07:00 [INF] HTTP OPTIONS /api/v1/don-vi/2001 => 204 in 2.4901 ms CorrelationId=d2453a7c55464bc98ef765c5e13db24f UserId=anonymous
2026-05-06 11:20:16.307 +07:00 [INF] HTTP OPTIONS /api/v1/don-vi/2001 responded 204 in 9.5599 ms
2026-05-06 11:20:16.310 +07:00 [INF] HTTP OPTIONS /api/v1/ha-tang-mang responded 204 in 9.3956 ms
2026-05-06 11:20:16.312 +07:00 [INF] HTTP OPTIONS /api/v1/don-vi/2001 responded 204 in 9.2355 ms
2026-05-06 11:20:16.314 +07:00 [INF] Request finished HTTP/1.1 OPTIONS http://localhost:5283/api/v1/don-vi/2001 - 204 null null 18.9735ms
2026-05-06 11:20:16.317 +07:00 [INF] Request finished HTTP/1.1 OPTIONS http://localhost:5283/api/v1/ha-tang-mang?donViId=2001 - 204 null null 19.6235ms
2026-05-06 11:20:16.319 +07:00 [INF] Request finished HTTP/1.1 OPTIONS http://localhost:5283/api/v1/don-vi/2001 - 204 null null 21.4472ms
2026-05-06 11:20:16.322 +07:00 [INF] Request starting HTTP/1.1 GET http://localhost:5283/api/v1/don-vi/2001 - null null
2026-05-06 11:20:16.330 +07:00 [INF] Request starting HTTP/1.1 GET http://localhost:5283/api/v1/ha-tang-mang?donViId=2001 - null null
2026-05-06 11:20:16.332 +07:00 [INF] CORS policy execution successful.
2026-05-06 11:20:16.334 +07:00 [INF] CORS policy execution successful.
2026-05-06 11:20:16.335 +07:00 [INF] Executing endpoint 'ThucLuc.Api.Controllers.V1.DonViController.GetById (ThucLuc.Api)'
2026-05-06 11:20:16.335 +07:00 [INF] Executing endpoint 'ThucLuc.Api.Controllers.V1.HaTangMangController.GetAll (ThucLuc.Api)'
2026-05-06 11:20:16.337 +07:00 [INF] Route matched with {action = "GetById", controller = "DonVi"}. Executing controller action with signature System.Threading.Tasks.Task`1[Microsoft.AspNetCore.Mvc.ActionResult`1[ThucLuc.Api.Common.Models.ApiResponse`1[ThucLuc.Application.Features.DonVi.DonViDto]]] GetById(Int64, System.Threading.CancellationToken) on controller ThucLuc.Api.Controllers.V1.DonViController (ThucLuc.Api).
2026-05-06 11:20:16.337 +07:00 [INF] Route matched with {action = "GetAll", controller = "HaTangMang"}. Executing controller action with signature System.Threading.Tasks.Task`1[Microsoft.AspNetCore.Mvc.ActionResult`1[ThucLuc.Api.Common.Models.ApiResponse`1[System.Collections.Generic.IReadOnlyCollection`1[ThucLuc.Application.Features.HaTangMang.HaTangMangDto]]]] GetAll(System.Threading.CancellationToken) on controller ThucLuc.Api.Controllers.V1.HaTangMangController (ThucLuc.Api).
2026-05-06 11:20:16.343 +07:00 [INF] Executing OkObjectResult, writing value of type 'ThucLuc.Api.Common.Models.ApiResponse`1[[ThucLuc.Application.Features.DonVi.DonViDto, ThucLuc.Application, Version=1.0.0.0, Culture=neutral, PublicKeyToken=null]]'.
2026-05-06 11:20:16.344 +07:00 [INF] Executing OkObjectResult, writing value of type 'ThucLuc.Api.Common.Models.ApiResponse`1[[System.Collections.Generic.IReadOnlyCollection`1[[ThucLuc.Application.Features.HaTangMang.HaTangMangDto, ThucLuc.Application, Version=1.0.0.0, Culture=neutral, PublicKeyToken=null]], System.Private.CoreLib, Version=8.0.0.0, Culture=neutral, PublicKeyToken=7cec85d7bea7798e]]'.
2026-05-06 11:20:16.344 +07:00 [INF] Executed action ThucLuc.Api.Controllers.V1.DonViController.GetById (ThucLuc.Api) in 4.6914ms
2026-05-06 11:20:16.345 +07:00 [INF] Executed action ThucLuc.Api.Controllers.V1.HaTangMangController.GetAll (ThucLuc.Api) in 3.5087ms
2026-05-06 11:20:16.346 +07:00 [INF] Request starting HTTP/1.1 GET http://localhost:5283/api/v1/don-vi/2001 - null null
2026-05-06 11:20:16.347 +07:00 [INF] Executed endpoint 'ThucLuc.Api.Controllers.V1.DonViController.GetById (ThucLuc.Api)'
2026-05-06 11:20:16.348 +07:00 [INF] Executed endpoint 'ThucLuc.Api.Controllers.V1.HaTangMangController.GetAll (ThucLuc.Api)'
2026-05-06 11:20:16.350 +07:00 [INF] CORS policy execution successful.
2026-05-06 11:20:16.351 +07:00 [INF] HTTP GET /api/v1/don-vi/2001 => 200 in 19.1593 ms CorrelationId=b68d3efe139f4cb19a0de136681841a4 UserId=5001
2026-05-06 11:20:16.352 +07:00 [INF] HTTP GET /api/v1/ha-tang-mang => 200 in 18.0171 ms CorrelationId=f07460b6d7944da3b548398b8fab8cfc UserId=5001
2026-05-06 11:20:16.353 +07:00 [INF] Executing endpoint 'ThucLuc.Api.Controllers.V1.DonViController.GetById (ThucLuc.Api)'
2026-05-06 11:20:16.355 +07:00 [INF] HTTP GET /api/v1/don-vi/2001 responded 200 in 22.7001 ms
2026-05-06 11:20:16.357 +07:00 [INF] HTTP GET /api/v1/ha-tang-mang responded 200 in 23.2647 ms
2026-05-06 11:20:16.358 +07:00 [INF] Route matched with {action = "GetById", controller = "DonVi"}. Executing controller action with signature System.Threading.Tasks.Task`1[Microsoft.AspNetCore.Mvc.ActionResult`1[ThucLuc.Api.Common.Models.ApiResponse`1[ThucLuc.Application.Features.DonVi.DonViDto]]] GetById(Int64, System.Threading.CancellationToken) on controller ThucLuc.Api.Controllers.V1.DonViController (ThucLuc.Api).
2026-05-06 11:20:16.360 +07:00 [INF] Request finished HTTP/1.1 GET http://localhost:5283/api/v1/don-vi/2001 - 200 null application/json; charset=utf-8 38.002ms
2026-05-06 11:20:16.362 +07:00 [INF] Request finished HTTP/1.1 GET http://localhost:5283/api/v1/ha-tang-mang?donViId=2001 - 200 null application/json; charset=utf-8 32.5313ms
2026-05-06 11:20:16.367 +07:00 [INF] Executing OkObjectResult, writing value of type 'ThucLuc.Api.Common.Models.ApiResponse`1[[ThucLuc.Application.Features.DonVi.DonViDto, ThucLuc.Application, Version=1.0.0.0, Culture=neutral, PublicKeyToken=null]]'.
2026-05-06 11:20:16.372 +07:00 [INF] Executed action ThucLuc.Api.Controllers.V1.DonViController.GetById (ThucLuc.Api) in 7.8615ms
2026-05-06 11:20:16.374 +07:00 [INF] Executed endpoint 'ThucLuc.Api.Controllers.V1.DonViController.GetById (ThucLuc.Api)'
2026-05-06 11:20:16.375 +07:00 [INF] HTTP GET /api/v1/don-vi/2001 => 200 in 25.1605 ms CorrelationId=900a6868f31f4a0ba151fb503bf4e793 UserId=5001
2026-05-06 11:20:16.377 +07:00 [INF] HTTP GET /api/v1/don-vi/2001 responded 200 in 27.4265 ms
2026-05-06 11:20:16.380 +07:00 [INF] Request finished HTTP/1.1 GET http://localhost:5283/api/v1/don-vi/2001 - 200 null application/json; charset=utf-8 34.6548ms
2026-05-06 11:20:34.385 +07:00 [INF] Request starting HTTP/1.1 OPTIONS http://localhost:5283/api/v1/don-vi/2001 - null null
2026-05-06 11:20:34.387 +07:00 [INF] Request starting HTTP/1.1 OPTIONS http://localhost:5283/api/v1/ha-tang-mang?donViId=2001 - null null
2026-05-06 11:20:34.387 +07:00 [INF] Request starting HTTP/1.1 OPTIONS http://localhost:5283/api/v1/don-vi/2001 - null null
2026-05-06 11:20:34.388 +07:00 [INF] CORS policy execution successful.
2026-05-06 11:20:34.391 +07:00 [INF] CORS policy execution successful.
2026-05-06 11:20:34.394 +07:00 [INF] CORS policy execution successful.
2026-05-06 11:20:34.394 +07:00 [INF] HTTP OPTIONS /api/v1/don-vi/2001 => 204 in 5.719 ms CorrelationId=b0c3f8239c5346e3a55edaed3f8b4b98 UserId=anonymous
2026-05-06 11:20:34.395 +07:00 [INF] HTTP OPTIONS /api/v1/ha-tang-mang => 204 in 4.1835 ms CorrelationId=82242a9dc8f8434bb738d20a8000992e UserId=anonymous
2026-05-06 11:20:34.396 +07:00 [INF] HTTP OPTIONS /api/v1/don-vi/2001 => 204 in 2.0644 ms CorrelationId=406e004dd6ea4808932d9829916166d7 UserId=anonymous
2026-05-06 11:20:34.398 +07:00 [INF] HTTP OPTIONS /api/v1/don-vi/2001 responded 204 in 9.8533 ms
2026-05-06 11:20:34.401 +07:00 [INF] HTTP OPTIONS /api/v1/ha-tang-mang responded 204 in 9.9153 ms
2026-05-06 11:20:34.403 +07:00 [INF] HTTP OPTIONS /api/v1/don-vi/2001 responded 204 in 9.8266 ms
2026-05-06 11:20:34.406 +07:00 [INF] Request finished HTTP/1.1 OPTIONS http://localhost:5283/api/v1/don-vi/2001 - 204 null null 20.3588ms
2026-05-06 11:20:34.408 +07:00 [INF] Request finished HTTP/1.1 OPTIONS http://localhost:5283/api/v1/ha-tang-mang?donViId=2001 - 204 null null 20.7685ms
2026-05-06 11:20:34.410 +07:00 [INF] Request finished HTTP/1.1 OPTIONS http://localhost:5283/api/v1/don-vi/2001 - 204 null null 22.325ms
2026-05-06 11:20:34.414 +07:00 [INF] Request starting HTTP/1.1 GET http://localhost:5283/api/v1/don-vi/2001 - null null
2026-05-06 11:20:34.417 +07:00 [INF] Request starting HTTP/1.1 GET http://localhost:5283/api/v1/ha-tang-mang?donViId=2001 - null null
2026-05-06 11:20:34.423 +07:00 [INF] CORS policy execution successful.
2026-05-06 11:20:34.424 +07:00 [INF] CORS policy execution successful.
2026-05-06 11:20:34.425 +07:00 [INF] Executing endpoint 'ThucLuc.Api.Controllers.V1.DonViController.GetById (ThucLuc.Api)'
2026-05-06 11:20:34.426 +07:00 [INF] Executing endpoint 'ThucLuc.Api.Controllers.V1.HaTangMangController.GetAll (ThucLuc.Api)'
2026-05-06 11:20:34.427 +07:00 [INF] Route matched with {action = "GetById", controller = "DonVi"}. Executing controller action with signature System.Threading.Tasks.Task`1[Microsoft.AspNetCore.Mvc.ActionResult`1[ThucLuc.Api.Common.Models.ApiResponse`1[ThucLuc.Application.Features.DonVi.DonViDto]]] GetById(Int64, System.Threading.CancellationToken) on controller ThucLuc.Api.Controllers.V1.DonViController (ThucLuc.Api).
2026-05-06 11:20:34.428 +07:00 [INF] Route matched with {action = "GetAll", controller = "HaTangMang"}. Executing controller action with signature System.Threading.Tasks.Task`1[Microsoft.AspNetCore.Mvc.ActionResult`1[ThucLuc.Api.Common.Models.ApiResponse`1[System.Collections.Generic.IReadOnlyCollection`1[ThucLuc.Application.Features.HaTangMang.HaTangMangDto]]]] GetAll(System.Threading.CancellationToken) on controller ThucLuc.Api.Controllers.V1.HaTangMangController (ThucLuc.Api).
2026-05-06 11:20:34.432 +07:00 [INF] Executing OkObjectResult, writing value of type 'ThucLuc.Api.Common.Models.ApiResponse`1[[System.Collections.Generic.IReadOnlyCollection`1[[ThucLuc.Application.Features.HaTangMang.HaTangMangDto, ThucLuc.Application, Version=1.0.0.0, Culture=neutral, PublicKeyToken=null]], System.Private.CoreLib, Version=8.0.0.0, Culture=neutral, PublicKeyToken=7cec85d7bea7798e]]'.
2026-05-06 11:20:34.433 +07:00 [INF] Executed action ThucLuc.Api.Controllers.V1.HaTangMangController.GetAll (ThucLuc.Api) in 2.2859ms
2026-05-06 11:20:34.434 +07:00 [INF] Executed endpoint 'ThucLuc.Api.Controllers.V1.HaTangMangController.GetAll (ThucLuc.Api)'
2026-05-06 11:20:34.435 +07:00 [INF] HTTP GET /api/v1/ha-tang-mang => 200 in 10.4431 ms CorrelationId=b82639d67694444389d93142f73bdb28 UserId=5001
2026-05-06 11:20:34.437 +07:00 [INF] HTTP GET /api/v1/ha-tang-mang responded 200 in 12.2956 ms
2026-05-06 11:20:34.439 +07:00 [INF] Request finished HTTP/1.1 GET http://localhost:5283/api/v1/ha-tang-mang?donViId=2001 - 200 null application/json; charset=utf-8 22.2331ms
2026-05-06 11:20:34.473 +07:00 [INF] Executing OkObjectResult, writing value of type 'ThucLuc.Api.Common.Models.ApiResponse`1[[ThucLuc.Application.Features.DonVi.DonViDto, ThucLuc.Application, Version=1.0.0.0, Culture=neutral, PublicKeyToken=null]]'.
2026-05-06 11:20:34.475 +07:00 [INF] Executed action ThucLuc.Api.Controllers.V1.DonViController.GetById (ThucLuc.Api) in 45.4725ms
2026-05-06 11:20:34.476 +07:00 [INF] Request starting HTTP/1.1 GET http://localhost:5283/api/v1/don-vi/2001 - null null
2026-05-06 11:20:34.476 +07:00 [INF] Executed endpoint 'ThucLuc.Api.Controllers.V1.DonViController.GetById (ThucLuc.Api)'
2026-05-06 11:20:34.480 +07:00 [INF] CORS policy execution successful.
2026-05-06 11:20:34.481 +07:00 [INF] HTTP GET /api/v1/don-vi/2001 => 200 in 58.4712 ms CorrelationId=2b35b43f9e4d4954bad7c0b271cea351 UserId=5001
2026-05-06 11:20:34.482 +07:00 [INF] Executing endpoint 'ThucLuc.Api.Controllers.V1.DonViController.GetById (ThucLuc.Api)'
2026-05-06 11:20:34.485 +07:00 [INF] HTTP GET /api/v1/don-vi/2001 responded 200 in 62.2158 ms
2026-05-06 11:20:34.486 +07:00 [INF] Route matched with {action = "GetById", controller = "DonVi"}. Executing controller action with signature System.Threading.Tasks.Task`1[Microsoft.AspNetCore.Mvc.ActionResult`1[ThucLuc.Api.Common.Models.ApiResponse`1[ThucLuc.Application.Features.DonVi.DonViDto]]] GetById(Int64, System.Threading.CancellationToken) on controller ThucLuc.Api.Controllers.V1.DonViController (ThucLuc.Api).
2026-05-06 11:20:34.489 +07:00 [INF] Request finished HTTP/1.1 GET http://localhost:5283/api/v1/don-vi/2001 - 200 null application/json; charset=utf-8 74.9688ms
2026-05-06 11:20:34.493 +07:00 [INF] Executing OkObjectResult, writing value of type 'ThucLuc.Api.Common.Models.ApiResponse`1[[ThucLuc.Application.Features.DonVi.DonViDto, ThucLuc.Application, Version=1.0.0.0, Culture=neutral, PublicKeyToken=null]]'.
2026-05-06 11:20:34.496 +07:00 [INF] Executed action ThucLuc.Api.Controllers.V1.DonViController.GetById (ThucLuc.Api) in 5.6946ms
2026-05-06 11:20:34.498 +07:00 [INF] Executed endpoint 'ThucLuc.Api.Controllers.V1.DonViController.GetById (ThucLuc.Api)'
2026-05-06 11:20:34.498 +07:00 [INF] HTTP GET /api/v1/don-vi/2001 => 200 in 18.6674 ms CorrelationId=e37b9cadd79147e8ad185877b78af278 UserId=5001
2026-05-06 11:20:34.500 +07:00 [INF] HTTP GET /api/v1/don-vi/2001 responded 200 in 20.4274 ms
2026-05-06 11:20:34.502 +07:00 [INF] Request finished HTTP/1.1 GET http://localhost:5283/api/v1/don-vi/2001 - 200 null application/json; charset=utf-8 26.273ms
2026-05-06 11:20:44.132 +07:00 [INF] Request starting HTTP/1.1 OPTIONS http://localhost:5283/api/v1/ha-tang-mang/matrix - null null
2026-05-06 11:20:44.138 +07:00 [INF] CORS policy execution successful.
2026-05-06 11:20:44.139 +07:00 [INF] HTTP OPTIONS /api/v1/ha-tang-mang/matrix => 204 in 1.5303 ms CorrelationId=123b582a5b8643278087c815280c74b3 UserId=anonymous
2026-05-06 11:20:44.142 +07:00 [INF] HTTP OPTIONS /api/v1/ha-tang-mang/matrix responded 204 in 4.7585 ms
2026-05-06 11:20:44.145 +07:00 [INF] Request finished HTTP/1.1 OPTIONS http://localhost:5283/api/v1/ha-tang-mang/matrix - 204 null null 12.5771ms
2026-05-06 11:20:44.149 +07:00 [INF] Request starting HTTP/1.1 PUT http://localhost:5283/api/v1/ha-tang-mang/matrix - application/json 183
2026-05-06 11:20:44.151 +07:00 [INF] CORS policy execution successful.
2026-05-06 11:20:44.152 +07:00 [INF] HTTP PUT /api/v1/ha-tang-mang/matrix => 404 in 1.1356 ms CorrelationId=3c50e3ffaf3a4f1d92033e0eb21f2b2f UserId=5001
2026-05-06 11:20:44.155 +07:00 [INF] HTTP PUT /api/v1/ha-tang-mang/matrix responded 404 in 3.6479 ms
2026-05-06 11:20:44.157 +07:00 [INF] Request finished HTTP/1.1 PUT http://localhost:5283/api/v1/ha-tang-mang/matrix - 404 0 null 8.1694ms
2026-05-06 11:20:44.161 +07:00 [INF] Request reached the end of the middleware pipeline without being handled by application code. Request path: PUT http://localhost:5283/api/v1/ha-tang-mang/matrix, Response status code: 404
2026-05-06 11:21:54.229 +07:00 [INF] Request starting HTTP/1.1 OPTIONS http://localhost:5283/api/v1/don-vi/2001 - null null
2026-05-06 11:21:54.231 +07:00 [INF] CORS policy execution successful.
2026-05-06 11:21:54.231 +07:00 [INF] HTTP OPTIONS /api/v1/don-vi/2001 => 204 in 0.5454 ms CorrelationId=03855a19065f4875b601263556bbef6d UserId=anonymous
2026-05-06 11:21:54.233 +07:00 [INF] HTTP OPTIONS /api/v1/don-vi/2001 responded 204 in 2.1759 ms
2026-05-06 11:21:54.233 +07:00 [INF] Request starting HTTP/1.1 OPTIONS http://localhost:5283/api/v1/ha-tang-mang?donViId=2001 - null null
2026-05-06 11:21:54.233 +07:00 [INF] Request starting HTTP/1.1 OPTIONS http://localhost:5283/api/v1/don-vi/2001 - null null
2026-05-06 11:21:54.235 +07:00 [INF] Request finished HTTP/1.1 OPTIONS http://localhost:5283/api/v1/don-vi/2001 - 204 null null 6.1297ms
2026-05-06 11:21:54.237 +07:00 [INF] CORS policy execution successful.
2026-05-06 11:21:54.239 +07:00 [INF] CORS policy execution successful.
2026-05-06 11:21:54.242 +07:00 [INF] Request starting HTTP/1.1 GET http://localhost:5283/api/v1/don-vi/2001 - null null
2026-05-06 11:21:54.243 +07:00 [INF] HTTP OPTIONS /api/v1/ha-tang-mang => 204 in 5.2637 ms CorrelationId=95bb9b1297034bad85284f9b3f4d5382 UserId=anonymous
2026-05-06 11:21:54.243 +07:00 [INF] HTTP OPTIONS /api/v1/don-vi/2001 => 204 in 3.694 ms CorrelationId=c07cb3b2b7dd4898a0184bddf104e7ab UserId=anonymous
2026-05-06 11:21:54.246 +07:00 [INF] CORS policy execution successful.
2026-05-06 11:21:54.248 +07:00 [INF] HTTP OPTIONS /api/v1/ha-tang-mang responded 204 in 10.3363 ms
2026-05-06 11:21:54.250 +07:00 [INF] HTTP OPTIONS /api/v1/don-vi/2001 responded 204 in 10.4123 ms
2026-05-06 11:21:54.251 +07:00 [INF] Executing endpoint 'ThucLuc.Api.Controllers.V1.DonViController.GetById (ThucLuc.Api)'
2026-05-06 11:21:54.253 +07:00 [INF] Request finished HTTP/1.1 OPTIONS http://localhost:5283/api/v1/ha-tang-mang?donViId=2001 - 204 null null 19.5951ms
2026-05-06 11:21:54.255 +07:00 [INF] Request finished HTTP/1.1 OPTIONS http://localhost:5283/api/v1/don-vi/2001 - 204 null null 21.1029ms
2026-05-06 11:21:54.256 +07:00 [INF] Route matched with {action = "GetById", controller = "DonVi"}. Executing controller action with signature System.Threading.Tasks.Task`1[Microsoft.AspNetCore.Mvc.ActionResult`1[ThucLuc.Api.Common.Models.ApiResponse`1[ThucLuc.Application.Features.DonVi.DonViDto]]] GetById(Int64, System.Threading.CancellationToken) on controller ThucLuc.Api.Controllers.V1.DonViController (ThucLuc.Api).
2026-05-06 11:21:54.259 +07:00 [INF] Request starting HTTP/1.1 GET http://localhost:5283/api/v1/ha-tang-mang?donViId=2001 - null null
2026-05-06 11:21:54.267 +07:00 [INF] CORS policy execution successful.
2026-05-06 11:21:54.269 +07:00 [INF] Executing endpoint 'ThucLuc.Api.Controllers.V1.HaTangMangController.GetAll (ThucLuc.Api)'
2026-05-06 11:21:54.270 +07:00 [INF] Route matched with {action = "GetAll", controller = "HaTangMang"}. Executing controller action with signature System.Threading.Tasks.Task`1[Microsoft.AspNetCore.Mvc.ActionResult`1[ThucLuc.Api.Common.Models.ApiResponse`1[System.Collections.Generic.IReadOnlyCollection`1[ThucLuc.Application.Features.HaTangMang.HaTangMangDto]]]] GetAll(System.Threading.CancellationToken) on controller ThucLuc.Api.Controllers.V1.HaTangMangController (ThucLuc.Api).
2026-05-06 11:21:54.308 +07:00 [INF] Executing OkObjectResult, writing value of type 'ThucLuc.Api.Common.Models.ApiResponse`1[[ThucLuc.Application.Features.DonVi.DonViDto, ThucLuc.Application, Version=1.0.0.0, Culture=neutral, PublicKeyToken=null]]'.
2026-05-06 11:21:54.310 +07:00 [INF] Executed action ThucLuc.Api.Controllers.V1.DonViController.GetById (ThucLuc.Api) in 45.436ms
2026-05-06 11:21:54.310 +07:00 [INF] Request starting HTTP/1.1 GET http://localhost:5283/api/v1/don-vi/2001 - null null
2026-05-06 11:21:54.311 +07:00 [INF] Executed endpoint 'ThucLuc.Api.Controllers.V1.DonViController.GetById (ThucLuc.Api)'
2026-05-06 11:21:54.313 +07:00 [INF] CORS policy execution successful.
2026-05-06 11:21:54.314 +07:00 [INF] HTTP GET /api/v1/don-vi/2001 => 200 in 68.7618 ms CorrelationId=96bc5e9bb31546809769cefad563a8a7 UserId=5001
2026-05-06 11:21:54.315 +07:00 [INF] Executing OkObjectResult, writing value of type 'ThucLuc.Api.Common.Models.ApiResponse`1[[System.Collections.Generic.IReadOnlyCollection`1[[ThucLuc.Application.Features.HaTangMang.HaTangMangDto, ThucLuc.Application, Version=1.0.0.0, Culture=neutral, PublicKeyToken=null]], System.Private.CoreLib, Version=8.0.0.0, Culture=neutral, PublicKeyToken=7cec85d7bea7798e]]'.
2026-05-06 11:21:54.315 +07:00 [INF] Executing endpoint 'ThucLuc.Api.Controllers.V1.DonViController.GetById (ThucLuc.Api)'
2026-05-06 11:21:54.317 +07:00 [INF] HTTP GET /api/v1/don-vi/2001 responded 200 in 71.6486 ms
2026-05-06 11:21:54.319 +07:00 [INF] Executed action ThucLuc.Api.Controllers.V1.HaTangMangController.GetAll (ThucLuc.Api) in 46.8429ms
2026-05-06 11:21:54.320 +07:00 [INF] Route matched with {action = "GetById", controller = "DonVi"}. Executing controller action with signature System.Threading.Tasks.Task`1[Microsoft.AspNetCore.Mvc.ActionResult`1[ThucLuc.Api.Common.Models.ApiResponse`1[ThucLuc.Application.Features.DonVi.DonViDto]]] GetById(Int64, System.Threading.CancellationToken) on controller ThucLuc.Api.Controllers.V1.DonViController (ThucLuc.Api).
2026-05-06 11:21:54.322 +07:00 [INF] Request finished HTTP/1.1 GET http://localhost:5283/api/v1/don-vi/2001 - 200 null application/json; charset=utf-8 79.714ms
2026-05-06 11:21:54.323 +07:00 [INF] Executed endpoint 'ThucLuc.Api.Controllers.V1.HaTangMangController.GetAll (ThucLuc.Api)'
2026-05-06 11:21:54.329 +07:00 [INF] HTTP GET /api/v1/ha-tang-mang => 200 in 61.6141 ms CorrelationId=ba31a43ebb454484b1490a68b6389547 UserId=5001
2026-05-06 11:21:54.331 +07:00 [INF] HTTP GET /api/v1/ha-tang-mang responded 200 in 63.8882 ms
2026-05-06 11:21:54.333 +07:00 [INF] Request finished HTTP/1.1 GET http://localhost:5283/api/v1/ha-tang-mang?donViId=2001 - 200 null application/json; charset=utf-8 74.3362ms
2026-05-06 11:21:54.368 +07:00 [INF] Executing OkObjectResult, writing value of type 'ThucLuc.Api.Common.Models.ApiResponse`1[[ThucLuc.Application.Features.DonVi.DonViDto, ThucLuc.Application, Version=1.0.0.0, Culture=neutral, PublicKeyToken=null]]'.
2026-05-06 11:21:54.370 +07:00 [INF] Executed action ThucLuc.Api.Controllers.V1.DonViController.GetById (ThucLuc.Api) in 45.3772ms
2026-05-06 11:21:54.371 +07:00 [INF] Executed endpoint 'ThucLuc.Api.Controllers.V1.DonViController.GetById (ThucLuc.Api)'
2026-05-06 11:21:54.373 +07:00 [INF] HTTP GET /api/v1/don-vi/2001 => 200 in 59.785 ms CorrelationId=6479a55928014aa290ccab6ebacec740 UserId=5001
2026-05-06 11:21:54.375 +07:00 [INF] HTTP GET /api/v1/don-vi/2001 responded 200 in 62.2684 ms
2026-05-06 11:21:54.377 +07:00 [INF] Request finished HTTP/1.1 GET http://localhost:5283/api/v1/don-vi/2001 - 200 null application/json; charset=utf-8 66.9253ms
2026-05-06 11:21:59.456 +07:00 [INF] Request starting HTTP/1.1 OPTIONS http://localhost:5283/api/v1/don-vi/2001 - null null
2026-05-06 11:21:59.459 +07:00 [INF] Request starting HTTP/1.1 OPTIONS http://localhost:5283/api/v1/ha-tang-mang?donViId=2001 - null null
2026-05-06 11:21:59.459 +07:00 [INF] CORS policy execution successful.
2026-05-06 11:21:59.459 +07:00 [INF] Request starting HTTP/1.1 OPTIONS http://localhost:5283/api/v1/don-vi/2001 - null null
2026-05-06 11:21:59.462 +07:00 [INF] CORS policy execution successful.
2026-05-06 11:21:59.462 +07:00 [INF] HTTP OPTIONS /api/v1/don-vi/2001 => 204 in 3.1903 ms CorrelationId=61208ef0fb4c44f8afa3a060e25a1058 UserId=anonymous
2026-05-06 11:21:59.465 +07:00 [INF] CORS policy execution successful.
2026-05-06 11:21:59.466 +07:00 [INF] HTTP OPTIONS /api/v1/ha-tang-mang => 204 in 3.9877 ms CorrelationId=c398ec8cc87e4a4ebe6780cab5315a97 UserId=anonymous
2026-05-06 11:21:59.468 +07:00 [INF] HTTP OPTIONS /api/v1/don-vi/2001 responded 204 in 8.5984 ms
2026-05-06 11:21:59.469 +07:00 [INF] HTTP OPTIONS /api/v1/don-vi/2001 => 204 in 3.7754 ms CorrelationId=d41fcbad6d444f42a33d4953a9bfeb2e UserId=anonymous
2026-05-06 11:21:59.471 +07:00 [INF] HTTP OPTIONS /api/v1/ha-tang-mang responded 204 in 9.4783 ms
2026-05-06 11:21:59.473 +07:00 [INF] Request finished HTTP/1.1 OPTIONS http://localhost:5283/api/v1/don-vi/2001 - 204 null null 16.8577ms
2026-05-06 11:21:59.475 +07:00 [INF] HTTP OPTIONS /api/v1/don-vi/2001 responded 204 in 10.4876 ms
2026-05-06 11:21:59.477 +07:00 [INF] Request finished HTTP/1.1 OPTIONS http://localhost:5283/api/v1/ha-tang-mang?donViId=2001 - 204 null null 17.9818ms
2026-05-06 11:21:59.480 +07:00 [INF] Request starting HTTP/1.1 GET http://localhost:5283/api/v1/don-vi/2001 - null null
2026-05-06 11:21:59.482 +07:00 [INF] Request finished HTTP/1.1 OPTIONS http://localhost:5283/api/v1/don-vi/2001 - 204 null null 22.2306ms
2026-05-06 11:21:59.485 +07:00 [INF] Request starting HTTP/1.1 GET http://localhost:5283/api/v1/ha-tang-mang?donViId=2001 - null null
2026-05-06 11:21:59.488 +07:00 [INF] CORS policy execution successful.
2026-05-06 11:21:59.494 +07:00 [INF] CORS policy execution successful.
2026-05-06 11:21:59.495 +07:00 [INF] Executing endpoint 'ThucLuc.Api.Controllers.V1.DonViController.GetById (ThucLuc.Api)'
2026-05-06 11:21:59.495 +07:00 [INF] Executing endpoint 'ThucLuc.Api.Controllers.V1.HaTangMangController.GetAll (ThucLuc.Api)'
2026-05-06 11:21:59.496 +07:00 [INF] Route matched with {action = "GetById", controller = "DonVi"}. Executing controller action with signature System.Threading.Tasks.Task`1[Microsoft.AspNetCore.Mvc.ActionResult`1[ThucLuc.Api.Common.Models.ApiResponse`1[ThucLuc.Application.Features.DonVi.DonViDto]]] GetById(Int64, System.Threading.CancellationToken) on controller ThucLuc.Api.Controllers.V1.DonViController (ThucLuc.Api).
2026-05-06 11:21:59.497 +07:00 [INF] Route matched with {action = "GetAll", controller = "HaTangMang"}. Executing controller action with signature System.Threading.Tasks.Task`1[Microsoft.AspNetCore.Mvc.ActionResult`1[ThucLuc.Api.Common.Models.ApiResponse`1[System.Collections.Generic.IReadOnlyCollection`1[ThucLuc.Application.Features.HaTangMang.HaTangMangDto]]]] GetAll(System.Threading.CancellationToken) on controller ThucLuc.Api.Controllers.V1.HaTangMangController (ThucLuc.Api).
2026-05-06 11:21:59.543 +07:00 [INF] Executing OkObjectResult, writing value of type 'ThucLuc.Api.Common.Models.ApiResponse`1[[System.Collections.Generic.IReadOnlyCollection`1[[ThucLuc.Application.Features.HaTangMang.HaTangMangDto, ThucLuc.Application, Version=1.0.0.0, Culture=neutral, PublicKeyToken=null]], System.Private.CoreLib, Version=8.0.0.0, Culture=neutral, PublicKeyToken=7cec85d7bea7798e]]'.
2026-05-06 11:21:59.543 +07:00 [INF] Executing OkObjectResult, writing value of type 'ThucLuc.Api.Common.Models.ApiResponse`1[[ThucLuc.Application.Features.DonVi.DonViDto, ThucLuc.Application, Version=1.0.0.0, Culture=neutral, PublicKeyToken=null]]'.
2026-05-06 11:21:59.545 +07:00 [INF] Executed action ThucLuc.Api.Controllers.V1.HaTangMangController.GetAll (ThucLuc.Api) in 44.117ms
2026-05-06 11:21:59.546 +07:00 [INF] Executed action ThucLuc.Api.Controllers.V1.DonViController.GetById (ThucLuc.Api) in 47.4073ms
2026-05-06 11:21:59.547 +07:00 [INF] Request starting HTTP/1.1 GET http://localhost:5283/api/v1/don-vi/2001 - null null
2026-05-06 11:21:59.547 +07:00 [INF] Executed endpoint 'ThucLuc.Api.Controllers.V1.HaTangMangController.GetAll (ThucLuc.Api)'
2026-05-06 11:21:59.548 +07:00 [INF] Executed endpoint 'ThucLuc.Api.Controllers.V1.DonViController.GetById (ThucLuc.Api)'
2026-05-06 11:21:59.551 +07:00 [INF] CORS policy execution successful.
2026-05-06 11:21:59.552 +07:00 [INF] HTTP GET /api/v1/ha-tang-mang => 200 in 58.2129 ms CorrelationId=a482cca8e73b4e73b82ce9f152b35d99 UserId=5001
2026-05-06 11:21:59.553 +07:00 [INF] HTTP GET /api/v1/don-vi/2001 => 200 in 64.9241 ms CorrelationId=c975cf9928254d8b9d6058f95065a4fe UserId=5001
2026-05-06 11:21:59.554 +07:00 [INF] Executing endpoint 'ThucLuc.Api.Controllers.V1.DonViController.GetById (ThucLuc.Api)'
2026-05-06 11:21:59.556 +07:00 [INF] HTTP GET /api/v1/ha-tang-mang responded 200 in 62.5767 ms
2026-05-06 11:21:59.558 +07:00 [INF] HTTP GET /api/v1/don-vi/2001 responded 200 in 70.0051 ms
2026-05-06 11:21:59.559 +07:00 [INF] Route matched with {action = "GetById", controller = "DonVi"}. Executing controller action with signature System.Threading.Tasks.Task`1[Microsoft.AspNetCore.Mvc.ActionResult`1[ThucLuc.Api.Common.Models.ApiResponse`1[ThucLuc.Application.Features.DonVi.DonViDto]]] GetById(Int64, System.Threading.CancellationToken) on controller ThucLuc.Api.Controllers.V1.DonViController (ThucLuc.Api).
2026-05-06 11:21:59.561 +07:00 [INF] Request finished HTTP/1.1 GET http://localhost:5283/api/v1/ha-tang-mang?donViId=2001 - 200 null application/json; charset=utf-8 75.217ms
2026-05-06 11:21:59.562 +07:00 [INF] Request finished HTTP/1.1 GET http://localhost:5283/api/v1/don-vi/2001 - 200 null application/json; charset=utf-8 82.1602ms
2026-05-06 11:21:59.608 +07:00 [INF] Executing OkObjectResult, writing value of type 'ThucLuc.Api.Common.Models.ApiResponse`1[[ThucLuc.Application.Features.DonVi.DonViDto, ThucLuc.Application, Version=1.0.0.0, Culture=neutral, PublicKeyToken=null]]'.
2026-05-06 11:21:59.610 +07:00 [INF] Executed action ThucLuc.Api.Controllers.V1.DonViController.GetById (ThucLuc.Api) in 45.7481ms
2026-05-06 11:21:59.611 +07:00 [INF] Executed endpoint 'ThucLuc.Api.Controllers.V1.DonViController.GetById (ThucLuc.Api)'
2026-05-06 11:21:59.612 +07:00 [INF] HTTP GET /api/v1/don-vi/2001 => 200 in 61.244 ms CorrelationId=1950871b546646d0a0af0f8f832ff081 UserId=5001
2026-05-06 11:21:59.614 +07:00 [INF] HTTP GET /api/v1/don-vi/2001 responded 200 in 63.1293 ms
2026-05-06 11:21:59.615 +07:00 [INF] Request finished HTTP/1.1 GET http://localhost:5283/api/v1/don-vi/2001 - 200 null application/json; charset=utf-8 67.7484ms
2026-05-06 11:22:11.897 +07:00 [INF] Request starting HTTP/1.1 OPTIONS http://localhost:5283/api/v1/don-vi/2001 - null null
2026-05-06 11:22:11.901 +07:00 [INF] CORS policy execution successful.
2026-05-06 11:22:11.902 +07:00 [INF] HTTP OPTIONS /api/v1/don-vi/2001 => 204 in 1.4556 ms CorrelationId=bc791e86f55341fcbbd3e4596149b193 UserId=anonymous
2026-05-06 11:22:11.904 +07:00 [INF] Request starting HTTP/1.1 OPTIONS http://localhost:5283/api/v1/ha-tang-mang?donViId=2001 - null null
2026-05-06 11:22:11.904 +07:00 [INF] Request starting HTTP/1.1 OPTIONS http://localhost:5283/api/v1/don-vi/2001 - null null
2026-05-06 11:22:11.905 +07:00 [INF] HTTP OPTIONS /api/v1/don-vi/2001 responded 204 in 3.9499 ms
2026-05-06 11:22:11.908 +07:00 [INF] CORS policy execution successful.
2026-05-06 11:22:11.912 +07:00 [INF] CORS policy execution successful.
2026-05-06 11:22:11.915 +07:00 [INF] Request finished HTTP/1.1 OPTIONS http://localhost:5283/api/v1/don-vi/2001 - 204 null null 17.6061ms
2026-05-06 11:22:11.916 +07:00 [INF] HTTP OPTIONS /api/v1/ha-tang-mang => 204 in 7.8231 ms CorrelationId=eb5769f555dd4ac8ac4e259d9412bccc UserId=anonymous
2026-05-06 11:22:11.917 +07:00 [INF] HTTP OPTIONS /api/v1/don-vi/2001 => 204 in 4.9131 ms CorrelationId=b264ce869ff04eb69fd6ce1b7f21f79f UserId=anonymous
2026-05-06 11:22:11.921 +07:00 [INF] Request starting HTTP/1.1 GET http://localhost:5283/api/v1/don-vi/2001 - null null
2026-05-06 11:22:11.923 +07:00 [INF] HTTP OPTIONS /api/v1/ha-tang-mang responded 204 in 15.4748 ms
2026-05-06 11:22:11.926 +07:00 [INF] HTTP OPTIONS /api/v1/don-vi/2001 responded 204 in 14.1896 ms
2026-05-06 11:22:11.929 +07:00 [INF] CORS policy execution successful.
2026-05-06 11:22:11.931 +07:00 [INF] Request finished HTTP/1.1 OPTIONS http://localhost:5283/api/v1/ha-tang-mang?donViId=2001 - 204 null null 27.1731ms
2026-05-06 11:22:11.933 +07:00 [INF] Request finished HTTP/1.1 OPTIONS http://localhost:5283/api/v1/don-vi/2001 - 204 null null 29.2291ms
2026-05-06 11:22:11.934 +07:00 [INF] Executing endpoint 'ThucLuc.Api.Controllers.V1.DonViController.GetById (ThucLuc.Api)'
2026-05-06 11:22:11.941 +07:00 [INF] Request starting HTTP/1.1 GET http://localhost:5283/api/v1/ha-tang-mang?donViId=2001 - null null
2026-05-06 11:22:11.942 +07:00 [INF] Route matched with {action = "GetById", controller = "DonVi"}. Executing controller action with signature System.Threading.Tasks.Task`1[Microsoft.AspNetCore.Mvc.ActionResult`1[ThucLuc.Api.Common.Models.ApiResponse`1[ThucLuc.Application.Features.DonVi.DonViDto]]] GetById(Int64, System.Threading.CancellationToken) on controller ThucLuc.Api.Controllers.V1.DonViController (ThucLuc.Api).
2026-05-06 11:22:11.945 +07:00 [INF] CORS policy execution successful.
2026-05-06 11:22:11.948 +07:00 [INF] Executing endpoint 'ThucLuc.Api.Controllers.V1.HaTangMangController.GetAll (ThucLuc.Api)'
2026-05-06 11:22:11.949 +07:00 [INF] Route matched with {action = "GetAll", controller = "HaTangMang"}. Executing controller action with signature System.Threading.Tasks.Task`1[Microsoft.AspNetCore.Mvc.ActionResult`1[ThucLuc.Api.Common.Models.ApiResponse`1[System.Collections.Generic.IReadOnlyCollection`1[ThucLuc.Application.Features.HaTangMang.HaTangMangDto]]]] GetAll(System.Threading.CancellationToken) on controller ThucLuc.Api.Controllers.V1.HaTangMangController (ThucLuc.Api).
2026-05-06 11:22:11.953 +07:00 [INF] Executing OkObjectResult, writing value of type 'ThucLuc.Api.Common.Models.ApiResponse`1[[System.Collections.Generic.IReadOnlyCollection`1[[ThucLuc.Application.Features.HaTangMang.HaTangMangDto, ThucLuc.Application, Version=1.0.0.0, Culture=neutral, PublicKeyToken=null]], System.Private.CoreLib, Version=8.0.0.0, Culture=neutral, PublicKeyToken=7cec85d7bea7798e]]'.
2026-05-06 11:22:11.954 +07:00 [INF] Executed action ThucLuc.Api.Controllers.V1.HaTangMangController.GetAll (ThucLuc.Api) in 4.4303ms
2026-05-06 11:22:11.955 +07:00 [INF] Executed endpoint 'ThucLuc.Api.Controllers.V1.HaTangMangController.GetAll (ThucLuc.Api)'
2026-05-06 11:22:11.956 +07:00 [INF] HTTP GET /api/v1/ha-tang-mang => 200 in 11.2947 ms CorrelationId=4aa43eae804943e785891ec51c13b4c4 UserId=5001
2026-05-06 11:22:11.958 +07:00 [INF] HTTP GET /api/v1/ha-tang-mang responded 200 in 12.9644 ms
2026-05-06 11:22:11.959 +07:00 [INF] Request finished HTTP/1.1 GET http://localhost:5283/api/v1/ha-tang-mang?donViId=2001 - 200 null application/json; charset=utf-8 18.3595ms
2026-05-06 11:22:11.991 +07:00 [INF] Executing OkObjectResult, writing value of type 'ThucLuc.Api.Common.Models.ApiResponse`1[[ThucLuc.Application.Features.DonVi.DonViDto, ThucLuc.Application, Version=1.0.0.0, Culture=neutral, PublicKeyToken=null]]'.
2026-05-06 11:22:11.992 +07:00 [INF] Executed action ThucLuc.Api.Controllers.V1.DonViController.GetById (ThucLuc.Api) in 45.4225ms
2026-05-06 11:22:11.993 +07:00 [INF] Executed endpoint 'ThucLuc.Api.Controllers.V1.DonViController.GetById (ThucLuc.Api)'
2026-05-06 11:22:11.993 +07:00 [INF] Request starting HTTP/1.1 GET http://localhost:5283/api/v1/don-vi/2001 - null null
2026-05-06 11:22:11.994 +07:00 [INF] HTTP GET /api/v1/don-vi/2001 => 200 in 65.0242 ms CorrelationId=d1e2069af6b34cb18444cc279fec86fd UserId=5001
2026-05-06 11:22:11.995 +07:00 [INF] CORS policy execution successful.
2026-05-06 11:22:11.997 +07:00 [INF] HTTP GET /api/v1/don-vi/2001 responded 200 in 68.6597 ms
2026-05-06 11:22:11.998 +07:00 [INF] Executing endpoint 'ThucLuc.Api.Controllers.V1.DonViController.GetById (ThucLuc.Api)'
2026-05-06 11:22:11.999 +07:00 [INF] Request finished HTTP/1.1 GET http://localhost:5283/api/v1/don-vi/2001 - 200 null application/json; charset=utf-8 78.3707ms
2026-05-06 11:22:12.000 +07:00 [INF] Route matched with {action = "GetById", controller = "DonVi"}. Executing controller action with signature System.Threading.Tasks.Task`1[Microsoft.AspNetCore.Mvc.ActionResult`1[ThucLuc.Api.Common.Models.ApiResponse`1[ThucLuc.Application.Features.DonVi.DonViDto]]] GetById(Int64, System.Threading.CancellationToken) on controller ThucLuc.Api.Controllers.V1.DonViController (ThucLuc.Api).
2026-05-06 11:22:12.006 +07:00 [INF] Executing OkObjectResult, writing value of type 'ThucLuc.Api.Common.Models.ApiResponse`1[[ThucLuc.Application.Features.DonVi.DonViDto, ThucLuc.Application, Version=1.0.0.0, Culture=neutral, PublicKeyToken=null]]'.
2026-05-06 11:22:12.008 +07:00 [INF] Executed action ThucLuc.Api.Controllers.V1.DonViController.GetById (ThucLuc.Api) in 3.5315ms
2026-05-06 11:22:12.009 +07:00 [INF] Executed endpoint 'ThucLuc.Api.Controllers.V1.DonViController.GetById (ThucLuc.Api)'
2026-05-06 11:22:12.009 +07:00 [INF] HTTP GET /api/v1/don-vi/2001 => 200 in 14.08 ms CorrelationId=98b6b89eeb8242368101dad1b415cada UserId=5001
2026-05-06 11:22:12.011 +07:00 [INF] HTTP GET /api/v1/don-vi/2001 responded 200 in 15.6372 ms
2026-05-06 11:22:12.012 +07:00 [INF] Request finished HTTP/1.1 GET http://localhost:5283/api/v1/don-vi/2001 - 200 null application/json; charset=utf-8 19.36ms
2026-05-06 11:22:26.707 +07:00 [INF] Request starting HTTP/1.1 OPTIONS http://localhost:5283/api/v1/don-vi/2001 - null null
2026-05-06 11:22:26.710 +07:00 [INF] Request starting HTTP/1.1 OPTIONS http://localhost:5283/api/v1/ha-tang-mang?donViId=2001 - null null
2026-05-06 11:22:26.710 +07:00 [INF] CORS policy execution successful.
2026-05-06 11:22:26.710 +07:00 [INF] Request starting HTTP/1.1 OPTIONS http://localhost:5283/api/v1/don-vi/2001 - null null
2026-05-06 11:22:26.712 +07:00 [INF] CORS policy execution successful.
2026-05-06 11:22:26.713 +07:00 [INF] HTTP OPTIONS /api/v1/don-vi/2001 => 204 in 3.0284 ms CorrelationId=1c6247be8065473fbcecc2df54543abb UserId=anonymous
2026-05-06 11:22:26.717 +07:00 [INF] CORS policy execution successful.
2026-05-06 11:22:26.717 +07:00 [INF] HTTP OPTIONS /api/v1/ha-tang-mang => 204 in 4.8476 ms CorrelationId=7a93fa5e4d1a4c7f9bc35e84f69c936b UserId=anonymous
2026-05-06 11:22:26.720 +07:00 [INF] HTTP OPTIONS /api/v1/don-vi/2001 responded 204 in 9.8454 ms
2026-05-06 11:22:26.721 +07:00 [INF] HTTP OPTIONS /api/v1/don-vi/2001 => 204 in 4.7644 ms CorrelationId=a8b631cdab3a4149bc763454feef6077 UserId=anonymous
2026-05-06 11:22:26.724 +07:00 [INF] HTTP OPTIONS /api/v1/ha-tang-mang responded 204 in 11.4707 ms
2026-05-06 11:22:26.726 +07:00 [INF] Request finished HTTP/1.1 OPTIONS http://localhost:5283/api/v1/don-vi/2001 - 204 null null 19.2516ms
2026-05-06 11:22:26.729 +07:00 [INF] HTTP OPTIONS /api/v1/don-vi/2001 responded 204 in 12.5060 ms
2026-05-06 11:22:26.731 +07:00 [INF] Request finished HTTP/1.1 OPTIONS http://localhost:5283/api/v1/ha-tang-mang?donViId=2001 - 204 null null 21.2935ms
2026-05-06 11:22:26.735 +07:00 [INF] Request starting HTTP/1.1 GET http://localhost:5283/api/v1/don-vi/2001 - null null
2026-05-06 11:22:26.737 +07:00 [INF] Request finished HTTP/1.1 OPTIONS http://localhost:5283/api/v1/don-vi/2001 - 204 null null 26.9017ms
2026-05-06 11:22:26.741 +07:00 [INF] Request starting HTTP/1.1 GET http://localhost:5283/api/v1/ha-tang-mang?donViId=2001 - null null
2026-05-06 11:22:26.744 +07:00 [INF] CORS policy execution successful.
2026-05-06 11:22:26.751 +07:00 [INF] CORS policy execution successful.
2026-05-06 11:22:26.752 +07:00 [INF] Executing endpoint 'ThucLuc.Api.Controllers.V1.DonViController.GetById (ThucLuc.Api)'
2026-05-06 11:22:26.753 +07:00 [INF] Executing endpoint 'ThucLuc.Api.Controllers.V1.HaTangMangController.GetAll (ThucLuc.Api)'
2026-05-06 11:22:26.755 +07:00 [INF] Route matched with {action = "GetById", controller = "DonVi"}. Executing controller action with signature System.Threading.Tasks.Task`1[Microsoft.AspNetCore.Mvc.ActionResult`1[ThucLuc.Api.Common.Models.ApiResponse`1[ThucLuc.Application.Features.DonVi.DonViDto]]] GetById(Int64, System.Threading.CancellationToken) on controller ThucLuc.Api.Controllers.V1.DonViController (ThucLuc.Api).
2026-05-06 11:22:26.756 +07:00 [INF] Route matched with {action = "GetAll", controller = "HaTangMang"}. Executing controller action with signature System.Threading.Tasks.Task`1[Microsoft.AspNetCore.Mvc.ActionResult`1[ThucLuc.Api.Common.Models.ApiResponse`1[System.Collections.Generic.IReadOnlyCollection`1[ThucLuc.Application.Features.HaTangMang.HaTangMangDto]]]] GetAll(System.Threading.CancellationToken) on controller ThucLuc.Api.Controllers.V1.HaTangMangController (ThucLuc.Api).
2026-05-06 11:22:26.762 +07:00 [INF] Executing OkObjectResult, writing value of type 'ThucLuc.Api.Common.Models.ApiResponse`1[[System.Collections.Generic.IReadOnlyCollection`1[[ThucLuc.Application.Features.HaTangMang.HaTangMangDto, ThucLuc.Application, Version=1.0.0.0, Culture=neutral, PublicKeyToken=null]], System.Private.CoreLib, Version=8.0.0.0, Culture=neutral, PublicKeyToken=7cec85d7bea7798e]]'.
2026-05-06 11:22:26.764 +07:00 [INF] Executed action ThucLuc.Api.Controllers.V1.HaTangMangController.GetAll (ThucLuc.Api) in 3.731ms
2026-05-06 11:22:26.766 +07:00 [INF] Executed endpoint 'ThucLuc.Api.Controllers.V1.HaTangMangController.GetAll (ThucLuc.Api)'
2026-05-06 11:22:26.768 +07:00 [INF] HTTP GET /api/v1/ha-tang-mang => 200 in 16.5203 ms CorrelationId=d9151a88b4134a9a816405ea62d12059 UserId=5001
2026-05-06 11:22:26.770 +07:00 [INF] HTTP GET /api/v1/ha-tang-mang responded 200 in 18.5748 ms
2026-05-06 11:22:26.771 +07:00 [INF] Request finished HTTP/1.1 GET http://localhost:5283/api/v1/ha-tang-mang?donViId=2001 - 200 null application/json; charset=utf-8 30.5428ms
2026-05-06 11:22:26.803 +07:00 [INF] Executing OkObjectResult, writing value of type 'ThucLuc.Api.Common.Models.ApiResponse`1[[ThucLuc.Application.Features.DonVi.DonViDto, ThucLuc.Application, Version=1.0.0.0, Culture=neutral, PublicKeyToken=null]]'.
2026-05-06 11:22:26.804 +07:00 [INF] Executed action ThucLuc.Api.Controllers.V1.DonViController.GetById (ThucLuc.Api) in 45.8132ms
2026-05-06 11:22:26.805 +07:00 [INF] Request starting HTTP/1.1 GET http://localhost:5283/api/v1/don-vi/2001 - null null
2026-05-06 11:22:26.805 +07:00 [INF] Executed endpoint 'ThucLuc.Api.Controllers.V1.DonViController.GetById (ThucLuc.Api)'
2026-05-06 11:22:26.807 +07:00 [INF] CORS policy execution successful.
2026-05-06 11:22:26.808 +07:00 [INF] HTTP GET /api/v1/don-vi/2001 => 200 in 64.3396 ms CorrelationId=26211852b8a848bb9de8f3fceb570899 UserId=5001
2026-05-06 11:22:26.809 +07:00 [INF] Executing endpoint 'ThucLuc.Api.Controllers.V1.DonViController.GetById (ThucLuc.Api)'
2026-05-06 11:22:26.810 +07:00 [INF] HTTP GET /api/v1/don-vi/2001 responded 200 in 66.1745 ms
2026-05-06 11:22:26.811 +07:00 [INF] Route matched with {action = "GetById", controller = "DonVi"}. Executing controller action with signature System.Threading.Tasks.Task`1[Microsoft.AspNetCore.Mvc.ActionResult`1[ThucLuc.Api.Common.Models.ApiResponse`1[ThucLuc.Application.Features.DonVi.DonViDto]]] GetById(Int64, System.Threading.CancellationToken) on controller ThucLuc.Api.Controllers.V1.DonViController (ThucLuc.Api).
2026-05-06 11:22:26.812 +07:00 [INF] Request finished HTTP/1.1 GET http://localhost:5283/api/v1/don-vi/2001 - 200 null application/json; charset=utf-8 77.011ms
2026-05-06 11:22:26.817 +07:00 [INF] Executing OkObjectResult, writing value of type 'ThucLuc.Api.Common.Models.ApiResponse`1[[ThucLuc.Application.Features.DonVi.DonViDto, ThucLuc.Application, Version=1.0.0.0, Culture=neutral, PublicKeyToken=null]]'.
2026-05-06 11:22:26.820 +07:00 [INF] Executed action ThucLuc.Api.Controllers.V1.DonViController.GetById (ThucLuc.Api) in 6.2018ms
2026-05-06 11:22:26.821 +07:00 [INF] Executed endpoint 'ThucLuc.Api.Controllers.V1.DonViController.GetById (ThucLuc.Api)'
2026-05-06 11:22:26.822 +07:00 [INF] HTTP GET /api/v1/don-vi/2001 => 200 in 15.0617 ms CorrelationId=85bc167d2d3c4a8b8d6993e8d7a31e1b UserId=5001
2026-05-06 11:22:26.825 +07:00 [INF] HTTP GET /api/v1/don-vi/2001 responded 200 in 17.3597 ms
2026-05-06 11:22:26.827 +07:00 [INF] Request finished HTTP/1.1 GET http://localhost:5283/api/v1/don-vi/2001 - 200 null application/json; charset=utf-8 21.7489ms
2026-05-06 11:22:42.419 +07:00 [INF] Request starting HTTP/1.1 OPTIONS http://localhost:5283/api/v1/don-vi/2001 - null null
2026-05-06 11:22:42.420 +07:00 [INF] Request starting HTTP/1.1 OPTIONS http://localhost:5283/api/v1/ha-tang-mang?donViId=2001 - null null
2026-05-06 11:22:42.421 +07:00 [INF] Request starting HTTP/1.1 OPTIONS http://localhost:5283/api/v1/don-vi/2001 - null null
2026-05-06 11:22:42.421 +07:00 [INF] CORS policy execution successful.
2026-05-06 11:22:42.424 +07:00 [INF] CORS policy execution successful.
2026-05-06 11:22:42.426 +07:00 [INF] CORS policy execution successful.
2026-05-06 11:22:42.426 +07:00 [INF] HTTP OPTIONS /api/v1/don-vi/2001 => 204 in 4.9647 ms CorrelationId=b1a831a4b3394886b7afe76ed5998fdd UserId=anonymous
2026-05-06 11:22:42.427 +07:00 [INF] HTTP OPTIONS /api/v1/ha-tang-mang => 204 in 3.1202 ms CorrelationId=67766910161a4132bf7cd038f52c04b0 UserId=anonymous
2026-05-06 11:22:42.427 +07:00 [INF] HTTP OPTIONS /api/v1/don-vi/2001 => 204 in 1.6326 ms CorrelationId=288ede5b0a8b4cc0abc05cfd9f023621 UserId=anonymous
2026-05-06 11:22:42.429 +07:00 [INF] HTTP OPTIONS /api/v1/don-vi/2001 responded 204 in 7.5826 ms
2026-05-06 11:22:42.431 +07:00 [INF] HTTP OPTIONS /api/v1/ha-tang-mang responded 204 in 7.1821 ms
2026-05-06 11:22:42.434 +07:00 [INF] HTTP OPTIONS /api/v1/don-vi/2001 responded 204 in 7.8705 ms
2026-05-06 11:22:42.435 +07:00 [INF] Request finished HTTP/1.1 OPTIONS http://localhost:5283/api/v1/don-vi/2001 - 204 null null 16.5293ms
2026-05-06 11:22:42.437 +07:00 [INF] Request finished HTTP/1.1 OPTIONS http://localhost:5283/api/v1/ha-tang-mang?donViId=2001 - 204 null null 16.3881ms
2026-05-06 11:22:42.438 +07:00 [INF] Request finished HTTP/1.1 OPTIONS http://localhost:5283/api/v1/don-vi/2001 - 204 null null 17.2901ms
2026-05-06 11:22:42.441 +07:00 [INF] Request starting HTTP/1.1 GET http://localhost:5283/api/v1/don-vi/2001 - null null
2026-05-06 11:22:42.445 +07:00 [INF] Request starting HTTP/1.1 GET http://localhost:5283/api/v1/ha-tang-mang?donViId=2001 - null null
2026-05-06 11:22:42.447 +07:00 [INF] CORS policy execution successful.
2026-05-06 11:22:42.451 +07:00 [INF] CORS policy execution successful.
2026-05-06 11:22:42.451 +07:00 [INF] Executing endpoint 'ThucLuc.Api.Controllers.V1.DonViController.GetById (ThucLuc.Api)'
2026-05-06 11:22:42.453 +07:00 [INF] Executing endpoint 'ThucLuc.Api.Controllers.V1.HaTangMangController.GetAll (ThucLuc.Api)'
2026-05-06 11:22:42.454 +07:00 [INF] Route matched with {action = "GetById", controller = "DonVi"}. Executing controller action with signature System.Threading.Tasks.Task`1[Microsoft.AspNetCore.Mvc.ActionResult`1[ThucLuc.Api.Common.Models.ApiResponse`1[ThucLuc.Application.Features.DonVi.DonViDto]]] GetById(Int64, System.Threading.CancellationToken) on controller ThucLuc.Api.Controllers.V1.DonViController (ThucLuc.Api).
2026-05-06 11:22:42.455 +07:00 [INF] Route matched with {action = "GetAll", controller = "HaTangMang"}. Executing controller action with signature System.Threading.Tasks.Task`1[Microsoft.AspNetCore.Mvc.ActionResult`1[ThucLuc.Api.Common.Models.ApiResponse`1[System.Collections.Generic.IReadOnlyCollection`1[ThucLuc.Application.Features.HaTangMang.HaTangMangDto]]]] GetAll(System.Threading.CancellationToken) on controller ThucLuc.Api.Controllers.V1.HaTangMangController (ThucLuc.Api).
2026-05-06 11:22:42.501 +07:00 [INF] Executing OkObjectResult, writing value of type 'ThucLuc.Api.Common.Models.ApiResponse`1[[System.Collections.Generic.IReadOnlyCollection`1[[ThucLuc.Application.Features.HaTangMang.HaTangMangDto, ThucLuc.Application, Version=1.0.0.0, Culture=neutral, PublicKeyToken=null]], System.Private.CoreLib, Version=8.0.0.0, Culture=neutral, PublicKeyToken=7cec85d7bea7798e]]'.
2026-05-06 11:22:42.501 +07:00 [INF] Executing OkObjectResult, writing value of type 'ThucLuc.Api.Common.Models.ApiResponse`1[[ThucLuc.Application.Features.DonVi.DonViDto, ThucLuc.Application, Version=1.0.0.0, Culture=neutral, PublicKeyToken=null]]'.
2026-05-06 11:22:42.503 +07:00 [INF] Executed action ThucLuc.Api.Controllers.V1.HaTangMangController.GetAll (ThucLuc.Api) in 44.818ms
2026-05-06 11:22:42.505 +07:00 [INF] Executed action ThucLuc.Api.Controllers.V1.DonViController.GetById (ThucLuc.Api) in 48.0793ms
2026-05-06 11:22:42.506 +07:00 [INF] Request starting HTTP/1.1 GET http://localhost:5283/api/v1/don-vi/2001 - null null
2026-05-06 11:22:42.507 +07:00 [INF] Executed endpoint 'ThucLuc.Api.Controllers.V1.HaTangMangController.GetAll (ThucLuc.Api)'
2026-05-06 11:22:42.508 +07:00 [INF] Executed endpoint 'ThucLuc.Api.Controllers.V1.DonViController.GetById (ThucLuc.Api)'
2026-05-06 11:22:42.511 +07:00 [INF] CORS policy execution successful.
2026-05-06 11:22:42.512 +07:00 [INF] HTTP GET /api/v1/ha-tang-mang => 200 in 61.4691 ms CorrelationId=efcfd09c053444aa813d7478f97f6148 UserId=5001
2026-05-06 11:22:42.513 +07:00 [INF] HTTP GET /api/v1/don-vi/2001 => 200 in 65.9935 ms CorrelationId=9369049bcd0e483088c77c44e586d494 UserId=5001
2026-05-06 11:22:42.514 +07:00 [INF] Executing endpoint 'ThucLuc.Api.Controllers.V1.DonViController.GetById (ThucLuc.Api)'
2026-05-06 11:22:42.517 +07:00 [INF] HTTP GET /api/v1/ha-tang-mang responded 200 in 66.5510 ms
2026-05-06 11:22:42.519 +07:00 [INF] HTTP GET /api/v1/don-vi/2001 responded 200 in 72.1277 ms
2026-05-06 11:22:42.521 +07:00 [INF] Route matched with {action = "GetById", controller = "DonVi"}. Executing controller action with signature System.Threading.Tasks.Task`1[Microsoft.AspNetCore.Mvc.ActionResult`1[ThucLuc.Api.Common.Models.ApiResponse`1[ThucLuc.Application.Features.DonVi.DonViDto]]] GetById(Int64, System.Threading.CancellationToken) on controller ThucLuc.Api.Controllers.V1.DonViController (ThucLuc.Api).
2026-05-06 11:22:42.522 +07:00 [INF] Request finished HTTP/1.1 GET http://localhost:5283/api/v1/ha-tang-mang?donViId=2001 - 200 null application/json; charset=utf-8 76.515ms
2026-05-06 11:22:42.524 +07:00 [INF] Request finished HTTP/1.1 GET http://localhost:5283/api/v1/don-vi/2001 - 200 null application/json; charset=utf-8 82.694ms
2026-05-06 11:22:42.570 +07:00 [INF] Executing OkObjectResult, writing value of type 'ThucLuc.Api.Common.Models.ApiResponse`1[[ThucLuc.Application.Features.DonVi.DonViDto, ThucLuc.Application, Version=1.0.0.0, Culture=neutral, PublicKeyToken=null]]'.
2026-05-06 11:22:42.572 +07:00 [INF] Executed action ThucLuc.Api.Controllers.V1.DonViController.GetById (ThucLuc.Api) in 46.1309ms
2026-05-06 11:22:42.573 +07:00 [INF] Executed endpoint 'ThucLuc.Api.Controllers.V1.DonViController.GetById (ThucLuc.Api)'
2026-05-06 11:22:42.574 +07:00 [INF] HTTP GET /api/v1/don-vi/2001 => 200 in 63.1966 ms CorrelationId=ad2a2ed5156942d6852a12a60ec2e2d6 UserId=5001
2026-05-06 11:22:42.576 +07:00 [INF] HTTP GET /api/v1/don-vi/2001 responded 200 in 65.7081 ms
2026-05-06 11:22:42.579 +07:00 [INF] Request finished HTTP/1.1 GET http://localhost:5283/api/v1/don-vi/2001 - 200 null application/json; charset=utf-8 72.7844ms
2026-05-06 11:23:16.935 +07:00 [INF] Request starting HTTP/1.1 OPTIONS http://localhost:5283/api/v1/don-vi/2001 - null null
2026-05-06 11:23:16.935 +07:00 [INF] Request starting HTTP/1.1 OPTIONS http://localhost:5283/api/v1/ha-tang-mang?donViId=2001 - null null
2026-05-06 11:23:16.936 +07:00 [INF] Request starting HTTP/1.1 OPTIONS http://localhost:5283/api/v1/don-vi/2001 - null null
2026-05-06 11:23:16.938 +07:00 [INF] CORS policy execution successful.
2026-05-06 11:23:16.941 +07:00 [INF] CORS policy execution successful.
2026-05-06 11:23:16.944 +07:00 [INF] CORS policy execution successful.
2026-05-06 11:23:16.945 +07:00 [INF] HTTP OPTIONS /api/v1/don-vi/2001 => 204 in 6.6031 ms CorrelationId=bc7799f346d5400096070316a241d42e UserId=anonymous
2026-05-06 11:23:16.946 +07:00 [INF] HTTP OPTIONS /api/v1/ha-tang-mang => 204 in 4.7017 ms CorrelationId=c67ca9f585a14c62ade9988e67ba8ccf UserId=anonymous
2026-05-06 11:23:16.947 +07:00 [INF] HTTP OPTIONS /api/v1/don-vi/2001 => 204 in 2.8831 ms CorrelationId=5befb96d694949619cdd2d2c872ca53f UserId=anonymous
2026-05-06 11:23:16.951 +07:00 [INF] HTTP OPTIONS /api/v1/don-vi/2001 responded 204 in 12.4310 ms
2026-05-06 11:23:16.954 +07:00 [INF] HTTP OPTIONS /api/v1/ha-tang-mang responded 204 in 12.6752 ms
2026-05-06 11:23:16.957 +07:00 [INF] HTTP OPTIONS /api/v1/don-vi/2001 responded 204 in 12.9674 ms
2026-05-06 11:23:16.960 +07:00 [INF] Request finished HTTP/1.1 OPTIONS http://localhost:5283/api/v1/don-vi/2001 - 204 null null 25.16ms
2026-05-06 11:23:16.962 +07:00 [INF] Request finished HTTP/1.1 OPTIONS http://localhost:5283/api/v1/ha-tang-mang?donViId=2001 - 204 null null 26.5962ms
2026-05-06 11:23:16.964 +07:00 [INF] Request finished HTTP/1.1 OPTIONS http://localhost:5283/api/v1/don-vi/2001 - 204 null null 28.7124ms
2026-05-06 11:23:16.969 +07:00 [INF] Request starting HTTP/1.1 GET http://localhost:5283/api/v1/don-vi/2001 - null null
2026-05-06 11:23:16.973 +07:00 [INF] Request starting HTTP/1.1 GET http://localhost:5283/api/v1/ha-tang-mang?donViId=2001 - null null
2026-05-06 11:23:16.977 +07:00 [INF] CORS policy execution successful.
2026-05-06 11:23:16.980 +07:00 [INF] CORS policy execution successful.
2026-05-06 11:23:16.981 +07:00 [INF] Executing endpoint 'ThucLuc.Api.Controllers.V1.DonViController.GetById (ThucLuc.Api)'
2026-05-06 11:23:16.982 +07:00 [INF] Executing endpoint 'ThucLuc.Api.Controllers.V1.HaTangMangController.GetAll (ThucLuc.Api)'
2026-05-06 11:23:16.983 +07:00 [INF] Route matched with {action = "GetById", controller = "DonVi"}. Executing controller action with signature System.Threading.Tasks.Task`1[Microsoft.AspNetCore.Mvc.ActionResult`1[ThucLuc.Api.Common.Models.ApiResponse`1[ThucLuc.Application.Features.DonVi.DonViDto]]] GetById(Int64, System.Threading.CancellationToken) on controller ThucLuc.Api.Controllers.V1.DonViController (ThucLuc.Api).
2026-05-06 11:23:16.984 +07:00 [INF] Route matched with {action = "GetAll", controller = "HaTangMang"}. Executing controller action with signature System.Threading.Tasks.Task`1[Microsoft.AspNetCore.Mvc.ActionResult`1[ThucLuc.Api.Common.Models.ApiResponse`1[System.Collections.Generic.IReadOnlyCollection`1[ThucLuc.Application.Features.HaTangMang.HaTangMangDto]]]] GetAll(System.Threading.CancellationToken) on controller ThucLuc.Api.Controllers.V1.HaTangMangController (ThucLuc.Api).
2026-05-06 11:23:17.029 +07:00 [INF] Executing OkObjectResult, writing value of type 'ThucLuc.Api.Common.Models.ApiResponse`1[[ThucLuc.Application.Features.DonVi.DonViDto, ThucLuc.Application, Version=1.0.0.0, Culture=neutral, PublicKeyToken=null]]'.
2026-05-06 11:23:17.032 +07:00 [INF] Executing OkObjectResult, writing value of type 'ThucLuc.Api.Common.Models.ApiResponse`1[[System.Collections.Generic.IReadOnlyCollection`1[[ThucLuc.Application.Features.HaTangMang.HaTangMangDto, ThucLuc.Application, Version=1.0.0.0, Culture=neutral, PublicKeyToken=null]], System.Private.CoreLib, Version=8.0.0.0, Culture=neutral, PublicKeyToken=7cec85d7bea7798e]]'.
2026-05-06 11:23:17.032 +07:00 [INF] Executed action ThucLuc.Api.Controllers.V1.DonViController.GetById (ThucLuc.Api) in 47.5024ms
2026-05-06 11:23:17.034 +07:00 [INF] Request starting HTTP/1.1 GET http://localhost:5283/api/v1/don-vi/2001 - null null
2026-05-06 11:23:17.035 +07:00 [INF] Executed action ThucLuc.Api.Controllers.V1.HaTangMangController.GetAll (ThucLuc.Api) in 48.1373ms
2026-05-06 11:23:17.037 +07:00 [INF] Executed endpoint 'ThucLuc.Api.Controllers.V1.DonViController.GetById (ThucLuc.Api)'
2026-05-06 11:23:17.042 +07:00 [INF] CORS policy execution successful.
2026-05-06 11:23:17.044 +07:00 [INF] Executed endpoint 'ThucLuc.Api.Controllers.V1.HaTangMangController.GetAll (ThucLuc.Api)'
2026-05-06 11:23:17.046 +07:00 [INF] HTTP GET /api/v1/don-vi/2001 => 200 in 68.3086 ms CorrelationId=f09c160902c14d70af5f70bbc6a9f46d UserId=5001
2026-05-06 11:23:17.047 +07:00 [INF] Executing endpoint 'ThucLuc.Api.Controllers.V1.DonViController.GetById (ThucLuc.Api)'
2026-05-06 11:23:17.048 +07:00 [INF] HTTP GET /api/v1/ha-tang-mang => 200 in 68.712 ms CorrelationId=856ba5dcbd944ed9be1ccdf6685daffb UserId=5001
2026-05-06 11:23:17.051 +07:00 [INF] HTTP GET /api/v1/don-vi/2001 responded 200 in 73.3650 ms
2026-05-06 11:23:17.052 +07:00 [INF] Route matched with {action = "GetById", controller = "DonVi"}. Executing controller action with signature System.Threading.Tasks.Task`1[Microsoft.AspNetCore.Mvc.ActionResult`1[ThucLuc.Api.Common.Models.ApiResponse`1[ThucLuc.Application.Features.DonVi.DonViDto]]] GetById(Int64, System.Threading.CancellationToken) on controller ThucLuc.Api.Controllers.V1.DonViController (ThucLuc.Api).
2026-05-06 11:23:17.054 +07:00 [INF] HTTP GET /api/v1/ha-tang-mang responded 200 in 74.5975 ms
2026-05-06 11:23:17.056 +07:00 [INF] Request finished HTTP/1.1 GET http://localhost:5283/api/v1/don-vi/2001 - 200 null application/json; charset=utf-8 87.1817ms
2026-05-06 11:23:17.060 +07:00 [INF] Request finished HTTP/1.1 GET http://localhost:5283/api/v1/ha-tang-mang?donViId=2001 - 200 null application/json; charset=utf-8 87.177ms
2026-05-06 11:23:17.104 +07:00 [INF] Executing OkObjectResult, writing value of type 'ThucLuc.Api.Common.Models.ApiResponse`1[[ThucLuc.Application.Features.DonVi.DonViDto, ThucLuc.Application, Version=1.0.0.0, Culture=neutral, PublicKeyToken=null]]'.
2026-05-06 11:23:17.107 +07:00 [INF] Executed action ThucLuc.Api.Controllers.V1.DonViController.GetById (ThucLuc.Api) in 49.015ms
2026-05-06 11:23:17.110 +07:00 [INF] Executed endpoint 'ThucLuc.Api.Controllers.V1.DonViController.GetById (ThucLuc.Api)'
2026-05-06 11:23:17.112 +07:00 [INF] HTTP GET /api/v1/don-vi/2001 => 200 in 69.7721 ms CorrelationId=1d36138c051945439d30852c18fb5e51 UserId=5001
2026-05-06 11:23:17.115 +07:00 [INF] HTTP GET /api/v1/don-vi/2001 responded 200 in 72.8434 ms
2026-05-06 11:23:17.117 +07:00 [INF] Request finished HTTP/1.1 GET http://localhost:5283/api/v1/don-vi/2001 - 200 null application/json; charset=utf-8 82.9423ms
2026-05-06 11:26:41.211 +07:00 [INF] Request starting HTTP/1.1 OPTIONS http://localhost:5283/api/v1/don-vi/2001 - null null
2026-05-06 11:26:41.212 +07:00 [INF] Request starting HTTP/1.1 OPTIONS http://localhost:5283/api/v1/ha-tang-mang?donViId=2001 - null null
2026-05-06 11:26:41.212 +07:00 [INF] Request starting HTTP/1.1 OPTIONS http://localhost:5283/api/v1/don-vi/2001 - null null
2026-05-06 11:26:41.215 +07:00 [INF] CORS policy execution successful.
2026-05-06 11:26:41.219 +07:00 [INF] CORS policy execution successful.
2026-05-06 11:26:41.223 +07:00 [INF] CORS policy execution successful.
2026-05-06 11:26:41.224 +07:00 [INF] HTTP OPTIONS /api/v1/don-vi/2001 => 204 in 9.1573 ms CorrelationId=31ae471c0a4f4799abd21dce97b54c92 UserId=anonymous
2026-05-06 11:26:41.225 +07:00 [INF] HTTP OPTIONS /api/v1/ha-tang-mang => 204 in 6.5637 ms CorrelationId=f9b692dbb57244819408956948b79213 UserId=anonymous
2026-05-06 11:26:41.227 +07:00 [INF] HTTP OPTIONS /api/v1/don-vi/2001 => 204 in 3.5328 ms CorrelationId=71c8dc8a1200414eab6371b45b23eed1 UserId=anonymous
2026-05-06 11:26:41.230 +07:00 [INF] HTTP OPTIONS /api/v1/don-vi/2001 responded 204 in 14.5180 ms
2026-05-06 11:26:41.233 +07:00 [INF] HTTP OPTIONS /api/v1/ha-tang-mang responded 204 in 13.7943 ms
2026-05-06 11:26:41.235 +07:00 [INF] HTTP OPTIONS /api/v1/don-vi/2001 responded 204 in 11.9354 ms
2026-05-06 11:26:41.237 +07:00 [INF] Request finished HTTP/1.1 OPTIONS http://localhost:5283/api/v1/don-vi/2001 - 204 null null 25.8313ms
2026-05-06 11:26:41.239 +07:00 [INF] Request finished HTTP/1.1 OPTIONS http://localhost:5283/api/v1/ha-tang-mang?donViId=2001 - 204 null null 27.3099ms
2026-05-06 11:26:41.241 +07:00 [INF] Request finished HTTP/1.1 OPTIONS http://localhost:5283/api/v1/don-vi/2001 - 204 null null 29.1457ms
2026-05-06 11:26:41.244 +07:00 [INF] Request starting HTTP/1.1 GET http://localhost:5283/api/v1/don-vi/2001 - null null
2026-05-06 11:26:41.247 +07:00 [INF] Request starting HTTP/1.1 GET http://localhost:5283/api/v1/ha-tang-mang?donViId=2001 - null null
2026-05-06 11:26:41.252 +07:00 [INF] CORS policy execution successful.
2026-05-06 11:26:41.255 +07:00 [INF] CORS policy execution successful.
2026-05-06 11:26:41.256 +07:00 [INF] Executing endpoint 'ThucLuc.Api.Controllers.V1.DonViController.GetById (ThucLuc.Api)'
2026-05-06 11:26:41.257 +07:00 [INF] Executing endpoint 'ThucLuc.Api.Controllers.V1.HaTangMangController.GetAll (ThucLuc.Api)'
2026-05-06 11:26:41.258 +07:00 [INF] Route matched with {action = "GetById", controller = "DonVi"}. Executing controller action with signature System.Threading.Tasks.Task`1[Microsoft.AspNetCore.Mvc.ActionResult`1[ThucLuc.Api.Common.Models.ApiResponse`1[ThucLuc.Application.Features.DonVi.DonViDto]]] GetById(Int64, System.Threading.CancellationToken) on controller ThucLuc.Api.Controllers.V1.DonViController (ThucLuc.Api).
2026-05-06 11:26:41.259 +07:00 [INF] Route matched with {action = "GetAll", controller = "HaTangMang"}. Executing controller action with signature System.Threading.Tasks.Task`1[Microsoft.AspNetCore.Mvc.ActionResult`1[ThucLuc.Api.Common.Models.ApiResponse`1[System.Collections.Generic.IReadOnlyCollection`1[ThucLuc.Application.Features.HaTangMang.HaTangMangDto]]]] GetAll(System.Threading.CancellationToken) on controller ThucLuc.Api.Controllers.V1.HaTangMangController (ThucLuc.Api).
2026-05-06 11:26:41.306 +07:00 [INF] Executing OkObjectResult, writing value of type 'ThucLuc.Api.Common.Models.ApiResponse`1[[System.Collections.Generic.IReadOnlyCollection`1[[ThucLuc.Application.Features.HaTangMang.HaTangMangDto, ThucLuc.Application, Version=1.0.0.0, Culture=neutral, PublicKeyToken=null]], System.Private.CoreLib, Version=8.0.0.0, Culture=neutral, PublicKeyToken=7cec85d7bea7798e]]'.
2026-05-06 11:26:41.306 +07:00 [INF] Executing OkObjectResult, writing value of type 'ThucLuc.Api.Common.Models.ApiResponse`1[[ThucLuc.Application.Features.DonVi.DonViDto, ThucLuc.Application, Version=1.0.0.0, Culture=neutral, PublicKeyToken=null]]'.
2026-05-06 11:26:41.309 +07:00 [INF] Executed action ThucLuc.Api.Controllers.V1.HaTangMangController.GetAll (ThucLuc.Api) in 45.8171ms
2026-05-06 11:26:41.311 +07:00 [INF] Executed action ThucLuc.Api.Controllers.V1.DonViController.GetById (ThucLuc.Api) in 50.3045ms
2026-05-06 11:26:41.312 +07:00 [INF] Request starting HTTP/1.1 GET http://localhost:5283/api/v1/don-vi/2001 - null null
2026-05-06 11:26:41.314 +07:00 [INF] Executed endpoint 'ThucLuc.Api.Controllers.V1.HaTangMangController.GetAll (ThucLuc.Api)'
2026-05-06 11:26:41.316 +07:00 [INF] Executed endpoint 'ThucLuc.Api.Controllers.V1.DonViController.GetById (ThucLuc.Api)'
2026-05-06 11:26:41.319 +07:00 [INF] CORS policy execution successful.
2026-05-06 11:26:41.321 +07:00 [INF] HTTP GET /api/v1/ha-tang-mang => 200 in 66.1433 ms CorrelationId=16f9f73b690444d9954205b00eb91d8c UserId=5001
2026-05-06 11:26:41.323 +07:00 [INF] HTTP GET /api/v1/don-vi/2001 => 200 in 70.1965 ms CorrelationId=7d7aa9fd9a0c4ff7807ec40d81ce00cc UserId=5001
2026-05-06 11:26:41.324 +07:00 [INF] Executing endpoint 'ThucLuc.Api.Controllers.V1.DonViController.GetById (ThucLuc.Api)'
2026-05-06 11:26:41.327 +07:00 [INF] HTTP GET /api/v1/ha-tang-mang responded 200 in 72.2429 ms
2026-05-06 11:26:41.329 +07:00 [INF] HTTP GET /api/v1/don-vi/2001 responded 200 in 77.0246 ms
2026-05-06 11:26:41.331 +07:00 [INF] Route matched with {action = "GetById", controller = "DonVi"}. Executing controller action with signature System.Threading.Tasks.Task`1[Microsoft.AspNetCore.Mvc.ActionResult`1[ThucLuc.Api.Common.Models.ApiResponse`1[ThucLuc.Application.Features.DonVi.DonViDto]]] GetById(Int64, System.Threading.CancellationToken) on controller ThucLuc.Api.Controllers.V1.DonViController (ThucLuc.Api).
2026-05-06 11:26:41.332 +07:00 [INF] Request finished HTTP/1.1 GET http://localhost:5283/api/v1/ha-tang-mang?donViId=2001 - 200 null application/json; charset=utf-8 84.9252ms
2026-05-06 11:26:41.333 +07:00 [INF] Request finished HTTP/1.1 GET http://localhost:5283/api/v1/don-vi/2001 - 200 null application/json; charset=utf-8 89.1811ms
2026-05-06 11:26:41.383 +07:00 [INF] Executing OkObjectResult, writing value of type 'ThucLuc.Api.Common.Models.ApiResponse`1[[ThucLuc.Application.Features.DonVi.DonViDto, ThucLuc.Application, Version=1.0.0.0, Culture=neutral, PublicKeyToken=null]]'.
2026-05-06 11:26:41.385 +07:00 [INF] Executed action ThucLuc.Api.Controllers.V1.DonViController.GetById (ThucLuc.Api) in 49.7644ms
2026-05-06 11:26:41.386 +07:00 [INF] Executed endpoint 'ThucLuc.Api.Controllers.V1.DonViController.GetById (ThucLuc.Api)'
2026-05-06 11:26:41.388 +07:00 [INF] HTTP GET /api/v1/don-vi/2001 => 200 in 68.1518 ms CorrelationId=168e19054f1a4d49b7cccd773ebebf20 UserId=5001
2026-05-06 11:26:41.392 +07:00 [INF] HTTP GET /api/v1/don-vi/2001 responded 200 in 72.9924 ms
2026-05-06 11:26:41.395 +07:00 [INF] Request finished HTTP/1.1 GET http://localhost:5283/api/v1/don-vi/2001 - 200 null application/json; charset=utf-8 83.3133ms
2026-05-06 11:26:52.727 +07:00 [INF] Request starting HTTP/1.1 OPTIONS http://localhost:5283/api/v1/don-vi/2001 - null null
2026-05-06 11:26:52.729 +07:00 [INF] CORS policy execution successful.
2026-05-06 11:26:52.730 +07:00 [INF] Request starting HTTP/1.1 OPTIONS http://localhost:5283/api/v1/ha-tang-mang?donViId=2001 - null null
2026-05-06 11:26:52.730 +07:00 [INF] Request starting HTTP/1.1 OPTIONS http://localhost:5283/api/v1/don-vi/2001 - null null
2026-05-06 11:26:52.730 +07:00 [INF] HTTP OPTIONS /api/v1/don-vi/2001 => 204 in 1.0967 ms CorrelationId=2b66ad5f865d46e5bf1c340e99ea3daa UserId=anonymous
2026-05-06 11:26:52.733 +07:00 [INF] CORS policy execution successful.
2026-05-06 11:26:52.737 +07:00 [INF] CORS policy execution successful.
2026-05-06 11:26:52.739 +07:00 [INF] HTTP OPTIONS /api/v1/don-vi/2001 responded 204 in 9.6955 ms
2026-05-06 11:26:52.740 +07:00 [INF] HTTP OPTIONS /api/v1/ha-tang-mang => 204 in 6.678 ms CorrelationId=bac88dd4ee064eee82a9ca1c86728a87 UserId=anonymous
2026-05-06 11:26:52.741 +07:00 [INF] HTTP OPTIONS /api/v1/don-vi/2001 => 204 in 4.4331 ms CorrelationId=415bf3855e664cf0a4d5871880add5a9 UserId=anonymous
2026-05-06 11:26:52.743 +07:00 [INF] Request finished HTTP/1.1 OPTIONS http://localhost:5283/api/v1/don-vi/2001 - 204 null null 16.6104ms
2026-05-06 11:26:52.745 +07:00 [INF] HTTP OPTIONS /api/v1/ha-tang-mang responded 204 in 12.2023 ms
2026-05-06 11:26:52.748 +07:00 [INF] HTTP OPTIONS /api/v1/don-vi/2001 responded 204 in 11.1720 ms
2026-05-06 11:26:52.751 +07:00 [INF] Request starting HTTP/1.1 GET http://localhost:5283/api/v1/don-vi/2001 - null null
2026-05-06 11:26:52.753 +07:00 [INF] Request finished HTTP/1.1 OPTIONS http://localhost:5283/api/v1/ha-tang-mang?donViId=2001 - 204 null null 23.2373ms
2026-05-06 11:26:52.755 +07:00 [INF] Request finished HTTP/1.1 OPTIONS http://localhost:5283/api/v1/don-vi/2001 - 204 null null 24.9283ms
2026-05-06 11:26:52.758 +07:00 [INF] CORS policy execution successful.
2026-05-06 11:26:52.765 +07:00 [INF] Request starting HTTP/1.1 GET http://localhost:5283/api/v1/ha-tang-mang?donViId=2001 - null null
2026-05-06 11:26:52.766 +07:00 [INF] Executing endpoint 'ThucLuc.Api.Controllers.V1.DonViController.GetById (ThucLuc.Api)'
2026-05-06 11:26:52.768 +07:00 [INF] CORS policy execution successful.
2026-05-06 11:26:52.769 +07:00 [INF] Route matched with {action = "GetById", controller = "DonVi"}. Executing controller action with signature System.Threading.Tasks.Task`1[Microsoft.AspNetCore.Mvc.ActionResult`1[ThucLuc.Api.Common.Models.ApiResponse`1[ThucLuc.Application.Features.DonVi.DonViDto]]] GetById(Int64, System.Threading.CancellationToken) on controller ThucLuc.Api.Controllers.V1.DonViController (ThucLuc.Api).
2026-05-06 11:26:52.770 +07:00 [INF] Executing endpoint 'ThucLuc.Api.Controllers.V1.HaTangMangController.GetAll (ThucLuc.Api)'
2026-05-06 11:26:52.773 +07:00 [INF] Route matched with {action = "GetAll", controller = "HaTangMang"}. Executing controller action with signature System.Threading.Tasks.Task`1[Microsoft.AspNetCore.Mvc.ActionResult`1[ThucLuc.Api.Common.Models.ApiResponse`1[System.Collections.Generic.IReadOnlyCollection`1[ThucLuc.Application.Features.HaTangMang.HaTangMangDto]]]] GetAll(System.Threading.CancellationToken) on controller ThucLuc.Api.Controllers.V1.HaTangMangController (ThucLuc.Api).
2026-05-06 11:26:52.817 +07:00 [INF] Executing OkObjectResult, writing value of type 'ThucLuc.Api.Common.Models.ApiResponse`1[[ThucLuc.Application.Features.DonVi.DonViDto, ThucLuc.Application, Version=1.0.0.0, Culture=neutral, PublicKeyToken=null]]'.
2026-05-06 11:26:52.819 +07:00 [INF] Executed action ThucLuc.Api.Controllers.V1.DonViController.GetById (ThucLuc.Api) in 47.1747ms
2026-05-06 11:26:52.820 +07:00 [INF] Request starting HTTP/1.1 GET http://localhost:5283/api/v1/don-vi/2001 - null null
2026-05-06 11:26:52.821 +07:00 [INF] Executed endpoint 'ThucLuc.Api.Controllers.V1.DonViController.GetById (ThucLuc.Api)'
2026-05-06 11:26:52.821 +07:00 [INF] Executing OkObjectResult, writing value of type 'ThucLuc.Api.Common.Models.ApiResponse`1[[System.Collections.Generic.IReadOnlyCollection`1[[ThucLuc.Application.Features.HaTangMang.HaTangMangDto, ThucLuc.Application, Version=1.0.0.0, Culture=neutral, PublicKeyToken=null]], System.Private.CoreLib, Version=8.0.0.0, Culture=neutral, PublicKeyToken=7cec85d7bea7798e]]'.
2026-05-06 11:26:52.824 +07:00 [INF] CORS policy execution successful.
2026-05-06 11:26:52.825 +07:00 [INF] HTTP GET /api/v1/don-vi/2001 => 200 in 67.0422 ms CorrelationId=9f77b79656194a6aae4fecbdf33fbf27 UserId=5001
2026-05-06 11:26:52.826 +07:00 [INF] Executed action ThucLuc.Api.Controllers.V1.HaTangMangController.GetAll (ThucLuc.Api) in 51.0194ms
2026-05-06 11:26:52.827 +07:00 [INF] Executing endpoint 'ThucLuc.Api.Controllers.V1.DonViController.GetById (ThucLuc.Api)'
2026-05-06 11:26:52.829 +07:00 [INF] HTTP GET /api/v1/don-vi/2001 responded 200 in 71.2117 ms
2026-05-06 11:26:52.830 +07:00 [INF] Executed endpoint 'ThucLuc.Api.Controllers.V1.HaTangMangController.GetAll (ThucLuc.Api)'
2026-05-06 11:26:52.831 +07:00 [INF] Route matched with {action = "GetById", controller = "DonVi"}. Executing controller action with signature System.Threading.Tasks.Task`1[Microsoft.AspNetCore.Mvc.ActionResult`1[ThucLuc.Api.Common.Models.ApiResponse`1[ThucLuc.Application.Features.DonVi.DonViDto]]] GetById(Int64, System.Threading.CancellationToken) on controller ThucLuc.Api.Controllers.V1.DonViController (ThucLuc.Api).
2026-05-06 11:26:52.832 +07:00 [INF] Request finished HTTP/1.1 GET http://localhost:5283/api/v1/don-vi/2001 - 200 null application/json; charset=utf-8 81.1557ms
2026-05-06 11:26:52.833 +07:00 [INF] HTTP GET /api/v1/ha-tang-mang => 200 in 65.2095 ms CorrelationId=42b4fafd732e44cabfe7b8f84986dc5c UserId=5001
2026-05-06 11:26:52.842 +07:00 [INF] HTTP GET /api/v1/ha-tang-mang responded 200 in 73.5073 ms
2026-05-06 11:26:52.844 +07:00 [INF] Request finished HTTP/1.1 GET http://localhost:5283/api/v1/ha-tang-mang?donViId=2001 - 200 null application/json; charset=utf-8 78.8341ms
2026-05-06 11:26:52.881 +07:00 [INF] Executing OkObjectResult, writing value of type 'ThucLuc.Api.Common.Models.ApiResponse`1[[ThucLuc.Application.Features.DonVi.DonViDto, ThucLuc.Application, Version=1.0.0.0, Culture=neutral, PublicKeyToken=null]]'.
2026-05-06 11:26:52.882 +07:00 [INF] Executed action ThucLuc.Api.Controllers.V1.DonViController.GetById (ThucLuc.Api) in 46.8845ms
2026-05-06 11:26:52.883 +07:00 [INF] Executed endpoint 'ThucLuc.Api.Controllers.V1.DonViController.GetById (ThucLuc.Api)'
2026-05-06 11:26:52.884 +07:00 [INF] HTTP GET /api/v1/don-vi/2001 => 200 in 60.0698 ms CorrelationId=b1611242fb434ba1afcddd70ba667cbc UserId=5001
2026-05-06 11:26:52.885 +07:00 [INF] HTTP GET /api/v1/don-vi/2001 responded 200 in 61.6011 ms
2026-05-06 11:26:52.888 +07:00 [INF] Request finished HTTP/1.1 GET http://localhost:5283/api/v1/don-vi/2001 - 200 null application/json; charset=utf-8 67.226ms
2026-05-06 11:27:01.618 +07:00 [INF] Request starting HTTP/1.1 OPTIONS http://localhost:5283/api/v1/don-vi/2001 - null null
2026-05-06 11:27:01.619 +07:00 [INF] Request starting HTTP/1.1 OPTIONS http://localhost:5283/api/v1/ha-tang-mang?donViId=2001 - null null
2026-05-06 11:27:01.619 +07:00 [INF] Request starting HTTP/1.1 OPTIONS http://localhost:5283/api/v1/don-vi/2001 - null null
2026-05-06 11:27:01.622 +07:00 [INF] CORS policy execution successful.
2026-05-06 11:27:01.625 +07:00 [INF] CORS policy execution successful.
2026-05-06 11:27:01.627 +07:00 [INF] CORS policy execution successful.
2026-05-06 11:27:01.630 +07:00 [INF] HTTP OPTIONS /api/v1/don-vi/2001 => 204 in 2.4511 ms CorrelationId=3dbdb5c8bd8949d69d4e477525bb9678 UserId=anonymous
2026-05-06 11:27:01.629 +07:00 [INF] HTTP OPTIONS /api/v1/ha-tang-mang => 204 in 4.3052 ms CorrelationId=88ce9e7350094ec0a9f8e21bb22cb0b2 UserId=anonymous
2026-05-06 11:27:01.628 +07:00 [INF] HTTP OPTIONS /api/v1/don-vi/2001 => 204 in 6.4595 ms CorrelationId=debb5070ffa64aaa94228fa2fdaec6f3 UserId=anonymous
2026-05-06 11:27:01.633 +07:00 [INF] HTTP OPTIONS /api/v1/don-vi/2001 responded 204 in 5.5468 ms
2026-05-06 11:27:01.635 +07:00 [INF] HTTP OPTIONS /api/v1/ha-tang-mang responded 204 in 10.3676 ms
2026-05-06 11:27:01.639 +07:00 [INF] HTTP OPTIONS /api/v1/don-vi/2001 responded 204 in 17.5676 ms
2026-05-06 11:27:01.641 +07:00 [INF] Request finished HTTP/1.1 OPTIONS http://localhost:5283/api/v1/don-vi/2001 - 204 null null 22.0466ms
2026-05-06 11:27:01.644 +07:00 [INF] Request finished HTTP/1.1 OPTIONS http://localhost:5283/api/v1/ha-tang-mang?donViId=2001 - 204 null null 25.2528ms
2026-05-06 11:27:01.646 +07:00 [INF] Request finished HTTP/1.1 OPTIONS http://localhost:5283/api/v1/don-vi/2001 - 204 null null 28.1908ms
2026-05-06 11:27:01.653 +07:00 [INF] Request starting HTTP/1.1 GET http://localhost:5283/api/v1/don-vi/2001 - null null
2026-05-06 11:27:01.658 +07:00 [INF] Request starting HTTP/1.1 GET http://localhost:5283/api/v1/ha-tang-mang?donViId=2001 - null null
2026-05-06 11:27:01.661 +07:00 [INF] CORS policy execution successful.
2026-05-06 11:27:01.664 +07:00 [INF] CORS policy execution successful.
2026-05-06 11:27:01.665 +07:00 [INF] Executing endpoint 'ThucLuc.Api.Controllers.V1.DonViController.GetById (ThucLuc.Api)'
2026-05-06 11:27:01.666 +07:00 [INF] Executing endpoint 'ThucLuc.Api.Controllers.V1.HaTangMangController.GetAll (ThucLuc.Api)'
2026-05-06 11:27:01.667 +07:00 [INF] Route matched with {action = "GetById", controller = "DonVi"}. Executing controller action with signature System.Threading.Tasks.Task`1[Microsoft.AspNetCore.Mvc.ActionResult`1[ThucLuc.Api.Common.Models.ApiResponse`1[ThucLuc.Application.Features.DonVi.DonViDto]]] GetById(Int64, System.Threading.CancellationToken) on controller ThucLuc.Api.Controllers.V1.DonViController (ThucLuc.Api).
2026-05-06 11:27:01.668 +07:00 [INF] Route matched with {action = "GetAll", controller = "HaTangMang"}. Executing controller action with signature System.Threading.Tasks.Task`1[Microsoft.AspNetCore.Mvc.ActionResult`1[ThucLuc.Api.Common.Models.ApiResponse`1[System.Collections.Generic.IReadOnlyCollection`1[ThucLuc.Application.Features.HaTangMang.HaTangMangDto]]]] GetAll(System.Threading.CancellationToken) on controller ThucLuc.Api.Controllers.V1.HaTangMangController (ThucLuc.Api).
2026-05-06 11:27:01.673 +07:00 [INF] Executing OkObjectResult, writing value of type 'ThucLuc.Api.Common.Models.ApiResponse`1[[ThucLuc.Application.Features.DonVi.DonViDto, ThucLuc.Application, Version=1.0.0.0, Culture=neutral, PublicKeyToken=null]]'.
2026-05-06 11:27:01.674 +07:00 [INF] Executing OkObjectResult, writing value of type 'ThucLuc.Api.Common.Models.ApiResponse`1[[System.Collections.Generic.IReadOnlyCollection`1[[ThucLuc.Application.Features.HaTangMang.HaTangMangDto, ThucLuc.Application, Version=1.0.0.0, Culture=neutral, PublicKeyToken=null]], System.Private.CoreLib, Version=8.0.0.0, Culture=neutral, PublicKeyToken=7cec85d7bea7798e]]'.
2026-05-06 11:27:01.675 +07:00 [INF] Executed action ThucLuc.Api.Controllers.V1.DonViController.GetById (ThucLuc.Api) in 4.8769ms
2026-05-06 11:27:01.676 +07:00 [INF] Request starting HTTP/1.1 GET http://localhost:5283/api/v1/don-vi/2001 - null null
2026-05-06 11:27:01.676 +07:00 [INF] Executed action ThucLuc.Api.Controllers.V1.HaTangMangController.GetAll (ThucLuc.Api) in 4.201ms
2026-05-06 11:27:01.678 +07:00 [INF] Executed endpoint 'ThucLuc.Api.Controllers.V1.DonViController.GetById (ThucLuc.Api)'
2026-05-06 11:27:01.681 +07:00 [INF] CORS policy execution successful.
2026-05-06 11:27:01.682 +07:00 [INF] Executed endpoint 'ThucLuc.Api.Controllers.V1.HaTangMangController.GetAll (ThucLuc.Api)'
2026-05-06 11:27:01.683 +07:00 [INF] HTTP GET /api/v1/don-vi/2001 => 200 in 22.3154 ms CorrelationId=2f636ebd229f49b89525248073fb85fc UserId=5001
2026-05-06 11:27:01.685 +07:00 [INF] Executing endpoint 'ThucLuc.Api.Controllers.V1.DonViController.GetById (ThucLuc.Api)'
2026-05-06 11:27:01.686 +07:00 [INF] HTTP GET /api/v1/ha-tang-mang => 200 in 22.1581 ms CorrelationId=1eee55be67a5470c842919716d4d4bb4 UserId=5001
2026-05-06 11:27:01.689 +07:00 [INF] HTTP GET /api/v1/don-vi/2001 responded 200 in 27.7266 ms
2026-05-06 11:27:01.690 +07:00 [INF] Route matched with {action = "GetById", controller = "DonVi"}. Executing controller action with signature System.Threading.Tasks.Task`1[Microsoft.AspNetCore.Mvc.ActionResult`1[ThucLuc.Api.Common.Models.ApiResponse`1[ThucLuc.Application.Features.DonVi.DonViDto]]] GetById(Int64, System.Threading.CancellationToken) on controller ThucLuc.Api.Controllers.V1.DonViController (ThucLuc.Api).
2026-05-06 11:27:01.692 +07:00 [INF] HTTP GET /api/v1/ha-tang-mang responded 200 in 28.8828 ms
2026-05-06 11:27:01.695 +07:00 [INF] Request finished HTTP/1.1 GET http://localhost:5283/api/v1/don-vi/2001 - 200 null application/json; charset=utf-8 41.4459ms
2026-05-06 11:27:01.699 +07:00 [INF] Request finished HTTP/1.1 GET http://localhost:5283/api/v1/ha-tang-mang?donViId=2001 - 200 null application/json; charset=utf-8 41.154ms
2026-05-06 11:27:01.700 +07:00 [INF] Executing OkObjectResult, writing value of type 'ThucLuc.Api.Common.Models.ApiResponse`1[[ThucLuc.Application.Features.DonVi.DonViDto, ThucLuc.Application, Version=1.0.0.0, Culture=neutral, PublicKeyToken=null]]'.
2026-05-06 11:27:01.713 +07:00 [INF] Executed action ThucLuc.Api.Controllers.V1.DonViController.GetById (ThucLuc.Api) in 16.5799ms
2026-05-06 11:27:01.716 +07:00 [INF] Executed endpoint 'ThucLuc.Api.Controllers.V1.DonViController.GetById (ThucLuc.Api)'
2026-05-06 11:27:01.719 +07:00 [INF] HTTP GET /api/v1/don-vi/2001 => 200 in 37.9296 ms CorrelationId=45409c75342d4f24a5a8712f32857d27 UserId=5001
2026-05-06 11:27:01.726 +07:00 [INF] HTTP GET /api/v1/don-vi/2001 responded 200 in 44.8865 ms
2026-05-06 11:27:01.728 +07:00 [INF] Request finished HTTP/1.1 GET http://localhost:5283/api/v1/don-vi/2001 - 200 null application/json; charset=utf-8 52.5666ms
2026-05-06 11:27:03.463 +07:00 [INF] Request starting HTTP/1.1 GET http://localhost:5283/api/v1/don-vi/2001 - null null
2026-05-06 11:27:03.465 +07:00 [INF] Request starting HTTP/1.1 GET http://localhost:5283/api/v1/ha-tang-mang?donViId=2001 - null null
2026-05-06 11:27:03.466 +07:00 [INF] CORS policy execution successful.
2026-05-06 11:27:03.469 +07:00 [INF] CORS policy execution successful.
2026-05-06 11:27:03.470 +07:00 [INF] Executing endpoint 'ThucLuc.Api.Controllers.V1.DonViController.GetById (ThucLuc.Api)'
2026-05-06 11:27:03.471 +07:00 [INF] Executing endpoint 'ThucLuc.Api.Controllers.V1.HaTangMangController.GetAll (ThucLuc.Api)'
2026-05-06 11:27:03.472 +07:00 [INF] Route matched with {action = "GetById", controller = "DonVi"}. Executing controller action with signature System.Threading.Tasks.Task`1[Microsoft.AspNetCore.Mvc.ActionResult`1[ThucLuc.Api.Common.Models.ApiResponse`1[ThucLuc.Application.Features.DonVi.DonViDto]]] GetById(Int64, System.Threading.CancellationToken) on controller ThucLuc.Api.Controllers.V1.DonViController (ThucLuc.Api).
2026-05-06 11:27:03.473 +07:00 [INF] Route matched with {action = "GetAll", controller = "HaTangMang"}. Executing controller action with signature System.Threading.Tasks.Task`1[Microsoft.AspNetCore.Mvc.ActionResult`1[ThucLuc.Api.Common.Models.ApiResponse`1[System.Collections.Generic.IReadOnlyCollection`1[ThucLuc.Application.Features.HaTangMang.HaTangMangDto]]]] GetAll(System.Threading.CancellationToken) on controller ThucLuc.Api.Controllers.V1.HaTangMangController (ThucLuc.Api).
2026-05-06 11:27:03.477 +07:00 [INF] Executing OkObjectResult, writing value of type 'ThucLuc.Api.Common.Models.ApiResponse`1[[ThucLuc.Application.Features.DonVi.DonViDto, ThucLuc.Application, Version=1.0.0.0, Culture=neutral, PublicKeyToken=null]]'.
2026-05-06 11:27:03.478 +07:00 [INF] Executing OkObjectResult, writing value of type 'ThucLuc.Api.Common.Models.ApiResponse`1[[System.Collections.Generic.IReadOnlyCollection`1[[ThucLuc.Application.Features.HaTangMang.HaTangMangDto, ThucLuc.Application, Version=1.0.0.0, Culture=neutral, PublicKeyToken=null]], System.Private.CoreLib, Version=8.0.0.0, Culture=neutral, PublicKeyToken=7cec85d7bea7798e]]'.
2026-05-06 11:27:03.478 +07:00 [INF] Executed action ThucLuc.Api.Controllers.V1.DonViController.GetById (ThucLuc.Api) in 4.0081ms
2026-05-06 11:27:03.480 +07:00 [INF] Executed action ThucLuc.Api.Controllers.V1.HaTangMangController.GetAll (ThucLuc.Api) in 3.4179ms
2026-05-06 11:27:03.480 +07:00 [INF] Request starting HTTP/1.1 GET http://localhost:5283/api/v1/don-vi/2001 - null null
2026-05-06 11:27:03.481 +07:00 [INF] Executed endpoint 'ThucLuc.Api.Controllers.V1.DonViController.GetById (ThucLuc.Api)'
2026-05-06 11:27:03.483 +07:00 [INF] Executed endpoint 'ThucLuc.Api.Controllers.V1.HaTangMangController.GetAll (ThucLuc.Api)'
2026-05-06 11:27:03.486 +07:00 [INF] CORS policy execution successful.
2026-05-06 11:27:03.487 +07:00 [INF] HTTP GET /api/v1/don-vi/2001 => 200 in 20.6986 ms CorrelationId=b6892384effb427db129d914326aae69 UserId=5001
2026-05-06 11:27:03.488 +07:00 [INF] HTTP GET /api/v1/ha-tang-mang => 200 in 19.1523 ms CorrelationId=98f22ce4b01f45b7bfe3ef6c6cce2da5 UserId=5001
2026-05-06 11:27:03.489 +07:00 [INF] Executing endpoint 'ThucLuc.Api.Controllers.V1.DonViController.GetById (ThucLuc.Api)'
2026-05-06 11:27:03.491 +07:00 [INF] HTTP GET /api/v1/don-vi/2001 responded 200 in 25.0730 ms
2026-05-06 11:27:03.493 +07:00 [INF] HTTP GET /api/v1/ha-tang-mang responded 200 in 24.5805 ms
2026-05-06 11:27:03.494 +07:00 [INF] Route matched with {action = "GetById", controller = "DonVi"}. Executing controller action with signature System.Threading.Tasks.Task`1[Microsoft.AspNetCore.Mvc.ActionResult`1[ThucLuc.Api.Common.Models.ApiResponse`1[ThucLuc.Application.Features.DonVi.DonViDto]]] GetById(Int64, System.Threading.CancellationToken) on controller ThucLuc.Api.Controllers.V1.DonViController (ThucLuc.Api).
2026-05-06 11:27:03.496 +07:00 [INF] Request finished HTTP/1.1 GET http://localhost:5283/api/v1/don-vi/2001 - 200 null application/json; charset=utf-8 32.842ms
2026-05-06 11:27:03.498 +07:00 [INF] Request finished HTTP/1.1 GET http://localhost:5283/api/v1/ha-tang-mang?donViId=2001 - 200 null application/json; charset=utf-8 32.9238ms
2026-05-06 11:27:03.502 +07:00 [INF] Executing OkObjectResult, writing value of type 'ThucLuc.Api.Common.Models.ApiResponse`1[[ThucLuc.Application.Features.DonVi.DonViDto, ThucLuc.Application, Version=1.0.0.0, Culture=neutral, PublicKeyToken=null]]'.
2026-05-06 11:27:03.508 +07:00 [INF] Executed action ThucLuc.Api.Controllers.V1.DonViController.GetById (ThucLuc.Api) in 8.6035ms
2026-05-06 11:27:03.510 +07:00 [INF] Executed endpoint 'ThucLuc.Api.Controllers.V1.DonViController.GetById (ThucLuc.Api)'
2026-05-06 11:27:03.511 +07:00 [INF] HTTP GET /api/v1/don-vi/2001 => 200 in 24.9444 ms CorrelationId=96f15c08df744b4cbabba2e3960c9996 UserId=5001
2026-05-06 11:27:03.513 +07:00 [INF] HTTP GET /api/v1/don-vi/2001 responded 200 in 26.9868 ms
2026-05-06 11:27:03.514 +07:00 [INF] Request finished HTTP/1.1 GET http://localhost:5283/api/v1/don-vi/2001 - 200 null application/json; charset=utf-8 34.4658ms
2026-05-06 12:14:05.045 +07:00 [INF] Request starting HTTP/1.1 OPTIONS http://localhost:5283/api/v1/don-vi/2001 - null null
2026-05-06 12:14:05.048 +07:00 [INF] Request starting HTTP/1.1 OPTIONS http://localhost:5283/api/v1/ha-tang-mang?donViId=2001 - null null
2026-05-06 12:14:05.048 +07:00 [INF] Request starting HTTP/1.1 OPTIONS http://localhost:5283/api/v1/don-vi/2001 - null null
2026-05-06 12:14:05.049 +07:00 [INF] CORS policy execution successful.
2026-05-06 12:14:05.052 +07:00 [INF] CORS policy execution successful.
2026-05-06 12:14:05.054 +07:00 [INF] CORS policy execution successful.
2026-05-06 12:14:05.055 +07:00 [INF] HTTP OPTIONS /api/v1/don-vi/2001 => 204 in 5.6181 ms CorrelationId=278d2c02e14e436a88abd6fb3c16ac72 UserId=anonymous
2026-05-06 12:14:05.056 +07:00 [INF] HTTP OPTIONS /api/v1/ha-tang-mang => 204 in 4.8061 ms CorrelationId=cbcc5dfe309547409b0cba9e1b30bcbf UserId=anonymous
2026-05-06 12:14:05.058 +07:00 [INF] HTTP OPTIONS /api/v1/don-vi/2001 => 204 in 3.4062 ms CorrelationId=a84ab1a131254e96af6188fd3fecaa9d UserId=anonymous
2026-05-06 12:14:05.061 +07:00 [INF] HTTP OPTIONS /api/v1/don-vi/2001 responded 204 in 11.8970 ms
2026-05-06 12:14:05.065 +07:00 [INF] HTTP OPTIONS /api/v1/ha-tang-mang responded 204 in 13.2479 ms
2026-05-06 12:14:05.068 +07:00 [INF] HTTP OPTIONS /api/v1/don-vi/2001 responded 204 in 13.5460 ms
2026-05-06 12:14:05.071 +07:00 [INF] Request finished HTTP/1.1 OPTIONS http://localhost:5283/api/v1/don-vi/2001 - 204 null null 25.3927ms
2026-05-06 12:14:05.073 +07:00 [INF] Request finished HTTP/1.1 OPTIONS http://localhost:5283/api/v1/ha-tang-mang?donViId=2001 - 204 null null 25.7439ms
2026-05-06 12:14:05.076 +07:00 [INF] Request finished HTTP/1.1 OPTIONS http://localhost:5283/api/v1/don-vi/2001 - 204 null null 28.6048ms
2026-05-06 12:14:05.080 +07:00 [INF] Request starting HTTP/1.1 GET http://localhost:5283/api/v1/don-vi/2001 - null null
2026-05-06 12:14:05.085 +07:00 [INF] Request starting HTTP/1.1 GET http://localhost:5283/api/v1/ha-tang-mang?donViId=2001 - null null
2026-05-06 12:14:05.091 +07:00 [INF] CORS policy execution successful.
2026-05-06 12:14:05.093 +07:00 [INF] CORS policy execution successful.
2026-05-06 12:14:05.095 +07:00 [INF] Executing endpoint 'ThucLuc.Api.Controllers.V1.DonViController.GetById (ThucLuc.Api)'
2026-05-06 12:14:05.095 +07:00 [INF] Executing endpoint 'ThucLuc.Api.Controllers.V1.HaTangMangController.GetAll (ThucLuc.Api)'
2026-05-06 12:14:05.097 +07:00 [INF] Route matched with {action = "GetById", controller = "DonVi"}. Executing controller action with signature System.Threading.Tasks.Task`1[Microsoft.AspNetCore.Mvc.ActionResult`1[ThucLuc.Api.Common.Models.ApiResponse`1[ThucLuc.Application.Features.DonVi.DonViDto]]] GetById(Int64, System.Threading.CancellationToken) on controller ThucLuc.Api.Controllers.V1.DonViController (ThucLuc.Api).
2026-05-06 12:14:05.098 +07:00 [INF] Route matched with {action = "GetAll", controller = "HaTangMang"}. Executing controller action with signature System.Threading.Tasks.Task`1[Microsoft.AspNetCore.Mvc.ActionResult`1[ThucLuc.Api.Common.Models.ApiResponse`1[System.Collections.Generic.IReadOnlyCollection`1[ThucLuc.Application.Features.HaTangMang.HaTangMangDto]]]] GetAll(System.Threading.CancellationToken) on controller ThucLuc.Api.Controllers.V1.HaTangMangController (ThucLuc.Api).
2026-05-06 12:14:05.147 +07:00 [INF] Executing OkObjectResult, writing value of type 'ThucLuc.Api.Common.Models.ApiResponse`1[[ThucLuc.Application.Features.DonVi.DonViDto, ThucLuc.Application, Version=1.0.0.0, Culture=neutral, PublicKeyToken=null]]'.
2026-05-06 12:14:05.149 +07:00 [INF] Executed action ThucLuc.Api.Controllers.V1.DonViController.GetById (ThucLuc.Api) in 50.0866ms
2026-05-06 12:14:05.150 +07:00 [INF] Request starting HTTP/1.1 GET http://localhost:5283/api/v1/don-vi/2001 - null null
2026-05-06 12:14:05.152 +07:00 [INF] Executed endpoint 'ThucLuc.Api.Controllers.V1.DonViController.GetById (ThucLuc.Api)'
2026-05-06 12:14:05.155 +07:00 [INF] CORS policy execution successful.
2026-05-06 12:14:05.158 +07:00 [INF] HTTP GET /api/v1/don-vi/2001 => 200 in 66.9297 ms CorrelationId=6e03bf5514564cdf8a127c6ff73d9e6f UserId=5001
2026-05-06 12:14:05.159 +07:00 [INF] Executing endpoint 'ThucLuc.Api.Controllers.V1.DonViController.GetById (ThucLuc.Api)'
2026-05-06 12:14:05.161 +07:00 [INF] HTTP GET /api/v1/don-vi/2001 responded 200 in 70.5841 ms
2026-05-06 12:14:05.163 +07:00 [INF] Route matched with {action = "GetById", controller = "DonVi"}. Executing controller action with signature System.Threading.Tasks.Task`1[Microsoft.AspNetCore.Mvc.ActionResult`1[ThucLuc.Api.Common.Models.ApiResponse`1[ThucLuc.Application.Features.DonVi.DonViDto]]] GetById(Int64, System.Threading.CancellationToken) on controller ThucLuc.Api.Controllers.V1.DonViController (ThucLuc.Api).
2026-05-06 12:14:05.165 +07:00 [INF] Request finished HTTP/1.1 GET http://localhost:5283/api/v1/don-vi/2001 - 200 null application/json; charset=utf-8 84.5264ms
2026-05-06 12:14:05.169 +07:00 [INF] Executing OkObjectResult, writing value of type 'ThucLuc.Api.Common.Models.ApiResponse`1[[ThucLuc.Application.Features.DonVi.DonViDto, ThucLuc.Application, Version=1.0.0.0, Culture=neutral, PublicKeyToken=null]]'.
2026-05-06 12:14:05.172 +07:00 [INF] Executed action ThucLuc.Api.Controllers.V1.DonViController.GetById (ThucLuc.Api) in 4.8492ms
2026-05-06 12:14:05.174 +07:00 [INF] Executed endpoint 'ThucLuc.Api.Controllers.V1.DonViController.GetById (ThucLuc.Api)'
2026-05-06 12:14:05.175 +07:00 [INF] HTTP GET /api/v1/don-vi/2001 => 200 in 19.6119 ms CorrelationId=ed5cc2e678d347dd9cfce0d40b09c185 UserId=5001
2026-05-06 12:14:05.178 +07:00 [INF] HTTP GET /api/v1/don-vi/2001 responded 200 in 22.5134 ms
2026-05-06 12:14:05.180 +07:00 [INF] Request finished HTTP/1.1 GET http://localhost:5283/api/v1/don-vi/2001 - 200 null application/json; charset=utf-8 29.7819ms
2026-05-06 12:14:05.181 +07:00 [INF] Executing OkObjectResult, writing value of type 'ThucLuc.Api.Common.Models.ApiResponse`1[[System.Collections.Generic.IReadOnlyCollection`1[[ThucLuc.Application.Features.HaTangMang.HaTangMangDto, ThucLuc.Application, Version=1.0.0.0, Culture=neutral, PublicKeyToken=null]], System.Private.CoreLib, Version=8.0.0.0, Culture=neutral, PublicKeyToken=7cec85d7bea7798e]]'.
2026-05-06 12:14:05.187 +07:00 [INF] Executed action ThucLuc.Api.Controllers.V1.HaTangMangController.GetAll (ThucLuc.Api) in 85.5276ms
2026-05-06 12:14:05.189 +07:00 [INF] Executed endpoint 'ThucLuc.Api.Controllers.V1.HaTangMangController.GetAll (ThucLuc.Api)'
2026-05-06 12:14:05.190 +07:00 [INF] HTTP GET /api/v1/ha-tang-mang => 200 in 97.1277 ms CorrelationId=6a7c1f82019346198c5aa4a3f0bea8b8 UserId=5001
2026-05-06 12:14:05.193 +07:00 [INF] HTTP GET /api/v1/ha-tang-mang responded 200 in 99.7792 ms
2026-05-06 12:14:05.195 +07:00 [INF] Request finished HTTP/1.1 GET http://localhost:5283/api/v1/ha-tang-mang?donViId=2001 - 200 null application/json; charset=utf-8 110.7641ms
2026-05-06 12:15:11.228 +07:00 [INF] Request starting HTTP/1.1 OPTIONS http://localhost:5283/api/v1/don-vi/2001 - null null
2026-05-06 12:15:11.228 +07:00 [INF] Request starting HTTP/1.1 OPTIONS http://localhost:5283/api/v1/ha-tang-mang?donViId=2001 - null null
2026-05-06 12:15:11.229 +07:00 [INF] Request starting HTTP/1.1 OPTIONS http://localhost:5283/api/v1/don-vi/2001 - null null
2026-05-06 12:15:11.231 +07:00 [INF] CORS policy execution successful.
2026-05-06 12:15:11.233 +07:00 [INF] CORS policy execution successful.
2026-05-06 12:15:11.236 +07:00 [INF] CORS policy execution successful.
2026-05-06 12:15:11.237 +07:00 [INF] HTTP OPTIONS /api/v1/don-vi/2001 => 204 in 6.6424 ms CorrelationId=cb533865e3b9489d87196d8c79daa474 UserId=anonymous
2026-05-06 12:15:11.238 +07:00 [INF] HTTP OPTIONS /api/v1/ha-tang-mang => 204 in 5.0355 ms CorrelationId=956633e502cd4c79be8310d74ae3ba0b UserId=anonymous
2026-05-06 12:15:11.239 +07:00 [INF] HTTP OPTIONS /api/v1/don-vi/2001 => 204 in 2.9854 ms CorrelationId=733d83ae85e64b9d9dcd798cf4bd0d7f UserId=anonymous
2026-05-06 12:15:11.241 +07:00 [INF] HTTP OPTIONS /api/v1/don-vi/2001 responded 204 in 10.7371 ms
2026-05-06 12:15:11.244 +07:00 [INF] HTTP OPTIONS /api/v1/ha-tang-mang responded 204 in 10.7088 ms
2026-05-06 12:15:11.246 +07:00 [INF] HTTP OPTIONS /api/v1/don-vi/2001 responded 204 in 9.9734 ms
2026-05-06 12:15:11.248 +07:00 [INF] Request finished HTTP/1.1 OPTIONS http://localhost:5283/api/v1/don-vi/2001 - 204 null null 20.7542ms
2026-05-06 12:15:11.250 +07:00 [INF] Request finished HTTP/1.1 OPTIONS http://localhost:5283/api/v1/ha-tang-mang?donViId=2001 - 204 null null 22.103ms
2026-05-06 12:15:11.252 +07:00 [INF] Request finished HTTP/1.1 OPTIONS http://localhost:5283/api/v1/don-vi/2001 - 204 null null 23.677ms
2026-05-06 12:15:11.259 +07:00 [INF] Request starting HTTP/1.1 GET http://localhost:5283/api/v1/don-vi/2001 - null null
2026-05-06 12:15:11.263 +07:00 [INF] Request starting HTTP/1.1 GET http://localhost:5283/api/v1/ha-tang-mang?donViId=2001 - null null
2026-05-06 12:15:11.265 +07:00 [INF] CORS policy execution successful.
2026-05-06 12:15:11.268 +07:00 [INF] CORS policy execution successful.
2026-05-06 12:15:11.269 +07:00 [INF] Executing endpoint 'ThucLuc.Api.Controllers.V1.DonViController.GetById (ThucLuc.Api)'
2026-05-06 12:15:11.270 +07:00 [INF] Executing endpoint 'ThucLuc.Api.Controllers.V1.HaTangMangController.GetAll (ThucLuc.Api)'
2026-05-06 12:15:11.271 +07:00 [INF] Route matched with {action = "GetById", controller = "DonVi"}. Executing controller action with signature System.Threading.Tasks.Task`1[Microsoft.AspNetCore.Mvc.ActionResult`1[ThucLuc.Api.Common.Models.ApiResponse`1[ThucLuc.Application.Features.DonVi.DonViDto]]] GetById(Int64, System.Threading.CancellationToken) on controller ThucLuc.Api.Controllers.V1.DonViController (ThucLuc.Api).
2026-05-06 12:15:11.272 +07:00 [INF] Route matched with {action = "GetAll", controller = "HaTangMang"}. Executing controller action with signature System.Threading.Tasks.Task`1[Microsoft.AspNetCore.Mvc.ActionResult`1[ThucLuc.Api.Common.Models.ApiResponse`1[System.Collections.Generic.IReadOnlyCollection`1[ThucLuc.Application.Features.HaTangMang.HaTangMangDto]]]] GetAll(System.Threading.CancellationToken) on controller ThucLuc.Api.Controllers.V1.HaTangMangController (ThucLuc.Api).
2026-05-06 12:15:11.319 +07:00 [INF] Executing OkObjectResult, writing value of type 'ThucLuc.Api.Common.Models.ApiResponse`1[[System.Collections.Generic.IReadOnlyCollection`1[[ThucLuc.Application.Features.HaTangMang.HaTangMangDto, ThucLuc.Application, Version=1.0.0.0, Culture=neutral, PublicKeyToken=null]], System.Private.CoreLib, Version=8.0.0.0, Culture=neutral, PublicKeyToken=7cec85d7bea7798e]]'.
2026-05-06 12:15:11.320 +07:00 [INF] Executing OkObjectResult, writing value of type 'ThucLuc.Api.Common.Models.ApiResponse`1[[ThucLuc.Application.Features.DonVi.DonViDto, ThucLuc.Application, Version=1.0.0.0, Culture=neutral, PublicKeyToken=null]]'.
2026-05-06 12:15:11.321 +07:00 [INF] Executed action ThucLuc.Api.Controllers.V1.HaTangMangController.GetAll (ThucLuc.Api) in 45.6022ms
2026-05-06 12:15:11.322 +07:00 [INF] Executed action ThucLuc.Api.Controllers.V1.DonViController.GetById (ThucLuc.Api) in 48.6436ms
2026-05-06 12:15:11.323 +07:00 [INF] Request starting HTTP/1.1 GET http://localhost:5283/api/v1/don-vi/2001 - null null
2026-05-06 12:15:11.324 +07:00 [INF] Executed endpoint 'ThucLuc.Api.Controllers.V1.HaTangMangController.GetAll (ThucLuc.Api)'
2026-05-06 12:15:11.326 +07:00 [INF] Executed endpoint 'ThucLuc.Api.Controllers.V1.DonViController.GetById (ThucLuc.Api)'
2026-05-06 12:15:11.329 +07:00 [INF] CORS policy execution successful.
2026-05-06 12:15:11.330 +07:00 [INF] HTTP GET /api/v1/ha-tang-mang => 200 in 62.6414 ms CorrelationId=6e525e3817ee42adad128f78d6e3ab75 UserId=5001
2026-05-06 12:15:11.331 +07:00 [INF] HTTP GET /api/v1/don-vi/2001 => 200 in 66.0003 ms CorrelationId=1aeb533ae097484c93b3c90ee6544fed UserId=5001
2026-05-06 12:15:11.332 +07:00 [INF] Executing endpoint 'ThucLuc.Api.Controllers.V1.DonViController.GetById (ThucLuc.Api)'
2026-05-06 12:15:11.334 +07:00 [INF] HTTP GET /api/v1/ha-tang-mang responded 200 in 66.7731 ms
2026-05-06 12:15:11.337 +07:00 [INF] HTTP GET /api/v1/don-vi/2001 responded 200 in 71.2829 ms
2026-05-06 12:15:11.338 +07:00 [INF] Route matched with {action = "GetById", controller = "DonVi"}. Executing controller action with signature System.Threading.Tasks.Task`1[Microsoft.AspNetCore.Mvc.ActionResult`1[ThucLuc.Api.Common.Models.ApiResponse`1[ThucLuc.Application.Features.DonVi.DonViDto]]] GetById(Int64, System.Threading.CancellationToken) on controller ThucLuc.Api.Controllers.V1.DonViController (ThucLuc.Api).
2026-05-06 12:15:11.340 +07:00 [INF] Request finished HTTP/1.1 GET http://localhost:5283/api/v1/ha-tang-mang?donViId=2001 - 200 null application/json; charset=utf-8 77.0863ms
2026-05-06 12:15:11.342 +07:00 [INF] Request finished HTTP/1.1 GET http://localhost:5283/api/v1/don-vi/2001 - 200 null application/json; charset=utf-8 82.6826ms
2026-05-06 12:15:11.390 +07:00 [INF] Executing OkObjectResult, writing value of type 'ThucLuc.Api.Common.Models.ApiResponse`1[[ThucLuc.Application.Features.DonVi.DonViDto, ThucLuc.Application, Version=1.0.0.0, Culture=neutral, PublicKeyToken=null]]'.
2026-05-06 12:15:11.392 +07:00 [INF] Executed action ThucLuc.Api.Controllers.V1.DonViController.GetById (ThucLuc.Api) in 48.2973ms
2026-05-06 12:15:11.394 +07:00 [INF] Executed endpoint 'ThucLuc.Api.Controllers.V1.DonViController.GetById (ThucLuc.Api)'
2026-05-06 12:15:11.395 +07:00 [INF] HTTP GET /api/v1/don-vi/2001 => 200 in 66.3163 ms CorrelationId=ab57156b6d9643f987fb1ac049aa7c83 UserId=5001
2026-05-06 12:15:11.397 +07:00 [INF] HTTP GET /api/v1/don-vi/2001 responded 200 in 68.5822 ms
2026-05-06 12:15:11.399 +07:00 [INF] Request finished HTTP/1.1 GET http://localhost:5283/api/v1/don-vi/2001 - 200 null application/json; charset=utf-8 76.0047ms
2026-05-06 12:16:00.446 +07:00 [INF] Request starting HTTP/1.1 OPTIONS http://localhost:5283/api/v1/don-vi/2001 - null null
2026-05-06 12:16:00.448 +07:00 [INF] Request starting HTTP/1.1 OPTIONS http://localhost:5283/api/v1/don-vi/2001 - null null
2026-05-06 12:16:00.449 +07:00 [INF] Request starting HTTP/1.1 OPTIONS http://localhost:5283/api/v1/ha-tang-mang?donViId=2001 - null null
2026-05-06 12:16:00.452 +07:00 [INF] CORS policy execution successful.
2026-05-06 12:16:00.459 +07:00 [INF] CORS policy execution successful.
2026-05-06 12:16:00.463 +07:00 [INF] CORS policy execution successful.
2026-05-06 12:16:00.464 +07:00 [INF] HTTP OPTIONS /api/v1/don-vi/2001 => 204 in 11.9537 ms CorrelationId=af89bdc2af4e427dadb21e746bae9c2a UserId=anonymous
2026-05-06 12:16:00.465 +07:00 [INF] HTTP OPTIONS /api/v1/don-vi/2001 => 204 in 5.9659 ms CorrelationId=df0fac146c11436bbf7eee67545c8a38 UserId=anonymous
2026-05-06 12:16:00.466 +07:00 [INF] HTTP OPTIONS /api/v1/ha-tang-mang => 204 in 2.8645 ms CorrelationId=00fa11baed22459a9029b8c49036c7a5 UserId=anonymous
2026-05-06 12:16:00.470 +07:00 [INF] HTTP OPTIONS /api/v1/don-vi/2001 responded 204 in 17.3878 ms
2026-05-06 12:16:00.473 +07:00 [INF] HTTP OPTIONS /api/v1/don-vi/2001 responded 204 in 13.2345 ms
2026-05-06 12:16:00.475 +07:00 [INF] HTTP OPTIONS /api/v1/ha-tang-mang responded 204 in 11.9749 ms
2026-05-06 12:16:00.477 +07:00 [INF] Request finished HTTP/1.1 OPTIONS http://localhost:5283/api/v1/don-vi/2001 - 204 null null 31.1127ms
2026-05-06 12:16:00.480 +07:00 [INF] Request finished HTTP/1.1 OPTIONS http://localhost:5283/api/v1/don-vi/2001 - 204 null null 31.1594ms
2026-05-06 12:16:00.481 +07:00 [INF] Request finished HTTP/1.1 OPTIONS http://localhost:5283/api/v1/ha-tang-mang?donViId=2001 - 204 null null 32.5235ms
2026-05-06 12:16:00.485 +07:00 [INF] Request starting HTTP/1.1 GET http://localhost:5283/api/v1/don-vi/2001 - null null
2026-05-06 12:16:00.493 +07:00 [INF] Request starting HTTP/1.1 GET http://localhost:5283/api/v1/ha-tang-mang?donViId=2001 - null null
2026-05-06 12:16:00.495 +07:00 [INF] CORS policy execution successful.
2026-05-06 12:16:00.498 +07:00 [INF] CORS policy execution successful.
2026-05-06 12:16:00.499 +07:00 [INF] Executing endpoint 'ThucLuc.Api.Controllers.V1.DonViController.GetById (ThucLuc.Api)'
2026-05-06 12:16:00.500 +07:00 [INF] Executing endpoint 'ThucLuc.Api.Controllers.V1.HaTangMangController.GetAll (ThucLuc.Api)'
2026-05-06 12:16:00.501 +07:00 [INF] Route matched with {action = "GetById", controller = "DonVi"}. Executing controller action with signature System.Threading.Tasks.Task`1[Microsoft.AspNetCore.Mvc.ActionResult`1[ThucLuc.Api.Common.Models.ApiResponse`1[ThucLuc.Application.Features.DonVi.DonViDto]]] GetById(Int64, System.Threading.CancellationToken) on controller ThucLuc.Api.Controllers.V1.DonViController (ThucLuc.Api).
2026-05-06 12:16:00.502 +07:00 [INF] Route matched with {action = "GetAll", controller = "HaTangMang"}. Executing controller action with signature System.Threading.Tasks.Task`1[Microsoft.AspNetCore.Mvc.ActionResult`1[ThucLuc.Api.Common.Models.ApiResponse`1[System.Collections.Generic.IReadOnlyCollection`1[ThucLuc.Application.Features.HaTangMang.HaTangMangDto]]]] GetAll(System.Threading.CancellationToken) on controller ThucLuc.Api.Controllers.V1.HaTangMangController (ThucLuc.Api).
2026-05-06 12:16:00.549 +07:00 [INF] Executing OkObjectResult, writing value of type 'ThucLuc.Api.Common.Models.ApiResponse`1[[System.Collections.Generic.IReadOnlyCollection`1[[ThucLuc.Application.Features.HaTangMang.HaTangMangDto, ThucLuc.Application, Version=1.0.0.0, Culture=neutral, PublicKeyToken=null]], System.Private.CoreLib, Version=8.0.0.0, Culture=neutral, PublicKeyToken=7cec85d7bea7798e]]'.
2026-05-06 12:16:00.549 +07:00 [INF] Executing OkObjectResult, writing value of type 'ThucLuc.Api.Common.Models.ApiResponse`1[[ThucLuc.Application.Features.DonVi.DonViDto, ThucLuc.Application, Version=1.0.0.0, Culture=neutral, PublicKeyToken=null]]'.
2026-05-06 12:16:00.553 +07:00 [INF] Executed action ThucLuc.Api.Controllers.V1.HaTangMangController.GetAll (ThucLuc.Api) in 46.7795ms
2026-05-06 12:16:00.555 +07:00 [INF] Executed action ThucLuc.Api.Controllers.V1.DonViController.GetById (ThucLuc.Api) in 51.2655ms
2026-05-06 12:16:00.556 +07:00 [INF] Request starting HTTP/1.1 GET http://localhost:5283/api/v1/don-vi/2001 - null null
2026-05-06 12:16:00.557 +07:00 [INF] Executed endpoint 'ThucLuc.Api.Controllers.V1.HaTangMangController.GetAll (ThucLuc.Api)'
2026-05-06 12:16:00.559 +07:00 [INF] Executed endpoint 'ThucLuc.Api.Controllers.V1.DonViController.GetById (ThucLuc.Api)'
2026-05-06 12:16:00.563 +07:00 [INF] CORS policy execution successful.
2026-05-06 12:16:00.564 +07:00 [INF] HTTP GET /api/v1/ha-tang-mang => 200 in 65.9266 ms CorrelationId=7fbef893f88a419aa75bd8d76afd7715 UserId=5001
2026-05-06 12:16:00.565 +07:00 [INF] HTTP GET /api/v1/don-vi/2001 => 200 in 69.3291 ms CorrelationId=e6618247f7154453b01deb570e40af46 UserId=5001
2026-05-06 12:16:00.566 +07:00 [INF] Executing endpoint 'ThucLuc.Api.Controllers.V1.DonViController.GetById (ThucLuc.Api)'
2026-05-06 12:16:00.568 +07:00 [INF] HTTP GET /api/v1/ha-tang-mang responded 200 in 70.3135 ms
2026-05-06 12:16:00.571 +07:00 [INF] HTTP GET /api/v1/don-vi/2001 responded 200 in 75.4363 ms
2026-05-06 12:16:00.572 +07:00 [INF] Route matched with {action = "GetById", controller = "DonVi"}. Executing controller action with signature System.Threading.Tasks.Task`1[Microsoft.AspNetCore.Mvc.ActionResult`1[ThucLuc.Api.Common.Models.ApiResponse`1[ThucLuc.Application.Features.DonVi.DonViDto]]] GetById(Int64, System.Threading.CancellationToken) on controller ThucLuc.Api.Controllers.V1.DonViController (ThucLuc.Api).
2026-05-06 12:16:00.573 +07:00 [INF] Request finished HTTP/1.1 GET http://localhost:5283/api/v1/ha-tang-mang?donViId=2001 - 200 null application/json; charset=utf-8 79.6777ms
2026-05-06 12:16:00.575 +07:00 [INF] Request finished HTTP/1.1 GET http://localhost:5283/api/v1/don-vi/2001 - 200 null application/json; charset=utf-8 89.3079ms
2026-05-06 12:16:00.622 +07:00 [INF] Executing OkObjectResult, writing value of type 'ThucLuc.Api.Common.Models.ApiResponse`1[[ThucLuc.Application.Features.DonVi.DonViDto, ThucLuc.Application, Version=1.0.0.0, Culture=neutral, PublicKeyToken=null]]'.
2026-05-06 12:16:00.624 +07:00 [INF] Executed action ThucLuc.Api.Controllers.V1.DonViController.GetById (ThucLuc.Api) in 46.775ms
2026-05-06 12:16:00.625 +07:00 [INF] Executed endpoint 'ThucLuc.Api.Controllers.V1.DonViController.GetById (ThucLuc.Api)'
2026-05-06 12:16:00.626 +07:00 [INF] HTTP GET /api/v1/don-vi/2001 => 200 in 63.1372 ms CorrelationId=512d7911582e496fa6fecdcc8cc6f3af UserId=5001
2026-05-06 12:16:00.629 +07:00 [INF] HTTP GET /api/v1/don-vi/2001 responded 200 in 65.6511 ms
2026-05-06 12:16:00.630 +07:00 [INF] Request finished HTTP/1.1 GET http://localhost:5283/api/v1/don-vi/2001 - 200 null application/json; charset=utf-8 74.3589ms
2026-05-06 12:17:53.522 +07:00 [INF] Request starting HTTP/1.1 OPTIONS http://localhost:5283/api/v1/don-vi/2001 - null null
2026-05-06 12:17:53.526 +07:00 [INF] CORS policy execution successful.
2026-05-06 12:17:53.527 +07:00 [INF] HTTP OPTIONS /api/v1/don-vi/2001 => 204 in 0.8549 ms CorrelationId=c7d79a52e0a3445883423ba1829be0f5 UserId=anonymous
2026-05-06 12:17:53.528 +07:00 [INF] Request starting HTTP/1.1 OPTIONS http://localhost:5283/api/v1/ha-tang-mang?donViId=2001 - null null
2026-05-06 12:17:53.528 +07:00 [INF] Request starting HTTP/1.1 OPTIONS http://localhost:5283/api/v1/don-vi/2001 - null null
2026-05-06 12:17:53.529 +07:00 [INF] HTTP OPTIONS /api/v1/don-vi/2001 responded 204 in 3.3758 ms
2026-05-06 12:17:53.532 +07:00 [INF] CORS policy execution successful.
2026-05-06 12:17:53.535 +07:00 [INF] CORS policy execution successful.
2026-05-06 12:17:53.537 +07:00 [INF] Request finished HTTP/1.1 OPTIONS http://localhost:5283/api/v1/don-vi/2001 - 204 null null 14.5494ms
2026-05-06 12:17:53.537 +07:00 [INF] HTTP OPTIONS /api/v1/ha-tang-mang => 204 in 5.8095 ms CorrelationId=b5e4376d9c6b4e0186d09f1cf64952ef UserId=anonymous
2026-05-06 12:17:53.538 +07:00 [INF] HTTP OPTIONS /api/v1/don-vi/2001 => 204 in 3.4162 ms CorrelationId=cccf6ee7c49540408e9692b24c1b5316 UserId=anonymous
2026-05-06 12:17:53.541 +07:00 [INF] Request starting HTTP/1.1 GET http://localhost:5283/api/v1/don-vi/2001 - null null
2026-05-06 12:17:53.543 +07:00 [INF] HTTP OPTIONS /api/v1/ha-tang-mang responded 204 in 11.2799 ms
2026-05-06 12:17:53.545 +07:00 [INF] HTTP OPTIONS /api/v1/don-vi/2001 responded 204 in 10.3326 ms
2026-05-06 12:17:53.549 +07:00 [INF] CORS policy execution successful.
2026-05-06 12:17:53.550 +07:00 [INF] Request finished HTTP/1.1 OPTIONS http://localhost:5283/api/v1/ha-tang-mang?donViId=2001 - 204 null null 22.0132ms
2026-05-06 12:17:53.551 +07:00 [INF] Request finished HTTP/1.1 OPTIONS http://localhost:5283/api/v1/don-vi/2001 - 204 null null 23.0513ms
2026-05-06 12:17:53.552 +07:00 [INF] Executing endpoint 'ThucLuc.Api.Controllers.V1.DonViController.GetById (ThucLuc.Api)'
2026-05-06 12:17:53.555 +07:00 [INF] Request starting HTTP/1.1 GET http://localhost:5283/api/v1/ha-tang-mang?donViId=2001 - null null
2026-05-06 12:17:53.559 +07:00 [INF] Route matched with {action = "GetById", controller = "DonVi"}. Executing controller action with signature System.Threading.Tasks.Task`1[Microsoft.AspNetCore.Mvc.ActionResult`1[ThucLuc.Api.Common.Models.ApiResponse`1[ThucLuc.Application.Features.DonVi.DonViDto]]] GetById(Int64, System.Threading.CancellationToken) on controller ThucLuc.Api.Controllers.V1.DonViController (ThucLuc.Api).
2026-05-06 12:17:53.560 +07:00 [INF] CORS policy execution successful.
2026-05-06 12:17:53.563 +07:00 [INF] Executing endpoint 'ThucLuc.Api.Controllers.V1.HaTangMangController.GetAll (ThucLuc.Api)'
2026-05-06 12:17:53.564 +07:00 [INF] Route matched with {action = "GetAll", controller = "HaTangMang"}. Executing controller action with signature System.Threading.Tasks.Task`1[Microsoft.AspNetCore.Mvc.ActionResult`1[ThucLuc.Api.Common.Models.ApiResponse`1[System.Collections.Generic.IReadOnlyCollection`1[ThucLuc.Application.Features.HaTangMang.HaTangMangDto]]]] GetAll(System.Threading.CancellationToken) on controller ThucLuc.Api.Controllers.V1.HaTangMangController (ThucLuc.Api).
2026-05-06 12:17:53.611 +07:00 [INF] Executing OkObjectResult, writing value of type 'ThucLuc.Api.Common.Models.ApiResponse`1[[ThucLuc.Application.Features.DonVi.DonViDto, ThucLuc.Application, Version=1.0.0.0, Culture=neutral, PublicKeyToken=null]]'.
2026-05-06 12:17:53.612 +07:00 [INF] Executing OkObjectResult, writing value of type 'ThucLuc.Api.Common.Models.ApiResponse`1[[System.Collections.Generic.IReadOnlyCollection`1[[ThucLuc.Application.Features.HaTangMang.HaTangMangDto, ThucLuc.Application, Version=1.0.0.0, Culture=neutral, PublicKeyToken=null]], System.Private.CoreLib, Version=8.0.0.0, Culture=neutral, PublicKeyToken=7cec85d7bea7798e]]'.
2026-05-06 12:17:53.614 +07:00 [INF] Executed action ThucLuc.Api.Controllers.V1.DonViController.GetById (ThucLuc.Api) in 53.0188ms
2026-05-06 12:17:53.616 +07:00 [INF] Request starting HTTP/1.1 GET http://localhost:5283/api/v1/don-vi/2001 - null null
2026-05-06 12:17:53.617 +07:00 [INF] Executed action ThucLuc.Api.Controllers.V1.HaTangMangController.GetAll (ThucLuc.Api) in 51.0286ms
2026-05-06 12:17:53.619 +07:00 [INF] Executed endpoint 'ThucLuc.Api.Controllers.V1.DonViController.GetById (ThucLuc.Api)'
2026-05-06 12:17:53.622 +07:00 [INF] CORS policy execution successful.
2026-05-06 12:17:53.624 +07:00 [INF] Executed endpoint 'ThucLuc.Api.Controllers.V1.HaTangMangController.GetAll (ThucLuc.Api)'
2026-05-06 12:17:53.625 +07:00 [INF] HTTP GET /api/v1/don-vi/2001 => 200 in 75.95 ms CorrelationId=fded8c89cf574b71b63a43150cf349cb UserId=5001
2026-05-06 12:17:53.625 +07:00 [INF] Executing endpoint 'ThucLuc.Api.Controllers.V1.DonViController.GetById (ThucLuc.Api)'
2026-05-06 12:17:53.627 +07:00 [INF] HTTP GET /api/v1/ha-tang-mang => 200 in 66.6138 ms CorrelationId=e124b56700944e0ba8799ea0b11669ba UserId=5001
2026-05-06 12:17:53.629 +07:00 [INF] HTTP GET /api/v1/don-vi/2001 responded 200 in 80.4505 ms
2026-05-06 12:17:53.630 +07:00 [INF] Route matched with {action = "GetById", controller = "DonVi"}. Executing controller action with signature System.Threading.Tasks.Task`1[Microsoft.AspNetCore.Mvc.ActionResult`1[ThucLuc.Api.Common.Models.ApiResponse`1[ThucLuc.Application.Features.DonVi.DonViDto]]] GetById(Int64, System.Threading.CancellationToken) on controller ThucLuc.Api.Controllers.V1.DonViController (ThucLuc.Api).
2026-05-06 12:17:53.633 +07:00 [INF] HTTP GET /api/v1/ha-tang-mang responded 200 in 72.7941 ms
2026-05-06 12:17:53.635 +07:00 [INF] Request finished HTTP/1.1 GET http://localhost:5283/api/v1/don-vi/2001 - 200 null application/json; charset=utf-8 93.8813ms
2026-05-06 12:17:53.639 +07:00 [INF] Request finished HTTP/1.1 GET http://localhost:5283/api/v1/ha-tang-mang?donViId=2001 - 200 null application/json; charset=utf-8 83.7677ms
2026-05-06 12:17:53.685 +07:00 [INF] Executing OkObjectResult, writing value of type 'ThucLuc.Api.Common.Models.ApiResponse`1[[ThucLuc.Application.Features.DonVi.DonViDto, ThucLuc.Application, Version=1.0.0.0, Culture=neutral, PublicKeyToken=null]]'.
2026-05-06 12:17:53.687 +07:00 [INF] Executed action ThucLuc.Api.Controllers.V1.DonViController.GetById (ThucLuc.Api) in 50.0562ms
2026-05-06 12:17:53.689 +07:00 [INF] Executed endpoint 'ThucLuc.Api.Controllers.V1.DonViController.GetById (ThucLuc.Api)'
2026-05-06 12:17:53.690 +07:00 [INF] HTTP GET /api/v1/don-vi/2001 => 200 in 68.0637 ms CorrelationId=d2b18425d3ac43dbafc97a1dffe8bb9d UserId=5001
2026-05-06 12:17:53.692 +07:00 [INF] HTTP GET /api/v1/don-vi/2001 responded 200 in 70.2809 ms
2026-05-06 12:17:53.695 +07:00 [INF] Request finished HTTP/1.1 GET http://localhost:5283/api/v1/don-vi/2001 - 200 null application/json; charset=utf-8 79.0711ms
2026-05-06 12:20:36.949 +07:00 [INF] Request starting HTTP/1.1 OPTIONS http://localhost:5283/api/v1/don-vi/2001 - null null
2026-05-06 12:20:36.952 +07:00 [INF] Request starting HTTP/1.1 OPTIONS http://localhost:5283/api/v1/ha-tang-mang?donViId=2001 - null null
2026-05-06 12:20:36.952 +07:00 [INF] CORS policy execution successful.
2026-05-06 12:20:36.953 +07:00 [INF] Request starting HTTP/1.1 OPTIONS http://localhost:5283/api/v1/don-vi/2001 - null null
2026-05-06 12:20:36.955 +07:00 [INF] CORS policy execution successful.
2026-05-06 12:20:36.956 +07:00 [INF] HTTP OPTIONS /api/v1/don-vi/2001 => 204 in 4.0239 ms CorrelationId=71de7fc73e19433197ef0b71feac1598 UserId=anonymous
2026-05-06 12:20:36.959 +07:00 [INF] CORS policy execution successful.
2026-05-06 12:20:36.960 +07:00 [INF] HTTP OPTIONS /api/v1/ha-tang-mang => 204 in 4.3282 ms CorrelationId=e9c56943af95438683b608f68980edc2 UserId=anonymous
2026-05-06 12:20:36.962 +07:00 [INF] HTTP OPTIONS /api/v1/don-vi/2001 responded 204 in 10.1567 ms
2026-05-06 12:20:36.963 +07:00 [INF] HTTP OPTIONS /api/v1/don-vi/2001 => 204 in 4.3373 ms CorrelationId=0a953fbf3264405393b2770bd57de8b6 UserId=anonymous
2026-05-06 12:20:36.965 +07:00 [INF] HTTP OPTIONS /api/v1/ha-tang-mang responded 204 in 9.8990 ms
2026-05-06 12:20:36.967 +07:00 [INF] Request finished HTTP/1.1 OPTIONS http://localhost:5283/api/v1/don-vi/2001 - 204 null null 17.5418ms
2026-05-06 12:20:36.969 +07:00 [INF] HTTP OPTIONS /api/v1/don-vi/2001 responded 204 in 10.4725 ms
2026-05-06 12:20:36.971 +07:00 [INF] Request finished HTTP/1.1 OPTIONS http://localhost:5283/api/v1/ha-tang-mang?donViId=2001 - 204 null null 19.2171ms
2026-05-06 12:20:36.975 +07:00 [INF] Request starting HTTP/1.1 GET http://localhost:5283/api/v1/don-vi/2001 - null null
2026-05-06 12:20:36.976 +07:00 [INF] Request finished HTTP/1.1 OPTIONS http://localhost:5283/api/v1/don-vi/2001 - 204 null null 23.5094ms
2026-05-06 12:20:36.979 +07:00 [INF] Request starting HTTP/1.1 GET http://localhost:5283/api/v1/ha-tang-mang?donViId=2001 - null null
2026-05-06 12:20:36.982 +07:00 [INF] CORS policy execution successful.
2026-05-06 12:20:36.989 +07:00 [INF] CORS policy execution successful.
2026-05-06 12:20:36.989 +07:00 [INF] Executing endpoint 'ThucLuc.Api.Controllers.V1.DonViController.GetById (ThucLuc.Api)'
2026-05-06 12:20:36.990 +07:00 [INF] Executing endpoint 'ThucLuc.Api.Controllers.V1.HaTangMangController.GetAll (ThucLuc.Api)'
2026-05-06 12:20:36.992 +07:00 [INF] Route matched with {action = "GetById", controller = "DonVi"}. Executing controller action with signature System.Threading.Tasks.Task`1[Microsoft.AspNetCore.Mvc.ActionResult`1[ThucLuc.Api.Common.Models.ApiResponse`1[ThucLuc.Application.Features.DonVi.DonViDto]]] GetById(Int64, System.Threading.CancellationToken) on controller ThucLuc.Api.Controllers.V1.DonViController (ThucLuc.Api).
2026-05-06 12:20:36.993 +07:00 [INF] Route matched with {action = "GetAll", controller = "HaTangMang"}. Executing controller action with signature System.Threading.Tasks.Task`1[Microsoft.AspNetCore.Mvc.ActionResult`1[ThucLuc.Api.Common.Models.ApiResponse`1[System.Collections.Generic.IReadOnlyCollection`1[ThucLuc.Application.Features.HaTangMang.HaTangMangDto]]]] GetAll(System.Threading.CancellationToken) on controller ThucLuc.Api.Controllers.V1.HaTangMangController (ThucLuc.Api).
2026-05-06 12:20:37.041 +07:00 [INF] Executing OkObjectResult, writing value of type 'ThucLuc.Api.Common.Models.ApiResponse`1[[System.Collections.Generic.IReadOnlyCollection`1[[ThucLuc.Application.Features.HaTangMang.HaTangMangDto, ThucLuc.Application, Version=1.0.0.0, Culture=neutral, PublicKeyToken=null]], System.Private.CoreLib, Version=8.0.0.0, Culture=neutral, PublicKeyToken=7cec85d7bea7798e]]'.
2026-05-06 12:20:37.041 +07:00 [INF] Executing OkObjectResult, writing value of type 'ThucLuc.Api.Common.Models.ApiResponse`1[[ThucLuc.Application.Features.DonVi.DonViDto, ThucLuc.Application, Version=1.0.0.0, Culture=neutral, PublicKeyToken=null]]'.
2026-05-06 12:20:37.043 +07:00 [INF] Executed action ThucLuc.Api.Controllers.V1.HaTangMangController.GetAll (ThucLuc.Api) in 46.3861ms
2026-05-06 12:20:37.044 +07:00 [INF] Executed action ThucLuc.Api.Controllers.V1.DonViController.GetById (ThucLuc.Api) in 49.9091ms
2026-05-06 12:20:37.045 +07:00 [INF] Request starting HTTP/1.1 GET http://localhost:5283/api/v1/don-vi/2001 - null null
2026-05-06 12:20:37.046 +07:00 [INF] Executed endpoint 'ThucLuc.Api.Controllers.V1.HaTangMangController.GetAll (ThucLuc.Api)'
2026-05-06 12:20:37.047 +07:00 [INF] Executed endpoint 'ThucLuc.Api.Controllers.V1.DonViController.GetById (ThucLuc.Api)'
2026-05-06 12:20:37.050 +07:00 [INF] CORS policy execution successful.
2026-05-06 12:20:37.051 +07:00 [INF] HTTP GET /api/v1/ha-tang-mang => 200 in 62.2754 ms CorrelationId=272bdaad9939406eb6196fd0da337ab0 UserId=5001
2026-05-06 12:20:37.052 +07:00 [INF] HTTP GET /api/v1/don-vi/2001 => 200 in 70.0526 ms CorrelationId=5c111cea7c5648229aae0d9575e89749 UserId=5001
2026-05-06 12:20:37.053 +07:00 [INF] Executing endpoint 'ThucLuc.Api.Controllers.V1.DonViController.GetById (ThucLuc.Api)'
2026-05-06 12:20:37.055 +07:00 [INF] HTTP GET /api/v1/ha-tang-mang responded 200 in 66.8124 ms
2026-05-06 12:20:37.058 +07:00 [INF] HTTP GET /api/v1/don-vi/2001 responded 200 in 76.5970 ms
2026-05-06 12:20:37.060 +07:00 [INF] Route matched with {action = "GetById", controller = "DonVi"}. Executing controller action with signature System.Threading.Tasks.Task`1[Microsoft.AspNetCore.Mvc.ActionResult`1[ThucLuc.Api.Common.Models.ApiResponse`1[ThucLuc.Application.Features.DonVi.DonViDto]]] GetById(Int64, System.Threading.CancellationToken) on controller ThucLuc.Api.Controllers.V1.DonViController (ThucLuc.Api).
2026-05-06 12:20:37.063 +07:00 [INF] Request finished HTTP/1.1 GET http://localhost:5283/api/v1/ha-tang-mang?donViId=2001 - 200 null application/json; charset=utf-8 83.6726ms
2026-05-06 12:20:37.065 +07:00 [INF] Request finished HTTP/1.1 GET http://localhost:5283/api/v1/don-vi/2001 - 200 null application/json; charset=utf-8 90.4785ms
2026-05-06 12:20:37.112 +07:00 [INF] Executing OkObjectResult, writing value of type 'ThucLuc.Api.Common.Models.ApiResponse`1[[ThucLuc.Application.Features.DonVi.DonViDto, ThucLuc.Application, Version=1.0.0.0, Culture=neutral, PublicKeyToken=null]]'.
2026-05-06 12:20:37.115 +07:00 [INF] Executed action ThucLuc.Api.Controllers.V1.DonViController.GetById (ThucLuc.Api) in 47.0666ms
2026-05-06 12:20:37.117 +07:00 [INF] Executed endpoint 'ThucLuc.Api.Controllers.V1.DonViController.GetById (ThucLuc.Api)'
2026-05-06 12:20:37.118 +07:00 [INF] HTTP GET /api/v1/don-vi/2001 => 200 in 68.4591 ms CorrelationId=9a7a814b7771442d84b4068011527f6b UserId=5001
2026-05-06 12:20:37.122 +07:00 [INF] HTTP GET /api/v1/don-vi/2001 responded 200 in 72.2739 ms
2026-05-06 12:20:37.125 +07:00 [INF] Request finished HTTP/1.1 GET http://localhost:5283/api/v1/don-vi/2001 - 200 null application/json; charset=utf-8 80.1977ms
2026-05-06 12:20:39.198 +07:00 [INF] Request starting HTTP/1.1 OPTIONS http://localhost:5283/api/v1/codes/by-code/THUC_TRANG_GIAM_SAT - null null
2026-05-06 12:20:39.198 +07:00 [INF] Request starting HTTP/1.1 OPTIONS http://localhost:5283/api/v1/codes/by-code/LOP_GIAM_SAT - null null
2026-05-06 12:20:39.201 +07:00 [INF] CORS policy execution successful.
2026-05-06 12:20:39.205 +07:00 [INF] CORS policy execution successful.
2026-05-06 12:20:39.205 +07:00 [INF] HTTP OPTIONS /api/v1/codes/by-code/THUC_TRANG_GIAM_SAT => 204 in 3.9179 ms CorrelationId=0b67c02156da4b919799018c85f7f57e UserId=anonymous
2026-05-06 12:20:39.206 +07:00 [INF] HTTP OPTIONS /api/v1/codes/by-code/LOP_GIAM_SAT => 204 in 1.5425 ms CorrelationId=c0c90c2e0ca8433996a05138cc9295fc UserId=anonymous
2026-05-06 12:20:39.208 +07:00 [INF] HTTP OPTIONS /api/v1/codes/by-code/THUC_TRANG_GIAM_SAT responded 204 in 6.8682 ms
2026-05-06 12:20:39.210 +07:00 [INF] HTTP OPTIONS /api/v1/codes/by-code/LOP_GIAM_SAT responded 204 in 5.2681 ms
2026-05-06 12:20:39.211 +07:00 [INF] Request finished HTTP/1.1 OPTIONS http://localhost:5283/api/v1/codes/by-code/THUC_TRANG_GIAM_SAT - 204 null null 13.5049ms
2026-05-06 12:20:39.213 +07:00 [INF] Request finished HTTP/1.1 OPTIONS http://localhost:5283/api/v1/codes/by-code/LOP_GIAM_SAT - 204 null null 15.0254ms
2026-05-06 12:20:39.215 +07:00 [INF] Request starting HTTP/1.1 GET http://localhost:5283/api/v1/codes/by-code/THUC_TRANG_GIAM_SAT - null null
2026-05-06 12:20:39.218 +07:00 [INF] Request starting HTTP/1.1 GET http://localhost:5283/api/v1/codes/by-code/LOP_GIAM_SAT - null null
2026-05-06 12:20:39.220 +07:00 [INF] CORS policy execution successful.
2026-05-06 12:20:39.222 +07:00 [INF] CORS policy execution successful.
2026-05-06 12:20:39.223 +07:00 [INF] Executing endpoint 'ThucLuc.Api.Controllers.V1.CodesController.GetByCode (ThucLuc.Api)'
2026-05-06 12:20:39.224 +07:00 [INF] Executing endpoint 'ThucLuc.Api.Controllers.V1.CodesController.GetByCode (ThucLuc.Api)'
2026-05-06 12:20:39.228 +07:00 [INF] Route matched with {action = "GetByCode", controller = "Codes"}. Executing controller action with signature System.Threading.Tasks.Task`1[Microsoft.AspNetCore.Mvc.ActionResult`1[ThucLuc.Api.Common.Models.ApiResponse`1[ThucLuc.Application.Features.Codes.CodeDto]]] GetByCode(System.String, System.Threading.CancellationToken) on controller ThucLuc.Api.Controllers.V1.CodesController (ThucLuc.Api).
2026-05-06 12:20:39.228 +07:00 [INF] Route matched with {action = "GetByCode", controller = "Codes"}. Executing controller action with signature System.Threading.Tasks.Task`1[Microsoft.AspNetCore.Mvc.ActionResult`1[ThucLuc.Api.Common.Models.ApiResponse`1[ThucLuc.Application.Features.Codes.CodeDto]]] GetByCode(System.String, System.Threading.CancellationToken) on controller ThucLuc.Api.Controllers.V1.CodesController (ThucLuc.Api).
2026-05-06 12:20:39.326 +07:00 [INF] Executing OkObjectResult, writing value of type 'ThucLuc.Api.Common.Models.ApiResponse`1[[ThucLuc.Application.Features.Codes.CodeDto, ThucLuc.Application, Version=1.0.0.0, Culture=neutral, PublicKeyToken=null]]'.
2026-05-06 12:20:39.326 +07:00 [INF] Executing OkObjectResult, writing value of type 'ThucLuc.Api.Common.Models.ApiResponse`1[[ThucLuc.Application.Features.Codes.CodeDto, ThucLuc.Application, Version=1.0.0.0, Culture=neutral, PublicKeyToken=null]]'.
2026-05-06 12:20:39.331 +07:00 [INF] Executed action ThucLuc.Api.Controllers.V1.CodesController.GetByCode (ThucLuc.Api) in 97.5008ms
2026-05-06 12:20:39.331 +07:00 [INF] Executed action ThucLuc.Api.Controllers.V1.CodesController.GetByCode (ThucLuc.Api) in 101.5706ms
2026-05-06 12:20:39.334 +07:00 [INF] Executed endpoint 'ThucLuc.Api.Controllers.V1.CodesController.GetByCode (ThucLuc.Api)'
2026-05-06 12:20:39.335 +07:00 [INF] Executed endpoint 'ThucLuc.Api.Controllers.V1.CodesController.GetByCode (ThucLuc.Api)'
2026-05-06 12:20:39.336 +07:00 [INF] HTTP GET /api/v1/codes/by-code/LOP_GIAM_SAT => 200 in 114.0771 ms CorrelationId=2f3146144f99468d8ede24013a185f53 UserId=5001
2026-05-06 12:20:39.338 +07:00 [INF] HTTP GET /api/v1/codes/by-code/THUC_TRANG_GIAM_SAT => 200 in 118.063 ms CorrelationId=89e721867eb141f48fee3f13dee540cb UserId=5001
2026-05-06 12:20:39.340 +07:00 [INF] HTTP GET /api/v1/codes/by-code/LOP_GIAM_SAT responded 200 in 118.1165 ms
2026-05-06 12:20:39.344 +07:00 [INF] HTTP GET /api/v1/codes/by-code/THUC_TRANG_GIAM_SAT responded 200 in 124.1531 ms
2026-05-06 12:20:39.346 +07:00 [INF] Request finished HTTP/1.1 GET http://localhost:5283/api/v1/codes/by-code/LOP_GIAM_SAT - 200 null application/json; charset=utf-8 128.3376ms
2026-05-06 12:20:39.348 +07:00 [INF] Request finished HTTP/1.1 GET http://localhost:5283/api/v1/codes/by-code/THUC_TRANG_GIAM_SAT - 200 null application/json; charset=utf-8 132.5699ms
2026-05-06 12:20:39.355 +07:00 [INF] Request starting HTTP/1.1 OPTIONS http://localhost:5283/api/v1/giam-sat-noc?donViId=2002 - null null
2026-05-06 12:20:39.358 +07:00 [INF] CORS policy execution successful.
2026-05-06 12:20:39.359 +07:00 [INF] HTTP OPTIONS /api/v1/giam-sat-noc => 204 in 0.9027 ms CorrelationId=8f1241cbb3844d91847562a85e7c2f1f UserId=anonymous
2026-05-06 12:20:39.361 +07:00 [INF] HTTP OPTIONS /api/v1/giam-sat-noc responded 204 in 3.1741 ms
2026-05-06 12:20:39.363 +07:00 [INF] Request finished HTTP/1.1 OPTIONS http://localhost:5283/api/v1/giam-sat-noc?donViId=2002 - 204 null null 8.1605ms
2026-05-06 12:20:39.366 +07:00 [INF] Request starting HTTP/1.1 GET http://localhost:5283/api/v1/giam-sat-noc?donViId=2002 - null null
2026-05-06 12:20:39.369 +07:00 [INF] CORS policy execution successful.
2026-05-06 12:20:39.370 +07:00 [INF] Executing endpoint 'ThucLuc.Api.Controllers.V1.GiamSatNocController.GetAll (ThucLuc.Api)'
2026-05-06 12:20:39.375 +07:00 [INF] Route matched with {action = "GetAll", controller = "GiamSatNoc"}. Executing controller action with signature System.Threading.Tasks.Task`1[Microsoft.AspNetCore.Mvc.ActionResult`1[ThucLuc.Api.Common.Models.ApiResponse`1[System.Collections.Generic.IReadOnlyCollection`1[ThucLuc.Application.Features.GiamSatNoc.GiamSatNocDto]]]] GetAll(ThucLuc.Application.Features.GiamSatNoc.GiamSatNocQuery, System.Threading.CancellationToken) on controller ThucLuc.Api.Controllers.V1.GiamSatNocController (ThucLuc.Api).
2026-05-06 12:20:39.431 +07:00 [INF] Executing OkObjectResult, writing value of type 'ThucLuc.Api.Common.Models.ApiResponse`1[[System.Collections.Generic.IReadOnlyCollection`1[[ThucLuc.Application.Features.GiamSatNoc.GiamSatNocDto, ThucLuc.Application, Version=1.0.0.0, Culture=neutral, PublicKeyToken=null]], System.Private.CoreLib, Version=8.0.0.0, Culture=neutral, PublicKeyToken=7cec85d7bea7798e]]'.
2026-05-06 12:20:39.434 +07:00 [INF] Executed action ThucLuc.Api.Controllers.V1.GiamSatNocController.GetAll (ThucLuc.Api) in 56.9455ms
2026-05-06 12:20:39.436 +07:00 [INF] Executed endpoint 'ThucLuc.Api.Controllers.V1.GiamSatNocController.GetAll (ThucLuc.Api)'
2026-05-06 12:20:39.438 +07:00 [INF] HTTP GET /api/v1/giam-sat-noc => 200 in 69.3109 ms CorrelationId=875c5b853ae3480aba739f193676e7ee UserId=5001
2026-05-06 12:20:39.442 +07:00 [INF] HTTP GET /api/v1/giam-sat-noc responded 200 in 72.9223 ms
2026-05-06 12:20:39.444 +07:00 [INF] Request finished HTTP/1.1 GET http://localhost:5283/api/v1/giam-sat-noc?donViId=2002 - 200 null application/json; charset=utf-8 77.8555ms
2026-05-06 12:20:41.207 +07:00 [INF] Request starting HTTP/1.1 OPTIONS http://localhost:5283/api/v1/codes/by-code/LOAI_MANG_GIAM_SAT - null null
2026-05-06 12:20:41.208 +07:00 [INF] Request starting HTTP/1.1 GET http://localhost:5283/api/v1/codes/by-code/LOP_GIAM_SAT - null null
2026-05-06 12:20:41.208 +07:00 [INF] Request starting HTTP/1.1 GET http://localhost:5283/api/v1/codes/by-code/THUC_TRANG_GIAM_SAT - null null
2026-05-06 12:20:41.214 +07:00 [INF] CORS policy execution successful.
2026-05-06 12:20:41.217 +07:00 [INF] CORS policy execution successful.
2026-05-06 12:20:41.221 +07:00 [INF] CORS policy execution successful.
2026-05-06 12:20:41.222 +07:00 [INF] HTTP OPTIONS /api/v1/codes/by-code/LOAI_MANG_GIAM_SAT => 204 in 8.6223 ms CorrelationId=4de5695a5e2d477d9ec4c945f5fcc2f1 UserId=anonymous
2026-05-06 12:20:41.224 +07:00 [INF] Executing endpoint 'ThucLuc.Api.Controllers.V1.CodesController.GetByCode (ThucLuc.Api)'
2026-05-06 12:20:41.225 +07:00 [INF] Executing endpoint 'ThucLuc.Api.Controllers.V1.CodesController.GetByCode (ThucLuc.Api)'
2026-05-06 12:20:41.227 +07:00 [INF] HTTP OPTIONS /api/v1/codes/by-code/LOAI_MANG_GIAM_SAT responded 204 in 13.9437 ms
2026-05-06 12:20:41.229 +07:00 [INF] Route matched with {action = "GetByCode", controller = "Codes"}. Executing controller action with signature System.Threading.Tasks.Task`1[Microsoft.AspNetCore.Mvc.ActionResult`1[ThucLuc.Api.Common.Models.ApiResponse`1[ThucLuc.Application.Features.Codes.CodeDto]]] GetByCode(System.String, System.Threading.CancellationToken) on controller ThucLuc.Api.Controllers.V1.CodesController (ThucLuc.Api).
2026-05-06 12:20:41.230 +07:00 [INF] Route matched with {action = "GetByCode", controller = "Codes"}. Executing controller action with signature System.Threading.Tasks.Task`1[Microsoft.AspNetCore.Mvc.ActionResult`1[ThucLuc.Api.Common.Models.ApiResponse`1[ThucLuc.Application.Features.Codes.CodeDto]]] GetByCode(System.String, System.Threading.CancellationToken) on controller ThucLuc.Api.Controllers.V1.CodesController (ThucLuc.Api).
2026-05-06 12:20:41.231 +07:00 [INF] Request finished HTTP/1.1 OPTIONS http://localhost:5283/api/v1/codes/by-code/LOAI_MANG_GIAM_SAT - 204 null null 23.6129ms
2026-05-06 12:20:41.236 +07:00 [INF] Request starting HTTP/1.1 GET http://localhost:5283/api/v1/codes/by-code/LOAI_MANG_GIAM_SAT - null null
2026-05-06 12:20:41.237 +07:00 [INF] Executing OkObjectResult, writing value of type 'ThucLuc.Api.Common.Models.ApiResponse`1[[ThucLuc.Application.Features.Codes.CodeDto, ThucLuc.Application, Version=1.0.0.0, Culture=neutral, PublicKeyToken=null]]'.
2026-05-06 12:20:41.237 +07:00 [INF] Executing OkObjectResult, writing value of type 'ThucLuc.Api.Common.Models.ApiResponse`1[[ThucLuc.Application.Features.Codes.CodeDto, ThucLuc.Application, Version=1.0.0.0, Culture=neutral, PublicKeyToken=null]]'.
2026-05-06 12:20:41.239 +07:00 [INF] CORS policy execution successful.
2026-05-06 12:20:41.240 +07:00 [INF] Executed action ThucLuc.Api.Controllers.V1.CodesController.GetByCode (ThucLuc.Api) in 8.0709ms
2026-05-06 12:20:41.241 +07:00 [INF] Executed action ThucLuc.Api.Controllers.V1.CodesController.GetByCode (ThucLuc.Api) in 7.4801ms
2026-05-06 12:20:41.242 +07:00 [INF] Executing endpoint 'ThucLuc.Api.Controllers.V1.CodesController.GetByCode (ThucLuc.Api)'
2026-05-06 12:20:41.243 +07:00 [INF] Executed endpoint 'ThucLuc.Api.Controllers.V1.CodesController.GetByCode (ThucLuc.Api)'
2026-05-06 12:20:41.244 +07:00 [INF] Executed endpoint 'ThucLuc.Api.Controllers.V1.CodesController.GetByCode (ThucLuc.Api)'
2026-05-06 12:20:41.246 +07:00 [INF] Route matched with {action = "GetByCode", controller = "Codes"}. Executing controller action with signature System.Threading.Tasks.Task`1[Microsoft.AspNetCore.Mvc.ActionResult`1[ThucLuc.Api.Common.Models.ApiResponse`1[ThucLuc.Application.Features.Codes.CodeDto]]] GetByCode(System.String, System.Threading.CancellationToken) on controller ThucLuc.Api.Controllers.V1.CodesController (ThucLuc.Api).
2026-05-06 12:20:41.247 +07:00 [INF] HTTP GET /api/v1/codes/by-code/LOP_GIAM_SAT => 200 in 29.3649 ms CorrelationId=9f98ce594d104f52b857ccb05ccbd8af UserId=5001
2026-05-06 12:20:41.248 +07:00 [INF] HTTP GET /api/v1/codes/by-code/THUC_TRANG_GIAM_SAT => 200 in 26.6479 ms CorrelationId=ad9394504eec4aeab50191b708d41640 UserId=5001
2026-05-06 12:20:41.251 +07:00 [INF] HTTP GET /api/v1/codes/by-code/LOP_GIAM_SAT responded 200 in 34.1774 ms
2026-05-06 12:20:41.252 +07:00 [INF] Executing OkObjectResult, writing value of type 'ThucLuc.Api.Common.Models.ApiResponse`1[[ThucLuc.Application.Features.Codes.CodeDto, ThucLuc.Application, Version=1.0.0.0, Culture=neutral, PublicKeyToken=null]]'.
2026-05-06 12:20:41.254 +07:00 [INF] HTTP GET /api/v1/codes/by-code/THUC_TRANG_GIAM_SAT responded 200 in 32.7406 ms
2026-05-06 12:20:41.256 +07:00 [INF] Request finished HTTP/1.1 GET http://localhost:5283/api/v1/codes/by-code/LOP_GIAM_SAT - 200 null application/json; charset=utf-8 48.0142ms
2026-05-06 12:20:41.257 +07:00 [INF] Executed action ThucLuc.Api.Controllers.V1.CodesController.GetByCode (ThucLuc.Api) in 7.3587ms
2026-05-06 12:20:41.259 +07:00 [INF] Request finished HTTP/1.1 GET http://localhost:5283/api/v1/codes/by-code/THUC_TRANG_GIAM_SAT - 200 null application/json; charset=utf-8 51.017ms
2026-05-06 12:20:41.263 +07:00 [INF] Executed endpoint 'ThucLuc.Api.Controllers.V1.CodesController.GetByCode (ThucLuc.Api)'
2026-05-06 12:20:41.266 +07:00 [INF] HTTP GET /api/v1/codes/by-code/LOAI_MANG_GIAM_SAT => 200 in 27.0872 ms CorrelationId=fd64054b5d84417eb03089186bf7304d UserId=5001
2026-05-06 12:20:41.267 +07:00 [INF] HTTP GET /api/v1/codes/by-code/LOAI_MANG_GIAM_SAT responded 200 in 28.7685 ms
2026-05-06 12:20:41.269 +07:00 [INF] Request finished HTTP/1.1 GET http://localhost:5283/api/v1/codes/by-code/LOAI_MANG_GIAM_SAT - 200 null application/json; charset=utf-8 33.1495ms
2026-05-06 12:20:41.273 +07:00 [INF] Request starting HTTP/1.1 OPTIONS http://localhost:5283/api/v1/giam-sat-soc?donViId=2002 - null null
2026-05-06 12:20:41.275 +07:00 [INF] CORS policy execution successful.
2026-05-06 12:20:41.275 +07:00 [INF] HTTP OPTIONS /api/v1/giam-sat-soc => 204 in 0.6181 ms CorrelationId=9fbea11b28124918aa73f6dcfdf2d6c4 UserId=anonymous
2026-05-06 12:20:41.277 +07:00 [INF] HTTP OPTIONS /api/v1/giam-sat-soc responded 204 in 2.2584 ms
2026-05-06 12:20:41.279 +07:00 [INF] Request finished HTTP/1.1 OPTIONS http://localhost:5283/api/v1/giam-sat-soc?donViId=2002 - 204 null null 6.0415ms
2026-05-06 12:20:41.281 +07:00 [INF] Request starting HTTP/1.1 GET http://localhost:5283/api/v1/giam-sat-soc?donViId=2002 - null null
2026-05-06 12:20:41.284 +07:00 [INF] CORS policy execution successful.
2026-05-06 12:20:41.285 +07:00 [INF] Executing endpoint 'ThucLuc.Api.Controllers.V1.GiamSatSocController.GetAll (ThucLuc.Api)'
2026-05-06 12:20:41.290 +07:00 [INF] Route matched with {action = "GetAll", controller = "GiamSatSoc"}. Executing controller action with signature System.Threading.Tasks.Task`1[Microsoft.AspNetCore.Mvc.ActionResult`1[ThucLuc.Api.Common.Models.ApiResponse`1[System.Collections.Generic.IReadOnlyCollection`1[ThucLuc.Application.Features.GiamSatSoc.GiamSatSocDto]]]] GetAll(ThucLuc.Application.Features.GiamSatSoc.GiamSatSocQuery, System.Threading.CancellationToken) on controller ThucLuc.Api.Controllers.V1.GiamSatSocController (ThucLuc.Api).
2026-05-06 12:20:41.318 +07:00 [ERR] 2026-05-06 12:20:41.318400 ThreadID:37  (ERROR)   OracleRelationalCommand.ExecuteReaderAsync() :  Oracle.ManagedDataAccess.Client.OracleException (0x80004005): ORA-00904: "b"."SO_CANH_BAO_THANG": invalid identifier
https://docs.oracle.com/error-help/db/ora-00904/
   at System.Threading.Tasks.ContinuationResultTaskFromResultTask`2.InnerInvoke()
   at System.Threading.ExecutionContext.RunInternal(ExecutionContext executionContext, ContextCallback callback, Object state)
--- End of stack trace from previous location ---
   at System.Threading.ExecutionContext.RunInternal(ExecutionContext executionContext, ContextCallback callback, Object state)
   at System.Threading.Tasks.Task.ExecuteWithThreadLocal(Task& currentTaskSlot, Thread threadPoolThread)
--- End of stack trace from previous location ---
   at Oracle.EntityFrameworkCore.Storage.Internal.OracleRelationalCommandBuilderFactory.OracleRelationalCommandBuilder.OracleRelationalCommand.ExecuteReaderAsync(RelationalCommandParameterObject parameterObject, CancellationToken cancellationToken)
2026-05-06 12:20:41.324 +07:00 [ERR] Failed executing DbCommand (21ms) [Parameters=[:normalizedQuery_Don_1337673802='?' (DbType = Int64)], CommandType='"Text"', CommandTimeout='0']
SELECT "b"."ID" "Id", "b"."DON_VI_ID" "DonViId", NULL "KyBaoCaoCode", "b"."LOAI_MANG" "LoaiMang", "b"."LOP_GIAM_SAT" "LopGiamSat", "b"."CO_HE_THONG" "CoHeThong", "b"."THUC_TRANG" "ThucTrang", "b"."NAM_THANH_LAP" "NamThanhLap", "b"."SO_NHAN_SU" "SoNhanSu", "b"."CONG_CU_SU_DUNG" "CongCuSuDung", "b"."SO_CANH_BAO_THANG" "SoCanhBaoThang", "b"."GHI_CHU" "GhiChu"
FROM "CAND_QLCNTT"."BIZ_GIAM_SAT_SOC" "b"
WHERE (("b"."DELETED_AT" IS NULL) AND ("b"."DON_VI_ID" = :normalizedQuery_Don_1337673802))
ORDER BY "b"."DON_VI_ID", "b"."LOAI_MANG", "b"."LOP_GIAM_SAT"
2026-05-06 12:20:41.329 +07:00 [ERR] 2026-05-06 12:20:41.329649 ThreadID:37  (ERROR)   OracleExecutionStrategy.ExecuteAsync() :  Oracle.ManagedDataAccess.Client.OracleException (0x80004005): ORA-00904: "b"."SO_CANH_BAO_THANG": invalid identifier
https://docs.oracle.com/error-help/db/ora-00904/
   at System.Threading.Tasks.ContinuationResultTaskFromResultTask`2.InnerInvoke()
   at System.Threading.ExecutionContext.RunInternal(ExecutionContext executionContext, ContextCallback callback, Object state)
--- End of stack trace from previous location ---
   at System.Threading.ExecutionContext.RunInternal(ExecutionContext executionContext, ContextCallback callback, Object state)
   at System.Threading.Tasks.Task.ExecuteWithThreadLocal(Task& currentTaskSlot, Thread threadPoolThread)
--- End of stack trace from previous location ---
   at Oracle.EntityFrameworkCore.Storage.Internal.OracleRelationalCommandBuilderFactory.OracleRelationalCommandBuilder.OracleRelationalCommand.ExecuteReaderAsync(RelationalCommandParameterObject parameterObject, CancellationToken cancellationToken)
   at Oracle.EntityFrameworkCore.Storage.Internal.OracleRelationalCommandBuilderFactory.OracleRelationalCommandBuilder.OracleRelationalCommand.ExecuteReaderAsync(RelationalCommandParameterObject parameterObject, CancellationToken cancellationToken)
   at Oracle.EntityFrameworkCore.Storage.Internal.OracleRelationalCommandBuilderFactory.OracleRelationalCommandBuilder.OracleRelationalCommand.ExecuteReaderAsync(RelationalCommandParameterObject parameterObject, CancellationToken cancellationToken)
   at Microsoft.EntityFrameworkCore.Query.Internal.SingleQueryingEnumerable`1.AsyncEnumerator.InitializeReaderAsync(AsyncEnumerator enumerator, CancellationToken cancellationToken)
   at Oracle.EntityFrameworkCore.Storage.Internal.OracleExecutionStrategy.ExecuteAsync[TState,TResult](TState state, Func`4 operation, Func`4 verifySucceeded, CancellationToken cancellationToken)
2026-05-06 12:20:41.335 +07:00 [ERR] An exception occurred while iterating over the results of a query for context type 'ThucLuc.Infrastructure.Persistence.AppDbContext'.
Oracle.ManagedDataAccess.Client.OracleException (0x80004005): ORA-00904: "b"."SO_CANH_BAO_THANG": invalid identifier
https://docs.oracle.com/error-help/db/ora-00904/
   at System.Threading.Tasks.ContinuationResultTaskFromResultTask`2.InnerInvoke()
   at System.Threading.ExecutionContext.RunInternal(ExecutionContext executionContext, ContextCallback callback, Object state)
--- End of stack trace from previous location ---
   at System.Threading.ExecutionContext.RunInternal(ExecutionContext executionContext, ContextCallback callback, Object state)
   at System.Threading.Tasks.Task.ExecuteWithThreadLocal(Task& currentTaskSlot, Thread threadPoolThread)
--- End of stack trace from previous location ---
   at Oracle.EntityFrameworkCore.Storage.Internal.OracleRelationalCommandBuilderFactory.OracleRelationalCommandBuilder.OracleRelationalCommand.ExecuteReaderAsync(RelationalCommandParameterObject parameterObject, CancellationToken cancellationToken)
   at Oracle.EntityFrameworkCore.Storage.Internal.OracleRelationalCommandBuilderFactory.OracleRelationalCommandBuilder.OracleRelationalCommand.ExecuteReaderAsync(RelationalCommandParameterObject parameterObject, CancellationToken cancellationToken)
   at Oracle.EntityFrameworkCore.Storage.Internal.OracleRelationalCommandBuilderFactory.OracleRelationalCommandBuilder.OracleRelationalCommand.ExecuteReaderAsync(RelationalCommandParameterObject parameterObject, CancellationToken cancellationToken)
   at Microsoft.EntityFrameworkCore.Query.Internal.SingleQueryingEnumerable`1.AsyncEnumerator.InitializeReaderAsync(AsyncEnumerator enumerator, CancellationToken cancellationToken)
   at Oracle.EntityFrameworkCore.Storage.Internal.OracleExecutionStrategy.ExecuteAsync[TState,TResult](TState state, Func`4 operation, Func`4 verifySucceeded, CancellationToken cancellationToken)
   at Microsoft.EntityFrameworkCore.Query.Internal.SingleQueryingEnumerable`1.AsyncEnumerator.MoveNextAsync()
Oracle.ManagedDataAccess.Client.OracleException (0x80004005): ORA-00904: "b"."SO_CANH_BAO_THANG": invalid identifier
https://docs.oracle.com/error-help/db/ora-00904/
   at System.Threading.Tasks.ContinuationResultTaskFromResultTask`2.InnerInvoke()
   at System.Threading.ExecutionContext.RunInternal(ExecutionContext executionContext, ContextCallback callback, Object state)
--- End of stack trace from previous location ---
   at System.Threading.ExecutionContext.RunInternal(ExecutionContext executionContext, ContextCallback callback, Object state)
   at System.Threading.Tasks.Task.ExecuteWithThreadLocal(Task& currentTaskSlot, Thread threadPoolThread)
--- End of stack trace from previous location ---
   at Oracle.EntityFrameworkCore.Storage.Internal.OracleRelationalCommandBuilderFactory.OracleRelationalCommandBuilder.OracleRelationalCommand.ExecuteReaderAsync(RelationalCommandParameterObject parameterObject, CancellationToken cancellationToken)
   at Oracle.EntityFrameworkCore.Storage.Internal.OracleRelationalCommandBuilderFactory.OracleRelationalCommandBuilder.OracleRelationalCommand.ExecuteReaderAsync(RelationalCommandParameterObject parameterObject, CancellationToken cancellationToken)
   at Oracle.EntityFrameworkCore.Storage.Internal.OracleRelationalCommandBuilderFactory.OracleRelationalCommandBuilder.OracleRelationalCommand.ExecuteReaderAsync(RelationalCommandParameterObject parameterObject, CancellationToken cancellationToken)
   at Microsoft.EntityFrameworkCore.Query.Internal.SingleQueryingEnumerable`1.AsyncEnumerator.InitializeReaderAsync(AsyncEnumerator enumerator, CancellationToken cancellationToken)
   at Oracle.EntityFrameworkCore.Storage.Internal.OracleExecutionStrategy.ExecuteAsync[TState,TResult](TState state, Func`4 operation, Func`4 verifySucceeded, CancellationToken cancellationToken)
   at Microsoft.EntityFrameworkCore.Query.Internal.SingleQueryingEnumerable`1.AsyncEnumerator.MoveNextAsync()
2026-05-06 12:20:41.343 +07:00 [INF] Executed action ThucLuc.Api.Controllers.V1.GiamSatSocController.GetAll (ThucLuc.Api) in 50.993ms
2026-05-06 12:20:41.344 +07:00 [INF] Executed endpoint 'ThucLuc.Api.Controllers.V1.GiamSatSocController.GetAll (ThucLuc.Api)'
2026-05-06 12:20:41.346 +07:00 [ERR] Unhandled exception. CorrelationId=4302808c2f764e17973a8afb83132c59
Oracle.ManagedDataAccess.Client.OracleException (0x80004005): ORA-00904: "b"."SO_CANH_BAO_THANG": invalid identifier
https://docs.oracle.com/error-help/db/ora-00904/
   at System.Threading.Tasks.ContinuationResultTaskFromResultTask`2.InnerInvoke()
   at System.Threading.ExecutionContext.RunInternal(ExecutionContext executionContext, ContextCallback callback, Object state)
--- End of stack trace from previous location ---
   at System.Threading.ExecutionContext.RunInternal(ExecutionContext executionContext, ContextCallback callback, Object state)
   at System.Threading.Tasks.Task.ExecuteWithThreadLocal(Task& currentTaskSlot, Thread threadPoolThread)
--- End of stack trace from previous location ---
   at Oracle.EntityFrameworkCore.Storage.Internal.OracleRelationalCommandBuilderFactory.OracleRelationalCommandBuilder.OracleRelationalCommand.ExecuteReaderAsync(RelationalCommandParameterObject parameterObject, CancellationToken cancellationToken)
   at Oracle.EntityFrameworkCore.Storage.Internal.OracleRelationalCommandBuilderFactory.OracleRelationalCommandBuilder.OracleRelationalCommand.ExecuteReaderAsync(RelationalCommandParameterObject parameterObject, CancellationToken cancellationToken)
   at Oracle.EntityFrameworkCore.Storage.Internal.OracleRelationalCommandBuilderFactory.OracleRelationalCommandBuilder.OracleRelationalCommand.ExecuteReaderAsync(RelationalCommandParameterObject parameterObject, CancellationToken cancellationToken)
   at Microsoft.EntityFrameworkCore.Query.Internal.SingleQueryingEnumerable`1.AsyncEnumerator.InitializeReaderAsync(AsyncEnumerator enumerator, CancellationToken cancellationToken)
   at Oracle.EntityFrameworkCore.Storage.Internal.OracleExecutionStrategy.ExecuteAsync[TState,TResult](TState state, Func`4 operation, Func`4 verifySucceeded, CancellationToken cancellationToken)
   at Microsoft.EntityFrameworkCore.Query.Internal.SingleQueryingEnumerable`1.AsyncEnumerator.MoveNextAsync()
   at Microsoft.EntityFrameworkCore.EntityFrameworkQueryableExtensions.ToListAsync[TSource](IQueryable`1 source, CancellationToken cancellationToken)
   at Microsoft.EntityFrameworkCore.EntityFrameworkQueryableExtensions.ToListAsync[TSource](IQueryable`1 source, CancellationToken cancellationToken)
   at ThucLuc.Application.Features.GiamSatSoc.GiamSatSocService.GetAllAsync(GiamSatSocQuery query, CancellationToken cancellationToken) in D:\Projects\ThucLuc_V2\.sources\backend\src\Application\Features\GiamSatSoc\GiamSatSocService.cs:line 86
   at ThucLuc.Api.Controllers.V1.GiamSatSocController.GetAll(GiamSatSocQuery query, CancellationToken cancellationToken) in D:\Projects\ThucLuc_V2\.sources\backend\src\api\Controllers\V1\GiamSatSocController.cs:line 26
   at lambda_method1497(Closure, Object)
   at Microsoft.AspNetCore.Mvc.Infrastructure.ActionMethodExecutor.AwaitableObjectResultExecutor.Execute(ActionContext actionContext, IActionResultTypeMapper mapper, ObjectMethodExecutor executor, Object controller, Object[] arguments)
   at Microsoft.AspNetCore.Mvc.Infrastructure.ControllerActionInvoker.<InvokeActionMethodAsync>g__Awaited|12_0(ControllerActionInvoker invoker, ValueTask`1 actionResultValueTask)
   at Microsoft.AspNetCore.Mvc.Infrastructure.ControllerActionInvoker.<InvokeNextActionFilterAsync>g__Awaited|10_0(ControllerActionInvoker invoker, Task lastTask, State next, Scope scope, Object state, Boolean isCompleted)
   at Microsoft.AspNetCore.Mvc.Infrastructure.ControllerActionInvoker.Rethrow(ActionExecutedContextSealed context)
   at Microsoft.AspNetCore.Mvc.Infrastructure.ControllerActionInvoker.Next(State& next, Scope& scope, Object& state, Boolean& isCompleted)
   at Microsoft.AspNetCore.Mvc.Infrastructure.ControllerActionInvoker.<InvokeInnerFilterAsync>g__Awaited|13_0(ControllerActionInvoker invoker, Task lastTask, State next, Scope scope, Object state, Boolean isCompleted)
   at Microsoft.AspNetCore.Mvc.Infrastructure.ResourceInvoker.<InvokeFilterPipelineAsync>g__Awaited|20_0(ResourceInvoker invoker, Task lastTask, State next, Scope scope, Object state, Boolean isCompleted)
   at Microsoft.AspNetCore.Mvc.Infrastructure.ResourceInvoker.<InvokeAsync>g__Logged|17_1(ResourceInvoker invoker)
   at Microsoft.AspNetCore.Mvc.Infrastructure.ResourceInvoker.<InvokeAsync>g__Logged|17_1(ResourceInvoker invoker)
   at Microsoft.AspNetCore.Routing.EndpointMiddleware.<Invoke>g__AwaitRequestTask|7_0(Endpoint endpoint, Task requestTask, ILogger logger)
   at Microsoft.AspNetCore.Authorization.AuthorizationMiddleware.Invoke(HttpContext context)
   at Microsoft.AspNetCore.Authentication.AuthenticationMiddleware.Invoke(HttpContext context)
   at Swashbuckle.AspNetCore.SwaggerUI.SwaggerUIMiddleware.Invoke(HttpContext httpContext)
   at Swashbuckle.AspNetCore.Swagger.SwaggerMiddleware.Invoke(HttpContext httpContext, ISwaggerProvider swaggerProvider)
   at ThucLuc.Api.Common.Middleware.GlobalExceptionMiddleware.InvokeAsync(HttpContext context) in D:\Projects\ThucLuc_V2\.sources\backend\src\api\Common\Middleware\GlobalExceptionMiddleware.cs:line 23
2026-05-06 12:20:41.393 +07:00 [INF] HTTP GET /api/v1/giam-sat-soc => 500 in 109.7897 ms CorrelationId=4302808c2f764e17973a8afb83132c59 UserId=5001
2026-05-06 12:20:41.396 +07:00 [ERR] HTTP GET /api/v1/giam-sat-soc responded 500 in 112.4860 ms
2026-05-06 12:20:41.398 +07:00 [INF] Request finished HTTP/1.1 GET http://localhost:5283/api/v1/giam-sat-soc?donViId=2002 - 500 null application/json 116.5221ms
2026-05-06 12:20:42.542 +07:00 [INF] Request starting HTTP/1.1 GET http://localhost:5283/api/v1/codes/by-code/THUC_TRANG_GIAM_SAT - null null
2026-05-06 12:20:42.542 +07:00 [INF] Request starting HTTP/1.1 GET http://localhost:5283/api/v1/codes/by-code/LOP_GIAM_SAT - null null
2026-05-06 12:20:42.544 +07:00 [INF] CORS policy execution successful.
2026-05-06 12:20:42.547 +07:00 [INF] CORS policy execution successful.
2026-05-06 12:20:42.548 +07:00 [INF] Executing endpoint 'ThucLuc.Api.Controllers.V1.CodesController.GetByCode (ThucLuc.Api)'
2026-05-06 12:20:42.549 +07:00 [INF] Executing endpoint 'ThucLuc.Api.Controllers.V1.CodesController.GetByCode (ThucLuc.Api)'
2026-05-06 12:20:42.550 +07:00 [INF] Route matched with {action = "GetByCode", controller = "Codes"}. Executing controller action with signature System.Threading.Tasks.Task`1[Microsoft.AspNetCore.Mvc.ActionResult`1[ThucLuc.Api.Common.Models.ApiResponse`1[ThucLuc.Application.Features.Codes.CodeDto]]] GetByCode(System.String, System.Threading.CancellationToken) on controller ThucLuc.Api.Controllers.V1.CodesController (ThucLuc.Api).
2026-05-06 12:20:42.552 +07:00 [INF] Route matched with {action = "GetByCode", controller = "Codes"}. Executing controller action with signature System.Threading.Tasks.Task`1[Microsoft.AspNetCore.Mvc.ActionResult`1[ThucLuc.Api.Common.Models.ApiResponse`1[ThucLuc.Application.Features.Codes.CodeDto]]] GetByCode(System.String, System.Threading.CancellationToken) on controller ThucLuc.Api.Controllers.V1.CodesController (ThucLuc.Api).
2026-05-06 12:20:42.556 +07:00 [INF] Executing OkObjectResult, writing value of type 'ThucLuc.Api.Common.Models.ApiResponse`1[[ThucLuc.Application.Features.Codes.CodeDto, ThucLuc.Application, Version=1.0.0.0, Culture=neutral, PublicKeyToken=null]]'.
2026-05-06 12:20:42.558 +07:00 [INF] Executed action ThucLuc.Api.Controllers.V1.CodesController.GetByCode (ThucLuc.Api) in 4.8642ms
2026-05-06 12:20:42.559 +07:00 [INF] Executing OkObjectResult, writing value of type 'ThucLuc.Api.Common.Models.ApiResponse`1[[ThucLuc.Application.Features.Codes.CodeDto, ThucLuc.Application, Version=1.0.0.0, Culture=neutral, PublicKeyToken=null]]'.
2026-05-06 12:20:42.560 +07:00 [INF] Executed endpoint 'ThucLuc.Api.Controllers.V1.CodesController.GetByCode (ThucLuc.Api)'
2026-05-06 12:20:42.561 +07:00 [INF] Executed action ThucLuc.Api.Controllers.V1.CodesController.GetByCode (ThucLuc.Api) in 5.0978ms
2026-05-06 12:20:42.563 +07:00 [INF] HTTP GET /api/v1/codes/by-code/THUC_TRANG_GIAM_SAT => 200 in 18.3932 ms CorrelationId=8ebfaef0a63443d9b98d0a733102e6b0 UserId=5001
2026-05-06 12:20:42.564 +07:00 [INF] Executed endpoint 'ThucLuc.Api.Controllers.V1.CodesController.GetByCode (ThucLuc.Api)'
2026-05-06 12:20:42.566 +07:00 [INF] HTTP GET /api/v1/codes/by-code/THUC_TRANG_GIAM_SAT responded 200 in 21.6202 ms
2026-05-06 12:20:42.567 +07:00 [INF] HTTP GET /api/v1/codes/by-code/LOP_GIAM_SAT => 200 in 20.1234 ms CorrelationId=77d754318cde4dad883b6b8dd31d1eb8 UserId=5001
2026-05-06 12:20:42.569 +07:00 [INF] Request finished HTTP/1.1 GET http://localhost:5283/api/v1/codes/by-code/THUC_TRANG_GIAM_SAT - 200 null application/json; charset=utf-8 27.0591ms
2026-05-06 12:20:42.572 +07:00 [INF] HTTP GET /api/v1/codes/by-code/LOP_GIAM_SAT responded 200 in 24.8661 ms
2026-05-06 12:20:42.576 +07:00 [INF] Request finished HTTP/1.1 GET http://localhost:5283/api/v1/codes/by-code/LOP_GIAM_SAT - 200 null application/json; charset=utf-8 34.6021ms
2026-05-06 12:20:42.580 +07:00 [INF] Request starting HTTP/1.1 GET http://localhost:5283/api/v1/giam-sat-noc?donViId=2002 - null null
2026-05-06 12:20:42.583 +07:00 [INF] CORS policy execution successful.
2026-05-06 12:20:42.584 +07:00 [INF] Executing endpoint 'ThucLuc.Api.Controllers.V1.GiamSatNocController.GetAll (ThucLuc.Api)'
2026-05-06 12:20:42.586 +07:00 [INF] Route matched with {action = "GetAll", controller = "GiamSatNoc"}. Executing controller action with signature System.Threading.Tasks.Task`1[Microsoft.AspNetCore.Mvc.ActionResult`1[ThucLuc.Api.Common.Models.ApiResponse`1[System.Collections.Generic.IReadOnlyCollection`1[ThucLuc.Application.Features.GiamSatNoc.GiamSatNocDto]]]] GetAll(ThucLuc.Application.Features.GiamSatNoc.GiamSatNocQuery, System.Threading.CancellationToken) on controller ThucLuc.Api.Controllers.V1.GiamSatNocController (ThucLuc.Api).
2026-05-06 12:20:42.592 +07:00 [INF] Executing OkObjectResult, writing value of type 'ThucLuc.Api.Common.Models.ApiResponse`1[[System.Collections.Generic.IReadOnlyCollection`1[[ThucLuc.Application.Features.GiamSatNoc.GiamSatNocDto, ThucLuc.Application, Version=1.0.0.0, Culture=neutral, PublicKeyToken=null]], System.Private.CoreLib, Version=8.0.0.0, Culture=neutral, PublicKeyToken=7cec85d7bea7798e]]'.
2026-05-06 12:20:42.594 +07:00 [INF] Executed action ThucLuc.Api.Controllers.V1.GiamSatNocController.GetAll (ThucLuc.Api) in 5.1792ms
2026-05-06 12:20:42.595 +07:00 [INF] Executed endpoint 'ThucLuc.Api.Controllers.V1.GiamSatNocController.GetAll (ThucLuc.Api)'
2026-05-06 12:20:42.596 +07:00 [INF] HTTP GET /api/v1/giam-sat-noc => 200 in 13.1396 ms CorrelationId=7d52eba468454cda904ee1162d846e0e UserId=5001
2026-05-06 12:20:42.598 +07:00 [INF] HTTP GET /api/v1/giam-sat-noc responded 200 in 14.9304 ms
2026-05-06 12:20:42.600 +07:00 [INF] Request finished HTTP/1.1 GET http://localhost:5283/api/v1/giam-sat-noc?donViId=2002 - 200 null application/json; charset=utf-8 19.704ms
2026-05-06 12:20:43.211 +07:00 [INF] Request starting HTTP/1.1 OPTIONS http://localhost:5283/api/v1/codes/by-code/NHOM_CAMERA - null null
2026-05-06 12:20:43.215 +07:00 [INF] CORS policy execution successful.
2026-05-06 12:20:43.215 +07:00 [INF] HTTP OPTIONS /api/v1/codes/by-code/NHOM_CAMERA => 204 in 0.9167 ms CorrelationId=d9f271c1b6d84fc0810b259085620f60 UserId=anonymous
2026-05-06 12:20:43.219 +07:00 [INF] HTTP OPTIONS /api/v1/codes/by-code/NHOM_CAMERA responded 204 in 4.0309 ms
2026-05-06 12:20:43.221 +07:00 [INF] Request finished HTTP/1.1 OPTIONS http://localhost:5283/api/v1/codes/by-code/NHOM_CAMERA - 204 null null 9.55ms
2026-05-06 12:20:43.224 +07:00 [INF] Request starting HTTP/1.1 GET http://localhost:5283/api/v1/codes/by-code/NHOM_CAMERA - null null
2026-05-06 12:20:43.227 +07:00 [INF] CORS policy execution successful.
2026-05-06 12:20:43.228 +07:00 [INF] Executing endpoint 'ThucLuc.Api.Controllers.V1.CodesController.GetByCode (ThucLuc.Api)'
2026-05-06 12:20:43.230 +07:00 [INF] Route matched with {action = "GetByCode", controller = "Codes"}. Executing controller action with signature System.Threading.Tasks.Task`1[Microsoft.AspNetCore.Mvc.ActionResult`1[ThucLuc.Api.Common.Models.ApiResponse`1[ThucLuc.Application.Features.Codes.CodeDto]]] GetByCode(System.String, System.Threading.CancellationToken) on controller ThucLuc.Api.Controllers.V1.CodesController (ThucLuc.Api).
2026-05-06 12:20:43.235 +07:00 [INF] Executing OkObjectResult, writing value of type 'ThucLuc.Api.Common.Models.ApiResponse`1[[ThucLuc.Application.Features.Codes.CodeDto, ThucLuc.Application, Version=1.0.0.0, Culture=neutral, PublicKeyToken=null]]'.
2026-05-06 12:20:43.236 +07:00 [INF] Executed action ThucLuc.Api.Controllers.V1.CodesController.GetByCode (ThucLuc.Api) in 4.6764ms
2026-05-06 12:20:43.238 +07:00 [INF] Executed endpoint 'ThucLuc.Api.Controllers.V1.CodesController.GetByCode (ThucLuc.Api)'
2026-05-06 12:20:43.239 +07:00 [INF] HTTP GET /api/v1/codes/by-code/NHOM_CAMERA => 200 in 12.1964 ms CorrelationId=f2d2e9e821114b8f93364bf3cd9b99e7 UserId=5001
2026-05-06 12:20:43.242 +07:00 [INF] HTTP GET /api/v1/codes/by-code/NHOM_CAMERA responded 200 in 14.8148 ms
2026-05-06 12:20:43.244 +07:00 [INF] Request finished HTTP/1.1 GET http://localhost:5283/api/v1/codes/by-code/NHOM_CAMERA - 200 null application/json; charset=utf-8 19.8971ms
2026-05-06 12:20:43.247 +07:00 [INF] Request starting HTTP/1.1 OPTIONS http://localhost:5283/api/v1/ky-bao-cao - null null
2026-05-06 12:20:43.248 +07:00 [INF] Request starting HTTP/1.1 OPTIONS http://localhost:5283/api/v1/ky-bao-cao/current - null null
2026-05-06 12:20:43.251 +07:00 [INF] CORS policy execution successful.
2026-05-06 12:20:43.254 +07:00 [INF] CORS policy execution successful.
2026-05-06 12:20:43.255 +07:00 [INF] HTTP OPTIONS /api/v1/ky-bao-cao => 204 in 3.9553 ms CorrelationId=0447764444464e96a939543885e18a65 UserId=anonymous
2026-05-06 12:20:43.256 +07:00 [INF] HTTP OPTIONS /api/v1/ky-bao-cao/current => 204 in 1.6788 ms CorrelationId=3c51ec6fa56149338b930c0c5e709025 UserId=anonymous
2026-05-06 12:20:43.258 +07:00 [INF] HTTP OPTIONS /api/v1/ky-bao-cao responded 204 in 7.4384 ms
2026-05-06 12:20:43.261 +07:00 [INF] HTTP OPTIONS /api/v1/ky-bao-cao/current responded 204 in 6.9475 ms
2026-05-06 12:20:43.263 +07:00 [INF] Request finished HTTP/1.1 OPTIONS http://localhost:5283/api/v1/ky-bao-cao - 204 null null 16.2941ms
2026-05-06 12:20:43.265 +07:00 [INF] Request finished HTTP/1.1 OPTIONS http://localhost:5283/api/v1/ky-bao-cao/current - 204 null null 17.0009ms
2026-05-06 12:20:43.268 +07:00 [INF] Request starting HTTP/1.1 GET http://localhost:5283/api/v1/ky-bao-cao - null null
2026-05-06 12:20:43.271 +07:00 [INF] Request starting HTTP/1.1 GET http://localhost:5283/api/v1/ky-bao-cao/current - null null
2026-05-06 12:20:43.274 +07:00 [INF] CORS policy execution successful.
2026-05-06 12:20:43.276 +07:00 [INF] CORS policy execution successful.
2026-05-06 12:20:43.277 +07:00 [INF] Executing endpoint 'ThucLuc.Api.Controllers.V1.KyBaoCaoController.GetAll (ThucLuc.Api)'
2026-05-06 12:20:43.278 +07:00 [INF] Executing endpoint 'ThucLuc.Api.Controllers.V1.KyBaoCaoController.GetCurrent (ThucLuc.Api)'
2026-05-06 12:20:43.280 +07:00 [INF] Route matched with {action = "GetAll", controller = "KyBaoCao"}. Executing controller action with signature System.Threading.Tasks.Task`1[Microsoft.AspNetCore.Mvc.ActionResult`1[ThucLuc.Api.Common.Models.ApiResponse`1[System.Collections.Generic.IReadOnlyCollection`1[ThucLuc.Application.Features.KyBaoCao.KyBaoCaoDto]]]] GetAll(System.Threading.CancellationToken) on controller ThucLuc.Api.Controllers.V1.KyBaoCaoController (ThucLuc.Api).
2026-05-06 12:20:43.281 +07:00 [INF] Route matched with {action = "GetCurrent", controller = "KyBaoCao"}. Executing controller action with signature System.Threading.Tasks.Task`1[Microsoft.AspNetCore.Mvc.ActionResult`1[ThucLuc.Api.Common.Models.ApiResponse`1[ThucLuc.Application.Features.KyBaoCao.KyBaoCaoDto]]] GetCurrent(System.Threading.CancellationToken) on controller ThucLuc.Api.Controllers.V1.KyBaoCaoController (ThucLuc.Api).
2026-05-06 12:20:43.298 +07:00 [INF] Executing OkObjectResult, writing value of type 'ThucLuc.Api.Common.Models.ApiResponse`1[[System.Collections.Generic.IReadOnlyCollection`1[[ThucLuc.Application.Features.KyBaoCao.KyBaoCaoDto, ThucLuc.Application, Version=1.0.0.0, Culture=neutral, PublicKeyToken=null]], System.Private.CoreLib, Version=8.0.0.0, Culture=neutral, PublicKeyToken=7cec85d7bea7798e]]'.
2026-05-06 12:20:43.299 +07:00 [INF] Executing OkObjectResult, writing value of type 'ThucLuc.Api.Common.Models.ApiResponse`1[[ThucLuc.Application.Features.KyBaoCao.KyBaoCaoDto, ThucLuc.Application, Version=1.0.0.0, Culture=neutral, PublicKeyToken=null]]'.
2026-05-06 12:20:43.310 +07:00 [INF] Executed action ThucLuc.Api.Controllers.V1.KyBaoCaoController.GetAll (ThucLuc.Api) in 27.6567ms
2026-05-06 12:20:43.310 +07:00 [INF] Executed action ThucLuc.Api.Controllers.V1.KyBaoCaoController.GetCurrent (ThucLuc.Api) in 26.1679ms
2026-05-06 12:20:43.312 +07:00 [INF] Executed endpoint 'ThucLuc.Api.Controllers.V1.KyBaoCaoController.GetAll (ThucLuc.Api)'
2026-05-06 12:20:43.312 +07:00 [INF] Executed endpoint 'ThucLuc.Api.Controllers.V1.KyBaoCaoController.GetCurrent (ThucLuc.Api)'
2026-05-06 12:20:43.313 +07:00 [INF] HTTP GET /api/v1/ky-bao-cao => 200 in 39.5416 ms CorrelationId=5b167deb146d492f87ba1c67907b575e UserId=5001
2026-05-06 12:20:43.314 +07:00 [INF] HTTP GET /api/v1/ky-bao-cao/current => 200 in 38.0329 ms CorrelationId=9ea592396d474f37a047122a46a4e734 UserId=5001
2026-05-06 12:20:43.316 +07:00 [INF] HTTP GET /api/v1/ky-bao-cao responded 200 in 42.3117 ms
2026-05-06 12:20:43.318 +07:00 [INF] HTTP GET /api/v1/ky-bao-cao/current responded 200 in 41.8524 ms
2026-05-06 12:20:43.320 +07:00 [INF] Request finished HTTP/1.1 GET http://localhost:5283/api/v1/ky-bao-cao - 200 null application/json; charset=utf-8 51.765ms
2026-05-06 12:20:43.322 +07:00 [INF] Request finished HTTP/1.1 GET http://localhost:5283/api/v1/ky-bao-cao/current - 200 null application/json; charset=utf-8 50.3134ms
2026-05-06 12:20:43.328 +07:00 [INF] Request starting HTTP/1.1 OPTIONS http://localhost:5283/api/v1/camera-quan-ly - null null
2026-05-06 12:20:43.331 +07:00 [INF] CORS policy execution successful.
2026-05-06 12:20:43.332 +07:00 [INF] HTTP OPTIONS /api/v1/camera-quan-ly => 204 in 0.9024 ms CorrelationId=7e8998d0743f49509e69b707c3db86f3 UserId=anonymous
2026-05-06 12:20:43.334 +07:00 [INF] HTTP OPTIONS /api/v1/camera-quan-ly responded 204 in 3.0911 ms
2026-05-06 12:20:43.335 +07:00 [INF] Request finished HTTP/1.1 OPTIONS http://localhost:5283/api/v1/camera-quan-ly - 204 null null 7.0009ms
2026-05-06 12:20:43.338 +07:00 [INF] Request starting HTTP/1.1 GET http://localhost:5283/api/v1/camera-quan-ly - null null
2026-05-06 12:20:43.341 +07:00 [INF] CORS policy execution successful.
2026-05-06 12:20:43.342 +07:00 [INF] Executing endpoint 'ThucLuc.Api.Controllers.V1.CameraQuanLyController.GetAll (ThucLuc.Api)'
2026-05-06 12:20:43.346 +07:00 [INF] Route matched with {action = "GetAll", controller = "CameraQuanLy"}. Executing controller action with signature System.Threading.Tasks.Task`1[Microsoft.AspNetCore.Mvc.ActionResult`1[ThucLuc.Api.Common.Models.ApiResponse`1[System.Collections.Generic.IReadOnlyCollection`1[ThucLuc.Application.Features.CameraQuanLy.CameraQuanLyDto]]]] GetAll(ThucLuc.Application.Features.CameraQuanLy.GetCameraQuanLyQuery, System.Threading.CancellationToken) on controller ThucLuc.Api.Controllers.V1.CameraQuanLyController (ThucLuc.Api).
2026-05-06 12:20:43.357 +07:00 [INF] Executing OkObjectResult, writing value of type 'ThucLuc.Api.Common.Models.ApiResponse`1[[System.Collections.Generic.IReadOnlyCollection`1[[ThucLuc.Application.Features.CameraQuanLy.CameraQuanLyDto, ThucLuc.Application, Version=1.0.0.0, Culture=neutral, PublicKeyToken=null]], System.Private.CoreLib, Version=8.0.0.0, Culture=neutral, PublicKeyToken=7cec85d7bea7798e]]'.
2026-05-06 12:20:43.360 +07:00 [INF] Executed action ThucLuc.Api.Controllers.V1.CameraQuanLyController.GetAll (ThucLuc.Api) in 11.6888ms
2026-05-06 12:20:43.361 +07:00 [INF] Executed endpoint 'ThucLuc.Api.Controllers.V1.CameraQuanLyController.GetAll (ThucLuc.Api)'
2026-05-06 12:20:43.362 +07:00 [INF] HTTP GET /api/v1/camera-quan-ly => 200 in 21.5428 ms CorrelationId=967f5bb28cb34d10820e0e82ff2af625 UserId=5001
2026-05-06 12:20:43.364 +07:00 [INF] HTTP GET /api/v1/camera-quan-ly responded 200 in 23.5024 ms
2026-05-06 12:20:43.366 +07:00 [INF] Request finished HTTP/1.1 GET http://localhost:5283/api/v1/camera-quan-ly - 200 null application/json; charset=utf-8 27.4553ms
2026-05-06 12:20:45.543 +07:00 [INF] Request starting HTTP/1.1 OPTIONS http://localhost:5283/api/v1/ha-tang-mang?donViId=2001 - null null
2026-05-06 12:20:45.543 +07:00 [INF] Request starting HTTP/1.1 OPTIONS http://localhost:5283/api/v1/don-vi/2001 - null null
2026-05-06 12:20:45.550 +07:00 [INF] CORS policy execution successful.
2026-05-06 12:20:45.554 +07:00 [INF] CORS policy execution successful.
2026-05-06 12:20:45.556 +07:00 [INF] HTTP OPTIONS /api/v1/ha-tang-mang => 204 in 5.9606 ms CorrelationId=9dc181045ccc441eafca889ee36c8407 UserId=anonymous
2026-05-06 12:20:45.557 +07:00 [INF] HTTP OPTIONS /api/v1/don-vi/2001 => 204 in 2.8541 ms CorrelationId=606dc9c2f8a6450395f1dfee76c4405a UserId=anonymous
2026-05-06 12:20:45.561 +07:00 [INF] HTTP OPTIONS /api/v1/ha-tang-mang responded 204 in 10.5708 ms
2026-05-06 12:20:45.564 +07:00 [INF] HTTP OPTIONS /api/v1/don-vi/2001 responded 204 in 9.1194 ms
2026-05-06 12:20:45.566 +07:00 [INF] Request finished HTTP/1.1 OPTIONS http://localhost:5283/api/v1/ha-tang-mang?donViId=2001 - 204 null null 22.6401ms
2026-05-06 12:20:45.568 +07:00 [INF] Request finished HTTP/1.1 OPTIONS http://localhost:5283/api/v1/don-vi/2001 - 204 null null 24.7501ms
2026-05-06 12:20:45.571 +07:00 [INF] Request starting HTTP/1.1 GET http://localhost:5283/api/v1/ha-tang-mang?donViId=2001 - null null
2026-05-06 12:20:45.575 +07:00 [INF] Request starting HTTP/1.1 GET http://localhost:5283/api/v1/don-vi/2001 - null null
2026-05-06 12:20:45.577 +07:00 [INF] CORS policy execution successful.
2026-05-06 12:20:45.580 +07:00 [INF] CORS policy execution successful.
2026-05-06 12:20:45.580 +07:00 [INF] Executing endpoint 'ThucLuc.Api.Controllers.V1.HaTangMangController.GetAll (ThucLuc.Api)'
2026-05-06 12:20:45.581 +07:00 [INF] Executing endpoint 'ThucLuc.Api.Controllers.V1.DonViController.GetById (ThucLuc.Api)'
2026-05-06 12:20:45.582 +07:00 [INF] Route matched with {action = "GetAll", controller = "HaTangMang"}. Executing controller action with signature System.Threading.Tasks.Task`1[Microsoft.AspNetCore.Mvc.ActionResult`1[ThucLuc.Api.Common.Models.ApiResponse`1[System.Collections.Generic.IReadOnlyCollection`1[ThucLuc.Application.Features.HaTangMang.HaTangMangDto]]]] GetAll(System.Threading.CancellationToken) on controller ThucLuc.Api.Controllers.V1.HaTangMangController (ThucLuc.Api).
2026-05-06 12:20:45.583 +07:00 [INF] Route matched with {action = "GetById", controller = "DonVi"}. Executing controller action with signature System.Threading.Tasks.Task`1[Microsoft.AspNetCore.Mvc.ActionResult`1[ThucLuc.Api.Common.Models.ApiResponse`1[ThucLuc.Application.Features.DonVi.DonViDto]]] GetById(Int64, System.Threading.CancellationToken) on controller ThucLuc.Api.Controllers.V1.DonViController (ThucLuc.Api).
2026-05-06 12:20:45.586 +07:00 [INF] Executing OkObjectResult, writing value of type 'ThucLuc.Api.Common.Models.ApiResponse`1[[System.Collections.Generic.IReadOnlyCollection`1[[ThucLuc.Application.Features.HaTangMang.HaTangMangDto, ThucLuc.Application, Version=1.0.0.0, Culture=neutral, PublicKeyToken=null]], System.Private.CoreLib, Version=8.0.0.0, Culture=neutral, PublicKeyToken=7cec85d7bea7798e]]'.
2026-05-06 12:20:45.587 +07:00 [INF] Executed action ThucLuc.Api.Controllers.V1.HaTangMangController.GetAll (ThucLuc.Api) in 3.3463ms
2026-05-06 12:20:45.587 +07:00 [INF] Executing OkObjectResult, writing value of type 'ThucLuc.Api.Common.Models.ApiResponse`1[[ThucLuc.Application.Features.DonVi.DonViDto, ThucLuc.Application, Version=1.0.0.0, Culture=neutral, PublicKeyToken=null]]'.
2026-05-06 12:20:45.589 +07:00 [INF] Executed endpoint 'ThucLuc.Api.Controllers.V1.HaTangMangController.GetAll (ThucLuc.Api)'
2026-05-06 12:20:45.590 +07:00 [INF] Executed action ThucLuc.Api.Controllers.V1.DonViController.GetById (ThucLuc.Api) in 4.9477ms
2026-05-06 12:20:45.591 +07:00 [INF] HTTP GET /api/v1/ha-tang-mang => 200 in 14.0284 ms CorrelationId=41399720a23d463e829db1fdd71bad93 UserId=5001
2026-05-06 12:20:45.592 +07:00 [INF] Executed endpoint 'ThucLuc.Api.Controllers.V1.DonViController.GetById (ThucLuc.Api)'
2026-05-06 12:20:45.594 +07:00 [INF] HTTP GET /api/v1/ha-tang-mang responded 200 in 16.4584 ms
2026-05-06 12:20:45.595 +07:00 [INF] HTTP GET /api/v1/don-vi/2001 => 200 in 15.3218 ms CorrelationId=b27207ebfd8e4da09419bd3c43090761 UserId=5001
2026-05-06 12:20:45.597 +07:00 [INF] Request finished HTTP/1.1 GET http://localhost:5283/api/v1/ha-tang-mang?donViId=2001 - 200 null application/json; charset=utf-8 25.4423ms
2026-05-06 12:20:45.598 +07:00 [INF] HTTP GET /api/v1/don-vi/2001 responded 200 in 18.6821 ms
2026-05-06 12:20:45.602 +07:00 [INF] Request finished HTTP/1.1 GET http://localhost:5283/api/v1/don-vi/2001 - 200 null application/json; charset=utf-8 27.3112ms
2026-05-06 12:20:45.919 +07:00 [INF] Request starting HTTP/1.1 OPTIONS http://localhost:5283/api/v1/he-thong-thong-tin - null null
2026-05-06 12:20:45.919 +07:00 [INF] Request starting HTTP/1.1 OPTIONS http://localhost:5283/api/v1/httt-tieu-chuan - null null
2026-05-06 12:20:45.921 +07:00 [INF] Request starting HTTP/1.1 OPTIONS http://localhost:5283/api/v1/don-vi/tree - null null
2026-05-06 12:20:45.921 +07:00 [INF] Request starting HTTP/1.1 OPTIONS http://localhost:5283/api/v1/codes/by-code/HTTT_TIEU_CHUAN_CAND - null null
2026-05-06 12:20:45.921 +07:00 [INF] Request starting HTTP/1.1 OPTIONS http://localhost:5283/api/v1/don-vi/parent-candidates - null null
2026-05-06 12:20:45.922 +07:00 [INF] CORS policy execution successful.
2026-05-06 12:20:45.925 +07:00 [INF] CORS policy execution successful.
2026-05-06 12:20:45.927 +07:00 [INF] CORS policy execution successful.
2026-05-06 12:20:45.930 +07:00 [INF] CORS policy execution successful.
2026-05-06 12:20:45.933 +07:00 [INF] CORS policy execution successful.
2026-05-06 12:20:45.933 +07:00 [INF] HTTP OPTIONS /api/v1/he-thong-thong-tin => 204 in 10.996 ms CorrelationId=7739a18972b74968ac1f2b09f1f9f845 UserId=anonymous
2026-05-06 12:20:45.934 +07:00 [INF] HTTP OPTIONS /api/v1/httt-tieu-chuan => 204 in 9.1301 ms CorrelationId=116eccef65724b1a9c110d7b13fd5e55 UserId=anonymous
2026-05-06 12:20:45.935 +07:00 [INF] HTTP OPTIONS /api/v1/don-vi/tree => 204 in 7.4982 ms CorrelationId=594a491892a24fb293ab0a8f18df5345 UserId=anonymous
2026-05-06 12:20:45.936 +07:00 [INF] HTTP OPTIONS /api/v1/codes/by-code/HTTT_TIEU_CHUAN_CAND => 204 in 5.3843 ms CorrelationId=2f72bca71fa54db2bbf2f6c7107098b4 UserId=anonymous
2026-05-06 12:20:45.936 +07:00 [INF] HTTP OPTIONS /api/v1/don-vi/parent-candidates => 204 in 3.6064 ms CorrelationId=ed71b044aad44488b40d87ea0f2b1529 UserId=anonymous
2026-05-06 12:20:45.939 +07:00 [INF] HTTP OPTIONS /api/v1/he-thong-thong-tin responded 204 in 16.3762 ms
2026-05-06 12:20:45.941 +07:00 [INF] HTTP OPTIONS /api/v1/httt-tieu-chuan responded 204 in 15.9408 ms
2026-05-06 12:20:45.942 +07:00 [INF] HTTP OPTIONS /api/v1/don-vi/tree responded 204 in 14.8620 ms
2026-05-06 12:20:45.944 +07:00 [INF] HTTP OPTIONS /api/v1/codes/by-code/HTTT_TIEU_CHUAN_CAND responded 204 in 13.6160 ms
2026-05-06 12:20:45.945 +07:00 [INF] HTTP OPTIONS /api/v1/don-vi/parent-candidates responded 204 in 12.6920 ms
2026-05-06 12:20:45.947 +07:00 [INF] Request finished HTTP/1.1 OPTIONS http://localhost:5283/api/v1/he-thong-thong-tin - 204 null null 27.9769ms
2026-05-06 12:20:45.949 +07:00 [INF] Request finished HTTP/1.1 OPTIONS http://localhost:5283/api/v1/httt-tieu-chuan - 204 null null 29.2849ms
2026-05-06 12:20:45.951 +07:00 [INF] Request finished HTTP/1.1 OPTIONS http://localhost:5283/api/v1/don-vi/tree - 204 null null 29.7081ms
2026-05-06 12:20:45.952 +07:00 [INF] Request finished HTTP/1.1 OPTIONS http://localhost:5283/api/v1/codes/by-code/HTTT_TIEU_CHUAN_CAND - 204 null null 31.1899ms
2026-05-06 12:20:45.954 +07:00 [INF] Request finished HTTP/1.1 OPTIONS http://localhost:5283/api/v1/don-vi/parent-candidates - 204 null null 33.2452ms
2026-05-06 12:20:45.960 +07:00 [INF] Request starting HTTP/1.1 GET http://localhost:5283/api/v1/he-thong-thong-tin - null null
2026-05-06 12:20:45.963 +07:00 [INF] Request starting HTTP/1.1 GET http://localhost:5283/api/v1/httt-tieu-chuan - null null
2026-05-06 12:20:45.966 +07:00 [INF] Request starting HTTP/1.1 GET http://localhost:5283/api/v1/don-vi/tree - null null
2026-05-06 12:20:45.969 +07:00 [INF] Request starting HTTP/1.1 GET http://localhost:5283/api/v1/codes/by-code/HTTT_TIEU_CHUAN_CAND - null null
2026-05-06 12:20:45.973 +07:00 [INF] Request starting HTTP/1.1 GET http://localhost:5283/api/v1/don-vi/parent-candidates - null null
2026-05-06 12:20:45.976 +07:00 [INF] CORS policy execution successful.
2026-05-06 12:20:45.978 +07:00 [INF] CORS policy execution successful.
2026-05-06 12:20:45.980 +07:00 [INF] CORS policy execution successful.
2026-05-06 12:20:45.982 +07:00 [INF] CORS policy execution successful.
2026-05-06 12:20:45.985 +07:00 [INF] CORS policy execution successful.
2026-05-06 12:20:45.985 +07:00 [INF] Executing endpoint 'ThucLuc.Api.Controllers.V1.HeThongThongTinController.GetAll (ThucLuc.Api)'
2026-05-06 12:20:45.986 +07:00 [INF] Executing endpoint 'ThucLuc.Api.Controllers.V1.HtttTieuChuanController.GetAll (ThucLuc.Api)'
2026-05-06 12:20:45.987 +07:00 [INF] Executing endpoint 'ThucLuc.Api.Controllers.V1.DonViController.GetTree (ThucLuc.Api)'
2026-05-06 12:20:45.988 +07:00 [INF] Executing endpoint 'ThucLuc.Api.Controllers.V1.CodesController.GetByCode (ThucLuc.Api)'
2026-05-06 12:20:45.989 +07:00 [INF] Executing endpoint 'ThucLuc.Api.Controllers.V1.DonViController.GetParentCandidates (ThucLuc.Api)'
2026-05-06 12:20:45.993 +07:00 [INF] Route matched with {action = "GetAll", controller = "HeThongThongTin"}. Executing controller action with signature System.Threading.Tasks.Task`1[Microsoft.AspNetCore.Mvc.ActionResult`1[ThucLuc.Api.Common.Models.ApiResponse`1[System.Collections.Generic.IReadOnlyCollection`1[ThucLuc.Application.Features.HeThongThongTin.HeThongThongTinDto]]]] GetAll(System.String, System.Threading.CancellationToken) on controller ThucLuc.Api.Controllers.V1.HeThongThongTinController (ThucLuc.Api).
2026-05-06 12:20:45.993 +07:00 [INF] Route matched with {action = "GetAll", controller = "HtttTieuChuan"}. Executing controller action with signature System.Threading.Tasks.Task`1[Microsoft.AspNetCore.Mvc.ActionResult`1[ThucLuc.Api.Common.Models.ApiResponse`1[System.Collections.Generic.IReadOnlyCollection`1[ThucLuc.Application.Features.HtttTieuChuan.HtttTieuChuanDto]]]] GetAll(System.Threading.CancellationToken) on controller ThucLuc.Api.Controllers.V1.HtttTieuChuanController (ThucLuc.Api).
2026-05-06 12:20:45.995 +07:00 [INF] Route matched with {action = "GetByCode", controller = "Codes"}. Executing controller action with signature System.Threading.Tasks.Task`1[Microsoft.AspNetCore.Mvc.ActionResult`1[ThucLuc.Api.Common.Models.ApiResponse`1[ThucLuc.Application.Features.Codes.CodeDto]]] GetByCode(System.String, System.Threading.CancellationToken) on controller ThucLuc.Api.Controllers.V1.CodesController (ThucLuc.Api).
2026-05-06 12:20:45.995 +07:00 [INF] Route matched with {action = "GetTree", controller = "DonVi"}. Executing controller action with signature System.Threading.Tasks.Task`1[Microsoft.AspNetCore.Mvc.ActionResult`1[ThucLuc.Api.Common.Models.ApiResponse`1[System.Collections.Generic.IReadOnlyCollection`1[ThucLuc.Application.Features.DonVi.DonViDto]]]] GetTree(System.Threading.CancellationToken) on controller ThucLuc.Api.Controllers.V1.DonViController (ThucLuc.Api).
2026-05-06 12:20:45.999 +07:00 [INF] Route matched with {action = "GetParentCandidates", controller = "DonVi"}. Executing controller action with signature System.Threading.Tasks.Task`1[Microsoft.AspNetCore.Mvc.ActionResult`1[ThucLuc.Api.Common.Models.ApiResponse`1[System.Collections.Generic.IReadOnlyCollection`1[ThucLuc.Application.Features.DonVi.DonViParentCandidateDto]]]] GetParentCandidates(System.Nullable`1[System.Int64], System.Threading.CancellationToken) on controller ThucLuc.Api.Controllers.V1.DonViController (ThucLuc.Api).
2026-05-06 12:20:46.003 +07:00 [INF] Executing OkObjectResult, writing value of type 'ThucLuc.Api.Common.Models.ApiResponse`1[[ThucLuc.Application.Features.Codes.CodeDto, ThucLuc.Application, Version=1.0.0.0, Culture=neutral, PublicKeyToken=null]]'.
2026-05-06 12:20:46.007 +07:00 [INF] Executing OkObjectResult, writing value of type 'ThucLuc.Api.Common.Models.ApiResponse`1[[System.Collections.Generic.IReadOnlyCollection`1[[ThucLuc.Application.Features.HeThongThongTin.HeThongThongTinDto, ThucLuc.Application, Version=1.0.0.0, Culture=neutral, PublicKeyToken=null]], System.Private.CoreLib, Version=8.0.0.0, Culture=neutral, PublicKeyToken=7cec85d7bea7798e]]'.
2026-05-06 12:20:46.008 +07:00 [INF] Executing OkObjectResult, writing value of type 'ThucLuc.Api.Common.Models.ApiResponse`1[[System.Collections.Generic.IReadOnlyCollection`1[[ThucLuc.Application.Features.HtttTieuChuan.HtttTieuChuanDto, ThucLuc.Application, Version=1.0.0.0, Culture=neutral, PublicKeyToken=null]], System.Private.CoreLib, Version=8.0.0.0, Culture=neutral, PublicKeyToken=7cec85d7bea7798e]]'.
2026-05-06 12:20:46.010 +07:00 [INF] Executed action ThucLuc.Api.Controllers.V1.CodesController.GetByCode (ThucLuc.Api) in 9.5209ms
2026-05-06 12:20:46.013 +07:00 [INF] Executed action ThucLuc.Api.Controllers.V1.HeThongThongTinController.GetAll (ThucLuc.Api) in 15.5376ms
2026-05-06 12:20:46.016 +07:00 [INF] Executed action ThucLuc.Api.Controllers.V1.HtttTieuChuanController.GetAll (ThucLuc.Api) in 16.8179ms
2026-05-06 12:20:46.017 +07:00 [INF] Executing OkObjectResult, writing value of type 'ThucLuc.Api.Common.Models.ApiResponse`1[[System.Collections.Generic.IReadOnlyCollection`1[[ThucLuc.Application.Features.DonVi.DonViParentCandidateDto, ThucLuc.Application, Version=1.0.0.0, Culture=neutral, PublicKeyToken=null]], System.Private.CoreLib, Version=8.0.0.0, Culture=neutral, PublicKeyToken=7cec85d7bea7798e]]'.
2026-05-06 12:20:46.017 +07:00 [INF] Executed endpoint 'ThucLuc.Api.Controllers.V1.CodesController.GetByCode (ThucLuc.Api)'
2026-05-06 12:20:46.018 +07:00 [INF] Executed endpoint 'ThucLuc.Api.Controllers.V1.HeThongThongTinController.GetAll (ThucLuc.Api)'
2026-05-06 12:20:46.019 +07:00 [INF] Executing OkObjectResult, writing value of type 'ThucLuc.Api.Common.Models.ApiResponse`1[[System.Collections.Generic.IReadOnlyCollection`1[[ThucLuc.Application.Features.DonVi.DonViDto, ThucLuc.Application, Version=1.0.0.0, Culture=neutral, PublicKeyToken=null]], System.Private.CoreLib, Version=8.0.0.0, Culture=neutral, PublicKeyToken=7cec85d7bea7798e]]'.
2026-05-06 12:20:46.020 +07:00 [INF] Executed endpoint 'ThucLuc.Api.Controllers.V1.HtttTieuChuanController.GetAll (ThucLuc.Api)'
2026-05-06 12:20:46.023 +07:00 [INF] HTTP GET /api/v1/codes/by-code/HTTT_TIEU_CHUAN_CAND => 200 in 40.1795 ms CorrelationId=5bdc30fe0c76497b8419923c06398328 UserId=5001
2026-05-06 12:20:46.023 +07:00 [INF] HTTP GET /api/v1/he-thong-thong-tin => 200 in 47.6798 ms CorrelationId=bf0c8afc95744bf893158c61e14b7939 UserId=5001
2026-05-06 12:20:46.024 +07:00 [INF] Executed action ThucLuc.Api.Controllers.V1.DonViController.GetParentCandidates (ThucLuc.Api) in 15.9651ms
2026-05-06 12:20:46.026 +07:00 [INF] HTTP GET /api/v1/httt-tieu-chuan => 200 in 48.2538 ms CorrelationId=9f5cff4f038e414fbbfacaba4a526017 UserId=5001
2026-05-06 12:20:46.026 +07:00 [INF] Executed action ThucLuc.Api.Controllers.V1.DonViController.GetTree (ThucLuc.Api) in 21.1849ms
2026-05-06 12:20:46.028 +07:00 [INF] HTTP GET /api/v1/codes/by-code/HTTT_TIEU_CHUAN_CAND responded 200 in 46.0844 ms
2026-05-06 12:20:46.031 +07:00 [INF] HTTP GET /api/v1/he-thong-thong-tin responded 200 in 54.9519 ms
2026-05-06 12:20:46.032 +07:00 [INF] Executed endpoint 'ThucLuc.Api.Controllers.V1.DonViController.GetParentCandidates (ThucLuc.Api)'
2026-05-06 12:20:46.034 +07:00 [INF] HTTP GET /api/v1/httt-tieu-chuan responded 200 in 56.3876 ms
2026-05-06 12:20:46.035 +07:00 [INF] Executed endpoint 'ThucLuc.Api.Controllers.V1.DonViController.GetTree (ThucLuc.Api)'
2026-05-06 12:20:46.037 +07:00 [INF] Request finished HTTP/1.1 GET http://localhost:5283/api/v1/codes/by-code/HTTT_TIEU_CHUAN_CAND - 200 null application/json; charset=utf-8 68.1992ms
2026-05-06 12:20:46.040 +07:00 [INF] Request finished HTTP/1.1 GET http://localhost:5283/api/v1/he-thong-thong-tin - 200 null application/json; charset=utf-8 80.0869ms
2026-05-06 12:20:46.041 +07:00 [INF] HTTP GET /api/v1/don-vi/parent-candidates => 200 in 56.4923 ms CorrelationId=290e2a1c222e4d90a918fe030f6bf02c UserId=5001
2026-05-06 12:20:46.043 +07:00 [INF] Request finished HTTP/1.1 GET http://localhost:5283/api/v1/httt-tieu-chuan - 200 null application/json; charset=utf-8 80.3481ms
2026-05-06 12:20:46.045 +07:00 [INF] HTTP GET /api/v1/don-vi/tree => 200 in 64.5975 ms CorrelationId=a51893a329514028a5d114c886c95b75 UserId=5001
2026-05-06 12:20:46.053 +07:00 [INF] HTTP GET /api/v1/don-vi/parent-candidates responded 200 in 68.8726 ms
2026-05-06 12:20:46.059 +07:00 [INF] HTTP GET /api/v1/don-vi/tree responded 200 in 78.6607 ms
2026-05-06 12:20:46.060 +07:00 [INF] Request finished HTTP/1.1 GET http://localhost:5283/api/v1/don-vi/parent-candidates - 200 null application/json; charset=utf-8 86.9926ms
2026-05-06 12:20:46.062 +07:00 [INF] Request finished HTTP/1.1 GET http://localhost:5283/api/v1/don-vi/tree - 200 null application/json; charset=utf-8 95.5598ms
2026-05-06 12:20:48.604 +07:00 [INF] Request starting HTTP/1.1 OPTIONS http://localhost:5283/api/v1/ref-loai-thiet-bi/tree - null null
2026-05-06 12:20:48.604 +07:00 [INF] Request starting HTTP/1.1 OPTIONS http://localhost:5283/api/v1/thiet-bi-cntt - null null
2026-05-06 12:20:48.604 +07:00 [INF] Request starting HTTP/1.1 GET http://localhost:5283/api/v1/he-thong-thong-tin - null null
2026-05-06 12:20:48.605 +07:00 [INF] Request starting HTTP/1.1 GET http://localhost:5283/api/v1/don-vi/tree - null null
2026-05-06 12:20:48.611 +07:00 [INF] CORS policy execution successful.
2026-05-06 12:20:48.616 +07:00 [INF] CORS policy execution successful.
2026-05-06 12:20:48.621 +07:00 [INF] CORS policy execution successful.
2026-05-06 12:20:48.624 +07:00 [INF] CORS policy execution successful.
2026-05-06 12:20:48.625 +07:00 [INF] HTTP OPTIONS /api/v1/ref-loai-thiet-bi/tree => 204 in 13.7943 ms CorrelationId=366fe5255cd248e9a9249097288b4b47 UserId=anonymous
2026-05-06 12:20:48.625 +07:00 [INF] HTTP OPTIONS /api/v1/thiet-bi-cntt => 204 in 9.4531 ms CorrelationId=15c52af2976a4a45824e5aadb2080252 UserId=anonymous
2026-05-06 12:20:48.626 +07:00 [INF] Executing endpoint 'ThucLuc.Api.Controllers.V1.HeThongThongTinController.GetAll (ThucLuc.Api)'
2026-05-06 12:20:48.627 +07:00 [INF] Executing endpoint 'ThucLuc.Api.Controllers.V1.DonViController.GetTree (ThucLuc.Api)'
2026-05-06 12:20:48.629 +07:00 [INF] HTTP OPTIONS /api/v1/ref-loai-thiet-bi/tree responded 204 in 18.4451 ms
2026-05-06 12:20:48.631 +07:00 [INF] HTTP OPTIONS /api/v1/thiet-bi-cntt responded 204 in 15.1810 ms
2026-05-06 12:20:48.632 +07:00 [INF] Route matched with {action = "GetAll", controller = "HeThongThongTin"}. Executing controller action with signature System.Threading.Tasks.Task`1[Microsoft.AspNetCore.Mvc.ActionResult`1[ThucLuc.Api.Common.Models.ApiResponse`1[System.Collections.Generic.IReadOnlyCollection`1[ThucLuc.Application.Features.HeThongThongTin.HeThongThongTinDto]]]] GetAll(System.String, System.Threading.CancellationToken) on controller ThucLuc.Api.Controllers.V1.HeThongThongTinController (ThucLuc.Api).
2026-05-06 12:20:48.633 +07:00 [INF] Route matched with {action = "GetTree", controller = "DonVi"}. Executing controller action with signature System.Threading.Tasks.Task`1[Microsoft.AspNetCore.Mvc.ActionResult`1[ThucLuc.Api.Common.Models.ApiResponse`1[System.Collections.Generic.IReadOnlyCollection`1[ThucLuc.Application.Features.DonVi.DonViDto]]]] GetTree(System.Threading.CancellationToken) on controller ThucLuc.Api.Controllers.V1.DonViController (ThucLuc.Api).
2026-05-06 12:20:48.634 +07:00 [INF] Request finished HTTP/1.1 OPTIONS http://localhost:5283/api/v1/ref-loai-thiet-bi/tree - 204 null null 30.2922ms
2026-05-06 12:20:48.635 +07:00 [INF] Request finished HTTP/1.1 OPTIONS http://localhost:5283/api/v1/thiet-bi-cntt - 204 null null 31.6886ms
2026-05-06 12:20:48.641 +07:00 [INF] Executing OkObjectResult, writing value of type 'ThucLuc.Api.Common.Models.ApiResponse`1[[System.Collections.Generic.IReadOnlyCollection`1[[ThucLuc.Application.Features.HeThongThongTin.HeThongThongTinDto, ThucLuc.Application, Version=1.0.0.0, Culture=neutral, PublicKeyToken=null]], System.Private.CoreLib, Version=8.0.0.0, Culture=neutral, PublicKeyToken=7cec85d7bea7798e]]'.
2026-05-06 12:20:48.642 +07:00 [INF] Executing OkObjectResult, writing value of type 'ThucLuc.Api.Common.Models.ApiResponse`1[[System.Collections.Generic.IReadOnlyCollection`1[[ThucLuc.Application.Features.DonVi.DonViDto, ThucLuc.Application, Version=1.0.0.0, Culture=neutral, PublicKeyToken=null]], System.Private.CoreLib, Version=8.0.0.0, Culture=neutral, PublicKeyToken=7cec85d7bea7798e]]'.
2026-05-06 12:20:48.644 +07:00 [INF] Request starting HTTP/1.1 GET http://localhost:5283/api/v1/ref-loai-thiet-bi/tree - null null
2026-05-06 12:20:48.648 +07:00 [INF] Request starting HTTP/1.1 GET http://localhost:5283/api/v1/thiet-bi-cntt - null null
2026-05-06 12:20:48.649 +07:00 [INF] Executed action ThucLuc.Api.Controllers.V1.HeThongThongTinController.GetAll (ThucLuc.Api) in 11.3375ms
2026-05-06 12:20:48.650 +07:00 [INF] Executed action ThucLuc.Api.Controllers.V1.DonViController.GetTree (ThucLuc.Api) in 10.3427ms
2026-05-06 12:20:48.654 +07:00 [INF] CORS policy execution successful.
2026-05-06 12:20:48.657 +07:00 [INF] CORS policy execution successful.
2026-05-06 12:20:48.659 +07:00 [INF] Executed endpoint 'ThucLuc.Api.Controllers.V1.HeThongThongTinController.GetAll (ThucLuc.Api)'
2026-05-06 12:20:48.660 +07:00 [INF] Executed endpoint 'ThucLuc.Api.Controllers.V1.DonViController.GetTree (ThucLuc.Api)'
2026-05-06 12:20:48.661 +07:00 [INF] Executing endpoint 'ThucLuc.Api.Controllers.V1.RefLoaiThietBiController.GetTree (ThucLuc.Api)'
2026-05-06 12:20:48.662 +07:00 [INF] Executing endpoint 'ThucLuc.Api.Controllers.V1.ThietBiCnttController.GetAll (ThucLuc.Api)'
2026-05-06 12:20:48.663 +07:00 [INF] HTTP GET /api/v1/he-thong-thong-tin => 200 in 42.3407 ms CorrelationId=50f0caac7dc3412daee7a3ab0c529635 UserId=5001
2026-05-06 12:20:48.664 +07:00 [INF] HTTP GET /api/v1/don-vi/tree => 200 in 40.0289 ms CorrelationId=f6d7c2cb318647eca701aec712c44281 UserId=5001
2026-05-06 12:20:48.667 +07:00 [INF] Route matched with {action = "GetTree", controller = "RefLoaiThietBi"}. Executing controller action with signature System.Threading.Tasks.Task`1[Microsoft.AspNetCore.Mvc.ActionResult`1[ThucLuc.Api.Common.Models.ApiResponse`1[System.Collections.Generic.IReadOnlyCollection`1[ThucLuc.Application.Features.RefLoaiThietBi.RefLoaiThietBiDto]]]] GetTree(System.Threading.CancellationToken) on controller ThucLuc.Api.Controllers.V1.RefLoaiThietBiController (ThucLuc.Api).
2026-05-06 12:20:48.668 +07:00 [INF] Route matched with {action = "GetAll", controller = "ThietBiCntt"}. Executing controller action with signature System.Threading.Tasks.Task`1[Microsoft.AspNetCore.Mvc.ActionResult`1[ThucLuc.Api.Common.Models.ApiResponse`1[System.Collections.Generic.IReadOnlyCollection`1[ThucLuc.Application.Features.ThietBiCntt.ThietBiCnttDto]]]] GetAll(System.Threading.CancellationToken) on controller ThucLuc.Api.Controllers.V1.ThietBiCnttController (ThucLuc.Api).
2026-05-06 12:20:48.668 +07:00 [INF] HTTP GET /api/v1/he-thong-thong-tin responded 200 in 47.4761 ms
2026-05-06 12:20:48.670 +07:00 [INF] HTTP GET /api/v1/don-vi/tree responded 200 in 45.7571 ms
2026-05-06 12:20:48.675 +07:00 [INF] Request finished HTTP/1.1 GET http://localhost:5283/api/v1/he-thong-thong-tin - 200 null application/json; charset=utf-8 71.3801ms
2026-05-06 12:20:48.677 +07:00 [INF] Request finished HTTP/1.1 GET http://localhost:5283/api/v1/don-vi/tree - 200 null application/json; charset=utf-8 72.446ms
2026-05-06 12:20:48.683 +07:00 [INF] Executing OkObjectResult, writing value of type 'ThucLuc.Api.Common.Models.ApiResponse`1[[System.Collections.Generic.IReadOnlyCollection`1[[ThucLuc.Application.Features.RefLoaiThietBi.RefLoaiThietBiDto, ThucLuc.Application, Version=1.0.0.0, Culture=neutral, PublicKeyToken=null]], System.Private.CoreLib, Version=8.0.0.0, Culture=neutral, PublicKeyToken=7cec85d7bea7798e]]'.
2026-05-06 12:20:48.689 +07:00 [INF] Executed action ThucLuc.Api.Controllers.V1.RefLoaiThietBiController.GetTree (ThucLuc.Api) in 17.2451ms
2026-05-06 12:20:48.690 +07:00 [INF] Executed endpoint 'ThucLuc.Api.Controllers.V1.RefLoaiThietBiController.GetTree (ThucLuc.Api)'
2026-05-06 12:20:48.692 +07:00 [INF] HTTP GET /api/v1/ref-loai-thiet-bi/tree => 200 in 37.8454 ms CorrelationId=374c859544c94fe9954444c635f5b6cc UserId=5001
2026-05-06 12:20:48.694 +07:00 [INF] HTTP GET /api/v1/ref-loai-thiet-bi/tree responded 200 in 39.9486 ms
2026-05-06 12:20:48.695 +07:00 [INF] Request finished HTTP/1.1 GET http://localhost:5283/api/v1/ref-loai-thiet-bi/tree - 200 null application/json; charset=utf-8 51.4837ms
2026-05-06 12:20:48.699 +07:00 [INF] Executing OkObjectResult, writing value of type 'ThucLuc.Api.Common.Models.ApiResponse`1[[System.Collections.Generic.IReadOnlyCollection`1[[ThucLuc.Application.Features.ThietBiCntt.ThietBiCnttDto, ThucLuc.Application, Version=1.0.0.0, Culture=neutral, PublicKeyToken=null]], System.Private.CoreLib, Version=8.0.0.0, Culture=neutral, PublicKeyToken=7cec85d7bea7798e]]'.
2026-05-06 12:20:48.702 +07:00 [INF] Executed action ThucLuc.Api.Controllers.V1.ThietBiCnttController.GetAll (ThucLuc.Api) in 28.3255ms
2026-05-06 12:20:48.703 +07:00 [INF] Executed endpoint 'ThucLuc.Api.Controllers.V1.ThietBiCnttController.GetAll (ThucLuc.Api)'
2026-05-06 12:20:48.704 +07:00 [INF] HTTP GET /api/v1/thiet-bi-cntt => 200 in 46.8967 ms CorrelationId=fd74c90501b2457496d1045ee4ccfcee UserId=5001
2026-05-06 12:20:48.706 +07:00 [INF] HTTP GET /api/v1/thiet-bi-cntt responded 200 in 48.7736 ms
2026-05-06 12:20:48.708 +07:00 [INF] Request finished HTTP/1.1 GET http://localhost:5283/api/v1/thiet-bi-cntt - 200 null application/json; charset=utf-8 60.0892ms
2026-05-06 14:12:54.123 +07:00 [INF] Request starting HTTP/1.1 OPTIONS http://localhost:5283/api/v1/codes/by-code/LOP_GIAM_SAT - null null
2026-05-06 14:12:54.123 +07:00 [INF] Request starting HTTP/1.1 OPTIONS http://localhost:5283/api/v1/codes/by-code/THUC_TRANG_GIAM_SAT - null null
2026-05-06 14:12:54.127 +07:00 [INF] CORS policy execution successful.
2026-05-06 14:12:54.131 +07:00 [INF] CORS policy execution successful.
2026-05-06 14:12:54.131 +07:00 [INF] HTTP OPTIONS /api/v1/codes/by-code/LOP_GIAM_SAT => 204 in 3.8034 ms CorrelationId=101ea9780a114fb5ab165cfffdea5a32 UserId=anonymous
2026-05-06 14:12:54.132 +07:00 [INF] HTTP OPTIONS /api/v1/codes/by-code/THUC_TRANG_GIAM_SAT => 204 in 1.1446 ms CorrelationId=20a21a4aa97047e5878d299cd1453d09 UserId=anonymous
2026-05-06 14:12:54.135 +07:00 [INF] HTTP OPTIONS /api/v1/codes/by-code/LOP_GIAM_SAT responded 204 in 7.4889 ms
2026-05-06 14:12:54.137 +07:00 [INF] HTTP OPTIONS /api/v1/codes/by-code/THUC_TRANG_GIAM_SAT responded 204 in 6.2498 ms
2026-05-06 14:12:54.139 +07:00 [INF] Request finished HTTP/1.1 OPTIONS http://localhost:5283/api/v1/codes/by-code/LOP_GIAM_SAT - 204 null null 16.1207ms
2026-05-06 14:12:54.141 +07:00 [INF] Request finished HTTP/1.1 OPTIONS http://localhost:5283/api/v1/codes/by-code/THUC_TRANG_GIAM_SAT - 204 null null 17.7606ms
2026-05-06 14:12:54.145 +07:00 [INF] Request starting HTTP/1.1 GET http://localhost:5283/api/v1/codes/by-code/LOP_GIAM_SAT - null null
2026-05-06 14:12:54.147 +07:00 [INF] Request starting HTTP/1.1 GET http://localhost:5283/api/v1/codes/by-code/THUC_TRANG_GIAM_SAT - null null
2026-05-06 14:12:54.149 +07:00 [INF] CORS policy execution successful.
2026-05-06 14:12:54.152 +07:00 [INF] CORS policy execution successful.
2026-05-06 14:12:54.152 +07:00 [INF] Executing endpoint 'ThucLuc.Api.Controllers.V1.CodesController.GetByCode (ThucLuc.Api)'
2026-05-06 14:12:54.153 +07:00 [INF] Executing endpoint 'ThucLuc.Api.Controllers.V1.CodesController.GetByCode (ThucLuc.Api)'
2026-05-06 14:12:54.154 +07:00 [INF] Route matched with {action = "GetByCode", controller = "Codes"}. Executing controller action with signature System.Threading.Tasks.Task`1[Microsoft.AspNetCore.Mvc.ActionResult`1[ThucLuc.Api.Common.Models.ApiResponse`1[ThucLuc.Application.Features.Codes.CodeDto]]] GetByCode(System.String, System.Threading.CancellationToken) on controller ThucLuc.Api.Controllers.V1.CodesController (ThucLuc.Api).
2026-05-06 14:12:54.154 +07:00 [INF] Route matched with {action = "GetByCode", controller = "Codes"}. Executing controller action with signature System.Threading.Tasks.Task`1[Microsoft.AspNetCore.Mvc.ActionResult`1[ThucLuc.Api.Common.Models.ApiResponse`1[ThucLuc.Application.Features.Codes.CodeDto]]] GetByCode(System.String, System.Threading.CancellationToken) on controller ThucLuc.Api.Controllers.V1.CodesController (ThucLuc.Api).
2026-05-06 14:12:54.212 +07:00 [INF] Executing OkObjectResult, writing value of type 'ThucLuc.Api.Common.Models.ApiResponse`1[[ThucLuc.Application.Features.Codes.CodeDto, ThucLuc.Application, Version=1.0.0.0, Culture=neutral, PublicKeyToken=null]]'.
2026-05-06 14:12:54.216 +07:00 [INF] Executed action ThucLuc.Api.Controllers.V1.CodesController.GetByCode (ThucLuc.Api) in 60.8205ms
2026-05-06 14:12:54.220 +07:00 [INF] Executed endpoint 'ThucLuc.Api.Controllers.V1.CodesController.GetByCode (ThucLuc.Api)'
2026-05-06 14:12:54.222 +07:00 [INF] HTTP GET /api/v1/codes/by-code/LOP_GIAM_SAT => 200 in 72.8775 ms CorrelationId=3ece2188da874b6abb3ed03630f29833 UserId=5001
2026-05-06 14:12:54.225 +07:00 [INF] HTTP GET /api/v1/codes/by-code/LOP_GIAM_SAT responded 200 in 75.9760 ms
2026-05-06 14:12:54.228 +07:00 [INF] Request finished HTTP/1.1 GET http://localhost:5283/api/v1/codes/by-code/LOP_GIAM_SAT - 200 null application/json; charset=utf-8 83.3861ms
2026-05-06 14:12:54.240 +07:00 [INF] Executing OkObjectResult, writing value of type 'ThucLuc.Api.Common.Models.ApiResponse`1[[ThucLuc.Application.Features.Codes.CodeDto, ThucLuc.Application, Version=1.0.0.0, Culture=neutral, PublicKeyToken=null]]'.
2026-05-06 14:12:54.241 +07:00 [INF] Executed action ThucLuc.Api.Controllers.V1.CodesController.GetByCode (ThucLuc.Api) in 84.2868ms
2026-05-06 14:12:54.243 +07:00 [INF] Executed endpoint 'ThucLuc.Api.Controllers.V1.CodesController.GetByCode (ThucLuc.Api)'
2026-05-06 14:12:54.244 +07:00 [INF] HTTP GET /api/v1/codes/by-code/THUC_TRANG_GIAM_SAT => 200 in 92.5643 ms CorrelationId=58d820df490d4b5b961253f8ea8901cf UserId=5001
2026-05-06 14:12:54.247 +07:00 [INF] HTTP GET /api/v1/codes/by-code/THUC_TRANG_GIAM_SAT responded 200 in 95.1105 ms
2026-05-06 14:12:54.248 +07:00 [INF] Request finished HTTP/1.1 GET http://localhost:5283/api/v1/codes/by-code/THUC_TRANG_GIAM_SAT - 200 null application/json; charset=utf-8 100.6473ms
2026-05-06 14:12:54.251 +07:00 [INF] Request starting HTTP/1.1 OPTIONS http://localhost:5283/api/v1/giam-sat-noc?donViId=2002 - null null
2026-05-06 14:12:54.253 +07:00 [INF] CORS policy execution successful.
2026-05-06 14:12:54.254 +07:00 [INF] HTTP OPTIONS /api/v1/giam-sat-noc => 204 in 0.688 ms CorrelationId=ca0ef158cb0b44ca92b0b63537153dbe UserId=anonymous
2026-05-06 14:12:54.256 +07:00 [INF] HTTP OPTIONS /api/v1/giam-sat-noc responded 204 in 2.3585 ms
2026-05-06 14:12:54.257 +07:00 [INF] Request finished HTTP/1.1 OPTIONS http://localhost:5283/api/v1/giam-sat-noc?donViId=2002 - 204 null null 5.9897ms
2026-05-06 14:12:54.260 +07:00 [INF] Request starting HTTP/1.1 GET http://localhost:5283/api/v1/giam-sat-noc?donViId=2002 - null null
2026-05-06 14:12:54.263 +07:00 [INF] CORS policy execution successful.
2026-05-06 14:12:54.264 +07:00 [INF] Executing endpoint 'ThucLuc.Api.Controllers.V1.GiamSatNocController.GetAll (ThucLuc.Api)'
2026-05-06 14:12:54.265 +07:00 [INF] Route matched with {action = "GetAll", controller = "GiamSatNoc"}. Executing controller action with signature System.Threading.Tasks.Task`1[Microsoft.AspNetCore.Mvc.ActionResult`1[ThucLuc.Api.Common.Models.ApiResponse`1[System.Collections.Generic.IReadOnlyCollection`1[ThucLuc.Application.Features.GiamSatNoc.GiamSatNocDto]]]] GetAll(ThucLuc.Application.Features.GiamSatNoc.GiamSatNocQuery, System.Threading.CancellationToken) on controller ThucLuc.Api.Controllers.V1.GiamSatNocController (ThucLuc.Api).
2026-05-06 14:12:54.270 +07:00 [INF] Executing OkObjectResult, writing value of type 'ThucLuc.Api.Common.Models.ApiResponse`1[[System.Collections.Generic.IReadOnlyCollection`1[[ThucLuc.Application.Features.GiamSatNoc.GiamSatNocDto, ThucLuc.Application, Version=1.0.0.0, Culture=neutral, PublicKeyToken=null]], System.Private.CoreLib, Version=8.0.0.0, Culture=neutral, PublicKeyToken=7cec85d7bea7798e]]'.
2026-05-06 14:12:54.272 +07:00 [INF] Executed action ThucLuc.Api.Controllers.V1.GiamSatNocController.GetAll (ThucLuc.Api) in 5.0171ms
2026-05-06 14:12:54.273 +07:00 [INF] Executed endpoint 'ThucLuc.Api.Controllers.V1.GiamSatNocController.GetAll (ThucLuc.Api)'
2026-05-06 14:12:54.274 +07:00 [INF] HTTP GET /api/v1/giam-sat-noc => 200 in 11.0618 ms CorrelationId=d0d76db10c6a4840928acae78d59889b UserId=5001
2026-05-06 14:12:54.276 +07:00 [INF] HTTP GET /api/v1/giam-sat-noc responded 200 in 13.2777 ms
2026-05-06 14:12:54.278 +07:00 [INF] Request finished HTTP/1.1 GET http://localhost:5283/api/v1/giam-sat-noc?donViId=2002 - 200 null application/json; charset=utf-8 18.5288ms
2026-05-06 14:12:54.715 +07:00 [INF] Request starting HTTP/1.1 OPTIONS http://localhost:5283/api/v1/codes/by-code/LOAI_MANG_GIAM_SAT - null null
2026-05-06 14:12:54.715 +07:00 [INF] Request starting HTTP/1.1 GET http://localhost:5283/api/v1/codes/by-code/LOP_GIAM_SAT - null null
2026-05-06 14:12:54.716 +07:00 [INF] Request starting HTTP/1.1 GET http://localhost:5283/api/v1/codes/by-code/THUC_TRANG_GIAM_SAT - null null
2026-05-06 14:12:54.722 +07:00 [INF] CORS policy execution successful.
2026-05-06 14:12:54.727 +07:00 [INF] CORS policy execution successful.
2026-05-06 14:12:54.730 +07:00 [INF] CORS policy execution successful.
2026-05-06 14:12:54.731 +07:00 [INF] HTTP OPTIONS /api/v1/codes/by-code/LOAI_MANG_GIAM_SAT => 204 in 8.5977 ms CorrelationId=1fb456ce0b064ca89704d00daffba400 UserId=anonymous
2026-05-06 14:12:54.732 +07:00 [INF] Executing endpoint 'ThucLuc.Api.Controllers.V1.CodesController.GetByCode (ThucLuc.Api)'
2026-05-06 14:12:54.733 +07:00 [INF] Executing endpoint 'ThucLuc.Api.Controllers.V1.CodesController.GetByCode (ThucLuc.Api)'
2026-05-06 14:12:54.735 +07:00 [INF] HTTP OPTIONS /api/v1/codes/by-code/LOAI_MANG_GIAM_SAT responded 204 in 12.4288 ms
2026-05-06 14:12:54.736 +07:00 [INF] Route matched with {action = "GetByCode", controller = "Codes"}. Executing controller action with signature System.Threading.Tasks.Task`1[Microsoft.AspNetCore.Mvc.ActionResult`1[ThucLuc.Api.Common.Models.ApiResponse`1[ThucLuc.Application.Features.Codes.CodeDto]]] GetByCode(System.String, System.Threading.CancellationToken) on controller ThucLuc.Api.Controllers.V1.CodesController (ThucLuc.Api).
2026-05-06 14:12:54.737 +07:00 [INF] Route matched with {action = "GetByCode", controller = "Codes"}. Executing controller action with signature System.Threading.Tasks.Task`1[Microsoft.AspNetCore.Mvc.ActionResult`1[ThucLuc.Api.Common.Models.ApiResponse`1[ThucLuc.Application.Features.Codes.CodeDto]]] GetByCode(System.String, System.Threading.CancellationToken) on controller ThucLuc.Api.Controllers.V1.CodesController (ThucLuc.Api).
2026-05-06 14:12:54.739 +07:00 [INF] Request finished HTTP/1.1 OPTIONS http://localhost:5283/api/v1/codes/by-code/LOAI_MANG_GIAM_SAT - 204 null null 23.7977ms
2026-05-06 14:12:54.744 +07:00 [INF] Executing OkObjectResult, writing value of type 'ThucLuc.Api.Common.Models.ApiResponse`1[[ThucLuc.Application.Features.Codes.CodeDto, ThucLuc.Application, Version=1.0.0.0, Culture=neutral, PublicKeyToken=null]]'.
2026-05-06 14:12:54.746 +07:00 [INF] Executing OkObjectResult, writing value of type 'ThucLuc.Api.Common.Models.ApiResponse`1[[ThucLuc.Application.Features.Codes.CodeDto, ThucLuc.Application, Version=1.0.0.0, Culture=neutral, PublicKeyToken=null]]'.
2026-05-06 14:12:54.747 +07:00 [INF] Request starting HTTP/1.1 GET http://localhost:5283/api/v1/codes/by-code/LOAI_MANG_GIAM_SAT - null null
2026-05-06 14:12:54.748 +07:00 [INF] Executed action ThucLuc.Api.Controllers.V1.CodesController.GetByCode (ThucLuc.Api) in 7.2837ms
2026-05-06 14:12:54.749 +07:00 [INF] Executed action ThucLuc.Api.Controllers.V1.CodesController.GetByCode (ThucLuc.Api) in 6.227ms
2026-05-06 14:12:54.751 +07:00 [INF] CORS policy execution successful.
2026-05-06 14:12:54.752 +07:00 [INF] Executed endpoint 'ThucLuc.Api.Controllers.V1.CodesController.GetByCode (ThucLuc.Api)'
2026-05-06 14:12:54.753 +07:00 [INF] Executed endpoint 'ThucLuc.Api.Controllers.V1.CodesController.GetByCode (ThucLuc.Api)'
2026-05-06 14:12:54.754 +07:00 [INF] Executing endpoint 'ThucLuc.Api.Controllers.V1.CodesController.GetByCode (ThucLuc.Api)'
2026-05-06 14:12:54.754 +07:00 [INF] HTTP GET /api/v1/codes/by-code/LOP_GIAM_SAT => 200 in 27.1392 ms CorrelationId=6765d561924849ff9a151355b47bf31e UserId=5001
2026-05-06 14:12:54.757 +07:00 [INF] HTTP GET /api/v1/codes/by-code/LOP_GIAM_SAT responded 200 in 30.4499 ms
2026-05-06 14:12:54.756 +07:00 [INF] Route matched with {action = "GetByCode", controller = "Codes"}. Executing controller action with signature System.Threading.Tasks.Task`1[Microsoft.AspNetCore.Mvc.ActionResult`1[ThucLuc.Api.Common.Models.ApiResponse`1[ThucLuc.Application.Features.Codes.CodeDto]]] GetByCode(System.String, System.Threading.CancellationToken) on controller ThucLuc.Api.Controllers.V1.CodesController (ThucLuc.Api).
2026-05-06 14:12:54.755 +07:00 [INF] HTTP GET /api/v1/codes/by-code/THUC_TRANG_GIAM_SAT => 200 in 24.873 ms CorrelationId=c13abb23b16d46c8abf1a62f6c7b7bc4 UserId=5001
2026-05-06 14:12:54.759 +07:00 [INF] Request finished HTTP/1.1 GET http://localhost:5283/api/v1/codes/by-code/LOP_GIAM_SAT - 200 null application/json; charset=utf-8 43.5059ms
2026-05-06 14:12:54.763 +07:00 [INF] HTTP GET /api/v1/codes/by-code/THUC_TRANG_GIAM_SAT responded 200 in 32.9889 ms
2026-05-06 14:12:54.764 +07:00 [INF] Executing OkObjectResult, writing value of type 'ThucLuc.Api.Common.Models.ApiResponse`1[[ThucLuc.Application.Features.Codes.CodeDto, ThucLuc.Application, Version=1.0.0.0, Culture=neutral, PublicKeyToken=null]]'.
2026-05-06 14:12:54.768 +07:00 [INF] Request finished HTTP/1.1 GET http://localhost:5283/api/v1/codes/by-code/THUC_TRANG_GIAM_SAT - 200 null application/json; charset=utf-8 51.2288ms
2026-05-06 14:12:54.769 +07:00 [INF] Executed action ThucLuc.Api.Controllers.V1.CodesController.GetByCode (ThucLuc.Api) in 8.0002ms
2026-05-06 14:12:54.772 +07:00 [INF] Executed endpoint 'ThucLuc.Api.Controllers.V1.CodesController.GetByCode (ThucLuc.Api)'
2026-05-06 14:12:54.773 +07:00 [INF] HTTP GET /api/v1/codes/by-code/LOAI_MANG_GIAM_SAT => 200 in 22.2421 ms CorrelationId=957e7379eb194fe898bac966c3e4bcc8 UserId=5001
2026-05-06 14:12:54.775 +07:00 [INF] HTTP GET /api/v1/codes/by-code/LOAI_MANG_GIAM_SAT responded 200 in 24.2350 ms
2026-05-06 14:12:54.778 +07:00 [INF] Request finished HTTP/1.1 GET http://localhost:5283/api/v1/codes/by-code/LOAI_MANG_GIAM_SAT - 200 null application/json; charset=utf-8 30.5598ms
2026-05-06 14:12:54.781 +07:00 [INF] Request starting HTTP/1.1 OPTIONS http://localhost:5283/api/v1/giam-sat-soc?donViId=2002 - null null
2026-05-06 14:12:54.783 +07:00 [INF] CORS policy execution successful.
2026-05-06 14:12:54.783 +07:00 [INF] HTTP OPTIONS /api/v1/giam-sat-soc => 204 in 0.6051 ms CorrelationId=cde458d62918435589e422a9732c5574 UserId=anonymous
2026-05-06 14:12:54.785 +07:00 [INF] HTTP OPTIONS /api/v1/giam-sat-soc responded 204 in 2.5250 ms
2026-05-06 14:12:54.787 +07:00 [INF] Request finished HTTP/1.1 OPTIONS http://localhost:5283/api/v1/giam-sat-soc?donViId=2002 - 204 null null 6.027ms
2026-05-06 14:12:54.790 +07:00 [INF] Request starting HTTP/1.1 GET http://localhost:5283/api/v1/giam-sat-soc?donViId=2002 - null null
2026-05-06 14:12:54.792 +07:00 [INF] CORS policy execution successful.
2026-05-06 14:12:54.793 +07:00 [INF] Executing endpoint 'ThucLuc.Api.Controllers.V1.GiamSatSocController.GetAll (ThucLuc.Api)'
2026-05-06 14:12:54.795 +07:00 [INF] Route matched with {action = "GetAll", controller = "GiamSatSoc"}. Executing controller action with signature System.Threading.Tasks.Task`1[Microsoft.AspNetCore.Mvc.ActionResult`1[ThucLuc.Api.Common.Models.ApiResponse`1[System.Collections.Generic.IReadOnlyCollection`1[ThucLuc.Application.Features.GiamSatSoc.GiamSatSocDto]]]] GetAll(ThucLuc.Application.Features.GiamSatSoc.GiamSatSocQuery, System.Threading.CancellationToken) on controller ThucLuc.Api.Controllers.V1.GiamSatSocController (ThucLuc.Api).
2026-05-06 14:12:54.802 +07:00 [ERR] 2026-05-06 14:12:54.802399 ThreadID:56  (ERROR)   OracleRelationalCommand.ExecuteReaderAsync() :  Oracle.ManagedDataAccess.Client.OracleException (0x80004005): ORA-00904: "b"."SO_CANH_BAO_THANG": invalid identifier
https://docs.oracle.com/error-help/db/ora-00904/
   at System.Threading.Tasks.ContinuationResultTaskFromResultTask`2.InnerInvoke()
   at System.Threading.ExecutionContext.RunInternal(ExecutionContext executionContext, ContextCallback callback, Object state)
--- End of stack trace from previous location ---
   at System.Threading.ExecutionContext.RunInternal(ExecutionContext executionContext, ContextCallback callback, Object state)
   at System.Threading.Tasks.Task.ExecuteWithThreadLocal(Task& currentTaskSlot, Thread threadPoolThread)
--- End of stack trace from previous location ---
   at Oracle.EntityFrameworkCore.Storage.Internal.OracleRelationalCommandBuilderFactory.OracleRelationalCommandBuilder.OracleRelationalCommand.ExecuteReaderAsync(RelationalCommandParameterObject parameterObject, CancellationToken cancellationToken)
2026-05-06 14:12:54.803 +07:00 [ERR] Failed executing DbCommand (6ms) [Parameters=[:normalizedQuery_Don_1337673802='?' (DbType = Int64)], CommandType='"Text"', CommandTimeout='0']
SELECT "b"."ID" "Id", "b"."DON_VI_ID" "DonViId", NULL "KyBaoCaoCode", "b"."LOAI_MANG" "LoaiMang", "b"."LOP_GIAM_SAT" "LopGiamSat", "b"."CO_HE_THONG" "CoHeThong", "b"."THUC_TRANG" "ThucTrang", "b"."NAM_THANH_LAP" "NamThanhLap", "b"."SO_NHAN_SU" "SoNhanSu", "b"."CONG_CU_SU_DUNG" "CongCuSuDung", "b"."SO_CANH_BAO_THANG" "SoCanhBaoThang", "b"."GHI_CHU" "GhiChu"
FROM "CAND_QLCNTT"."BIZ_GIAM_SAT_SOC" "b"
WHERE (("b"."DELETED_AT" IS NULL) AND ("b"."DON_VI_ID" = :normalizedQuery_Don_1337673802))
ORDER BY "b"."DON_VI_ID", "b"."LOAI_MANG", "b"."LOP_GIAM_SAT"
2026-05-06 14:12:54.806 +07:00 [ERR] 2026-05-06 14:12:54.806324 ThreadID:56  (ERROR)   OracleExecutionStrategy.ExecuteAsync() :  Oracle.ManagedDataAccess.Client.OracleException (0x80004005): ORA-00904: "b"."SO_CANH_BAO_THANG": invalid identifier
https://docs.oracle.com/error-help/db/ora-00904/
   at System.Threading.Tasks.ContinuationResultTaskFromResultTask`2.InnerInvoke()
   at System.Threading.ExecutionContext.RunInternal(ExecutionContext executionContext, ContextCallback callback, Object state)
--- End of stack trace from previous location ---
   at System.Threading.ExecutionContext.RunInternal(ExecutionContext executionContext, ContextCallback callback, Object state)
   at System.Threading.Tasks.Task.ExecuteWithThreadLocal(Task& currentTaskSlot, Thread threadPoolThread)
--- End of stack trace from previous location ---
   at Oracle.EntityFrameworkCore.Storage.Internal.OracleRelationalCommandBuilderFactory.OracleRelationalCommandBuilder.OracleRelationalCommand.ExecuteReaderAsync(RelationalCommandParameterObject parameterObject, CancellationToken cancellationToken)
   at Oracle.EntityFrameworkCore.Storage.Internal.OracleRelationalCommandBuilderFactory.OracleRelationalCommandBuilder.OracleRelationalCommand.ExecuteReaderAsync(RelationalCommandParameterObject parameterObject, CancellationToken cancellationToken)
   at Oracle.EntityFrameworkCore.Storage.Internal.OracleRelationalCommandBuilderFactory.OracleRelationalCommandBuilder.OracleRelationalCommand.ExecuteReaderAsync(RelationalCommandParameterObject parameterObject, CancellationToken cancellationToken)
   at Microsoft.EntityFrameworkCore.Query.Internal.SingleQueryingEnumerable`1.AsyncEnumerator.InitializeReaderAsync(AsyncEnumerator enumerator, CancellationToken cancellationToken)
   at Oracle.EntityFrameworkCore.Storage.Internal.OracleExecutionStrategy.ExecuteAsync[TState,TResult](TState state, Func`4 operation, Func`4 verifySucceeded, CancellationToken cancellationToken)
2026-05-06 14:12:54.808 +07:00 [ERR] An exception occurred while iterating over the results of a query for context type 'ThucLuc.Infrastructure.Persistence.AppDbContext'.
Oracle.ManagedDataAccess.Client.OracleException (0x80004005): ORA-00904: "b"."SO_CANH_BAO_THANG": invalid identifier
https://docs.oracle.com/error-help/db/ora-00904/
   at System.Threading.Tasks.ContinuationResultTaskFromResultTask`2.InnerInvoke()
   at System.Threading.ExecutionContext.RunInternal(ExecutionContext executionContext, ContextCallback callback, Object state)
--- End of stack trace from previous location ---
   at System.Threading.ExecutionContext.RunInternal(ExecutionContext executionContext, ContextCallback callback, Object state)
   at System.Threading.Tasks.Task.ExecuteWithThreadLocal(Task& currentTaskSlot, Thread threadPoolThread)
--- End of stack trace from previous location ---
   at Oracle.EntityFrameworkCore.Storage.Internal.OracleRelationalCommandBuilderFactory.OracleRelationalCommandBuilder.OracleRelationalCommand.ExecuteReaderAsync(RelationalCommandParameterObject parameterObject, CancellationToken cancellationToken)
   at Oracle.EntityFrameworkCore.Storage.Internal.OracleRelationalCommandBuilderFactory.OracleRelationalCommandBuilder.OracleRelationalCommand.ExecuteReaderAsync(RelationalCommandParameterObject parameterObject, CancellationToken cancellationToken)
   at Oracle.EntityFrameworkCore.Storage.Internal.OracleRelationalCommandBuilderFactory.OracleRelationalCommandBuilder.OracleRelationalCommand.ExecuteReaderAsync(RelationalCommandParameterObject parameterObject, CancellationToken cancellationToken)
   at Microsoft.EntityFrameworkCore.Query.Internal.SingleQueryingEnumerable`1.AsyncEnumerator.InitializeReaderAsync(AsyncEnumerator enumerator, CancellationToken cancellationToken)
   at Oracle.EntityFrameworkCore.Storage.Internal.OracleExecutionStrategy.ExecuteAsync[TState,TResult](TState state, Func`4 operation, Func`4 verifySucceeded, CancellationToken cancellationToken)
   at Microsoft.EntityFrameworkCore.Query.Internal.SingleQueryingEnumerable`1.AsyncEnumerator.MoveNextAsync()
Oracle.ManagedDataAccess.Client.OracleException (0x80004005): ORA-00904: "b"."SO_CANH_BAO_THANG": invalid identifier
https://docs.oracle.com/error-help/db/ora-00904/
   at System.Threading.Tasks.ContinuationResultTaskFromResultTask`2.InnerInvoke()
   at System.Threading.ExecutionContext.RunInternal(ExecutionContext executionContext, ContextCallback callback, Object state)
--- End of stack trace from previous location ---
   at System.Threading.ExecutionContext.RunInternal(ExecutionContext executionContext, ContextCallback callback, Object state)
   at System.Threading.Tasks.Task.ExecuteWithThreadLocal(Task& currentTaskSlot, Thread threadPoolThread)
--- End of stack trace from previous location ---
   at Oracle.EntityFrameworkCore.Storage.Internal.OracleRelationalCommandBuilderFactory.OracleRelationalCommandBuilder.OracleRelationalCommand.ExecuteReaderAsync(RelationalCommandParameterObject parameterObject, CancellationToken cancellationToken)
   at Oracle.EntityFrameworkCore.Storage.Internal.OracleRelationalCommandBuilderFactory.OracleRelationalCommandBuilder.OracleRelationalCommand.ExecuteReaderAsync(RelationalCommandParameterObject parameterObject, CancellationToken cancellationToken)
   at Oracle.EntityFrameworkCore.Storage.Internal.OracleRelationalCommandBuilderFactory.OracleRelationalCommandBuilder.OracleRelationalCommand.ExecuteReaderAsync(RelationalCommandParameterObject parameterObject, CancellationToken cancellationToken)
   at Microsoft.EntityFrameworkCore.Query.Internal.SingleQueryingEnumerable`1.AsyncEnumerator.InitializeReaderAsync(AsyncEnumerator enumerator, CancellationToken cancellationToken)
   at Oracle.EntityFrameworkCore.Storage.Internal.OracleExecutionStrategy.ExecuteAsync[TState,TResult](TState state, Func`4 operation, Func`4 verifySucceeded, CancellationToken cancellationToken)
   at Microsoft.EntityFrameworkCore.Query.Internal.SingleQueryingEnumerable`1.AsyncEnumerator.MoveNextAsync()
2026-05-06 14:12:54.813 +07:00 [INF] Executed action ThucLuc.Api.Controllers.V1.GiamSatSocController.GetAll (ThucLuc.Api) in 16.9474ms
2026-05-06 14:12:54.814 +07:00 [INF] Executed endpoint 'ThucLuc.Api.Controllers.V1.GiamSatSocController.GetAll (ThucLuc.Api)'
2026-05-06 14:12:54.815 +07:00 [ERR] Unhandled exception. CorrelationId=8771646ca79e4469a1598e421a56e46e
Oracle.ManagedDataAccess.Client.OracleException (0x80004005): ORA-00904: "b"."SO_CANH_BAO_THANG": invalid identifier
https://docs.oracle.com/error-help/db/ora-00904/
   at System.Threading.Tasks.ContinuationResultTaskFromResultTask`2.InnerInvoke()
   at System.Threading.ExecutionContext.RunInternal(ExecutionContext executionContext, ContextCallback callback, Object state)
--- End of stack trace from previous location ---
   at System.Threading.ExecutionContext.RunInternal(ExecutionContext executionContext, ContextCallback callback, Object state)
   at System.Threading.Tasks.Task.ExecuteWithThreadLocal(Task& currentTaskSlot, Thread threadPoolThread)
--- End of stack trace from previous location ---
   at Oracle.EntityFrameworkCore.Storage.Internal.OracleRelationalCommandBuilderFactory.OracleRelationalCommandBuilder.OracleRelationalCommand.ExecuteReaderAsync(RelationalCommandParameterObject parameterObject, CancellationToken cancellationToken)
   at Oracle.EntityFrameworkCore.Storage.Internal.OracleRelationalCommandBuilderFactory.OracleRelationalCommandBuilder.OracleRelationalCommand.ExecuteReaderAsync(RelationalCommandParameterObject parameterObject, CancellationToken cancellationToken)
   at Oracle.EntityFrameworkCore.Storage.Internal.OracleRelationalCommandBuilderFactory.OracleRelationalCommandBuilder.OracleRelationalCommand.ExecuteReaderAsync(RelationalCommandParameterObject parameterObject, CancellationToken cancellationToken)
   at Microsoft.EntityFrameworkCore.Query.Internal.SingleQueryingEnumerable`1.AsyncEnumerator.InitializeReaderAsync(AsyncEnumerator enumerator, CancellationToken cancellationToken)
   at Oracle.EntityFrameworkCore.Storage.Internal.OracleExecutionStrategy.ExecuteAsync[TState,TResult](TState state, Func`4 operation, Func`4 verifySucceeded, CancellationToken cancellationToken)
   at Microsoft.EntityFrameworkCore.Query.Internal.SingleQueryingEnumerable`1.AsyncEnumerator.MoveNextAsync()
   at Microsoft.EntityFrameworkCore.EntityFrameworkQueryableExtensions.ToListAsync[TSource](IQueryable`1 source, CancellationToken cancellationToken)
   at Microsoft.EntityFrameworkCore.EntityFrameworkQueryableExtensions.ToListAsync[TSource](IQueryable`1 source, CancellationToken cancellationToken)
   at ThucLuc.Application.Features.GiamSatSoc.GiamSatSocService.GetAllAsync(GiamSatSocQuery query, CancellationToken cancellationToken) in D:\Projects\ThucLuc_V2\.sources\backend\src\Application\Features\GiamSatSoc\GiamSatSocService.cs:line 86
   at ThucLuc.Api.Controllers.V1.GiamSatSocController.GetAll(GiamSatSocQuery query, CancellationToken cancellationToken) in D:\Projects\ThucLuc_V2\.sources\backend\src\api\Controllers\V1\GiamSatSocController.cs:line 26
   at lambda_method1497(Closure, Object)
   at Microsoft.AspNetCore.Mvc.Infrastructure.ActionMethodExecutor.AwaitableObjectResultExecutor.Execute(ActionContext actionContext, IActionResultTypeMapper mapper, ObjectMethodExecutor executor, Object controller, Object[] arguments)
   at Microsoft.AspNetCore.Mvc.Infrastructure.ControllerActionInvoker.<InvokeActionMethodAsync>g__Awaited|12_0(ControllerActionInvoker invoker, ValueTask`1 actionResultValueTask)
   at Microsoft.AspNetCore.Mvc.Infrastructure.ControllerActionInvoker.<InvokeNextActionFilterAsync>g__Awaited|10_0(ControllerActionInvoker invoker, Task lastTask, State next, Scope scope, Object state, Boolean isCompleted)
   at Microsoft.AspNetCore.Mvc.Infrastructure.ControllerActionInvoker.Rethrow(ActionExecutedContextSealed context)
   at Microsoft.AspNetCore.Mvc.Infrastructure.ControllerActionInvoker.Next(State& next, Scope& scope, Object& state, Boolean& isCompleted)
   at Microsoft.AspNetCore.Mvc.Infrastructure.ControllerActionInvoker.<InvokeInnerFilterAsync>g__Awaited|13_0(ControllerActionInvoker invoker, Task lastTask, State next, Scope scope, Object state, Boolean isCompleted)
   at Microsoft.AspNetCore.Mvc.Infrastructure.ResourceInvoker.<InvokeFilterPipelineAsync>g__Awaited|20_0(ResourceInvoker invoker, Task lastTask, State next, Scope scope, Object state, Boolean isCompleted)
   at Microsoft.AspNetCore.Mvc.Infrastructure.ResourceInvoker.<InvokeAsync>g__Logged|17_1(ResourceInvoker invoker)
   at Microsoft.AspNetCore.Mvc.Infrastructure.ResourceInvoker.<InvokeAsync>g__Logged|17_1(ResourceInvoker invoker)
   at Microsoft.AspNetCore.Routing.EndpointMiddleware.<Invoke>g__AwaitRequestTask|7_0(Endpoint endpoint, Task requestTask, ILogger logger)
   at Microsoft.AspNetCore.Authorization.AuthorizationMiddleware.Invoke(HttpContext context)
   at Microsoft.AspNetCore.Authentication.AuthenticationMiddleware.Invoke(HttpContext context)
   at Swashbuckle.AspNetCore.SwaggerUI.SwaggerUIMiddleware.Invoke(HttpContext httpContext)
   at Swashbuckle.AspNetCore.Swagger.SwaggerMiddleware.Invoke(HttpContext httpContext, ISwaggerProvider swaggerProvider)
   at ThucLuc.Api.Common.Middleware.GlobalExceptionMiddleware.InvokeAsync(HttpContext context) in D:\Projects\ThucLuc_V2\.sources\backend\src\api\Common\Middleware\GlobalExceptionMiddleware.cs:line 23
2026-05-06 14:12:54.823 +07:00 [INF] HTTP GET /api/v1/giam-sat-soc => 500 in 30.7602 ms CorrelationId=8771646ca79e4469a1598e421a56e46e UserId=5001
2026-05-06 14:12:54.825 +07:00 [ERR] HTTP GET /api/v1/giam-sat-soc responded 500 in 33.0660 ms
2026-05-06 14:12:54.827 +07:00 [INF] Request finished HTTP/1.1 GET http://localhost:5283/api/v1/giam-sat-soc?donViId=2002 - 500 null application/json 37.3168ms
2026-05-06 14:14:31.923 +07:00 [INF] Request starting HTTP/1.1 OPTIONS http://localhost:5283/api/v1/codes/by-code/NHOM_CAMERA - null null
2026-05-06 14:14:31.924 +07:00 [INF] Request starting HTTP/1.1 OPTIONS http://localhost:5283/api/v1/codes/by-code/DUONG_TRUYEN_CAMERA - null null
2026-05-06 14:14:31.928 +07:00 [INF] CORS policy execution successful.
2026-05-06 14:14:31.933 +07:00 [INF] CORS policy execution successful.
2026-05-06 14:14:31.934 +07:00 [INF] HTTP OPTIONS /api/v1/codes/by-code/NHOM_CAMERA => 204 in 5.9736 ms CorrelationId=cf38af28e98e4b96a7bfdad0b589dbd8 UserId=anonymous
2026-05-06 14:14:31.936 +07:00 [INF] HTTP OPTIONS /api/v1/codes/by-code/DUONG_TRUYEN_CAMERA => 204 in 2.5627 ms CorrelationId=8d3feca1c44d47708bf080aaf3dc1a9f UserId=anonymous
2026-05-06 14:14:31.940 +07:00 [INF] HTTP OPTIONS /api/v1/codes/by-code/NHOM_CAMERA responded 204 in 12.0781 ms
2026-05-06 14:14:31.943 +07:00 [INF] HTTP OPTIONS /api/v1/codes/by-code/DUONG_TRUYEN_CAMERA responded 204 in 10.2321 ms
2026-05-06 14:14:31.946 +07:00 [INF] Request finished HTTP/1.1 OPTIONS http://localhost:5283/api/v1/codes/by-code/NHOM_CAMERA - 204 null null 22.1978ms
2026-05-06 14:14:31.948 +07:00 [INF] Request finished HTTP/1.1 OPTIONS http://localhost:5283/api/v1/codes/by-code/DUONG_TRUYEN_CAMERA - 204 null null 23.9222ms
2026-05-06 14:14:31.951 +07:00 [INF] Request starting HTTP/1.1 GET http://localhost:5283/api/v1/codes/by-code/NHOM_CAMERA - null null
2026-05-06 14:14:31.953 +07:00 [INF] Request starting HTTP/1.1 GET http://localhost:5283/api/v1/codes/by-code/DUONG_TRUYEN_CAMERA - null null
2026-05-06 14:14:31.955 +07:00 [INF] CORS policy execution successful.
2026-05-06 14:14:31.957 +07:00 [INF] CORS policy execution successful.
2026-05-06 14:14:31.958 +07:00 [INF] Executing endpoint 'ThucLuc.Api.Controllers.V1.CodesController.GetByCode (ThucLuc.Api)'
2026-05-06 14:14:31.958 +07:00 [INF] Executing endpoint 'ThucLuc.Api.Controllers.V1.CodesController.GetByCode (ThucLuc.Api)'
2026-05-06 14:14:31.959 +07:00 [INF] Route matched with {action = "GetByCode", controller = "Codes"}. Executing controller action with signature System.Threading.Tasks.Task`1[Microsoft.AspNetCore.Mvc.ActionResult`1[ThucLuc.Api.Common.Models.ApiResponse`1[ThucLuc.Application.Features.Codes.CodeDto]]] GetByCode(System.String, System.Threading.CancellationToken) on controller ThucLuc.Api.Controllers.V1.CodesController (ThucLuc.Api).
2026-05-06 14:14:31.960 +07:00 [INF] Route matched with {action = "GetByCode", controller = "Codes"}. Executing controller action with signature System.Threading.Tasks.Task`1[Microsoft.AspNetCore.Mvc.ActionResult`1[ThucLuc.Api.Common.Models.ApiResponse`1[ThucLuc.Application.Features.Codes.CodeDto]]] GetByCode(System.String, System.Threading.CancellationToken) on controller ThucLuc.Api.Controllers.V1.CodesController (ThucLuc.Api).
2026-05-06 14:14:32.007 +07:00 [INF] Executing OkObjectResult, writing value of type 'ThucLuc.Api.Common.Models.ApiResponse`1[[ThucLuc.Application.Features.Codes.CodeDto, ThucLuc.Application, Version=1.0.0.0, Culture=neutral, PublicKeyToken=null]]'.
2026-05-06 14:14:32.009 +07:00 [INF] Executed action ThucLuc.Api.Controllers.V1.CodesController.GetByCode (ThucLuc.Api) in 47.5087ms
2026-05-06 14:14:32.010 +07:00 [INF] Executing OkObjectResult, writing value of type 'ThucLuc.Api.Common.Models.ApiResponse`1[[ThucLuc.Application.Features.Codes.CodeDto, ThucLuc.Application, Version=1.0.0.0, Culture=neutral, PublicKeyToken=null]]'.
2026-05-06 14:14:32.012 +07:00 [INF] Executed endpoint 'ThucLuc.Api.Controllers.V1.CodesController.GetByCode (ThucLuc.Api)'
2026-05-06 14:14:32.014 +07:00 [INF] Executed action ThucLuc.Api.Controllers.V1.CodesController.GetByCode (ThucLuc.Api) in 50.0839ms
2026-05-06 14:14:32.015 +07:00 [INF] HTTP GET /api/v1/codes/by-code/NHOM_CAMERA => 200 in 59.9985 ms CorrelationId=788b23fff8994f35acda2fd9f5e8313c UserId=5001
2026-05-06 14:14:32.016 +07:00 [INF] Executed endpoint 'ThucLuc.Api.Controllers.V1.CodesController.GetByCode (ThucLuc.Api)'
2026-05-06 14:14:32.018 +07:00 [INF] HTTP GET /api/v1/codes/by-code/NHOM_CAMERA responded 200 in 63.0578 ms
2026-05-06 14:14:32.019 +07:00 [INF] HTTP GET /api/v1/codes/by-code/DUONG_TRUYEN_CAMERA => 200 in 61.7772 ms CorrelationId=1bce83fe49dc4d4395432b42fe82c5fa UserId=5001
2026-05-06 14:14:32.021 +07:00 [INF] Request finished HTTP/1.1 GET http://localhost:5283/api/v1/codes/by-code/NHOM_CAMERA - 200 null application/json; charset=utf-8 70.8235ms
2026-05-06 14:14:32.024 +07:00 [INF] HTTP GET /api/v1/codes/by-code/DUONG_TRUYEN_CAMERA responded 200 in 67.2992 ms
2026-05-06 14:14:32.029 +07:00 [INF] Request finished HTTP/1.1 GET http://localhost:5283/api/v1/codes/by-code/DUONG_TRUYEN_CAMERA - 200 null application/json; charset=utf-8 76.2676ms
2026-05-06 14:14:32.032 +07:00 [INF] Request starting HTTP/1.1 OPTIONS http://localhost:5283/api/v1/ky-bao-cao - null null
2026-05-06 14:14:32.032 +07:00 [INF] Request starting HTTP/1.1 OPTIONS http://localhost:5283/api/v1/ky-bao-cao/current - null null
2026-05-06 14:14:32.034 +07:00 [INF] CORS policy execution successful.
2026-05-06 14:14:32.036 +07:00 [INF] CORS policy execution successful.
2026-05-06 14:14:32.037 +07:00 [INF] HTTP OPTIONS /api/v1/ky-bao-cao => 204 in 2.8767 ms CorrelationId=626c96f5c7ef4aacb36204f9f4818f37 UserId=anonymous
2026-05-06 14:14:32.038 +07:00 [INF] HTTP OPTIONS /api/v1/ky-bao-cao/current => 204 in 1.6075 ms CorrelationId=9ad10e561d214d638bc1ac08767d99ce UserId=anonymous
2026-05-06 14:14:32.040 +07:00 [INF] HTTP OPTIONS /api/v1/ky-bao-cao responded 204 in 5.8424 ms
2026-05-06 14:14:32.042 +07:00 [INF] HTTP OPTIONS /api/v1/ky-bao-cao/current responded 204 in 6.0781 ms
2026-05-06 14:14:32.044 +07:00 [INF] Request finished HTTP/1.1 OPTIONS http://localhost:5283/api/v1/ky-bao-cao - 204 null null 12.2429ms
2026-05-06 14:14:32.046 +07:00 [INF] Request finished HTTP/1.1 OPTIONS http://localhost:5283/api/v1/ky-bao-cao/current - 204 null null 14.0048ms
2026-05-06 14:14:32.049 +07:00 [INF] Request starting HTTP/1.1 GET http://localhost:5283/api/v1/ky-bao-cao - null null
2026-05-06 14:14:32.051 +07:00 [INF] Request starting HTTP/1.1 GET http://localhost:5283/api/v1/ky-bao-cao/current - null null
2026-05-06 14:14:32.054 +07:00 [INF] CORS policy execution successful.
2026-05-06 14:14:32.056 +07:00 [INF] CORS policy execution successful.
2026-05-06 14:14:32.057 +07:00 [INF] Executing endpoint 'ThucLuc.Api.Controllers.V1.KyBaoCaoController.GetAll (ThucLuc.Api)'
2026-05-06 14:14:32.058 +07:00 [INF] Executing endpoint 'ThucLuc.Api.Controllers.V1.KyBaoCaoController.GetCurrent (ThucLuc.Api)'
2026-05-06 14:14:32.059 +07:00 [INF] Route matched with {action = "GetAll", controller = "KyBaoCao"}. Executing controller action with signature System.Threading.Tasks.Task`1[Microsoft.AspNetCore.Mvc.ActionResult`1[ThucLuc.Api.Common.Models.ApiResponse`1[System.Collections.Generic.IReadOnlyCollection`1[ThucLuc.Application.Features.KyBaoCao.KyBaoCaoDto]]]] GetAll(System.Threading.CancellationToken) on controller ThucLuc.Api.Controllers.V1.KyBaoCaoController (ThucLuc.Api).
2026-05-06 14:14:32.060 +07:00 [INF] Route matched with {action = "GetCurrent", controller = "KyBaoCao"}. Executing controller action with signature System.Threading.Tasks.Task`1[Microsoft.AspNetCore.Mvc.ActionResult`1[ThucLuc.Api.Common.Models.ApiResponse`1[ThucLuc.Application.Features.KyBaoCao.KyBaoCaoDto]]] GetCurrent(System.Threading.CancellationToken) on controller ThucLuc.Api.Controllers.V1.KyBaoCaoController (ThucLuc.Api).
2026-05-06 14:14:32.110 +07:00 [INF] Executing OkObjectResult, writing value of type 'ThucLuc.Api.Common.Models.ApiResponse`1[[ThucLuc.Application.Features.KyBaoCao.KyBaoCaoDto, ThucLuc.Application, Version=1.0.0.0, Culture=neutral, PublicKeyToken=null]]'.
2026-05-06 14:14:32.110 +07:00 [INF] Executing OkObjectResult, writing value of type 'ThucLuc.Api.Common.Models.ApiResponse`1[[System.Collections.Generic.IReadOnlyCollection`1[[ThucLuc.Application.Features.KyBaoCao.KyBaoCaoDto, ThucLuc.Application, Version=1.0.0.0, Culture=neutral, PublicKeyToken=null]], System.Private.CoreLib, Version=8.0.0.0, Culture=neutral, PublicKeyToken=7cec85d7bea7798e]]'.
2026-05-06 14:14:32.111 +07:00 [INF] Executed action ThucLuc.Api.Controllers.V1.KyBaoCaoController.GetCurrent (ThucLuc.Api) in 47.9875ms
2026-05-06 14:14:32.113 +07:00 [INF] Executed action ThucLuc.Api.Controllers.V1.KyBaoCaoController.GetAll (ThucLuc.Api) in 50.9967ms
2026-05-06 14:14:32.114 +07:00 [INF] Executed endpoint 'ThucLuc.Api.Controllers.V1.KyBaoCaoController.GetCurrent (ThucLuc.Api)'
2026-05-06 14:14:32.116 +07:00 [INF] Executed endpoint 'ThucLuc.Api.Controllers.V1.KyBaoCaoController.GetAll (ThucLuc.Api)'
2026-05-06 14:14:32.117 +07:00 [INF] HTTP GET /api/v1/ky-bao-cao/current => 200 in 60.7496 ms CorrelationId=549bdc0bace84cc285910cd8aae7eba8 UserId=5001
2026-05-06 14:14:32.118 +07:00 [INF] HTTP GET /api/v1/ky-bao-cao => 200 in 64.3269 ms CorrelationId=da7738835c3b4037ab557adaa4a4bfaf UserId=5001
2026-05-06 14:14:32.122 +07:00 [INF] HTTP GET /api/v1/ky-bao-cao/current responded 200 in 65.3372 ms
2026-05-06 14:14:32.125 +07:00 [INF] HTTP GET /api/v1/ky-bao-cao responded 200 in 70.8747 ms
2026-05-06 14:14:32.127 +07:00 [INF] Request finished HTTP/1.1 GET http://localhost:5283/api/v1/ky-bao-cao/current - 200 null application/json; charset=utf-8 75.6828ms
2026-05-06 14:14:32.129 +07:00 [INF] Request finished HTTP/1.1 GET http://localhost:5283/api/v1/ky-bao-cao - 200 null application/json; charset=utf-8 80.4115ms
2026-05-06 14:14:32.135 +07:00 [INF] Request starting HTTP/1.1 OPTIONS http://localhost:5283/api/v1/camera-thuc-trang - null null
2026-05-06 14:14:32.137 +07:00 [INF] CORS policy execution successful.
2026-05-06 14:14:32.138 +07:00 [INF] HTTP OPTIONS /api/v1/camera-thuc-trang => 204 in 0.6979 ms CorrelationId=8c5afec169124e568e66907199007111 UserId=anonymous
2026-05-06 14:14:32.141 +07:00 [INF] HTTP OPTIONS /api/v1/camera-thuc-trang responded 204 in 3.2863 ms
2026-05-06 14:14:32.142 +07:00 [INF] Request finished HTTP/1.1 OPTIONS http://localhost:5283/api/v1/camera-thuc-trang - 204 null null 6.972ms
2026-05-06 14:14:32.145 +07:00 [INF] Request starting HTTP/1.1 GET http://localhost:5283/api/v1/camera-thuc-trang - null null
2026-05-06 14:14:32.148 +07:00 [INF] CORS policy execution successful.
2026-05-06 14:14:32.149 +07:00 [INF] Executing endpoint 'ThucLuc.Api.Controllers.V1.CameraThucTrangController.GetAll (ThucLuc.Api)'
2026-05-06 14:14:32.154 +07:00 [INF] Route matched with {action = "GetAll", controller = "CameraThucTrang"}. Executing controller action with signature System.Threading.Tasks.Task`1[Microsoft.AspNetCore.Mvc.ActionResult`1[ThucLuc.Api.Common.Models.ApiResponse`1[System.Collections.Generic.IReadOnlyCollection`1[ThucLuc.Application.Features.CameraThucTrang.CameraThucTrangDto]]]] GetAll(ThucLuc.Application.Features.CameraThucTrang.GetCameraThucTrangQuery, System.Threading.CancellationToken) on controller ThucLuc.Api.Controllers.V1.CameraThucTrangController (ThucLuc.Api).
2026-05-06 14:14:32.211 +07:00 [INF] Executing OkObjectResult, writing value of type 'ThucLuc.Api.Common.Models.ApiResponse`1[[System.Collections.Generic.IReadOnlyCollection`1[[ThucLuc.Application.Features.CameraThucTrang.CameraThucTrangDto, ThucLuc.Application, Version=1.0.0.0, Culture=neutral, PublicKeyToken=null]], System.Private.CoreLib, Version=8.0.0.0, Culture=neutral, PublicKeyToken=7cec85d7bea7798e]]'.
2026-05-06 14:14:32.217 +07:00 [INF] Executed action ThucLuc.Api.Controllers.V1.CameraThucTrangController.GetAll (ThucLuc.Api) in 61.5795ms
2026-05-06 14:14:32.220 +07:00 [INF] Executed endpoint 'ThucLuc.Api.Controllers.V1.CameraThucTrangController.GetAll (ThucLuc.Api)'
2026-05-06 14:14:32.221 +07:00 [INF] HTTP GET /api/v1/camera-thuc-trang => 200 in 73.7263 ms CorrelationId=5259ad2040c44170a3f9483d533f3bd5 UserId=5001
2026-05-06 14:14:32.225 +07:00 [INF] HTTP GET /api/v1/camera-thuc-trang responded 200 in 77.1347 ms
2026-05-06 14:14:32.227 +07:00 [INF] Request finished HTTP/1.1 GET http://localhost:5283/api/v1/camera-thuc-trang - 200 null application/json; charset=utf-8 81.471ms
2026-05-06 14:14:32.688 +07:00 [INF] Request starting HTTP/1.1 OPTIONS http://localhost:5283/api/v1/codes/by-code/LOAI_MANG_GIAM_SAT - null null
2026-05-06 14:14:32.688 +07:00 [INF] Request starting HTTP/1.1 OPTIONS http://localhost:5283/api/v1/codes/by-code/LOP_GIAM_SAT - null null
2026-05-06 14:14:32.688 +07:00 [INF] Request starting HTTP/1.1 OPTIONS http://localhost:5283/api/v1/codes/by-code/THUC_TRANG_GIAM_SAT - null null
2026-05-06 14:14:32.693 +07:00 [INF] CORS policy execution successful.
2026-05-06 14:14:32.696 +07:00 [INF] CORS policy execution successful.
2026-05-06 14:14:32.699 +07:00 [INF] CORS policy execution successful.
2026-05-06 14:14:32.700 +07:00 [INF] HTTP OPTIONS /api/v1/codes/by-code/LOAI_MANG_GIAM_SAT => 204 in 6.3154 ms CorrelationId=0d6172b0a8504bd4aaffb4edcd1df39e UserId=anonymous
2026-05-06 14:14:32.700 +07:00 [INF] HTTP OPTIONS /api/v1/codes/by-code/LOP_GIAM_SAT => 204 in 3.8621 ms CorrelationId=5293fe107e4f460ea599dc37daa5dd03 UserId=anonymous
2026-05-06 14:14:32.701 +07:00 [INF] HTTP OPTIONS /api/v1/codes/by-code/THUC_TRANG_GIAM_SAT => 204 in 1.6595 ms CorrelationId=bac745f7d7894415acea8ed58704e52a UserId=anonymous
2026-05-06 14:14:32.702 +07:00 [INF] HTTP OPTIONS /api/v1/codes/by-code/LOAI_MANG_GIAM_SAT responded 204 in 9.2343 ms
2026-05-06 14:14:32.704 +07:00 [INF] HTTP OPTIONS /api/v1/codes/by-code/LOP_GIAM_SAT responded 204 in 8.2314 ms
2026-05-06 14:14:32.707 +07:00 [INF] HTTP OPTIONS /api/v1/codes/by-code/THUC_TRANG_GIAM_SAT responded 204 in 7.7240 ms
2026-05-06 14:14:32.708 +07:00 [INF] Request finished HTTP/1.1 OPTIONS http://localhost:5283/api/v1/codes/by-code/LOAI_MANG_GIAM_SAT - 204 null null 20.6162ms
2026-05-06 14:14:32.710 +07:00 [INF] Request finished HTTP/1.1 OPTIONS http://localhost:5283/api/v1/codes/by-code/LOP_GIAM_SAT - 204 null null 21.7358ms
2026-05-06 14:14:32.712 +07:00 [INF] Request finished HTTP/1.1 OPTIONS http://localhost:5283/api/v1/codes/by-code/THUC_TRANG_GIAM_SAT - 204 null null 23.1543ms
2026-05-06 14:14:32.714 +07:00 [INF] Request starting HTTP/1.1 GET http://localhost:5283/api/v1/codes/by-code/LOAI_MANG_GIAM_SAT - null null
2026-05-06 14:14:32.716 +07:00 [INF] Request starting HTTP/1.1 GET http://localhost:5283/api/v1/codes/by-code/LOP_GIAM_SAT - null null
2026-05-06 14:14:32.719 +07:00 [INF] Request starting HTTP/1.1 GET http://localhost:5283/api/v1/codes/by-code/THUC_TRANG_GIAM_SAT - null null
2026-05-06 14:14:32.721 +07:00 [INF] CORS policy execution successful.
2026-05-06 14:14:32.723 +07:00 [INF] CORS policy execution successful.
2026-05-06 14:14:32.726 +07:00 [INF] CORS policy execution successful.
2026-05-06 14:14:32.726 +07:00 [INF] Executing endpoint 'ThucLuc.Api.Controllers.V1.CodesController.GetByCode (ThucLuc.Api)'
2026-05-06 14:14:32.727 +07:00 [INF] Executing endpoint 'ThucLuc.Api.Controllers.V1.CodesController.GetByCode (ThucLuc.Api)'
2026-05-06 14:14:32.728 +07:00 [INF] Executing endpoint 'ThucLuc.Api.Controllers.V1.CodesController.GetByCode (ThucLuc.Api)'
2026-05-06 14:14:32.729 +07:00 [INF] Route matched with {action = "GetByCode", controller = "Codes"}. Executing controller action with signature System.Threading.Tasks.Task`1[Microsoft.AspNetCore.Mvc.ActionResult`1[ThucLuc.Api.Common.Models.ApiResponse`1[ThucLuc.Application.Features.Codes.CodeDto]]] GetByCode(System.String, System.Threading.CancellationToken) on controller ThucLuc.Api.Controllers.V1.CodesController (ThucLuc.Api).
2026-05-06 14:14:32.729 +07:00 [INF] Route matched with {action = "GetByCode", controller = "Codes"}. Executing controller action with signature System.Threading.Tasks.Task`1[Microsoft.AspNetCore.Mvc.ActionResult`1[ThucLuc.Api.Common.Models.ApiResponse`1[ThucLuc.Application.Features.Codes.CodeDto]]] GetByCode(System.String, System.Threading.CancellationToken) on controller ThucLuc.Api.Controllers.V1.CodesController (ThucLuc.Api).
2026-05-06 14:14:32.730 +07:00 [INF] Route matched with {action = "GetByCode", controller = "Codes"}. Executing controller action with signature System.Threading.Tasks.Task`1[Microsoft.AspNetCore.Mvc.ActionResult`1[ThucLuc.Api.Common.Models.ApiResponse`1[ThucLuc.Application.Features.Codes.CodeDto]]] GetByCode(System.String, System.Threading.CancellationToken) on controller ThucLuc.Api.Controllers.V1.CodesController (ThucLuc.Api).
2026-05-06 14:14:32.735 +07:00 [INF] Executing OkObjectResult, writing value of type 'ThucLuc.Api.Common.Models.ApiResponse`1[[ThucLuc.Application.Features.Codes.CodeDto, ThucLuc.Application, Version=1.0.0.0, Culture=neutral, PublicKeyToken=null]]'.
2026-05-06 14:14:32.736 +07:00 [INF] Executing OkObjectResult, writing value of type 'ThucLuc.Api.Common.Models.ApiResponse`1[[ThucLuc.Application.Features.Codes.CodeDto, ThucLuc.Application, Version=1.0.0.0, Culture=neutral, PublicKeyToken=null]]'.
2026-05-06 14:14:32.736 +07:00 [INF] Executed action ThucLuc.Api.Controllers.V1.CodesController.GetByCode (ThucLuc.Api) in 3.1052ms
2026-05-06 14:14:32.737 +07:00 [INF] Executed action ThucLuc.Api.Controllers.V1.CodesController.GetByCode (ThucLuc.Api) in 2.3941ms
2026-05-06 14:14:32.739 +07:00 [INF] Executed endpoint 'ThucLuc.Api.Controllers.V1.CodesController.GetByCode (ThucLuc.Api)'
2026-05-06 14:14:32.740 +07:00 [INF] Executed endpoint 'ThucLuc.Api.Controllers.V1.CodesController.GetByCode (ThucLuc.Api)'
2026-05-06 14:14:32.741 +07:00 [INF] HTTP GET /api/v1/codes/by-code/LOP_GIAM_SAT => 200 in 18.1545 ms CorrelationId=52edbf70e1bd429e811deb961c21ff37 UserId=5001
2026-05-06 14:14:32.742 +07:00 [INF] HTTP GET /api/v1/codes/by-code/THUC_TRANG_GIAM_SAT => 200 in 16.7109 ms CorrelationId=66b6ea78750e4cf1bc8fabad4bfa7ffd UserId=5001
2026-05-06 14:14:32.744 +07:00 [INF] HTTP GET /api/v1/codes/by-code/LOP_GIAM_SAT responded 200 in 21.3086 ms
2026-05-06 14:14:32.746 +07:00 [INF] HTTP GET /api/v1/codes/by-code/THUC_TRANG_GIAM_SAT responded 200 in 20.7234 ms
2026-05-06 14:14:32.748 +07:00 [INF] Request finished HTTP/1.1 GET http://localhost:5283/api/v1/codes/by-code/LOP_GIAM_SAT - 200 null application/json; charset=utf-8 31.4867ms
2026-05-06 14:14:32.749 +07:00 [INF] Request finished HTTP/1.1 GET http://localhost:5283/api/v1/codes/by-code/THUC_TRANG_GIAM_SAT - 200 null application/json; charset=utf-8 30.6602ms
2026-05-06 14:14:32.778 +07:00 [INF] Executing OkObjectResult, writing value of type 'ThucLuc.Api.Common.Models.ApiResponse`1[[ThucLuc.Application.Features.Codes.CodeDto, ThucLuc.Application, Version=1.0.0.0, Culture=neutral, PublicKeyToken=null]]'.
2026-05-06 14:14:32.780 +07:00 [INF] Executed action ThucLuc.Api.Controllers.V1.CodesController.GetByCode (ThucLuc.Api) in 48.0376ms
2026-05-06 14:14:32.781 +07:00 [INF] Executed endpoint 'ThucLuc.Api.Controllers.V1.CodesController.GetByCode (ThucLuc.Api)'
2026-05-06 14:14:32.782 +07:00 [INF] HTTP GET /api/v1/codes/by-code/LOAI_MANG_GIAM_SAT => 200 in 61.4169 ms CorrelationId=1c00ec6b51854d96926b0e01ca4bc87a UserId=5001
2026-05-06 14:14:32.784 +07:00 [INF] HTTP GET /api/v1/codes/by-code/LOAI_MANG_GIAM_SAT responded 200 in 63.1728 ms
2026-05-06 14:14:32.786 +07:00 [INF] Request finished HTTP/1.1 GET http://localhost:5283/api/v1/codes/by-code/LOAI_MANG_GIAM_SAT - 200 null application/json; charset=utf-8 71.6274ms
2026-05-06 14:14:32.789 +07:00 [INF] Request starting HTTP/1.1 OPTIONS http://localhost:5283/api/v1/giam-sat-soc?donViId=2002 - null null
2026-05-06 14:14:32.792 +07:00 [INF] CORS policy execution successful.
2026-05-06 14:14:32.792 +07:00 [INF] HTTP OPTIONS /api/v1/giam-sat-soc => 204 in 0.882 ms CorrelationId=7ec6163ae48746e58d5ac19533dd9d60 UserId=anonymous
2026-05-06 14:14:32.795 +07:00 [INF] HTTP OPTIONS /api/v1/giam-sat-soc responded 204 in 2.9924 ms
2026-05-06 14:14:32.796 +07:00 [INF] Request finished HTTP/1.1 OPTIONS http://localhost:5283/api/v1/giam-sat-soc?donViId=2002 - 204 null null 6.9434ms
2026-05-06 14:14:32.799 +07:00 [INF] Request starting HTTP/1.1 GET http://localhost:5283/api/v1/giam-sat-soc?donViId=2002 - null null
2026-05-06 14:14:32.801 +07:00 [INF] CORS policy execution successful.
2026-05-06 14:14:32.802 +07:00 [INF] Executing endpoint 'ThucLuc.Api.Controllers.V1.GiamSatSocController.GetAll (ThucLuc.Api)'
2026-05-06 14:14:32.803 +07:00 [INF] Route matched with {action = "GetAll", controller = "GiamSatSoc"}. Executing controller action with signature System.Threading.Tasks.Task`1[Microsoft.AspNetCore.Mvc.ActionResult`1[ThucLuc.Api.Common.Models.ApiResponse`1[System.Collections.Generic.IReadOnlyCollection`1[ThucLuc.Application.Features.GiamSatSoc.GiamSatSocDto]]]] GetAll(ThucLuc.Application.Features.GiamSatSoc.GiamSatSocQuery, System.Threading.CancellationToken) on controller ThucLuc.Api.Controllers.V1.GiamSatSocController (ThucLuc.Api).
2026-05-06 14:14:32.811 +07:00 [ERR] 2026-05-06 14:14:32.811942 ThreadID:56  (ERROR)   OracleRelationalCommand.ExecuteReaderAsync() :  Oracle.ManagedDataAccess.Client.OracleException (0x80004005): ORA-00904: "b"."SO_CANH_BAO_THANG": invalid identifier
https://docs.oracle.com/error-help/db/ora-00904/
   at System.Threading.Tasks.ContinuationResultTaskFromResultTask`2.InnerInvoke()
   at System.Threading.ExecutionContext.RunInternal(ExecutionContext executionContext, ContextCallback callback, Object state)
--- End of stack trace from previous location ---
   at System.Threading.ExecutionContext.RunInternal(ExecutionContext executionContext, ContextCallback callback, Object state)
   at System.Threading.Tasks.Task.ExecuteWithThreadLocal(Task& currentTaskSlot, Thread threadPoolThread)
--- End of stack trace from previous location ---
   at Oracle.EntityFrameworkCore.Storage.Internal.OracleRelationalCommandBuilderFactory.OracleRelationalCommandBuilder.OracleRelationalCommand.ExecuteReaderAsync(RelationalCommandParameterObject parameterObject, CancellationToken cancellationToken)
2026-05-06 14:14:32.813 +07:00 [ERR] Failed executing DbCommand (6ms) [Parameters=[:normalizedQuery_Don_1337673802='?' (DbType = Int64)], CommandType='"Text"', CommandTimeout='0']
SELECT "b"."ID" "Id", "b"."DON_VI_ID" "DonViId", NULL "KyBaoCaoCode", "b"."LOAI_MANG" "LoaiMang", "b"."LOP_GIAM_SAT" "LopGiamSat", "b"."CO_HE_THONG" "CoHeThong", "b"."THUC_TRANG" "ThucTrang", "b"."NAM_THANH_LAP" "NamThanhLap", "b"."SO_NHAN_SU" "SoNhanSu", "b"."CONG_CU_SU_DUNG" "CongCuSuDung", "b"."SO_CANH_BAO_THANG" "SoCanhBaoThang", "b"."GHI_CHU" "GhiChu"
FROM "CAND_QLCNTT"."BIZ_GIAM_SAT_SOC" "b"
WHERE (("b"."DELETED_AT" IS NULL) AND ("b"."DON_VI_ID" = :normalizedQuery_Don_1337673802))
ORDER BY "b"."DON_VI_ID", "b"."LOAI_MANG", "b"."LOP_GIAM_SAT"
2026-05-06 14:14:32.815 +07:00 [ERR] 2026-05-06 14:14:32.815462 ThreadID:56  (ERROR)   OracleExecutionStrategy.ExecuteAsync() :  Oracle.ManagedDataAccess.Client.OracleException (0x80004005): ORA-00904: "b"."SO_CANH_BAO_THANG": invalid identifier
https://docs.oracle.com/error-help/db/ora-00904/
   at System.Threading.Tasks.ContinuationResultTaskFromResultTask`2.InnerInvoke()
   at System.Threading.ExecutionContext.RunInternal(ExecutionContext executionContext, ContextCallback callback, Object state)
--- End of stack trace from previous location ---
   at System.Threading.ExecutionContext.RunInternal(ExecutionContext executionContext, ContextCallback callback, Object state)
   at System.Threading.Tasks.Task.ExecuteWithThreadLocal(Task& currentTaskSlot, Thread threadPoolThread)
--- End of stack trace from previous location ---
   at Oracle.EntityFrameworkCore.Storage.Internal.OracleRelationalCommandBuilderFactory.OracleRelationalCommandBuilder.OracleRelationalCommand.ExecuteReaderAsync(RelationalCommandParameterObject parameterObject, CancellationToken cancellationToken)
   at Oracle.EntityFrameworkCore.Storage.Internal.OracleRelationalCommandBuilderFactory.OracleRelationalCommandBuilder.OracleRelationalCommand.ExecuteReaderAsync(RelationalCommandParameterObject parameterObject, CancellationToken cancellationToken)
   at Oracle.EntityFrameworkCore.Storage.Internal.OracleRelationalCommandBuilderFactory.OracleRelationalCommandBuilder.OracleRelationalCommand.ExecuteReaderAsync(RelationalCommandParameterObject parameterObject, CancellationToken cancellationToken)
   at Microsoft.EntityFrameworkCore.Query.Internal.SingleQueryingEnumerable`1.AsyncEnumerator.InitializeReaderAsync(AsyncEnumerator enumerator, CancellationToken cancellationToken)
   at Oracle.EntityFrameworkCore.Storage.Internal.OracleExecutionStrategy.ExecuteAsync[TState,TResult](TState state, Func`4 operation, Func`4 verifySucceeded, CancellationToken cancellationToken)
2026-05-06 14:14:32.816 +07:00 [ERR] An exception occurred while iterating over the results of a query for context type 'ThucLuc.Infrastructure.Persistence.AppDbContext'.
Oracle.ManagedDataAccess.Client.OracleException (0x80004005): ORA-00904: "b"."SO_CANH_BAO_THANG": invalid identifier
https://docs.oracle.com/error-help/db/ora-00904/
   at System.Threading.Tasks.ContinuationResultTaskFromResultTask`2.InnerInvoke()
   at System.Threading.ExecutionContext.RunInternal(ExecutionContext executionContext, ContextCallback callback, Object state)
--- End of stack trace from previous location ---
   at System.Threading.ExecutionContext.RunInternal(ExecutionContext executionContext, ContextCallback callback, Object state)
   at System.Threading.Tasks.Task.ExecuteWithThreadLocal(Task& currentTaskSlot, Thread threadPoolThread)
--- End of stack trace from previous location ---
   at Oracle.EntityFrameworkCore.Storage.Internal.OracleRelationalCommandBuilderFactory.OracleRelationalCommandBuilder.OracleRelationalCommand.ExecuteReaderAsync(RelationalCommandParameterObject parameterObject, CancellationToken cancellationToken)
   at Oracle.EntityFrameworkCore.Storage.Internal.OracleRelationalCommandBuilderFactory.OracleRelationalCommandBuilder.OracleRelationalCommand.ExecuteReaderAsync(RelationalCommandParameterObject parameterObject, CancellationToken cancellationToken)
   at Oracle.EntityFrameworkCore.Storage.Internal.OracleRelationalCommandBuilderFactory.OracleRelationalCommandBuilder.OracleRelationalCommand.ExecuteReaderAsync(RelationalCommandParameterObject parameterObject, CancellationToken cancellationToken)
   at Microsoft.EntityFrameworkCore.Query.Internal.SingleQueryingEnumerable`1.AsyncEnumerator.InitializeReaderAsync(AsyncEnumerator enumerator, CancellationToken cancellationToken)
   at Oracle.EntityFrameworkCore.Storage.Internal.OracleExecutionStrategy.ExecuteAsync[TState,TResult](TState state, Func`4 operation, Func`4 verifySucceeded, CancellationToken cancellationToken)
   at Microsoft.EntityFrameworkCore.Query.Internal.SingleQueryingEnumerable`1.AsyncEnumerator.MoveNextAsync()
Oracle.ManagedDataAccess.Client.OracleException (0x80004005): ORA-00904: "b"."SO_CANH_BAO_THANG": invalid identifier
https://docs.oracle.com/error-help/db/ora-00904/
   at System.Threading.Tasks.ContinuationResultTaskFromResultTask`2.InnerInvoke()
   at System.Threading.ExecutionContext.RunInternal(ExecutionContext executionContext, ContextCallback callback, Object state)
--- End of stack trace from previous location ---
   at System.Threading.ExecutionContext.RunInternal(ExecutionContext executionContext, ContextCallback callback, Object state)
   at System.Threading.Tasks.Task.ExecuteWithThreadLocal(Task& currentTaskSlot, Thread threadPoolThread)
--- End of stack trace from previous location ---
   at Oracle.EntityFrameworkCore.Storage.Internal.OracleRelationalCommandBuilderFactory.OracleRelationalCommandBuilder.OracleRelationalCommand.ExecuteReaderAsync(RelationalCommandParameterObject parameterObject, CancellationToken cancellationToken)
   at Oracle.EntityFrameworkCore.Storage.Internal.OracleRelationalCommandBuilderFactory.OracleRelationalCommandBuilder.OracleRelationalCommand.ExecuteReaderAsync(RelationalCommandParameterObject parameterObject, CancellationToken cancellationToken)
   at Oracle.EntityFrameworkCore.Storage.Internal.OracleRelationalCommandBuilderFactory.OracleRelationalCommandBuilder.OracleRelationalCommand.ExecuteReaderAsync(RelationalCommandParameterObject parameterObject, CancellationToken cancellationToken)
   at Microsoft.EntityFrameworkCore.Query.Internal.SingleQueryingEnumerable`1.AsyncEnumerator.InitializeReaderAsync(AsyncEnumerator enumerator, CancellationToken cancellationToken)
   at Oracle.EntityFrameworkCore.Storage.Internal.OracleExecutionStrategy.ExecuteAsync[TState,TResult](TState state, Func`4 operation, Func`4 verifySucceeded, CancellationToken cancellationToken)
   at Microsoft.EntityFrameworkCore.Query.Internal.SingleQueryingEnumerable`1.AsyncEnumerator.MoveNextAsync()
2026-05-06 14:14:32.820 +07:00 [INF] Executed action ThucLuc.Api.Controllers.V1.GiamSatSocController.GetAll (ThucLuc.Api) in 15.805ms
2026-05-06 14:14:32.821 +07:00 [INF] Executed endpoint 'ThucLuc.Api.Controllers.V1.GiamSatSocController.GetAll (ThucLuc.Api)'
2026-05-06 14:14:32.823 +07:00 [ERR] Unhandled exception. CorrelationId=a813f4c4ca5d46c180264a12aa4d1fe7
Oracle.ManagedDataAccess.Client.OracleException (0x80004005): ORA-00904: "b"."SO_CANH_BAO_THANG": invalid identifier
https://docs.oracle.com/error-help/db/ora-00904/
   at System.Threading.Tasks.ContinuationResultTaskFromResultTask`2.InnerInvoke()
   at System.Threading.ExecutionContext.RunInternal(ExecutionContext executionContext, ContextCallback callback, Object state)
--- End of stack trace from previous location ---
   at System.Threading.ExecutionContext.RunInternal(ExecutionContext executionContext, ContextCallback callback, Object state)
   at System.Threading.Tasks.Task.ExecuteWithThreadLocal(Task& currentTaskSlot, Thread threadPoolThread)
--- End of stack trace from previous location ---
   at Oracle.EntityFrameworkCore.Storage.Internal.OracleRelationalCommandBuilderFactory.OracleRelationalCommandBuilder.OracleRelationalCommand.ExecuteReaderAsync(RelationalCommandParameterObject parameterObject, CancellationToken cancellationToken)
   at Oracle.EntityFrameworkCore.Storage.Internal.OracleRelationalCommandBuilderFactory.OracleRelationalCommandBuilder.OracleRelationalCommand.ExecuteReaderAsync(RelationalCommandParameterObject parameterObject, CancellationToken cancellationToken)
   at Oracle.EntityFrameworkCore.Storage.Internal.OracleRelationalCommandBuilderFactory.OracleRelationalCommandBuilder.OracleRelationalCommand.ExecuteReaderAsync(RelationalCommandParameterObject parameterObject, CancellationToken cancellationToken)
   at Microsoft.EntityFrameworkCore.Query.Internal.SingleQueryingEnumerable`1.AsyncEnumerator.InitializeReaderAsync(AsyncEnumerator enumerator, CancellationToken cancellationToken)
   at Oracle.EntityFrameworkCore.Storage.Internal.OracleExecutionStrategy.ExecuteAsync[TState,TResult](TState state, Func`4 operation, Func`4 verifySucceeded, CancellationToken cancellationToken)
   at Microsoft.EntityFrameworkCore.Query.Internal.SingleQueryingEnumerable`1.AsyncEnumerator.MoveNextAsync()
   at Microsoft.EntityFrameworkCore.EntityFrameworkQueryableExtensions.ToListAsync[TSource](IQueryable`1 source, CancellationToken cancellationToken)
   at Microsoft.EntityFrameworkCore.EntityFrameworkQueryableExtensions.ToListAsync[TSource](IQueryable`1 source, CancellationToken cancellationToken)
   at ThucLuc.Application.Features.GiamSatSoc.GiamSatSocService.GetAllAsync(GiamSatSocQuery query, CancellationToken cancellationToken) in D:\Projects\ThucLuc_V2\.sources\backend\src\Application\Features\GiamSatSoc\GiamSatSocService.cs:line 86
   at ThucLuc.Api.Controllers.V1.GiamSatSocController.GetAll(GiamSatSocQuery query, CancellationToken cancellationToken) in D:\Projects\ThucLuc_V2\.sources\backend\src\api\Controllers\V1\GiamSatSocController.cs:line 26
   at lambda_method1497(Closure, Object)
   at Microsoft.AspNetCore.Mvc.Infrastructure.ActionMethodExecutor.AwaitableObjectResultExecutor.Execute(ActionContext actionContext, IActionResultTypeMapper mapper, ObjectMethodExecutor executor, Object controller, Object[] arguments)
   at Microsoft.AspNetCore.Mvc.Infrastructure.ControllerActionInvoker.<InvokeActionMethodAsync>g__Awaited|12_0(ControllerActionInvoker invoker, ValueTask`1 actionResultValueTask)
   at Microsoft.AspNetCore.Mvc.Infrastructure.ControllerActionInvoker.<InvokeNextActionFilterAsync>g__Awaited|10_0(ControllerActionInvoker invoker, Task lastTask, State next, Scope scope, Object state, Boolean isCompleted)
   at Microsoft.AspNetCore.Mvc.Infrastructure.ControllerActionInvoker.Rethrow(ActionExecutedContextSealed context)
   at Microsoft.AspNetCore.Mvc.Infrastructure.ControllerActionInvoker.Next(State& next, Scope& scope, Object& state, Boolean& isCompleted)
   at Microsoft.AspNetCore.Mvc.Infrastructure.ControllerActionInvoker.<InvokeInnerFilterAsync>g__Awaited|13_0(ControllerActionInvoker invoker, Task lastTask, State next, Scope scope, Object state, Boolean isCompleted)
   at Microsoft.AspNetCore.Mvc.Infrastructure.ResourceInvoker.<InvokeFilterPipelineAsync>g__Awaited|20_0(ResourceInvoker invoker, Task lastTask, State next, Scope scope, Object state, Boolean isCompleted)
   at Microsoft.AspNetCore.Mvc.Infrastructure.ResourceInvoker.<InvokeAsync>g__Logged|17_1(ResourceInvoker invoker)
   at Microsoft.AspNetCore.Mvc.Infrastructure.ResourceInvoker.<InvokeAsync>g__Logged|17_1(ResourceInvoker invoker)
   at Microsoft.AspNetCore.Routing.EndpointMiddleware.<Invoke>g__AwaitRequestTask|7_0(Endpoint endpoint, Task requestTask, ILogger logger)
   at Microsoft.AspNetCore.Authorization.AuthorizationMiddleware.Invoke(HttpContext context)
   at Microsoft.AspNetCore.Authentication.AuthenticationMiddleware.Invoke(HttpContext context)
   at Swashbuckle.AspNetCore.SwaggerUI.SwaggerUIMiddleware.Invoke(HttpContext httpContext)
   at Swashbuckle.AspNetCore.Swagger.SwaggerMiddleware.Invoke(HttpContext httpContext, ISwaggerProvider swaggerProvider)
   at ThucLuc.Api.Common.Middleware.GlobalExceptionMiddleware.InvokeAsync(HttpContext context) in D:\Projects\ThucLuc_V2\.sources\backend\src\api\Common\Middleware\GlobalExceptionMiddleware.cs:line 23
2026-05-06 14:14:32.832 +07:00 [INF] HTTP GET /api/v1/giam-sat-soc => 500 in 31.0642 ms CorrelationId=a813f4c4ca5d46c180264a12aa4d1fe7 UserId=5001
2026-05-06 14:14:32.835 +07:00 [ERR] HTTP GET /api/v1/giam-sat-soc responded 500 in 33.8029 ms
2026-05-06 14:14:32.836 +07:00 [INF] Request finished HTTP/1.1 GET http://localhost:5283/api/v1/giam-sat-soc?donViId=2002 - 500 null application/json 37.7353ms
2026-05-06 14:16:22.511 +07:00 [INF] Request starting HTTP/1.1 OPTIONS http://localhost:5283/api/v1/don-vi/2001 - null null
2026-05-06 14:16:22.513 +07:00 [INF] CORS policy execution successful.
2026-05-06 14:16:22.514 +07:00 [INF] HTTP OPTIONS /api/v1/don-vi/2001 => 204 in 0.8471 ms CorrelationId=c9abe8fc3a2c46b793545697b57cf68f UserId=anonymous
2026-05-06 14:16:22.515 +07:00 [INF] Request starting HTTP/1.1 OPTIONS http://localhost:5283/api/v1/codes/by-code/LOAI_MANG_GIAM_SAT - null null
2026-05-06 14:16:22.515 +07:00 [INF] Request starting HTTP/1.1 OPTIONS http://localhost:5283/api/v1/codes/by-code/LOP_GIAM_SAT - null null
2026-05-06 14:16:22.516 +07:00 [INF] Request starting HTTP/1.1 OPTIONS http://localhost:5283/api/v1/codes/by-code/THUC_TRANG_GIAM_SAT - null null
2026-05-06 14:16:22.517 +07:00 [INF] HTTP OPTIONS /api/v1/don-vi/2001 responded 204 in 3.2708 ms
2026-05-06 14:16:22.519 +07:00 [INF] CORS policy execution successful.
2026-05-06 14:16:22.522 +07:00 [INF] CORS policy execution successful.
2026-05-06 14:16:22.524 +07:00 [INF] CORS policy execution successful.
2026-05-06 14:16:22.526 +07:00 [INF] Request finished HTTP/1.1 OPTIONS http://localhost:5283/api/v1/don-vi/2001 - 204 null null 15.1754ms
2026-05-06 14:16:22.527 +07:00 [INF] HTTP OPTIONS /api/v1/codes/by-code/LOAI_MANG_GIAM_SAT => 204 in 7.8802 ms CorrelationId=78b565224a084824bf8c5cc895ca710b UserId=anonymous
2026-05-06 14:16:22.528 +07:00 [INF] HTTP OPTIONS /api/v1/codes/by-code/LOP_GIAM_SAT => 204 in 6.52 ms CorrelationId=92a1fe265c224ad3bf62a19dda194dd7 UserId=anonymous
2026-05-06 14:16:22.529 +07:00 [INF] HTTP OPTIONS /api/v1/codes/by-code/THUC_TRANG_GIAM_SAT => 204 in 4.5414 ms CorrelationId=9ed0c3252394427d8e5ccd241257225d UserId=anonymous
2026-05-06 14:16:22.532 +07:00 [INF] Request starting HTTP/1.1 GET http://localhost:5283/api/v1/don-vi/2001 - null null
2026-05-06 14:16:22.535 +07:00 [INF] HTTP OPTIONS /api/v1/codes/by-code/LOAI_MANG_GIAM_SAT responded 204 in 15.5571 ms
2026-05-06 14:16:22.537 +07:00 [INF] HTTP OPTIONS /api/v1/codes/by-code/LOP_GIAM_SAT responded 204 in 15.7515 ms
2026-05-06 14:16:22.539 +07:00 [INF] HTTP OPTIONS /api/v1/codes/by-code/THUC_TRANG_GIAM_SAT responded 204 in 15.2686 ms
2026-05-06 14:16:22.542 +07:00 [INF] CORS policy execution successful.
2026-05-06 14:16:22.543 +07:00 [INF] Request finished HTTP/1.1 OPTIONS http://localhost:5283/api/v1/codes/by-code/LOAI_MANG_GIAM_SAT - 204 null null 28.3537ms
2026-05-06 14:16:22.545 +07:00 [INF] Request finished HTTP/1.1 OPTIONS http://localhost:5283/api/v1/codes/by-code/LOP_GIAM_SAT - 204 null null 29.8034ms
2026-05-06 14:16:22.547 +07:00 [INF] Request finished HTTP/1.1 OPTIONS http://localhost:5283/api/v1/codes/by-code/THUC_TRANG_GIAM_SAT - 204 null null 31.1845ms
2026-05-06 14:16:22.548 +07:00 [INF] Executing endpoint 'ThucLuc.Api.Controllers.V1.DonViController.GetById (ThucLuc.Api)'
2026-05-06 14:16:22.551 +07:00 [INF] Request starting HTTP/1.1 GET http://localhost:5283/api/v1/codes/by-code/LOAI_MANG_GIAM_SAT - null null
2026-05-06 14:16:22.554 +07:00 [INF] Request starting HTTP/1.1 GET http://localhost:5283/api/v1/codes/by-code/LOP_GIAM_SAT - null null
2026-05-06 14:16:22.558 +07:00 [INF] Request starting HTTP/1.1 GET http://localhost:5283/api/v1/codes/by-code/THUC_TRANG_GIAM_SAT - null null
2026-05-06 14:16:22.559 +07:00 [INF] Route matched with {action = "GetById", controller = "DonVi"}. Executing controller action with signature System.Threading.Tasks.Task`1[Microsoft.AspNetCore.Mvc.ActionResult`1[ThucLuc.Api.Common.Models.ApiResponse`1[ThucLuc.Application.Features.DonVi.DonViDto]]] GetById(Int64, System.Threading.CancellationToken) on controller ThucLuc.Api.Controllers.V1.DonViController (ThucLuc.Api).
2026-05-06 14:16:22.561 +07:00 [INF] CORS policy execution successful.
2026-05-06 14:16:22.563 +07:00 [INF] CORS policy execution successful.
2026-05-06 14:16:22.565 +07:00 [INF] CORS policy execution successful.
2026-05-06 14:16:22.568 +07:00 [INF] Executing endpoint 'ThucLuc.Api.Controllers.V1.CodesController.GetByCode (ThucLuc.Api)'
2026-05-06 14:16:22.569 +07:00 [INF] Executing endpoint 'ThucLuc.Api.Controllers.V1.CodesController.GetByCode (ThucLuc.Api)'
2026-05-06 14:16:22.570 +07:00 [INF] Executing endpoint 'ThucLuc.Api.Controllers.V1.CodesController.GetByCode (ThucLuc.Api)'
2026-05-06 14:16:22.571 +07:00 [INF] Route matched with {action = "GetByCode", controller = "Codes"}. Executing controller action with signature System.Threading.Tasks.Task`1[Microsoft.AspNetCore.Mvc.ActionResult`1[ThucLuc.Api.Common.Models.ApiResponse`1[ThucLuc.Application.Features.Codes.CodeDto]]] GetByCode(System.String, System.Threading.CancellationToken) on controller ThucLuc.Api.Controllers.V1.CodesController (ThucLuc.Api).
2026-05-06 14:16:22.572 +07:00 [INF] Route matched with {action = "GetByCode", controller = "Codes"}. Executing controller action with signature System.Threading.Tasks.Task`1[Microsoft.AspNetCore.Mvc.ActionResult`1[ThucLuc.Api.Common.Models.ApiResponse`1[ThucLuc.Application.Features.Codes.CodeDto]]] GetByCode(System.String, System.Threading.CancellationToken) on controller ThucLuc.Api.Controllers.V1.CodesController (ThucLuc.Api).
2026-05-06 14:16:22.573 +07:00 [INF] Route matched with {action = "GetByCode", controller = "Codes"}. Executing controller action with signature System.Threading.Tasks.Task`1[Microsoft.AspNetCore.Mvc.ActionResult`1[ThucLuc.Api.Common.Models.ApiResponse`1[ThucLuc.Application.Features.Codes.CodeDto]]] GetByCode(System.String, System.Threading.CancellationToken) on controller ThucLuc.Api.Controllers.V1.CodesController (ThucLuc.Api).
2026-05-06 14:16:22.612 +07:00 [INF] Executing OkObjectResult, writing value of type 'ThucLuc.Api.Common.Models.ApiResponse`1[[ThucLuc.Application.Features.DonVi.DonViDto, ThucLuc.Application, Version=1.0.0.0, Culture=neutral, PublicKeyToken=null]]'.
2026-05-06 14:16:22.613 +07:00 [INF] Executed action ThucLuc.Api.Controllers.V1.DonViController.GetById (ThucLuc.Api) in 46.6594ms
2026-05-06 14:16:22.615 +07:00 [INF] Executed endpoint 'ThucLuc.Api.Controllers.V1.DonViController.GetById (ThucLuc.Api)'
2026-05-06 14:16:22.616 +07:00 [INF] HTTP GET /api/v1/don-vi/2001 => 200 in 74.0694 ms CorrelationId=56c674bcd2e2471db83f8badcf125f4b UserId=5001
2026-05-06 14:16:22.619 +07:00 [INF] Executing OkObjectResult, writing value of type 'ThucLuc.Api.Common.Models.ApiResponse`1[[ThucLuc.Application.Features.Codes.CodeDto, ThucLuc.Application, Version=1.0.0.0, Culture=neutral, PublicKeyToken=null]]'.
2026-05-06 14:16:22.619 +07:00 [INF] Executing OkObjectResult, writing value of type 'ThucLuc.Api.Common.Models.ApiResponse`1[[ThucLuc.Application.Features.Codes.CodeDto, ThucLuc.Application, Version=1.0.0.0, Culture=neutral, PublicKeyToken=null]]'.
2026-05-06 14:16:22.620 +07:00 [INF] HTTP GET /api/v1/don-vi/2001 responded 200 in 78.2479 ms
2026-05-06 14:16:22.622 +07:00 [INF] Executed action ThucLuc.Api.Controllers.V1.CodesController.GetByCode (ThucLuc.Api) in 47.9152ms
2026-05-06 14:16:22.624 +07:00 [INF] Executing OkObjectResult, writing value of type 'ThucLuc.Api.Common.Models.ApiResponse`1[[ThucLuc.Application.Features.Codes.CodeDto, ThucLuc.Application, Version=1.0.0.0, Culture=neutral, PublicKeyToken=null]]'.
2026-05-06 14:16:22.625 +07:00 [INF] Executed action ThucLuc.Api.Controllers.V1.CodesController.GetByCode (ThucLuc.Api) in 48.6469ms
2026-05-06 14:16:22.628 +07:00 [INF] Request finished HTTP/1.1 GET http://localhost:5283/api/v1/don-vi/2001 - 200 null application/json; charset=utf-8 96.0616ms
2026-05-06 14:16:22.630 +07:00 [INF] Executed endpoint 'ThucLuc.Api.Controllers.V1.CodesController.GetByCode (ThucLuc.Api)'
2026-05-06 14:16:22.631 +07:00 [INF] Executed action ThucLuc.Api.Controllers.V1.CodesController.GetByCode (ThucLuc.Api) in 53.2925ms
2026-05-06 14:16:22.632 +07:00 [INF] Executed endpoint 'ThucLuc.Api.Controllers.V1.CodesController.GetByCode (ThucLuc.Api)'
2026-05-06 14:16:22.639 +07:00 [INF] HTTP GET /api/v1/codes/by-code/LOAI_MANG_GIAM_SAT => 200 in 78.6466 ms CorrelationId=9f1af2f95c214578a82af4d4f45f1651 UserId=5001
2026-05-06 14:16:22.641 +07:00 [INF] Executed endpoint 'ThucLuc.Api.Controllers.V1.CodesController.GetByCode (ThucLuc.Api)'
2026-05-06 14:16:22.642 +07:00 [INF] HTTP GET /api/v1/codes/by-code/LOP_GIAM_SAT => 200 in 79.2935 ms CorrelationId=cb770ba04b7b42e990d0aa75e14625f8 UserId=5001
2026-05-06 14:16:22.645 +07:00 [INF] HTTP GET /api/v1/codes/by-code/LOAI_MANG_GIAM_SAT responded 200 in 84.1739 ms
2026-05-06 14:16:22.646 +07:00 [INF] HTTP GET /api/v1/codes/by-code/THUC_TRANG_GIAM_SAT => 200 in 81.2345 ms CorrelationId=14960dde97c0484cb803230fb6b011bf UserId=5001
2026-05-06 14:16:22.648 +07:00 [INF] HTTP GET /api/v1/codes/by-code/LOP_GIAM_SAT responded 200 in 85.1182 ms
2026-05-06 14:16:22.650 +07:00 [INF] Request finished HTTP/1.1 GET http://localhost:5283/api/v1/codes/by-code/LOAI_MANG_GIAM_SAT - 200 null application/json; charset=utf-8 99.5306ms
2026-05-06 14:16:22.654 +07:00 [INF] HTTP GET /api/v1/codes/by-code/THUC_TRANG_GIAM_SAT responded 200 in 88.6760 ms
2026-05-06 14:16:22.656 +07:00 [INF] Request finished HTTP/1.1 GET http://localhost:5283/api/v1/codes/by-code/LOP_GIAM_SAT - 200 null application/json; charset=utf-8 101.5254ms
2026-05-06 14:16:22.660 +07:00 [INF] Request finished HTTP/1.1 GET http://localhost:5283/api/v1/codes/by-code/THUC_TRANG_GIAM_SAT - 200 null application/json; charset=utf-8 102.6219ms
2026-05-06 14:16:22.668 +07:00 [INF] Request starting HTTP/1.1 OPTIONS http://localhost:5283/api/v1/giam-sat-soc?donViId=2002 - null null
2026-05-06 14:16:22.671 +07:00 [INF] CORS policy execution successful.
2026-05-06 14:16:22.672 +07:00 [INF] HTTP OPTIONS /api/v1/giam-sat-soc => 204 in 1.0758 ms CorrelationId=630554e25e984df29351a80cc6029be6 UserId=anonymous
2026-05-06 14:16:22.675 +07:00 [INF] HTTP OPTIONS /api/v1/giam-sat-soc responded 204 in 3.5888 ms
2026-05-06 14:16:22.677 +07:00 [INF] Request finished HTTP/1.1 OPTIONS http://localhost:5283/api/v1/giam-sat-soc?donViId=2002 - 204 null null 8.7424ms
2026-05-06 14:16:22.680 +07:00 [INF] Request starting HTTP/1.1 GET http://localhost:5283/api/v1/giam-sat-soc?donViId=2002 - null null
2026-05-06 14:16:22.683 +07:00 [INF] CORS policy execution successful.
2026-05-06 14:16:22.685 +07:00 [INF] Executing endpoint 'ThucLuc.Api.Controllers.V1.GiamSatSocController.GetAll (ThucLuc.Api)'
2026-05-06 14:16:22.687 +07:00 [INF] Route matched with {action = "GetAll", controller = "GiamSatSoc"}. Executing controller action with signature System.Threading.Tasks.Task`1[Microsoft.AspNetCore.Mvc.ActionResult`1[ThucLuc.Api.Common.Models.ApiResponse`1[System.Collections.Generic.IReadOnlyCollection`1[ThucLuc.Application.Features.GiamSatSoc.GiamSatSocDto]]]] GetAll(ThucLuc.Application.Features.GiamSatSoc.GiamSatSocQuery, System.Threading.CancellationToken) on controller ThucLuc.Api.Controllers.V1.GiamSatSocController (ThucLuc.Api).
2026-05-06 14:16:22.738 +07:00 [ERR] 2026-05-06 14:16:22.738700 ThreadID:72  (ERROR)   OracleRelationalCommand.ExecuteReaderAsync() :  Oracle.ManagedDataAccess.Client.OracleException (0x80004005): ORA-00904: "b"."SO_CANH_BAO_THANG": invalid identifier
https://docs.oracle.com/error-help/db/ora-00904/
   at System.Threading.Tasks.ContinuationResultTaskFromResultTask`2.InnerInvoke()
   at System.Threading.ExecutionContext.RunInternal(ExecutionContext executionContext, ContextCallback callback, Object state)
--- End of stack trace from previous location ---
   at System.Threading.ExecutionContext.RunInternal(ExecutionContext executionContext, ContextCallback callback, Object state)
   at System.Threading.Tasks.Task.ExecuteWithThreadLocal(Task& currentTaskSlot, Thread threadPoolThread)
--- End of stack trace from previous location ---
   at Oracle.EntityFrameworkCore.Storage.Internal.OracleRelationalCommandBuilderFactory.OracleRelationalCommandBuilder.OracleRelationalCommand.ExecuteReaderAsync(RelationalCommandParameterObject parameterObject, CancellationToken cancellationToken)
2026-05-06 14:16:22.740 +07:00 [ERR] Failed executing DbCommand (50ms) [Parameters=[:normalizedQuery_Don_1337673802='?' (DbType = Int64)], CommandType='"Text"', CommandTimeout='0']
SELECT "b"."ID" "Id", "b"."DON_VI_ID" "DonViId", NULL "KyBaoCaoCode", "b"."LOAI_MANG" "LoaiMang", "b"."LOP_GIAM_SAT" "LopGiamSat", "b"."CO_HE_THONG" "CoHeThong", "b"."THUC_TRANG" "ThucTrang", "b"."NAM_THANH_LAP" "NamThanhLap", "b"."SO_NHAN_SU" "SoNhanSu", "b"."CONG_CU_SU_DUNG" "CongCuSuDung", "b"."SO_CANH_BAO_THANG" "SoCanhBaoThang", "b"."GHI_CHU" "GhiChu"
FROM "CAND_QLCNTT"."BIZ_GIAM_SAT_SOC" "b"
WHERE (("b"."DELETED_AT" IS NULL) AND ("b"."DON_VI_ID" = :normalizedQuery_Don_1337673802))
ORDER BY "b"."DON_VI_ID", "b"."LOAI_MANG", "b"."LOP_GIAM_SAT"
2026-05-06 14:16:22.746 +07:00 [ERR] 2026-05-06 14:16:22.746177 ThreadID:72  (ERROR)   OracleExecutionStrategy.ExecuteAsync() :  Oracle.ManagedDataAccess.Client.OracleException (0x80004005): ORA-00904: "b"."SO_CANH_BAO_THANG": invalid identifier
https://docs.oracle.com/error-help/db/ora-00904/
   at System.Threading.Tasks.ContinuationResultTaskFromResultTask`2.InnerInvoke()
   at System.Threading.ExecutionContext.RunInternal(ExecutionContext executionContext, ContextCallback callback, Object state)
--- End of stack trace from previous location ---
   at System.Threading.ExecutionContext.RunInternal(ExecutionContext executionContext, ContextCallback callback, Object state)
   at System.Threading.Tasks.Task.ExecuteWithThreadLocal(Task& currentTaskSlot, Thread threadPoolThread)
--- End of stack trace from previous location ---
   at Oracle.EntityFrameworkCore.Storage.Internal.OracleRelationalCommandBuilderFactory.OracleRelationalCommandBuilder.OracleRelationalCommand.ExecuteReaderAsync(RelationalCommandParameterObject parameterObject, CancellationToken cancellationToken)
   at Oracle.EntityFrameworkCore.Storage.Internal.OracleRelationalCommandBuilderFactory.OracleRelationalCommandBuilder.OracleRelationalCommand.ExecuteReaderAsync(RelationalCommandParameterObject parameterObject, CancellationToken cancellationToken)
   at Oracle.EntityFrameworkCore.Storage.Internal.OracleRelationalCommandBuilderFactory.OracleRelationalCommandBuilder.OracleRelationalCommand.ExecuteReaderAsync(RelationalCommandParameterObject parameterObject, CancellationToken cancellationToken)
   at Microsoft.EntityFrameworkCore.Query.Internal.SingleQueryingEnumerable`1.AsyncEnumerator.InitializeReaderAsync(AsyncEnumerator enumerator, CancellationToken cancellationToken)
   at Oracle.EntityFrameworkCore.Storage.Internal.OracleExecutionStrategy.ExecuteAsync[TState,TResult](TState state, Func`4 operation, Func`4 verifySucceeded, CancellationToken cancellationToken)
2026-05-06 14:16:22.749 +07:00 [ERR] An exception occurred while iterating over the results of a query for context type 'ThucLuc.Infrastructure.Persistence.AppDbContext'.
Oracle.ManagedDataAccess.Client.OracleException (0x80004005): ORA-00904: "b"."SO_CANH_BAO_THANG": invalid identifier
https://docs.oracle.com/error-help/db/ora-00904/
   at System.Threading.Tasks.ContinuationResultTaskFromResultTask`2.InnerInvoke()
   at System.Threading.ExecutionContext.RunInternal(ExecutionContext executionContext, ContextCallback callback, Object state)
--- End of stack trace from previous location ---
   at System.Threading.ExecutionContext.RunInternal(ExecutionContext executionContext, ContextCallback callback, Object state)
   at System.Threading.Tasks.Task.ExecuteWithThreadLocal(Task& currentTaskSlot, Thread threadPoolThread)
--- End of stack trace from previous location ---
   at Oracle.EntityFrameworkCore.Storage.Internal.OracleRelationalCommandBuilderFactory.OracleRelationalCommandBuilder.OracleRelationalCommand.ExecuteReaderAsync(RelationalCommandParameterObject parameterObject, CancellationToken cancellationToken)
   at Oracle.EntityFrameworkCore.Storage.Internal.OracleRelationalCommandBuilderFactory.OracleRelationalCommandBuilder.OracleRelationalCommand.ExecuteReaderAsync(RelationalCommandParameterObject parameterObject, CancellationToken cancellationToken)
   at Oracle.EntityFrameworkCore.Storage.Internal.OracleRelationalCommandBuilderFactory.OracleRelationalCommandBuilder.OracleRelationalCommand.ExecuteReaderAsync(RelationalCommandParameterObject parameterObject, CancellationToken cancellationToken)
   at Microsoft.EntityFrameworkCore.Query.Internal.SingleQueryingEnumerable`1.AsyncEnumerator.InitializeReaderAsync(AsyncEnumerator enumerator, CancellationToken cancellationToken)
   at Oracle.EntityFrameworkCore.Storage.Internal.OracleExecutionStrategy.ExecuteAsync[TState,TResult](TState state, Func`4 operation, Func`4 verifySucceeded, CancellationToken cancellationToken)
   at Microsoft.EntityFrameworkCore.Query.Internal.SingleQueryingEnumerable`1.AsyncEnumerator.MoveNextAsync()
Oracle.ManagedDataAccess.Client.OracleException (0x80004005): ORA-00904: "b"."SO_CANH_BAO_THANG": invalid identifier
https://docs.oracle.com/error-help/db/ora-00904/
   at System.Threading.Tasks.ContinuationResultTaskFromResultTask`2.InnerInvoke()
   at System.Threading.ExecutionContext.RunInternal(ExecutionContext executionContext, ContextCallback callback, Object state)
--- End of stack trace from previous location ---
   at System.Threading.ExecutionContext.RunInternal(ExecutionContext executionContext, ContextCallback callback, Object state)
   at System.Threading.Tasks.Task.ExecuteWithThreadLocal(Task& currentTaskSlot, Thread threadPoolThread)
--- End of stack trace from previous location ---
   at Oracle.EntityFrameworkCore.Storage.Internal.OracleRelationalCommandBuilderFactory.OracleRelationalCommandBuilder.OracleRelationalCommand.ExecuteReaderAsync(RelationalCommandParameterObject parameterObject, CancellationToken cancellationToken)
   at Oracle.EntityFrameworkCore.Storage.Internal.OracleRelationalCommandBuilderFactory.OracleRelationalCommandBuilder.OracleRelationalCommand.ExecuteReaderAsync(RelationalCommandParameterObject parameterObject, CancellationToken cancellationToken)
   at Oracle.EntityFrameworkCore.Storage.Internal.OracleRelationalCommandBuilderFactory.OracleRelationalCommandBuilder.OracleRelationalCommand.ExecuteReaderAsync(RelationalCommandParameterObject parameterObject, CancellationToken cancellationToken)
   at Microsoft.EntityFrameworkCore.Query.Internal.SingleQueryingEnumerable`1.AsyncEnumerator.InitializeReaderAsync(AsyncEnumerator enumerator, CancellationToken cancellationToken)
   at Oracle.EntityFrameworkCore.Storage.Internal.OracleExecutionStrategy.ExecuteAsync[TState,TResult](TState state, Func`4 operation, Func`4 verifySucceeded, CancellationToken cancellationToken)
   at Microsoft.EntityFrameworkCore.Query.Internal.SingleQueryingEnumerable`1.AsyncEnumerator.MoveNextAsync()
2026-05-06 14:16:22.755 +07:00 [INF] Executed action ThucLuc.Api.Controllers.V1.GiamSatSocController.GetAll (ThucLuc.Api) in 65.4325ms
2026-05-06 14:16:22.757 +07:00 [INF] Executed endpoint 'ThucLuc.Api.Controllers.V1.GiamSatSocController.GetAll (ThucLuc.Api)'
2026-05-06 14:16:22.758 +07:00 [ERR] Unhandled exception. CorrelationId=e289f14551e94bb8a73f773c01024997
Oracle.ManagedDataAccess.Client.OracleException (0x80004005): ORA-00904: "b"."SO_CANH_BAO_THANG": invalid identifier
https://docs.oracle.com/error-help/db/ora-00904/
   at System.Threading.Tasks.ContinuationResultTaskFromResultTask`2.InnerInvoke()
   at System.Threading.ExecutionContext.RunInternal(ExecutionContext executionContext, ContextCallback callback, Object state)
--- End of stack trace from previous location ---
   at System.Threading.ExecutionContext.RunInternal(ExecutionContext executionContext, ContextCallback callback, Object state)
   at System.Threading.Tasks.Task.ExecuteWithThreadLocal(Task& currentTaskSlot, Thread threadPoolThread)
--- End of stack trace from previous location ---
   at Oracle.EntityFrameworkCore.Storage.Internal.OracleRelationalCommandBuilderFactory.OracleRelationalCommandBuilder.OracleRelationalCommand.ExecuteReaderAsync(RelationalCommandParameterObject parameterObject, CancellationToken cancellationToken)
   at Oracle.EntityFrameworkCore.Storage.Internal.OracleRelationalCommandBuilderFactory.OracleRelationalCommandBuilder.OracleRelationalCommand.ExecuteReaderAsync(RelationalCommandParameterObject parameterObject, CancellationToken cancellationToken)
   at Oracle.EntityFrameworkCore.Storage.Internal.OracleRelationalCommandBuilderFactory.OracleRelationalCommandBuilder.OracleRelationalCommand.ExecuteReaderAsync(RelationalCommandParameterObject parameterObject, CancellationToken cancellationToken)
   at Microsoft.EntityFrameworkCore.Query.Internal.SingleQueryingEnumerable`1.AsyncEnumerator.InitializeReaderAsync(AsyncEnumerator enumerator, CancellationToken cancellationToken)
   at Oracle.EntityFrameworkCore.Storage.Internal.OracleExecutionStrategy.ExecuteAsync[TState,TResult](TState state, Func`4 operation, Func`4 verifySucceeded, CancellationToken cancellationToken)
   at Microsoft.EntityFrameworkCore.Query.Internal.SingleQueryingEnumerable`1.AsyncEnumerator.MoveNextAsync()
   at Microsoft.EntityFrameworkCore.EntityFrameworkQueryableExtensions.ToListAsync[TSource](IQueryable`1 source, CancellationToken cancellationToken)
   at Microsoft.EntityFrameworkCore.EntityFrameworkQueryableExtensions.ToListAsync[TSource](IQueryable`1 source, CancellationToken cancellationToken)
   at ThucLuc.Application.Features.GiamSatSoc.GiamSatSocService.GetAllAsync(GiamSatSocQuery query, CancellationToken cancellationToken) in D:\Projects\ThucLuc_V2\.sources\backend\src\Application\Features\GiamSatSoc\GiamSatSocService.cs:line 86
   at ThucLuc.Api.Controllers.V1.GiamSatSocController.GetAll(GiamSatSocQuery query, CancellationToken cancellationToken) in D:\Projects\ThucLuc_V2\.sources\backend\src\api\Controllers\V1\GiamSatSocController.cs:line 26
   at lambda_method1497(Closure, Object)
   at Microsoft.AspNetCore.Mvc.Infrastructure.ActionMethodExecutor.AwaitableObjectResultExecutor.Execute(ActionContext actionContext, IActionResultTypeMapper mapper, ObjectMethodExecutor executor, Object controller, Object[] arguments)
   at Microsoft.AspNetCore.Mvc.Infrastructure.ControllerActionInvoker.<InvokeActionMethodAsync>g__Awaited|12_0(ControllerActionInvoker invoker, ValueTask`1 actionResultValueTask)
   at Microsoft.AspNetCore.Mvc.Infrastructure.ControllerActionInvoker.<InvokeNextActionFilterAsync>g__Awaited|10_0(ControllerActionInvoker invoker, Task lastTask, State next, Scope scope, Object state, Boolean isCompleted)
   at Microsoft.AspNetCore.Mvc.Infrastructure.ControllerActionInvoker.Rethrow(ActionExecutedContextSealed context)
   at Microsoft.AspNetCore.Mvc.Infrastructure.ControllerActionInvoker.Next(State& next, Scope& scope, Object& state, Boolean& isCompleted)
   at Microsoft.AspNetCore.Mvc.Infrastructure.ControllerActionInvoker.<InvokeInnerFilterAsync>g__Awaited|13_0(ControllerActionInvoker invoker, Task lastTask, State next, Scope scope, Object state, Boolean isCompleted)
   at Microsoft.AspNetCore.Mvc.Infrastructure.ResourceInvoker.<InvokeFilterPipelineAsync>g__Awaited|20_0(ResourceInvoker invoker, Task lastTask, State next, Scope scope, Object state, Boolean isCompleted)
   at Microsoft.AspNetCore.Mvc.Infrastructure.ResourceInvoker.<InvokeAsync>g__Logged|17_1(ResourceInvoker invoker)
   at Microsoft.AspNetCore.Mvc.Infrastructure.ResourceInvoker.<InvokeAsync>g__Logged|17_1(ResourceInvoker invoker)
   at Microsoft.AspNetCore.Routing.EndpointMiddleware.<Invoke>g__AwaitRequestTask|7_0(Endpoint endpoint, Task requestTask, ILogger logger)
   at Microsoft.AspNetCore.Authorization.AuthorizationMiddleware.Invoke(HttpContext context)
   at Microsoft.AspNetCore.Authentication.AuthenticationMiddleware.Invoke(HttpContext context)
   at Swashbuckle.AspNetCore.SwaggerUI.SwaggerUIMiddleware.Invoke(HttpContext httpContext)
   at Swashbuckle.AspNetCore.Swagger.SwaggerMiddleware.Invoke(HttpContext httpContext, ISwaggerProvider swaggerProvider)
   at ThucLuc.Api.Common.Middleware.GlobalExceptionMiddleware.InvokeAsync(HttpContext context) in D:\Projects\ThucLuc_V2\.sources\backend\src\api\Common\Middleware\GlobalExceptionMiddleware.cs:line 23
2026-05-06 14:16:22.767 +07:00 [INF] HTTP GET /api/v1/giam-sat-soc => 500 in 83.884 ms CorrelationId=e289f14551e94bb8a73f773c01024997 UserId=5001
2026-05-06 14:16:22.770 +07:00 [ERR] HTTP GET /api/v1/giam-sat-soc responded 500 in 86.9297 ms
2026-05-06 14:16:22.773 +07:00 [INF] Request finished HTTP/1.1 GET http://localhost:5283/api/v1/giam-sat-soc?donViId=2002 - 500 null application/json 92.6455ms
2026-05-06 14:16:37.311 +07:00 [INF] Application is shutting down...
2026-05-06 14:23:13.295 +07:00 [INF] Baseline seed data has been applied successfully.
2026-05-06 14:23:13.435 +07:00 [INF] User profile is available. Using 'C:\Users\CNTT\AppData\Local\ASP.NET\DataProtection-Keys' as key repository and Windows DPAPI to encrypt keys at rest.
2026-05-06 14:23:13.519 +07:00 [INF] Now listening on: http://localhost:5283
2026-05-06 14:23:13.525 +07:00 [INF] Application started. Press Ctrl+C to shut down.
2026-05-06 14:23:13.528 +07:00 [INF] Hosting environment: Development
2026-05-06 14:23:13.534 +07:00 [INF] Content root path: D:\Projects\ThucLuc_V2\.sources\backend\src\api
2026-05-06 14:23:15.897 +07:00 [INF] Request starting HTTP/1.1 OPTIONS http://localhost:5283/api/v1/don-vi/2001 - null null
2026-05-06 14:23:15.897 +07:00 [INF] Request starting HTTP/1.1 OPTIONS http://localhost:5283/api/v1/codes/by-code/LOAI_MANG_GIAM_SAT - null null
2026-05-06 14:23:15.897 +07:00 [INF] Request starting HTTP/1.1 OPTIONS http://localhost:5283/api/v1/codes/by-code/THUC_TRANG_GIAM_SAT - null null
2026-05-06 14:23:15.897 +07:00 [INF] Request starting HTTP/1.1 OPTIONS http://localhost:5283/api/v1/codes/by-code/LOP_GIAM_SAT - null null
2026-05-06 14:23:15.942 +07:00 [WRN] Failed to determine the https port for redirect.
2026-05-06 14:23:15.946 +07:00 [INF] CORS policy execution successful.
2026-05-06 14:23:15.946 +07:00 [INF] CORS policy execution successful.
2026-05-06 14:23:15.952 +07:00 [INF] HTTP OPTIONS /api/v1/codes/by-code/LOAI_MANG_GIAM_SAT => 204 in 18.9515 ms CorrelationId=90cf9b5352b44ef197a30a9751fba4fe UserId=anonymous
2026-05-06 14:23:15.946 +07:00 [INF] CORS policy execution successful.
2026-05-06 14:23:15.946 +07:00 [INF] CORS policy execution successful.
2026-05-06 14:23:15.953 +07:00 [INF] HTTP OPTIONS /api/v1/codes/by-code/LOP_GIAM_SAT => 204 in 20.8626 ms CorrelationId=8ae349eb77824eabae7ebb351352b8f7 UserId=anonymous
2026-05-06 14:23:15.960 +07:00 [INF] HTTP OPTIONS /api/v1/codes/by-code/THUC_TRANG_GIAM_SAT => 204 in 28.2376 ms CorrelationId=37eae148159e4e1898739e91b6286894 UserId=anonymous
2026-05-06 14:23:15.961 +07:00 [INF] HTTP OPTIONS /api/v1/don-vi/2001 => 204 in 29.3881 ms CorrelationId=1b5f4d9b864d4780a2c22a4050f59322 UserId=anonymous
2026-05-06 14:23:15.961 +07:00 [INF] HTTP OPTIONS /api/v1/codes/by-code/LOAI_MANG_GIAM_SAT responded 204 in 29.9364 ms
2026-05-06 14:23:15.963 +07:00 [INF] HTTP OPTIONS /api/v1/codes/by-code/LOP_GIAM_SAT responded 204 in 34.1012 ms
2026-05-06 14:23:15.966 +07:00 [INF] HTTP OPTIONS /api/v1/codes/by-code/THUC_TRANG_GIAM_SAT responded 204 in 36.5275 ms
2026-05-06 14:23:15.969 +07:00 [INF] HTTP OPTIONS /api/v1/don-vi/2001 responded 204 in 39.4398 ms
2026-05-06 14:23:15.983 +07:00 [INF] Request finished HTTP/1.1 OPTIONS http://localhost:5283/api/v1/codes/by-code/LOAI_MANG_GIAM_SAT - 204 null null 86.6798ms
2026-05-06 14:23:15.983 +07:00 [INF] Request finished HTTP/1.1 OPTIONS http://localhost:5283/api/v1/codes/by-code/LOP_GIAM_SAT - 204 null null 87.9623ms
2026-05-06 14:23:15.988 +07:00 [INF] Request finished HTTP/1.1 OPTIONS http://localhost:5283/api/v1/codes/by-code/THUC_TRANG_GIAM_SAT - 204 null null 92.8984ms
2026-05-06 14:23:15.994 +07:00 [INF] Request finished HTTP/1.1 OPTIONS http://localhost:5283/api/v1/don-vi/2001 - 204 null null 98.3812ms
2026-05-06 14:23:16.000 +07:00 [INF] Request starting HTTP/1.1 GET http://localhost:5283/api/v1/codes/by-code/LOP_GIAM_SAT - null null
2026-05-06 14:23:16.010 +07:00 [INF] Request starting HTTP/1.1 GET http://localhost:5283/api/v1/codes/by-code/LOAI_MANG_GIAM_SAT - null null
2026-05-06 14:23:16.024 +07:00 [INF] Request starting HTTP/1.1 GET http://localhost:5283/api/v1/codes/by-code/THUC_TRANG_GIAM_SAT - null null
2026-05-06 14:23:16.035 +07:00 [INF] Request starting HTTP/1.1 GET http://localhost:5283/api/v1/don-vi/2001 - null null
2026-05-06 14:23:16.063 +07:00 [INF] CORS policy execution successful.
2026-05-06 14:23:16.068 +07:00 [INF] CORS policy execution successful.
2026-05-06 14:23:16.082 +07:00 [INF] CORS policy execution successful.
2026-05-06 14:23:16.099 +07:00 [INF] CORS policy execution successful.
2026-05-06 14:23:17.058 +07:00 [INF] Executing endpoint 'ThucLuc.Api.Controllers.V1.CodesController.GetByCode (ThucLuc.Api)'
2026-05-06 14:23:17.058 +07:00 [INF] Executing endpoint 'ThucLuc.Api.Controllers.V1.DonViController.GetById (ThucLuc.Api)'
2026-05-06 14:23:17.058 +07:00 [INF] Executing endpoint 'ThucLuc.Api.Controllers.V1.CodesController.GetByCode (ThucLuc.Api)'
2026-05-06 14:23:17.058 +07:00 [INF] Executing endpoint 'ThucLuc.Api.Controllers.V1.CodesController.GetByCode (ThucLuc.Api)'
2026-05-06 14:23:17.099 +07:00 [INF] Route matched with {action = "GetByCode", controller = "Codes"}. Executing controller action with signature System.Threading.Tasks.Task`1[Microsoft.AspNetCore.Mvc.ActionResult`1[ThucLuc.Api.Common.Models.ApiResponse`1[ThucLuc.Application.Features.Codes.CodeDto]]] GetByCode(System.String, System.Threading.CancellationToken) on controller ThucLuc.Api.Controllers.V1.CodesController (ThucLuc.Api).
2026-05-06 14:23:17.099 +07:00 [INF] Route matched with {action = "GetById", controller = "DonVi"}. Executing controller action with signature System.Threading.Tasks.Task`1[Microsoft.AspNetCore.Mvc.ActionResult`1[ThucLuc.Api.Common.Models.ApiResponse`1[ThucLuc.Application.Features.DonVi.DonViDto]]] GetById(Int64, System.Threading.CancellationToken) on controller ThucLuc.Api.Controllers.V1.DonViController (ThucLuc.Api).
2026-05-06 14:23:17.099 +07:00 [INF] Route matched with {action = "GetByCode", controller = "Codes"}. Executing controller action with signature System.Threading.Tasks.Task`1[Microsoft.AspNetCore.Mvc.ActionResult`1[ThucLuc.Api.Common.Models.ApiResponse`1[ThucLuc.Application.Features.Codes.CodeDto]]] GetByCode(System.String, System.Threading.CancellationToken) on controller ThucLuc.Api.Controllers.V1.CodesController (ThucLuc.Api).
2026-05-06 14:23:17.103 +07:00 [INF] Route matched with {action = "GetByCode", controller = "Codes"}. Executing controller action with signature System.Threading.Tasks.Task`1[Microsoft.AspNetCore.Mvc.ActionResult`1[ThucLuc.Api.Common.Models.ApiResponse`1[ThucLuc.Application.Features.Codes.CodeDto]]] GetByCode(System.String, System.Threading.CancellationToken) on controller ThucLuc.Api.Controllers.V1.CodesController (ThucLuc.Api).
2026-05-06 14:23:17.304 +07:00 [INF] Executing OkObjectResult, writing value of type 'ThucLuc.Api.Common.Models.ApiResponse`1[[ThucLuc.Application.Features.DonVi.DonViDto, ThucLuc.Application, Version=1.0.0.0, Culture=neutral, PublicKeyToken=null]]'.
2026-05-06 14:23:17.360 +07:00 [INF] Executed action ThucLuc.Api.Controllers.V1.DonViController.GetById (ThucLuc.Api) in 238.7576ms
2026-05-06 14:23:17.369 +07:00 [INF] Executed endpoint 'ThucLuc.Api.Controllers.V1.DonViController.GetById (ThucLuc.Api)'
2026-05-06 14:23:17.378 +07:00 [INF] HTTP GET /api/v1/don-vi/2001 => 200 in 1278.4207 ms CorrelationId=eaa9354251f04b09b1c2741ff7e0e1e3 UserId=5001
2026-05-06 14:23:17.391 +07:00 [INF] HTTP GET /api/v1/don-vi/2001 responded 200 in 1291.5710 ms
2026-05-06 14:23:17.408 +07:00 [INF] Request finished HTTP/1.1 GET http://localhost:5283/api/v1/don-vi/2001 - 200 null application/json; charset=utf-8 1372.9946ms
2026-05-06 14:23:17.471 +07:00 [INF] Executing OkObjectResult, writing value of type 'ThucLuc.Api.Common.Models.ApiResponse`1[[ThucLuc.Application.Features.Codes.CodeDto, ThucLuc.Application, Version=1.0.0.0, Culture=neutral, PublicKeyToken=null]]'.
2026-05-06 14:23:17.471 +07:00 [INF] Executing OkObjectResult, writing value of type 'ThucLuc.Api.Common.Models.ApiResponse`1[[ThucLuc.Application.Features.Codes.CodeDto, ThucLuc.Application, Version=1.0.0.0, Culture=neutral, PublicKeyToken=null]]'.
2026-05-06 14:23:17.471 +07:00 [INF] Executing OkObjectResult, writing value of type 'ThucLuc.Api.Common.Models.ApiResponse`1[[ThucLuc.Application.Features.Codes.CodeDto, ThucLuc.Application, Version=1.0.0.0, Culture=neutral, PublicKeyToken=null]]'.
2026-05-06 14:23:17.484 +07:00 [INF] Executed action ThucLuc.Api.Controllers.V1.CodesController.GetByCode (ThucLuc.Api) in 349.8332ms
2026-05-06 14:23:17.484 +07:00 [INF] Executed action ThucLuc.Api.Controllers.V1.CodesController.GetByCode (ThucLuc.Api) in 356.9399ms
2026-05-06 14:23:17.490 +07:00 [INF] Executed action ThucLuc.Api.Controllers.V1.CodesController.GetByCode (ThucLuc.Api) in 377.8018ms
2026-05-06 14:23:17.496 +07:00 [INF] Executed endpoint 'ThucLuc.Api.Controllers.V1.CodesController.GetByCode (ThucLuc.Api)'
2026-05-06 14:23:17.505 +07:00 [INF] Executed endpoint 'ThucLuc.Api.Controllers.V1.CodesController.GetByCode (ThucLuc.Api)'
2026-05-06 14:23:17.512 +07:00 [INF] Executed endpoint 'ThucLuc.Api.Controllers.V1.CodesController.GetByCode (ThucLuc.Api)'
2026-05-06 14:23:17.518 +07:00 [INF] HTTP GET /api/v1/codes/by-code/LOP_GIAM_SAT => 200 in 1457.4683 ms CorrelationId=767ec22eb1794e5b865001c123b9d960 UserId=5001
2026-05-06 14:23:17.526 +07:00 [INF] HTTP GET /api/v1/codes/by-code/LOAI_MANG_GIAM_SAT => 200 in 1459.0261 ms CorrelationId=3163ea6483f342d5899d3eb954a8a7f0 UserId=5001
2026-05-06 14:23:17.534 +07:00 [INF] HTTP GET /api/v1/codes/by-code/THUC_TRANG_GIAM_SAT => 200 in 1451.4253 ms CorrelationId=492609e126934aec9b6e1c89d71ec033 UserId=5001
2026-05-06 14:23:17.548 +07:00 [INF] HTTP GET /api/v1/codes/by-code/LOP_GIAM_SAT responded 200 in 1487.5250 ms
2026-05-06 14:23:17.565 +07:00 [INF] HTTP GET /api/v1/codes/by-code/LOAI_MANG_GIAM_SAT responded 200 in 1497.9961 ms
2026-05-06 14:23:17.579 +07:00 [INF] HTTP GET /api/v1/codes/by-code/THUC_TRANG_GIAM_SAT responded 200 in 1497.2399 ms
2026-05-06 14:23:17.591 +07:00 [INF] Request finished HTTP/1.1 GET http://localhost:5283/api/v1/codes/by-code/LOP_GIAM_SAT - 200 null application/json; charset=utf-8 1591.4746ms
2026-05-06 14:23:17.603 +07:00 [INF] Request finished HTTP/1.1 GET http://localhost:5283/api/v1/codes/by-code/LOAI_MANG_GIAM_SAT - 200 null application/json; charset=utf-8 1593.0131ms
2026-05-06 14:23:17.615 +07:00 [INF] Request finished HTTP/1.1 GET http://localhost:5283/api/v1/codes/by-code/THUC_TRANG_GIAM_SAT - 200 null application/json; charset=utf-8 1591.0108ms
2026-05-06 14:23:17.671 +07:00 [INF] Request starting HTTP/1.1 OPTIONS http://localhost:5283/api/v1/giam-sat-soc?donViId=2002 - null null
2026-05-06 14:23:17.687 +07:00 [INF] CORS policy execution successful.
2026-05-06 14:23:17.694 +07:00 [INF] HTTP OPTIONS /api/v1/giam-sat-soc => 204 in 6.981 ms CorrelationId=bc961a070b1c44e28f5f9444c8552cb1 UserId=anonymous
2026-05-06 14:23:17.710 +07:00 [INF] HTTP OPTIONS /api/v1/giam-sat-soc responded 204 in 23.2536 ms
2026-05-06 14:23:17.723 +07:00 [INF] Request finished HTTP/1.1 OPTIONS http://localhost:5283/api/v1/giam-sat-soc?donViId=2002 - 204 null null 51.1176ms
2026-05-06 14:23:17.749 +07:00 [INF] Request starting HTTP/1.1 GET http://localhost:5283/api/v1/giam-sat-soc?donViId=2002 - null null
2026-05-06 14:23:17.766 +07:00 [INF] CORS policy execution successful.
2026-05-06 14:23:17.775 +07:00 [INF] Executing endpoint 'ThucLuc.Api.Controllers.V1.GiamSatSocController.GetAll (ThucLuc.Api)'
2026-05-06 14:23:17.794 +07:00 [INF] Route matched with {action = "GetAll", controller = "GiamSatSoc"}. Executing controller action with signature System.Threading.Tasks.Task`1[Microsoft.AspNetCore.Mvc.ActionResult`1[ThucLuc.Api.Common.Models.ApiResponse`1[System.Collections.Generic.IReadOnlyCollection`1[ThucLuc.Application.Features.GiamSatSoc.GiamSatSocDto]]]] GetAll(ThucLuc.Application.Features.GiamSatSoc.GiamSatSocQuery, System.Threading.CancellationToken) on controller ThucLuc.Api.Controllers.V1.GiamSatSocController (ThucLuc.Api).
2026-05-06 14:23:17.885 +07:00 [INF] Executing OkObjectResult, writing value of type 'ThucLuc.Api.Common.Models.ApiResponse`1[[System.Collections.Generic.IReadOnlyCollection`1[[ThucLuc.Application.Features.GiamSatSoc.GiamSatSocDto, ThucLuc.Application, Version=1.0.0.0, Culture=neutral, PublicKeyToken=null]], System.Private.CoreLib, Version=8.0.0.0, Culture=neutral, PublicKeyToken=7cec85d7bea7798e]]'.
2026-05-06 14:23:17.902 +07:00 [INF] Executed action ThucLuc.Api.Controllers.V1.GiamSatSocController.GetAll (ThucLuc.Api) in 94.6531ms
2026-05-06 14:23:17.909 +07:00 [INF] Executed endpoint 'ThucLuc.Api.Controllers.V1.GiamSatSocController.GetAll (ThucLuc.Api)'
2026-05-06 14:23:17.916 +07:00 [INF] HTTP GET /api/v1/giam-sat-soc => 200 in 150.601 ms CorrelationId=0993088117034dc49398f3de60e024c9 UserId=5001
2026-05-06 14:23:17.929 +07:00 [INF] HTTP GET /api/v1/giam-sat-soc responded 200 in 163.5198 ms
2026-05-06 14:23:17.938 +07:00 [INF] Request finished HTTP/1.1 GET http://localhost:5283/api/v1/giam-sat-soc?donViId=2002 - 200 null application/json; charset=utf-8 188.7968ms
2026-05-06 14:23:29.737 +07:00 [INF] Request starting HTTP/1.1 OPTIONS http://localhost:5283/api/v1/don-vi/2001 - null null
2026-05-06 14:23:29.738 +07:00 [INF] Request starting HTTP/1.1 OPTIONS http://localhost:5283/api/v1/codes/by-code/LOP_GIAM_SAT - null null
2026-05-06 14:23:29.738 +07:00 [INF] Request starting HTTP/1.1 OPTIONS http://localhost:5283/api/v1/codes/by-code/LOAI_MANG_GIAM_SAT - null null
2026-05-06 14:23:29.738 +07:00 [INF] Request starting HTTP/1.1 OPTIONS http://localhost:5283/api/v1/codes/by-code/THUC_TRANG_GIAM_SAT - null null
2026-05-06 14:23:29.754 +07:00 [INF] CORS policy execution successful.
2026-05-06 14:23:29.766 +07:00 [INF] CORS policy execution successful.
2026-05-06 14:23:29.777 +07:00 [INF] CORS policy execution successful.
2026-05-06 14:23:29.790 +07:00 [INF] CORS policy execution successful.
2026-05-06 14:23:29.794 +07:00 [INF] HTTP OPTIONS /api/v1/don-vi/2001 => 204 in 40.1038 ms CorrelationId=c4ac3313be784ae993a629f82e347255 UserId=anonymous
2026-05-06 14:23:29.797 +07:00 [INF] HTTP OPTIONS /api/v1/codes/by-code/LOP_GIAM_SAT => 204 in 30.9917 ms CorrelationId=fee91f6af8e6443d87d5a3fa3595fcd5 UserId=anonymous
2026-05-06 14:23:29.800 +07:00 [INF] HTTP OPTIONS /api/v1/codes/by-code/LOAI_MANG_GIAM_SAT => 204 in 23.1544 ms CorrelationId=5294cbec85434837bc9af73d650aa4eb UserId=anonymous
2026-05-06 14:23:29.804 +07:00 [INF] HTTP OPTIONS /api/v1/codes/by-code/THUC_TRANG_GIAM_SAT => 204 in 14.2201 ms CorrelationId=55c615ae9f064afbb70b01b2fc423a5d UserId=anonymous
2026-05-06 14:23:29.818 +07:00 [INF] HTTP OPTIONS /api/v1/don-vi/2001 responded 204 in 64.7949 ms
2026-05-06 14:23:29.831 +07:00 [INF] HTTP OPTIONS /api/v1/codes/by-code/LOP_GIAM_SAT responded 204 in 65.0679 ms
2026-05-06 14:23:29.844 +07:00 [INF] HTTP OPTIONS /api/v1/codes/by-code/LOAI_MANG_GIAM_SAT responded 204 in 66.7923 ms
2026-05-06 14:23:29.860 +07:00 [INF] HTTP OPTIONS /api/v1/codes/by-code/THUC_TRANG_GIAM_SAT responded 204 in 70.0569 ms
2026-05-06 14:23:29.875 +07:00 [INF] Request finished HTTP/1.1 OPTIONS http://localhost:5283/api/v1/don-vi/2001 - 204 null null 138.0179ms
2026-05-06 14:23:29.889 +07:00 [INF] Request finished HTTP/1.1 OPTIONS http://localhost:5283/api/v1/codes/by-code/LOP_GIAM_SAT - 204 null null 151.1257ms
2026-05-06 14:23:29.905 +07:00 [INF] Request finished HTTP/1.1 OPTIONS http://localhost:5283/api/v1/codes/by-code/LOAI_MANG_GIAM_SAT - 204 null null 166.7568ms
2026-05-06 14:23:29.918 +07:00 [INF] Request finished HTTP/1.1 OPTIONS http://localhost:5283/api/v1/codes/by-code/THUC_TRANG_GIAM_SAT - 204 null null 180.2962ms
2026-05-06 14:23:29.941 +07:00 [INF] Request starting HTTP/1.1 GET http://localhost:5283/api/v1/don-vi/2001 - null null
2026-05-06 14:23:29.959 +07:00 [INF] Request starting HTTP/1.1 GET http://localhost:5283/api/v1/codes/by-code/LOP_GIAM_SAT - null null
2026-05-06 14:23:29.977 +07:00 [INF] Request starting HTTP/1.1 GET http://localhost:5283/api/v1/codes/by-code/LOAI_MANG_GIAM_SAT - null null
2026-05-06 14:23:29.991 +07:00 [INF] Request starting HTTP/1.1 GET http://localhost:5283/api/v1/codes/by-code/THUC_TRANG_GIAM_SAT - null null
2026-05-06 14:23:30.015 +07:00 [INF] CORS policy execution successful.
2026-05-06 14:23:30.033 +07:00 [INF] CORS policy execution successful.
2026-05-06 14:23:30.051 +07:00 [INF] CORS policy execution successful.
2026-05-06 14:23:30.070 +07:00 [INF] CORS policy execution successful.
2026-05-06 14:23:30.078 +07:00 [INF] Executing endpoint 'ThucLuc.Api.Controllers.V1.DonViController.GetById (ThucLuc.Api)'
2026-05-06 14:23:30.082 +07:00 [INF] Executing endpoint 'ThucLuc.Api.Controllers.V1.CodesController.GetByCode (ThucLuc.Api)'
2026-05-06 14:23:30.087 +07:00 [INF] Executing endpoint 'ThucLuc.Api.Controllers.V1.CodesController.GetByCode (ThucLuc.Api)'
2026-05-06 14:23:30.094 +07:00 [INF] Executing endpoint 'ThucLuc.Api.Controllers.V1.CodesController.GetByCode (ThucLuc.Api)'
2026-05-06 14:23:30.101 +07:00 [INF] Route matched with {action = "GetById", controller = "DonVi"}. Executing controller action with signature System.Threading.Tasks.Task`1[Microsoft.AspNetCore.Mvc.ActionResult`1[ThucLuc.Api.Common.Models.ApiResponse`1[ThucLuc.Application.Features.DonVi.DonViDto]]] GetById(Int64, System.Threading.CancellationToken) on controller ThucLuc.Api.Controllers.V1.DonViController (ThucLuc.Api).
2026-05-06 14:23:30.110 +07:00 [INF] Route matched with {action = "GetByCode", controller = "Codes"}. Executing controller action with signature System.Threading.Tasks.Task`1[Microsoft.AspNetCore.Mvc.ActionResult`1[ThucLuc.Api.Common.Models.ApiResponse`1[ThucLuc.Application.Features.Codes.CodeDto]]] GetByCode(System.String, System.Threading.CancellationToken) on controller ThucLuc.Api.Controllers.V1.CodesController (ThucLuc.Api).
2026-05-06 14:23:30.118 +07:00 [INF] Route matched with {action = "GetByCode", controller = "Codes"}. Executing controller action with signature System.Threading.Tasks.Task`1[Microsoft.AspNetCore.Mvc.ActionResult`1[ThucLuc.Api.Common.Models.ApiResponse`1[ThucLuc.Application.Features.Codes.CodeDto]]] GetByCode(System.String, System.Threading.CancellationToken) on controller ThucLuc.Api.Controllers.V1.CodesController (ThucLuc.Api).
2026-05-06 14:23:30.125 +07:00 [INF] Route matched with {action = "GetByCode", controller = "Codes"}. Executing controller action with signature System.Threading.Tasks.Task`1[Microsoft.AspNetCore.Mvc.ActionResult`1[ThucLuc.Api.Common.Models.ApiResponse`1[ThucLuc.Application.Features.Codes.CodeDto]]] GetByCode(System.String, System.Threading.CancellationToken) on controller ThucLuc.Api.Controllers.V1.CodesController (ThucLuc.Api).
2026-05-06 14:23:30.149 +07:00 [INF] Executing OkObjectResult, writing value of type 'ThucLuc.Api.Common.Models.ApiResponse`1[[ThucLuc.Application.Features.DonVi.DonViDto, ThucLuc.Application, Version=1.0.0.0, Culture=neutral, PublicKeyToken=null]]'.
2026-05-06 14:23:30.160 +07:00 [INF] Executing OkObjectResult, writing value of type 'ThucLuc.Api.Common.Models.ApiResponse`1[[ThucLuc.Application.Features.Codes.CodeDto, ThucLuc.Application, Version=1.0.0.0, Culture=neutral, PublicKeyToken=null]]'.
2026-05-06 14:23:30.187 +07:00 [INF] Executed action ThucLuc.Api.Controllers.V1.DonViController.GetById (ThucLuc.Api) in 48.5905ms
2026-05-06 14:23:30.189 +07:00 [INF] Executing OkObjectResult, writing value of type 'ThucLuc.Api.Common.Models.ApiResponse`1[[ThucLuc.Application.Features.Codes.CodeDto, ThucLuc.Application, Version=1.0.0.0, Culture=neutral, PublicKeyToken=null]]'.
2026-05-06 14:23:30.189 +07:00 [INF] Executing OkObjectResult, writing value of type 'ThucLuc.Api.Common.Models.ApiResponse`1[[ThucLuc.Application.Features.Codes.CodeDto, ThucLuc.Application, Version=1.0.0.0, Culture=neutral, PublicKeyToken=null]]'.
2026-05-06 14:23:30.197 +07:00 [INF] Executed action ThucLuc.Api.Controllers.V1.CodesController.GetByCode (ThucLuc.Api) in 44.994ms
2026-05-06 14:23:30.204 +07:00 [INF] Executed endpoint 'ThucLuc.Api.Controllers.V1.DonViController.GetById (ThucLuc.Api)'
2026-05-06 14:23:30.215 +07:00 [INF] Executed action ThucLuc.Api.Controllers.V1.CodesController.GetByCode (ThucLuc.Api) in 34.724ms
2026-05-06 14:23:30.224 +07:00 [INF] Executed action ThucLuc.Api.Controllers.V1.CodesController.GetByCode (ThucLuc.Api) in 43.658ms
2026-05-06 14:23:30.233 +07:00 [INF] Executed endpoint 'ThucLuc.Api.Controllers.V1.CodesController.GetByCode (ThucLuc.Api)'
2026-05-06 14:23:30.240 +07:00 [INF] HTTP GET /api/v1/don-vi/2001 => 200 in 225.9818 ms CorrelationId=22fcccf9ec6b4adf960a7f33e2d3a652 UserId=5001
2026-05-06 14:23:30.251 +07:00 [INF] Executed endpoint 'ThucLuc.Api.Controllers.V1.CodesController.GetByCode (ThucLuc.Api)'
2026-05-06 14:23:30.261 +07:00 [INF] Executed endpoint 'ThucLuc.Api.Controllers.V1.CodesController.GetByCode (ThucLuc.Api)'
2026-05-06 14:23:30.268 +07:00 [INF] HTTP GET /api/v1/codes/by-code/LOP_GIAM_SAT => 200 in 234.3051 ms CorrelationId=903f5ae9913147b8ac115e3994cbac30 UserId=5001
2026-05-06 14:23:30.281 +07:00 [INF] HTTP GET /api/v1/don-vi/2001 responded 200 in 267.0482 ms
2026-05-06 14:23:30.286 +07:00 [INF] HTTP GET /api/v1/codes/by-code/LOAI_MANG_GIAM_SAT => 200 in 235.2458 ms CorrelationId=f9571faedf7b4e359b6b9508852e1104 UserId=5001
2026-05-06 14:23:30.294 +07:00 [INF] HTTP GET /api/v1/codes/by-code/THUC_TRANG_GIAM_SAT => 200 in 224.5274 ms CorrelationId=2e1fdf835ecf412584f148386b56521b UserId=5001
2026-05-06 14:23:30.307 +07:00 [INF] HTTP GET /api/v1/codes/by-code/LOP_GIAM_SAT responded 200 in 274.0767 ms
2026-05-06 14:23:30.313 +07:00 [INF] Request finished HTTP/1.1 GET http://localhost:5283/api/v1/don-vi/2001 - 200 null application/json; charset=utf-8 371.7319ms
2026-05-06 14:23:30.325 +07:00 [INF] HTTP GET /api/v1/codes/by-code/LOAI_MANG_GIAM_SAT responded 200 in 273.7677 ms
2026-05-06 14:23:30.339 +07:00 [INF] HTTP GET /api/v1/codes/by-code/THUC_TRANG_GIAM_SAT responded 200 in 269.2689 ms
2026-05-06 14:23:30.353 +07:00 [INF] Request finished HTTP/1.1 GET http://localhost:5283/api/v1/codes/by-code/LOP_GIAM_SAT - 200 null application/json; charset=utf-8 394.3607ms
2026-05-06 14:23:30.380 +07:00 [INF] Request finished HTTP/1.1 GET http://localhost:5283/api/v1/codes/by-code/LOAI_MANG_GIAM_SAT - 200 null application/json; charset=utf-8 403.3215ms
2026-05-06 14:23:30.390 +07:00 [INF] Request finished HTTP/1.1 GET http://localhost:5283/api/v1/codes/by-code/THUC_TRANG_GIAM_SAT - 200 null application/json; charset=utf-8 398.7044ms
2026-05-06 14:23:30.454 +07:00 [INF] Request starting HTTP/1.1 OPTIONS http://localhost:5283/api/v1/giam-sat-soc?donViId=2002 - null null
2026-05-06 14:23:30.472 +07:00 [INF] CORS policy execution successful.
2026-05-06 14:23:30.479 +07:00 [INF] HTTP OPTIONS /api/v1/giam-sat-soc => 204 in 6.5469 ms CorrelationId=623c055bd2a54a3484df19a5bd6087b8 UserId=anonymous
2026-05-06 14:23:30.494 +07:00 [INF] HTTP OPTIONS /api/v1/giam-sat-soc responded 204 in 21.7585 ms
2026-05-06 14:23:30.507 +07:00 [INF] Request finished HTTP/1.1 OPTIONS http://localhost:5283/api/v1/giam-sat-soc?donViId=2002 - 204 null null 53.3957ms
2026-05-06 14:23:30.529 +07:00 [INF] Request starting HTTP/1.1 GET http://localhost:5283/api/v1/giam-sat-soc?donViId=2002 - null null
2026-05-06 14:23:30.546 +07:00 [INF] CORS policy execution successful.
2026-05-06 14:23:30.553 +07:00 [INF] Executing endpoint 'ThucLuc.Api.Controllers.V1.GiamSatSocController.GetAll (ThucLuc.Api)'
2026-05-06 14:23:30.561 +07:00 [INF] Route matched with {action = "GetAll", controller = "GiamSatSoc"}. Executing controller action with signature System.Threading.Tasks.Task`1[Microsoft.AspNetCore.Mvc.ActionResult`1[ThucLuc.Api.Common.Models.ApiResponse`1[System.Collections.Generic.IReadOnlyCollection`1[ThucLuc.Application.Features.GiamSatSoc.GiamSatSocDto]]]] GetAll(ThucLuc.Application.Features.GiamSatSoc.GiamSatSocQuery, System.Threading.CancellationToken) on controller ThucLuc.Api.Controllers.V1.GiamSatSocController (ThucLuc.Api).
2026-05-06 14:23:30.587 +07:00 [INF] Executing OkObjectResult, writing value of type 'ThucLuc.Api.Common.Models.ApiResponse`1[[System.Collections.Generic.IReadOnlyCollection`1[[ThucLuc.Application.Features.GiamSatSoc.GiamSatSocDto, ThucLuc.Application, Version=1.0.0.0, Culture=neutral, PublicKeyToken=null]], System.Private.CoreLib, Version=8.0.0.0, Culture=neutral, PublicKeyToken=7cec85d7bea7798e]]'.
2026-05-06 14:23:30.599 +07:00 [INF] Executed action ThucLuc.Api.Controllers.V1.GiamSatSocController.GetAll (ThucLuc.Api) in 24.2043ms
2026-05-06 14:23:30.611 +07:00 [INF] Executed endpoint 'ThucLuc.Api.Controllers.V1.GiamSatSocController.GetAll (ThucLuc.Api)'
2026-05-06 14:23:30.620 +07:00 [INF] HTTP GET /api/v1/giam-sat-soc => 200 in 74.207 ms CorrelationId=f106218c8cf94bd3b87d68df32d63555 UserId=5001
2026-05-06 14:23:30.638 +07:00 [INF] HTTP GET /api/v1/giam-sat-soc responded 200 in 92.3646 ms
2026-05-06 14:23:30.650 +07:00 [INF] Request finished HTTP/1.1 GET http://localhost:5283/api/v1/giam-sat-soc?donViId=2002 - 200 null application/json; charset=utf-8 121.4786ms
2026-05-06 14:23:31.990 +07:00 [INF] Request starting HTTP/1.1 GET http://localhost:5283/api/v1/codes/by-code/THUC_TRANG_GIAM_SAT - null null
2026-05-06 14:23:31.990 +07:00 [INF] Request starting HTTP/1.1 GET http://localhost:5283/api/v1/codes/by-code/LOP_GIAM_SAT - null null
2026-05-06 14:23:32.011 +07:00 [INF] CORS policy execution successful.
2026-05-06 14:23:32.031 +07:00 [INF] CORS policy execution successful.
2026-05-06 14:23:32.037 +07:00 [INF] Executing endpoint 'ThucLuc.Api.Controllers.V1.CodesController.GetByCode (ThucLuc.Api)'
2026-05-06 14:23:32.043 +07:00 [INF] Executing endpoint 'ThucLuc.Api.Controllers.V1.CodesController.GetByCode (ThucLuc.Api)'
2026-05-06 14:23:32.051 +07:00 [INF] Route matched with {action = "GetByCode", controller = "Codes"}. Executing controller action with signature System.Threading.Tasks.Task`1[Microsoft.AspNetCore.Mvc.ActionResult`1[ThucLuc.Api.Common.Models.ApiResponse`1[ThucLuc.Application.Features.Codes.CodeDto]]] GetByCode(System.String, System.Threading.CancellationToken) on controller ThucLuc.Api.Controllers.V1.CodesController (ThucLuc.Api).
2026-05-06 14:23:32.057 +07:00 [INF] Route matched with {action = "GetByCode", controller = "Codes"}. Executing controller action with signature System.Threading.Tasks.Task`1[Microsoft.AspNetCore.Mvc.ActionResult`1[ThucLuc.Api.Common.Models.ApiResponse`1[ThucLuc.Application.Features.Codes.CodeDto]]] GetByCode(System.String, System.Threading.CancellationToken) on controller ThucLuc.Api.Controllers.V1.CodesController (ThucLuc.Api).
2026-05-06 14:23:32.076 +07:00 [INF] Executing OkObjectResult, writing value of type 'ThucLuc.Api.Common.Models.ApiResponse`1[[ThucLuc.Application.Features.Codes.CodeDto, ThucLuc.Application, Version=1.0.0.0, Culture=neutral, PublicKeyToken=null]]'.
2026-05-06 14:23:32.082 +07:00 [INF] Executing OkObjectResult, writing value of type 'ThucLuc.Api.Common.Models.ApiResponse`1[[ThucLuc.Application.Features.Codes.CodeDto, ThucLuc.Application, Version=1.0.0.0, Culture=neutral, PublicKeyToken=null]]'.
2026-05-06 14:23:32.085 +07:00 [INF] Executed action ThucLuc.Api.Controllers.V1.CodesController.GetByCode (ThucLuc.Api) in 16.365ms
2026-05-06 14:23:32.092 +07:00 [INF] Executed action ThucLuc.Api.Controllers.V1.CodesController.GetByCode (ThucLuc.Api) in 16.5013ms
2026-05-06 14:23:32.098 +07:00 [INF] Executed endpoint 'ThucLuc.Api.Controllers.V1.CodesController.GetByCode (ThucLuc.Api)'
2026-05-06 14:23:32.106 +07:00 [INF] Executed endpoint 'ThucLuc.Api.Controllers.V1.CodesController.GetByCode (ThucLuc.Api)'
2026-05-06 14:23:32.113 +07:00 [INF] HTTP GET /api/v1/codes/by-code/THUC_TRANG_GIAM_SAT => 200 in 102.1469 ms CorrelationId=f9e6e6d066a24590b2c386de790e4670 UserId=5001
2026-05-06 14:23:32.119 +07:00 [INF] HTTP GET /api/v1/codes/by-code/LOP_GIAM_SAT => 200 in 87.909 ms CorrelationId=858b8e7202514485ac01b4e75c012b28 UserId=5001
2026-05-06 14:23:32.132 +07:00 [INF] HTTP GET /api/v1/codes/by-code/THUC_TRANG_GIAM_SAT responded 200 in 120.9963 ms
2026-05-06 14:23:32.147 +07:00 [INF] HTTP GET /api/v1/codes/by-code/LOP_GIAM_SAT responded 200 in 115.9871 ms
2026-05-06 14:23:32.159 +07:00 [INF] Request finished HTTP/1.1 GET http://localhost:5283/api/v1/codes/by-code/THUC_TRANG_GIAM_SAT - 200 null application/json; charset=utf-8 168.5379ms
2026-05-06 14:23:32.171 +07:00 [INF] Request finished HTTP/1.1 GET http://localhost:5283/api/v1/codes/by-code/LOP_GIAM_SAT - 200 null application/json; charset=utf-8 180.5089ms
2026-05-06 14:23:32.220 +07:00 [INF] Request starting HTTP/1.1 OPTIONS http://localhost:5283/api/v1/giam-sat-noc?donViId=2002 - null null
2026-05-06 14:23:32.241 +07:00 [INF] CORS policy execution successful.
2026-05-06 14:23:32.247 +07:00 [INF] HTTP OPTIONS /api/v1/giam-sat-noc => 204 in 5.9745 ms CorrelationId=e7fd84abe9d54ec0b985cb0ab701cda4 UserId=anonymous
2026-05-06 14:23:32.262 +07:00 [INF] HTTP OPTIONS /api/v1/giam-sat-noc responded 204 in 20.6109 ms
2026-05-06 14:23:32.277 +07:00 [INF] Request finished HTTP/1.1 OPTIONS http://localhost:5283/api/v1/giam-sat-noc?donViId=2002 - 204 null null 56.252ms
2026-05-06 14:23:32.300 +07:00 [INF] Request starting HTTP/1.1 GET http://localhost:5283/api/v1/giam-sat-noc?donViId=2002 - null null
2026-05-06 14:23:32.320 +07:00 [INF] CORS policy execution successful.
2026-05-06 14:23:32.328 +07:00 [INF] Executing endpoint 'ThucLuc.Api.Controllers.V1.GiamSatNocController.GetAll (ThucLuc.Api)'
2026-05-06 14:23:32.346 +07:00 [INF] Route matched with {action = "GetAll", controller = "GiamSatNoc"}. Executing controller action with signature System.Threading.Tasks.Task`1[Microsoft.AspNetCore.Mvc.ActionResult`1[ThucLuc.Api.Common.Models.ApiResponse`1[System.Collections.Generic.IReadOnlyCollection`1[ThucLuc.Application.Features.GiamSatNoc.GiamSatNocDto]]]] GetAll(ThucLuc.Application.Features.GiamSatNoc.GiamSatNocQuery, System.Threading.CancellationToken) on controller ThucLuc.Api.Controllers.V1.GiamSatNocController (ThucLuc.Api).
2026-05-06 14:23:32.400 +07:00 [INF] Executing OkObjectResult, writing value of type 'ThucLuc.Api.Common.Models.ApiResponse`1[[System.Collections.Generic.IReadOnlyCollection`1[[ThucLuc.Application.Features.GiamSatNoc.GiamSatNocDto, ThucLuc.Application, Version=1.0.0.0, Culture=neutral, PublicKeyToken=null]], System.Private.CoreLib, Version=8.0.0.0, Culture=neutral, PublicKeyToken=7cec85d7bea7798e]]'.
2026-05-06 14:23:32.419 +07:00 [INF] Executed action ThucLuc.Api.Controllers.V1.GiamSatNocController.GetAll (ThucLuc.Api) in 59.1555ms
2026-05-06 14:23:32.428 +07:00 [INF] Executed endpoint 'ThucLuc.Api.Controllers.V1.GiamSatNocController.GetAll (ThucLuc.Api)'
2026-05-06 14:23:32.434 +07:00 [INF] HTTP GET /api/v1/giam-sat-noc => 200 in 114.1973 ms CorrelationId=b4c12f2126c24b30b6828ea72440562a UserId=5001
2026-05-06 14:23:32.448 +07:00 [INF] HTTP GET /api/v1/giam-sat-noc responded 200 in 128.1690 ms
2026-05-06 14:23:32.458 +07:00 [INF] Request finished HTTP/1.1 GET http://localhost:5283/api/v1/giam-sat-noc?donViId=2002 - 200 null application/json; charset=utf-8 158.6476ms
2026-05-06 14:23:35.571 +07:00 [INF] Request starting HTTP/1.1 OPTIONS http://localhost:5283/api/v1/codes/by-code/LOAI_MANG_GIAM_SAT - null null
2026-05-06 14:23:35.574 +07:00 [INF] Request starting HTTP/1.1 OPTIONS http://localhost:5283/api/v1/codes/by-code/LOP_GIAM_SAT - null null
2026-05-06 14:23:35.575 +07:00 [INF] Request starting HTTP/1.1 OPTIONS http://localhost:5283/api/v1/codes/by-code/THUC_TRANG_GIAM_SAT - null null
2026-05-06 14:23:35.591 +07:00 [INF] CORS policy execution successful.
2026-05-06 14:23:35.622 +07:00 [INF] CORS policy execution successful.
2026-05-06 14:23:35.625 +07:00 [INF] CORS policy execution successful.
2026-05-06 14:23:35.630 +07:00 [INF] HTTP OPTIONS /api/v1/codes/by-code/THUC_TRANG_GIAM_SAT => 204 in 4.4325 ms CorrelationId=dd7fb68ad226405e8fe3056305314f4a UserId=anonymous
2026-05-06 14:23:35.628 +07:00 [INF] HTTP OPTIONS /api/v1/codes/by-code/LOP_GIAM_SAT => 204 in 6.5958 ms CorrelationId=38b89e0647824415a1ba555e9d96e66a UserId=anonymous
2026-05-06 14:23:35.643 +07:00 [INF] HTTP OPTIONS /api/v1/codes/by-code/LOP_GIAM_SAT responded 204 in 21.6443 ms
2026-05-06 14:23:35.634 +07:00 [INF] HTTP OPTIONS /api/v1/codes/by-code/THUC_TRANG_GIAM_SAT responded 204 in 8.4207 ms
2026-05-06 14:23:35.658 +07:00 [INF] Request finished HTTP/1.1 OPTIONS http://localhost:5283/api/v1/codes/by-code/THUC_TRANG_GIAM_SAT - 204 null null 83.4046ms
2026-05-06 14:23:35.653 +07:00 [INF] Request finished HTTP/1.1 OPTIONS http://localhost:5283/api/v1/codes/by-code/LOP_GIAM_SAT - 204 null null 78.7195ms
2026-05-06 14:23:35.627 +07:00 [INF] HTTP OPTIONS /api/v1/codes/by-code/LOAI_MANG_GIAM_SAT => 204 in 35.8918 ms CorrelationId=f6f58ee201924e1597c2d0ad7c960468 UserId=anonymous
2026-05-06 14:23:35.672 +07:00 [INF] Request starting HTTP/1.1 GET http://localhost:5283/api/v1/codes/by-code/THUC_TRANG_GIAM_SAT - null null
2026-05-06 14:23:35.679 +07:00 [INF] Request starting HTTP/1.1 GET http://localhost:5283/api/v1/codes/by-code/LOP_GIAM_SAT - null null
2026-05-06 14:23:35.683 +07:00 [INF] HTTP OPTIONS /api/v1/codes/by-code/LOAI_MANG_GIAM_SAT responded 204 in 91.3766 ms
2026-05-06 14:23:35.689 +07:00 [INF] CORS policy execution successful.
2026-05-06 14:23:35.695 +07:00 [INF] CORS policy execution successful.
2026-05-06 14:23:35.706 +07:00 [INF] Executing endpoint 'ThucLuc.Api.Controllers.V1.CodesController.GetByCode (ThucLuc.Api)'
2026-05-06 14:23:35.703 +07:00 [INF] Executing endpoint 'ThucLuc.Api.Controllers.V1.CodesController.GetByCode (ThucLuc.Api)'
2026-05-06 14:23:35.701 +07:00 [INF] Request finished HTTP/1.1 OPTIONS http://localhost:5283/api/v1/codes/by-code/LOAI_MANG_GIAM_SAT - 204 null null 129.6266ms
2026-05-06 14:23:35.708 +07:00 [INF] Route matched with {action = "GetByCode", controller = "Codes"}. Executing controller action with signature System.Threading.Tasks.Task`1[Microsoft.AspNetCore.Mvc.ActionResult`1[ThucLuc.Api.Common.Models.ApiResponse`1[ThucLuc.Application.Features.Codes.CodeDto]]] GetByCode(System.String, System.Threading.CancellationToken) on controller ThucLuc.Api.Controllers.V1.CodesController (ThucLuc.Api).
2026-05-06 14:23:35.710 +07:00 [INF] Route matched with {action = "GetByCode", controller = "Codes"}. Executing controller action with signature System.Threading.Tasks.Task`1[Microsoft.AspNetCore.Mvc.ActionResult`1[ThucLuc.Api.Common.Models.ApiResponse`1[ThucLuc.Application.Features.Codes.CodeDto]]] GetByCode(System.String, System.Threading.CancellationToken) on controller ThucLuc.Api.Controllers.V1.CodesController (ThucLuc.Api).
2026-05-06 14:23:35.715 +07:00 [INF] Request starting HTTP/1.1 GET http://localhost:5283/api/v1/codes/by-code/LOAI_MANG_GIAM_SAT - null null
2026-05-06 14:23:35.722 +07:00 [INF] Executing OkObjectResult, writing value of type 'ThucLuc.Api.Common.Models.ApiResponse`1[[ThucLuc.Application.Features.Codes.CodeDto, ThucLuc.Application, Version=1.0.0.0, Culture=neutral, PublicKeyToken=null]]'.
2026-05-06 14:23:35.725 +07:00 [INF] Executing OkObjectResult, writing value of type 'ThucLuc.Api.Common.Models.ApiResponse`1[[ThucLuc.Application.Features.Codes.CodeDto, ThucLuc.Application, Version=1.0.0.0, Culture=neutral, PublicKeyToken=null]]'.
2026-05-06 14:23:35.729 +07:00 [INF] CORS policy execution successful.
2026-05-06 14:23:35.734 +07:00 [INF] Executed action ThucLuc.Api.Controllers.V1.CodesController.GetByCode (ThucLuc.Api) in 14.3606ms
2026-05-06 14:23:35.737 +07:00 [INF] Executed action ThucLuc.Api.Controllers.V1.CodesController.GetByCode (ThucLuc.Api) in 15.0623ms
2026-05-06 14:23:35.740 +07:00 [INF] Executing endpoint 'ThucLuc.Api.Controllers.V1.CodesController.GetByCode (ThucLuc.Api)'
2026-05-06 14:23:35.741 +07:00 [INF] Executed endpoint 'ThucLuc.Api.Controllers.V1.CodesController.GetByCode (ThucLuc.Api)'
2026-05-06 14:23:35.743 +07:00 [INF] Executed endpoint 'ThucLuc.Api.Controllers.V1.CodesController.GetByCode (ThucLuc.Api)'
2026-05-06 14:23:35.745 +07:00 [INF] Route matched with {action = "GetByCode", controller = "Codes"}. Executing controller action with signature System.Threading.Tasks.Task`1[Microsoft.AspNetCore.Mvc.ActionResult`1[ThucLuc.Api.Common.Models.ApiResponse`1[ThucLuc.Application.Features.Codes.CodeDto]]] GetByCode(System.String, System.Threading.CancellationToken) on controller ThucLuc.Api.Controllers.V1.CodesController (ThucLuc.Api).
2026-05-06 14:23:35.748 +07:00 [INF] HTTP GET /api/v1/codes/by-code/LOP_GIAM_SAT => 200 in 53.4422 ms CorrelationId=e814f1a6a7c7493cbaef1a835ef98ca9 UserId=5001
2026-05-06 14:23:35.750 +07:00 [INF] HTTP GET /api/v1/codes/by-code/THUC_TRANG_GIAM_SAT => 200 in 60.5989 ms CorrelationId=c71e0a1e23e14a1bbf1f102fdb9526f2 UserId=5001
2026-05-06 14:23:35.761 +07:00 [INF] HTTP GET /api/v1/codes/by-code/THUC_TRANG_GIAM_SAT responded 200 in 71.4971 ms
2026-05-06 14:23:35.757 +07:00 [INF] HTTP GET /api/v1/codes/by-code/LOP_GIAM_SAT responded 200 in 62.0821 ms
2026-05-06 14:23:35.754 +07:00 [INF] Executing OkObjectResult, writing value of type 'ThucLuc.Api.Common.Models.ApiResponse`1[[ThucLuc.Application.Features.Codes.CodeDto, ThucLuc.Application, Version=1.0.0.0, Culture=neutral, PublicKeyToken=null]]'.
2026-05-06 14:23:35.766 +07:00 [INF] Request finished HTTP/1.1 GET http://localhost:5283/api/v1/codes/by-code/THUC_TRANG_GIAM_SAT - 200 null application/json; charset=utf-8 94.2066ms
2026-05-06 14:23:35.768 +07:00 [INF] Request finished HTTP/1.1 GET http://localhost:5283/api/v1/codes/by-code/LOP_GIAM_SAT - 200 null application/json; charset=utf-8 88.6882ms
2026-05-06 14:23:35.771 +07:00 [INF] Executed action ThucLuc.Api.Controllers.V1.CodesController.GetByCode (ThucLuc.Api) in 19.9343ms
2026-05-06 14:23:35.789 +07:00 [INF] Executed endpoint 'ThucLuc.Api.Controllers.V1.CodesController.GetByCode (ThucLuc.Api)'
2026-05-06 14:23:35.794 +07:00 [INF] HTTP GET /api/v1/codes/by-code/LOAI_MANG_GIAM_SAT => 200 in 65.0331 ms CorrelationId=1efacf76c9844fd0ab7bab7e0af7c061 UserId=5001
2026-05-06 14:23:35.797 +07:00 [INF] HTTP GET /api/v1/codes/by-code/LOAI_MANG_GIAM_SAT responded 200 in 68.2399 ms
2026-05-06 14:23:35.801 +07:00 [INF] Request finished HTTP/1.1 GET http://localhost:5283/api/v1/codes/by-code/LOAI_MANG_GIAM_SAT - 200 null application/json; charset=utf-8 85.3569ms
2026-05-06 14:23:35.810 +07:00 [INF] Request starting HTTP/1.1 OPTIONS http://localhost:5283/api/v1/giam-sat-soc?donViId=2002 - null null
2026-05-06 14:23:35.815 +07:00 [INF] CORS policy execution successful.
2026-05-06 14:23:35.818 +07:00 [INF] HTTP OPTIONS /api/v1/giam-sat-soc => 204 in 2.3675 ms CorrelationId=9154c3e08fe648b59d3dbeadf058c220 UserId=anonymous
2026-05-06 14:23:35.822 +07:00 [INF] HTTP OPTIONS /api/v1/giam-sat-soc responded 204 in 6.3148 ms
2026-05-06 14:23:35.826 +07:00 [INF] Request finished HTTP/1.1 OPTIONS http://localhost:5283/api/v1/giam-sat-soc?donViId=2002 - 204 null null 16.4227ms
2026-05-06 14:23:35.832 +07:00 [INF] Request starting HTTP/1.1 GET http://localhost:5283/api/v1/giam-sat-soc?donViId=2002 - null null
2026-05-06 14:23:35.836 +07:00 [INF] CORS policy execution successful.
2026-05-06 14:23:35.838 +07:00 [INF] Executing endpoint 'ThucLuc.Api.Controllers.V1.GiamSatSocController.GetAll (ThucLuc.Api)'
2026-05-06 14:23:35.841 +07:00 [INF] Route matched with {action = "GetAll", controller = "GiamSatSoc"}. Executing controller action with signature System.Threading.Tasks.Task`1[Microsoft.AspNetCore.Mvc.ActionResult`1[ThucLuc.Api.Common.Models.ApiResponse`1[System.Collections.Generic.IReadOnlyCollection`1[ThucLuc.Application.Features.GiamSatSoc.GiamSatSocDto]]]] GetAll(ThucLuc.Application.Features.GiamSatSoc.GiamSatSocQuery, System.Threading.CancellationToken) on controller ThucLuc.Api.Controllers.V1.GiamSatSocController (ThucLuc.Api).
2026-05-06 14:23:35.850 +07:00 [INF] Executing OkObjectResult, writing value of type 'ThucLuc.Api.Common.Models.ApiResponse`1[[System.Collections.Generic.IReadOnlyCollection`1[[ThucLuc.Application.Features.GiamSatSoc.GiamSatSocDto, ThucLuc.Application, Version=1.0.0.0, Culture=neutral, PublicKeyToken=null]], System.Private.CoreLib, Version=8.0.0.0, Culture=neutral, PublicKeyToken=7cec85d7bea7798e]]'.
2026-05-06 14:23:35.854 +07:00 [INF] Executed action ThucLuc.Api.Controllers.V1.GiamSatSocController.GetAll (ThucLuc.Api) in 9.1154ms
2026-05-06 14:23:35.857 +07:00 [INF] Executed endpoint 'ThucLuc.Api.Controllers.V1.GiamSatSocController.GetAll (ThucLuc.Api)'
2026-05-06 14:23:35.860 +07:00 [INF] HTTP GET /api/v1/giam-sat-soc => 200 in 23.963 ms CorrelationId=9cc09cb1628740a68a12795128753ec4 UserId=5001
2026-05-06 14:23:35.866 +07:00 [INF] HTTP GET /api/v1/giam-sat-soc responded 200 in 29.5583 ms
2026-05-06 14:23:35.870 +07:00 [INF] Request finished HTTP/1.1 GET http://localhost:5283/api/v1/giam-sat-soc?donViId=2002 - 200 null application/json; charset=utf-8 38.853ms
2026-05-06 14:26:43.753 +07:00 [INF] Request starting HTTP/1.1 OPTIONS http://localhost:5283/api/v1/don-vi/2001 - null null
2026-05-06 14:26:43.761 +07:00 [INF] Request starting HTTP/1.1 OPTIONS http://localhost:5283/api/v1/codes/by-code/LOP_GIAM_SAT - null null
2026-05-06 14:26:43.762 +07:00 [INF] Request starting HTTP/1.1 OPTIONS http://localhost:5283/api/v1/codes/by-code/LOAI_MANG_GIAM_SAT - null null
2026-05-06 14:26:43.762 +07:00 [INF] Request starting HTTP/1.1 OPTIONS http://localhost:5283/api/v1/codes/by-code/THUC_TRANG_GIAM_SAT - null null
2026-05-06 14:26:43.775 +07:00 [INF] CORS policy execution successful.
2026-05-06 14:26:43.791 +07:00 [INF] CORS policy execution successful.
2026-05-06 14:26:43.808 +07:00 [INF] CORS policy execution successful.
2026-05-06 14:26:43.824 +07:00 [INF] CORS policy execution successful.
2026-05-06 14:26:43.827 +07:00 [INF] HTTP OPTIONS /api/v1/don-vi/2001 => 204 in 52.7672 ms CorrelationId=a0ef2d6c251d43f6a64e7f735fbdcb74 UserId=anonymous
2026-05-06 14:26:43.830 +07:00 [INF] HTTP OPTIONS /api/v1/codes/by-code/LOP_GIAM_SAT => 204 in 39.3186 ms CorrelationId=ec84a5769412447398c509859ca6c356 UserId=anonymous
2026-05-06 14:26:43.833 +07:00 [INF] HTTP OPTIONS /api/v1/codes/by-code/LOAI_MANG_GIAM_SAT => 204 in 25.4661 ms CorrelationId=2555f004549841e1a6b5bea65d4f9308 UserId=anonymous
2026-05-06 14:26:43.837 +07:00 [INF] HTTP OPTIONS /api/v1/codes/by-code/THUC_TRANG_GIAM_SAT => 204 in 12.8283 ms CorrelationId=524bd741742d4a8197082d0b234d2c10 UserId=anonymous
2026-05-06 14:26:43.851 +07:00 [INF] HTTP OPTIONS /api/v1/don-vi/2001 responded 204 in 76.2980 ms
2026-05-06 14:26:43.861 +07:00 [INF] HTTP OPTIONS /api/v1/codes/by-code/LOP_GIAM_SAT responded 204 in 70.4082 ms
2026-05-06 14:26:43.874 +07:00 [INF] HTTP OPTIONS /api/v1/codes/by-code/LOAI_MANG_GIAM_SAT responded 204 in 66.8573 ms
2026-05-06 14:26:43.887 +07:00 [INF] HTTP OPTIONS /api/v1/codes/by-code/THUC_TRANG_GIAM_SAT responded 204 in 63.3347 ms
2026-05-06 14:26:43.897 +07:00 [INF] Request finished HTTP/1.1 OPTIONS http://localhost:5283/api/v1/don-vi/2001 - 204 null null 144.6089ms
2026-05-06 14:26:43.910 +07:00 [INF] Request finished HTTP/1.1 OPTIONS http://localhost:5283/api/v1/codes/by-code/LOP_GIAM_SAT - 204 null null 148.3508ms
2026-05-06 14:26:43.920 +07:00 [INF] Request finished HTTP/1.1 OPTIONS http://localhost:5283/api/v1/codes/by-code/LOAI_MANG_GIAM_SAT - 204 null null 158.329ms
2026-05-06 14:26:43.930 +07:00 [INF] Request finished HTTP/1.1 OPTIONS http://localhost:5283/api/v1/codes/by-code/THUC_TRANG_GIAM_SAT - 204 null null 167.514ms
2026-05-06 14:26:43.946 +07:00 [INF] Request starting HTTP/1.1 GET http://localhost:5283/api/v1/don-vi/2001 - null null
2026-05-06 14:26:43.964 +07:00 [INF] Request starting HTTP/1.1 GET http://localhost:5283/api/v1/codes/by-code/LOP_GIAM_SAT - null null
2026-05-06 14:26:43.982 +07:00 [INF] Request starting HTTP/1.1 GET http://localhost:5283/api/v1/codes/by-code/LOAI_MANG_GIAM_SAT - null null
2026-05-06 14:26:43.999 +07:00 [INF] Request starting HTTP/1.1 GET http://localhost:5283/api/v1/codes/by-code/THUC_TRANG_GIAM_SAT - null null
2026-05-06 14:26:44.013 +07:00 [INF] CORS policy execution successful.
2026-05-06 14:26:44.025 +07:00 [INF] CORS policy execution successful.
2026-05-06 14:26:44.039 +07:00 [INF] CORS policy execution successful.
2026-05-06 14:26:44.050 +07:00 [INF] CORS policy execution successful.
2026-05-06 14:26:44.057 +07:00 [INF] Executing endpoint 'ThucLuc.Api.Controllers.V1.DonViController.GetById (ThucLuc.Api)'
2026-05-06 14:26:44.059 +07:00 [INF] Executing endpoint 'ThucLuc.Api.Controllers.V1.CodesController.GetByCode (ThucLuc.Api)'
2026-05-06 14:26:44.063 +07:00 [INF] Executing endpoint 'ThucLuc.Api.Controllers.V1.CodesController.GetByCode (ThucLuc.Api)'
2026-05-06 14:26:44.067 +07:00 [INF] Executing endpoint 'ThucLuc.Api.Controllers.V1.CodesController.GetByCode (ThucLuc.Api)'
2026-05-06 14:26:44.074 +07:00 [INF] Route matched with {action = "GetById", controller = "DonVi"}. Executing controller action with signature System.Threading.Tasks.Task`1[Microsoft.AspNetCore.Mvc.ActionResult`1[ThucLuc.Api.Common.Models.ApiResponse`1[ThucLuc.Application.Features.DonVi.DonViDto]]] GetById(Int64, System.Threading.CancellationToken) on controller ThucLuc.Api.Controllers.V1.DonViController (ThucLuc.Api).
2026-05-06 14:26:44.079 +07:00 [INF] Route matched with {action = "GetByCode", controller = "Codes"}. Executing controller action with signature System.Threading.Tasks.Task`1[Microsoft.AspNetCore.Mvc.ActionResult`1[ThucLuc.Api.Common.Models.ApiResponse`1[ThucLuc.Application.Features.Codes.CodeDto]]] GetByCode(System.String, System.Threading.CancellationToken) on controller ThucLuc.Api.Controllers.V1.CodesController (ThucLuc.Api).
2026-05-06 14:26:44.083 +07:00 [INF] Route matched with {action = "GetByCode", controller = "Codes"}. Executing controller action with signature System.Threading.Tasks.Task`1[Microsoft.AspNetCore.Mvc.ActionResult`1[ThucLuc.Api.Common.Models.ApiResponse`1[ThucLuc.Application.Features.Codes.CodeDto]]] GetByCode(System.String, System.Threading.CancellationToken) on controller ThucLuc.Api.Controllers.V1.CodesController (ThucLuc.Api).
2026-05-06 14:26:44.090 +07:00 [INF] Route matched with {action = "GetByCode", controller = "Codes"}. Executing controller action with signature System.Threading.Tasks.Task`1[Microsoft.AspNetCore.Mvc.ActionResult`1[ThucLuc.Api.Common.Models.ApiResponse`1[ThucLuc.Application.Features.Codes.CodeDto]]] GetByCode(System.String, System.Threading.CancellationToken) on controller ThucLuc.Api.Controllers.V1.CodesController (ThucLuc.Api).
2026-05-06 14:26:44.154 +07:00 [INF] Executing OkObjectResult, writing value of type 'ThucLuc.Api.Common.Models.ApiResponse`1[[ThucLuc.Application.Features.DonVi.DonViDto, ThucLuc.Application, Version=1.0.0.0, Culture=neutral, PublicKeyToken=null]]'.
2026-05-06 14:26:44.161 +07:00 [INF] Executed action ThucLuc.Api.Controllers.V1.DonViController.GetById (ThucLuc.Api) in 61.4346ms
2026-05-06 14:26:44.161 +07:00 [INF] Executing OkObjectResult, writing value of type 'ThucLuc.Api.Common.Models.ApiResponse`1[[ThucLuc.Application.Features.Codes.CodeDto, ThucLuc.Application, Version=1.0.0.0, Culture=neutral, PublicKeyToken=null]]'.
2026-05-06 14:26:44.168 +07:00 [INF] Executed endpoint 'ThucLuc.Api.Controllers.V1.DonViController.GetById (ThucLuc.Api)'
2026-05-06 14:26:44.174 +07:00 [INF] Executing OkObjectResult, writing value of type 'ThucLuc.Api.Common.Models.ApiResponse`1[[ThucLuc.Application.Features.Codes.CodeDto, ThucLuc.Application, Version=1.0.0.0, Culture=neutral, PublicKeyToken=null]]'.
2026-05-06 14:26:44.175 +07:00 [INF] Executed action ThucLuc.Api.Controllers.V1.CodesController.GetByCode (ThucLuc.Api) in 65.1065ms
2026-05-06 14:26:44.176 +07:00 [INF] Executing OkObjectResult, writing value of type 'ThucLuc.Api.Common.Models.ApiResponse`1[[ThucLuc.Application.Features.Codes.CodeDto, ThucLuc.Application, Version=1.0.0.0, Culture=neutral, PublicKeyToken=null]]'.
2026-05-06 14:26:44.179 +07:00 [INF] HTTP GET /api/v1/don-vi/2001 => 200 in 166.3099 ms CorrelationId=ee236b8d8a324748bd225dd63fcfe96f UserId=5001
2026-05-06 14:26:44.186 +07:00 [INF] Executed action ThucLuc.Api.Controllers.V1.CodesController.GetByCode (ThucLuc.Api) in 65.2799ms
2026-05-06 14:26:44.191 +07:00 [INF] Executed endpoint 'ThucLuc.Api.Controllers.V1.CodesController.GetByCode (ThucLuc.Api)'
2026-05-06 14:26:44.198 +07:00 [INF] Executed action ThucLuc.Api.Controllers.V1.CodesController.GetByCode (ThucLuc.Api) in 68.9451ms
2026-05-06 14:26:44.208 +07:00 [INF] HTTP GET /api/v1/don-vi/2001 responded 200 in 194.9986 ms
2026-05-06 14:26:44.212 +07:00 [INF] Executed endpoint 'ThucLuc.Api.Controllers.V1.CodesController.GetByCode (ThucLuc.Api)'
2026-05-06 14:26:44.216 +07:00 [INF] HTTP GET /api/v1/codes/by-code/LOP_GIAM_SAT => 200 in 191.5964 ms CorrelationId=ded317a06f34466d92f65bc154b23e54 UserId=5001
2026-05-06 14:26:44.224 +07:00 [INF] Executed endpoint 'ThucLuc.Api.Controllers.V1.CodesController.GetByCode (ThucLuc.Api)'
2026-05-06 14:26:44.231 +07:00 [INF] Request finished HTTP/1.1 GET http://localhost:5283/api/v1/don-vi/2001 - 200 null application/json; charset=utf-8 285.014ms
2026-05-06 14:26:44.234 +07:00 [INF] HTTP GET /api/v1/codes/by-code/LOAI_MANG_GIAM_SAT => 200 in 195.6827 ms CorrelationId=d6a0103acb0a4ef7bf191a655b284d9f UserId=5001
2026-05-06 14:26:44.244 +07:00 [INF] HTTP GET /api/v1/codes/by-code/LOP_GIAM_SAT responded 200 in 219.3354 ms
2026-05-06 14:26:44.248 +07:00 [INF] HTTP GET /api/v1/codes/by-code/THUC_TRANG_GIAM_SAT => 200 in 197.7566 ms CorrelationId=ba66d33a44c6471eb071b025e1de50ff UserId=5001
2026-05-06 14:26:44.271 +07:00 [INF] HTTP GET /api/v1/codes/by-code/LOAI_MANG_GIAM_SAT responded 200 in 232.0610 ms
2026-05-06 14:26:44.279 +07:00 [INF] Request finished HTTP/1.1 GET http://localhost:5283/api/v1/codes/by-code/LOP_GIAM_SAT - 200 null application/json; charset=utf-8 314.4632ms
2026-05-06 14:26:44.290 +07:00 [INF] HTTP GET /api/v1/codes/by-code/THUC_TRANG_GIAM_SAT responded 200 in 239.6944 ms
2026-05-06 14:26:44.297 +07:00 [INF] Request finished HTTP/1.1 GET http://localhost:5283/api/v1/codes/by-code/LOAI_MANG_GIAM_SAT - 200 null application/json; charset=utf-8 315.0508ms
2026-05-06 14:26:44.319 +07:00 [INF] Request finished HTTP/1.1 GET http://localhost:5283/api/v1/codes/by-code/THUC_TRANG_GIAM_SAT - 200 null application/json; charset=utf-8 320.3261ms
2026-05-06 14:26:44.350 +07:00 [INF] Request starting HTTP/1.1 OPTIONS http://localhost:5283/api/v1/giam-sat-soc?donViId=2002 - null null
2026-05-06 14:26:44.365 +07:00 [INF] CORS policy execution successful.
2026-05-06 14:26:44.369 +07:00 [INF] HTTP OPTIONS /api/v1/giam-sat-soc => 204 in 3.5563 ms CorrelationId=53f285c156df45c98feeadfcc39bcb10 UserId=anonymous
2026-05-06 14:26:44.380 +07:00 [INF] HTTP OPTIONS /api/v1/giam-sat-soc responded 204 in 15.4191 ms
2026-05-06 14:26:44.388 +07:00 [INF] Request finished HTTP/1.1 OPTIONS http://localhost:5283/api/v1/giam-sat-soc?donViId=2002 - 204 null null 38.185ms
2026-05-06 14:26:44.401 +07:00 [INF] Request starting HTTP/1.1 GET http://localhost:5283/api/v1/giam-sat-soc?donViId=2002 - null null
2026-05-06 14:26:44.411 +07:00 [INF] CORS policy execution successful.
2026-05-06 14:26:44.415 +07:00 [INF] Executing endpoint 'ThucLuc.Api.Controllers.V1.GiamSatSocController.GetAll (ThucLuc.Api)'
2026-05-06 14:26:44.419 +07:00 [INF] Route matched with {action = "GetAll", controller = "GiamSatSoc"}. Executing controller action with signature System.Threading.Tasks.Task`1[Microsoft.AspNetCore.Mvc.ActionResult`1[ThucLuc.Api.Common.Models.ApiResponse`1[System.Collections.Generic.IReadOnlyCollection`1[ThucLuc.Application.Features.GiamSatSoc.GiamSatSocDto]]]] GetAll(ThucLuc.Application.Features.GiamSatSoc.GiamSatSocQuery, System.Threading.CancellationToken) on controller ThucLuc.Api.Controllers.V1.GiamSatSocController (ThucLuc.Api).
2026-05-06 14:26:44.477 +07:00 [INF] Executing OkObjectResult, writing value of type 'ThucLuc.Api.Common.Models.ApiResponse`1[[System.Collections.Generic.IReadOnlyCollection`1[[ThucLuc.Application.Features.GiamSatSoc.GiamSatSocDto, ThucLuc.Application, Version=1.0.0.0, Culture=neutral, PublicKeyToken=null]], System.Private.CoreLib, Version=8.0.0.0, Culture=neutral, PublicKeyToken=7cec85d7bea7798e]]'.
2026-05-06 14:26:44.482 +07:00 [INF] Executed action ThucLuc.Api.Controllers.V1.GiamSatSocController.GetAll (ThucLuc.Api) in 55.8915ms
2026-05-06 14:26:44.490 +07:00 [INF] Executed endpoint 'ThucLuc.Api.Controllers.V1.GiamSatSocController.GetAll (ThucLuc.Api)'
2026-05-06 14:26:44.496 +07:00 [INF] HTTP GET /api/v1/giam-sat-soc => 200 in 84.9935 ms CorrelationId=248324bfa5a84a0abb5f10bb055a1f22 UserId=5001
2026-05-06 14:26:44.509 +07:00 [INF] HTTP GET /api/v1/giam-sat-soc responded 200 in 98.0722 ms
2026-05-06 14:26:44.518 +07:00 [INF] Request finished HTTP/1.1 GET http://localhost:5283/api/v1/giam-sat-soc?donViId=2002 - 200 null application/json; charset=utf-8 117.0805ms
2026-05-06 14:28:36.555 +07:00 [INF] Request starting HTTP/1.1 OPTIONS http://localhost:5283/api/v1/don-vi/2001 - null null
2026-05-06 14:28:36.559 +07:00 [INF] Request starting HTTP/1.1 OPTIONS http://localhost:5283/api/v1/codes/by-code/LOAI_MANG_GIAM_SAT - null null
2026-05-06 14:28:36.559 +07:00 [INF] Request starting HTTP/1.1 OPTIONS http://localhost:5283/api/v1/codes/by-code/LOP_GIAM_SAT - null null
2026-05-06 14:28:36.559 +07:00 [INF] Request starting HTTP/1.1 OPTIONS http://localhost:5283/api/v1/codes/by-code/THUC_TRANG_GIAM_SAT - null null
2026-05-06 14:28:36.559 +07:00 [INF] CORS policy execution successful.
2026-05-06 14:28:36.563 +07:00 [INF] CORS policy execution successful.
2026-05-06 14:28:36.569 +07:00 [INF] CORS policy execution successful.
2026-05-06 14:28:36.573 +07:00 [INF] CORS policy execution successful.
2026-05-06 14:28:36.574 +07:00 [INF] HTTP OPTIONS /api/v1/don-vi/2001 => 204 in 14.7166 ms CorrelationId=0fda387f2f3a4993b2a07983e3a4ae13 UserId=anonymous
2026-05-06 14:28:36.575 +07:00 [INF] HTTP OPTIONS /api/v1/codes/by-code/LOAI_MANG_GIAM_SAT => 204 in 11.6922 ms CorrelationId=afdb20082ac24462b605da838af1ed2c UserId=anonymous
2026-05-06 14:28:36.577 +07:00 [INF] HTTP OPTIONS /api/v1/codes/by-code/LOP_GIAM_SAT => 204 in 7.5723 ms CorrelationId=4783a9c331124a889e23da4dd3c22ec0 UserId=anonymous
2026-05-06 14:28:36.578 +07:00 [INF] HTTP OPTIONS /api/v1/codes/by-code/THUC_TRANG_GIAM_SAT => 204 in 4.842 ms CorrelationId=07c80bd7385f429d9432bc885066e06b UserId=anonymous
2026-05-06 14:28:36.581 +07:00 [INF] HTTP OPTIONS /api/v1/don-vi/2001 responded 204 in 21.8681 ms
2026-05-06 14:28:36.584 +07:00 [INF] HTTP OPTIONS /api/v1/codes/by-code/LOAI_MANG_GIAM_SAT responded 204 in 20.7851 ms
2026-05-06 14:28:36.597 +07:00 [INF] Request finished HTTP/1.1 OPTIONS http://localhost:5283/api/v1/codes/by-code/LOAI_MANG_GIAM_SAT - 204 null null 38.2944ms
2026-05-06 14:28:36.591 +07:00 [INF] HTTP OPTIONS /api/v1/codes/by-code/THUC_TRANG_GIAM_SAT responded 204 in 18.4859 ms
2026-05-06 14:28:36.594 +07:00 [INF] Request finished HTTP/1.1 OPTIONS http://localhost:5283/api/v1/don-vi/2001 - 204 null null 38.6941ms
2026-05-06 14:28:36.588 +07:00 [INF] HTTP OPTIONS /api/v1/codes/by-code/LOP_GIAM_SAT responded 204 in 18.6046 ms
2026-05-06 14:28:36.606 +07:00 [INF] Request starting HTTP/1.1 GET http://localhost:5283/api/v1/codes/by-code/LOAI_MANG_GIAM_SAT - null null
2026-05-06 14:28:36.610 +07:00 [INF] Request finished HTTP/1.1 OPTIONS http://localhost:5283/api/v1/codes/by-code/THUC_TRANG_GIAM_SAT - 204 null null 50.9259ms
2026-05-06 14:28:36.616 +07:00 [INF] Request starting HTTP/1.1 GET http://localhost:5283/api/v1/don-vi/2001 - null null
2026-05-06 14:28:36.619 +07:00 [INF] Request finished HTTP/1.1 OPTIONS http://localhost:5283/api/v1/codes/by-code/LOP_GIAM_SAT - 204 null null 60.4153ms
2026-05-06 14:28:36.623 +07:00 [INF] CORS policy execution successful.
2026-05-06 14:28:36.631 +07:00 [INF] Request starting HTTP/1.1 GET http://localhost:5283/api/v1/codes/by-code/THUC_TRANG_GIAM_SAT - null null
2026-05-06 14:28:36.636 +07:00 [INF] CORS policy execution successful.
2026-05-06 14:28:36.643 +07:00 [INF] Request starting HTTP/1.1 GET http://localhost:5283/api/v1/codes/by-code/LOP_GIAM_SAT - null null
2026-05-06 14:28:36.645 +07:00 [INF] Executing endpoint 'ThucLuc.Api.Controllers.V1.CodesController.GetByCode (ThucLuc.Api)'
2026-05-06 14:28:36.651 +07:00 [INF] CORS policy execution successful.
2026-05-06 14:28:36.652 +07:00 [INF] Executing endpoint 'ThucLuc.Api.Controllers.V1.DonViController.GetById (ThucLuc.Api)'
2026-05-06 14:28:36.658 +07:00 [INF] CORS policy execution successful.
2026-05-06 14:28:36.661 +07:00 [INF] Route matched with {action = "GetByCode", controller = "Codes"}. Executing controller action with signature System.Threading.Tasks.Task`1[Microsoft.AspNetCore.Mvc.ActionResult`1[ThucLuc.Api.Common.Models.ApiResponse`1[ThucLuc.Application.Features.Codes.CodeDto]]] GetByCode(System.String, System.Threading.CancellationToken) on controller ThucLuc.Api.Controllers.V1.CodesController (ThucLuc.Api).
2026-05-06 14:28:36.663 +07:00 [INF] Executing endpoint 'ThucLuc.Api.Controllers.V1.CodesController.GetByCode (ThucLuc.Api)'
2026-05-06 14:28:36.665 +07:00 [INF] Route matched with {action = "GetById", controller = "DonVi"}. Executing controller action with signature System.Threading.Tasks.Task`1[Microsoft.AspNetCore.Mvc.ActionResult`1[ThucLuc.Api.Common.Models.ApiResponse`1[ThucLuc.Application.Features.DonVi.DonViDto]]] GetById(Int64, System.Threading.CancellationToken) on controller ThucLuc.Api.Controllers.V1.DonViController (ThucLuc.Api).
2026-05-06 14:28:36.668 +07:00 [INF] Executing endpoint 'ThucLuc.Api.Controllers.V1.CodesController.GetByCode (ThucLuc.Api)'
2026-05-06 14:28:36.674 +07:00 [INF] Route matched with {action = "GetByCode", controller = "Codes"}. Executing controller action with signature System.Threading.Tasks.Task`1[Microsoft.AspNetCore.Mvc.ActionResult`1[ThucLuc.Api.Common.Models.ApiResponse`1[ThucLuc.Application.Features.Codes.CodeDto]]] GetByCode(System.String, System.Threading.CancellationToken) on controller ThucLuc.Api.Controllers.V1.CodesController (ThucLuc.Api).
2026-05-06 14:28:36.681 +07:00 [INF] Route matched with {action = "GetByCode", controller = "Codes"}. Executing controller action with signature System.Threading.Tasks.Task`1[Microsoft.AspNetCore.Mvc.ActionResult`1[ThucLuc.Api.Common.Models.ApiResponse`1[ThucLuc.Application.Features.Codes.CodeDto]]] GetByCode(System.String, System.Threading.CancellationToken) on controller ThucLuc.Api.Controllers.V1.CodesController (ThucLuc.Api).
2026-05-06 14:28:36.722 +07:00 [INF] Executing OkObjectResult, writing value of type 'ThucLuc.Api.Common.Models.ApiResponse`1[[ThucLuc.Application.Features.Codes.CodeDto, ThucLuc.Application, Version=1.0.0.0, Culture=neutral, PublicKeyToken=null]]'.
2026-05-06 14:28:36.725 +07:00 [INF] Executed action ThucLuc.Api.Controllers.V1.CodesController.GetByCode (ThucLuc.Api) in 54.0386ms
2026-05-06 14:28:36.726 +07:00 [INF] Executing OkObjectResult, writing value of type 'ThucLuc.Api.Common.Models.ApiResponse`1[[ThucLuc.Application.Features.DonVi.DonViDto, ThucLuc.Application, Version=1.0.0.0, Culture=neutral, PublicKeyToken=null]]'.
2026-05-06 14:28:36.729 +07:00 [INF] Executed endpoint 'ThucLuc.Api.Controllers.V1.CodesController.GetByCode (ThucLuc.Api)'
2026-05-06 14:28:36.732 +07:00 [INF] Executed action ThucLuc.Api.Controllers.V1.DonViController.GetById (ThucLuc.Api) in 53.7735ms
2026-05-06 14:28:36.734 +07:00 [INF] Executing OkObjectResult, writing value of type 'ThucLuc.Api.Common.Models.ApiResponse`1[[ThucLuc.Application.Features.Codes.CodeDto, ThucLuc.Application, Version=1.0.0.0, Culture=neutral, PublicKeyToken=null]]'.
2026-05-06 14:28:36.734 +07:00 [INF] HTTP GET /api/v1/codes/by-code/LOAI_MANG_GIAM_SAT => 200 in 110.8353 ms CorrelationId=d892c11a2a00409c9fafe5768c3eeefc UserId=5001
2026-05-06 14:28:36.736 +07:00 [INF] Executed endpoint 'ThucLuc.Api.Controllers.V1.DonViController.GetById (ThucLuc.Api)'
2026-05-06 14:28:36.737 +07:00 [INF] Executing OkObjectResult, writing value of type 'ThucLuc.Api.Common.Models.ApiResponse`1[[ThucLuc.Application.Features.Codes.CodeDto, ThucLuc.Application, Version=1.0.0.0, Culture=neutral, PublicKeyToken=null]]'.
2026-05-06 14:28:36.738 +07:00 [INF] Executed action ThucLuc.Api.Controllers.V1.CodesController.GetByCode (ThucLuc.Api) in 54.575ms
2026-05-06 14:28:36.743 +07:00 [INF] HTTP GET /api/v1/codes/by-code/LOAI_MANG_GIAM_SAT responded 200 in 119.7093 ms
2026-05-06 14:28:36.745 +07:00 [INF] HTTP GET /api/v1/don-vi/2001 => 200 in 109.4635 ms CorrelationId=482dbd8fd19b4c7f8010cfde1c069b48 UserId=5001
2026-05-06 14:28:36.749 +07:00 [INF] Executed action ThucLuc.Api.Controllers.V1.CodesController.GetByCode (ThucLuc.Api) in 59.085ms
2026-05-06 14:28:36.751 +07:00 [INF] Executed endpoint 'ThucLuc.Api.Controllers.V1.CodesController.GetByCode (ThucLuc.Api)'
2026-05-06 14:28:36.754 +07:00 [INF] Request finished HTTP/1.1 GET http://localhost:5283/api/v1/codes/by-code/LOAI_MANG_GIAM_SAT - 200 null application/json; charset=utf-8 148.8457ms
2026-05-06 14:28:36.759 +07:00 [INF] HTTP GET /api/v1/don-vi/2001 responded 200 in 123.0267 ms
2026-05-06 14:28:36.761 +07:00 [INF] Executed endpoint 'ThucLuc.Api.Controllers.V1.CodesController.GetByCode (ThucLuc.Api)'
2026-05-06 14:28:36.764 +07:00 [INF] HTTP GET /api/v1/codes/by-code/THUC_TRANG_GIAM_SAT => 200 in 113.3384 ms CorrelationId=9898b09ce049437fbb0658f505a89a35 UserId=5001
2026-05-06 14:28:36.775 +07:00 [INF] Request finished HTTP/1.1 GET http://localhost:5283/api/v1/don-vi/2001 - 200 null application/json; charset=utf-8 159.155ms
2026-05-06 14:28:36.780 +07:00 [INF] HTTP GET /api/v1/codes/by-code/LOP_GIAM_SAT => 200 in 121.9317 ms CorrelationId=ace426a7e4244323ac3eed0559cde9df UserId=5001
2026-05-06 14:28:36.785 +07:00 [INF] HTTP GET /api/v1/codes/by-code/THUC_TRANG_GIAM_SAT responded 200 in 133.9738 ms
2026-05-06 14:28:36.793 +07:00 [INF] HTTP GET /api/v1/codes/by-code/LOP_GIAM_SAT responded 200 in 135.5340 ms
2026-05-06 14:28:36.797 +07:00 [INF] Request finished HTTP/1.1 GET http://localhost:5283/api/v1/codes/by-code/THUC_TRANG_GIAM_SAT - 200 null application/json; charset=utf-8 166.5052ms
2026-05-06 14:28:36.801 +07:00 [INF] Request finished HTTP/1.1 GET http://localhost:5283/api/v1/codes/by-code/LOP_GIAM_SAT - 200 null application/json; charset=utf-8 158.593ms
2026-05-06 14:28:36.818 +07:00 [INF] Request starting HTTP/1.1 OPTIONS http://localhost:5283/api/v1/giam-sat-soc?donViId=2002 - null null
2026-05-06 14:28:36.824 +07:00 [INF] CORS policy execution successful.
2026-05-06 14:28:36.826 +07:00 [INF] HTTP OPTIONS /api/v1/giam-sat-soc => 204 in 1.9686 ms CorrelationId=7320fb59e7204525bb33688917f56587 UserId=anonymous
2026-05-06 14:28:36.831 +07:00 [INF] HTTP OPTIONS /api/v1/giam-sat-soc responded 204 in 7.2525 ms
2026-05-06 14:28:36.836 +07:00 [INF] Request finished HTTP/1.1 OPTIONS http://localhost:5283/api/v1/giam-sat-soc?donViId=2002 - 204 null null 18.4115ms
2026-05-06 14:28:36.844 +07:00 [INF] Request starting HTTP/1.1 GET http://localhost:5283/api/v1/giam-sat-soc?donViId=2002 - null null
2026-05-06 14:28:36.850 +07:00 [INF] CORS policy execution successful.
2026-05-06 14:28:36.852 +07:00 [INF] Executing endpoint 'ThucLuc.Api.Controllers.V1.GiamSatSocController.GetAll (ThucLuc.Api)'
2026-05-06 14:28:36.855 +07:00 [INF] Route matched with {action = "GetAll", controller = "GiamSatSoc"}. Executing controller action with signature System.Threading.Tasks.Task`1[Microsoft.AspNetCore.Mvc.ActionResult`1[ThucLuc.Api.Common.Models.ApiResponse`1[System.Collections.Generic.IReadOnlyCollection`1[ThucLuc.Application.Features.GiamSatSoc.GiamSatSocDto]]]] GetAll(ThucLuc.Application.Features.GiamSatSoc.GiamSatSocQuery, System.Threading.CancellationToken) on controller ThucLuc.Api.Controllers.V1.GiamSatSocController (ThucLuc.Api).
2026-05-06 14:28:36.908 +07:00 [INF] Executing OkObjectResult, writing value of type 'ThucLuc.Api.Common.Models.ApiResponse`1[[System.Collections.Generic.IReadOnlyCollection`1[[ThucLuc.Application.Features.GiamSatSoc.GiamSatSocDto, ThucLuc.Application, Version=1.0.0.0, Culture=neutral, PublicKeyToken=null]], System.Private.CoreLib, Version=8.0.0.0, Culture=neutral, PublicKeyToken=7cec85d7bea7798e]]'.
2026-05-06 14:28:36.914 +07:00 [INF] Executed action ThucLuc.Api.Controllers.V1.GiamSatSocController.GetAll (ThucLuc.Api) in 54.4119ms
2026-05-06 14:28:36.919 +07:00 [INF] Executed endpoint 'ThucLuc.Api.Controllers.V1.GiamSatSocController.GetAll (ThucLuc.Api)'
2026-05-06 14:28:36.923 +07:00 [INF] HTTP GET /api/v1/giam-sat-soc => 200 in 73.4676 ms CorrelationId=224e7410a47b4908bde9590e45fc059c UserId=5001
2026-05-06 14:28:36.930 +07:00 [INF] HTTP GET /api/v1/giam-sat-soc responded 200 in 80.5107 ms
2026-05-06 14:28:36.938 +07:00 [INF] Request finished HTTP/1.1 GET http://localhost:5283/api/v1/giam-sat-soc?donViId=2002 - 200 null application/json; charset=utf-8 93.9559ms
2026-05-06 14:33:12.297 +07:00 [INF] Request starting HTTP/1.1 OPTIONS http://localhost:5283/api/v1/don-vi/2001 - null null
2026-05-06 14:33:12.300 +07:00 [INF] Request starting HTTP/1.1 OPTIONS http://localhost:5283/api/v1/codes/by-code/LOAI_MANG_GIAM_SAT - null null
2026-05-06 14:33:12.335 +07:00 [INF] CORS policy execution successful.
2026-05-06 14:33:12.301 +07:00 [INF] Request starting HTTP/1.1 OPTIONS http://localhost:5283/api/v1/codes/by-code/THUC_TRANG_GIAM_SAT - null null
2026-05-06 14:33:12.311 +07:00 [INF] CORS policy execution successful.
2026-05-06 14:33:12.300 +07:00 [INF] Request starting HTTP/1.1 OPTIONS http://localhost:5283/api/v1/codes/by-code/LOP_GIAM_SAT - null null
2026-05-06 14:33:12.341 +07:00 [INF] HTTP OPTIONS /api/v1/codes/by-code/LOAI_MANG_GIAM_SAT => 204 in 5.2654 ms CorrelationId=ff6b1e9483184ca0b80f63d8fa63d57d UserId=anonymous
2026-05-06 14:33:12.356 +07:00 [INF] CORS policy execution successful.
2026-05-06 14:33:12.357 +07:00 [INF] HTTP OPTIONS /api/v1/don-vi/2001 => 204 in 46.0822 ms CorrelationId=1c054a74aa734442a52828a74cc55c56 UserId=anonymous
2026-05-06 14:33:12.364 +07:00 [INF] CORS policy execution successful.
2026-05-06 14:33:12.391 +07:00 [INF] HTTP OPTIONS /api/v1/codes/by-code/LOP_GIAM_SAT => 204 in 27.3734 ms CorrelationId=da6a2a11b8a444fa87b21e3bfefe7972 UserId=anonymous
2026-05-06 14:33:12.379 +07:00 [INF] HTTP OPTIONS /api/v1/codes/by-code/THUC_TRANG_GIAM_SAT => 204 in 23.1312 ms CorrelationId=b4b661a475e84ee5bf5c36e97f87ffac UserId=anonymous
2026-05-06 14:33:12.388 +07:00 [INF] HTTP OPTIONS /api/v1/don-vi/2001 responded 204 in 77.2058 ms
2026-05-06 14:33:12.375 +07:00 [INF] HTTP OPTIONS /api/v1/codes/by-code/LOAI_MANG_GIAM_SAT responded 204 in 39.5119 ms
2026-05-06 14:33:12.407 +07:00 [INF] HTTP OPTIONS /api/v1/codes/by-code/LOP_GIAM_SAT responded 204 in 43.8071 ms
2026-05-06 14:33:12.419 +07:00 [INF] HTTP OPTIONS /api/v1/codes/by-code/THUC_TRANG_GIAM_SAT responded 204 in 63.3931 ms
2026-05-06 14:33:12.425 +07:00 [INF] Request finished HTTP/1.1 OPTIONS http://localhost:5283/api/v1/don-vi/2001 - 204 null null 128.5308ms
2026-05-06 14:33:12.440 +07:00 [INF] Request finished HTTP/1.1 OPTIONS http://localhost:5283/api/v1/codes/by-code/LOAI_MANG_GIAM_SAT - 204 null null 139.416ms
2026-05-06 14:33:12.445 +07:00 [INF] Request finished HTTP/1.1 OPTIONS http://localhost:5283/api/v1/codes/by-code/LOP_GIAM_SAT - 204 null null 144.3476ms
2026-05-06 14:33:12.450 +07:00 [INF] Request finished HTTP/1.1 OPTIONS http://localhost:5283/api/v1/codes/by-code/THUC_TRANG_GIAM_SAT - 204 null null 148.4177ms
2026-05-06 14:33:12.462 +07:00 [INF] Request starting HTTP/1.1 GET http://localhost:5283/api/v1/don-vi/2001 - null null
2026-05-06 14:33:12.466 +07:00 [INF] Request starting HTTP/1.1 GET http://localhost:5283/api/v1/codes/by-code/LOAI_MANG_GIAM_SAT - null null
2026-05-06 14:33:12.475 +07:00 [INF] Request starting HTTP/1.1 GET http://localhost:5283/api/v1/codes/by-code/LOP_GIAM_SAT - null null
2026-05-06 14:33:12.483 +07:00 [INF] Request starting HTTP/1.1 GET http://localhost:5283/api/v1/codes/by-code/THUC_TRANG_GIAM_SAT - null null
2026-05-06 14:33:12.489 +07:00 [INF] CORS policy execution successful.
2026-05-06 14:33:12.497 +07:00 [INF] CORS policy execution successful.
2026-05-06 14:33:12.504 +07:00 [INF] CORS policy execution successful.
2026-05-06 14:33:12.511 +07:00 [INF] CORS policy execution successful.
2026-05-06 14:33:12.513 +07:00 [INF] Executing endpoint 'ThucLuc.Api.Controllers.V1.DonViController.GetById (ThucLuc.Api)'
2026-05-06 14:33:12.515 +07:00 [INF] Executing endpoint 'ThucLuc.Api.Controllers.V1.CodesController.GetByCode (ThucLuc.Api)'
2026-05-06 14:33:12.516 +07:00 [INF] Executing endpoint 'ThucLuc.Api.Controllers.V1.CodesController.GetByCode (ThucLuc.Api)'
2026-05-06 14:33:12.518 +07:00 [INF] Executing endpoint 'ThucLuc.Api.Controllers.V1.CodesController.GetByCode (ThucLuc.Api)'
2026-05-06 14:33:12.521 +07:00 [INF] Route matched with {action = "GetById", controller = "DonVi"}. Executing controller action with signature System.Threading.Tasks.Task`1[Microsoft.AspNetCore.Mvc.ActionResult`1[ThucLuc.Api.Common.Models.ApiResponse`1[ThucLuc.Application.Features.DonVi.DonViDto]]] GetById(Int64, System.Threading.CancellationToken) on controller ThucLuc.Api.Controllers.V1.DonViController (ThucLuc.Api).
2026-05-06 14:33:12.524 +07:00 [INF] Route matched with {action = "GetByCode", controller = "Codes"}. Executing controller action with signature System.Threading.Tasks.Task`1[Microsoft.AspNetCore.Mvc.ActionResult`1[ThucLuc.Api.Common.Models.ApiResponse`1[ThucLuc.Application.Features.Codes.CodeDto]]] GetByCode(System.String, System.Threading.CancellationToken) on controller ThucLuc.Api.Controllers.V1.CodesController (ThucLuc.Api).
2026-05-06 14:33:12.526 +07:00 [INF] Route matched with {action = "GetByCode", controller = "Codes"}. Executing controller action with signature System.Threading.Tasks.Task`1[Microsoft.AspNetCore.Mvc.ActionResult`1[ThucLuc.Api.Common.Models.ApiResponse`1[ThucLuc.Application.Features.Codes.CodeDto]]] GetByCode(System.String, System.Threading.CancellationToken) on controller ThucLuc.Api.Controllers.V1.CodesController (ThucLuc.Api).
2026-05-06 14:33:12.529 +07:00 [INF] Route matched with {action = "GetByCode", controller = "Codes"}. Executing controller action with signature System.Threading.Tasks.Task`1[Microsoft.AspNetCore.Mvc.ActionResult`1[ThucLuc.Api.Common.Models.ApiResponse`1[ThucLuc.Application.Features.Codes.CodeDto]]] GetByCode(System.String, System.Threading.CancellationToken) on controller ThucLuc.Api.Controllers.V1.CodesController (ThucLuc.Api).
2026-05-06 14:33:12.583 +07:00 [INF] Executing OkObjectResult, writing value of type 'ThucLuc.Api.Common.Models.ApiResponse`1[[ThucLuc.Application.Features.DonVi.DonViDto, ThucLuc.Application, Version=1.0.0.0, Culture=neutral, PublicKeyToken=null]]'.
2026-05-06 14:33:12.586 +07:00 [INF] Executing OkObjectResult, writing value of type 'ThucLuc.Api.Common.Models.ApiResponse`1[[ThucLuc.Application.Features.Codes.CodeDto, ThucLuc.Application, Version=1.0.0.0, Culture=neutral, PublicKeyToken=null]]'.
2026-05-06 14:33:12.586 +07:00 [INF] Executed action ThucLuc.Api.Controllers.V1.DonViController.GetById (ThucLuc.Api) in 53.4195ms
2026-05-06 14:33:12.592 +07:00 [INF] Executed action ThucLuc.Api.Controllers.V1.CodesController.GetByCode (ThucLuc.Api) in 54.4152ms
2026-05-06 14:33:12.592 +07:00 [INF] Executing OkObjectResult, writing value of type 'ThucLuc.Api.Common.Models.ApiResponse`1[[ThucLuc.Application.Features.Codes.CodeDto, ThucLuc.Application, Version=1.0.0.0, Culture=neutral, PublicKeyToken=null]]'.
2026-05-06 14:33:12.592 +07:00 [INF] Executing OkObjectResult, writing value of type 'ThucLuc.Api.Common.Models.ApiResponse`1[[ThucLuc.Application.Features.Codes.CodeDto, ThucLuc.Application, Version=1.0.0.0, Culture=neutral, PublicKeyToken=null]]'.
2026-05-06 14:33:12.593 +07:00 [INF] Executed endpoint 'ThucLuc.Api.Controllers.V1.DonViController.GetById (ThucLuc.Api)'
2026-05-06 14:33:12.595 +07:00 [INF] Executed endpoint 'ThucLuc.Api.Controllers.V1.CodesController.GetByCode (ThucLuc.Api)'
2026-05-06 14:33:12.597 +07:00 [INF] Executed action ThucLuc.Api.Controllers.V1.CodesController.GetByCode (ThucLuc.Api) in 54.3166ms
2026-05-06 14:33:12.600 +07:00 [INF] Executed action ThucLuc.Api.Controllers.V1.CodesController.GetByCode (ThucLuc.Api) in 54.702ms
2026-05-06 14:33:12.602 +07:00 [INF] HTTP GET /api/v1/don-vi/2001 => 200 in 112.8793 ms CorrelationId=eb5e13c3da17420099b6cecae4c60560 UserId=5001
2026-05-06 14:33:12.604 +07:00 [INF] HTTP GET /api/v1/codes/by-code/LOAI_MANG_GIAM_SAT => 200 in 107.3544 ms CorrelationId=a7a2aed7be7e4cb1abbcaef7efcaf283 UserId=5001
2026-05-06 14:33:12.613 +07:00 [INF] Executed endpoint 'ThucLuc.Api.Controllers.V1.CodesController.GetByCode (ThucLuc.Api)'
2026-05-06 14:33:12.624 +07:00 [INF] Executed endpoint 'ThucLuc.Api.Controllers.V1.CodesController.GetByCode (ThucLuc.Api)'
2026-05-06 14:33:12.635 +07:00 [INF] HTTP GET /api/v1/don-vi/2001 responded 200 in 146.1335 ms
2026-05-06 14:33:12.640 +07:00 [INF] HTTP GET /api/v1/codes/by-code/LOAI_MANG_GIAM_SAT responded 200 in 143.0139 ms
2026-05-06 14:33:12.643 +07:00 [INF] HTTP GET /api/v1/codes/by-code/LOP_GIAM_SAT => 200 in 138.9706 ms CorrelationId=43d0317c8f204d05a1fdd8343c476b30 UserId=5001
2026-05-06 14:33:12.645 +07:00 [INF] HTTP GET /api/v1/codes/by-code/THUC_TRANG_GIAM_SAT => 200 in 134.0029 ms CorrelationId=368c0c9c60c443b5b8a345c408961fc5 UserId=5001
2026-05-06 14:33:12.651 +07:00 [INF] Request finished HTTP/1.1 GET http://localhost:5283/api/v1/don-vi/2001 - 200 null application/json; charset=utf-8 189.3062ms
2026-05-06 14:33:12.657 +07:00 [INF] Request finished HTTP/1.1 GET http://localhost:5283/api/v1/codes/by-code/LOAI_MANG_GIAM_SAT - 200 null application/json; charset=utf-8 190.877ms
2026-05-06 14:33:12.662 +07:00 [INF] HTTP GET /api/v1/codes/by-code/LOP_GIAM_SAT responded 200 in 157.8929 ms
2026-05-06 14:33:12.665 +07:00 [INF] HTTP GET /api/v1/codes/by-code/THUC_TRANG_GIAM_SAT responded 200 in 154.7014 ms
2026-05-06 14:33:12.685 +07:00 [INF] Request finished HTTP/1.1 GET http://localhost:5283/api/v1/codes/by-code/LOP_GIAM_SAT - 200 null application/json; charset=utf-8 210.1064ms
2026-05-06 14:33:12.691 +07:00 [INF] Request finished HTTP/1.1 GET http://localhost:5283/api/v1/codes/by-code/THUC_TRANG_GIAM_SAT - 200 null application/json; charset=utf-8 208.1562ms
2026-05-06 14:33:12.706 +07:00 [INF] Request starting HTTP/1.1 OPTIONS http://localhost:5283/api/v1/giam-sat-soc?donViId=2002 - null null
2026-05-06 14:33:12.712 +07:00 [INF] CORS policy execution successful.
2026-05-06 14:33:12.713 +07:00 [INF] HTTP OPTIONS /api/v1/giam-sat-soc => 204 in 1.1464 ms CorrelationId=42b1d3b74cbb4fde8d9610e2c1284dd1 UserId=anonymous
2026-05-06 14:33:12.717 +07:00 [INF] HTTP OPTIONS /api/v1/giam-sat-soc responded 204 in 5.5706 ms
2026-05-06 14:33:12.722 +07:00 [INF] Request finished HTTP/1.1 OPTIONS http://localhost:5283/api/v1/giam-sat-soc?donViId=2002 - 204 null null 15.5586ms
2026-05-06 14:33:12.732 +07:00 [INF] Request starting HTTP/1.1 GET http://localhost:5283/api/v1/giam-sat-soc?donViId=2002 - null null
2026-05-06 14:33:12.736 +07:00 [INF] CORS policy execution successful.
2026-05-06 14:33:12.740 +07:00 [INF] Executing endpoint 'ThucLuc.Api.Controllers.V1.GiamSatSocController.GetAll (ThucLuc.Api)'
2026-05-06 14:33:12.742 +07:00 [INF] Route matched with {action = "GetAll", controller = "GiamSatSoc"}. Executing controller action with signature System.Threading.Tasks.Task`1[Microsoft.AspNetCore.Mvc.ActionResult`1[ThucLuc.Api.Common.Models.ApiResponse`1[System.Collections.Generic.IReadOnlyCollection`1[ThucLuc.Application.Features.GiamSatSoc.GiamSatSocDto]]]] GetAll(ThucLuc.Application.Features.GiamSatSoc.GiamSatSocQuery, System.Threading.CancellationToken) on controller ThucLuc.Api.Controllers.V1.GiamSatSocController (ThucLuc.Api).
2026-05-06 14:33:12.790 +07:00 [INF] Executing OkObjectResult, writing value of type 'ThucLuc.Api.Common.Models.ApiResponse`1[[System.Collections.Generic.IReadOnlyCollection`1[[ThucLuc.Application.Features.GiamSatSoc.GiamSatSocDto, ThucLuc.Application, Version=1.0.0.0, Culture=neutral, PublicKeyToken=null]], System.Private.CoreLib, Version=8.0.0.0, Culture=neutral, PublicKeyToken=7cec85d7bea7798e]]'.
2026-05-06 14:33:12.796 +07:00 [INF] Executed action ThucLuc.Api.Controllers.V1.GiamSatSocController.GetAll (ThucLuc.Api) in 50.5667ms
2026-05-06 14:33:12.800 +07:00 [INF] Executed endpoint 'ThucLuc.Api.Controllers.V1.GiamSatSocController.GetAll (ThucLuc.Api)'
2026-05-06 14:33:12.808 +07:00 [INF] HTTP GET /api/v1/giam-sat-soc => 200 in 72.2312 ms CorrelationId=1b4d07f5338f4316a56fd5b61b50b72a UserId=5001
2026-05-06 14:33:12.819 +07:00 [INF] HTTP GET /api/v1/giam-sat-soc responded 200 in 82.4670 ms
2026-05-06 14:33:12.825 +07:00 [INF] Request finished HTTP/1.1 GET http://localhost:5283/api/v1/giam-sat-soc?donViId=2002 - 200 null application/json; charset=utf-8 93.1773ms
2026-05-06 14:33:34.515 +07:00 [INF] Request starting HTTP/1.1 OPTIONS http://localhost:5283/api/v1/don-vi/2001 - null null
2026-05-06 14:33:34.518 +07:00 [INF] Request starting HTTP/1.1 OPTIONS http://localhost:5283/api/v1/codes/by-code/LOAI_MANG_GIAM_SAT - null null
2026-05-06 14:33:34.521 +07:00 [INF] Request starting HTTP/1.1 OPTIONS http://localhost:5283/api/v1/codes/by-code/LOP_GIAM_SAT - null null
2026-05-06 14:33:34.522 +07:00 [INF] Request starting HTTP/1.1 OPTIONS http://localhost:5283/api/v1/codes/by-code/THUC_TRANG_GIAM_SAT - null null
2026-05-06 14:33:34.531 +07:00 [INF] CORS policy execution successful.
2026-05-06 14:33:34.543 +07:00 [INF] CORS policy execution successful.
2026-05-06 14:33:34.673 +07:00 [INF] CORS policy execution successful.
2026-05-06 14:33:34.713 +07:00 [INF] CORS policy execution successful.
2026-05-06 14:33:34.717 +07:00 [INF] HTTP OPTIONS /api/v1/don-vi/2001 => 204 in 186.0161 ms CorrelationId=ad5cf871106845dfb1af411f5e5321c2 UserId=anonymous
2026-05-06 14:33:34.719 +07:00 [INF] HTTP OPTIONS /api/v1/codes/by-code/LOAI_MANG_GIAM_SAT => 204 in 175.8826 ms CorrelationId=1e0e50b9323547d096355c5dfe5acb2c UserId=anonymous
2026-05-06 14:33:34.721 +07:00 [INF] HTTP OPTIONS /api/v1/codes/by-code/LOP_GIAM_SAT => 204 in 48.8871 ms CorrelationId=a1c2d4c8be6d4c2794358ed3868a8571 UserId=anonymous
2026-05-06 14:33:34.723 +07:00 [INF] HTTP OPTIONS /api/v1/codes/by-code/THUC_TRANG_GIAM_SAT => 204 in 10.0452 ms CorrelationId=56cf24eaa1ee4c5dbc96e6ea3d7a18c6 UserId=anonymous
2026-05-06 14:33:34.730 +07:00 [INF] HTTP OPTIONS /api/v1/don-vi/2001 responded 204 in 199.5728 ms
2026-05-06 14:33:34.738 +07:00 [INF] HTTP OPTIONS /api/v1/codes/by-code/LOAI_MANG_GIAM_SAT responded 204 in 194.3293 ms
2026-05-06 14:33:34.743 +07:00 [INF] HTTP OPTIONS /api/v1/codes/by-code/LOP_GIAM_SAT responded 204 in 70.2108 ms
2026-05-06 14:33:34.750 +07:00 [INF] HTTP OPTIONS /api/v1/codes/by-code/THUC_TRANG_GIAM_SAT responded 204 in 36.6286 ms
2026-05-06 14:33:34.755 +07:00 [INF] Request finished HTTP/1.1 OPTIONS http://localhost:5283/api/v1/don-vi/2001 - 204 null null 240.0626ms
2026-05-06 14:33:34.761 +07:00 [INF] Request finished HTTP/1.1 OPTIONS http://localhost:5283/api/v1/codes/by-code/LOAI_MANG_GIAM_SAT - 204 null null 243.1005ms
2026-05-06 14:33:34.776 +07:00 [INF] Request finished HTTP/1.1 OPTIONS http://localhost:5283/api/v1/codes/by-code/LOP_GIAM_SAT - 204 null null 255.5235ms
2026-05-06 14:33:34.785 +07:00 [INF] Request finished HTTP/1.1 OPTIONS http://localhost:5283/api/v1/codes/by-code/THUC_TRANG_GIAM_SAT - 204 null null 263.5691ms
2026-05-06 14:33:34.799 +07:00 [INF] Request starting HTTP/1.1 GET http://localhost:5283/api/v1/don-vi/2001 - null null
2026-05-06 14:33:34.806 +07:00 [INF] Request starting HTTP/1.1 GET http://localhost:5283/api/v1/codes/by-code/LOAI_MANG_GIAM_SAT - null null
2026-05-06 14:33:34.816 +07:00 [INF] Request starting HTTP/1.1 GET http://localhost:5283/api/v1/codes/by-code/LOP_GIAM_SAT - null null
2026-05-06 14:33:34.825 +07:00 [INF] Request starting HTTP/1.1 GET http://localhost:5283/api/v1/codes/by-code/THUC_TRANG_GIAM_SAT - null null
2026-05-06 14:33:34.833 +07:00 [INF] CORS policy execution successful.
2026-05-06 14:33:34.840 +07:00 [INF] CORS policy execution successful.
2026-05-06 14:33:34.847 +07:00 [INF] CORS policy execution successful.
2026-05-06 14:33:34.856 +07:00 [INF] CORS policy execution successful.
2026-05-06 14:33:34.858 +07:00 [INF] Executing endpoint 'ThucLuc.Api.Controllers.V1.DonViController.GetById (ThucLuc.Api)'
2026-05-06 14:33:34.861 +07:00 [INF] Executing endpoint 'ThucLuc.Api.Controllers.V1.CodesController.GetByCode (ThucLuc.Api)'
2026-05-06 14:33:34.865 +07:00 [INF] Executing endpoint 'ThucLuc.Api.Controllers.V1.CodesController.GetByCode (ThucLuc.Api)'
2026-05-06 14:33:34.866 +07:00 [INF] Executing endpoint 'ThucLuc.Api.Controllers.V1.CodesController.GetByCode (ThucLuc.Api)'
2026-05-06 14:33:34.870 +07:00 [INF] Route matched with {action = "GetById", controller = "DonVi"}. Executing controller action with signature System.Threading.Tasks.Task`1[Microsoft.AspNetCore.Mvc.ActionResult`1[ThucLuc.Api.Common.Models.ApiResponse`1[ThucLuc.Application.Features.DonVi.DonViDto]]] GetById(Int64, System.Threading.CancellationToken) on controller ThucLuc.Api.Controllers.V1.DonViController (ThucLuc.Api).
2026-05-06 14:33:34.874 +07:00 [INF] Route matched with {action = "GetByCode", controller = "Codes"}. Executing controller action with signature System.Threading.Tasks.Task`1[Microsoft.AspNetCore.Mvc.ActionResult`1[ThucLuc.Api.Common.Models.ApiResponse`1[ThucLuc.Application.Features.Codes.CodeDto]]] GetByCode(System.String, System.Threading.CancellationToken) on controller ThucLuc.Api.Controllers.V1.CodesController (ThucLuc.Api).
2026-05-06 14:33:34.877 +07:00 [INF] Route matched with {action = "GetByCode", controller = "Codes"}. Executing controller action with signature System.Threading.Tasks.Task`1[Microsoft.AspNetCore.Mvc.ActionResult`1[ThucLuc.Api.Common.Models.ApiResponse`1[ThucLuc.Application.Features.Codes.CodeDto]]] GetByCode(System.String, System.Threading.CancellationToken) on controller ThucLuc.Api.Controllers.V1.CodesController (ThucLuc.Api).
2026-05-06 14:33:34.880 +07:00 [INF] Route matched with {action = "GetByCode", controller = "Codes"}. Executing controller action with signature System.Threading.Tasks.Task`1[Microsoft.AspNetCore.Mvc.ActionResult`1[ThucLuc.Api.Common.Models.ApiResponse`1[ThucLuc.Application.Features.Codes.CodeDto]]] GetByCode(System.String, System.Threading.CancellationToken) on controller ThucLuc.Api.Controllers.V1.CodesController (ThucLuc.Api).
2026-05-06 14:33:34.897 +07:00 [INF] Executing OkObjectResult, writing value of type 'ThucLuc.Api.Common.Models.ApiResponse`1[[ThucLuc.Application.Features.Codes.CodeDto, ThucLuc.Application, Version=1.0.0.0, Culture=neutral, PublicKeyToken=null]]'.
2026-05-06 14:33:34.905 +07:00 [INF] Executing OkObjectResult, writing value of type 'ThucLuc.Api.Common.Models.ApiResponse`1[[ThucLuc.Application.Features.Codes.CodeDto, ThucLuc.Application, Version=1.0.0.0, Culture=neutral, PublicKeyToken=null]]'.
2026-05-06 14:33:34.909 +07:00 [INF] Executed action ThucLuc.Api.Controllers.V1.CodesController.GetByCode (ThucLuc.Api) in 18.1299ms
2026-05-06 14:33:34.911 +07:00 [INF] Executing OkObjectResult, writing value of type 'ThucLuc.Api.Common.Models.ApiResponse`1[[ThucLuc.Application.Features.Codes.CodeDto, ThucLuc.Application, Version=1.0.0.0, Culture=neutral, PublicKeyToken=null]]'.
2026-05-06 14:33:34.912 +07:00 [INF] Executed action ThucLuc.Api.Controllers.V1.CodesController.GetByCode (ThucLuc.Api) in 14.7558ms
2026-05-06 14:33:34.917 +07:00 [INF] Executed endpoint 'ThucLuc.Api.Controllers.V1.CodesController.GetByCode (ThucLuc.Api)'
2026-05-06 14:33:34.922 +07:00 [INF] Executed action ThucLuc.Api.Controllers.V1.CodesController.GetByCode (ThucLuc.Api) in 16.7455ms
2026-05-06 14:33:34.925 +07:00 [INF] Executed endpoint 'ThucLuc.Api.Controllers.V1.CodesController.GetByCode (ThucLuc.Api)'
2026-05-06 14:33:34.928 +07:00 [INF] HTTP GET /api/v1/codes/by-code/LOAI_MANG_GIAM_SAT => 200 in 88.1947 ms CorrelationId=462813c36a97422596d56637d47bb83c UserId=5001
2026-05-06 14:33:34.933 +07:00 [INF] Executed endpoint 'ThucLuc.Api.Controllers.V1.CodesController.GetByCode (ThucLuc.Api)'
2026-05-06 14:33:34.937 +07:00 [INF] HTTP GET /api/v1/codes/by-code/LOP_GIAM_SAT => 200 in 89.51 ms CorrelationId=42b45b958b2a4575939950ac4290fa3a UserId=5001
2026-05-06 14:33:34.938 +07:00 [INF] Executing OkObjectResult, writing value of type 'ThucLuc.Api.Common.Models.ApiResponse`1[[ThucLuc.Application.Features.DonVi.DonViDto, ThucLuc.Application, Version=1.0.0.0, Culture=neutral, PublicKeyToken=null]]'.
2026-05-06 14:33:34.943 +07:00 [INF] HTTP GET /api/v1/codes/by-code/LOAI_MANG_GIAM_SAT responded 200 in 102.7965 ms
2026-05-06 14:33:34.946 +07:00 [INF] HTTP GET /api/v1/codes/by-code/THUC_TRANG_GIAM_SAT => 200 in 90.5616 ms CorrelationId=3ac5538f33f644aa88f0eccbaaa5cc66 UserId=5001
2026-05-06 14:33:34.952 +07:00 [INF] HTTP GET /api/v1/codes/by-code/LOP_GIAM_SAT responded 200 in 105.4973 ms
2026-05-06 14:33:34.956 +07:00 [INF] Executed action ThucLuc.Api.Controllers.V1.DonViController.GetById (ThucLuc.Api) in 70.3347ms
2026-05-06 14:33:34.961 +07:00 [INF] Request finished HTTP/1.1 GET http://localhost:5283/api/v1/codes/by-code/LOAI_MANG_GIAM_SAT - 200 null application/json; charset=utf-8 155.1134ms
2026-05-06 14:33:34.968 +07:00 [INF] HTTP GET /api/v1/codes/by-code/THUC_TRANG_GIAM_SAT responded 200 in 112.4350 ms
2026-05-06 14:33:34.973 +07:00 [INF] Request finished HTTP/1.1 GET http://localhost:5283/api/v1/codes/by-code/LOP_GIAM_SAT - 200 null application/json; charset=utf-8 156.9989ms
2026-05-06 14:33:34.975 +07:00 [INF] Executed endpoint 'ThucLuc.Api.Controllers.V1.DonViController.GetById (ThucLuc.Api)'
2026-05-06 14:33:34.991 +07:00 [INF] Request finished HTTP/1.1 GET http://localhost:5283/api/v1/codes/by-code/THUC_TRANG_GIAM_SAT - 200 null application/json; charset=utf-8 166.0882ms
2026-05-06 14:33:35.094 +07:00 [INF] Request starting HTTP/1.1 OPTIONS http://localhost:5283/api/v1/giam-sat-soc?donViId=2002 - null null
2026-05-06 14:33:35.082 +07:00 [INF] HTTP GET /api/v1/don-vi/2001 => 200 in 248.8888 ms CorrelationId=18f84e29979c468281e61aa56a85e32b UserId=5001
2026-05-06 14:33:35.117 +07:00 [INF] CORS policy execution successful.
2026-05-06 14:33:35.123 +07:00 [INF] HTTP GET /api/v1/don-vi/2001 responded 200 in 290.7735 ms
2026-05-06 14:33:35.126 +07:00 [INF] HTTP OPTIONS /api/v1/giam-sat-soc => 204 in 8.6446 ms CorrelationId=20e81b098cac449bb0c767415efcce80 UserId=anonymous
2026-05-06 14:33:35.131 +07:00 [INF] Request finished HTTP/1.1 GET http://localhost:5283/api/v1/don-vi/2001 - 200 null application/json; charset=utf-8 332.6418ms
2026-05-06 14:33:35.139 +07:00 [INF] HTTP OPTIONS /api/v1/giam-sat-soc responded 204 in 21.8321 ms
2026-05-06 14:33:35.154 +07:00 [INF] Request finished HTTP/1.1 OPTIONS http://localhost:5283/api/v1/giam-sat-soc?donViId=2002 - 204 null null 60.0822ms
2026-05-06 14:33:35.164 +07:00 [INF] Request starting HTTP/1.1 GET http://localhost:5283/api/v1/giam-sat-soc?donViId=2002 - null null
2026-05-06 14:33:35.173 +07:00 [INF] CORS policy execution successful.
2026-05-06 14:33:35.177 +07:00 [INF] Executing endpoint 'ThucLuc.Api.Controllers.V1.GiamSatSocController.GetAll (ThucLuc.Api)'
2026-05-06 14:33:35.181 +07:00 [INF] Route matched with {action = "GetAll", controller = "GiamSatSoc"}. Executing controller action with signature System.Threading.Tasks.Task`1[Microsoft.AspNetCore.Mvc.ActionResult`1[ThucLuc.Api.Common.Models.ApiResponse`1[System.Collections.Generic.IReadOnlyCollection`1[ThucLuc.Application.Features.GiamSatSoc.GiamSatSocDto]]]] GetAll(ThucLuc.Application.Features.GiamSatSoc.GiamSatSocQuery, System.Threading.CancellationToken) on controller ThucLuc.Api.Controllers.V1.GiamSatSocController (ThucLuc.Api).
2026-05-06 14:33:35.194 +07:00 [INF] Executing OkObjectResult, writing value of type 'ThucLuc.Api.Common.Models.ApiResponse`1[[System.Collections.Generic.IReadOnlyCollection`1[[ThucLuc.Application.Features.GiamSatSoc.GiamSatSocDto, ThucLuc.Application, Version=1.0.0.0, Culture=neutral, PublicKeyToken=null]], System.Private.CoreLib, Version=8.0.0.0, Culture=neutral, PublicKeyToken=7cec85d7bea7798e]]'.
2026-05-06 14:33:35.199 +07:00 [INF] Executed action ThucLuc.Api.Controllers.V1.GiamSatSocController.GetAll (ThucLuc.Api) in 11.6784ms
2026-05-06 14:33:35.204 +07:00 [INF] Executed endpoint 'ThucLuc.Api.Controllers.V1.GiamSatSocController.GetAll (ThucLuc.Api)'
2026-05-06 14:33:35.206 +07:00 [INF] HTTP GET /api/v1/giam-sat-soc => 200 in 33.2709 ms CorrelationId=bd25da6a083442b7bee5c7f7c0175809 UserId=5001
2026-05-06 14:33:35.213 +07:00 [INF] HTTP GET /api/v1/giam-sat-soc responded 200 in 40.1899 ms
2026-05-06 14:33:35.219 +07:00 [INF] Request finished HTTP/1.1 GET http://localhost:5283/api/v1/giam-sat-soc?donViId=2002 - 200 null application/json; charset=utf-8 55.454ms
2026-05-06 14:34:05.160 +07:00 [INF] Request starting HTTP/1.1 OPTIONS http://localhost:5283/api/v1/don-vi/2001 - null null
2026-05-06 14:34:05.165 +07:00 [INF] Request starting HTTP/1.1 OPTIONS http://localhost:5283/api/v1/codes/by-code/LOP_GIAM_SAT - null null
2026-05-06 14:34:05.167 +07:00 [INF] Request starting HTTP/1.1 OPTIONS http://localhost:5283/api/v1/codes/by-code/LOAI_MANG_GIAM_SAT - null null
2026-05-06 14:34:05.168 +07:00 [INF] Request starting HTTP/1.1 OPTIONS http://localhost:5283/api/v1/codes/by-code/THUC_TRANG_GIAM_SAT - null null
2026-05-06 14:34:05.178 +07:00 [INF] CORS policy execution successful.
2026-05-06 14:34:05.189 +07:00 [INF] CORS policy execution successful.
2026-05-06 14:34:05.200 +07:00 [INF] CORS policy execution successful.
2026-05-06 14:34:05.207 +07:00 [INF] CORS policy execution successful.
2026-05-06 14:34:05.210 +07:00 [INF] HTTP OPTIONS /api/v1/don-vi/2001 => 204 in 32.6143 ms CorrelationId=6b091b00fad348939a5f97782b34370e UserId=anonymous
2026-05-06 14:34:05.214 +07:00 [INF] HTTP OPTIONS /api/v1/codes/by-code/LOP_GIAM_SAT => 204 in 25.3481 ms CorrelationId=60cd23d5a11a451e90d70a179116135f UserId=anonymous
2026-05-06 14:34:05.218 +07:00 [INF] HTTP OPTIONS /api/v1/codes/by-code/LOAI_MANG_GIAM_SAT => 204 in 18.1672 ms CorrelationId=07a0c523a2fa4f62bf23d83fda4a5cf3 UserId=anonymous
2026-05-06 14:34:05.222 +07:00 [INF] HTTP OPTIONS /api/v1/codes/by-code/THUC_TRANG_GIAM_SAT => 204 in 15.1709 ms CorrelationId=f1f8b65cc9ab4e7db0f74de963e9fb0c UserId=anonymous
2026-05-06 14:34:05.235 +07:00 [INF] HTTP OPTIONS /api/v1/don-vi/2001 responded 204 in 57.0342 ms
2026-05-06 14:34:05.246 +07:00 [INF] HTTP OPTIONS /api/v1/codes/by-code/LOP_GIAM_SAT responded 204 in 57.2142 ms
2026-05-06 14:34:05.255 +07:00 [INF] HTTP OPTIONS /api/v1/codes/by-code/LOAI_MANG_GIAM_SAT responded 204 in 55.0911 ms
2026-05-06 14:34:05.265 +07:00 [INF] HTTP OPTIONS /api/v1/codes/by-code/THUC_TRANG_GIAM_SAT responded 204 in 58.0741 ms
2026-05-06 14:34:05.271 +07:00 [INF] Request finished HTTP/1.1 OPTIONS http://localhost:5283/api/v1/don-vi/2001 - 204 null null 110.8073ms
2026-05-06 14:34:05.277 +07:00 [INF] Request finished HTTP/1.1 OPTIONS http://localhost:5283/api/v1/codes/by-code/LOP_GIAM_SAT - 204 null null 111.8239ms
2026-05-06 14:34:05.283 +07:00 [INF] Request finished HTTP/1.1 OPTIONS http://localhost:5283/api/v1/codes/by-code/LOAI_MANG_GIAM_SAT - 204 null null 116.2069ms
2026-05-06 14:34:05.288 +07:00 [INF] Request finished HTTP/1.1 OPTIONS http://localhost:5283/api/v1/codes/by-code/THUC_TRANG_GIAM_SAT - 204 null null 120.133ms
2026-05-06 14:34:05.300 +07:00 [INF] Request starting HTTP/1.1 GET http://localhost:5283/api/v1/don-vi/2001 - null null
2026-05-06 14:34:05.309 +07:00 [INF] Request starting HTTP/1.1 GET http://localhost:5283/api/v1/codes/by-code/LOP_GIAM_SAT - null null
2026-05-06 14:34:05.318 +07:00 [INF] Request starting HTTP/1.1 GET http://localhost:5283/api/v1/codes/by-code/LOAI_MANG_GIAM_SAT - null null
2026-05-06 14:34:05.328 +07:00 [INF] Request starting HTTP/1.1 GET http://localhost:5283/api/v1/codes/by-code/THUC_TRANG_GIAM_SAT - null null
2026-05-06 14:34:05.336 +07:00 [INF] CORS policy execution successful.
2026-05-06 14:34:05.343 +07:00 [INF] CORS policy execution successful.
2026-05-06 14:34:05.352 +07:00 [INF] CORS policy execution successful.
2026-05-06 14:34:05.360 +07:00 [INF] CORS policy execution successful.
2026-05-06 14:34:05.363 +07:00 [INF] Executing endpoint 'ThucLuc.Api.Controllers.V1.DonViController.GetById (ThucLuc.Api)'
2026-05-06 14:34:05.365 +07:00 [INF] Executing endpoint 'ThucLuc.Api.Controllers.V1.CodesController.GetByCode (ThucLuc.Api)'
2026-05-06 14:34:05.367 +07:00 [INF] Executing endpoint 'ThucLuc.Api.Controllers.V1.CodesController.GetByCode (ThucLuc.Api)'
2026-05-06 14:34:05.370 +07:00 [INF] Executing endpoint 'ThucLuc.Api.Controllers.V1.CodesController.GetByCode (ThucLuc.Api)'
2026-05-06 14:34:05.372 +07:00 [INF] Route matched with {action = "GetById", controller = "DonVi"}. Executing controller action with signature System.Threading.Tasks.Task`1[Microsoft.AspNetCore.Mvc.ActionResult`1[ThucLuc.Api.Common.Models.ApiResponse`1[ThucLuc.Application.Features.DonVi.DonViDto]]] GetById(Int64, System.Threading.CancellationToken) on controller ThucLuc.Api.Controllers.V1.DonViController (ThucLuc.Api).
2026-05-06 14:34:05.375 +07:00 [INF] Route matched with {action = "GetByCode", controller = "Codes"}. Executing controller action with signature System.Threading.Tasks.Task`1[Microsoft.AspNetCore.Mvc.ActionResult`1[ThucLuc.Api.Common.Models.ApiResponse`1[ThucLuc.Application.Features.Codes.CodeDto]]] GetByCode(System.String, System.Threading.CancellationToken) on controller ThucLuc.Api.Controllers.V1.CodesController (ThucLuc.Api).
2026-05-06 14:34:05.379 +07:00 [INF] Route matched with {action = "GetByCode", controller = "Codes"}. Executing controller action with signature System.Threading.Tasks.Task`1[Microsoft.AspNetCore.Mvc.ActionResult`1[ThucLuc.Api.Common.Models.ApiResponse`1[ThucLuc.Application.Features.Codes.CodeDto]]] GetByCode(System.String, System.Threading.CancellationToken) on controller ThucLuc.Api.Controllers.V1.CodesController (ThucLuc.Api).
2026-05-06 14:34:05.382 +07:00 [INF] Route matched with {action = "GetByCode", controller = "Codes"}. Executing controller action with signature System.Threading.Tasks.Task`1[Microsoft.AspNetCore.Mvc.ActionResult`1[ThucLuc.Api.Common.Models.ApiResponse`1[ThucLuc.Application.Features.Codes.CodeDto]]] GetByCode(System.String, System.Threading.CancellationToken) on controller ThucLuc.Api.Controllers.V1.CodesController (ThucLuc.Api).
2026-05-06 14:34:05.442 +07:00 [INF] Executing OkObjectResult, writing value of type 'ThucLuc.Api.Common.Models.ApiResponse`1[[ThucLuc.Application.Features.DonVi.DonViDto, ThucLuc.Application, Version=1.0.0.0, Culture=neutral, PublicKeyToken=null]]'.
2026-05-06 14:34:05.442 +07:00 [INF] Executing OkObjectResult, writing value of type 'ThucLuc.Api.Common.Models.ApiResponse`1[[ThucLuc.Application.Features.Codes.CodeDto, ThucLuc.Application, Version=1.0.0.0, Culture=neutral, PublicKeyToken=null]]'.
2026-05-06 14:34:05.448 +07:00 [INF] Executed action ThucLuc.Api.Controllers.V1.DonViController.GetById (ThucLuc.Api) in 60.2245ms
2026-05-06 14:34:05.450 +07:00 [INF] Executing OkObjectResult, writing value of type 'ThucLuc.Api.Common.Models.ApiResponse`1[[ThucLuc.Application.Features.Codes.CodeDto, ThucLuc.Application, Version=1.0.0.0, Culture=neutral, PublicKeyToken=null]]'.
2026-05-06 14:34:05.453 +07:00 [INF] Executed action ThucLuc.Api.Controllers.V1.CodesController.GetByCode (ThucLuc.Api) in 60.1121ms
2026-05-06 14:34:05.454 +07:00 [INF] Executing OkObjectResult, writing value of type 'ThucLuc.Api.Common.Models.ApiResponse`1[[ThucLuc.Application.Features.Codes.CodeDto, ThucLuc.Application, Version=1.0.0.0, Culture=neutral, PublicKeyToken=null]]'.
2026-05-06 14:34:05.457 +07:00 [INF] Executed endpoint 'ThucLuc.Api.Controllers.V1.DonViController.GetById (ThucLuc.Api)'
2026-05-06 14:34:05.463 +07:00 [INF] Executed action ThucLuc.Api.Controllers.V1.CodesController.GetByCode (ThucLuc.Api) in 63.1198ms
2026-05-06 14:34:05.467 +07:00 [INF] Executed endpoint 'ThucLuc.Api.Controllers.V1.CodesController.GetByCode (ThucLuc.Api)'
2026-05-06 14:34:05.472 +07:00 [INF] Executed action ThucLuc.Api.Controllers.V1.CodesController.GetByCode (ThucLuc.Api) in 66.2541ms
2026-05-06 14:34:05.475 +07:00 [INF] HTTP GET /api/v1/don-vi/2001 => 200 in 138.6395 ms CorrelationId=04b66bc71c2a4d5cbe52e1b4bae96d9c UserId=5001
2026-05-06 14:34:05.479 +07:00 [INF] Executed endpoint 'ThucLuc.Api.Controllers.V1.CodesController.GetByCode (ThucLuc.Api)'
2026-05-06 14:34:05.482 +07:00 [INF] HTTP GET /api/v1/codes/by-code/LOP_GIAM_SAT => 200 in 138.9074 ms CorrelationId=c17f54a246f348bbb15dd245e82e4217 UserId=5001
2026-05-06 14:34:05.485 +07:00 [INF] Executed endpoint 'ThucLuc.Api.Controllers.V1.CodesController.GetByCode (ThucLuc.Api)'
2026-05-06 14:34:05.491 +07:00 [INF] HTTP GET /api/v1/don-vi/2001 responded 200 in 154.9182 ms
2026-05-06 14:34:05.495 +07:00 [INF] HTTP GET /api/v1/codes/by-code/LOAI_MANG_GIAM_SAT => 200 in 143.4169 ms CorrelationId=320812792b6641819899c9a241b5daee UserId=5001
2026-05-06 14:34:05.502 +07:00 [INF] HTTP GET /api/v1/codes/by-code/LOP_GIAM_SAT responded 200 in 158.4412 ms
2026-05-06 14:34:05.505 +07:00 [INF] HTTP GET /api/v1/codes/by-code/THUC_TRANG_GIAM_SAT => 200 in 145.3016 ms CorrelationId=f3112d9535e04505accd4cb702e30b77 UserId=5001
2026-05-06 14:34:05.510 +07:00 [INF] Request finished HTTP/1.1 GET http://localhost:5283/api/v1/don-vi/2001 - 200 null application/json; charset=utf-8 210.1654ms
2026-05-06 14:34:05.517 +07:00 [INF] HTTP GET /api/v1/codes/by-code/LOAI_MANG_GIAM_SAT responded 200 in 165.3144 ms
2026-05-06 14:34:05.522 +07:00 [INF] Request finished HTTP/1.1 GET http://localhost:5283/api/v1/codes/by-code/LOP_GIAM_SAT - 200 null application/json; charset=utf-8 213.2535ms
2026-05-06 14:34:05.530 +07:00 [INF] HTTP GET /api/v1/codes/by-code/THUC_TRANG_GIAM_SAT responded 200 in 170.6378 ms
2026-05-06 14:34:05.543 +07:00 [INF] Request finished HTTP/1.1 GET http://localhost:5283/api/v1/codes/by-code/LOAI_MANG_GIAM_SAT - 200 null application/json; charset=utf-8 225.3424ms
2026-05-06 14:34:05.557 +07:00 [INF] Request finished HTTP/1.1 GET http://localhost:5283/api/v1/codes/by-code/THUC_TRANG_GIAM_SAT - 200 null application/json; charset=utf-8 229.2658ms
2026-05-06 14:34:05.577 +07:00 [INF] Request starting HTTP/1.1 OPTIONS http://localhost:5283/api/v1/giam-sat-soc?donViId=2001 - null null
2026-05-06 14:34:05.585 +07:00 [INF] CORS policy execution successful.
2026-05-06 14:34:05.586 +07:00 [INF] HTTP OPTIONS /api/v1/giam-sat-soc => 204 in 1.5412 ms CorrelationId=85a8451294144abd9cb60173fedd608f UserId=anonymous
2026-05-06 14:34:05.593 +07:00 [INF] HTTP OPTIONS /api/v1/giam-sat-soc responded 204 in 8.2339 ms
2026-05-06 14:34:05.599 +07:00 [INF] Request finished HTTP/1.1 OPTIONS http://localhost:5283/api/v1/giam-sat-soc?donViId=2001 - 204 null null 21.9327ms
2026-05-06 14:34:05.615 +07:00 [INF] Request starting HTTP/1.1 GET http://localhost:5283/api/v1/giam-sat-soc?donViId=2001 - null null
2026-05-06 14:34:05.623 +07:00 [INF] CORS policy execution successful.
2026-05-06 14:34:05.627 +07:00 [INF] Executing endpoint 'ThucLuc.Api.Controllers.V1.GiamSatSocController.GetAll (ThucLuc.Api)'
2026-05-06 14:34:05.630 +07:00 [INF] Route matched with {action = "GetAll", controller = "GiamSatSoc"}. Executing controller action with signature System.Threading.Tasks.Task`1[Microsoft.AspNetCore.Mvc.ActionResult`1[ThucLuc.Api.Common.Models.ApiResponse`1[System.Collections.Generic.IReadOnlyCollection`1[ThucLuc.Application.Features.GiamSatSoc.GiamSatSocDto]]]] GetAll(ThucLuc.Application.Features.GiamSatSoc.GiamSatSocQuery, System.Threading.CancellationToken) on controller ThucLuc.Api.Controllers.V1.GiamSatSocController (ThucLuc.Api).
2026-05-06 14:34:05.686 +07:00 [INF] Executing OkObjectResult, writing value of type 'ThucLuc.Api.Common.Models.ApiResponse`1[[System.Collections.Generic.IReadOnlyCollection`1[[ThucLuc.Application.Features.GiamSatSoc.GiamSatSocDto, ThucLuc.Application, Version=1.0.0.0, Culture=neutral, PublicKeyToken=null]], System.Private.CoreLib, Version=8.0.0.0, Culture=neutral, PublicKeyToken=7cec85d7bea7798e]]'.
2026-05-06 14:34:05.692 +07:00 [INF] Executed action ThucLuc.Api.Controllers.V1.GiamSatSocController.GetAll (ThucLuc.Api) in 56.6994ms
2026-05-06 14:34:05.698 +07:00 [INF] Executed endpoint 'ThucLuc.Api.Controllers.V1.GiamSatSocController.GetAll (ThucLuc.Api)'
2026-05-06 14:34:05.703 +07:00 [INF] HTTP GET /api/v1/giam-sat-soc => 200 in 79.8768 ms CorrelationId=5526fd2fb63445dc81e106370ed0b9eb UserId=5001
2026-05-06 14:34:05.712 +07:00 [INF] HTTP GET /api/v1/giam-sat-soc responded 200 in 88.8777 ms
2026-05-06 14:34:05.721 +07:00 [INF] Request finished HTTP/1.1 GET http://localhost:5283/api/v1/giam-sat-soc?donViId=2001 - 200 null application/json; charset=utf-8 105.1711ms
2026-05-06 14:37:13.973 +07:00 [INF] Request starting HTTP/1.1 OPTIONS http://localhost:5283/api/v1/don-vi/2001 - null null
2026-05-06 14:37:13.979 +07:00 [INF] Request starting HTTP/1.1 OPTIONS http://localhost:5283/api/v1/codes/by-code/LOAI_MANG_GIAM_SAT - null null
2026-05-06 14:37:13.979 +07:00 [INF] Request starting HTTP/1.1 OPTIONS http://localhost:5283/api/v1/codes/by-code/LOP_GIAM_SAT - null null
2026-05-06 14:37:13.981 +07:00 [INF] Request starting HTTP/1.1 OPTIONS http://localhost:5283/api/v1/codes/by-code/THUC_TRANG_GIAM_SAT - null null
2026-05-06 14:37:13.996 +07:00 [INF] CORS policy execution successful.
2026-05-06 14:37:14.064 +07:00 [INF] CORS policy execution successful.
2026-05-06 14:37:14.097 +07:00 [INF] CORS policy execution successful.
2026-05-06 14:37:14.185 +07:00 [INF] HTTP OPTIONS /api/v1/don-vi/2001 => 204 in 189.2658 ms CorrelationId=7f4ea789b01d406888136c3d293e3c61 UserId=anonymous
2026-05-06 14:37:14.185 +07:00 [INF] CORS policy execution successful.
2026-05-06 14:37:14.185 +07:00 [INF] HTTP OPTIONS /api/v1/codes/by-code/LOAI_MANG_GIAM_SAT => 204 in 121.5571 ms CorrelationId=212be5f80f0845a4b4edbd00eea03587 UserId=anonymous
2026-05-06 14:37:14.185 +07:00 [INF] HTTP OPTIONS /api/v1/codes/by-code/LOP_GIAM_SAT => 204 in 88.1917 ms CorrelationId=cde3673503a84823a61fb143b33f8e06 UserId=anonymous
2026-05-06 14:37:14.192 +07:00 [INF] HTTP OPTIONS /api/v1/don-vi/2001 responded 204 in 196.1844 ms
2026-05-06 14:37:14.194 +07:00 [INF] HTTP OPTIONS /api/v1/codes/by-code/THUC_TRANG_GIAM_SAT => 204 in 9.102 ms CorrelationId=92bad1a762f84332b3e1ee194a65e155 UserId=anonymous
2026-05-06 14:37:14.200 +07:00 [INF] HTTP OPTIONS /api/v1/codes/by-code/LOAI_MANG_GIAM_SAT responded 204 in 136.8884 ms
2026-05-06 14:37:14.217 +07:00 [INF] HTTP OPTIONS /api/v1/codes/by-code/LOP_GIAM_SAT responded 204 in 119.7826 ms
2026-05-06 14:37:14.230 +07:00 [INF] Request finished HTTP/1.1 OPTIONS http://localhost:5283/api/v1/don-vi/2001 - 204 null null 257.3736ms
2026-05-06 14:37:14.245 +07:00 [INF] HTTP OPTIONS /api/v1/codes/by-code/THUC_TRANG_GIAM_SAT responded 204 in 59.9316 ms
2026-05-06 14:37:14.250 +07:00 [INF] Request finished HTTP/1.1 OPTIONS http://localhost:5283/api/v1/codes/by-code/LOAI_MANG_GIAM_SAT - 204 null null 271.4978ms
2026-05-06 14:37:14.256 +07:00 [INF] Request finished HTTP/1.1 OPTIONS http://localhost:5283/api/v1/codes/by-code/LOP_GIAM_SAT - 204 null null 276.5068ms
2026-05-06 14:37:14.264 +07:00 [INF] Request starting HTTP/1.1 GET http://localhost:5283/api/v1/don-vi/2001 - null null
2026-05-06 14:37:14.267 +07:00 [INF] Request finished HTTP/1.1 OPTIONS http://localhost:5283/api/v1/codes/by-code/THUC_TRANG_GIAM_SAT - 204 null null 286.2911ms
2026-05-06 14:37:14.275 +07:00 [INF] Request starting HTTP/1.1 GET http://localhost:5283/api/v1/codes/by-code/LOAI_MANG_GIAM_SAT - null null
2026-05-06 14:37:14.281 +07:00 [INF] Request starting HTTP/1.1 GET http://localhost:5283/api/v1/codes/by-code/LOP_GIAM_SAT - null null
2026-05-06 14:37:14.287 +07:00 [INF] CORS policy execution successful.
2026-05-06 14:37:14.295 +07:00 [INF] Request starting HTTP/1.1 GET http://localhost:5283/api/v1/codes/by-code/THUC_TRANG_GIAM_SAT - null null
2026-05-06 14:37:14.300 +07:00 [INF] CORS policy execution successful.
2026-05-06 14:37:14.307 +07:00 [INF] CORS policy execution successful.
2026-05-06 14:37:14.310 +07:00 [INF] Executing endpoint 'ThucLuc.Api.Controllers.V1.DonViController.GetById (ThucLuc.Api)'
2026-05-06 14:37:14.316 +07:00 [INF] CORS policy execution successful.
2026-05-06 14:37:14.319 +07:00 [INF] Executing endpoint 'ThucLuc.Api.Controllers.V1.CodesController.GetByCode (ThucLuc.Api)'
2026-05-06 14:37:14.321 +07:00 [INF] Executing endpoint 'ThucLuc.Api.Controllers.V1.CodesController.GetByCode (ThucLuc.Api)'
2026-05-06 14:37:14.325 +07:00 [INF] Route matched with {action = "GetById", controller = "DonVi"}. Executing controller action with signature System.Threading.Tasks.Task`1[Microsoft.AspNetCore.Mvc.ActionResult`1[ThucLuc.Api.Common.Models.ApiResponse`1[ThucLuc.Application.Features.DonVi.DonViDto]]] GetById(Int64, System.Threading.CancellationToken) on controller ThucLuc.Api.Controllers.V1.DonViController (ThucLuc.Api).
2026-05-06 14:37:14.327 +07:00 [INF] Executing endpoint 'ThucLuc.Api.Controllers.V1.CodesController.GetByCode (ThucLuc.Api)'
2026-05-06 14:37:14.330 +07:00 [INF] Route matched with {action = "GetByCode", controller = "Codes"}. Executing controller action with signature System.Threading.Tasks.Task`1[Microsoft.AspNetCore.Mvc.ActionResult`1[ThucLuc.Api.Common.Models.ApiResponse`1[ThucLuc.Application.Features.Codes.CodeDto]]] GetByCode(System.String, System.Threading.CancellationToken) on controller ThucLuc.Api.Controllers.V1.CodesController (ThucLuc.Api).
2026-05-06 14:37:14.331 +07:00 [INF] Route matched with {action = "GetByCode", controller = "Codes"}. Executing controller action with signature System.Threading.Tasks.Task`1[Microsoft.AspNetCore.Mvc.ActionResult`1[ThucLuc.Api.Common.Models.ApiResponse`1[ThucLuc.Application.Features.Codes.CodeDto]]] GetByCode(System.String, System.Threading.CancellationToken) on controller ThucLuc.Api.Controllers.V1.CodesController (ThucLuc.Api).
2026-05-06 14:37:14.340 +07:00 [INF] Route matched with {action = "GetByCode", controller = "Codes"}. Executing controller action with signature System.Threading.Tasks.Task`1[Microsoft.AspNetCore.Mvc.ActionResult`1[ThucLuc.Api.Common.Models.ApiResponse`1[ThucLuc.Application.Features.Codes.CodeDto]]] GetByCode(System.String, System.Threading.CancellationToken) on controller ThucLuc.Api.Controllers.V1.CodesController (ThucLuc.Api).
2026-05-06 14:37:14.387 +07:00 [INF] Executing OkObjectResult, writing value of type 'ThucLuc.Api.Common.Models.ApiResponse`1[[ThucLuc.Application.Features.DonVi.DonViDto, ThucLuc.Application, Version=1.0.0.0, Culture=neutral, PublicKeyToken=null]]'.
2026-05-06 14:37:14.391 +07:00 [INF] Executed action ThucLuc.Api.Controllers.V1.DonViController.GetById (ThucLuc.Api) in 54.7653ms
2026-05-06 14:37:14.396 +07:00 [INF] Executing OkObjectResult, writing value of type 'ThucLuc.Api.Common.Models.ApiResponse`1[[ThucLuc.Application.Features.Codes.CodeDto, ThucLuc.Application, Version=1.0.0.0, Culture=neutral, PublicKeyToken=null]]'.
2026-05-06 14:37:14.398 +07:00 [INF] Executed endpoint 'ThucLuc.Api.Controllers.V1.DonViController.GetById (ThucLuc.Api)'
2026-05-06 14:37:14.398 +07:00 [INF] Executing OkObjectResult, writing value of type 'ThucLuc.Api.Common.Models.ApiResponse`1[[ThucLuc.Application.Features.Codes.CodeDto, ThucLuc.Application, Version=1.0.0.0, Culture=neutral, PublicKeyToken=null]]'.
2026-05-06 14:37:14.401 +07:00 [INF] Executed action ThucLuc.Api.Controllers.V1.CodesController.GetByCode (ThucLuc.Api) in 55.9257ms
2026-05-06 14:37:14.402 +07:00 [INF] Executing OkObjectResult, writing value of type 'ThucLuc.Api.Common.Models.ApiResponse`1[[ThucLuc.Application.Features.Codes.CodeDto, ThucLuc.Application, Version=1.0.0.0, Culture=neutral, PublicKeyToken=null]]'.
2026-05-06 14:37:14.404 +07:00 [INF] HTTP GET /api/v1/don-vi/2001 => 200 in 116.9066 ms CorrelationId=dc3d411d5e3c4168897d60fb1dd30de0 UserId=5001
2026-05-06 14:37:14.408 +07:00 [INF] Executed action ThucLuc.Api.Controllers.V1.CodesController.GetByCode (ThucLuc.Api) in 57.7686ms
2026-05-06 14:37:14.411 +07:00 [INF] Executed endpoint 'ThucLuc.Api.Controllers.V1.CodesController.GetByCode (ThucLuc.Api)'
2026-05-06 14:37:14.415 +07:00 [INF] Executed action ThucLuc.Api.Controllers.V1.CodesController.GetByCode (ThucLuc.Api) in 58.9381ms
2026-05-06 14:37:14.420 +07:00 [INF] HTTP GET /api/v1/don-vi/2001 responded 200 in 132.9077 ms
2026-05-06 14:37:14.424 +07:00 [INF] Executed endpoint 'ThucLuc.Api.Controllers.V1.CodesController.GetByCode (ThucLuc.Api)'
2026-05-06 14:37:14.427 +07:00 [INF] HTTP GET /api/v1/codes/by-code/LOAI_MANG_GIAM_SAT => 200 in 127.3534 ms CorrelationId=6b6cf8ec3c53462f9065eb7c8b6d6aaf UserId=5001
2026-05-06 14:37:14.430 +07:00 [INF] Executed endpoint 'ThucLuc.Api.Controllers.V1.CodesController.GetByCode (ThucLuc.Api)'
2026-05-06 14:37:14.436 +07:00 [INF] Request finished HTTP/1.1 GET http://localhost:5283/api/v1/don-vi/2001 - 200 null application/json; charset=utf-8 171.8145ms
2026-05-06 14:37:14.439 +07:00 [INF] HTTP GET /api/v1/codes/by-code/LOP_GIAM_SAT => 200 in 131.803 ms CorrelationId=415d1dc95bf34ddd8f7c4998cbcceae8 UserId=5001
2026-05-06 14:37:14.444 +07:00 [INF] HTTP GET /api/v1/codes/by-code/LOAI_MANG_GIAM_SAT responded 200 in 144.3134 ms
2026-05-06 14:37:14.446 +07:00 [INF] HTTP GET /api/v1/codes/by-code/THUC_TRANG_GIAM_SAT => 200 in 129.8697 ms CorrelationId=3ece596f8acf40d49dd846e20a8f6424 UserId=5001
2026-05-06 14:37:14.461 +07:00 [INF] HTTP GET /api/v1/codes/by-code/LOP_GIAM_SAT responded 200 in 154.0090 ms
2026-05-06 14:37:14.464 +07:00 [INF] Request finished HTTP/1.1 GET http://localhost:5283/api/v1/codes/by-code/LOAI_MANG_GIAM_SAT - 200 null application/json; charset=utf-8 189.5287ms
2026-05-06 14:37:14.471 +07:00 [INF] HTTP GET /api/v1/codes/by-code/THUC_TRANG_GIAM_SAT responded 200 in 154.1912 ms
2026-05-06 14:37:14.476 +07:00 [INF] Request finished HTTP/1.1 GET http://localhost:5283/api/v1/codes/by-code/LOP_GIAM_SAT - 200 null application/json; charset=utf-8 195.0083ms
2026-05-06 14:37:14.487 +07:00 [INF] Request finished HTTP/1.1 GET http://localhost:5283/api/v1/codes/by-code/THUC_TRANG_GIAM_SAT - 200 null application/json; charset=utf-8 191.4763ms
2026-05-06 14:37:14.503 +07:00 [INF] Request starting HTTP/1.1 OPTIONS http://localhost:5283/api/v1/giam-sat-soc?donViId=2001 - null null
2026-05-06 14:37:14.510 +07:00 [INF] CORS policy execution successful.
2026-05-06 14:37:14.512 +07:00 [INF] HTTP OPTIONS /api/v1/giam-sat-soc => 204 in 2.1421 ms CorrelationId=4d8f8608e9a6424bad650191fe217a2b UserId=anonymous
2026-05-06 14:37:14.517 +07:00 [INF] HTTP OPTIONS /api/v1/giam-sat-soc responded 204 in 7.7751 ms
2026-05-06 14:37:14.523 +07:00 [INF] Request finished HTTP/1.1 OPTIONS http://localhost:5283/api/v1/giam-sat-soc?donViId=2001 - 204 null null 20.215ms
2026-05-06 14:37:14.533 +07:00 [INF] Request starting HTTP/1.1 GET http://localhost:5283/api/v1/giam-sat-soc?donViId=2001 - null null
2026-05-06 14:37:14.540 +07:00 [INF] CORS policy execution successful.
2026-05-06 14:37:14.543 +07:00 [INF] Executing endpoint 'ThucLuc.Api.Controllers.V1.GiamSatSocController.GetAll (ThucLuc.Api)'
2026-05-06 14:37:14.545 +07:00 [INF] Route matched with {action = "GetAll", controller = "GiamSatSoc"}. Executing controller action with signature System.Threading.Tasks.Task`1[Microsoft.AspNetCore.Mvc.ActionResult`1[ThucLuc.Api.Common.Models.ApiResponse`1[System.Collections.Generic.IReadOnlyCollection`1[ThucLuc.Application.Features.GiamSatSoc.GiamSatSocDto]]]] GetAll(ThucLuc.Application.Features.GiamSatSoc.GiamSatSocQuery, System.Threading.CancellationToken) on controller ThucLuc.Api.Controllers.V1.GiamSatSocController (ThucLuc.Api).
2026-05-06 14:37:14.600 +07:00 [INF] Executing OkObjectResult, writing value of type 'ThucLuc.Api.Common.Models.ApiResponse`1[[System.Collections.Generic.IReadOnlyCollection`1[[ThucLuc.Application.Features.GiamSatSoc.GiamSatSocDto, ThucLuc.Application, Version=1.0.0.0, Culture=neutral, PublicKeyToken=null]], System.Private.CoreLib, Version=8.0.0.0, Culture=neutral, PublicKeyToken=7cec85d7bea7798e]]'.
2026-05-06 14:37:14.607 +07:00 [INF] Executed action ThucLuc.Api.Controllers.V1.GiamSatSocController.GetAll (ThucLuc.Api) in 56.1029ms
2026-05-06 14:37:14.614 +07:00 [INF] Executed endpoint 'ThucLuc.Api.Controllers.V1.GiamSatSocController.GetAll (ThucLuc.Api)'
2026-05-06 14:37:14.620 +07:00 [INF] HTTP GET /api/v1/giam-sat-soc => 200 in 80.1668 ms CorrelationId=e01de364a9be4176b0d22804a39a1039 UserId=5001
2026-05-06 14:37:14.633 +07:00 [INF] HTTP GET /api/v1/giam-sat-soc responded 200 in 92.6442 ms
2026-05-06 14:37:14.644 +07:00 [INF] Request finished HTTP/1.1 GET http://localhost:5283/api/v1/giam-sat-soc?donViId=2001 - 200 null application/json; charset=utf-8 110.8676ms
2026-05-06 14:44:19.706 +07:00 [INF] Request starting HTTP/1.1 OPTIONS http://localhost:5283/api/v1/codes?includeInactive=false - null null
2026-05-06 14:44:19.718 +07:00 [INF] CORS policy execution successful.
2026-05-06 14:44:19.723 +07:00 [INF] HTTP OPTIONS /api/v1/codes => 204 in 4.9268 ms CorrelationId=be9b1929465141a98bb4d706cb16bc68 UserId=anonymous
2026-05-06 14:44:19.732 +07:00 [INF] HTTP OPTIONS /api/v1/codes responded 204 in 13.2717 ms
2026-05-06 14:44:19.737 +07:00 [INF] Request finished HTTP/1.1 OPTIONS http://localhost:5283/api/v1/codes?includeInactive=false - 204 null null 30.5997ms
2026-05-06 14:44:19.747 +07:00 [INF] Request starting HTTP/1.1 GET http://localhost:5283/api/v1/codes?includeInactive=false - null null
2026-05-06 14:44:19.760 +07:00 [INF] CORS policy execution successful.
2026-05-06 14:44:19.765 +07:00 [INF] Executing endpoint 'ThucLuc.Api.Controllers.V1.CodesController.GetAll (ThucLuc.Api)'
2026-05-06 14:44:19.787 +07:00 [INF] Route matched with {action = "GetAll", controller = "Codes"}. Executing controller action with signature System.Threading.Tasks.Task`1[Microsoft.AspNetCore.Mvc.ActionResult`1[ThucLuc.Api.Common.Models.ApiResponse`1[System.Collections.Generic.IReadOnlyCollection`1[ThucLuc.Application.Features.Codes.CodeDto]]]] GetAll(Boolean, System.Threading.CancellationToken) on controller ThucLuc.Api.Controllers.V1.CodesController (ThucLuc.Api).
2026-05-06 14:44:19.893 +07:00 [INF] Executing OkObjectResult, writing value of type 'ThucLuc.Api.Common.Models.ApiResponse`1[[System.Collections.Generic.IReadOnlyCollection`1[[ThucLuc.Application.Features.Codes.CodeDto, ThucLuc.Application, Version=1.0.0.0, Culture=neutral, PublicKeyToken=null]], System.Private.CoreLib, Version=8.0.0.0, Culture=neutral, PublicKeyToken=7cec85d7bea7798e]]'.
2026-05-06 14:44:19.910 +07:00 [INF] Executed action ThucLuc.Api.Controllers.V1.CodesController.GetAll (ThucLuc.Api) in 108.3756ms
2026-05-06 14:44:19.919 +07:00 [INF] Executed endpoint 'ThucLuc.Api.Controllers.V1.CodesController.GetAll (ThucLuc.Api)'
2026-05-06 14:44:19.925 +07:00 [INF] HTTP GET /api/v1/codes => 200 in 164.815 ms CorrelationId=02d1c835964b479ea4409d14b31a6e09 UserId=5001
2026-05-06 14:44:19.938 +07:00 [INF] HTTP GET /api/v1/codes responded 200 in 178.3357 ms
2026-05-06 14:44:19.949 +07:00 [INF] Request finished HTTP/1.1 GET http://localhost:5283/api/v1/codes?includeInactive=false - 200 null application/json; charset=utf-8 202.3694ms
2026-05-06 14:44:19.968 +07:00 [INF] Request starting HTTP/1.1 OPTIONS http://localhost:5283/api/v1/codes/22 - null null
2026-05-06 14:44:19.978 +07:00 [INF] CORS policy execution successful.
2026-05-06 14:44:19.982 +07:00 [INF] HTTP OPTIONS /api/v1/codes/22 => 204 in 4.1252 ms CorrelationId=c869fae2971c4d478ddd9e83536c3b9a UserId=anonymous
2026-05-06 14:44:19.991 +07:00 [INF] HTTP OPTIONS /api/v1/codes/22 responded 204 in 12.8535 ms
2026-05-06 14:44:20.000 +07:00 [INF] Request finished HTTP/1.1 OPTIONS http://localhost:5283/api/v1/codes/22 - 204 null null 31.6414ms
2026-05-06 14:44:20.011 +07:00 [INF] Request starting HTTP/1.1 GET http://localhost:5283/api/v1/codes/22 - null null
2026-05-06 14:44:20.021 +07:00 [INF] CORS policy execution successful.
2026-05-06 14:44:20.025 +07:00 [INF] Executing endpoint 'ThucLuc.Api.Controllers.V1.CodesController.GetById (ThucLuc.Api)'
2026-05-06 14:44:20.034 +07:00 [INF] Route matched with {action = "GetById", controller = "Codes"}. Executing controller action with signature System.Threading.Tasks.Task`1[Microsoft.AspNetCore.Mvc.ActionResult`1[ThucLuc.Api.Common.Models.ApiResponse`1[ThucLuc.Application.Features.Codes.CodeDto]]] GetById(Int64, System.Threading.CancellationToken) on controller ThucLuc.Api.Controllers.V1.CodesController (ThucLuc.Api).
2026-05-06 14:44:20.111 +07:00 [INF] Executing OkObjectResult, writing value of type 'ThucLuc.Api.Common.Models.ApiResponse`1[[ThucLuc.Application.Features.Codes.CodeDto, ThucLuc.Application, Version=1.0.0.0, Culture=neutral, PublicKeyToken=null]]'.
2026-05-06 14:44:20.120 +07:00 [INF] Executed action ThucLuc.Api.Controllers.V1.CodesController.GetById (ThucLuc.Api) in 78.7225ms
2026-05-06 14:44:20.141 +07:00 [INF] Executed endpoint 'ThucLuc.Api.Controllers.V1.CodesController.GetById (ThucLuc.Api)'
2026-05-06 14:44:20.155 +07:00 [INF] HTTP GET /api/v1/codes/22 => 200 in 133.8307 ms CorrelationId=b372be725d154356b3c807acd29d9d4f UserId=5001
2026-05-06 14:44:20.190 +07:00 [INF] HTTP GET /api/v1/codes/22 responded 200 in 168.5311 ms
2026-05-06 14:44:20.198 +07:00 [INF] Request finished HTTP/1.1 GET http://localhost:5283/api/v1/codes/22 - 200 null application/json; charset=utf-8 187.0662ms
2026-05-06 14:44:24.728 +07:00 [INF] Request starting HTTP/1.1 OPTIONS http://localhost:5283/api/v1/codes/76 - null null
2026-05-06 14:44:24.742 +07:00 [INF] CORS policy execution successful.
2026-05-06 14:44:24.746 +07:00 [INF] HTTP OPTIONS /api/v1/codes/76 => 204 in 3.7366 ms CorrelationId=92a64faddd3f41c38a1ea67be2a3ac5b UserId=anonymous
2026-05-06 14:44:24.758 +07:00 [INF] HTTP OPTIONS /api/v1/codes/76 responded 204 in 15.9542 ms
2026-05-06 14:44:24.767 +07:00 [INF] Request finished HTTP/1.1 OPTIONS http://localhost:5283/api/v1/codes/76 - 204 null null 38.7923ms
2026-05-06 14:44:24.795 +07:00 [INF] Request starting HTTP/1.1 GET http://localhost:5283/api/v1/codes/76 - null null
2026-05-06 14:44:24.807 +07:00 [INF] CORS policy execution successful.
2026-05-06 14:44:24.813 +07:00 [INF] Executing endpoint 'ThucLuc.Api.Controllers.V1.CodesController.GetById (ThucLuc.Api)'
2026-05-06 14:44:24.819 +07:00 [INF] Route matched with {action = "GetById", controller = "Codes"}. Executing controller action with signature System.Threading.Tasks.Task`1[Microsoft.AspNetCore.Mvc.ActionResult`1[ThucLuc.Api.Common.Models.ApiResponse`1[ThucLuc.Application.Features.Codes.CodeDto]]] GetById(Int64, System.Threading.CancellationToken) on controller ThucLuc.Api.Controllers.V1.CodesController (ThucLuc.Api).
2026-05-06 14:44:24.876 +07:00 [INF] Executing OkObjectResult, writing value of type 'ThucLuc.Api.Common.Models.ApiResponse`1[[ThucLuc.Application.Features.Codes.CodeDto, ThucLuc.Application, Version=1.0.0.0, Culture=neutral, PublicKeyToken=null]]'.
2026-05-06 14:44:24.883 +07:00 [INF] Executed action ThucLuc.Api.Controllers.V1.CodesController.GetById (ThucLuc.Api) in 58.4389ms
2026-05-06 14:44:24.890 +07:00 [INF] Executed endpoint 'ThucLuc.Api.Controllers.V1.CodesController.GetById (ThucLuc.Api)'
2026-05-06 14:44:24.895 +07:00 [INF] HTTP GET /api/v1/codes/76 => 200 in 87.1889 ms CorrelationId=5dcdc04f2e154099aaf0f2b205b6e797 UserId=5001
2026-05-06 14:44:24.906 +07:00 [INF] HTTP GET /api/v1/codes/76 responded 200 in 98.2229 ms
2026-05-06 14:44:24.912 +07:00 [INF] Request finished HTTP/1.1 GET http://localhost:5283/api/v1/codes/76 - 200 null application/json; charset=utf-8 117.3448ms
2026-05-06 14:45:02.486 +07:00 [INF] Request starting HTTP/1.1 OPTIONS http://localhost:5283/api/v1/codes/76/values/239 - null null
2026-05-06 14:45:02.502 +07:00 [INF] CORS policy execution successful.
2026-05-06 14:45:02.507 +07:00 [INF] HTTP OPTIONS /api/v1/codes/76/values/239 => 204 in 4.1441 ms CorrelationId=e8ee7a905a02498bb3f2250e7efc9f5b UserId=anonymous
2026-05-06 14:45:02.517 +07:00 [INF] HTTP OPTIONS /api/v1/codes/76/values/239 responded 204 in 14.5858 ms
2026-05-06 14:45:02.525 +07:00 [INF] Request finished HTTP/1.1 OPTIONS http://localhost:5283/api/v1/codes/76/values/239 - 204 null null 38.9561ms
2026-05-06 14:45:02.543 +07:00 [INF] Request starting HTTP/1.1 PUT http://localhost:5283/api/v1/codes/76/values/239 - application/json 127
2026-05-06 14:45:02.554 +07:00 [INF] CORS policy execution successful.
2026-05-06 14:45:02.557 +07:00 [INF] Executing endpoint 'ThucLuc.Api.Controllers.V1.CodesController.UpdateValue (ThucLuc.Api)'
2026-05-06 14:45:02.572 +07:00 [INF] Route matched with {action = "UpdateValue", controller = "Codes"}. Executing controller action with signature System.Threading.Tasks.Task`1[Microsoft.AspNetCore.Mvc.ActionResult`1[ThucLuc.Api.Common.Models.ApiResponse`1[ThucLuc.Application.Features.Codes.CodeValueDto]]] UpdateValue(Int64, Int64, ThucLuc.Application.Features.Codes.UpsertCodeValueRequest, System.Threading.CancellationToken) on controller ThucLuc.Api.Controllers.V1.CodesController (ThucLuc.Api).
2026-05-06 14:45:03.011 +07:00 [INF] Executing OkObjectResult, writing value of type 'ThucLuc.Api.Common.Models.ApiResponse`1[[ThucLuc.Application.Features.Codes.CodeValueDto, ThucLuc.Application, Version=1.0.0.0, Culture=neutral, PublicKeyToken=null]]'.
2026-05-06 14:45:03.023 +07:00 [INF] Executed action ThucLuc.Api.Controllers.V1.CodesController.UpdateValue (ThucLuc.Api) in 439.7945ms
2026-05-06 14:45:03.041 +07:00 [INF] Executed endpoint 'ThucLuc.Api.Controllers.V1.CodesController.UpdateValue (ThucLuc.Api)'
2026-05-06 14:45:03.046 +07:00 [INF] HTTP PUT /api/v1/codes/76/values/239 => 200 in 492 ms CorrelationId=29f3d90f4c64486bbf902c543877fa26 UserId=5001
2026-05-06 14:45:03.058 +07:00 [INF] HTTP PUT /api/v1/codes/76/values/239 responded 200 in 503.9229 ms
2026-05-06 14:45:03.071 +07:00 [INF] Request finished HTTP/1.1 PUT http://localhost:5283/api/v1/codes/76/values/239 - 200 null application/json; charset=utf-8 527.9399ms
2026-05-06 14:45:03.088 +07:00 [INF] Request starting HTTP/1.1 OPTIONS http://localhost:5283/api/v1/codes/76/values/240 - null null
2026-05-06 14:45:03.105 +07:00 [INF] CORS policy execution successful.
2026-05-06 14:45:03.111 +07:00 [INF] HTTP OPTIONS /api/v1/codes/76/values/240 => 204 in 5.3343 ms CorrelationId=5579bab222154a93adc811763eacaee7 UserId=anonymous
2026-05-06 14:45:03.123 +07:00 [INF] HTTP OPTIONS /api/v1/codes/76/values/240 responded 204 in 17.8381 ms
2026-05-06 14:45:03.136 +07:00 [INF] Request finished HTTP/1.1 OPTIONS http://localhost:5283/api/v1/codes/76/values/240 - 204 null null 46.995ms
2026-05-06 14:45:03.154 +07:00 [INF] Request starting HTTP/1.1 PUT http://localhost:5283/api/v1/codes/76/values/240 - application/json 68
2026-05-06 14:45:03.171 +07:00 [INF] CORS policy execution successful.
2026-05-06 14:45:03.176 +07:00 [INF] Executing endpoint 'ThucLuc.Api.Controllers.V1.CodesController.UpdateValue (ThucLuc.Api)'
2026-05-06 14:45:03.183 +07:00 [INF] Route matched with {action = "UpdateValue", controller = "Codes"}. Executing controller action with signature System.Threading.Tasks.Task`1[Microsoft.AspNetCore.Mvc.ActionResult`1[ThucLuc.Api.Common.Models.ApiResponse`1[ThucLuc.Application.Features.Codes.CodeValueDto]]] UpdateValue(Int64, Int64, ThucLuc.Application.Features.Codes.UpsertCodeValueRequest, System.Threading.CancellationToken) on controller ThucLuc.Api.Controllers.V1.CodesController (ThucLuc.Api).
2026-05-06 14:45:03.314 +07:00 [INF] Executing OkObjectResult, writing value of type 'ThucLuc.Api.Common.Models.ApiResponse`1[[ThucLuc.Application.Features.Codes.CodeValueDto, ThucLuc.Application, Version=1.0.0.0, Culture=neutral, PublicKeyToken=null]]'.
2026-05-06 14:45:03.326 +07:00 [INF] Executed action ThucLuc.Api.Controllers.V1.CodesController.UpdateValue (ThucLuc.Api) in 130.435ms
2026-05-06 14:45:03.337 +07:00 [INF] Executed endpoint 'ThucLuc.Api.Controllers.V1.CodesController.UpdateValue (ThucLuc.Api)'
2026-05-06 14:45:03.347 +07:00 [INF] HTTP PUT /api/v1/codes/76/values/240 => 200 in 175.9274 ms CorrelationId=792ded84c5be413bae3d0c78e865a7da UserId=5001
2026-05-06 14:45:03.361 +07:00 [INF] HTTP PUT /api/v1/codes/76/values/240 responded 200 in 190.3079 ms
2026-05-06 14:45:03.371 +07:00 [INF] Request finished HTTP/1.1 PUT http://localhost:5283/api/v1/codes/76/values/240 - 200 null application/json; charset=utf-8 216.1158ms
2026-05-06 14:45:03.391 +07:00 [INF] Request starting HTTP/1.1 PUT http://localhost:5283/api/v1/codes/76/values/239 - application/json 83
2026-05-06 14:45:03.409 +07:00 [INF] CORS policy execution successful.
2026-05-06 14:45:03.417 +07:00 [INF] Executing endpoint 'ThucLuc.Api.Controllers.V1.CodesController.UpdateValue (ThucLuc.Api)'
2026-05-06 14:45:03.423 +07:00 [INF] Route matched with {action = "UpdateValue", controller = "Codes"}. Executing controller action with signature System.Threading.Tasks.Task`1[Microsoft.AspNetCore.Mvc.ActionResult`1[ThucLuc.Api.Common.Models.ApiResponse`1[ThucLuc.Application.Features.Codes.CodeValueDto]]] UpdateValue(Int64, Int64, ThucLuc.Application.Features.Codes.UpsertCodeValueRequest, System.Threading.CancellationToken) on controller ThucLuc.Api.Controllers.V1.CodesController (ThucLuc.Api).
2026-05-06 14:45:03.592 +07:00 [INF] Executing OkObjectResult, writing value of type 'ThucLuc.Api.Common.Models.ApiResponse`1[[ThucLuc.Application.Features.Codes.CodeValueDto, ThucLuc.Application, Version=1.0.0.0, Culture=neutral, PublicKeyToken=null]]'.
2026-05-06 14:45:03.602 +07:00 [INF] Executed action ThucLuc.Api.Controllers.V1.CodesController.UpdateValue (ThucLuc.Api) in 167.5214ms
2026-05-06 14:45:03.612 +07:00 [INF] Executed endpoint 'ThucLuc.Api.Controllers.V1.CodesController.UpdateValue (ThucLuc.Api)'
2026-05-06 14:45:03.621 +07:00 [INF] HTTP PUT /api/v1/codes/76/values/239 => 200 in 211.1119 ms CorrelationId=de1be47cc78e49849cbbe3a2a0d2c75c UserId=5001
2026-05-06 14:45:03.636 +07:00 [INF] HTTP PUT /api/v1/codes/76/values/239 responded 200 in 226.6919 ms
2026-05-06 14:45:03.648 +07:00 [INF] Request finished HTTP/1.1 PUT http://localhost:5283/api/v1/codes/76/values/239 - 200 null application/json; charset=utf-8 256.9918ms
2026-05-06 14:45:03.672 +07:00 [INF] Request starting HTTP/1.1 OPTIONS http://localhost:5283/api/v1/codes/76 - null null
2026-05-06 14:45:03.691 +07:00 [INF] CORS policy execution successful.
2026-05-06 14:45:03.697 +07:00 [INF] HTTP OPTIONS /api/v1/codes/76 => 204 in 6.7686 ms CorrelationId=82ea2d2d5f8140fc87604630103ff006 UserId=anonymous
2026-05-06 14:45:03.713 +07:00 [INF] HTTP OPTIONS /api/v1/codes/76 responded 204 in 22.7288 ms
2026-05-06 14:45:03.725 +07:00 [INF] Request finished HTTP/1.1 OPTIONS http://localhost:5283/api/v1/codes/76 - 204 null null 52.9819ms
2026-05-06 14:45:03.742 +07:00 [INF] Request starting HTTP/1.1 GET http://localhost:5283/api/v1/codes/76 - null null
2026-05-06 14:45:03.758 +07:00 [INF] CORS policy execution successful.
2026-05-06 14:45:03.764 +07:00 [INF] Executing endpoint 'ThucLuc.Api.Controllers.V1.CodesController.GetById (ThucLuc.Api)'
2026-05-06 14:45:03.771 +07:00 [INF] Route matched with {action = "GetById", controller = "Codes"}. Executing controller action with signature System.Threading.Tasks.Task`1[Microsoft.AspNetCore.Mvc.ActionResult`1[ThucLuc.Api.Common.Models.ApiResponse`1[ThucLuc.Application.Features.Codes.CodeDto]]] GetById(Int64, System.Threading.CancellationToken) on controller ThucLuc.Api.Controllers.V1.CodesController (ThucLuc.Api).
2026-05-06 14:45:03.789 +07:00 [INF] Executing OkObjectResult, writing value of type 'ThucLuc.Api.Common.Models.ApiResponse`1[[ThucLuc.Application.Features.Codes.CodeDto, ThucLuc.Application, Version=1.0.0.0, Culture=neutral, PublicKeyToken=null]]'.
2026-05-06 14:45:03.796 +07:00 [INF] Executed action ThucLuc.Api.Controllers.V1.CodesController.GetById (ThucLuc.Api) in 12.6192ms
2026-05-06 14:45:03.803 +07:00 [INF] Executed endpoint 'ThucLuc.Api.Controllers.V1.CodesController.GetById (ThucLuc.Api)'
2026-05-06 14:45:03.808 +07:00 [INF] HTTP GET /api/v1/codes/76 => 200 in 50.3449 ms CorrelationId=3a501ffcafb049488674eb35cbffe107 UserId=5001
2026-05-06 14:45:03.820 +07:00 [INF] HTTP GET /api/v1/codes/76 responded 200 in 62.4510 ms
2026-05-06 14:45:03.828 +07:00 [INF] Request finished HTTP/1.1 GET http://localhost:5283/api/v1/codes/76 - 200 null application/json; charset=utf-8 85.4706ms
2026-05-06 14:45:21.582 +07:00 [INF] Request starting HTTP/1.1 OPTIONS http://localhost:5283/api/v1/codes/76/values/238 - null null
2026-05-06 14:45:21.602 +07:00 [INF] CORS policy execution successful.
2026-05-06 14:45:21.610 +07:00 [INF] HTTP OPTIONS /api/v1/codes/76/values/238 => 204 in 8.1353 ms CorrelationId=7f421e66947f4d4c9d75cbb31ba1ec11 UserId=anonymous
2026-05-06 14:45:21.624 +07:00 [INF] HTTP OPTIONS /api/v1/codes/76/values/238 responded 204 in 22.0216 ms
2026-05-06 14:45:21.638 +07:00 [INF] Request finished HTTP/1.1 OPTIONS http://localhost:5283/api/v1/codes/76/values/238 - 204 null null 55.6201ms
2026-05-06 14:45:21.661 +07:00 [INF] Request starting HTTP/1.1 PUT http://localhost:5283/api/v1/codes/76/values/238 - application/json 71
2026-05-06 14:45:21.679 +07:00 [INF] CORS policy execution successful.
2026-05-06 14:45:21.684 +07:00 [INF] Executing endpoint 'ThucLuc.Api.Controllers.V1.CodesController.UpdateValue (ThucLuc.Api)'
2026-05-06 14:45:21.692 +07:00 [INF] Route matched with {action = "UpdateValue", controller = "Codes"}. Executing controller action with signature System.Threading.Tasks.Task`1[Microsoft.AspNetCore.Mvc.ActionResult`1[ThucLuc.Api.Common.Models.ApiResponse`1[ThucLuc.Application.Features.Codes.CodeValueDto]]] UpdateValue(Int64, Int64, ThucLuc.Application.Features.Codes.UpsertCodeValueRequest, System.Threading.CancellationToken) on controller ThucLuc.Api.Controllers.V1.CodesController (ThucLuc.Api).
2026-05-06 14:45:21.752 +07:00 [INF] Executing OkObjectResult, writing value of type 'ThucLuc.Api.Common.Models.ApiResponse`1[[ThucLuc.Application.Features.Codes.CodeValueDto, ThucLuc.Application, Version=1.0.0.0, Culture=neutral, PublicKeyToken=null]]'.
2026-05-06 14:45:21.760 +07:00 [INF] Executed action ThucLuc.Api.Controllers.V1.CodesController.UpdateValue (ThucLuc.Api) in 56.927ms
2026-05-06 14:45:21.768 +07:00 [INF] Executed endpoint 'ThucLuc.Api.Controllers.V1.CodesController.UpdateValue (ThucLuc.Api)'
2026-05-06 14:45:21.774 +07:00 [INF] HTTP PUT /api/v1/codes/76/values/238 => 200 in 94.8323 ms CorrelationId=55fbe1eac21a4401bafc72788a0b5847 UserId=5001
2026-05-06 14:45:21.788 +07:00 [INF] HTTP PUT /api/v1/codes/76/values/238 responded 200 in 108.4324 ms
2026-05-06 14:45:21.799 +07:00 [INF] Request finished HTTP/1.1 PUT http://localhost:5283/api/v1/codes/76/values/238 - 200 null application/json; charset=utf-8 137.2355ms
2026-05-06 14:45:21.820 +07:00 [INF] Request starting HTTP/1.1 OPTIONS http://localhost:5283/api/v1/codes/76 - null null
2026-05-06 14:45:21.834 +07:00 [INF] CORS policy execution successful.
2026-05-06 14:45:21.838 +07:00 [INF] HTTP OPTIONS /api/v1/codes/76 => 204 in 4.2141 ms CorrelationId=8db8c8b131d94f5c900672ed22c98a12 UserId=anonymous
2026-05-06 14:45:21.852 +07:00 [INF] HTTP OPTIONS /api/v1/codes/76 responded 204 in 18.2814 ms
2026-05-06 14:45:21.864 +07:00 [INF] Request finished HTTP/1.1 OPTIONS http://localhost:5283/api/v1/codes/76 - 204 null null 44.5768ms
2026-05-06 14:45:21.882 +07:00 [INF] Request starting HTTP/1.1 GET http://localhost:5283/api/v1/codes/76 - null null
2026-05-06 14:45:21.898 +07:00 [INF] CORS policy execution successful.
2026-05-06 14:45:21.902 +07:00 [INF] Executing endpoint 'ThucLuc.Api.Controllers.V1.CodesController.GetById (ThucLuc.Api)'
2026-05-06 14:45:21.907 +07:00 [INF] Route matched with {action = "GetById", controller = "Codes"}. Executing controller action with signature System.Threading.Tasks.Task`1[Microsoft.AspNetCore.Mvc.ActionResult`1[ThucLuc.Api.Common.Models.ApiResponse`1[ThucLuc.Application.Features.Codes.CodeDto]]] GetById(Int64, System.Threading.CancellationToken) on controller ThucLuc.Api.Controllers.V1.CodesController (ThucLuc.Api).
2026-05-06 14:45:21.922 +07:00 [INF] Executing OkObjectResult, writing value of type 'ThucLuc.Api.Common.Models.ApiResponse`1[[ThucLuc.Application.Features.Codes.CodeDto, ThucLuc.Application, Version=1.0.0.0, Culture=neutral, PublicKeyToken=null]]'.
2026-05-06 14:45:21.930 +07:00 [INF] Executed action ThucLuc.Api.Controllers.V1.CodesController.GetById (ThucLuc.Api) in 12.7863ms
2026-05-06 14:45:21.937 +07:00 [INF] Executed endpoint 'ThucLuc.Api.Controllers.V1.CodesController.GetById (ThucLuc.Api)'
2026-05-06 14:45:21.946 +07:00 [INF] HTTP GET /api/v1/codes/76 => 200 in 48.1017 ms CorrelationId=3ed423f4552f430eae5efa650c97fb0e UserId=5001
2026-05-06 14:45:21.960 +07:00 [INF] HTTP GET /api/v1/codes/76 responded 200 in 62.8813 ms
2026-05-06 14:45:21.970 +07:00 [INF] Request finished HTTP/1.1 GET http://localhost:5283/api/v1/codes/76 - 200 null application/json; charset=utf-8 87.8297ms
2026-05-06 14:45:47.214 +07:00 [INF] Request starting HTTP/1.1 OPTIONS http://localhost:5283/api/v1/codes/76/values/237 - null null
2026-05-06 14:45:47.285 +07:00 [INF] CORS policy execution successful.
2026-05-06 14:45:47.329 +07:00 [INF] HTTP OPTIONS /api/v1/codes/76/values/237 => 204 in 44.6324 ms CorrelationId=c56bbd3436824ea5b61164cc95a5183e UserId=anonymous
2026-05-06 14:45:47.384 +07:00 [INF] HTTP OPTIONS /api/v1/codes/76/values/237 responded 204 in 99.3134 ms
2026-05-06 14:45:47.390 +07:00 [INF] Request finished HTTP/1.1 OPTIONS http://localhost:5283/api/v1/codes/76/values/237 - 204 null null 175.8478ms
2026-05-06 14:45:47.402 +07:00 [INF] Request starting HTTP/1.1 PUT http://localhost:5283/api/v1/codes/76/values/237 - application/json 69
2026-05-06 14:45:47.411 +07:00 [INF] CORS policy execution successful.
2026-05-06 14:45:47.414 +07:00 [INF] Executing endpoint 'ThucLuc.Api.Controllers.V1.CodesController.UpdateValue (ThucLuc.Api)'
2026-05-06 14:45:47.422 +07:00 [INF] Route matched with {action = "UpdateValue", controller = "Codes"}. Executing controller action with signature System.Threading.Tasks.Task`1[Microsoft.AspNetCore.Mvc.ActionResult`1[ThucLuc.Api.Common.Models.ApiResponse`1[ThucLuc.Application.Features.Codes.CodeValueDto]]] UpdateValue(Int64, Int64, ThucLuc.Application.Features.Codes.UpsertCodeValueRequest, System.Threading.CancellationToken) on controller ThucLuc.Api.Controllers.V1.CodesController (ThucLuc.Api).
2026-05-06 14:45:47.470 +07:00 [INF] Executing OkObjectResult, writing value of type 'ThucLuc.Api.Common.Models.ApiResponse`1[[ThucLuc.Application.Features.Codes.CodeValueDto, ThucLuc.Application, Version=1.0.0.0, Culture=neutral, PublicKeyToken=null]]'.
2026-05-06 14:45:47.475 +07:00 [INF] Executed action ThucLuc.Api.Controllers.V1.CodesController.UpdateValue (ThucLuc.Api) in 43.8709ms
2026-05-06 14:45:47.479 +07:00 [INF] Executed endpoint 'ThucLuc.Api.Controllers.V1.CodesController.UpdateValue (ThucLuc.Api)'
2026-05-06 14:45:47.482 +07:00 [INF] HTTP PUT /api/v1/codes/76/values/237 => 200 in 70.8157 ms CorrelationId=093273160aae40dfb1c3ab092098536c UserId=5001
2026-05-06 14:45:47.488 +07:00 [INF] HTTP PUT /api/v1/codes/76/values/237 responded 200 in 77.1989 ms
2026-05-06 14:45:47.494 +07:00 [INF] Request finished HTTP/1.1 PUT http://localhost:5283/api/v1/codes/76/values/237 - 200 null application/json; charset=utf-8 91.8379ms
2026-05-06 14:45:47.505 +07:00 [INF] Request starting HTTP/1.1 OPTIONS http://localhost:5283/api/v1/codes/76 - null null
2026-05-06 14:45:47.513 +07:00 [INF] CORS policy execution successful.
2026-05-06 14:45:47.516 +07:00 [INF] HTTP OPTIONS /api/v1/codes/76 => 204 in 2.5696 ms CorrelationId=e87c34d4adc0400fbc8c13fa224b7ff9 UserId=anonymous
2026-05-06 14:45:47.523 +07:00 [INF] HTTP OPTIONS /api/v1/codes/76 responded 204 in 9.8607 ms
2026-05-06 14:45:47.529 +07:00 [INF] Request finished HTTP/1.1 OPTIONS http://localhost:5283/api/v1/codes/76 - 204 null null 24.6306ms
2026-05-06 14:45:47.539 +07:00 [INF] Request starting HTTP/1.1 GET http://localhost:5283/api/v1/codes/76 - null null
2026-05-06 14:45:47.548 +07:00 [INF] CORS policy execution successful.
2026-05-06 14:45:47.551 +07:00 [INF] Executing endpoint 'ThucLuc.Api.Controllers.V1.CodesController.GetById (ThucLuc.Api)'
2026-05-06 14:45:47.555 +07:00 [INF] Route matched with {action = "GetById", controller = "Codes"}. Executing controller action with signature System.Threading.Tasks.Task`1[Microsoft.AspNetCore.Mvc.ActionResult`1[ThucLuc.Api.Common.Models.ApiResponse`1[ThucLuc.Application.Features.Codes.CodeDto]]] GetById(Int64, System.Threading.CancellationToken) on controller ThucLuc.Api.Controllers.V1.CodesController (ThucLuc.Api).
2026-05-06 14:45:47.567 +07:00 [INF] Executing OkObjectResult, writing value of type 'ThucLuc.Api.Common.Models.ApiResponse`1[[ThucLuc.Application.Features.Codes.CodeDto, ThucLuc.Application, Version=1.0.0.0, Culture=neutral, PublicKeyToken=null]]'.
2026-05-06 14:45:47.571 +07:00 [INF] Executed action ThucLuc.Api.Controllers.V1.CodesController.GetById (ThucLuc.Api) in 10.8651ms
2026-05-06 14:45:47.575 +07:00 [INF] Executed endpoint 'ThucLuc.Api.Controllers.V1.CodesController.GetById (ThucLuc.Api)'
2026-05-06 14:45:47.578 +07:00 [INF] HTTP GET /api/v1/codes/76 => 200 in 30.8078 ms CorrelationId=e2bae848e74b43e2bcfd620fff11f81a UserId=5001
2026-05-06 14:45:47.586 +07:00 [INF] HTTP GET /api/v1/codes/76 responded 200 in 38.0726 ms
2026-05-06 14:45:47.592 +07:00 [INF] Request finished HTTP/1.1 GET http://localhost:5283/api/v1/codes/76 - 200 null application/json; charset=utf-8 52.4083ms
2026-05-06 14:45:54.873 +07:00 [INF] Request starting HTTP/1.1 OPTIONS http://localhost:5283/api/v1/codes/76/values/238 - null null
2026-05-06 14:45:54.892 +07:00 [INF] CORS policy execution successful.
2026-05-06 14:45:54.897 +07:00 [INF] HTTP OPTIONS /api/v1/codes/76/values/238 => 204 in 5.1042 ms CorrelationId=2ba3a648546c44c18d4d0159858997d6 UserId=anonymous
2026-05-06 14:45:54.909 +07:00 [INF] HTTP OPTIONS /api/v1/codes/76/values/238 responded 204 in 17.1265 ms
2026-05-06 14:45:54.922 +07:00 [INF] Request finished HTTP/1.1 OPTIONS http://localhost:5283/api/v1/codes/76/values/238 - 204 null null 48.9265ms
2026-05-06 14:45:54.945 +07:00 [INF] Request starting HTTP/1.1 PUT http://localhost:5283/api/v1/codes/76/values/238 - application/json 65
2026-05-06 14:45:54.963 +07:00 [INF] CORS policy execution successful.
2026-05-06 14:45:54.969 +07:00 [INF] Executing endpoint 'ThucLuc.Api.Controllers.V1.CodesController.UpdateValue (ThucLuc.Api)'
2026-05-06 14:45:54.977 +07:00 [INF] Route matched with {action = "UpdateValue", controller = "Codes"}. Executing controller action with signature System.Threading.Tasks.Task`1[Microsoft.AspNetCore.Mvc.ActionResult`1[ThucLuc.Api.Common.Models.ApiResponse`1[ThucLuc.Application.Features.Codes.CodeValueDto]]] UpdateValue(Int64, Int64, ThucLuc.Application.Features.Codes.UpsertCodeValueRequest, System.Threading.CancellationToken) on controller ThucLuc.Api.Controllers.V1.CodesController (ThucLuc.Api).
2026-05-06 14:45:55.044 +07:00 [INF] Executing OkObjectResult, writing value of type 'ThucLuc.Api.Common.Models.ApiResponse`1[[ThucLuc.Application.Features.Codes.CodeValueDto, ThucLuc.Application, Version=1.0.0.0, Culture=neutral, PublicKeyToken=null]]'.
2026-05-06 14:45:55.054 +07:00 [INF] Executed action ThucLuc.Api.Controllers.V1.CodesController.UpdateValue (ThucLuc.Api) in 66.1079ms
2026-05-06 14:45:55.063 +07:00 [INF] Executed endpoint 'ThucLuc.Api.Controllers.V1.CodesController.UpdateValue (ThucLuc.Api)'
2026-05-06 14:45:55.069 +07:00 [INF] HTTP PUT /api/v1/codes/76/values/238 => 200 in 106.3243 ms CorrelationId=a262343ef39d45bda048f27aac0e4e0f UserId=5001
2026-05-06 14:45:55.084 +07:00 [INF] HTTP PUT /api/v1/codes/76/values/238 responded 200 in 120.7978 ms
2026-05-06 14:45:55.094 +07:00 [INF] Request finished HTTP/1.1 PUT http://localhost:5283/api/v1/codes/76/values/238 - 200 null application/json; charset=utf-8 149.201ms
2026-05-06 14:45:55.113 +07:00 [INF] Request starting HTTP/1.1 OPTIONS http://localhost:5283/api/v1/codes/76 - null null
2026-05-06 14:45:55.127 +07:00 [INF] CORS policy execution successful.
2026-05-06 14:45:55.131 +07:00 [INF] HTTP OPTIONS /api/v1/codes/76 => 204 in 4.4236 ms CorrelationId=3b191eee956b40ad9da354d0d62c2e0f UserId=anonymous
2026-05-06 14:45:55.195 +07:00 [INF] HTTP OPTIONS /api/v1/codes/76 responded 204 in 67.8541 ms
2026-05-06 14:45:55.228 +07:00 [INF] Request finished HTTP/1.1 OPTIONS http://localhost:5283/api/v1/codes/76 - 204 null null 114.8417ms
2026-05-06 14:45:55.241 +07:00 [INF] Request starting HTTP/1.1 GET http://localhost:5283/api/v1/codes/76 - null null
2026-05-06 14:45:55.257 +07:00 [INF] CORS policy execution successful.
2026-05-06 14:45:55.260 +07:00 [INF] Executing endpoint 'ThucLuc.Api.Controllers.V1.CodesController.GetById (ThucLuc.Api)'
2026-05-06 14:45:55.264 +07:00 [INF] Route matched with {action = "GetById", controller = "Codes"}. Executing controller action with signature System.Threading.Tasks.Task`1[Microsoft.AspNetCore.Mvc.ActionResult`1[ThucLuc.Api.Common.Models.ApiResponse`1[ThucLuc.Application.Features.Codes.CodeDto]]] GetById(Int64, System.Threading.CancellationToken) on controller ThucLuc.Api.Controllers.V1.CodesController (ThucLuc.Api).
2026-05-06 14:45:55.275 +07:00 [INF] Executing OkObjectResult, writing value of type 'ThucLuc.Api.Common.Models.ApiResponse`1[[ThucLuc.Application.Features.Codes.CodeDto, ThucLuc.Application, Version=1.0.0.0, Culture=neutral, PublicKeyToken=null]]'.
2026-05-06 14:45:55.279 +07:00 [INF] Executed action ThucLuc.Api.Controllers.V1.CodesController.GetById (ThucLuc.Api) in 9.1556ms
2026-05-06 14:45:55.284 +07:00 [INF] Executed endpoint 'ThucLuc.Api.Controllers.V1.CodesController.GetById (ThucLuc.Api)'
2026-05-06 14:45:55.287 +07:00 [INF] HTTP GET /api/v1/codes/76 => 200 in 29.6198 ms CorrelationId=a26b152b35104b6bafc89adfb035b088 UserId=5001
2026-05-06 14:45:55.293 +07:00 [INF] HTTP GET /api/v1/codes/76 responded 200 in 36.4465 ms
2026-05-06 14:45:55.301 +07:00 [INF] Request finished HTTP/1.1 GET http://localhost:5283/api/v1/codes/76 - 200 null application/json; charset=utf-8 59.557ms
2026-05-06 14:46:09.575 +07:00 [INF] Request starting HTTP/1.1 OPTIONS http://localhost:5283/api/v1/codes/by-code/LOAI_MANG_GIAM_SAT - null null
2026-05-06 14:46:09.589 +07:00 [INF] Request starting HTTP/1.1 OPTIONS http://localhost:5283/api/v1/codes/by-code/LOP_GIAM_SAT - null null
2026-05-06 14:46:09.590 +07:00 [INF] Request starting HTTP/1.1 OPTIONS http://localhost:5283/api/v1/codes/by-code/THUC_TRANG_GIAM_SAT - null null
2026-05-06 14:46:09.592 +07:00 [INF] CORS policy execution successful.
2026-05-06 14:46:09.613 +07:00 [INF] CORS policy execution successful.
2026-05-06 14:46:09.627 +07:00 [INF] CORS policy execution successful.
2026-05-06 14:46:09.633 +07:00 [INF] HTTP OPTIONS /api/v1/codes/by-code/LOAI_MANG_GIAM_SAT => 204 in 40.2937 ms CorrelationId=775e0533602c47048c8ba6d7fc85dd1f UserId=anonymous
2026-05-06 14:46:09.638 +07:00 [INF] HTTP OPTIONS /api/v1/codes/by-code/LOP_GIAM_SAT => 204 in 24.7817 ms CorrelationId=9c54cb4b331e48b89d21f921107ab9b4 UserId=anonymous
2026-05-06 14:46:09.644 +07:00 [INF] HTTP OPTIONS /api/v1/codes/by-code/THUC_TRANG_GIAM_SAT => 204 in 16.3877 ms CorrelationId=5948207aae9445c5b027de16cf6b07ff UserId=anonymous
2026-05-06 14:46:09.654 +07:00 [INF] HTTP OPTIONS /api/v1/codes/by-code/LOAI_MANG_GIAM_SAT responded 204 in 61.5758 ms
2026-05-06 14:46:09.669 +07:00 [INF] HTTP OPTIONS /api/v1/codes/by-code/LOP_GIAM_SAT responded 204 in 56.6266 ms
2026-05-06 14:46:09.685 +07:00 [INF] HTTP OPTIONS /api/v1/codes/by-code/THUC_TRANG_GIAM_SAT responded 204 in 57.9645 ms
2026-05-06 14:46:09.697 +07:00 [INF] Request finished HTTP/1.1 OPTIONS http://localhost:5283/api/v1/codes/by-code/LOAI_MANG_GIAM_SAT - 204 null null 122.0824ms
2026-05-06 14:46:09.706 +07:00 [INF] Request finished HTTP/1.1 OPTIONS http://localhost:5283/api/v1/codes/by-code/LOP_GIAM_SAT - 204 null null 116.7981ms
2026-05-06 14:46:09.718 +07:00 [INF] Request finished HTTP/1.1 OPTIONS http://localhost:5283/api/v1/codes/by-code/THUC_TRANG_GIAM_SAT - 204 null null 127.1722ms
2026-05-06 14:46:09.733 +07:00 [INF] Request starting HTTP/1.1 GET http://localhost:5283/api/v1/codes/by-code/LOP_GIAM_SAT - null null
2026-05-06 14:46:09.751 +07:00 [INF] Request starting HTTP/1.1 GET http://localhost:5283/api/v1/codes/by-code/LOAI_MANG_GIAM_SAT - null null
2026-05-06 14:46:09.769 +07:00 [INF] Request starting HTTP/1.1 GET http://localhost:5283/api/v1/codes/by-code/THUC_TRANG_GIAM_SAT - null null
2026-05-06 14:46:09.785 +07:00 [INF] CORS policy execution successful.
2026-05-06 14:46:09.800 +07:00 [INF] CORS policy execution successful.
2026-05-06 14:46:09.817 +07:00 [INF] CORS policy execution successful.
2026-05-06 14:46:09.823 +07:00 [INF] Executing endpoint 'ThucLuc.Api.Controllers.V1.CodesController.GetByCode (ThucLuc.Api)'
2026-05-06 14:46:09.829 +07:00 [INF] Executing endpoint 'ThucLuc.Api.Controllers.V1.CodesController.GetByCode (ThucLuc.Api)'
2026-05-06 14:46:09.832 +07:00 [INF] Executing endpoint 'ThucLuc.Api.Controllers.V1.CodesController.GetByCode (ThucLuc.Api)'
2026-05-06 14:46:09.839 +07:00 [INF] Route matched with {action = "GetByCode", controller = "Codes"}. Executing controller action with signature System.Threading.Tasks.Task`1[Microsoft.AspNetCore.Mvc.ActionResult`1[ThucLuc.Api.Common.Models.ApiResponse`1[ThucLuc.Application.Features.Codes.CodeDto]]] GetByCode(System.String, System.Threading.CancellationToken) on controller ThucLuc.Api.Controllers.V1.CodesController (ThucLuc.Api).
2026-05-06 14:46:09.846 +07:00 [INF] Route matched with {action = "GetByCode", controller = "Codes"}. Executing controller action with signature System.Threading.Tasks.Task`1[Microsoft.AspNetCore.Mvc.ActionResult`1[ThucLuc.Api.Common.Models.ApiResponse`1[ThucLuc.Application.Features.Codes.CodeDto]]] GetByCode(System.String, System.Threading.CancellationToken) on controller ThucLuc.Api.Controllers.V1.CodesController (ThucLuc.Api).
2026-05-06 14:46:09.851 +07:00 [INF] Route matched with {action = "GetByCode", controller = "Codes"}. Executing controller action with signature System.Threading.Tasks.Task`1[Microsoft.AspNetCore.Mvc.ActionResult`1[ThucLuc.Api.Common.Models.ApiResponse`1[ThucLuc.Application.Features.Codes.CodeDto]]] GetByCode(System.String, System.Threading.CancellationToken) on controller ThucLuc.Api.Controllers.V1.CodesController (ThucLuc.Api).
2026-05-06 14:46:09.869 +07:00 [INF] Executing OkObjectResult, writing value of type 'ThucLuc.Api.Common.Models.ApiResponse`1[[ThucLuc.Application.Features.Codes.CodeDto, ThucLuc.Application, Version=1.0.0.0, Culture=neutral, PublicKeyToken=null]]'.
2026-05-06 14:46:09.878 +07:00 [INF] Executing OkObjectResult, writing value of type 'ThucLuc.Api.Common.Models.ApiResponse`1[[ThucLuc.Application.Features.Codes.CodeDto, ThucLuc.Application, Version=1.0.0.0, Culture=neutral, PublicKeyToken=null]]'.
2026-05-06 14:46:09.887 +07:00 [INF] Executed action ThucLuc.Api.Controllers.V1.CodesController.GetByCode (ThucLuc.Api) in 24.8813ms
2026-05-06 14:46:09.887 +07:00 [INF] Executing OkObjectResult, writing value of type 'ThucLuc.Api.Common.Models.ApiResponse`1[[ThucLuc.Application.Features.Codes.CodeDto, ThucLuc.Application, Version=1.0.0.0, Culture=neutral, PublicKeyToken=null]]'.
2026-05-06 14:46:09.894 +07:00 [INF] Executed action ThucLuc.Api.Controllers.V1.CodesController.GetByCode (ThucLuc.Api) in 23.4603ms
2026-05-06 14:46:09.901 +07:00 [INF] Executed endpoint 'ThucLuc.Api.Controllers.V1.CodesController.GetByCode (ThucLuc.Api)'
2026-05-06 14:46:09.906 +07:00 [INF] Executed action ThucLuc.Api.Controllers.V1.CodesController.GetByCode (ThucLuc.Api) in 24.8958ms
2026-05-06 14:46:09.911 +07:00 [INF] Executed endpoint 'ThucLuc.Api.Controllers.V1.CodesController.GetByCode (ThucLuc.Api)'
2026-05-06 14:46:09.917 +07:00 [INF] HTTP GET /api/v1/codes/by-code/LOP_GIAM_SAT => 200 in 131.4744 ms CorrelationId=7da0391cf8654c8d81d00e5959007f24 UserId=5001
2026-05-06 14:46:09.921 +07:00 [INF] Executed endpoint 'ThucLuc.Api.Controllers.V1.CodesController.GetByCode (ThucLuc.Api)'
2026-05-06 14:46:09.926 +07:00 [INF] HTTP GET /api/v1/codes/by-code/LOAI_MANG_GIAM_SAT => 200 in 126.2945 ms CorrelationId=7e77e1e7f9194a4fa473d97f711abf62 UserId=5001
2026-05-06 14:46:09.936 +07:00 [INF] HTTP GET /api/v1/codes/by-code/LOP_GIAM_SAT responded 200 in 150.6812 ms
2026-05-06 14:46:09.941 +07:00 [INF] HTTP GET /api/v1/codes/by-code/THUC_TRANG_GIAM_SAT => 200 in 123.6862 ms CorrelationId=a1393042ddc3472387416c4110728558 UserId=5001
2026-05-06 14:46:09.951 +07:00 [INF] HTTP GET /api/v1/codes/by-code/LOAI_MANG_GIAM_SAT responded 200 in 151.3293 ms
2026-05-06 14:46:09.959 +07:00 [INF] Request finished HTTP/1.1 GET http://localhost:5283/api/v1/codes/by-code/LOP_GIAM_SAT - 200 null application/json; charset=utf-8 226.161ms
2026-05-06 14:46:09.968 +07:00 [INF] HTTP GET /api/v1/codes/by-code/THUC_TRANG_GIAM_SAT responded 200 in 150.5083 ms
2026-05-06 14:46:09.975 +07:00 [INF] Request finished HTTP/1.1 GET http://localhost:5283/api/v1/codes/by-code/LOAI_MANG_GIAM_SAT - 200 null application/json; charset=utf-8 224.3411ms
2026-05-06 14:46:09.995 +07:00 [INF] Request finished HTTP/1.1 GET http://localhost:5283/api/v1/codes/by-code/THUC_TRANG_GIAM_SAT - 200 null application/json; charset=utf-8 225.8748ms
2026-05-06 14:46:10.018 +07:00 [INF] Request starting HTTP/1.1 OPTIONS http://localhost:5283/api/v1/giam-sat-soc?donViId=2001 - null null
2026-05-06 14:46:10.032 +07:00 [INF] CORS policy execution successful.
2026-05-06 14:46:10.036 +07:00 [INF] HTTP OPTIONS /api/v1/giam-sat-soc => 204 in 4.1372 ms CorrelationId=5066e93b104141038d458b5fcd459335 UserId=anonymous
2026-05-06 14:46:10.045 +07:00 [INF] HTTP OPTIONS /api/v1/giam-sat-soc responded 204 in 13.3312 ms
2026-05-06 14:46:10.052 +07:00 [INF] Request finished HTTP/1.1 OPTIONS http://localhost:5283/api/v1/giam-sat-soc?donViId=2001 - 204 null null 34.4666ms
2026-05-06 14:46:10.065 +07:00 [INF] Request starting HTTP/1.1 GET http://localhost:5283/api/v1/giam-sat-soc?donViId=2001 - null null
2026-05-06 14:46:10.074 +07:00 [INF] CORS policy execution successful.
2026-05-06 14:46:10.077 +07:00 [INF] Executing endpoint 'ThucLuc.Api.Controllers.V1.GiamSatSocController.GetAll (ThucLuc.Api)'
2026-05-06 14:46:10.082 +07:00 [INF] Route matched with {action = "GetAll", controller = "GiamSatSoc"}. Executing controller action with signature System.Threading.Tasks.Task`1[Microsoft.AspNetCore.Mvc.ActionResult`1[ThucLuc.Api.Common.Models.ApiResponse`1[System.Collections.Generic.IReadOnlyCollection`1[ThucLuc.Application.Features.GiamSatSoc.GiamSatSocDto]]]] GetAll(ThucLuc.Application.Features.GiamSatSoc.GiamSatSocQuery, System.Threading.CancellationToken) on controller ThucLuc.Api.Controllers.V1.GiamSatSocController (ThucLuc.Api).
2026-05-06 14:46:10.095 +07:00 [INF] Executing OkObjectResult, writing value of type 'ThucLuc.Api.Common.Models.ApiResponse`1[[System.Collections.Generic.IReadOnlyCollection`1[[ThucLuc.Application.Features.GiamSatSoc.GiamSatSocDto, ThucLuc.Application, Version=1.0.0.0, Culture=neutral, PublicKeyToken=null]], System.Private.CoreLib, Version=8.0.0.0, Culture=neutral, PublicKeyToken=7cec85d7bea7798e]]'.
2026-05-06 14:46:10.099 +07:00 [INF] Executed action ThucLuc.Api.Controllers.V1.GiamSatSocController.GetAll (ThucLuc.Api) in 10.9418ms
2026-05-06 14:46:10.106 +07:00 [INF] Executed endpoint 'ThucLuc.Api.Controllers.V1.GiamSatSocController.GetAll (ThucLuc.Api)'
2026-05-06 14:46:10.110 +07:00 [INF] HTTP GET /api/v1/giam-sat-soc => 200 in 35.8837 ms CorrelationId=4e5b1c3d705d484ab388b614dd069df2 UserId=5001
2026-05-06 14:46:10.119 +07:00 [INF] HTTP GET /api/v1/giam-sat-soc responded 200 in 44.6216 ms
2026-05-06 14:46:10.125 +07:00 [INF] Request finished HTTP/1.1 GET http://localhost:5283/api/v1/giam-sat-soc?donViId=2001 - 200 null application/json; charset=utf-8 60.1408ms
2026-05-06 14:46:16.704 +07:00 [INF] Request starting HTTP/1.1 OPTIONS http://localhost:5283/api/v1/codes?includeInactive=false - null null
2026-05-06 14:46:16.722 +07:00 [INF] CORS policy execution successful.
2026-05-06 14:46:16.728 +07:00 [INF] HTTP OPTIONS /api/v1/codes => 204 in 5.6686 ms CorrelationId=1dff720b82ed413596a2aa9177d6fba2 UserId=anonymous
2026-05-06 14:46:16.739 +07:00 [INF] HTTP OPTIONS /api/v1/codes responded 204 in 16.4465 ms
2026-05-06 14:46:16.752 +07:00 [INF] Request finished HTTP/1.1 OPTIONS http://localhost:5283/api/v1/codes?includeInactive=false - 204 null null 48.0364ms
2026-05-06 14:46:16.770 +07:00 [INF] Request starting HTTP/1.1 GET http://localhost:5283/api/v1/codes?includeInactive=false - null null
2026-05-06 14:46:16.787 +07:00 [INF] CORS policy execution successful.
2026-05-06 14:46:16.792 +07:00 [INF] Executing endpoint 'ThucLuc.Api.Controllers.V1.CodesController.GetAll (ThucLuc.Api)'
2026-05-06 14:46:16.800 +07:00 [INF] Route matched with {action = "GetAll", controller = "Codes"}. Executing controller action with signature System.Threading.Tasks.Task`1[Microsoft.AspNetCore.Mvc.ActionResult`1[ThucLuc.Api.Common.Models.ApiResponse`1[System.Collections.Generic.IReadOnlyCollection`1[ThucLuc.Application.Features.Codes.CodeDto]]]] GetAll(Boolean, System.Threading.CancellationToken) on controller ThucLuc.Api.Controllers.V1.CodesController (ThucLuc.Api).
2026-05-06 14:46:16.827 +07:00 [INF] Executing OkObjectResult, writing value of type 'ThucLuc.Api.Common.Models.ApiResponse`1[[System.Collections.Generic.IReadOnlyCollection`1[[ThucLuc.Application.Features.Codes.CodeDto, ThucLuc.Application, Version=1.0.0.0, Culture=neutral, PublicKeyToken=null]], System.Private.CoreLib, Version=8.0.0.0, Culture=neutral, PublicKeyToken=7cec85d7bea7798e]]'.
2026-05-06 14:46:16.837 +07:00 [INF] Executed action ThucLuc.Api.Controllers.V1.CodesController.GetAll (ThucLuc.Api) in 29.4933ms
2026-05-06 14:46:16.844 +07:00 [INF] Executed endpoint 'ThucLuc.Api.Controllers.V1.CodesController.GetAll (ThucLuc.Api)'
2026-05-06 14:46:16.850 +07:00 [INF] HTTP GET /api/v1/codes => 200 in 63.6825 ms CorrelationId=5aa54afdf82745ce989b2202f91f4d84 UserId=5001
2026-05-06 14:46:16.862 +07:00 [INF] HTTP GET /api/v1/codes responded 200 in 75.1772 ms
2026-05-06 14:46:16.870 +07:00 [INF] Request finished HTTP/1.1 GET http://localhost:5283/api/v1/codes?includeInactive=false - 200 null application/json; charset=utf-8 99.66ms
2026-05-06 14:46:16.887 +07:00 [INF] Request starting HTTP/1.1 OPTIONS http://localhost:5283/api/v1/codes/22 - null null
2026-05-06 14:46:16.901 +07:00 [INF] CORS policy execution successful.
2026-05-06 14:46:16.904 +07:00 [INF] HTTP OPTIONS /api/v1/codes/22 => 204 in 3.3825 ms CorrelationId=5b4a05734758448c950cb10dba97e053 UserId=anonymous
2026-05-06 14:46:16.917 +07:00 [INF] HTTP OPTIONS /api/v1/codes/22 responded 204 in 16.0696 ms
2026-05-06 14:46:16.924 +07:00 [INF] Request finished HTTP/1.1 OPTIONS http://localhost:5283/api/v1/codes/22 - 204 null null 37.8195ms
2026-05-06 14:46:16.941 +07:00 [INF] Request starting HTTP/1.1 GET http://localhost:5283/api/v1/codes/22 - null null
2026-05-06 14:46:16.953 +07:00 [INF] CORS policy execution successful.
2026-05-06 14:46:16.957 +07:00 [INF] Executing endpoint 'ThucLuc.Api.Controllers.V1.CodesController.GetById (ThucLuc.Api)'
2026-05-06 14:46:16.963 +07:00 [INF] Route matched with {action = "GetById", controller = "Codes"}. Executing controller action with signature System.Threading.Tasks.Task`1[Microsoft.AspNetCore.Mvc.ActionResult`1[ThucLuc.Api.Common.Models.ApiResponse`1[ThucLuc.Application.Features.Codes.CodeDto]]] GetById(Int64, System.Threading.CancellationToken) on controller ThucLuc.Api.Controllers.V1.CodesController (ThucLuc.Api).
2026-05-06 14:46:16.978 +07:00 [INF] Executing OkObjectResult, writing value of type 'ThucLuc.Api.Common.Models.ApiResponse`1[[ThucLuc.Application.Features.Codes.CodeDto, ThucLuc.Application, Version=1.0.0.0, Culture=neutral, PublicKeyToken=null]]'.
2026-05-06 14:46:16.985 +07:00 [INF] Executed action ThucLuc.Api.Controllers.V1.CodesController.GetById (ThucLuc.Api) in 14.3883ms
2026-05-06 14:46:16.989 +07:00 [INF] Executed endpoint 'ThucLuc.Api.Controllers.V1.CodesController.GetById (ThucLuc.Api)'
2026-05-06 14:46:16.995 +07:00 [INF] HTTP GET /api/v1/codes/22 => 200 in 42.1516 ms CorrelationId=eb5a53ab17fa4565b00b7f713e2d94fd UserId=5001
2026-05-06 14:46:17.007 +07:00 [INF] HTTP GET /api/v1/codes/22 responded 200 in 53.9604 ms
2026-05-06 14:46:17.017 +07:00 [INF] Request finished HTTP/1.1 GET http://localhost:5283/api/v1/codes/22 - 200 null application/json; charset=utf-8 75.7528ms
2026-05-06 14:46:22.262 +07:00 [INF] Request starting HTTP/1.1 OPTIONS http://localhost:5283/api/v1/codes/76 - null null
2026-05-06 14:46:22.280 +07:00 [INF] CORS policy execution successful.
2026-05-06 14:46:22.285 +07:00 [INF] HTTP OPTIONS /api/v1/codes/76 => 204 in 4.4857 ms CorrelationId=1c2d28c96d1242a49415d7c0c774a94e UserId=anonymous
2026-05-06 14:46:22.297 +07:00 [INF] HTTP OPTIONS /api/v1/codes/76 responded 204 in 16.1786 ms
2026-05-06 14:46:22.307 +07:00 [INF] Request finished HTTP/1.1 OPTIONS http://localhost:5283/api/v1/codes/76 - 204 null null 45.2335ms
2026-05-06 14:46:22.321 +07:00 [INF] Request starting HTTP/1.1 GET http://localhost:5283/api/v1/codes/76 - null null
2026-05-06 14:46:22.335 +07:00 [INF] CORS policy execution successful.
2026-05-06 14:46:22.342 +07:00 [INF] Executing endpoint 'ThucLuc.Api.Controllers.V1.CodesController.GetById (ThucLuc.Api)'
2026-05-06 14:46:22.347 +07:00 [INF] Route matched with {action = "GetById", controller = "Codes"}. Executing controller action with signature System.Threading.Tasks.Task`1[Microsoft.AspNetCore.Mvc.ActionResult`1[ThucLuc.Api.Common.Models.ApiResponse`1[ThucLuc.Application.Features.Codes.CodeDto]]] GetById(Int64, System.Threading.CancellationToken) on controller ThucLuc.Api.Controllers.V1.CodesController (ThucLuc.Api).
2026-05-06 14:46:22.362 +07:00 [INF] Executing OkObjectResult, writing value of type 'ThucLuc.Api.Common.Models.ApiResponse`1[[ThucLuc.Application.Features.Codes.CodeDto, ThucLuc.Application, Version=1.0.0.0, Culture=neutral, PublicKeyToken=null]]'.
2026-05-06 14:46:22.368 +07:00 [INF] Executed action ThucLuc.Api.Controllers.V1.CodesController.GetById (ThucLuc.Api) in 12.0567ms
2026-05-06 14:46:22.372 +07:00 [INF] Executed endpoint 'ThucLuc.Api.Controllers.V1.CodesController.GetById (ThucLuc.Api)'
2026-05-06 14:46:22.377 +07:00 [INF] HTTP GET /api/v1/codes/76 => 200 in 41.3062 ms CorrelationId=3cfce49e1fdb48f6a7c3edd5b91853a9 UserId=5001
2026-05-06 14:46:22.385 +07:00 [INF] HTTP GET /api/v1/codes/76 responded 200 in 49.6023 ms
2026-05-06 14:46:22.391 +07:00 [INF] Request finished HTTP/1.1 GET http://localhost:5283/api/v1/codes/76 - 200 null application/json; charset=utf-8 69.5039ms
2026-05-06 14:46:31.232 +07:00 [INF] Request starting HTTP/1.1 OPTIONS http://localhost:5283/api/v1/codes/76/values/237 - null null
2026-05-06 14:46:31.249 +07:00 [INF] CORS policy execution successful.
2026-05-06 14:46:31.253 +07:00 [INF] HTTP OPTIONS /api/v1/codes/76/values/237 => 204 in 4.0041 ms CorrelationId=0d5c8dfc8cb94fbd874bd3370ed94a3f UserId=anonymous
2026-05-06 14:46:31.264 +07:00 [INF] HTTP OPTIONS /api/v1/codes/76/values/237 responded 204 in 14.9491 ms
2026-05-06 14:46:31.270 +07:00 [INF] Request finished HTTP/1.1 OPTIONS http://localhost:5283/api/v1/codes/76/values/237 - 204 null null 37.6666ms
2026-05-06 14:46:31.281 +07:00 [INF] Request starting HTTP/1.1 PUT http://localhost:5283/api/v1/codes/76/values/237 - application/json 76
2026-05-06 14:46:31.295 +07:00 [INF] CORS policy execution successful.
2026-05-06 14:46:31.299 +07:00 [INF] Executing endpoint 'ThucLuc.Api.Controllers.V1.CodesController.UpdateValue (ThucLuc.Api)'
2026-05-06 14:46:31.304 +07:00 [INF] Route matched with {action = "UpdateValue", controller = "Codes"}. Executing controller action with signature System.Threading.Tasks.Task`1[Microsoft.AspNetCore.Mvc.ActionResult`1[ThucLuc.Api.Common.Models.ApiResponse`1[ThucLuc.Application.Features.Codes.CodeValueDto]]] UpdateValue(Int64, Int64, ThucLuc.Application.Features.Codes.UpsertCodeValueRequest, System.Threading.CancellationToken) on controller ThucLuc.Api.Controllers.V1.CodesController (ThucLuc.Api).
2026-05-06 14:46:31.365 +07:00 [INF] Executing OkObjectResult, writing value of type 'ThucLuc.Api.Common.Models.ApiResponse`1[[ThucLuc.Application.Features.Codes.CodeValueDto, ThucLuc.Application, Version=1.0.0.0, Culture=neutral, PublicKeyToken=null]]'.
2026-05-06 14:46:31.372 +07:00 [INF] Executed action ThucLuc.Api.Controllers.V1.CodesController.UpdateValue (ThucLuc.Api) in 61.4098ms
2026-05-06 14:46:31.381 +07:00 [INF] Executed endpoint 'ThucLuc.Api.Controllers.V1.CodesController.UpdateValue (ThucLuc.Api)'
2026-05-06 14:46:31.388 +07:00 [INF] HTTP PUT /api/v1/codes/76/values/237 => 200 in 92.8025 ms CorrelationId=1195f0271ddc48da8d38cd9a80a2a8df UserId=5001
2026-05-06 14:46:31.401 +07:00 [INF] HTTP PUT /api/v1/codes/76/values/237 responded 200 in 106.1997 ms
2026-05-06 14:46:31.411 +07:00 [INF] Request finished HTTP/1.1 PUT http://localhost:5283/api/v1/codes/76/values/237 - 200 null application/json; charset=utf-8 130.2765ms
2026-05-06 14:46:31.426 +07:00 [INF] Request starting HTTP/1.1 OPTIONS http://localhost:5283/api/v1/codes/76 - null null
2026-05-06 14:46:31.439 +07:00 [INF] CORS policy execution successful.
2026-05-06 14:46:31.444 +07:00 [INF] HTTP OPTIONS /api/v1/codes/76 => 204 in 4.5811 ms CorrelationId=2a0be22db4404b1ea4294395d52c2f6c UserId=anonymous
2026-05-06 14:46:31.455 +07:00 [INF] HTTP OPTIONS /api/v1/codes/76 responded 204 in 15.7712 ms
2026-05-06 14:46:31.464 +07:00 [INF] Request finished HTTP/1.1 OPTIONS http://localhost:5283/api/v1/codes/76 - 204 null null 37.9987ms
2026-05-06 14:46:31.479 +07:00 [INF] Request starting HTTP/1.1 GET http://localhost:5283/api/v1/codes/76 - null null
2026-05-06 14:46:31.493 +07:00 [INF] CORS policy execution successful.
2026-05-06 14:46:31.497 +07:00 [INF] Executing endpoint 'ThucLuc.Api.Controllers.V1.CodesController.GetById (ThucLuc.Api)'
2026-05-06 14:46:31.502 +07:00 [INF] Route matched with {action = "GetById", controller = "Codes"}. Executing controller action with signature System.Threading.Tasks.Task`1[Microsoft.AspNetCore.Mvc.ActionResult`1[ThucLuc.Api.Common.Models.ApiResponse`1[ThucLuc.Application.Features.Codes.CodeDto]]] GetById(Int64, System.Threading.CancellationToken) on controller ThucLuc.Api.Controllers.V1.CodesController (ThucLuc.Api).
2026-05-06 14:46:31.514 +07:00 [INF] Executing OkObjectResult, writing value of type 'ThucLuc.Api.Common.Models.ApiResponse`1[[ThucLuc.Application.Features.Codes.CodeDto, ThucLuc.Application, Version=1.0.0.0, Culture=neutral, PublicKeyToken=null]]'.
2026-05-06 14:46:31.519 +07:00 [INF] Executed action ThucLuc.Api.Controllers.V1.CodesController.GetById (ThucLuc.Api) in 9.6524ms
2026-05-06 14:46:31.527 +07:00 [INF] Executed endpoint 'ThucLuc.Api.Controllers.V1.CodesController.GetById (ThucLuc.Api)'
2026-05-06 14:46:31.532 +07:00 [INF] HTTP GET /api/v1/codes/76 => 200 in 38.8541 ms CorrelationId=032ae3fd886e481c9eb34e6e2b5742b1 UserId=5001
2026-05-06 14:46:31.543 +07:00 [INF] HTTP GET /api/v1/codes/76 responded 200 in 50.0435 ms
2026-05-06 14:46:31.553 +07:00 [INF] Request finished HTTP/1.1 GET http://localhost:5283/api/v1/codes/76 - 200 null application/json; charset=utf-8 73.929ms
2026-05-06 14:46:37.652 +07:00 [INF] Request starting HTTP/1.1 OPTIONS http://localhost:5283/api/v1/codes/76/values/238 - null null
2026-05-06 14:46:37.671 +07:00 [INF] CORS policy execution successful.
2026-05-06 14:46:37.676 +07:00 [INF] HTTP OPTIONS /api/v1/codes/76/values/238 => 204 in 4.9204 ms CorrelationId=dee136ecf90549c2b1715d90f5447a26 UserId=anonymous
2026-05-06 14:46:37.688 +07:00 [INF] HTTP OPTIONS /api/v1/codes/76/values/238 responded 204 in 17.8058 ms
2026-05-06 14:46:37.701 +07:00 [INF] Request finished HTTP/1.1 OPTIONS http://localhost:5283/api/v1/codes/76/values/238 - 204 null null 48.6113ms
2026-05-06 14:46:37.721 +07:00 [INF] Request starting HTTP/1.1 PUT http://localhost:5283/api/v1/codes/76/values/238 - application/json 72
2026-05-06 14:46:37.736 +07:00 [INF] CORS policy execution successful.
2026-05-06 14:46:37.739 +07:00 [INF] Executing endpoint 'ThucLuc.Api.Controllers.V1.CodesController.UpdateValue (ThucLuc.Api)'
2026-05-06 14:46:37.745 +07:00 [INF] Route matched with {action = "UpdateValue", controller = "Codes"}. Executing controller action with signature System.Threading.Tasks.Task`1[Microsoft.AspNetCore.Mvc.ActionResult`1[ThucLuc.Api.Common.Models.ApiResponse`1[ThucLuc.Application.Features.Codes.CodeValueDto]]] UpdateValue(Int64, Int64, ThucLuc.Application.Features.Codes.UpsertCodeValueRequest, System.Threading.CancellationToken) on controller ThucLuc.Api.Controllers.V1.CodesController (ThucLuc.Api).
2026-05-06 14:46:37.797 +07:00 [INF] Executing OkObjectResult, writing value of type 'ThucLuc.Api.Common.Models.ApiResponse`1[[ThucLuc.Application.Features.Codes.CodeValueDto, ThucLuc.Application, Version=1.0.0.0, Culture=neutral, PublicKeyToken=null]]'.
2026-05-06 14:46:37.803 +07:00 [INF] Executed action ThucLuc.Api.Controllers.V1.CodesController.UpdateValue (ThucLuc.Api) in 48.362ms
2026-05-06 14:46:37.809 +07:00 [INF] Executed endpoint 'ThucLuc.Api.Controllers.V1.CodesController.UpdateValue (ThucLuc.Api)'
2026-05-06 14:46:37.814 +07:00 [INF] HTTP PUT /api/v1/codes/76/values/238 => 200 in 78.3654 ms CorrelationId=e5113205897c41439fd171168fb738e5 UserId=5001
2026-05-06 14:46:37.825 +07:00 [INF] HTTP PUT /api/v1/codes/76/values/238 responded 200 in 89.4190 ms
2026-05-06 14:46:37.833 +07:00 [INF] Request finished HTTP/1.1 PUT http://localhost:5283/api/v1/codes/76/values/238 - 200 null application/json; charset=utf-8 111.8952ms
2026-05-06 14:46:37.843 +07:00 [INF] Request starting HTTP/1.1 OPTIONS http://localhost:5283/api/v1/codes/76 - null null
2026-05-06 14:46:37.853 +07:00 [INF] CORS policy execution successful.
2026-05-06 14:46:37.855 +07:00 [INF] HTTP OPTIONS /api/v1/codes/76 => 204 in 2.452 ms CorrelationId=9ce65b6a9c764602a746e335119b5105 UserId=anonymous
2026-05-06 14:46:37.863 +07:00 [INF] HTTP OPTIONS /api/v1/codes/76 responded 204 in 10.8649 ms
2026-05-06 14:46:37.869 +07:00 [INF] Request finished HTTP/1.1 OPTIONS http://localhost:5283/api/v1/codes/76 - 204 null null 25.7179ms
2026-05-06 14:46:37.881 +07:00 [INF] Request starting HTTP/1.1 GET http://localhost:5283/api/v1/codes/76 - null null
2026-05-06 14:46:37.892 +07:00 [INF] CORS policy execution successful.
2026-05-06 14:46:37.896 +07:00 [INF] Executing endpoint 'ThucLuc.Api.Controllers.V1.CodesController.GetById (ThucLuc.Api)'
2026-05-06 14:46:37.901 +07:00 [INF] Route matched with {action = "GetById", controller = "Codes"}. Executing controller action with signature System.Threading.Tasks.Task`1[Microsoft.AspNetCore.Mvc.ActionResult`1[ThucLuc.Api.Common.Models.ApiResponse`1[ThucLuc.Application.Features.Codes.CodeDto]]] GetById(Int64, System.Threading.CancellationToken) on controller ThucLuc.Api.Controllers.V1.CodesController (ThucLuc.Api).
2026-05-06 14:46:37.912 +07:00 [INF] Executing OkObjectResult, writing value of type 'ThucLuc.Api.Common.Models.ApiResponse`1[[ThucLuc.Application.Features.Codes.CodeDto, ThucLuc.Application, Version=1.0.0.0, Culture=neutral, PublicKeyToken=null]]'.
2026-05-06 14:46:37.918 +07:00 [INF] Executed action ThucLuc.Api.Controllers.V1.CodesController.GetById (ThucLuc.Api) in 11.0199ms
2026-05-06 14:46:37.924 +07:00 [INF] Executed endpoint 'ThucLuc.Api.Controllers.V1.CodesController.GetById (ThucLuc.Api)'
2026-05-06 14:46:37.928 +07:00 [INF] HTTP GET /api/v1/codes/76 => 200 in 36.7252 ms CorrelationId=e0614334796d4f01a33b24cf7b49ab23 UserId=5001
2026-05-06 14:46:37.938 +07:00 [INF] HTTP GET /api/v1/codes/76 responded 200 in 46.1234 ms
2026-05-06 14:46:37.944 +07:00 [INF] Request finished HTTP/1.1 GET http://localhost:5283/api/v1/codes/76 - 200 null application/json; charset=utf-8 63.5601ms
2026-05-06 14:46:43.299 +07:00 [INF] Request starting HTTP/1.1 OPTIONS http://localhost:5283/api/v1/codes/76/values/240 - null null
2026-05-06 14:46:43.309 +07:00 [INF] CORS policy execution successful.
2026-05-06 14:46:43.312 +07:00 [INF] HTTP OPTIONS /api/v1/codes/76/values/240 => 204 in 3.2559 ms CorrelationId=e006ca9379e940888d149948350ce74b UserId=anonymous
2026-05-06 14:46:43.321 +07:00 [INF] HTTP OPTIONS /api/v1/codes/76/values/240 responded 204 in 12.6965 ms
2026-05-06 14:46:43.328 +07:00 [INF] Request finished HTTP/1.1 OPTIONS http://localhost:5283/api/v1/codes/76/values/240 - 204 null null 28.4712ms
2026-05-06 14:46:43.342 +07:00 [INF] Request starting HTTP/1.1 PUT http://localhost:5283/api/v1/codes/76/values/240 - application/json 75
2026-05-06 14:46:43.352 +07:00 [INF] CORS policy execution successful.
2026-05-06 14:46:43.355 +07:00 [INF] Executing endpoint 'ThucLuc.Api.Controllers.V1.CodesController.UpdateValue (ThucLuc.Api)'
2026-05-06 14:46:43.359 +07:00 [INF] Route matched with {action = "UpdateValue", controller = "Codes"}. Executing controller action with signature System.Threading.Tasks.Task`1[Microsoft.AspNetCore.Mvc.ActionResult`1[ThucLuc.Api.Common.Models.ApiResponse`1[ThucLuc.Application.Features.Codes.CodeValueDto]]] UpdateValue(Int64, Int64, ThucLuc.Application.Features.Codes.UpsertCodeValueRequest, System.Threading.CancellationToken) on controller ThucLuc.Api.Controllers.V1.CodesController (ThucLuc.Api).
2026-05-06 14:46:43.411 +07:00 [INF] Executing OkObjectResult, writing value of type 'ThucLuc.Api.Common.Models.ApiResponse`1[[ThucLuc.Application.Features.Codes.CodeValueDto, ThucLuc.Application, Version=1.0.0.0, Culture=neutral, PublicKeyToken=null]]'.
2026-05-06 14:46:43.415 +07:00 [INF] Executed action ThucLuc.Api.Controllers.V1.CodesController.UpdateValue (ThucLuc.Api) in 47.6425ms
2026-05-06 14:46:43.419 +07:00 [INF] Executed endpoint 'ThucLuc.Api.Controllers.V1.CodesController.UpdateValue (ThucLuc.Api)'
2026-05-06 14:46:43.421 +07:00 [INF] HTTP PUT /api/v1/codes/76/values/240 => 200 in 68.9856 ms CorrelationId=73c159615b62408d95cc53b4a84a4014 UserId=5001
2026-05-06 14:46:43.428 +07:00 [INF] HTTP PUT /api/v1/codes/76/values/240 responded 200 in 76.0045 ms
2026-05-06 14:46:43.432 +07:00 [INF] Request finished HTTP/1.1 PUT http://localhost:5283/api/v1/codes/76/values/240 - 200 null application/json; charset=utf-8 89.9718ms
2026-05-06 14:46:43.441 +07:00 [INF] Request starting HTTP/1.1 OPTIONS http://localhost:5283/api/v1/codes/76 - null null
2026-05-06 14:46:43.449 +07:00 [INF] CORS policy execution successful.
2026-05-06 14:46:43.450 +07:00 [INF] HTTP OPTIONS /api/v1/codes/76 => 204 in 1.2787 ms CorrelationId=5e17bc1ef2f14c9dac36bd3ff50d964b UserId=anonymous
2026-05-06 14:46:43.454 +07:00 [INF] HTTP OPTIONS /api/v1/codes/76 responded 204 in 4.9700 ms
2026-05-06 14:46:43.456 +07:00 [INF] Request finished HTTP/1.1 OPTIONS http://localhost:5283/api/v1/codes/76 - 204 null null 14.9476ms
2026-05-06 14:46:43.463 +07:00 [INF] Request starting HTTP/1.1 GET http://localhost:5283/api/v1/codes/76 - null null
2026-05-06 14:46:43.468 +07:00 [INF] CORS policy execution successful.
2026-05-06 14:46:43.470 +07:00 [INF] Executing endpoint 'ThucLuc.Api.Controllers.V1.CodesController.GetById (ThucLuc.Api)'
2026-05-06 14:46:43.474 +07:00 [INF] Route matched with {action = "GetById", controller = "Codes"}. Executing controller action with signature System.Threading.Tasks.Task`1[Microsoft.AspNetCore.Mvc.ActionResult`1[ThucLuc.Api.Common.Models.ApiResponse`1[ThucLuc.Application.Features.Codes.CodeDto]]] GetById(Int64, System.Threading.CancellationToken) on controller ThucLuc.Api.Controllers.V1.CodesController (ThucLuc.Api).
2026-05-06 14:46:43.484 +07:00 [INF] Executing OkObjectResult, writing value of type 'ThucLuc.Api.Common.Models.ApiResponse`1[[ThucLuc.Application.Features.Codes.CodeDto, ThucLuc.Application, Version=1.0.0.0, Culture=neutral, PublicKeyToken=null]]'.
2026-05-06 14:46:43.486 +07:00 [INF] Executed action ThucLuc.Api.Controllers.V1.CodesController.GetById (ThucLuc.Api) in 7.0912ms
2026-05-06 14:46:43.489 +07:00 [INF] Executed endpoint 'ThucLuc.Api.Controllers.V1.CodesController.GetById (ThucLuc.Api)'
2026-05-06 14:46:43.492 +07:00 [INF] HTTP GET /api/v1/codes/76 => 200 in 23.6339 ms CorrelationId=9bfb2c33d7d1437abffd6d028d0aa8ad UserId=5001
2026-05-06 14:46:43.497 +07:00 [INF] HTTP GET /api/v1/codes/76 responded 200 in 28.9550 ms
2026-05-06 14:46:43.501 +07:00 [INF] Request finished HTTP/1.1 GET http://localhost:5283/api/v1/codes/76 - 200 null application/json; charset=utf-8 37.4225ms
2026-05-06 14:46:46.165 +07:00 [INF] Request starting HTTP/1.1 OPTIONS http://localhost:5283/api/v1/codes/76/values/239 - null null
2026-05-06 14:46:46.178 +07:00 [INF] CORS policy execution successful.
2026-05-06 14:46:46.181 +07:00 [INF] HTTP OPTIONS /api/v1/codes/76/values/239 => 204 in 2.482 ms CorrelationId=ee79085282e146c585b051243f49531d UserId=anonymous
2026-05-06 14:46:46.188 +07:00 [INF] HTTP OPTIONS /api/v1/codes/76/values/239 responded 204 in 9.9534 ms
2026-05-06 14:46:46.197 +07:00 [INF] Request finished HTTP/1.1 OPTIONS http://localhost:5283/api/v1/codes/76/values/239 - 204 null null 32.807ms
2026-05-06 14:46:46.210 +07:00 [INF] Request starting HTTP/1.1 PUT http://localhost:5283/api/v1/codes/76/values/239 - application/json 83
2026-05-06 14:46:46.219 +07:00 [INF] CORS policy execution successful.
2026-05-06 14:46:46.222 +07:00 [INF] Executing endpoint 'ThucLuc.Api.Controllers.V1.CodesController.UpdateValue (ThucLuc.Api)'
2026-05-06 14:46:46.226 +07:00 [INF] Route matched with {action = "UpdateValue", controller = "Codes"}. Executing controller action with signature System.Threading.Tasks.Task`1[Microsoft.AspNetCore.Mvc.ActionResult`1[ThucLuc.Api.Common.Models.ApiResponse`1[ThucLuc.Application.Features.Codes.CodeValueDto]]] UpdateValue(Int64, Int64, ThucLuc.Application.Features.Codes.UpsertCodeValueRequest, System.Threading.CancellationToken) on controller ThucLuc.Api.Controllers.V1.CodesController (ThucLuc.Api).
2026-05-06 14:46:46.256 +07:00 [INF] Executing OkObjectResult, writing value of type 'ThucLuc.Api.Common.Models.ApiResponse`1[[ThucLuc.Application.Features.Codes.CodeValueDto, ThucLuc.Application, Version=1.0.0.0, Culture=neutral, PublicKeyToken=null]]'.
2026-05-06 14:46:46.261 +07:00 [INF] Executed action ThucLuc.Api.Controllers.V1.CodesController.UpdateValue (ThucLuc.Api) in 27.5797ms
2026-05-06 14:46:46.266 +07:00 [INF] Executed endpoint 'ThucLuc.Api.Controllers.V1.CodesController.UpdateValue (ThucLuc.Api)'
2026-05-06 14:46:46.270 +07:00 [INF] HTTP PUT /api/v1/codes/76/values/239 => 200 in 50.4554 ms CorrelationId=6fd1bf237217447f9ed567042b0741b3 UserId=5001
2026-05-06 14:46:46.278 +07:00 [INF] HTTP PUT /api/v1/codes/76/values/239 responded 200 in 58.8655 ms
2026-05-06 14:46:46.284 +07:00 [INF] Request finished HTTP/1.1 PUT http://localhost:5283/api/v1/codes/76/values/239 - 200 null application/json; charset=utf-8 74.8924ms
2026-05-06 14:46:46.296 +07:00 [INF] Request starting HTTP/1.1 GET http://localhost:5283/api/v1/codes/76 - null null
2026-05-06 14:46:46.305 +07:00 [INF] CORS policy execution successful.
2026-05-06 14:46:46.308 +07:00 [INF] Executing endpoint 'ThucLuc.Api.Controllers.V1.CodesController.GetById (ThucLuc.Api)'
2026-05-06 14:46:46.311 +07:00 [INF] Route matched with {action = "GetById", controller = "Codes"}. Executing controller action with signature System.Threading.Tasks.Task`1[Microsoft.AspNetCore.Mvc.ActionResult`1[ThucLuc.Api.Common.Models.ApiResponse`1[ThucLuc.Application.Features.Codes.CodeDto]]] GetById(Int64, System.Threading.CancellationToken) on controller ThucLuc.Api.Controllers.V1.CodesController (ThucLuc.Api).
2026-05-06 14:46:46.323 +07:00 [INF] Executing OkObjectResult, writing value of type 'ThucLuc.Api.Common.Models.ApiResponse`1[[ThucLuc.Application.Features.Codes.CodeDto, ThucLuc.Application, Version=1.0.0.0, Culture=neutral, PublicKeyToken=null]]'.
2026-05-06 14:46:46.328 +07:00 [INF] Executed action ThucLuc.Api.Controllers.V1.CodesController.GetById (ThucLuc.Api) in 10.8896ms
2026-05-06 14:46:46.333 +07:00 [INF] Executed endpoint 'ThucLuc.Api.Controllers.V1.CodesController.GetById (ThucLuc.Api)'
2026-05-06 14:46:46.335 +07:00 [INF] HTTP GET /api/v1/codes/76 => 200 in 30.3727 ms CorrelationId=3ff65a73f1b84af48955d1dd94267140 UserId=5001
2026-05-06 14:46:46.344 +07:00 [INF] HTTP GET /api/v1/codes/76 responded 200 in 38.8843 ms
2026-05-06 14:46:46.350 +07:00 [INF] Request finished HTTP/1.1 GET http://localhost:5283/api/v1/codes/76 - 200 null application/json; charset=utf-8 53.3552ms
2026-05-06 14:46:48.167 +07:00 [INF] Request starting HTTP/1.1 OPTIONS http://localhost:5283/api/v1/codes/by-code/LOAI_MANG_GIAM_SAT - null null
2026-05-06 14:46:48.168 +07:00 [INF] Request starting HTTP/1.1 OPTIONS http://localhost:5283/api/v1/codes/by-code/THUC_TRANG_GIAM_SAT - null null
2026-05-06 14:46:48.168 +07:00 [INF] Request starting HTTP/1.1 OPTIONS http://localhost:5283/api/v1/codes/by-code/LOP_GIAM_SAT - null null
2026-05-06 14:46:48.183 +07:00 [INF] CORS policy execution successful.
2026-05-06 14:46:48.195 +07:00 [INF] CORS policy execution successful.
2026-05-06 14:46:48.210 +07:00 [INF] CORS policy execution successful.
2026-05-06 14:46:48.215 +07:00 [INF] HTTP OPTIONS /api/v1/codes/by-code/LOAI_MANG_GIAM_SAT => 204 in 32.5762 ms CorrelationId=c469e881f59f485fb62138760a52cabb UserId=anonymous
2026-05-06 14:46:48.219 +07:00 [INF] HTTP OPTIONS /api/v1/codes/by-code/THUC_TRANG_GIAM_SAT => 204 in 23.8896 ms CorrelationId=8ffaa5a7ee954b4c86f5953ac15d5b30 UserId=anonymous
2026-05-06 14:46:48.223 +07:00 [INF] HTTP OPTIONS /api/v1/codes/by-code/LOP_GIAM_SAT => 204 in 13.0762 ms CorrelationId=f099da66e47446f59ce84025df45fc2c UserId=anonymous
2026-05-06 14:46:48.236 +07:00 [INF] HTTP OPTIONS /api/v1/codes/by-code/LOAI_MANG_GIAM_SAT responded 204 in 53.2978 ms
2026-05-06 14:46:48.250 +07:00 [INF] HTTP OPTIONS /api/v1/codes/by-code/THUC_TRANG_GIAM_SAT responded 204 in 54.6311 ms
2026-05-06 14:46:48.260 +07:00 [INF] HTTP OPTIONS /api/v1/codes/by-code/LOP_GIAM_SAT responded 204 in 50.3424 ms
2026-05-06 14:46:48.271 +07:00 [INF] Request finished HTTP/1.1 OPTIONS http://localhost:5283/api/v1/codes/by-code/LOAI_MANG_GIAM_SAT - 204 null null 104.2333ms
2026-05-06 14:46:48.283 +07:00 [INF] Request finished HTTP/1.1 OPTIONS http://localhost:5283/api/v1/codes/by-code/THUC_TRANG_GIAM_SAT - 204 null null 114.4209ms
2026-05-06 14:46:48.293 +07:00 [INF] Request finished HTTP/1.1 OPTIONS http://localhost:5283/api/v1/codes/by-code/LOP_GIAM_SAT - 204 null null 124.864ms
2026-05-06 14:46:48.311 +07:00 [INF] Request starting HTTP/1.1 GET http://localhost:5283/api/v1/codes/by-code/LOAI_MANG_GIAM_SAT - null null
2026-05-06 14:46:48.327 +07:00 [INF] Request starting HTTP/1.1 GET http://localhost:5283/api/v1/codes/by-code/LOP_GIAM_SAT - null null
2026-05-06 14:46:48.341 +07:00 [INF] Request starting HTTP/1.1 GET http://localhost:5283/api/v1/codes/by-code/THUC_TRANG_GIAM_SAT - null null
2026-05-06 14:46:48.355 +07:00 [INF] CORS policy execution successful.
2026-05-06 14:46:48.366 +07:00 [INF] CORS policy execution successful.
2026-05-06 14:46:48.371 +07:00 [INF] CORS policy execution successful.
2026-05-06 14:46:48.374 +07:00 [INF] Executing endpoint 'ThucLuc.Api.Controllers.V1.CodesController.GetByCode (ThucLuc.Api)'
2026-05-06 14:46:48.378 +07:00 [INF] Executing endpoint 'ThucLuc.Api.Controllers.V1.CodesController.GetByCode (ThucLuc.Api)'
2026-05-06 14:46:48.381 +07:00 [INF] Executing endpoint 'ThucLuc.Api.Controllers.V1.CodesController.GetByCode (ThucLuc.Api)'
2026-05-06 14:46:48.385 +07:00 [INF] Route matched with {action = "GetByCode", controller = "Codes"}. Executing controller action with signature System.Threading.Tasks.Task`1[Microsoft.AspNetCore.Mvc.ActionResult`1[ThucLuc.Api.Common.Models.ApiResponse`1[ThucLuc.Application.Features.Codes.CodeDto]]] GetByCode(System.String, System.Threading.CancellationToken) on controller ThucLuc.Api.Controllers.V1.CodesController (ThucLuc.Api).
2026-05-06 14:46:48.389 +07:00 [INF] Route matched with {action = "GetByCode", controller = "Codes"}. Executing controller action with signature System.Threading.Tasks.Task`1[Microsoft.AspNetCore.Mvc.ActionResult`1[ThucLuc.Api.Common.Models.ApiResponse`1[ThucLuc.Application.Features.Codes.CodeDto]]] GetByCode(System.String, System.Threading.CancellationToken) on controller ThucLuc.Api.Controllers.V1.CodesController (ThucLuc.Api).
2026-05-06 14:46:48.396 +07:00 [INF] Route matched with {action = "GetByCode", controller = "Codes"}. Executing controller action with signature System.Threading.Tasks.Task`1[Microsoft.AspNetCore.Mvc.ActionResult`1[ThucLuc.Api.Common.Models.ApiResponse`1[ThucLuc.Application.Features.Codes.CodeDto]]] GetByCode(System.String, System.Threading.CancellationToken) on controller ThucLuc.Api.Controllers.V1.CodesController (ThucLuc.Api).
2026-05-06 14:46:48.407 +07:00 [INF] Executing OkObjectResult, writing value of type 'ThucLuc.Api.Common.Models.ApiResponse`1[[ThucLuc.Application.Features.Codes.CodeDto, ThucLuc.Application, Version=1.0.0.0, Culture=neutral, PublicKeyToken=null]]'.
2026-05-06 14:46:48.414 +07:00 [INF] Executing OkObjectResult, writing value of type 'ThucLuc.Api.Common.Models.ApiResponse`1[[ThucLuc.Application.Features.Codes.CodeDto, ThucLuc.Application, Version=1.0.0.0, Culture=neutral, PublicKeyToken=null]]'.
2026-05-06 14:46:48.420 +07:00 [INF] Executed action ThucLuc.Api.Controllers.V1.CodesController.GetByCode (ThucLuc.Api) in 18.3268ms
2026-05-06 14:46:48.427 +07:00 [INF] Executed action ThucLuc.Api.Controllers.V1.CodesController.GetByCode (ThucLuc.Api) in 18.3695ms
2026-05-06 14:46:48.430 +07:00 [INF] Executing OkObjectResult, writing value of type 'ThucLuc.Api.Common.Models.ApiResponse`1[[ThucLuc.Application.Features.Codes.CodeDto, ThucLuc.Application, Version=1.0.0.0, Culture=neutral, PublicKeyToken=null]]'.
2026-05-06 14:46:48.432 +07:00 [INF] Executed endpoint 'ThucLuc.Api.Controllers.V1.CodesController.GetByCode (ThucLuc.Api)'
2026-05-06 14:46:48.436 +07:00 [INF] Executed endpoint 'ThucLuc.Api.Controllers.V1.CodesController.GetByCode (ThucLuc.Api)'
2026-05-06 14:46:48.441 +07:00 [INF] Executed action ThucLuc.Api.Controllers.V1.CodesController.GetByCode (ThucLuc.Api) in 25.146ms
2026-05-06 14:46:48.445 +07:00 [INF] HTTP GET /api/v1/codes/by-code/LOAI_MANG_GIAM_SAT => 200 in 90.8216 ms CorrelationId=d96505e2b0ed44ff9782889b6fe19153 UserId=5001
2026-05-06 14:46:48.450 +07:00 [INF] HTTP GET /api/v1/codes/by-code/LOP_GIAM_SAT => 200 in 83.9519 ms CorrelationId=47f3a3de41b54af9ba538d1991645e4c UserId=5001
2026-05-06 14:46:48.456 +07:00 [INF] Executed endpoint 'ThucLuc.Api.Controllers.V1.CodesController.GetByCode (ThucLuc.Api)'
2026-05-06 14:46:48.465 +07:00 [INF] HTTP GET /api/v1/codes/by-code/LOAI_MANG_GIAM_SAT responded 200 in 110.2477 ms
2026-05-06 14:46:48.471 +07:00 [INF] HTTP GET /api/v1/codes/by-code/LOP_GIAM_SAT responded 200 in 105.1345 ms
2026-05-06 14:46:48.475 +07:00 [INF] HTTP GET /api/v1/codes/by-code/THUC_TRANG_GIAM_SAT => 200 in 103.9703 ms CorrelationId=e756148ce8ea4b688a56a1b2ccf09ec3 UserId=5001
2026-05-06 14:46:48.484 +07:00 [INF] Request finished HTTP/1.1 GET http://localhost:5283/api/v1/codes/by-code/LOAI_MANG_GIAM_SAT - 200 null application/json; charset=utf-8 172.2078ms
2026-05-06 14:46:48.488 +07:00 [INF] Request finished HTTP/1.1 GET http://localhost:5283/api/v1/codes/by-code/LOP_GIAM_SAT - 200 null application/json; charset=utf-8 160.9584ms
2026-05-06 14:46:48.494 +07:00 [INF] HTTP GET /api/v1/codes/by-code/THUC_TRANG_GIAM_SAT responded 200 in 122.9890 ms
2026-05-06 14:46:48.522 +07:00 [INF] Request finished HTTP/1.1 GET http://localhost:5283/api/v1/codes/by-code/THUC_TRANG_GIAM_SAT - 200 null application/json; charset=utf-8 181.164ms
2026-05-06 14:46:48.533 +07:00 [INF] Request starting HTTP/1.1 OPTIONS http://localhost:5283/api/v1/giam-sat-soc?donViId=2001 - null null
2026-05-06 14:46:48.541 +07:00 [INF] CORS policy execution successful.
2026-05-06 14:46:48.543 +07:00 [INF] HTTP OPTIONS /api/v1/giam-sat-soc => 204 in 2.5564 ms CorrelationId=bfaf09f06bee400b9c6358dddbde56c3 UserId=anonymous
2026-05-06 14:46:48.551 +07:00 [INF] HTTP OPTIONS /api/v1/giam-sat-soc responded 204 in 10.5254 ms
2026-05-06 14:46:48.558 +07:00 [INF] Request finished HTTP/1.1 OPTIONS http://localhost:5283/api/v1/giam-sat-soc?donViId=2001 - 204 null null 25.5392ms
2026-05-06 14:46:48.570 +07:00 [INF] Request starting HTTP/1.1 GET http://localhost:5283/api/v1/giam-sat-soc?donViId=2001 - null null
2026-05-06 14:46:48.579 +07:00 [INF] CORS policy execution successful.
2026-05-06 14:46:48.582 +07:00 [INF] Executing endpoint 'ThucLuc.Api.Controllers.V1.GiamSatSocController.GetAll (ThucLuc.Api)'
2026-05-06 14:46:48.586 +07:00 [INF] Route matched with {action = "GetAll", controller = "GiamSatSoc"}. Executing controller action with signature System.Threading.Tasks.Task`1[Microsoft.AspNetCore.Mvc.ActionResult`1[ThucLuc.Api.Common.Models.ApiResponse`1[System.Collections.Generic.IReadOnlyCollection`1[ThucLuc.Application.Features.GiamSatSoc.GiamSatSocDto]]]] GetAll(ThucLuc.Application.Features.GiamSatSoc.GiamSatSocQuery, System.Threading.CancellationToken) on controller ThucLuc.Api.Controllers.V1.GiamSatSocController (ThucLuc.Api).
2026-05-06 14:46:48.598 +07:00 [INF] Executing OkObjectResult, writing value of type 'ThucLuc.Api.Common.Models.ApiResponse`1[[System.Collections.Generic.IReadOnlyCollection`1[[ThucLuc.Application.Features.GiamSatSoc.GiamSatSocDto, ThucLuc.Application, Version=1.0.0.0, Culture=neutral, PublicKeyToken=null]], System.Private.CoreLib, Version=8.0.0.0, Culture=neutral, PublicKeyToken=7cec85d7bea7798e]]'.
2026-05-06 14:46:48.603 +07:00 [INF] Executed action ThucLuc.Api.Controllers.V1.GiamSatSocController.GetAll (ThucLuc.Api) in 10.8531ms
2026-05-06 14:46:48.608 +07:00 [INF] Executed endpoint 'ThucLuc.Api.Controllers.V1.GiamSatSocController.GetAll (ThucLuc.Api)'
2026-05-06 14:46:48.612 +07:00 [INF] HTTP GET /api/v1/giam-sat-soc => 200 in 33.4887 ms CorrelationId=9fcdd3d13d384e51a889e7ef495bfe7c UserId=5001
2026-05-06 14:46:48.620 +07:00 [INF] HTTP GET /api/v1/giam-sat-soc responded 200 in 41.5808 ms
2026-05-06 14:46:48.627 +07:00 [INF] Request finished HTTP/1.1 GET http://localhost:5283/api/v1/giam-sat-soc?donViId=2001 - 200 null application/json; charset=utf-8 56.9446ms
2026-05-06 14:47:22.148 +07:00 [INF] Request starting HTTP/1.1 OPTIONS http://localhost:5283/api/v1/codes/by-code/LOP_GIAM_SAT - null null
2026-05-06 14:47:22.152 +07:00 [INF] Request starting HTTP/1.1 OPTIONS http://localhost:5283/api/v1/codes/by-code/THUC_TRANG_GIAM_SAT - null null
2026-05-06 14:47:22.166 +07:00 [INF] CORS policy execution successful.
2026-05-06 14:47:22.180 +07:00 [INF] CORS policy execution successful.
2026-05-06 14:47:22.183 +07:00 [INF] HTTP OPTIONS /api/v1/codes/by-code/LOP_GIAM_SAT => 204 in 16.911 ms CorrelationId=30a670e8e90b41a7b4190e3d3548b074 UserId=anonymous
2026-05-06 14:47:22.199 +07:00 [INF] HTTP OPTIONS /api/v1/codes/by-code/LOP_GIAM_SAT responded 204 in 33.0204 ms
2026-05-06 14:47:22.188 +07:00 [INF] HTTP OPTIONS /api/v1/codes/by-code/THUC_TRANG_GIAM_SAT => 204 in 8.5115 ms CorrelationId=1c07366be62948ee8813ed536048cbbf UserId=anonymous
2026-05-06 14:47:22.207 +07:00 [INF] Request finished HTTP/1.1 OPTIONS http://localhost:5283/api/v1/codes/by-code/LOP_GIAM_SAT - 204 null null 58.789ms
2026-05-06 14:47:22.216 +07:00 [INF] HTTP OPTIONS /api/v1/codes/by-code/THUC_TRANG_GIAM_SAT responded 204 in 36.7582 ms
2026-05-06 14:47:22.232 +07:00 [INF] Request starting HTTP/1.1 GET http://localhost:5283/api/v1/codes/by-code/LOP_GIAM_SAT - null null
2026-05-06 14:47:22.241 +07:00 [INF] Request finished HTTP/1.1 OPTIONS http://localhost:5283/api/v1/codes/by-code/THUC_TRANG_GIAM_SAT - 204 null null 89.2542ms
2026-05-06 14:47:22.252 +07:00 [INF] CORS policy execution successful.
2026-05-06 14:47:22.267 +07:00 [INF] Request starting HTTP/1.1 GET http://localhost:5283/api/v1/codes/by-code/THUC_TRANG_GIAM_SAT - null null
2026-05-06 14:47:22.271 +07:00 [INF] Executing endpoint 'ThucLuc.Api.Controllers.V1.CodesController.GetByCode (ThucLuc.Api)'
2026-05-06 14:47:22.283 +07:00 [INF] CORS policy execution successful.
2026-05-06 14:47:22.287 +07:00 [INF] Route matched with {action = "GetByCode", controller = "Codes"}. Executing controller action with signature System.Threading.Tasks.Task`1[Microsoft.AspNetCore.Mvc.ActionResult`1[ThucLuc.Api.Common.Models.ApiResponse`1[ThucLuc.Application.Features.Codes.CodeDto]]] GetByCode(System.String, System.Threading.CancellationToken) on controller ThucLuc.Api.Controllers.V1.CodesController (ThucLuc.Api).
2026-05-06 14:47:22.290 +07:00 [INF] Executing endpoint 'ThucLuc.Api.Controllers.V1.CodesController.GetByCode (ThucLuc.Api)'
2026-05-06 14:47:22.301 +07:00 [INF] Route matched with {action = "GetByCode", controller = "Codes"}. Executing controller action with signature System.Threading.Tasks.Task`1[Microsoft.AspNetCore.Mvc.ActionResult`1[ThucLuc.Api.Common.Models.ApiResponse`1[ThucLuc.Application.Features.Codes.CodeDto]]] GetByCode(System.String, System.Threading.CancellationToken) on controller ThucLuc.Api.Controllers.V1.CodesController (ThucLuc.Api).
2026-05-06 14:47:22.345 +07:00 [INF] Executing OkObjectResult, writing value of type 'ThucLuc.Api.Common.Models.ApiResponse`1[[ThucLuc.Application.Features.Codes.CodeDto, ThucLuc.Application, Version=1.0.0.0, Culture=neutral, PublicKeyToken=null]]'.
2026-05-06 14:47:22.352 +07:00 [INF] Executed action ThucLuc.Api.Controllers.V1.CodesController.GetByCode (ThucLuc.Api) in 53.2614ms
2026-05-06 14:47:22.356 +07:00 [INF] Executed endpoint 'ThucLuc.Api.Controllers.V1.CodesController.GetByCode (ThucLuc.Api)'
2026-05-06 14:47:22.357 +07:00 [INF] Executing OkObjectResult, writing value of type 'ThucLuc.Api.Common.Models.ApiResponse`1[[ThucLuc.Application.Features.Codes.CodeDto, ThucLuc.Application, Version=1.0.0.0, Culture=neutral, PublicKeyToken=null]]'.
2026-05-06 14:47:22.362 +07:00 [INF] HTTP GET /api/v1/codes/by-code/LOP_GIAM_SAT => 200 in 110.2232 ms CorrelationId=6b8a8cd8ff0c44839461a9b6f16755a1 UserId=5001
2026-05-06 14:47:22.368 +07:00 [INF] Executed action ThucLuc.Api.Controllers.V1.CodesController.GetByCode (ThucLuc.Api) in 57.8432ms
2026-05-06 14:47:22.378 +07:00 [INF] HTTP GET /api/v1/codes/by-code/LOP_GIAM_SAT responded 200 in 125.8454 ms
2026-05-06 14:47:22.383 +07:00 [INF] Executed endpoint 'ThucLuc.Api.Controllers.V1.CodesController.GetByCode (ThucLuc.Api)'
2026-05-06 14:47:22.391 +07:00 [INF] Request finished HTTP/1.1 GET http://localhost:5283/api/v1/codes/by-code/LOP_GIAM_SAT - 200 null application/json; charset=utf-8 158.9463ms
2026-05-06 14:47:22.395 +07:00 [INF] HTTP GET /api/v1/codes/by-code/THUC_TRANG_GIAM_SAT => 200 in 112.6513 ms CorrelationId=eb7d2485f9934b9e9f95a8dd267c4b4d UserId=5001
2026-05-06 14:47:22.417 +07:00 [INF] HTTP GET /api/v1/codes/by-code/THUC_TRANG_GIAM_SAT responded 200 in 134.2813 ms
2026-05-06 14:47:22.424 +07:00 [INF] Request finished HTTP/1.1 GET http://localhost:5283/api/v1/codes/by-code/THUC_TRANG_GIAM_SAT - 200 null application/json; charset=utf-8 157.2787ms
2026-05-06 14:47:22.442 +07:00 [INF] Request starting HTTP/1.1 OPTIONS http://localhost:5283/api/v1/giam-sat-noc?donViId=2002 - null null
2026-05-06 14:47:22.453 +07:00 [INF] CORS policy execution successful.
2026-05-06 14:47:22.458 +07:00 [INF] HTTP OPTIONS /api/v1/giam-sat-noc => 204 in 4.5678 ms CorrelationId=b901cc6d979643cdb77cd803bb6ec03b UserId=anonymous
2026-05-06 14:47:22.468 +07:00 [INF] HTTP OPTIONS /api/v1/giam-sat-noc responded 204 in 14.4374 ms
2026-05-06 14:47:22.476 +07:00 [INF] Request finished HTTP/1.1 OPTIONS http://localhost:5283/api/v1/giam-sat-noc?donViId=2002 - 204 null null 34.28ms
2026-05-06 14:47:22.490 +07:00 [INF] Request starting HTTP/1.1 GET http://localhost:5283/api/v1/giam-sat-noc?donViId=2002 - null null
2026-05-06 14:47:22.503 +07:00 [INF] CORS policy execution successful.
2026-05-06 14:47:22.509 +07:00 [INF] Executing endpoint 'ThucLuc.Api.Controllers.V1.GiamSatNocController.GetAll (ThucLuc.Api)'
2026-05-06 14:47:22.515 +07:00 [INF] Route matched with {action = "GetAll", controller = "GiamSatNoc"}. Executing controller action with signature System.Threading.Tasks.Task`1[Microsoft.AspNetCore.Mvc.ActionResult`1[ThucLuc.Api.Common.Models.ApiResponse`1[System.Collections.Generic.IReadOnlyCollection`1[ThucLuc.Application.Features.GiamSatNoc.GiamSatNocDto]]]] GetAll(ThucLuc.Application.Features.GiamSatNoc.GiamSatNocQuery, System.Threading.CancellationToken) on controller ThucLuc.Api.Controllers.V1.GiamSatNocController (ThucLuc.Api).
2026-05-06 14:47:22.570 +07:00 [INF] Executing OkObjectResult, writing value of type 'ThucLuc.Api.Common.Models.ApiResponse`1[[System.Collections.Generic.IReadOnlyCollection`1[[ThucLuc.Application.Features.GiamSatNoc.GiamSatNocDto, ThucLuc.Application, Version=1.0.0.0, Culture=neutral, PublicKeyToken=null]], System.Private.CoreLib, Version=8.0.0.0, Culture=neutral, PublicKeyToken=7cec85d7bea7798e]]'.
2026-05-06 14:47:22.578 +07:00 [INF] Executed action ThucLuc.Api.Controllers.V1.GiamSatNocController.GetAll (ThucLuc.Api) in 55.7539ms
2026-05-06 14:47:22.585 +07:00 [INF] Executed endpoint 'ThucLuc.Api.Controllers.V1.GiamSatNocController.GetAll (ThucLuc.Api)'
2026-05-06 14:47:22.591 +07:00 [INF] HTTP GET /api/v1/giam-sat-noc => 200 in 88.0024 ms CorrelationId=920fdbbe34d244aabaa3fba340aac4c5 UserId=5001
2026-05-06 14:47:22.602 +07:00 [INF] HTTP GET /api/v1/giam-sat-noc responded 200 in 98.6209 ms
2026-05-06 14:47:22.613 +07:00 [INF] Request finished HTTP/1.1 GET http://localhost:5283/api/v1/giam-sat-noc?donViId=2002 - 200 null application/json; charset=utf-8 122.9159ms
2026-05-06 14:56:23.208 +07:00 [INF] Request starting HTTP/1.1 OPTIONS http://localhost:5283/api/v1/don-vi/2001 - null null
2026-05-06 14:56:23.216 +07:00 [INF] CORS policy execution successful.
2026-05-06 14:56:23.218 +07:00 [INF] HTTP OPTIONS /api/v1/don-vi/2001 => 204 in 2.0628 ms CorrelationId=6915a162d2e2411f9b95e611916562cb UserId=anonymous
2026-05-06 14:56:23.226 +07:00 [INF] HTTP OPTIONS /api/v1/don-vi/2001 responded 204 in 9.9269 ms
2026-05-06 14:56:23.229 +07:00 [INF] Request starting HTTP/1.1 OPTIONS http://localhost:5283/api/v1/codes/by-code/LOP_GIAM_SAT - null null
2026-05-06 14:56:23.233 +07:00 [INF] Request finished HTTP/1.1 OPTIONS http://localhost:5283/api/v1/don-vi/2001 - 204 null null 25.5171ms
2026-05-06 14:56:23.234 +07:00 [INF] Request starting HTTP/1.1 OPTIONS http://localhost:5283/api/v1/codes/by-code/THUC_TRANG_GIAM_SAT - null null
2026-05-06 14:56:23.241 +07:00 [INF] CORS policy execution successful.
2026-05-06 14:56:23.249 +07:00 [INF] Request starting HTTP/1.1 GET http://localhost:5283/api/v1/don-vi/2001 - null null
2026-05-06 14:56:23.256 +07:00 [INF] CORS policy execution successful.
2026-05-06 14:56:23.258 +07:00 [INF] HTTP OPTIONS /api/v1/codes/by-code/LOP_GIAM_SAT => 204 in 17.2055 ms CorrelationId=fb79655ee0a441f0a4c34ad9eb927208 UserId=anonymous
2026-05-06 14:56:23.266 +07:00 [INF] CORS policy execution successful.
2026-05-06 14:56:23.269 +07:00 [INF] HTTP OPTIONS /api/v1/codes/by-code/THUC_TRANG_GIAM_SAT => 204 in 12.4481 ms CorrelationId=350501ec878d475b962344e8782237fe UserId=anonymous
2026-05-06 14:56:23.275 +07:00 [INF] HTTP OPTIONS /api/v1/codes/by-code/LOP_GIAM_SAT responded 204 in 34.4614 ms
2026-05-06 14:56:23.278 +07:00 [INF] Executing endpoint 'ThucLuc.Api.Controllers.V1.DonViController.GetById (ThucLuc.Api)'
2026-05-06 14:56:23.284 +07:00 [INF] HTTP OPTIONS /api/v1/codes/by-code/THUC_TRANG_GIAM_SAT responded 204 in 28.3787 ms
2026-05-06 14:56:23.289 +07:00 [INF] Request finished HTTP/1.1 OPTIONS http://localhost:5283/api/v1/codes/by-code/LOP_GIAM_SAT - 204 null null 60.384ms
2026-05-06 14:56:23.293 +07:00 [INF] Route matched with {action = "GetById", controller = "DonVi"}. Executing controller action with signature System.Threading.Tasks.Task`1[Microsoft.AspNetCore.Mvc.ActionResult`1[ThucLuc.Api.Common.Models.ApiResponse`1[ThucLuc.Application.Features.DonVi.DonViDto]]] GetById(Int64, System.Threading.CancellationToken) on controller ThucLuc.Api.Controllers.V1.DonViController (ThucLuc.Api).
2026-05-06 14:56:23.298 +07:00 [INF] Request finished HTTP/1.1 OPTIONS http://localhost:5283/api/v1/codes/by-code/THUC_TRANG_GIAM_SAT - 204 null null 64.3288ms
2026-05-06 14:56:23.309 +07:00 [INF] Request starting HTTP/1.1 GET http://localhost:5283/api/v1/codes/by-code/LOP_GIAM_SAT - null null
2026-05-06 14:56:23.323 +07:00 [INF] Request starting HTTP/1.1 GET http://localhost:5283/api/v1/codes/by-code/THUC_TRANG_GIAM_SAT - null null
2026-05-06 14:56:23.330 +07:00 [INF] CORS policy execution successful.
2026-05-06 14:56:23.337 +07:00 [INF] CORS policy execution successful.
2026-05-06 14:56:23.339 +07:00 [INF] Executing endpoint 'ThucLuc.Api.Controllers.V1.CodesController.GetByCode (ThucLuc.Api)'
2026-05-06 14:56:23.341 +07:00 [INF] Executing endpoint 'ThucLuc.Api.Controllers.V1.CodesController.GetByCode (ThucLuc.Api)'
2026-05-06 14:56:23.343 +07:00 [INF] Route matched with {action = "GetByCode", controller = "Codes"}. Executing controller action with signature System.Threading.Tasks.Task`1[Microsoft.AspNetCore.Mvc.ActionResult`1[ThucLuc.Api.Common.Models.ApiResponse`1[ThucLuc.Application.Features.Codes.CodeDto]]] GetByCode(System.String, System.Threading.CancellationToken) on controller ThucLuc.Api.Controllers.V1.CodesController (ThucLuc.Api).
2026-05-06 14:56:23.345 +07:00 [INF] Route matched with {action = "GetByCode", controller = "Codes"}. Executing controller action with signature System.Threading.Tasks.Task`1[Microsoft.AspNetCore.Mvc.ActionResult`1[ThucLuc.Api.Common.Models.ApiResponse`1[ThucLuc.Application.Features.Codes.CodeDto]]] GetByCode(System.String, System.Threading.CancellationToken) on controller ThucLuc.Api.Controllers.V1.CodesController (ThucLuc.Api).
2026-05-06 14:56:23.361 +07:00 [INF] Executing OkObjectResult, writing value of type 'ThucLuc.Api.Common.Models.ApiResponse`1[[ThucLuc.Application.Features.DonVi.DonViDto, ThucLuc.Application, Version=1.0.0.0, Culture=neutral, PublicKeyToken=null]]'.
2026-05-06 14:56:23.364 +07:00 [INF] Executed action ThucLuc.Api.Controllers.V1.DonViController.GetById (ThucLuc.Api) in 50.6826ms
2026-05-06 14:56:23.367 +07:00 [INF] Executed endpoint 'ThucLuc.Api.Controllers.V1.DonViController.GetById (ThucLuc.Api)'
2026-05-06 14:56:23.369 +07:00 [INF] HTTP GET /api/v1/don-vi/2001 => 200 in 103.1941 ms CorrelationId=82fb9b0f6e5141ceba097dc49655645b UserId=5001
2026-05-06 14:56:23.374 +07:00 [INF] HTTP GET /api/v1/don-vi/2001 responded 200 in 108.2789 ms
2026-05-06 14:56:23.377 +07:00 [INF] Request finished HTTP/1.1 GET http://localhost:5283/api/v1/don-vi/2001 - 200 null application/json; charset=utf-8 128.1981ms
2026-05-06 14:56:23.479 +07:00 [INF] Executing OkObjectResult, writing value of type 'ThucLuc.Api.Common.Models.ApiResponse`1[[ThucLuc.Application.Features.Codes.CodeDto, ThucLuc.Application, Version=1.0.0.0, Culture=neutral, PublicKeyToken=null]]'.
2026-05-06 14:56:23.479 +07:00 [INF] Executing OkObjectResult, writing value of type 'ThucLuc.Api.Common.Models.ApiResponse`1[[ThucLuc.Application.Features.Codes.CodeDto, ThucLuc.Application, Version=1.0.0.0, Culture=neutral, PublicKeyToken=null]]'.
2026-05-06 14:56:23.482 +07:00 [INF] Executed action ThucLuc.Api.Controllers.V1.CodesController.GetByCode (ThucLuc.Api) in 128.4965ms
2026-05-06 14:56:23.485 +07:00 [INF] Executed action ThucLuc.Api.Controllers.V1.CodesController.GetByCode (ThucLuc.Api) in 135.5129ms
2026-05-06 14:56:23.487 +07:00 [INF] Executed endpoint 'ThucLuc.Api.Controllers.V1.CodesController.GetByCode (ThucLuc.Api)'
2026-05-06 14:56:23.490 +07:00 [INF] Executed endpoint 'ThucLuc.Api.Controllers.V1.CodesController.GetByCode (ThucLuc.Api)'
2026-05-06 14:56:23.492 +07:00 [INF] HTTP GET /api/v1/codes/by-code/THUC_TRANG_GIAM_SAT => 200 in 155.1297 ms CorrelationId=a3705fa1a81d4f6e80b23f84fa28b194 UserId=5001
2026-05-06 14:56:23.494 +07:00 [INF] HTTP GET /api/v1/codes/by-code/LOP_GIAM_SAT => 200 in 164.1243 ms CorrelationId=8c3b83896dea480293140b6cc9bd3ce8 UserId=5001
2026-05-06 14:56:23.509 +07:00 [INF] HTTP GET /api/v1/codes/by-code/THUC_TRANG_GIAM_SAT responded 200 in 172.2006 ms
2026-05-06 14:56:23.513 +07:00 [INF] HTTP GET /api/v1/codes/by-code/LOP_GIAM_SAT responded 200 in 183.5879 ms
2026-05-06 14:56:23.536 +07:00 [INF] Request finished HTTP/1.1 GET http://localhost:5283/api/v1/codes/by-code/THUC_TRANG_GIAM_SAT - 200 null application/json; charset=utf-8 213.2708ms
2026-05-06 14:56:23.541 +07:00 [INF] Request finished HTTP/1.1 GET http://localhost:5283/api/v1/codes/by-code/LOP_GIAM_SAT - 200 null application/json; charset=utf-8 232.0483ms
2026-05-06 14:56:23.708 +07:00 [INF] Request starting HTTP/1.1 OPTIONS http://localhost:5283/api/v1/giam-sat-noc?donViId=2001 - null null
2026-05-06 14:56:23.719 +07:00 [INF] CORS policy execution successful.
2026-05-06 14:56:23.722 +07:00 [INF] HTTP OPTIONS /api/v1/giam-sat-noc => 204 in 2.8738 ms CorrelationId=fa4129add21e46beb9dc4294cd9b3e7d UserId=anonymous
2026-05-06 14:56:23.729 +07:00 [INF] HTTP OPTIONS /api/v1/giam-sat-noc responded 204 in 9.8758 ms
2026-05-06 14:56:23.733 +07:00 [INF] Request finished HTTP/1.1 OPTIONS http://localhost:5283/api/v1/giam-sat-noc?donViId=2001 - 204 null null 25.764ms
2026-05-06 14:56:23.738 +07:00 [INF] Request starting HTTP/1.1 GET http://localhost:5283/api/v1/giam-sat-noc?donViId=2001 - null null
2026-05-06 14:56:23.744 +07:00 [INF] CORS policy execution successful.
2026-05-06 14:56:23.745 +07:00 [INF] Executing endpoint 'ThucLuc.Api.Controllers.V1.GiamSatNocController.GetAll (ThucLuc.Api)'
2026-05-06 14:56:23.747 +07:00 [INF] Route matched with {action = "GetAll", controller = "GiamSatNoc"}. Executing controller action with signature System.Threading.Tasks.Task`1[Microsoft.AspNetCore.Mvc.ActionResult`1[ThucLuc.Api.Common.Models.ApiResponse`1[System.Collections.Generic.IReadOnlyCollection`1[ThucLuc.Application.Features.GiamSatNoc.GiamSatNocDto]]]] GetAll(ThucLuc.Application.Features.GiamSatNoc.GiamSatNocQuery, System.Threading.CancellationToken) on controller ThucLuc.Api.Controllers.V1.GiamSatNocController (ThucLuc.Api).
2026-05-06 14:56:23.756 +07:00 [INF] Executing OkObjectResult, writing value of type 'ThucLuc.Api.Common.Models.ApiResponse`1[[System.Collections.Generic.IReadOnlyCollection`1[[ThucLuc.Application.Features.GiamSatNoc.GiamSatNocDto, ThucLuc.Application, Version=1.0.0.0, Culture=neutral, PublicKeyToken=null]], System.Private.CoreLib, Version=8.0.0.0, Culture=neutral, PublicKeyToken=7cec85d7bea7798e]]'.
2026-05-06 14:56:23.759 +07:00 [INF] Executed action ThucLuc.Api.Controllers.V1.GiamSatNocController.GetAll (ThucLuc.Api) in 8.1046ms
2026-05-06 14:56:23.761 +07:00 [INF] Executed endpoint 'ThucLuc.Api.Controllers.V1.GiamSatNocController.GetAll (ThucLuc.Api)'
2026-05-06 14:56:23.763 +07:00 [INF] HTTP GET /api/v1/giam-sat-noc => 200 in 19.0881 ms CorrelationId=2dafbb00bb7743d98533fb39b94828c4 UserId=5001
2026-05-06 14:56:23.772 +07:00 [INF] HTTP GET /api/v1/giam-sat-noc responded 200 in 27.9545 ms
2026-05-06 14:56:23.774 +07:00 [INF] Request finished HTTP/1.1 GET http://localhost:5283/api/v1/giam-sat-noc?donViId=2001 - 200 null application/json; charset=utf-8 35.7582ms
2026-05-06 14:57:46.483 +07:00 [INF] Request starting HTTP/1.1 OPTIONS http://localhost:5283/api/v1/don-vi/2001 - null null
2026-05-06 14:57:46.487 +07:00 [INF] Request starting HTTP/1.1 OPTIONS http://localhost:5283/api/v1/codes/by-code/LOP_GIAM_SAT - null null
2026-05-06 14:57:46.487 +07:00 [INF] Request starting HTTP/1.1 OPTIONS http://localhost:5283/api/v1/codes/by-code/THUC_TRANG_GIAM_SAT - null null
2026-05-06 14:57:46.499 +07:00 [INF] CORS policy execution successful.
2026-05-06 14:57:46.510 +07:00 [INF] CORS policy execution successful.
2026-05-06 14:57:46.520 +07:00 [INF] CORS policy execution successful.
2026-05-06 14:57:46.523 +07:00 [INF] HTTP OPTIONS /api/v1/don-vi/2001 => 204 in 23.9235 ms CorrelationId=f4853212dc0a469f9c80bea312108528 UserId=anonymous
2026-05-06 14:57:46.527 +07:00 [INF] HTTP OPTIONS /api/v1/codes/by-code/LOP_GIAM_SAT => 204 in 16.9598 ms CorrelationId=b96128239cc6460fb18450c68dac2f61 UserId=anonymous
2026-05-06 14:57:46.530 +07:00 [INF] HTTP OPTIONS /api/v1/codes/by-code/THUC_TRANG_GIAM_SAT => 204 in 10.1461 ms CorrelationId=21bfe8be96bf48089ea94da9fd27389b UserId=anonymous
2026-05-06 14:57:46.537 +07:00 [INF] HTTP OPTIONS /api/v1/don-vi/2001 responded 204 in 37.6414 ms
2026-05-06 14:57:46.542 +07:00 [INF] HTTP OPTIONS /api/v1/codes/by-code/LOP_GIAM_SAT responded 204 in 32.0866 ms
2026-05-06 14:57:46.547 +07:00 [INF] HTTP OPTIONS /api/v1/codes/by-code/THUC_TRANG_GIAM_SAT responded 204 in 27.3777 ms
2026-05-06 14:57:46.556 +07:00 [INF] Request finished HTTP/1.1 OPTIONS http://localhost:5283/api/v1/don-vi/2001 - 204 null null 73.1345ms
2026-05-06 14:57:46.561 +07:00 [INF] Request finished HTTP/1.1 OPTIONS http://localhost:5283/api/v1/codes/by-code/LOP_GIAM_SAT - 204 null null 74.4001ms
2026-05-06 14:57:46.567 +07:00 [INF] Request finished HTTP/1.1 OPTIONS http://localhost:5283/api/v1/codes/by-code/THUC_TRANG_GIAM_SAT - 204 null null 79.5495ms
2026-05-06 14:57:46.576 +07:00 [INF] Request starting HTTP/1.1 GET http://localhost:5283/api/v1/don-vi/2001 - null null
2026-05-06 14:57:46.584 +07:00 [INF] Request starting HTTP/1.1 GET http://localhost:5283/api/v1/codes/by-code/LOP_GIAM_SAT - null null
2026-05-06 14:57:46.592 +07:00 [INF] Request starting HTTP/1.1 GET http://localhost:5283/api/v1/codes/by-code/THUC_TRANG_GIAM_SAT - null null
2026-05-06 14:57:46.596 +07:00 [INF] CORS policy execution successful.
2026-05-06 14:57:46.602 +07:00 [INF] CORS policy execution successful.
2026-05-06 14:57:46.607 +07:00 [INF] CORS policy execution successful.
2026-05-06 14:57:46.608 +07:00 [INF] Executing endpoint 'ThucLuc.Api.Controllers.V1.DonViController.GetById (ThucLuc.Api)'
2026-05-06 14:57:46.609 +07:00 [INF] Executing endpoint 'ThucLuc.Api.Controllers.V1.CodesController.GetByCode (ThucLuc.Api)'
2026-05-06 14:57:46.610 +07:00 [INF] Executing endpoint 'ThucLuc.Api.Controllers.V1.CodesController.GetByCode (ThucLuc.Api)'
2026-05-06 14:57:46.613 +07:00 [INF] Route matched with {action = "GetById", controller = "DonVi"}. Executing controller action with signature System.Threading.Tasks.Task`1[Microsoft.AspNetCore.Mvc.ActionResult`1[ThucLuc.Api.Common.Models.ApiResponse`1[ThucLuc.Application.Features.DonVi.DonViDto]]] GetById(Int64, System.Threading.CancellationToken) on controller ThucLuc.Api.Controllers.V1.DonViController (ThucLuc.Api).
2026-05-06 14:57:46.615 +07:00 [INF] Route matched with {action = "GetByCode", controller = "Codes"}. Executing controller action with signature System.Threading.Tasks.Task`1[Microsoft.AspNetCore.Mvc.ActionResult`1[ThucLuc.Api.Common.Models.ApiResponse`1[ThucLuc.Application.Features.Codes.CodeDto]]] GetByCode(System.String, System.Threading.CancellationToken) on controller ThucLuc.Api.Controllers.V1.CodesController (ThucLuc.Api).
2026-05-06 14:57:46.617 +07:00 [INF] Route matched with {action = "GetByCode", controller = "Codes"}. Executing controller action with signature System.Threading.Tasks.Task`1[Microsoft.AspNetCore.Mvc.ActionResult`1[ThucLuc.Api.Common.Models.ApiResponse`1[ThucLuc.Application.Features.Codes.CodeDto]]] GetByCode(System.String, System.Threading.CancellationToken) on controller ThucLuc.Api.Controllers.V1.CodesController (ThucLuc.Api).
2026-05-06 14:57:46.669 +07:00 [INF] Executing OkObjectResult, writing value of type 'ThucLuc.Api.Common.Models.ApiResponse`1[[ThucLuc.Application.Features.DonVi.DonViDto, ThucLuc.Application, Version=1.0.0.0, Culture=neutral, PublicKeyToken=null]]'.
2026-05-06 14:57:46.670 +07:00 [INF] Executing OkObjectResult, writing value of type 'ThucLuc.Api.Common.Models.ApiResponse`1[[ThucLuc.Application.Features.Codes.CodeDto, ThucLuc.Application, Version=1.0.0.0, Culture=neutral, PublicKeyToken=null]]'.
2026-05-06 14:57:46.674 +07:00 [INF] Executed action ThucLuc.Api.Controllers.V1.DonViController.GetById (ThucLuc.Api) in 52.9491ms
2026-05-06 14:57:46.675 +07:00 [INF] Executing OkObjectResult, writing value of type 'ThucLuc.Api.Common.Models.ApiResponse`1[[ThucLuc.Application.Features.Codes.CodeDto, ThucLuc.Application, Version=1.0.0.0, Culture=neutral, PublicKeyToken=null]]'.
2026-05-06 14:57:46.678 +07:00 [INF] Executed action ThucLuc.Api.Controllers.V1.CodesController.GetByCode (ThucLuc.Api) in 54.3272ms
2026-05-06 14:57:46.683 +07:00 [INF] Executed endpoint 'ThucLuc.Api.Controllers.V1.DonViController.GetById (ThucLuc.Api)'
2026-05-06 14:57:46.690 +07:00 [INF] Executed action ThucLuc.Api.Controllers.V1.CodesController.GetByCode (ThucLuc.Api) in 63.3871ms
2026-05-06 14:57:46.696 +07:00 [INF] Executed endpoint 'ThucLuc.Api.Controllers.V1.CodesController.GetByCode (ThucLuc.Api)'
2026-05-06 14:57:46.702 +07:00 [INF] HTTP GET /api/v1/don-vi/2001 => 200 in 106.0393 ms CorrelationId=29603b3ed21d41d68591d7cc68b15e8c UserId=5001
2026-05-06 14:57:46.709 +07:00 [INF] Executed endpoint 'ThucLuc.Api.Controllers.V1.CodesController.GetByCode (ThucLuc.Api)'
2026-05-06 14:57:46.716 +07:00 [INF] HTTP GET /api/v1/codes/by-code/LOP_GIAM_SAT => 200 in 113.7911 ms CorrelationId=af6f5c7c42fb4fb68264ac73e3e3bae0 UserId=5001
2026-05-06 14:57:46.727 +07:00 [INF] HTTP GET /api/v1/don-vi/2001 responded 200 in 131.2543 ms
2026-05-06 14:57:46.734 +07:00 [INF] HTTP GET /api/v1/codes/by-code/THUC_TRANG_GIAM_SAT => 200 in 126.763 ms CorrelationId=97341a2d436b45c89770efcee79ebaad UserId=5001
2026-05-06 14:57:46.742 +07:00 [INF] HTTP GET /api/v1/codes/by-code/LOP_GIAM_SAT responded 200 in 140.1494 ms
2026-05-06 14:57:46.752 +07:00 [INF] Request finished HTTP/1.1 GET http://localhost:5283/api/v1/don-vi/2001 - 200 null application/json; charset=utf-8 175.4118ms
2026-05-06 14:57:46.760 +07:00 [INF] HTTP GET /api/v1/codes/by-code/THUC_TRANG_GIAM_SAT responded 200 in 153.5880 ms
2026-05-06 14:57:46.769 +07:00 [INF] Request finished HTTP/1.1 GET http://localhost:5283/api/v1/codes/by-code/LOP_GIAM_SAT - 200 null application/json; charset=utf-8 185.0825ms
2026-05-06 14:57:46.789 +07:00 [INF] Request finished HTTP/1.1 GET http://localhost:5283/api/v1/codes/by-code/THUC_TRANG_GIAM_SAT - 200 null application/json; charset=utf-8 197.0477ms
2026-05-06 14:57:46.815 +07:00 [INF] Request starting HTTP/1.1 OPTIONS http://localhost:5283/api/v1/giam-sat-noc?donViId=2001 - null null
2026-05-06 14:57:46.827 +07:00 [INF] CORS policy execution successful.
2026-05-06 14:57:46.831 +07:00 [INF] HTTP OPTIONS /api/v1/giam-sat-noc => 204 in 4.3817 ms CorrelationId=b852476557c146899ae829340170d8af UserId=anonymous
2026-05-06 14:57:46.841 +07:00 [INF] HTTP OPTIONS /api/v1/giam-sat-noc responded 204 in 14.1010 ms
2026-05-06 14:57:46.849 +07:00 [INF] Request finished HTTP/1.1 OPTIONS http://localhost:5283/api/v1/giam-sat-noc?donViId=2001 - 204 null null 33.1334ms
2026-05-06 14:57:46.942 +07:00 [INF] Request starting HTTP/1.1 GET http://localhost:5283/api/v1/giam-sat-noc?donViId=2001 - null null
2026-05-06 14:57:46.954 +07:00 [INF] CORS policy execution successful.
2026-05-06 14:57:46.958 +07:00 [INF] Executing endpoint 'ThucLuc.Api.Controllers.V1.GiamSatNocController.GetAll (ThucLuc.Api)'
2026-05-06 14:57:46.967 +07:00 [INF] Route matched with {action = "GetAll", controller = "GiamSatNoc"}. Executing controller action with signature System.Threading.Tasks.Task`1[Microsoft.AspNetCore.Mvc.ActionResult`1[ThucLuc.Api.Common.Models.ApiResponse`1[System.Collections.Generic.IReadOnlyCollection`1[ThucLuc.Application.Features.GiamSatNoc.GiamSatNocDto]]]] GetAll(ThucLuc.Application.Features.GiamSatNoc.GiamSatNocQuery, System.Threading.CancellationToken) on controller ThucLuc.Api.Controllers.V1.GiamSatNocController (ThucLuc.Api).
2026-05-06 14:57:47.027 +07:00 [INF] Executing OkObjectResult, writing value of type 'ThucLuc.Api.Common.Models.ApiResponse`1[[System.Collections.Generic.IReadOnlyCollection`1[[ThucLuc.Application.Features.GiamSatNoc.GiamSatNocDto, ThucLuc.Application, Version=1.0.0.0, Culture=neutral, PublicKeyToken=null]], System.Private.CoreLib, Version=8.0.0.0, Culture=neutral, PublicKeyToken=7cec85d7bea7798e]]'.
2026-05-06 14:57:47.034 +07:00 [INF] Executed action ThucLuc.Api.Controllers.V1.GiamSatNocController.GetAll (ThucLuc.Api) in 56.1379ms
2026-05-06 14:57:47.038 +07:00 [INF] Executed endpoint 'ThucLuc.Api.Controllers.V1.GiamSatNocController.GetAll (ThucLuc.Api)'
2026-05-06 14:57:47.042 +07:00 [INF] HTTP GET /api/v1/giam-sat-noc => 200 in 88.0274 ms CorrelationId=cc3fd22771d64ba19ef149f783ad70b7 UserId=5001
2026-05-06 14:57:47.050 +07:00 [INF] HTTP GET /api/v1/giam-sat-noc responded 200 in 96.0988 ms
2026-05-06 14:57:47.058 +07:00 [INF] Request finished HTTP/1.1 GET http://localhost:5283/api/v1/giam-sat-noc?donViId=2001 - 200 null application/json; charset=utf-8 116.685ms
2026-05-06 15:07:07.049 +07:00 [INF] Request starting HTTP/1.1 OPTIONS http://localhost:5283/api/v1/codes/by-code/TINH_TRANG_PHE_DUYET_ATTT - null null
2026-05-06 15:07:07.063 +07:00 [INF] CORS policy execution successful.
2026-05-06 15:07:07.067 +07:00 [INF] HTTP OPTIONS /api/v1/codes/by-code/TINH_TRANG_PHE_DUYET_ATTT => 204 in 3.6531 ms CorrelationId=2196241601934b499b549aa3be38d782 UserId=anonymous
2026-05-06 15:07:07.077 +07:00 [INF] HTTP OPTIONS /api/v1/codes/by-code/TINH_TRANG_PHE_DUYET_ATTT responded 204 in 13.9685 ms
2026-05-06 15:07:07.082 +07:00 [INF] Request finished HTTP/1.1 OPTIONS http://localhost:5283/api/v1/codes/by-code/TINH_TRANG_PHE_DUYET_ATTT - 204 null null 32.715ms
2026-05-06 15:07:07.095 +07:00 [INF] Request starting HTTP/1.1 GET http://localhost:5283/api/v1/codes/by-code/TINH_TRANG_PHE_DUYET_ATTT - null null
2026-05-06 15:07:07.102 +07:00 [INF] CORS policy execution successful.
2026-05-06 15:07:07.105 +07:00 [INF] Executing endpoint 'ThucLuc.Api.Controllers.V1.CodesController.GetByCode (ThucLuc.Api)'
2026-05-06 15:07:07.112 +07:00 [INF] Route matched with {action = "GetByCode", controller = "Codes"}. Executing controller action with signature System.Threading.Tasks.Task`1[Microsoft.AspNetCore.Mvc.ActionResult`1[ThucLuc.Api.Common.Models.ApiResponse`1[ThucLuc.Application.Features.Codes.CodeDto]]] GetByCode(System.String, System.Threading.CancellationToken) on controller ThucLuc.Api.Controllers.V1.CodesController (ThucLuc.Api).
2026-05-06 15:07:07.165 +07:00 [INF] Executing OkObjectResult, writing value of type 'ThucLuc.Api.Common.Models.ApiResponse`1[[ThucLuc.Application.Features.Codes.CodeDto, ThucLuc.Application, Version=1.0.0.0, Culture=neutral, PublicKeyToken=null]]'.
2026-05-06 15:07:07.176 +07:00 [INF] Executed action ThucLuc.Api.Controllers.V1.CodesController.GetByCode (ThucLuc.Api) in 59.724ms
2026-05-06 15:07:07.184 +07:00 [INF] Executed endpoint 'ThucLuc.Api.Controllers.V1.CodesController.GetByCode (ThucLuc.Api)'
2026-05-06 15:07:07.189 +07:00 [INF] HTTP GET /api/v1/codes/by-code/TINH_TRANG_PHE_DUYET_ATTT => 200 in 87.1244 ms CorrelationId=65b555fa323f4416a4c3e28b9be4cda7 UserId=5001
2026-05-06 15:07:07.202 +07:00 [INF] HTTP GET /api/v1/codes/by-code/TINH_TRANG_PHE_DUYET_ATTT responded 200 in 99.9679 ms
2026-05-06 15:07:07.213 +07:00 [INF] Request finished HTTP/1.1 GET http://localhost:5283/api/v1/codes/by-code/TINH_TRANG_PHE_DUYET_ATTT - 200 null application/json; charset=utf-8 117.4478ms
2026-05-06 15:07:07.222 +07:00 [INF] Request starting HTTP/1.1 OPTIONS http://localhost:5283/api/v1/ky-bao-cao - null null
2026-05-06 15:07:07.228 +07:00 [INF] Request starting HTTP/1.1 OPTIONS http://localhost:5283/api/v1/ky-bao-cao/current - null null
2026-05-06 15:07:07.239 +07:00 [INF] CORS policy execution successful.
2026-05-06 15:07:07.249 +07:00 [INF] CORS policy execution successful.
2026-05-06 15:07:07.252 +07:00 [INF] HTTP OPTIONS /api/v1/ky-bao-cao => 204 in 13.6502 ms CorrelationId=b8bb5949f8c64995a063adb441df1229 UserId=anonymous
2026-05-06 15:07:07.256 +07:00 [INF] HTTP OPTIONS /api/v1/ky-bao-cao/current => 204 in 6.4992 ms CorrelationId=46bfc5e8f5034fa3b49ebdfb7a52f36d UserId=anonymous
2026-05-06 15:07:07.264 +07:00 [INF] HTTP OPTIONS /api/v1/ky-bao-cao responded 204 in 25.6095 ms
2026-05-06 15:07:07.272 +07:00 [INF] HTTP OPTIONS /api/v1/ky-bao-cao/current responded 204 in 22.8184 ms
2026-05-06 15:07:07.281 +07:00 [INF] Request finished HTTP/1.1 OPTIONS http://localhost:5283/api/v1/ky-bao-cao - 204 null null 58.23ms
2026-05-06 15:07:07.290 +07:00 [INF] Request finished HTTP/1.1 OPTIONS http://localhost:5283/api/v1/ky-bao-cao/current - 204 null null 62.6742ms
2026-05-06 15:07:07.308 +07:00 [INF] Request starting HTTP/1.1 GET http://localhost:5283/api/v1/ky-bao-cao/current - null null
2026-05-06 15:07:07.320 +07:00 [INF] Request starting HTTP/1.1 GET http://localhost:5283/api/v1/ky-bao-cao - null null
2026-05-06 15:07:07.331 +07:00 [INF] CORS policy execution successful.
2026-05-06 15:07:07.342 +07:00 [INF] CORS policy execution successful.
2026-05-06 15:07:07.346 +07:00 [INF] Executing endpoint 'ThucLuc.Api.Controllers.V1.KyBaoCaoController.GetCurrent (ThucLuc.Api)'
2026-05-06 15:07:07.349 +07:00 [INF] Executing endpoint 'ThucLuc.Api.Controllers.V1.KyBaoCaoController.GetAll (ThucLuc.Api)'
2026-05-06 15:07:07.360 +07:00 [INF] Route matched with {action = "GetCurrent", controller = "KyBaoCao"}. Executing controller action with signature System.Threading.Tasks.Task`1[Microsoft.AspNetCore.Mvc.ActionResult`1[ThucLuc.Api.Common.Models.ApiResponse`1[ThucLuc.Application.Features.KyBaoCao.KyBaoCaoDto]]] GetCurrent(System.Threading.CancellationToken) on controller ThucLuc.Api.Controllers.V1.KyBaoCaoController (ThucLuc.Api).
2026-05-06 15:07:07.361 +07:00 [INF] Route matched with {action = "GetAll", controller = "KyBaoCao"}. Executing controller action with signature System.Threading.Tasks.Task`1[Microsoft.AspNetCore.Mvc.ActionResult`1[ThucLuc.Api.Common.Models.ApiResponse`1[System.Collections.Generic.IReadOnlyCollection`1[ThucLuc.Application.Features.KyBaoCao.KyBaoCaoDto]]]] GetAll(System.Threading.CancellationToken) on controller ThucLuc.Api.Controllers.V1.KyBaoCaoController (ThucLuc.Api).
2026-05-06 15:07:07.452 +07:00 [INF] Executing OkObjectResult, writing value of type 'ThucLuc.Api.Common.Models.ApiResponse`1[[System.Collections.Generic.IReadOnlyCollection`1[[ThucLuc.Application.Features.KyBaoCao.KyBaoCaoDto, ThucLuc.Application, Version=1.0.0.0, Culture=neutral, PublicKeyToken=null]], System.Private.CoreLib, Version=8.0.0.0, Culture=neutral, PublicKeyToken=7cec85d7bea7798e]]'.
2026-05-06 15:07:07.455 +07:00 [INF] Executing OkObjectResult, writing value of type 'ThucLuc.Api.Common.Models.ApiResponse`1[[ThucLuc.Application.Features.KyBaoCao.KyBaoCaoDto, ThucLuc.Application, Version=1.0.0.0, Culture=neutral, PublicKeyToken=null]]'.
2026-05-06 15:07:07.495 +07:00 [INF] Executed action ThucLuc.Api.Controllers.V1.KyBaoCaoController.GetAll (ThucLuc.Api) in 122.4365ms
2026-05-06 15:07:07.495 +07:00 [INF] Executed action ThucLuc.Api.Controllers.V1.KyBaoCaoController.GetCurrent (ThucLuc.Api) in 129.6918ms
2026-05-06 15:07:07.501 +07:00 [INF] Executed endpoint 'ThucLuc.Api.Controllers.V1.KyBaoCaoController.GetAll (ThucLuc.Api)'
2026-05-06 15:07:07.507 +07:00 [INF] Executed endpoint 'ThucLuc.Api.Controllers.V1.KyBaoCaoController.GetCurrent (ThucLuc.Api)'
2026-05-06 15:07:07.512 +07:00 [INF] HTTP GET /api/v1/ky-bao-cao => 200 in 169.281 ms CorrelationId=c6ba97d19ce943beadae4a2dc3a2f8d1 UserId=5001
2026-05-06 15:07:07.516 +07:00 [INF] HTTP GET /api/v1/ky-bao-cao/current => 200 in 185.0588 ms CorrelationId=42837f73c88f4795b64f5ffd70a8699a UserId=5001
2026-05-06 15:07:07.524 +07:00 [INF] HTTP GET /api/v1/ky-bao-cao responded 200 in 181.8269 ms
2026-05-06 15:07:07.533 +07:00 [INF] HTTP GET /api/v1/ky-bao-cao/current responded 200 in 202.1855 ms
2026-05-06 15:07:07.540 +07:00 [INF] Request finished HTTP/1.1 GET http://localhost:5283/api/v1/ky-bao-cao - 200 null application/json; charset=utf-8 219.7123ms
2026-05-06 15:07:07.548 +07:00 [INF] Request finished HTTP/1.1 GET http://localhost:5283/api/v1/ky-bao-cao/current - 200 null application/json; charset=utf-8 239.4234ms
2026-05-06 15:07:07.572 +07:00 [INF] Request starting HTTP/1.1 OPTIONS http://localhost:5283/api/v1/attt-httt-van-hanh?kyCode=2026Q1_NHAN_LUC&kyBaoCaoCode=2026Q1_NHAN_LUC&mode=live&nam=2026 - null null
2026-05-06 15:07:07.580 +07:00 [INF] CORS policy execution successful.
2026-05-06 15:07:07.582 +07:00 [INF] HTTP OPTIONS /api/v1/attt-httt-van-hanh => 204 in 2.2699 ms CorrelationId=c75d005e576c43bab21d6eb9e2f6b269 UserId=anonymous
2026-05-06 15:07:07.586 +07:00 [INF] HTTP OPTIONS /api/v1/attt-httt-van-hanh responded 204 in 6.8636 ms
2026-05-06 15:07:07.593 +07:00 [INF] Request finished HTTP/1.1 OPTIONS http://localhost:5283/api/v1/attt-httt-van-hanh?kyCode=2026Q1_NHAN_LUC&kyBaoCaoCode=2026Q1_NHAN_LUC&mode=live&nam=2026 - 204 null null 20.6262ms
2026-05-06 15:07:07.602 +07:00 [INF] Request starting HTTP/1.1 GET http://localhost:5283/api/v1/attt-httt-van-hanh?kyCode=2026Q1_NHAN_LUC&kyBaoCaoCode=2026Q1_NHAN_LUC&mode=live&nam=2026 - null null
2026-05-06 15:07:07.611 +07:00 [INF] CORS policy execution successful.
2026-05-06 15:07:07.615 +07:00 [INF] Executing endpoint 'ThucLuc.Api.Controllers.V1.AtttHtttVanHanhController.GetAll (ThucLuc.Api)'
2026-05-06 15:07:07.625 +07:00 [INF] Route matched with {action = "GetAll", controller = "AtttHtttVanHanh"}. Executing controller action with signature System.Threading.Tasks.Task`1[Microsoft.AspNetCore.Mvc.ActionResult`1[ThucLuc.Api.Common.Models.ApiResponse`1[System.Collections.Generic.IReadOnlyCollection`1[ThucLuc.Application.Features.AtttHtttVanHanh.AtttHtttVanHanhDto]]]] GetAll(ThucLuc.Application.Features.AtttHtttVanHanh.AtttHtttVanHanhQuery, System.Threading.CancellationToken) on controller ThucLuc.Api.Controllers.V1.AtttHtttVanHanhController (ThucLuc.Api).
2026-05-06 15:07:07.661 +07:00 [INF] Executed action ThucLuc.Api.Controllers.V1.AtttHtttVanHanhController.GetAll (ThucLuc.Api) in 29.3149ms
2026-05-06 15:07:07.669 +07:00 [INF] Executed endpoint 'ThucLuc.Api.Controllers.V1.AtttHtttVanHanhController.GetAll (ThucLuc.Api)'
2026-05-06 15:07:07.675 +07:00 [ERR] Unhandled exception. CorrelationId=aea50952d2dc45efb3a04d30649f9800
System.InvalidOperationException: The LINQ expression 'DbSet<AtttHtttVanHanhHis>()
    .Where(a => a.KyBaoCaoCode == __query_KyBaoCaoCode_0)
    .Where(a => AtttHtttVanHanhService.ApplyDonViScopePredicate(a.DonViId))' could not be translated. Additional information: Translation of method 'ThucLuc.Application.Features.AtttHtttVanHanh.AtttHtttVanHanhService.ApplyDonViScopePredicate' failed. If this method can be mapped to your custom function, see https://go.microsoft.com/fwlink/?linkid=2132413 for more information. Either rewrite the query in a form that can be translated, or switch to client evaluation explicitly by inserting a call to 'AsEnumerable', 'AsAsyncEnumerable', 'ToList', or 'ToListAsync'. See https://go.microsoft.com/fwlink/?linkid=2101038 for more information.
   at Microsoft.EntityFrameworkCore.Query.QueryableMethodTranslatingExpressionVisitor.Translate(Expression expression)
   at Microsoft.EntityFrameworkCore.Query.RelationalQueryableMethodTranslatingExpressionVisitor.Translate(Expression expression)
   at Microsoft.EntityFrameworkCore.Query.QueryCompilationContext.CreateQueryExecutor[TResult](Expression query)
   at Microsoft.EntityFrameworkCore.Storage.Database.CompileQuery[TResult](Expression query, Boolean async)
   at Microsoft.EntityFrameworkCore.Query.Internal.QueryCompiler.CompileQueryCore[TResult](IDatabase database, Expression query, IModel model, Boolean async)
   at Microsoft.EntityFrameworkCore.Query.Internal.QueryCompiler.<>c__DisplayClass12_0`1.<ExecuteAsync>b__0()
   at Microsoft.EntityFrameworkCore.Query.Internal.CompiledQueryCache.GetOrAddQuery[TResult](Object cacheKey, Func`1 compiler)
   at Microsoft.EntityFrameworkCore.Query.Internal.QueryCompiler.ExecuteAsync[TResult](Expression query, CancellationToken cancellationToken)
   at Microsoft.EntityFrameworkCore.Query.Internal.EntityQueryable`1.GetAsyncEnumerator(CancellationToken cancellationToken)
   at System.Runtime.CompilerServices.ConfiguredCancelableAsyncEnumerable`1.GetAsyncEnumerator()
   at Microsoft.EntityFrameworkCore.EntityFrameworkQueryableExtensions.ToListAsync[TSource](IQueryable`1 source, CancellationToken cancellationToken)
   at ThucLuc.Application.Features.AtttHtttVanHanh.AtttHtttVanHanhService.GetAllAsync(AtttHtttVanHanhQuery query, CancellationToken cancellationToken)
   at ThucLuc.Api.Controllers.V1.AtttHtttVanHanhController.GetAll(AtttHtttVanHanhQuery query, CancellationToken cancellationToken)
   at lambda_method1792(Closure, Object)
   at Microsoft.AspNetCore.Mvc.Infrastructure.ActionMethodExecutor.AwaitableObjectResultExecutor.Execute(ActionContext actionContext, IActionResultTypeMapper mapper, ObjectMethodExecutor executor, Object controller, Object[] arguments)
   at Microsoft.AspNetCore.Mvc.Infrastructure.ControllerActionInvoker.<InvokeActionMethodAsync>g__Awaited|12_0(ControllerActionInvoker invoker, ValueTask`1 actionResultValueTask)
   at Microsoft.AspNetCore.Mvc.Infrastructure.ControllerActionInvoker.<InvokeNextActionFilterAsync>g__Awaited|10_0(ControllerActionInvoker invoker, Task lastTask, State next, Scope scope, Object state, Boolean isCompleted)
   at Microsoft.AspNetCore.Mvc.Infrastructure.ControllerActionInvoker.Rethrow(ActionExecutedContextSealed context)
   at Microsoft.AspNetCore.Mvc.Infrastructure.ControllerActionInvoker.Next(State& next, Scope& scope, Object& state, Boolean& isCompleted)
   at Microsoft.AspNetCore.Mvc.Infrastructure.ControllerActionInvoker.InvokeInnerFilterAsync()
--- End of stack trace from previous location ---
   at Microsoft.AspNetCore.Mvc.Infrastructure.ResourceInvoker.<InvokeFilterPipelineAsync>g__Awaited|20_0(ResourceInvoker invoker, Task lastTask, State next, Scope scope, Object state, Boolean isCompleted)
   at Microsoft.AspNetCore.Mvc.Infrastructure.ResourceInvoker.<InvokeAsync>g__Logged|17_1(ResourceInvoker invoker)
   at Microsoft.AspNetCore.Mvc.Infrastructure.ResourceInvoker.<InvokeAsync>g__Logged|17_1(ResourceInvoker invoker)
   at Microsoft.AspNetCore.Routing.EndpointMiddleware.<Invoke>g__AwaitRequestTask|7_0(Endpoint endpoint, Task requestTask, ILogger logger)
   at Microsoft.AspNetCore.Authorization.AuthorizationMiddleware.Invoke(HttpContext context)
   at Microsoft.AspNetCore.Authentication.AuthenticationMiddleware.Invoke(HttpContext context)
   at Swashbuckle.AspNetCore.SwaggerUI.SwaggerUIMiddleware.Invoke(HttpContext httpContext)
   at Swashbuckle.AspNetCore.Swagger.SwaggerMiddleware.Invoke(HttpContext httpContext, ISwaggerProvider swaggerProvider)
   at ThucLuc.Api.Common.Middleware.GlobalExceptionMiddleware.InvokeAsync(HttpContext context)
2026-05-06 15:07:07.756 +07:00 [INF] HTTP GET /api/v1/attt-httt-van-hanh => 500 in 144.2426 ms CorrelationId=aea50952d2dc45efb3a04d30649f9800 UserId=5001
2026-05-06 15:07:07.766 +07:00 [ERR] HTTP GET /api/v1/attt-httt-van-hanh responded 500 in 155.2351 ms
2026-05-06 15:07:07.776 +07:00 [INF] Request finished HTTP/1.1 GET http://localhost:5283/api/v1/attt-httt-van-hanh?kyCode=2026Q1_NHAN_LUC&kyBaoCaoCode=2026Q1_NHAN_LUC&mode=live&nam=2026 - 500 null application/json 174.1665ms
2026-05-06 15:07:08.744 +07:00 [INF] Request starting HTTP/1.1 GET http://localhost:5283/api/v1/ky-bao-cao/current - null null
2026-05-06 15:07:08.753 +07:00 [INF] Request starting HTTP/1.1 GET http://localhost:5283/api/v1/ky-bao-cao - null null
2026-05-06 15:07:08.766 +07:00 [INF] CORS policy execution successful.
2026-05-06 15:07:08.783 +07:00 [INF] CORS policy execution successful.
2026-05-06 15:07:08.789 +07:00 [INF] Executing endpoint 'ThucLuc.Api.Controllers.V1.KyBaoCaoController.GetCurrent (ThucLuc.Api)'
2026-05-06 15:07:08.794 +07:00 [INF] Executing endpoint 'ThucLuc.Api.Controllers.V1.KyBaoCaoController.GetAll (ThucLuc.Api)'
2026-05-06 15:07:08.800 +07:00 [INF] Route matched with {action = "GetCurrent", controller = "KyBaoCao"}. Executing controller action with signature System.Threading.Tasks.Task`1[Microsoft.AspNetCore.Mvc.ActionResult`1[ThucLuc.Api.Common.Models.ApiResponse`1[ThucLuc.Application.Features.KyBaoCao.KyBaoCaoDto]]] GetCurrent(System.Threading.CancellationToken) on controller ThucLuc.Api.Controllers.V1.KyBaoCaoController (ThucLuc.Api).
2026-05-06 15:07:08.807 +07:00 [INF] Route matched with {action = "GetAll", controller = "KyBaoCao"}. Executing controller action with signature System.Threading.Tasks.Task`1[Microsoft.AspNetCore.Mvc.ActionResult`1[ThucLuc.Api.Common.Models.ApiResponse`1[System.Collections.Generic.IReadOnlyCollection`1[ThucLuc.Application.Features.KyBaoCao.KyBaoCaoDto]]]] GetAll(System.Threading.CancellationToken) on controller ThucLuc.Api.Controllers.V1.KyBaoCaoController (ThucLuc.Api).
2026-05-06 15:07:08.869 +07:00 [INF] Executing OkObjectResult, writing value of type 'ThucLuc.Api.Common.Models.ApiResponse`1[[ThucLuc.Application.Features.KyBaoCao.KyBaoCaoDto, ThucLuc.Application, Version=1.0.0.0, Culture=neutral, PublicKeyToken=null]]'.
2026-05-06 15:07:08.877 +07:00 [INF] Executing OkObjectResult, writing value of type 'ThucLuc.Api.Common.Models.ApiResponse`1[[System.Collections.Generic.IReadOnlyCollection`1[[ThucLuc.Application.Features.KyBaoCao.KyBaoCaoDto, ThucLuc.Application, Version=1.0.0.0, Culture=neutral, PublicKeyToken=null]], System.Private.CoreLib, Version=8.0.0.0, Culture=neutral, PublicKeyToken=7cec85d7bea7798e]]'.
2026-05-06 15:07:08.877 +07:00 [INF] Executed action ThucLuc.Api.Controllers.V1.KyBaoCaoController.GetCurrent (ThucLuc.Api) in 60.4865ms
2026-05-06 15:07:08.884 +07:00 [INF] Executed action ThucLuc.Api.Controllers.V1.KyBaoCaoController.GetAll (ThucLuc.Api) in 55.8038ms
2026-05-06 15:07:08.890 +07:00 [INF] Executed endpoint 'ThucLuc.Api.Controllers.V1.KyBaoCaoController.GetCurrent (ThucLuc.Api)'
2026-05-06 15:07:08.895 +07:00 [INF] Executed endpoint 'ThucLuc.Api.Controllers.V1.KyBaoCaoController.GetAll (ThucLuc.Api)'
2026-05-06 15:07:08.899 +07:00 [INF] HTTP GET /api/v1/ky-bao-cao/current => 200 in 133.7011 ms CorrelationId=f1f226e8c6b4480782fdcd8bdf663efe UserId=5001
2026-05-06 15:07:08.903 +07:00 [INF] HTTP GET /api/v1/ky-bao-cao => 200 in 120.0454 ms CorrelationId=b0a7415e73c0486dabca1cf8e6a8acab UserId=5001
2026-05-06 15:07:08.913 +07:00 [INF] HTTP GET /api/v1/ky-bao-cao/current responded 200 in 147.1577 ms
2026-05-06 15:07:08.921 +07:00 [INF] HTTP GET /api/v1/ky-bao-cao responded 200 in 138.8815 ms
2026-05-06 15:07:08.929 +07:00 [INF] Request finished HTTP/1.1 GET http://localhost:5283/api/v1/ky-bao-cao/current - 200 null application/json; charset=utf-8 185.0207ms
2026-05-06 15:07:08.936 +07:00 [INF] Request finished HTTP/1.1 GET http://localhost:5283/api/v1/ky-bao-cao - 200 null application/json; charset=utf-8 183.3124ms
2026-05-06 15:07:08.969 +07:00 [INF] Request starting HTTP/1.1 OPTIONS http://localhost:5283/api/v1/attt-httt-dau-tu?kyCode=2026Q1_NHAN_LUC&kyBaoCaoCode=2026Q1_NHAN_LUC&mode=live&nam=2026 - null null
2026-05-06 15:07:08.984 +07:00 [INF] CORS policy execution successful.
2026-05-06 15:07:08.989 +07:00 [INF] HTTP OPTIONS /api/v1/attt-httt-dau-tu => 204 in 5.4582 ms CorrelationId=ead516932c0b4f0eb77e7ac8ac2eb40b UserId=anonymous
2026-05-06 15:07:08.998 +07:00 [INF] HTTP OPTIONS /api/v1/attt-httt-dau-tu responded 204 in 14.8790 ms
2026-05-06 15:07:09.007 +07:00 [INF] Request finished HTTP/1.1 OPTIONS http://localhost:5283/api/v1/attt-httt-dau-tu?kyCode=2026Q1_NHAN_LUC&kyBaoCaoCode=2026Q1_NHAN_LUC&mode=live&nam=2026 - 204 null null 37.5374ms
2026-05-06 15:07:09.024 +07:00 [INF] Request starting HTTP/1.1 GET http://localhost:5283/api/v1/attt-httt-dau-tu?kyCode=2026Q1_NHAN_LUC&kyBaoCaoCode=2026Q1_NHAN_LUC&mode=live&nam=2026 - null null
2026-05-06 15:07:09.038 +07:00 [INF] CORS policy execution successful.
2026-05-06 15:07:09.044 +07:00 [INF] Executing endpoint 'ThucLuc.Api.Controllers.V1.AtttHtttDauTuController.GetAll (ThucLuc.Api)'
2026-05-06 15:07:09.055 +07:00 [INF] Route matched with {action = "GetAll", controller = "AtttHtttDauTu"}. Executing controller action with signature System.Threading.Tasks.Task`1[Microsoft.AspNetCore.Mvc.ActionResult`1[ThucLuc.Api.Common.Models.ApiResponse`1[System.Collections.Generic.IReadOnlyCollection`1[ThucLuc.Application.Features.AtttHtttDauTu.AtttHtttDauTuDto]]]] GetAll(ThucLuc.Application.Features.AtttHtttDauTu.AtttHtttDauTuQuery, System.Threading.CancellationToken) on controller ThucLuc.Api.Controllers.V1.AtttHtttDauTuController (ThucLuc.Api).
2026-05-06 15:07:09.075 +07:00 [INF] Executed action ThucLuc.Api.Controllers.V1.AtttHtttDauTuController.GetAll (ThucLuc.Api) in 10.421ms
2026-05-06 15:07:09.082 +07:00 [INF] Executed endpoint 'ThucLuc.Api.Controllers.V1.AtttHtttDauTuController.GetAll (ThucLuc.Api)'
2026-05-06 15:07:09.088 +07:00 [ERR] Unhandled exception. CorrelationId=777fcab50c8e4dd48faee9a37dd35647
System.InvalidOperationException: The LINQ expression 'DbSet<AtttHtttDauTuHis>()
    .Where(a => a.KyBaoCaoCode == __query_KyBaoCaoCode_0)
    .Where(a => AtttHtttDauTuService.ApplyDonViScopePredicate(a.DonViId))' could not be translated. Additional information: Translation of method 'ThucLuc.Application.Features.AtttHtttDauTu.AtttHtttDauTuService.ApplyDonViScopePredicate' failed. If this method can be mapped to your custom function, see https://go.microsoft.com/fwlink/?linkid=2132413 for more information. Either rewrite the query in a form that can be translated, or switch to client evaluation explicitly by inserting a call to 'AsEnumerable', 'AsAsyncEnumerable', 'ToList', or 'ToListAsync'. See https://go.microsoft.com/fwlink/?linkid=2101038 for more information.
   at Microsoft.EntityFrameworkCore.Query.QueryableMethodTranslatingExpressionVisitor.Translate(Expression expression)
   at Microsoft.EntityFrameworkCore.Query.RelationalQueryableMethodTranslatingExpressionVisitor.Translate(Expression expression)
   at Microsoft.EntityFrameworkCore.Query.QueryCompilationContext.CreateQueryExecutor[TResult](Expression query)
   at Microsoft.EntityFrameworkCore.Storage.Database.CompileQuery[TResult](Expression query, Boolean async)
   at Microsoft.EntityFrameworkCore.Query.Internal.QueryCompiler.CompileQueryCore[TResult](IDatabase database, Expression query, IModel model, Boolean async)
   at Microsoft.EntityFrameworkCore.Query.Internal.QueryCompiler.<>c__DisplayClass12_0`1.<ExecuteAsync>b__0()
   at Microsoft.EntityFrameworkCore.Query.Internal.CompiledQueryCache.GetOrAddQuery[TResult](Object cacheKey, Func`1 compiler)
   at Microsoft.EntityFrameworkCore.Query.Internal.QueryCompiler.ExecuteAsync[TResult](Expression query, CancellationToken cancellationToken)
   at Microsoft.EntityFrameworkCore.Query.Internal.EntityQueryable`1.GetAsyncEnumerator(CancellationToken cancellationToken)
   at System.Runtime.CompilerServices.ConfiguredCancelableAsyncEnumerable`1.GetAsyncEnumerator()
   at Microsoft.EntityFrameworkCore.EntityFrameworkQueryableExtensions.ToListAsync[TSource](IQueryable`1 source, CancellationToken cancellationToken)
   at ThucLuc.Application.Features.AtttHtttDauTu.AtttHtttDauTuService.GetAllAsync(AtttHtttDauTuQuery query, CancellationToken cancellationToken)
   at ThucLuc.Api.Controllers.V1.AtttHtttDauTuController.GetAll(AtttHtttDauTuQuery query, CancellationToken cancellationToken)
   at lambda_method1801(Closure, Object)
   at Microsoft.AspNetCore.Mvc.Infrastructure.ActionMethodExecutor.AwaitableObjectResultExecutor.Execute(ActionContext actionContext, IActionResultTypeMapper mapper, ObjectMethodExecutor executor, Object controller, Object[] arguments)
   at Microsoft.AspNetCore.Mvc.Infrastructure.ControllerActionInvoker.<InvokeActionMethodAsync>g__Awaited|12_0(ControllerActionInvoker invoker, ValueTask`1 actionResultValueTask)
   at Microsoft.AspNetCore.Mvc.Infrastructure.ControllerActionInvoker.<InvokeNextActionFilterAsync>g__Awaited|10_0(ControllerActionInvoker invoker, Task lastTask, State next, Scope scope, Object state, Boolean isCompleted)
   at Microsoft.AspNetCore.Mvc.Infrastructure.ControllerActionInvoker.Rethrow(ActionExecutedContextSealed context)
   at Microsoft.AspNetCore.Mvc.Infrastructure.ControllerActionInvoker.Next(State& next, Scope& scope, Object& state, Boolean& isCompleted)
   at Microsoft.AspNetCore.Mvc.Infrastructure.ControllerActionInvoker.InvokeInnerFilterAsync()
--- End of stack trace from previous location ---
   at Microsoft.AspNetCore.Mvc.Infrastructure.ResourceInvoker.<InvokeFilterPipelineAsync>g__Awaited|20_0(ResourceInvoker invoker, Task lastTask, State next, Scope scope, Object state, Boolean isCompleted)
   at Microsoft.AspNetCore.Mvc.Infrastructure.ResourceInvoker.<InvokeAsync>g__Logged|17_1(ResourceInvoker invoker)
   at Microsoft.AspNetCore.Mvc.Infrastructure.ResourceInvoker.<InvokeAsync>g__Logged|17_1(ResourceInvoker invoker)
   at Microsoft.AspNetCore.Routing.EndpointMiddleware.<Invoke>g__AwaitRequestTask|7_0(Endpoint endpoint, Task requestTask, ILogger logger)
   at Microsoft.AspNetCore.Authorization.AuthorizationMiddleware.Invoke(HttpContext context)
   at Microsoft.AspNetCore.Authentication.AuthenticationMiddleware.Invoke(HttpContext context)
   at Swashbuckle.AspNetCore.SwaggerUI.SwaggerUIMiddleware.Invoke(HttpContext httpContext)
   at Swashbuckle.AspNetCore.Swagger.SwaggerMiddleware.Invoke(HttpContext httpContext, ISwaggerProvider swaggerProvider)
   at ThucLuc.Api.Common.Middleware.GlobalExceptionMiddleware.InvokeAsync(HttpContext context)
2026-05-06 15:07:09.126 +07:00 [INF] HTTP GET /api/v1/attt-httt-dau-tu => 500 in 88.578 ms CorrelationId=777fcab50c8e4dd48faee9a37dd35647 UserId=5001
2026-05-06 15:07:09.140 +07:00 [ERR] HTTP GET /api/v1/attt-httt-dau-tu responded 500 in 102.5936 ms
2026-05-06 15:07:09.152 +07:00 [INF] Request finished HTTP/1.1 GET http://localhost:5283/api/v1/attt-httt-dau-tu?kyCode=2026Q1_NHAN_LUC&kyBaoCaoCode=2026Q1_NHAN_LUC&mode=live&nam=2026 - 500 null application/json 128.9124ms
2026-05-06 15:07:10.354 +07:00 [INF] Request starting HTTP/1.1 OPTIONS http://localhost:5283/api/v1/codes/by-code/GIAI_PHAP_ATTT - null null
2026-05-06 15:07:10.368 +07:00 [INF] CORS policy execution successful.
2026-05-06 15:07:10.372 +07:00 [INF] HTTP OPTIONS /api/v1/codes/by-code/GIAI_PHAP_ATTT => 204 in 4.3636 ms CorrelationId=57540d84810140cd8af56b7602f9bb6e UserId=anonymous
2026-05-06 15:07:10.382 +07:00 [INF] HTTP OPTIONS /api/v1/codes/by-code/GIAI_PHAP_ATTT responded 204 in 14.5029 ms
2026-05-06 15:07:10.391 +07:00 [INF] Request finished HTTP/1.1 OPTIONS http://localhost:5283/api/v1/codes/by-code/GIAI_PHAP_ATTT - 204 null null 36.8831ms
2026-05-06 15:07:10.408 +07:00 [INF] Request starting HTTP/1.1 GET http://localhost:5283/api/v1/codes/by-code/GIAI_PHAP_ATTT - null null
2026-05-06 15:07:10.423 +07:00 [INF] CORS policy execution successful.
2026-05-06 15:07:10.429 +07:00 [INF] Executing endpoint 'ThucLuc.Api.Controllers.V1.CodesController.GetByCode (ThucLuc.Api)'
2026-05-06 15:07:10.434 +07:00 [INF] Route matched with {action = "GetByCode", controller = "Codes"}. Executing controller action with signature System.Threading.Tasks.Task`1[Microsoft.AspNetCore.Mvc.ActionResult`1[ThucLuc.Api.Common.Models.ApiResponse`1[ThucLuc.Application.Features.Codes.CodeDto]]] GetByCode(System.String, System.Threading.CancellationToken) on controller ThucLuc.Api.Controllers.V1.CodesController (ThucLuc.Api).
2026-05-06 15:07:10.452 +07:00 [INF] Executing OkObjectResult, writing value of type 'ThucLuc.Api.Common.Models.ApiResponse`1[[ThucLuc.Application.Features.Codes.CodeDto, ThucLuc.Application, Version=1.0.0.0, Culture=neutral, PublicKeyToken=null]]'.
2026-05-06 15:07:10.462 +07:00 [INF] Executed action ThucLuc.Api.Controllers.V1.CodesController.GetByCode (ThucLuc.Api) in 15.855ms
2026-05-06 15:07:10.470 +07:00 [INF] Executed endpoint 'ThucLuc.Api.Controllers.V1.CodesController.GetByCode (ThucLuc.Api)'
2026-05-06 15:07:10.478 +07:00 [INF] HTTP GET /api/v1/codes/by-code/GIAI_PHAP_ATTT => 200 in 55.0149 ms CorrelationId=95b61796bf5a4db6a9d1d4a235481b6b UserId=5001
2026-05-06 15:07:10.490 +07:00 [INF] HTTP GET /api/v1/codes/by-code/GIAI_PHAP_ATTT responded 200 in 67.5909 ms
2026-05-06 15:07:10.500 +07:00 [INF] Request finished HTTP/1.1 GET http://localhost:5283/api/v1/codes/by-code/GIAI_PHAP_ATTT - 200 null application/json; charset=utf-8 92.0241ms
2026-05-06 15:07:10.513 +07:00 [INF] Request starting HTTP/1.1 OPTIONS http://localhost:5283/api/v1/giai-phap-attt?donViId=2002 - null null
2026-05-06 15:07:10.523 +07:00 [INF] CORS policy execution successful.
2026-05-06 15:07:10.527 +07:00 [INF] HTTP OPTIONS /api/v1/giai-phap-attt => 204 in 3.9131 ms CorrelationId=882777b0688641a0bce89edaa91f9558 UserId=anonymous
2026-05-06 15:07:10.538 +07:00 [INF] HTTP OPTIONS /api/v1/giai-phap-attt responded 204 in 14.5103 ms
2026-05-06 15:07:10.546 +07:00 [INF] Request finished HTTP/1.1 OPTIONS http://localhost:5283/api/v1/giai-phap-attt?donViId=2002 - 204 null null 32.8382ms
2026-05-06 15:07:10.573 +07:00 [INF] Request starting HTTP/1.1 GET http://localhost:5283/api/v1/giai-phap-attt?donViId=2002 - null null
2026-05-06 15:07:10.583 +07:00 [INF] CORS policy execution successful.
2026-05-06 15:07:10.587 +07:00 [INF] Executing endpoint 'ThucLuc.Api.Controllers.V1.GiaiPhapAtttController.GetAll (ThucLuc.Api)'
2026-05-06 15:07:10.599 +07:00 [INF] Route matched with {action = "GetAll", controller = "GiaiPhapAttt"}. Executing controller action with signature System.Threading.Tasks.Task`1[Microsoft.AspNetCore.Mvc.ActionResult`1[ThucLuc.Api.Common.Models.ApiResponse`1[System.Collections.Generic.IReadOnlyCollection`1[ThucLuc.Application.Features.GiaiPhapAttt.GiaiPhapAtttDto]]]] GetAll(ThucLuc.Application.Features.GiaiPhapAttt.GiaiPhapAtttQuery, System.Threading.CancellationToken) on controller ThucLuc.Api.Controllers.V1.GiaiPhapAtttController (ThucLuc.Api).
2026-05-06 15:07:10.632 +07:00 [INF] Executing OkObjectResult, writing value of type 'ThucLuc.Api.Common.Models.ApiResponse`1[[System.Collections.Generic.IReadOnlyCollection`1[[ThucLuc.Application.Features.GiaiPhapAttt.GiaiPhapAtttDto, ThucLuc.Application, Version=1.0.0.0, Culture=neutral, PublicKeyToken=null]], System.Private.CoreLib, Version=8.0.0.0, Culture=neutral, PublicKeyToken=7cec85d7bea7798e]]'.
2026-05-06 15:07:10.643 +07:00 [INF] Executed action ThucLuc.Api.Controllers.V1.GiaiPhapAtttController.GetAll (ThucLuc.Api) in 36.0573ms
2026-05-06 15:07:10.649 +07:00 [INF] Executed endpoint 'ThucLuc.Api.Controllers.V1.GiaiPhapAtttController.GetAll (ThucLuc.Api)'
2026-05-06 15:07:10.655 +07:00 [INF] HTTP GET /api/v1/giai-phap-attt => 200 in 71.9122 ms CorrelationId=f8026ea069d3496da6b9e976d483c333 UserId=5001
2026-05-06 15:07:10.666 +07:00 [INF] HTTP GET /api/v1/giai-phap-attt responded 200 in 82.8528 ms
2026-05-06 15:07:10.675 +07:00 [INF] Request finished HTTP/1.1 GET http://localhost:5283/api/v1/giai-phap-attt?donViId=2002 - 200 null application/json; charset=utf-8 102.0634ms
2026-05-06 15:08:46.210 +07:00 [INF] Request starting HTTP/1.1 OPTIONS http://localhost:5283/api/v1/codes/by-code/LOAI_MANG_GIAM_SAT - null null
2026-05-06 15:08:46.215 +07:00 [INF] Request starting HTTP/1.1 OPTIONS http://localhost:5283/api/v1/codes/by-code/LOP_GIAM_SAT - null null
2026-05-06 15:08:46.217 +07:00 [INF] Request starting HTTP/1.1 OPTIONS http://localhost:5283/api/v1/codes/by-code/THUC_TRANG_GIAM_SAT - null null
2026-05-06 15:08:46.229 +07:00 [INF] CORS policy execution successful.
2026-05-06 15:08:46.241 +07:00 [INF] CORS policy execution successful.
2026-05-06 15:08:46.256 +07:00 [INF] CORS policy execution successful.
2026-05-06 15:08:46.259 +07:00 [INF] HTTP OPTIONS /api/v1/codes/by-code/LOAI_MANG_GIAM_SAT => 204 in 29.6533 ms CorrelationId=705549d3e4b14b5cb8db12974aa55d4b UserId=anonymous
2026-05-06 15:08:46.262 +07:00 [INF] HTTP OPTIONS /api/v1/codes/by-code/LOP_GIAM_SAT => 204 in 20.6549 ms CorrelationId=b73ac1621dc94d8baf22074cd9421f6d UserId=anonymous
2026-05-06 15:08:46.266 +07:00 [INF] HTTP OPTIONS /api/v1/codes/by-code/THUC_TRANG_GIAM_SAT => 204 in 9.5854 ms CorrelationId=0ef22db804e64fc785a03412e1d33eb3 UserId=anonymous
2026-05-06 15:08:46.275 +07:00 [INF] HTTP OPTIONS /api/v1/codes/by-code/LOAI_MANG_GIAM_SAT responded 204 in 46.2843 ms
2026-05-06 15:08:46.286 +07:00 [INF] HTTP OPTIONS /api/v1/codes/by-code/LOP_GIAM_SAT responded 204 in 45.0291 ms
2026-05-06 15:08:46.294 +07:00 [INF] HTTP OPTIONS /api/v1/codes/by-code/THUC_TRANG_GIAM_SAT responded 204 in 38.1955 ms
2026-05-06 15:08:46.304 +07:00 [INF] Request finished HTTP/1.1 OPTIONS http://localhost:5283/api/v1/codes/by-code/LOAI_MANG_GIAM_SAT - 204 null null 93.9254ms
2026-05-06 15:08:46.311 +07:00 [INF] Request finished HTTP/1.1 OPTIONS http://localhost:5283/api/v1/codes/by-code/LOP_GIAM_SAT - 204 null null 96.0461ms
2026-05-06 15:08:46.319 +07:00 [INF] Request finished HTTP/1.1 OPTIONS http://localhost:5283/api/v1/codes/by-code/THUC_TRANG_GIAM_SAT - 204 null null 102.0261ms
2026-05-06 15:08:46.329 +07:00 [INF] Request starting HTTP/1.1 GET http://localhost:5283/api/v1/codes/by-code/LOAI_MANG_GIAM_SAT - null null
2026-05-06 15:08:46.340 +07:00 [INF] Request starting HTTP/1.1 GET http://localhost:5283/api/v1/codes/by-code/LOP_GIAM_SAT - null null
2026-05-06 15:08:46.347 +07:00 [INF] Request starting HTTP/1.1 GET http://localhost:5283/api/v1/codes/by-code/THUC_TRANG_GIAM_SAT - null null
2026-05-06 15:08:46.355 +07:00 [INF] CORS policy execution successful.
2026-05-06 15:08:46.363 +07:00 [INF] CORS policy execution successful.
2026-05-06 15:08:46.371 +07:00 [INF] CORS policy execution successful.
2026-05-06 15:08:46.374 +07:00 [INF] Executing endpoint 'ThucLuc.Api.Controllers.V1.CodesController.GetByCode (ThucLuc.Api)'
2026-05-06 15:08:46.376 +07:00 [INF] Executing endpoint 'ThucLuc.Api.Controllers.V1.CodesController.GetByCode (ThucLuc.Api)'
2026-05-06 15:08:46.378 +07:00 [INF] Executing endpoint 'ThucLuc.Api.Controllers.V1.CodesController.GetByCode (ThucLuc.Api)'
2026-05-06 15:08:46.382 +07:00 [INF] Route matched with {action = "GetByCode", controller = "Codes"}. Executing controller action with signature System.Threading.Tasks.Task`1[Microsoft.AspNetCore.Mvc.ActionResult`1[ThucLuc.Api.Common.Models.ApiResponse`1[ThucLuc.Application.Features.Codes.CodeDto]]] GetByCode(System.String, System.Threading.CancellationToken) on controller ThucLuc.Api.Controllers.V1.CodesController (ThucLuc.Api).
2026-05-06 15:08:46.386 +07:00 [INF] Route matched with {action = "GetByCode", controller = "Codes"}. Executing controller action with signature System.Threading.Tasks.Task`1[Microsoft.AspNetCore.Mvc.ActionResult`1[ThucLuc.Api.Common.Models.ApiResponse`1[ThucLuc.Application.Features.Codes.CodeDto]]] GetByCode(System.String, System.Threading.CancellationToken) on controller ThucLuc.Api.Controllers.V1.CodesController (ThucLuc.Api).
2026-05-06 15:08:46.390 +07:00 [INF] Route matched with {action = "GetByCode", controller = "Codes"}. Executing controller action with signature System.Threading.Tasks.Task`1[Microsoft.AspNetCore.Mvc.ActionResult`1[ThucLuc.Api.Common.Models.ApiResponse`1[ThucLuc.Application.Features.Codes.CodeDto]]] GetByCode(System.String, System.Threading.CancellationToken) on controller ThucLuc.Api.Controllers.V1.CodesController (ThucLuc.Api).
2026-05-06 15:08:46.441 +07:00 [INF] Executing OkObjectResult, writing value of type 'ThucLuc.Api.Common.Models.ApiResponse`1[[ThucLuc.Application.Features.Codes.CodeDto, ThucLuc.Application, Version=1.0.0.0, Culture=neutral, PublicKeyToken=null]]'.
2026-05-06 15:08:46.446 +07:00 [INF] Executed action ThucLuc.Api.Controllers.V1.CodesController.GetByCode (ThucLuc.Api) in 51.2544ms
2026-05-06 15:08:46.450 +07:00 [INF] Executed endpoint 'ThucLuc.Api.Controllers.V1.CodesController.GetByCode (ThucLuc.Api)'
2026-05-06 15:08:46.453 +07:00 [INF] Executing OkObjectResult, writing value of type 'ThucLuc.Api.Common.Models.ApiResponse`1[[ThucLuc.Application.Features.Codes.CodeDto, ThucLuc.Application, Version=1.0.0.0, Culture=neutral, PublicKeyToken=null]]'.
2026-05-06 15:08:46.453 +07:00 [INF] Executing OkObjectResult, writing value of type 'ThucLuc.Api.Common.Models.ApiResponse`1[[ThucLuc.Application.Features.Codes.CodeDto, ThucLuc.Application, Version=1.0.0.0, Culture=neutral, PublicKeyToken=null]]'.
2026-05-06 15:08:46.454 +07:00 [INF] HTTP GET /api/v1/codes/by-code/LOAI_MANG_GIAM_SAT => 200 in 99.152 ms CorrelationId=0bc08e60b8424549acf42b824a7fdab9 UserId=5001
2026-05-06 15:08:46.460 +07:00 [INF] Executed action ThucLuc.Api.Controllers.V1.CodesController.GetByCode (ThucLuc.Api) in 59.5084ms
2026-05-06 15:08:46.464 +07:00 [INF] Executed action ThucLuc.Api.Controllers.V1.CodesController.GetByCode (ThucLuc.Api) in 58.3325ms
2026-05-06 15:08:46.472 +07:00 [INF] HTTP GET /api/v1/codes/by-code/LOAI_MANG_GIAM_SAT responded 200 in 117.3051 ms
2026-05-06 15:08:46.476 +07:00 [INF] Executed endpoint 'ThucLuc.Api.Controllers.V1.CodesController.GetByCode (ThucLuc.Api)'
2026-05-06 15:08:46.479 +07:00 [INF] Executed endpoint 'ThucLuc.Api.Controllers.V1.CodesController.GetByCode (ThucLuc.Api)'
2026-05-06 15:08:46.486 +07:00 [INF] Request finished HTTP/1.1 GET http://localhost:5283/api/v1/codes/by-code/LOAI_MANG_GIAM_SAT - 200 null application/json; charset=utf-8 156.5271ms
2026-05-06 15:08:46.489 +07:00 [INF] HTTP GET /api/v1/codes/by-code/LOP_GIAM_SAT => 200 in 126.0385 ms CorrelationId=b8b71ca8ffc04d0aa90228c2f66c33a9 UserId=5001
2026-05-06 15:08:46.492 +07:00 [INF] HTTP GET /api/v1/codes/by-code/THUC_TRANG_GIAM_SAT => 200 in 121.4503 ms CorrelationId=784e77535b9247d49b00c62354ccfdec UserId=5001
2026-05-06 15:08:46.508 +07:00 [INF] HTTP GET /api/v1/codes/by-code/LOP_GIAM_SAT responded 200 in 145.4343 ms
2026-05-06 15:08:46.515 +07:00 [INF] HTTP GET /api/v1/codes/by-code/THUC_TRANG_GIAM_SAT responded 200 in 144.1406 ms
2026-05-06 15:08:46.521 +07:00 [INF] Request finished HTTP/1.1 GET http://localhost:5283/api/v1/codes/by-code/LOP_GIAM_SAT - 200 null application/json; charset=utf-8 181.4104ms
2026-05-06 15:08:46.528 +07:00 [INF] Request finished HTTP/1.1 GET http://localhost:5283/api/v1/codes/by-code/THUC_TRANG_GIAM_SAT - 200 null application/json; charset=utf-8 180.7605ms
2026-05-06 15:08:46.546 +07:00 [INF] Request starting HTTP/1.1 OPTIONS http://localhost:5283/api/v1/giam-sat-soc?donViId=2001 - null null
2026-05-06 15:08:46.557 +07:00 [INF] CORS policy execution successful.
2026-05-06 15:08:46.560 +07:00 [INF] HTTP OPTIONS /api/v1/giam-sat-soc => 204 in 3.581 ms CorrelationId=cfabafaa45f34867a5ce9e7812de825c UserId=anonymous
2026-05-06 15:08:46.568 +07:00 [INF] HTTP OPTIONS /api/v1/giam-sat-soc responded 204 in 11.6699 ms
2026-05-06 15:08:46.573 +07:00 [INF] Request finished HTTP/1.1 OPTIONS http://localhost:5283/api/v1/giam-sat-soc?donViId=2001 - 204 null null 26.9671ms
2026-05-06 15:08:46.580 +07:00 [INF] Request starting HTTP/1.1 GET http://localhost:5283/api/v1/giam-sat-soc?donViId=2001 - null null
2026-05-06 15:08:46.589 +07:00 [INF] CORS policy execution successful.
2026-05-06 15:08:46.592 +07:00 [INF] Executing endpoint 'ThucLuc.Api.Controllers.V1.GiamSatSocController.GetAll (ThucLuc.Api)'
2026-05-06 15:08:46.594 +07:00 [INF] Route matched with {action = "GetAll", controller = "GiamSatSoc"}. Executing controller action with signature System.Threading.Tasks.Task`1[Microsoft.AspNetCore.Mvc.ActionResult`1[ThucLuc.Api.Common.Models.ApiResponse`1[System.Collections.Generic.IReadOnlyCollection`1[ThucLuc.Application.Features.GiamSatSoc.GiamSatSocDto]]]] GetAll(ThucLuc.Application.Features.GiamSatSoc.GiamSatSocQuery, System.Threading.CancellationToken) on controller ThucLuc.Api.Controllers.V1.GiamSatSocController (ThucLuc.Api).
2026-05-06 15:08:46.652 +07:00 [INF] Executing OkObjectResult, writing value of type 'ThucLuc.Api.Common.Models.ApiResponse`1[[System.Collections.Generic.IReadOnlyCollection`1[[ThucLuc.Application.Features.GiamSatSoc.GiamSatSocDto, ThucLuc.Application, Version=1.0.0.0, Culture=neutral, PublicKeyToken=null]], System.Private.CoreLib, Version=8.0.0.0, Culture=neutral, PublicKeyToken=7cec85d7bea7798e]]'.
2026-05-06 15:08:46.658 +07:00 [INF] Executed action ThucLuc.Api.Controllers.V1.GiamSatSocController.GetAll (ThucLuc.Api) in 57.575ms
2026-05-06 15:08:46.662 +07:00 [INF] Executed endpoint 'ThucLuc.Api.Controllers.V1.GiamSatSocController.GetAll (ThucLuc.Api)'
2026-05-06 15:08:46.666 +07:00 [INF] HTTP GET /api/v1/giam-sat-soc => 200 in 77.2907 ms CorrelationId=8fc89800b9d74edb880debdc9cbf1e31 UserId=5001
2026-05-06 15:08:46.672 +07:00 [INF] HTTP GET /api/v1/giam-sat-soc responded 200 in 83.5577 ms
2026-05-06 15:08:46.677 +07:00 [INF] Request finished HTTP/1.1 GET http://localhost:5283/api/v1/giam-sat-soc?donViId=2001 - 200 null application/json; charset=utf-8 96.8412ms
2026-05-06 15:09:23.044 +07:00 [INF] Request starting HTTP/1.1 OPTIONS http://localhost:5283/api/v1/codes/by-code/GIAI_PHAP_ATTT - null null
2026-05-06 15:09:23.060 +07:00 [INF] CORS policy execution successful.
2026-05-06 15:09:23.064 +07:00 [INF] HTTP OPTIONS /api/v1/codes/by-code/GIAI_PHAP_ATTT => 204 in 4.4245 ms CorrelationId=3d0b4f431e674720ac1e331c9232f58c UserId=anonymous
2026-05-06 15:09:23.072 +07:00 [INF] HTTP OPTIONS /api/v1/codes/by-code/GIAI_PHAP_ATTT responded 204 in 11.8486 ms
2026-05-06 15:09:23.077 +07:00 [INF] Request finished HTTP/1.1 OPTIONS http://localhost:5283/api/v1/codes/by-code/GIAI_PHAP_ATTT - 204 null null 32.9784ms
2026-05-06 15:09:23.088 +07:00 [INF] Request starting HTTP/1.1 GET http://localhost:5283/api/v1/codes/by-code/GIAI_PHAP_ATTT - null null
2026-05-06 15:09:23.103 +07:00 [INF] CORS policy execution successful.
2026-05-06 15:09:23.108 +07:00 [INF] Executing endpoint 'ThucLuc.Api.Controllers.V1.CodesController.GetByCode (ThucLuc.Api)'
2026-05-06 15:09:23.114 +07:00 [INF] Route matched with {action = "GetByCode", controller = "Codes"}. Executing controller action with signature System.Threading.Tasks.Task`1[Microsoft.AspNetCore.Mvc.ActionResult`1[ThucLuc.Api.Common.Models.ApiResponse`1[ThucLuc.Application.Features.Codes.CodeDto]]] GetByCode(System.String, System.Threading.CancellationToken) on controller ThucLuc.Api.Controllers.V1.CodesController (ThucLuc.Api).
2026-05-06 15:09:23.173 +07:00 [INF] Executing OkObjectResult, writing value of type 'ThucLuc.Api.Common.Models.ApiResponse`1[[ThucLuc.Application.Features.Codes.CodeDto, ThucLuc.Application, Version=1.0.0.0, Culture=neutral, PublicKeyToken=null]]'.
2026-05-06 15:09:23.184 +07:00 [INF] Executed action ThucLuc.Api.Controllers.V1.CodesController.GetByCode (ThucLuc.Api) in 59.4718ms
2026-05-06 15:09:23.194 +07:00 [INF] Executed endpoint 'ThucLuc.Api.Controllers.V1.CodesController.GetByCode (ThucLuc.Api)'
2026-05-06 15:09:23.201 +07:00 [INF] HTTP GET /api/v1/codes/by-code/GIAI_PHAP_ATTT => 200 in 97.6204 ms CorrelationId=e1bf2800c8d34390bf17056309930be2 UserId=5001
2026-05-06 15:09:23.216 +07:00 [INF] HTTP GET /api/v1/codes/by-code/GIAI_PHAP_ATTT responded 200 in 113.0824 ms
2026-05-06 15:09:23.226 +07:00 [INF] Request finished HTTP/1.1 GET http://localhost:5283/api/v1/codes/by-code/GIAI_PHAP_ATTT - 200 null application/json; charset=utf-8 138.2963ms
2026-05-06 15:09:23.248 +07:00 [INF] Request starting HTTP/1.1 OPTIONS http://localhost:5283/api/v1/giai-phap-attt?donViId=2002 - null null
2026-05-06 15:09:23.266 +07:00 [INF] CORS policy execution successful.
2026-05-06 15:09:23.271 +07:00 [INF] HTTP OPTIONS /api/v1/giai-phap-attt => 204 in 5.0657 ms CorrelationId=4d93a3921bf747adb5bce5d03231f614 UserId=anonymous
2026-05-06 15:09:23.287 +07:00 [INF] HTTP OPTIONS /api/v1/giai-phap-attt responded 204 in 21.2314 ms
2026-05-06 15:09:23.301 +07:00 [INF] Request finished HTTP/1.1 OPTIONS http://localhost:5283/api/v1/giai-phap-attt?donViId=2002 - 204 null null 52.7659ms
2026-05-06 15:09:23.321 +07:00 [INF] Request starting HTTP/1.1 GET http://localhost:5283/api/v1/giai-phap-attt?donViId=2002 - null null
2026-05-06 15:09:23.339 +07:00 [INF] CORS policy execution successful.
2026-05-06 15:09:23.344 +07:00 [INF] Executing endpoint 'ThucLuc.Api.Controllers.V1.GiaiPhapAtttController.GetAll (ThucLuc.Api)'
2026-05-06 15:09:23.351 +07:00 [INF] Route matched with {action = "GetAll", controller = "GiaiPhapAttt"}. Executing controller action with signature System.Threading.Tasks.Task`1[Microsoft.AspNetCore.Mvc.ActionResult`1[ThucLuc.Api.Common.Models.ApiResponse`1[System.Collections.Generic.IReadOnlyCollection`1[ThucLuc.Application.Features.GiaiPhapAttt.GiaiPhapAtttDto]]]] GetAll(ThucLuc.Application.Features.GiaiPhapAttt.GiaiPhapAtttQuery, System.Threading.CancellationToken) on controller ThucLuc.Api.Controllers.V1.GiaiPhapAtttController (ThucLuc.Api).
2026-05-06 15:09:23.413 +07:00 [INF] Executing OkObjectResult, writing value of type 'ThucLuc.Api.Common.Models.ApiResponse`1[[System.Collections.Generic.IReadOnlyCollection`1[[ThucLuc.Application.Features.GiaiPhapAttt.GiaiPhapAtttDto, ThucLuc.Application, Version=1.0.0.0, Culture=neutral, PublicKeyToken=null]], System.Private.CoreLib, Version=8.0.0.0, Culture=neutral, PublicKeyToken=7cec85d7bea7798e]]'.
2026-05-06 15:09:23.425 +07:00 [INF] Executed action ThucLuc.Api.Controllers.V1.GiaiPhapAtttController.GetAll (ThucLuc.Api) in 60.168ms
2026-05-06 15:09:23.435 +07:00 [INF] Executed endpoint 'ThucLuc.Api.Controllers.V1.GiaiPhapAtttController.GetAll (ThucLuc.Api)'
2026-05-06 15:09:23.443 +07:00 [INF] HTTP GET /api/v1/giai-phap-attt => 200 in 104.4377 ms CorrelationId=c31f12eb335a4dc0b34d9cc65ff09d05 UserId=5001
2026-05-06 15:09:23.458 +07:00 [INF] HTTP GET /api/v1/giai-phap-attt responded 200 in 119.7433 ms
2026-05-06 15:09:23.471 +07:00 [INF] Request finished HTTP/1.1 GET http://localhost:5283/api/v1/giai-phap-attt?donViId=2002 - 200 null application/json; charset=utf-8 150.1441ms
2026-05-06 15:13:12.337 +07:00 [INF] Request starting HTTP/1.1 OPTIONS http://localhost:5283/api/v1/ha-tang-mang?donViId=2001 - null null
2026-05-06 15:13:12.338 +07:00 [INF] Request starting HTTP/1.1 OPTIONS http://localhost:5283/api/v1/don-vi/2001 - null null
2026-05-06 15:13:12.356 +07:00 [INF] CORS policy execution successful.
2026-05-06 15:13:12.371 +07:00 [INF] CORS policy execution successful.
2026-05-06 15:13:12.377 +07:00 [INF] HTTP OPTIONS /api/v1/ha-tang-mang => 204 in 20.6108 ms CorrelationId=4ea8869c2b4247fb80294e0585771267 UserId=anonymous
2026-05-06 15:13:12.382 +07:00 [INF] HTTP OPTIONS /api/v1/don-vi/2001 => 204 in 10.8901 ms CorrelationId=8c8a33e8a026400e87dcd9a14f7e82f1 UserId=anonymous
2026-05-06 15:13:12.395 +07:00 [INF] HTTP OPTIONS /api/v1/ha-tang-mang responded 204 in 39.1722 ms
2026-05-06 15:13:12.406 +07:00 [INF] HTTP OPTIONS /api/v1/don-vi/2001 responded 204 in 35.6519 ms
2026-05-06 15:13:12.417 +07:00 [INF] Request finished HTTP/1.1 OPTIONS http://localhost:5283/api/v1/ha-tang-mang?donViId=2001 - 204 null null 79.5435ms
2026-05-06 15:13:12.430 +07:00 [INF] Request finished HTTP/1.1 OPTIONS http://localhost:5283/api/v1/don-vi/2001 - 204 null null 91.1629ms
2026-05-06 15:13:12.449 +07:00 [INF] Request starting HTTP/1.1 GET http://localhost:5283/api/v1/ha-tang-mang?donViId=2001 - null null
2026-05-06 15:13:12.465 +07:00 [INF] Request starting HTTP/1.1 GET http://localhost:5283/api/v1/don-vi/2001 - null null
2026-05-06 15:13:12.481 +07:00 [INF] CORS policy execution successful.
2026-05-06 15:13:12.495 +07:00 [INF] CORS policy execution successful.
2026-05-06 15:13:12.499 +07:00 [INF] Executing endpoint 'ThucLuc.Api.Controllers.V1.HaTangMangController.GetAll (ThucLuc.Api)'
2026-05-06 15:13:12.505 +07:00 [INF] Executing endpoint 'ThucLuc.Api.Controllers.V1.DonViController.GetById (ThucLuc.Api)'
2026-05-06 15:13:12.516 +07:00 [INF] Route matched with {action = "GetById", controller = "DonVi"}. Executing controller action with signature System.Threading.Tasks.Task`1[Microsoft.AspNetCore.Mvc.ActionResult`1[ThucLuc.Api.Common.Models.ApiResponse`1[ThucLuc.Application.Features.DonVi.DonViDto]]] GetById(Int64, System.Threading.CancellationToken) on controller ThucLuc.Api.Controllers.V1.DonViController (ThucLuc.Api).
2026-05-06 15:13:12.520 +07:00 [INF] Route matched with {action = "GetAll", controller = "HaTangMang"}. Executing controller action with signature System.Threading.Tasks.Task`1[Microsoft.AspNetCore.Mvc.ActionResult`1[ThucLuc.Api.Common.Models.ApiResponse`1[System.Collections.Generic.IReadOnlyCollection`1[ThucLuc.Application.Features.HaTangMang.HaTangMangDto]]]] GetAll(System.Threading.CancellationToken) on controller ThucLuc.Api.Controllers.V1.HaTangMangController (ThucLuc.Api).
2026-05-06 15:13:12.580 +07:00 [INF] Executing OkObjectResult, writing value of type 'ThucLuc.Api.Common.Models.ApiResponse`1[[ThucLuc.Application.Features.DonVi.DonViDto, ThucLuc.Application, Version=1.0.0.0, Culture=neutral, PublicKeyToken=null]]'.
2026-05-06 15:13:12.587 +07:00 [INF] Executed action ThucLuc.Api.Controllers.V1.DonViController.GetById (ThucLuc.Api) in 58.2755ms
2026-05-06 15:13:12.595 +07:00 [INF] Executed endpoint 'ThucLuc.Api.Controllers.V1.DonViController.GetById (ThucLuc.Api)'
2026-05-06 15:13:12.601 +07:00 [INF] HTTP GET /api/v1/don-vi/2001 => 200 in 106.1596 ms CorrelationId=78a8d7e3aeaa4b1b923dcc91736a5b97 UserId=5001
2026-05-06 15:13:12.612 +07:00 [INF] HTTP GET /api/v1/don-vi/2001 responded 200 in 117.3526 ms
2026-05-06 15:13:12.624 +07:00 [INF] Request finished HTTP/1.1 GET http://localhost:5283/api/v1/don-vi/2001 - 200 null application/json; charset=utf-8 158.9169ms
2026-05-06 15:13:12.636 +07:00 [INF] Executing OkObjectResult, writing value of type 'ThucLuc.Api.Common.Models.ApiResponse`1[[System.Collections.Generic.IReadOnlyCollection`1[[ThucLuc.Application.Features.HaTangMang.HaTangMangDto, ThucLuc.Application, Version=1.0.0.0, Culture=neutral, PublicKeyToken=null]], System.Private.CoreLib, Version=8.0.0.0, Culture=neutral, PublicKeyToken=7cec85d7bea7798e]]'.
2026-05-06 15:13:12.658 +07:00 [INF] Executed action ThucLuc.Api.Controllers.V1.HaTangMangController.GetAll (ThucLuc.Api) in 118.7202ms
2026-05-06 15:13:12.665 +07:00 [INF] Executed endpoint 'ThucLuc.Api.Controllers.V1.HaTangMangController.GetAll (ThucLuc.Api)'
2026-05-06 15:13:12.670 +07:00 [INF] HTTP GET /api/v1/ha-tang-mang => 200 in 189.6485 ms CorrelationId=3f1dae0d20da43f6a1fe645408c0cb62 UserId=5001
2026-05-06 15:13:12.680 +07:00 [INF] HTTP GET /api/v1/ha-tang-mang responded 200 in 199.2534 ms
2026-05-06 15:13:12.689 +07:00 [INF] Request finished HTTP/1.1 GET http://localhost:5283/api/v1/ha-tang-mang?donViId=2001 - 200 null application/json; charset=utf-8 240.7514ms
2026-05-06 15:13:13.755 +07:00 [INF] Request starting HTTP/1.1 OPTIONS http://localhost:5283/api/v1/he-thong-thong-tin - null null
2026-05-06 15:13:13.755 +07:00 [INF] Request starting HTTP/1.1 OPTIONS http://localhost:5283/api/v1/httt-tieu-chuan - null null
2026-05-06 15:13:13.758 +07:00 [INF] Request starting HTTP/1.1 OPTIONS http://localhost:5283/api/v1/codes/by-code/HTTT_TIEU_CHUAN_CAND - null null
2026-05-06 15:13:13.758 +07:00 [INF] Request starting HTTP/1.1 OPTIONS http://localhost:5283/api/v1/don-vi/tree - null null
2026-05-06 15:13:13.758 +07:00 [INF] Request starting HTTP/1.1 OPTIONS http://localhost:5283/api/v1/don-vi/parent-candidates - null null
2026-05-06 15:13:13.776 +07:00 [INF] CORS policy execution successful.
2026-05-06 15:13:13.792 +07:00 [INF] CORS policy execution successful.
2026-05-06 15:13:13.809 +07:00 [INF] CORS policy execution successful.
2026-05-06 15:13:13.825 +07:00 [INF] CORS policy execution successful.
2026-05-06 15:13:13.842 +07:00 [INF] CORS policy execution successful.
2026-05-06 15:13:13.847 +07:00 [INF] HTTP OPTIONS /api/v1/he-thong-thong-tin => 204 in 70.8949 ms CorrelationId=44d7795bc7874291bf992f508d80eabe UserId=anonymous
2026-05-06 15:13:13.852 +07:00 [INF] HTTP OPTIONS /api/v1/httt-tieu-chuan => 204 in 59.5648 ms CorrelationId=3386d50242ba47bdb11739b3bab47392 UserId=anonymous
2026-05-06 15:13:13.856 +07:00 [INF] HTTP OPTIONS /api/v1/codes/by-code/HTTT_TIEU_CHUAN_CAND => 204 in 46.8698 ms CorrelationId=9239ff5f7826461c8a501d258287bd0d UserId=anonymous
2026-05-06 15:13:13.861 +07:00 [INF] HTTP OPTIONS /api/v1/don-vi/tree => 204 in 35.7837 ms CorrelationId=cd7200e584294474b2adfae1527fe99a UserId=anonymous
2026-05-06 15:13:13.867 +07:00 [INF] HTTP OPTIONS /api/v1/don-vi/parent-candidates => 204 in 24.7286 ms CorrelationId=00f4c8ade4f74d77a4f719b0434d325c UserId=anonymous
2026-05-06 15:13:13.881 +07:00 [INF] HTTP OPTIONS /api/v1/he-thong-thong-tin responded 204 in 104.7355 ms
2026-05-06 15:13:13.895 +07:00 [INF] HTTP OPTIONS /api/v1/httt-tieu-chuan responded 204 in 103.1841 ms
2026-05-06 15:13:13.910 +07:00 [INF] HTTP OPTIONS /api/v1/codes/by-code/HTTT_TIEU_CHUAN_CAND responded 204 in 100.4383 ms
2026-05-06 15:13:13.925 +07:00 [INF] HTTP OPTIONS /api/v1/don-vi/tree responded 204 in 99.8055 ms
2026-05-06 15:13:13.938 +07:00 [INF] HTTP OPTIONS /api/v1/don-vi/parent-candidates responded 204 in 96.2946 ms
2026-05-06 15:13:13.947 +07:00 [INF] Request finished HTTP/1.1 OPTIONS http://localhost:5283/api/v1/he-thong-thong-tin - 204 null null 192.492ms
2026-05-06 15:13:13.959 +07:00 [INF] Request finished HTTP/1.1 OPTIONS http://localhost:5283/api/v1/httt-tieu-chuan - 204 null null 203.8727ms
2026-05-06 15:13:13.969 +07:00 [INF] Request finished HTTP/1.1 OPTIONS http://localhost:5283/api/v1/codes/by-code/HTTT_TIEU_CHUAN_CAND - 204 null null 211.3936ms
2026-05-06 15:13:13.979 +07:00 [INF] Request finished HTTP/1.1 OPTIONS http://localhost:5283/api/v1/don-vi/tree - 204 null null 220.5799ms
2026-05-06 15:13:13.988 +07:00 [INF] Request finished HTTP/1.1 OPTIONS http://localhost:5283/api/v1/don-vi/parent-candidates - 204 null null 229.5469ms
2026-05-06 15:13:14.005 +07:00 [INF] Request starting HTTP/1.1 GET http://localhost:5283/api/v1/he-thong-thong-tin - null null
2026-05-06 15:13:14.025 +07:00 [INF] Request starting HTTP/1.1 GET http://localhost:5283/api/v1/httt-tieu-chuan - null null
2026-05-06 15:13:14.045 +07:00 [INF] Request starting HTTP/1.1 GET http://localhost:5283/api/v1/codes/by-code/HTTT_TIEU_CHUAN_CAND - null null
2026-05-06 15:13:14.063 +07:00 [INF] Request starting HTTP/1.1 GET http://localhost:5283/api/v1/don-vi/tree - null null
2026-05-06 15:13:14.082 +07:00 [INF] Request starting HTTP/1.1 GET http://localhost:5283/api/v1/don-vi/parent-candidates - null null
2026-05-06 15:13:14.096 +07:00 [INF] CORS policy execution successful.
2026-05-06 15:13:14.110 +07:00 [INF] CORS policy execution successful.
2026-05-06 15:13:14.125 +07:00 [INF] CORS policy execution successful.
2026-05-06 15:13:14.139 +07:00 [INF] CORS policy execution successful.
2026-05-06 15:13:14.152 +07:00 [INF] CORS policy execution successful.
2026-05-06 15:13:14.158 +07:00 [INF] Executing endpoint 'ThucLuc.Api.Controllers.V1.HeThongThongTinController.GetAll (ThucLuc.Api)'
2026-05-06 15:13:14.162 +07:00 [INF] Executing endpoint 'ThucLuc.Api.Controllers.V1.HtttTieuChuanController.GetAll (ThucLuc.Api)'
2026-05-06 15:13:14.167 +07:00 [INF] Executing endpoint 'ThucLuc.Api.Controllers.V1.CodesController.GetByCode (ThucLuc.Api)'
2026-05-06 15:13:14.171 +07:00 [INF] Executing endpoint 'ThucLuc.Api.Controllers.V1.DonViController.GetTree (ThucLuc.Api)'
2026-05-06 15:13:14.174 +07:00 [INF] Executing endpoint 'ThucLuc.Api.Controllers.V1.DonViController.GetParentCandidates (ThucLuc.Api)'
2026-05-06 15:13:14.187 +07:00 [INF] Route matched with {action = "GetAll", controller = "HeThongThongTin"}. Executing controller action with signature System.Threading.Tasks.Task`1[Microsoft.AspNetCore.Mvc.ActionResult`1[ThucLuc.Api.Common.Models.ApiResponse`1[System.Collections.Generic.IReadOnlyCollection`1[ThucLuc.Application.Features.HeThongThongTin.HeThongThongTinDto]]]] GetAll(System.Threading.CancellationToken) on controller ThucLuc.Api.Controllers.V1.HeThongThongTinController (ThucLuc.Api).
2026-05-06 15:13:14.189 +07:00 [INF] Route matched with {action = "GetAll", controller = "HtttTieuChuan"}. Executing controller action with signature System.Threading.Tasks.Task`1[Microsoft.AspNetCore.Mvc.ActionResult`1[ThucLuc.Api.Common.Models.ApiResponse`1[System.Collections.Generic.IReadOnlyCollection`1[ThucLuc.Application.Features.HtttTieuChuan.HtttTieuChuanDto]]]] GetAll(System.Threading.CancellationToken) on controller ThucLuc.Api.Controllers.V1.HtttTieuChuanController (ThucLuc.Api).
2026-05-06 15:13:14.190 +07:00 [INF] Route matched with {action = "GetByCode", controller = "Codes"}. Executing controller action with signature System.Threading.Tasks.Task`1[Microsoft.AspNetCore.Mvc.ActionResult`1[ThucLuc.Api.Common.Models.ApiResponse`1[ThucLuc.Application.Features.Codes.CodeDto]]] GetByCode(System.String, System.Threading.CancellationToken) on controller ThucLuc.Api.Controllers.V1.CodesController (ThucLuc.Api).
2026-05-06 15:13:14.201 +07:00 [INF] Route matched with {action = "GetTree", controller = "DonVi"}. Executing controller action with signature System.Threading.Tasks.Task`1[Microsoft.AspNetCore.Mvc.ActionResult`1[ThucLuc.Api.Common.Models.ApiResponse`1[System.Collections.Generic.IReadOnlyCollection`1[ThucLuc.Application.Features.DonVi.DonViDto]]]] GetTree(System.Threading.CancellationToken) on controller ThucLuc.Api.Controllers.V1.DonViController (ThucLuc.Api).
2026-05-06 15:13:14.207 +07:00 [INF] Route matched with {action = "GetParentCandidates", controller = "DonVi"}. Executing controller action with signature System.Threading.Tasks.Task`1[Microsoft.AspNetCore.Mvc.ActionResult`1[ThucLuc.Api.Common.Models.ApiResponse`1[System.Collections.Generic.IReadOnlyCollection`1[ThucLuc.Application.Features.DonVi.DonViParentCandidateDto]]]] GetParentCandidates(System.Nullable`1[System.Int64], System.Threading.CancellationToken) on controller ThucLuc.Api.Controllers.V1.DonViController (ThucLuc.Api).
2026-05-06 15:13:14.264 +07:00 [INF] Executing OkObjectResult, writing value of type 'ThucLuc.Api.Common.Models.ApiResponse`1[[System.Collections.Generic.IReadOnlyCollection`1[[ThucLuc.Application.Features.DonVi.DonViParentCandidateDto, ThucLuc.Application, Version=1.0.0.0, Culture=neutral, PublicKeyToken=null]], System.Private.CoreLib, Version=8.0.0.0, Culture=neutral, PublicKeyToken=7cec85d7bea7798e]]'.
2026-05-06 15:13:14.269 +07:00 [INF] Executing OkObjectResult, writing value of type 'ThucLuc.Api.Common.Models.ApiResponse`1[[System.Collections.Generic.IReadOnlyCollection`1[[ThucLuc.Application.Features.DonVi.DonViDto, ThucLuc.Application, Version=1.0.0.0, Culture=neutral, PublicKeyToken=null]], System.Private.CoreLib, Version=8.0.0.0, Culture=neutral, PublicKeyToken=7cec85d7bea7798e]]'.
2026-05-06 15:13:14.274 +07:00 [INF] Executing OkObjectResult, writing value of type 'ThucLuc.Api.Common.Models.ApiResponse`1[[ThucLuc.Application.Features.Codes.CodeDto, ThucLuc.Application, Version=1.0.0.0, Culture=neutral, PublicKeyToken=null]]'.
2026-05-06 15:13:14.277 +07:00 [INF] Executed action ThucLuc.Api.Controllers.V1.DonViController.GetParentCandidates (ThucLuc.Api) in 31.8002ms
2026-05-06 15:13:14.281 +07:00 [INF] Executed action ThucLuc.Api.Controllers.V1.DonViController.GetTree (ThucLuc.Api) in 44.7206ms
2026-05-06 15:13:14.281 +07:00 [INF] Executing OkObjectResult, writing value of type 'ThucLuc.Api.Common.Models.ApiResponse`1[[System.Collections.Generic.IReadOnlyCollection`1[[ThucLuc.Application.Features.HtttTieuChuan.HtttTieuChuanDto, ThucLuc.Application, Version=1.0.0.0, Culture=neutral, PublicKeyToken=null]], System.Private.CoreLib, Version=8.0.0.0, Culture=neutral, PublicKeyToken=7cec85d7bea7798e]]'.
2026-05-06 15:13:14.284 +07:00 [INF] Executing OkObjectResult, writing value of type 'ThucLuc.Api.Common.Models.ApiResponse`1[[System.Collections.Generic.IReadOnlyCollection`1[[ThucLuc.Application.Features.HeThongThongTin.HeThongThongTinDto, ThucLuc.Application, Version=1.0.0.0, Culture=neutral, PublicKeyToken=null]], System.Private.CoreLib, Version=8.0.0.0, Culture=neutral, PublicKeyToken=7cec85d7bea7798e]]'.
2026-05-06 15:13:14.285 +07:00 [INF] Executed action ThucLuc.Api.Controllers.V1.CodesController.GetByCode (ThucLuc.Api) in 57.8563ms
2026-05-06 15:13:14.290 +07:00 [INF] Executed endpoint 'ThucLuc.Api.Controllers.V1.DonViController.GetParentCandidates (ThucLuc.Api)'
2026-05-06 15:13:14.295 +07:00 [INF] Executed endpoint 'ThucLuc.Api.Controllers.V1.DonViController.GetTree (ThucLuc.Api)'
2026-05-06 15:13:14.307 +07:00 [INF] Executed action ThucLuc.Api.Controllers.V1.HtttTieuChuanController.GetAll (ThucLuc.Api) in 86.7897ms
2026-05-06 15:13:14.310 +07:00 [INF] Executed action ThucLuc.Api.Controllers.V1.HeThongThongTinController.GetAll (ThucLuc.Api) in 100.2739ms
2026-05-06 15:13:14.314 +07:00 [INF] Executed endpoint 'ThucLuc.Api.Controllers.V1.CodesController.GetByCode (ThucLuc.Api)'
2026-05-06 15:13:14.317 +07:00 [INF] HTTP GET /api/v1/don-vi/parent-candidates => 200 in 164.8657 ms CorrelationId=46ee5e09c3314535a37d31f77169a879 UserId=5001
2026-05-06 15:13:14.322 +07:00 [INF] HTTP GET /api/v1/don-vi/tree => 200 in 182.9169 ms CorrelationId=57d7f13adda643afa1b257a865f04319 UserId=5001
2026-05-06 15:13:14.327 +07:00 [INF] Executed endpoint 'ThucLuc.Api.Controllers.V1.HtttTieuChuanController.GetAll (ThucLuc.Api)'
2026-05-06 15:13:14.333 +07:00 [INF] Executed endpoint 'ThucLuc.Api.Controllers.V1.HeThongThongTinController.GetAll (ThucLuc.Api)'
2026-05-06 15:13:14.338 +07:00 [INF] HTTP GET /api/v1/codes/by-code/HTTT_TIEU_CHUAN_CAND => 200 in 213.6924 ms CorrelationId=5e2ead98e5ca4f23a1b01eb1acefd8e2 UserId=5001
2026-05-06 15:13:14.347 +07:00 [INF] HTTP GET /api/v1/don-vi/parent-candidates responded 200 in 194.9862 ms
2026-05-06 15:13:14.357 +07:00 [INF] HTTP GET /api/v1/don-vi/tree responded 200 in 218.5456 ms
2026-05-06 15:13:14.362 +07:00 [INF] HTTP GET /api/v1/httt-tieu-chuan => 200 in 252.0216 ms CorrelationId=b199f6eec3404e7895a1256b886af37b UserId=5001
2026-05-06 15:13:14.365 +07:00 [INF] HTTP GET /api/v1/he-thong-thong-tin => 200 in 269.6194 ms CorrelationId=e67538d5556447689d15ed07e1b992fd UserId=5001
2026-05-06 15:13:14.375 +07:00 [INF] HTTP GET /api/v1/codes/by-code/HTTT_TIEU_CHUAN_CAND responded 200 in 250.5613 ms
2026-05-06 15:13:14.381 +07:00 [INF] Request finished HTTP/1.1 GET http://localhost:5283/api/v1/don-vi/parent-candidates - 200 null application/json; charset=utf-8 299.1538ms
2026-05-06 15:13:14.387 +07:00 [INF] Request finished HTTP/1.1 GET http://localhost:5283/api/v1/don-vi/tree - 200 null application/json; charset=utf-8 324.3822ms
2026-05-06 15:13:14.394 +07:00 [INF] HTTP GET /api/v1/httt-tieu-chuan responded 200 in 284.9377 ms
2026-05-06 15:13:14.404 +07:00 [INF] HTTP GET /api/v1/he-thong-thong-tin responded 200 in 308.3548 ms
2026-05-06 15:13:14.412 +07:00 [INF] Request finished HTTP/1.1 GET http://localhost:5283/api/v1/codes/by-code/HTTT_TIEU_CHUAN_CAND - 200 null application/json; charset=utf-8 366.814ms
2026-05-06 15:13:14.445 +07:00 [INF] Request finished HTTP/1.1 GET http://localhost:5283/api/v1/httt-tieu-chuan - 200 null application/json; charset=utf-8 420.8074ms
2026-05-06 15:13:14.453 +07:00 [INF] Request finished HTTP/1.1 GET http://localhost:5283/api/v1/he-thong-thong-tin - 200 null application/json; charset=utf-8 448.0405ms
2026-05-06 15:23:08.955 +07:00 [INF] Request starting HTTP/1.1 OPTIONS http://localhost:5283/api/v1/don-vi/2001 - null null
2026-05-06 15:23:08.958 +07:00 [INF] CORS policy execution successful.
2026-05-06 15:23:08.959 +07:00 [INF] HTTP OPTIONS /api/v1/don-vi/2001 => 204 in 0.9538 ms CorrelationId=79d743207024488eb747be62bf44bb30 UserId=anonymous
2026-05-06 15:23:08.962 +07:00 [INF] Request starting HTTP/1.1 OPTIONS http://localhost:5283/api/v1/he-thong-thong-tin - null null
2026-05-06 15:23:08.962 +07:00 [INF] HTTP OPTIONS /api/v1/don-vi/2001 responded 204 in 3.9614 ms
2026-05-06 15:23:08.963 +07:00 [INF] Request starting HTTP/1.1 OPTIONS http://localhost:5283/api/v1/httt-tieu-chuan - null null
2026-05-06 15:23:08.964 +07:00 [INF] Request starting HTTP/1.1 OPTIONS http://localhost:5283/api/v1/codes/by-code/HTTT_TIEU_CHUAN_CAND - null null
2026-05-06 15:23:08.965 +07:00 [INF] Request starting HTTP/1.1 OPTIONS http://localhost:5283/api/v1/don-vi/tree - null null
2026-05-06 15:23:08.965 +07:00 [INF] Request starting HTTP/1.1 OPTIONS http://localhost:5283/api/v1/don-vi/parent-candidates - null null
2026-05-06 15:23:08.966 +07:00 [INF] CORS policy execution successful.
2026-05-06 15:23:08.969 +07:00 [INF] Request finished HTTP/1.1 OPTIONS http://localhost:5283/api/v1/don-vi/2001 - 204 null null 13.5927ms
2026-05-06 15:23:08.972 +07:00 [INF] CORS policy execution successful.
2026-05-06 15:23:08.975 +07:00 [INF] CORS policy execution successful.
2026-05-06 15:23:08.978 +07:00 [INF] CORS policy execution successful.
2026-05-06 15:23:08.981 +07:00 [INF] CORS policy execution successful.
2026-05-06 15:23:08.982 +07:00 [INF] HTTP OPTIONS /api/v1/he-thong-thong-tin => 204 in 15.7051 ms CorrelationId=fbd2e634d5944616aed1ce065cd55b79 UserId=anonymous
2026-05-06 15:23:08.986 +07:00 [INF] Request starting HTTP/1.1 GET http://localhost:5283/api/v1/don-vi/2001 - null null
2026-05-06 15:23:08.987 +07:00 [INF] HTTP OPTIONS /api/v1/httt-tieu-chuan => 204 in 15.0028 ms CorrelationId=1de772d578e3431a8b39138f51e12203 UserId=anonymous
2026-05-06 15:23:08.988 +07:00 [INF] HTTP OPTIONS /api/v1/codes/by-code/HTTT_TIEU_CHUAN_CAND => 204 in 13.3335 ms CorrelationId=b40aac15c04e40d9b38d228666720f56 UserId=anonymous
2026-05-06 15:23:08.990 +07:00 [INF] HTTP OPTIONS /api/v1/don-vi/tree => 204 in 11.8503 ms CorrelationId=b6b2cf5bb1144000b3d5ad8d8a363fdb UserId=anonymous
2026-05-06 15:23:08.990 +07:00 [INF] HTTP OPTIONS /api/v1/don-vi/parent-candidates => 204 in 9.4274 ms CorrelationId=814ed56366684ab1b4b6e869d86279cb UserId=anonymous
2026-05-06 15:23:08.993 +07:00 [INF] HTTP OPTIONS /api/v1/he-thong-thong-tin responded 204 in 27.3164 ms
2026-05-06 15:23:08.997 +07:00 [INF] CORS policy execution successful.
2026-05-06 15:23:09.000 +07:00 [INF] HTTP OPTIONS /api/v1/httt-tieu-chuan responded 204 in 27.3089 ms
2026-05-06 15:23:09.003 +07:00 [INF] HTTP OPTIONS /api/v1/codes/by-code/HTTT_TIEU_CHUAN_CAND responded 204 in 27.9781 ms
2026-05-06 15:23:09.006 +07:00 [INF] HTTP OPTIONS /api/v1/don-vi/tree responded 204 in 28.3717 ms
2026-05-06 15:23:09.009 +07:00 [INF] HTTP OPTIONS /api/v1/don-vi/parent-candidates responded 204 in 27.6586 ms
2026-05-06 15:23:09.010 +07:00 [INF] Request finished HTTP/1.1 OPTIONS http://localhost:5283/api/v1/he-thong-thong-tin - 204 null null 48.2801ms
2026-05-06 15:23:09.012 +07:00 [INF] Executing endpoint 'ThucLuc.Api.Controllers.V1.DonViController.GetById (ThucLuc.Api)'
2026-05-06 15:23:09.014 +07:00 [INF] Request finished HTTP/1.1 OPTIONS http://localhost:5283/api/v1/httt-tieu-chuan - 204 null null 50.9668ms
2026-05-06 15:23:09.016 +07:00 [INF] Request finished HTTP/1.1 OPTIONS http://localhost:5283/api/v1/codes/by-code/HTTT_TIEU_CHUAN_CAND - 204 null null 52.3992ms
2026-05-06 15:23:09.019 +07:00 [INF] Request finished HTTP/1.1 OPTIONS http://localhost:5283/api/v1/don-vi/tree - 204 null null 53.8921ms
2026-05-06 15:23:09.021 +07:00 [INF] Request finished HTTP/1.1 OPTIONS http://localhost:5283/api/v1/don-vi/parent-candidates - 204 null null 56.1495ms
2026-05-06 15:23:09.025 +07:00 [INF] Request starting HTTP/1.1 GET http://localhost:5283/api/v1/he-thong-thong-tin - null null
2026-05-06 15:23:09.027 +07:00 [INF] Route matched with {action = "GetById", controller = "DonVi"}. Executing controller action with signature System.Threading.Tasks.Task`1[Microsoft.AspNetCore.Mvc.ActionResult`1[ThucLuc.Api.Common.Models.ApiResponse`1[ThucLuc.Application.Features.DonVi.DonViDto]]] GetById(Int64, System.Threading.CancellationToken) on controller ThucLuc.Api.Controllers.V1.DonViController (ThucLuc.Api).
2026-05-06 15:23:09.031 +07:00 [INF] Request starting HTTP/1.1 GET http://localhost:5283/api/v1/httt-tieu-chuan - null null
2026-05-06 15:23:09.036 +07:00 [INF] Request starting HTTP/1.1 GET http://localhost:5283/api/v1/codes/by-code/HTTT_TIEU_CHUAN_CAND - null null
2026-05-06 15:23:09.040 +07:00 [INF] Request starting HTTP/1.1 GET http://localhost:5283/api/v1/don-vi/tree - null null
2026-05-06 15:23:09.044 +07:00 [INF] Request starting HTTP/1.1 GET http://localhost:5283/api/v1/don-vi/parent-candidates - null null
2026-05-06 15:23:09.047 +07:00 [INF] CORS policy execution successful.
2026-05-06 15:23:09.053 +07:00 [INF] CORS policy execution successful.
2026-05-06 15:23:09.057 +07:00 [INF] CORS policy execution successful.
2026-05-06 15:23:09.060 +07:00 [INF] CORS policy execution successful.
2026-05-06 15:23:09.063 +07:00 [INF] CORS policy execution successful.
2026-05-06 15:23:09.064 +07:00 [INF] Executing endpoint 'ThucLuc.Api.Controllers.V1.HeThongThongTinController.GetAll (ThucLuc.Api)'
2026-05-06 15:23:09.065 +07:00 [INF] Executing endpoint 'ThucLuc.Api.Controllers.V1.HtttTieuChuanController.GetAll (ThucLuc.Api)'
2026-05-06 15:23:09.067 +07:00 [INF] Executing endpoint 'ThucLuc.Api.Controllers.V1.CodesController.GetByCode (ThucLuc.Api)'
2026-05-06 15:23:09.068 +07:00 [INF] Executing endpoint 'ThucLuc.Api.Controllers.V1.DonViController.GetTree (ThucLuc.Api)'
2026-05-06 15:23:09.069 +07:00 [INF] Executing endpoint 'ThucLuc.Api.Controllers.V1.DonViController.GetParentCandidates (ThucLuc.Api)'
2026-05-06 15:23:09.071 +07:00 [INF] Route matched with {action = "GetAll", controller = "HeThongThongTin"}. Executing controller action with signature System.Threading.Tasks.Task`1[Microsoft.AspNetCore.Mvc.ActionResult`1[ThucLuc.Api.Common.Models.ApiResponse`1[System.Collections.Generic.IReadOnlyCollection`1[ThucLuc.Application.Features.HeThongThongTin.HeThongThongTinDto]]]] GetAll(System.Threading.CancellationToken) on controller ThucLuc.Api.Controllers.V1.HeThongThongTinController (ThucLuc.Api).
2026-05-06 15:23:09.072 +07:00 [INF] Route matched with {action = "GetAll", controller = "HtttTieuChuan"}. Executing controller action with signature System.Threading.Tasks.Task`1[Microsoft.AspNetCore.Mvc.ActionResult`1[ThucLuc.Api.Common.Models.ApiResponse`1[System.Collections.Generic.IReadOnlyCollection`1[ThucLuc.Application.Features.HtttTieuChuan.HtttTieuChuanDto]]]] GetAll(System.Threading.CancellationToken) on controller ThucLuc.Api.Controllers.V1.HtttTieuChuanController (ThucLuc.Api).
2026-05-06 15:23:09.074 +07:00 [INF] Route matched with {action = "GetByCode", controller = "Codes"}. Executing controller action with signature System.Threading.Tasks.Task`1[Microsoft.AspNetCore.Mvc.ActionResult`1[ThucLuc.Api.Common.Models.ApiResponse`1[ThucLuc.Application.Features.Codes.CodeDto]]] GetByCode(System.String, System.Threading.CancellationToken) on controller ThucLuc.Api.Controllers.V1.CodesController (ThucLuc.Api).
2026-05-06 15:23:09.076 +07:00 [INF] Route matched with {action = "GetTree", controller = "DonVi"}. Executing controller action with signature System.Threading.Tasks.Task`1[Microsoft.AspNetCore.Mvc.ActionResult`1[ThucLuc.Api.Common.Models.ApiResponse`1[System.Collections.Generic.IReadOnlyCollection`1[ThucLuc.Application.Features.DonVi.DonViDto]]]] GetTree(System.Threading.CancellationToken) on controller ThucLuc.Api.Controllers.V1.DonViController (ThucLuc.Api).
2026-05-06 15:23:09.077 +07:00 [INF] Route matched with {action = "GetParentCandidates", controller = "DonVi"}. Executing controller action with signature System.Threading.Tasks.Task`1[Microsoft.AspNetCore.Mvc.ActionResult`1[ThucLuc.Api.Common.Models.ApiResponse`1[System.Collections.Generic.IReadOnlyCollection`1[ThucLuc.Application.Features.DonVi.DonViParentCandidateDto]]]] GetParentCandidates(System.Nullable`1[System.Int64], System.Threading.CancellationToken) on controller ThucLuc.Api.Controllers.V1.DonViController (ThucLuc.Api).
2026-05-06 15:23:09.096 +07:00 [INF] Executing OkObjectResult, writing value of type 'ThucLuc.Api.Common.Models.ApiResponse`1[[ThucLuc.Application.Features.DonVi.DonViDto, ThucLuc.Application, Version=1.0.0.0, Culture=neutral, PublicKeyToken=null]]'.
2026-05-06 15:23:09.099 +07:00 [INF] Executed action ThucLuc.Api.Controllers.V1.DonViController.GetById (ThucLuc.Api) in 49.6261ms
2026-05-06 15:23:09.101 +07:00 [INF] Executed endpoint 'ThucLuc.Api.Controllers.V1.DonViController.GetById (ThucLuc.Api)'
2026-05-06 15:23:09.103 +07:00 [INF] HTTP GET /api/v1/don-vi/2001 => 200 in 106.4099 ms CorrelationId=01d1b5d598b34173a3afb6564213d379 UserId=5001
2026-05-06 15:23:09.106 +07:00 [INF] HTTP GET /api/v1/don-vi/2001 responded 200 in 109.1925 ms
2026-05-06 15:23:09.108 +07:00 [INF] Request finished HTTP/1.1 GET http://localhost:5283/api/v1/don-vi/2001 - 200 null application/json; charset=utf-8 121.7601ms
2026-05-06 15:23:09.127 +07:00 [INF] Executing OkObjectResult, writing value of type 'ThucLuc.Api.Common.Models.ApiResponse`1[[System.Collections.Generic.IReadOnlyCollection`1[[ThucLuc.Application.Features.HtttTieuChuan.HtttTieuChuanDto, ThucLuc.Application, Version=1.0.0.0, Culture=neutral, PublicKeyToken=null]], System.Private.CoreLib, Version=8.0.0.0, Culture=neutral, PublicKeyToken=7cec85d7bea7798e]]'.
2026-05-06 15:23:09.127 +07:00 [INF] Executing OkObjectResult, writing value of type 'ThucLuc.Api.Common.Models.ApiResponse`1[[System.Collections.Generic.IReadOnlyCollection`1[[ThucLuc.Application.Features.HeThongThongTin.HeThongThongTinDto, ThucLuc.Application, Version=1.0.0.0, Culture=neutral, PublicKeyToken=null]], System.Private.CoreLib, Version=8.0.0.0, Culture=neutral, PublicKeyToken=7cec85d7bea7798e]]'.
2026-05-06 15:23:09.128 +07:00 [INF] Executed action ThucLuc.Api.Controllers.V1.HtttTieuChuanController.GetAll (ThucLuc.Api) in 45.9594ms
2026-05-06 15:23:09.130 +07:00 [INF] Executed action ThucLuc.Api.Controllers.V1.HeThongThongTinController.GetAll (ThucLuc.Api) in 50.034ms
2026-05-06 15:23:09.131 +07:00 [INF] Executed endpoint 'ThucLuc.Api.Controllers.V1.HtttTieuChuanController.GetAll (ThucLuc.Api)'
2026-05-06 15:23:09.133 +07:00 [INF] Executed endpoint 'ThucLuc.Api.Controllers.V1.HeThongThongTinController.GetAll (ThucLuc.Api)'
2026-05-06 15:23:09.134 +07:00 [INF] HTTP GET /api/v1/httt-tieu-chuan => 200 in 80.7354 ms CorrelationId=87eb81b10a274e95b0f356400d29a05b UserId=5001
2026-05-06 15:23:09.136 +07:00 [INF] HTTP GET /api/v1/he-thong-thong-tin => 200 in 88.9533 ms CorrelationId=bc27143115294b879c3bb58b321742e6 UserId=5001
2026-05-06 15:23:09.139 +07:00 [INF] HTTP GET /api/v1/httt-tieu-chuan responded 200 in 85.6304 ms
2026-05-06 15:23:09.142 +07:00 [INF] HTTP GET /api/v1/he-thong-thong-tin responded 200 in 95.1263 ms
2026-05-06 15:23:09.145 +07:00 [INF] Request finished HTTP/1.1 GET http://localhost:5283/api/v1/httt-tieu-chuan - 200 null application/json; charset=utf-8 113.332ms
2026-05-06 15:23:09.147 +07:00 [INF] Request finished HTTP/1.1 GET http://localhost:5283/api/v1/he-thong-thong-tin - 200 null application/json; charset=utf-8 122.0301ms
2026-05-06 15:23:09.162 +07:00 [INF] Executing OkObjectResult, writing value of type 'ThucLuc.Api.Common.Models.ApiResponse`1[[System.Collections.Generic.IReadOnlyCollection`1[[ThucLuc.Application.Features.DonVi.DonViParentCandidateDto, ThucLuc.Application, Version=1.0.0.0, Culture=neutral, PublicKeyToken=null]], System.Private.CoreLib, Version=8.0.0.0, Culture=neutral, PublicKeyToken=7cec85d7bea7798e]]'.
2026-05-06 15:23:09.164 +07:00 [INF] Executing OkObjectResult, writing value of type 'ThucLuc.Api.Common.Models.ApiResponse`1[[System.Collections.Generic.IReadOnlyCollection`1[[ThucLuc.Application.Features.DonVi.DonViDto, ThucLuc.Application, Version=1.0.0.0, Culture=neutral, PublicKeyToken=null]], System.Private.CoreLib, Version=8.0.0.0, Culture=neutral, PublicKeyToken=7cec85d7bea7798e]]'.
2026-05-06 15:23:09.165 +07:00 [INF] Executed action ThucLuc.Api.Controllers.V1.DonViController.GetParentCandidates (ThucLuc.Api) in 75.1848ms
2026-05-06 15:23:09.167 +07:00 [INF] Executed action ThucLuc.Api.Controllers.V1.DonViController.GetTree (ThucLuc.Api) in 79.7372ms
2026-05-06 15:23:09.169 +07:00 [INF] Executed endpoint 'ThucLuc.Api.Controllers.V1.DonViController.GetParentCandidates (ThucLuc.Api)'
2026-05-06 15:23:09.171 +07:00 [INF] Executed endpoint 'ThucLuc.Api.Controllers.V1.DonViController.GetTree (ThucLuc.Api)'
2026-05-06 15:23:09.172 +07:00 [INF] Executing OkObjectResult, writing value of type 'ThucLuc.Api.Common.Models.ApiResponse`1[[ThucLuc.Application.Features.Codes.CodeDto, ThucLuc.Application, Version=1.0.0.0, Culture=neutral, PublicKeyToken=null]]'.
2026-05-06 15:23:09.172 +07:00 [INF] HTTP GET /api/v1/don-vi/parent-candidates => 200 in 109.1378 ms CorrelationId=62b2c7dc3ab842658f03fe2bb7edadde UserId=5001
2026-05-06 15:23:09.174 +07:00 [INF] HTTP GET /api/v1/don-vi/tree => 200 in 113.536 ms CorrelationId=22e57d02c8e94b9cac12aa12e8d886a4 UserId=5001
2026-05-06 15:23:09.176 +07:00 [INF] Executed action ThucLuc.Api.Controllers.V1.CodesController.GetByCode (ThucLuc.Api) in 90.7685ms
2026-05-06 15:23:09.178 +07:00 [INF] HTTP GET /api/v1/don-vi/parent-candidates responded 200 in 114.7358 ms
2026-05-06 15:23:09.181 +07:00 [INF] HTTP GET /api/v1/don-vi/tree responded 200 in 120.4153 ms
2026-05-06 15:23:09.182 +07:00 [INF] Executed endpoint 'ThucLuc.Api.Controllers.V1.CodesController.GetByCode (ThucLuc.Api)'
2026-05-06 15:23:09.185 +07:00 [INF] Request finished HTTP/1.1 GET http://localhost:5283/api/v1/don-vi/parent-candidates - 200 null application/json; charset=utf-8 141.2839ms
2026-05-06 15:23:09.188 +07:00 [INF] Request finished HTTP/1.1 GET http://localhost:5283/api/v1/don-vi/tree - 200 null application/json; charset=utf-8 147.5793ms
2026-05-06 15:23:09.189 +07:00 [INF] HTTP GET /api/v1/codes/by-code/HTTT_TIEU_CHUAN_CAND => 200 in 132.4628 ms CorrelationId=83d0d888aeca4c41af5ee0064f16cce2 UserId=5001
2026-05-06 15:23:09.199 +07:00 [INF] HTTP GET /api/v1/codes/by-code/HTTT_TIEU_CHUAN_CAND responded 200 in 142.9796 ms
2026-05-06 15:23:09.202 +07:00 [INF] Request finished HTTP/1.1 GET http://localhost:5283/api/v1/codes/by-code/HTTT_TIEU_CHUAN_CAND - 200 null application/json; charset=utf-8 166.3956ms
2026-05-06 15:23:40.204 +07:00 [INF] Request starting HTTP/1.1 OPTIONS http://localhost:5283/api/v1/don-vi/2001 - null null
2026-05-06 15:23:40.206 +07:00 [INF] Request starting HTTP/1.1 OPTIONS http://localhost:5283/api/v1/he-thong-thong-tin - null null
2026-05-06 15:23:40.206 +07:00 [INF] Request starting HTTP/1.1 OPTIONS http://localhost:5283/api/v1/httt-tieu-chuan - null null
2026-05-06 15:23:40.207 +07:00 [INF] Request starting HTTP/1.1 OPTIONS http://localhost:5283/api/v1/codes/by-code/HTTT_TIEU_CHUAN_CAND - null null
2026-05-06 15:23:40.207 +07:00 [INF] Request starting HTTP/1.1 OPTIONS http://localhost:5283/api/v1/don-vi/tree - null null
2026-05-06 15:23:40.207 +07:00 [INF] Request starting HTTP/1.1 OPTIONS http://localhost:5283/api/v1/don-vi/parent-candidates - null null
2026-05-06 15:23:40.207 +07:00 [INF] CORS policy execution successful.
2026-05-06 15:23:40.211 +07:00 [INF] CORS policy execution successful.
2026-05-06 15:23:40.215 +07:00 [INF] CORS policy execution successful.
2026-05-06 15:23:40.219 +07:00 [INF] CORS policy execution successful.
2026-05-06 15:23:40.223 +07:00 [INF] CORS policy execution successful.
2026-05-06 15:23:40.226 +07:00 [INF] CORS policy execution successful.
2026-05-06 15:23:40.227 +07:00 [INF] HTTP OPTIONS /api/v1/don-vi/2001 => 204 in 19.4453 ms CorrelationId=92fd16c267334fde92e73a2b33de7ed8 UserId=anonymous
2026-05-06 15:23:40.228 +07:00 [INF] HTTP OPTIONS /api/v1/he-thong-thong-tin => 204 in 16.8202 ms CorrelationId=8831a5e5ad624955a6223878fd55afd0 UserId=anonymous
2026-05-06 15:23:40.229 +07:00 [INF] HTTP OPTIONS /api/v1/httt-tieu-chuan => 204 in 14.565 ms CorrelationId=5330fcebbb4844d59a085b17eb77b598 UserId=anonymous
2026-05-06 15:23:40.231 +07:00 [INF] HTTP OPTIONS /api/v1/codes/by-code/HTTT_TIEU_CHUAN_CAND => 204 in 11.5065 ms CorrelationId=107c03befcdb48739a4419d7aa3666c0 UserId=anonymous
2026-05-06 15:23:40.232 +07:00 [INF] HTTP OPTIONS /api/v1/don-vi/tree => 204 in 8.4968 ms CorrelationId=29d9122f725544fba4b4aa96dc7f3760 UserId=anonymous
2026-05-06 15:23:40.232 +07:00 [INF] HTTP OPTIONS /api/v1/don-vi/parent-candidates => 204 in 6.4098 ms CorrelationId=e134797026c14112b077b09e6381161a UserId=anonymous
2026-05-06 15:23:40.236 +07:00 [INF] HTTP OPTIONS /api/v1/don-vi/2001 responded 204 in 28.4131 ms
2026-05-06 15:23:40.239 +07:00 [INF] HTTP OPTIONS /api/v1/he-thong-thong-tin responded 204 in 27.9848 ms
2026-05-06 15:23:40.242 +07:00 [INF] HTTP OPTIONS /api/v1/httt-tieu-chuan responded 204 in 27.3205 ms
2026-05-06 15:23:40.245 +07:00 [INF] HTTP OPTIONS /api/v1/codes/by-code/HTTT_TIEU_CHUAN_CAND responded 204 in 25.8825 ms
2026-05-06 15:23:40.248 +07:00 [INF] HTTP OPTIONS /api/v1/don-vi/tree responded 204 in 24.6267 ms
2026-05-06 15:23:40.251 +07:00 [INF] HTTP OPTIONS /api/v1/don-vi/parent-candidates responded 204 in 24.6767 ms
2026-05-06 15:23:40.253 +07:00 [INF] Request finished HTTP/1.1 OPTIONS http://localhost:5283/api/v1/don-vi/2001 - 204 null null 49.6988ms
2026-05-06 15:23:40.256 +07:00 [INF] Request finished HTTP/1.1 OPTIONS http://localhost:5283/api/v1/he-thong-thong-tin - 204 null null 49.8082ms
2026-05-06 15:23:40.258 +07:00 [INF] Request finished HTTP/1.1 OPTIONS http://localhost:5283/api/v1/httt-tieu-chuan - 204 null null 52.0246ms
2026-05-06 15:23:40.260 +07:00 [INF] Request finished HTTP/1.1 OPTIONS http://localhost:5283/api/v1/codes/by-code/HTTT_TIEU_CHUAN_CAND - 204 null null 53.755ms
2026-05-06 15:23:40.262 +07:00 [INF] Request finished HTTP/1.1 OPTIONS http://localhost:5283/api/v1/don-vi/tree - 204 null null 55.5634ms
2026-05-06 15:23:40.265 +07:00 [INF] Request finished HTTP/1.1 OPTIONS http://localhost:5283/api/v1/don-vi/parent-candidates - 204 null null 57.6646ms
2026-05-06 15:23:40.269 +07:00 [INF] Request starting HTTP/1.1 GET http://localhost:5283/api/v1/don-vi/2001 - null null
2026-05-06 15:23:40.273 +07:00 [INF] Request starting HTTP/1.1 GET http://localhost:5283/api/v1/he-thong-thong-tin - null null
2026-05-06 15:23:40.277 +07:00 [INF] Request starting HTTP/1.1 GET http://localhost:5283/api/v1/httt-tieu-chuan - null null
2026-05-06 15:23:40.281 +07:00 [INF] Request starting HTTP/1.1 GET http://localhost:5283/api/v1/codes/by-code/HTTT_TIEU_CHUAN_CAND - null null
2026-05-06 15:23:40.285 +07:00 [INF] Request starting HTTP/1.1 GET http://localhost:5283/api/v1/don-vi/tree - null null
2026-05-06 15:23:40.289 +07:00 [INF] Request starting HTTP/1.1 GET http://localhost:5283/api/v1/don-vi/parent-candidates - null null
2026-05-06 15:23:40.292 +07:00 [INF] CORS policy execution successful.
2026-05-06 15:23:40.295 +07:00 [INF] CORS policy execution successful.
2026-05-06 15:23:40.298 +07:00 [INF] CORS policy execution successful.
2026-05-06 15:23:40.301 +07:00 [INF] CORS policy execution successful.
2026-05-06 15:23:40.305 +07:00 [INF] CORS policy execution successful.
2026-05-06 15:23:40.308 +07:00 [INF] CORS policy execution successful.
2026-05-06 15:23:40.310 +07:00 [INF] Executing endpoint 'ThucLuc.Api.Controllers.V1.DonViController.GetById (ThucLuc.Api)'
2026-05-06 15:23:40.310 +07:00 [INF] Executing endpoint 'ThucLuc.Api.Controllers.V1.HeThongThongTinController.GetAll (ThucLuc.Api)'
2026-05-06 15:23:40.312 +07:00 [INF] Executing endpoint 'ThucLuc.Api.Controllers.V1.HtttTieuChuanController.GetAll (ThucLuc.Api)'
2026-05-06 15:23:40.313 +07:00 [INF] Executing endpoint 'ThucLuc.Api.Controllers.V1.CodesController.GetByCode (ThucLuc.Api)'
2026-05-06 15:23:40.314 +07:00 [INF] Executing endpoint 'ThucLuc.Api.Controllers.V1.DonViController.GetTree (ThucLuc.Api)'
2026-05-06 15:23:40.315 +07:00 [INF] Executing endpoint 'ThucLuc.Api.Controllers.V1.DonViController.GetParentCandidates (ThucLuc.Api)'
2026-05-06 15:23:40.317 +07:00 [INF] Route matched with {action = "GetById", controller = "DonVi"}. Executing controller action with signature System.Threading.Tasks.Task`1[Microsoft.AspNetCore.Mvc.ActionResult`1[ThucLuc.Api.Common.Models.ApiResponse`1[ThucLuc.Application.Features.DonVi.DonViDto]]] GetById(Int64, System.Threading.CancellationToken) on controller ThucLuc.Api.Controllers.V1.DonViController (ThucLuc.Api).
2026-05-06 15:23:40.318 +07:00 [INF] Route matched with {action = "GetAll", controller = "HeThongThongTin"}. Executing controller action with signature System.Threading.Tasks.Task`1[Microsoft.AspNetCore.Mvc.ActionResult`1[ThucLuc.Api.Common.Models.ApiResponse`1[System.Collections.Generic.IReadOnlyCollection`1[ThucLuc.Application.Features.HeThongThongTin.HeThongThongTinDto]]]] GetAll(System.Threading.CancellationToken) on controller ThucLuc.Api.Controllers.V1.HeThongThongTinController (ThucLuc.Api).
2026-05-06 15:23:40.320 +07:00 [INF] Route matched with {action = "GetAll", controller = "HtttTieuChuan"}. Executing controller action with signature System.Threading.Tasks.Task`1[Microsoft.AspNetCore.Mvc.ActionResult`1[ThucLuc.Api.Common.Models.ApiResponse`1[System.Collections.Generic.IReadOnlyCollection`1[ThucLuc.Application.Features.HtttTieuChuan.HtttTieuChuanDto]]]] GetAll(System.Threading.CancellationToken) on controller ThucLuc.Api.Controllers.V1.HtttTieuChuanController (ThucLuc.Api).
2026-05-06 15:23:40.321 +07:00 [INF] Route matched with {action = "GetByCode", controller = "Codes"}. Executing controller action with signature System.Threading.Tasks.Task`1[Microsoft.AspNetCore.Mvc.ActionResult`1[ThucLuc.Api.Common.Models.ApiResponse`1[ThucLuc.Application.Features.Codes.CodeDto]]] GetByCode(System.String, System.Threading.CancellationToken) on controller ThucLuc.Api.Controllers.V1.CodesController (ThucLuc.Api).
2026-05-06 15:23:40.322 +07:00 [INF] Route matched with {action = "GetTree", controller = "DonVi"}. Executing controller action with signature System.Threading.Tasks.Task`1[Microsoft.AspNetCore.Mvc.ActionResult`1[ThucLuc.Api.Common.Models.ApiResponse`1[System.Collections.Generic.IReadOnlyCollection`1[ThucLuc.Application.Features.DonVi.DonViDto]]]] GetTree(System.Threading.CancellationToken) on controller ThucLuc.Api.Controllers.V1.DonViController (ThucLuc.Api).
2026-05-06 15:23:40.324 +07:00 [INF] Route matched with {action = "GetParentCandidates", controller = "DonVi"}. Executing controller action with signature System.Threading.Tasks.Task`1[Microsoft.AspNetCore.Mvc.ActionResult`1[ThucLuc.Api.Common.Models.ApiResponse`1[System.Collections.Generic.IReadOnlyCollection`1[ThucLuc.Application.Features.DonVi.DonViParentCandidateDto]]]] GetParentCandidates(System.Nullable`1[System.Int64], System.Threading.CancellationToken) on controller ThucLuc.Api.Controllers.V1.DonViController (ThucLuc.Api).
2026-05-06 15:23:40.372 +07:00 [INF] Executing OkObjectResult, writing value of type 'ThucLuc.Api.Common.Models.ApiResponse`1[[ThucLuc.Application.Features.DonVi.DonViDto, ThucLuc.Application, Version=1.0.0.0, Culture=neutral, PublicKeyToken=null]]'.
2026-05-06 15:23:40.374 +07:00 [INF] Executing OkObjectResult, writing value of type 'ThucLuc.Api.Common.Models.ApiResponse`1[[System.Collections.Generic.IReadOnlyCollection`1[[ThucLuc.Application.Features.HeThongThongTin.HeThongThongTinDto, ThucLuc.Application, Version=1.0.0.0, Culture=neutral, PublicKeyToken=null]], System.Private.CoreLib, Version=8.0.0.0, Culture=neutral, PublicKeyToken=7cec85d7bea7798e]]'.
2026-05-06 15:23:40.374 +07:00 [INF] Executed action ThucLuc.Api.Controllers.V1.DonViController.GetById (ThucLuc.Api) in 47.617ms
2026-05-06 15:23:40.374 +07:00 [INF] Executing OkObjectResult, writing value of type 'ThucLuc.Api.Common.Models.ApiResponse`1[[System.Collections.Generic.IReadOnlyCollection`1[[ThucLuc.Application.Features.HtttTieuChuan.HtttTieuChuanDto, ThucLuc.Application, Version=1.0.0.0, Culture=neutral, PublicKeyToken=null]], System.Private.CoreLib, Version=8.0.0.0, Culture=neutral, PublicKeyToken=7cec85d7bea7798e]]'.
2026-05-06 15:23:40.376 +07:00 [INF] Executed action ThucLuc.Api.Controllers.V1.HeThongThongTinController.GetAll (ThucLuc.Api) in 46.6159ms
2026-05-06 15:23:40.377 +07:00 [INF] Executed endpoint 'ThucLuc.Api.Controllers.V1.DonViController.GetById (ThucLuc.Api)'
2026-05-06 15:23:40.379 +07:00 [INF] Executing OkObjectResult, writing value of type 'ThucLuc.Api.Common.Models.ApiResponse`1[[ThucLuc.Application.Features.Codes.CodeDto, ThucLuc.Application, Version=1.0.0.0, Culture=neutral, PublicKeyToken=null]]'.
2026-05-06 15:23:40.379 +07:00 [INF] Executed action ThucLuc.Api.Controllers.V1.HtttTieuChuanController.GetAll (ThucLuc.Api) in 47.4547ms
2026-05-06 15:23:40.381 +07:00 [INF] Executed endpoint 'ThucLuc.Api.Controllers.V1.HeThongThongTinController.GetAll (ThucLuc.Api)'
2026-05-06 15:23:40.382 +07:00 [INF] Executing OkObjectResult, writing value of type 'ThucLuc.Api.Common.Models.ApiResponse`1[[System.Collections.Generic.IReadOnlyCollection`1[[ThucLuc.Application.Features.DonVi.DonViDto, ThucLuc.Application, Version=1.0.0.0, Culture=neutral, PublicKeyToken=null]], System.Private.CoreLib, Version=8.0.0.0, Culture=neutral, PublicKeyToken=7cec85d7bea7798e]]'.
2026-05-06 15:23:40.383 +07:00 [INF] Executing OkObjectResult, writing value of type 'ThucLuc.Api.Common.Models.ApiResponse`1[[System.Collections.Generic.IReadOnlyCollection`1[[ThucLuc.Application.Features.DonVi.DonViParentCandidateDto, ThucLuc.Application, Version=1.0.0.0, Culture=neutral, PublicKeyToken=null]], System.Private.CoreLib, Version=8.0.0.0, Culture=neutral, PublicKeyToken=7cec85d7bea7798e]]'.
2026-05-06 15:23:40.383 +07:00 [INF] HTTP GET /api/v1/don-vi/2001 => 200 in 90.5215 ms CorrelationId=a30196bc202f41e49dabf62861644c03 UserId=5001
2026-05-06 15:23:40.385 +07:00 [INF] Executed action ThucLuc.Api.Controllers.V1.CodesController.GetByCode (ThucLuc.Api) in 50.5835ms
2026-05-06 15:23:40.387 +07:00 [INF] Executed endpoint 'ThucLuc.Api.Controllers.V1.HtttTieuChuanController.GetAll (ThucLuc.Api)'
2026-05-06 15:23:40.388 +07:00 [INF] HTTP GET /api/v1/he-thong-thong-tin => 200 in 92.6963 ms CorrelationId=f4f374b6687b4d28b12bf564f9f5bcf5 UserId=5001
2026-05-06 15:23:40.390 +07:00 [INF] Executed action ThucLuc.Api.Controllers.V1.DonViController.GetTree (ThucLuc.Api) in 52.8996ms
2026-05-06 15:23:40.391 +07:00 [INF] Executed action ThucLuc.Api.Controllers.V1.DonViController.GetParentCandidates (ThucLuc.Api) in 51.9728ms
2026-05-06 15:23:40.394 +07:00 [INF] HTTP GET /api/v1/don-vi/2001 responded 200 in 101.5098 ms
2026-05-06 15:23:40.395 +07:00 [INF] Executed endpoint 'ThucLuc.Api.Controllers.V1.CodesController.GetByCode (ThucLuc.Api)'
2026-05-06 15:23:40.396 +07:00 [INF] HTTP GET /api/v1/httt-tieu-chuan => 200 in 98.6234 ms CorrelationId=4497d018df6b47bfa6a0221f82be4296 UserId=5001
2026-05-06 15:23:40.399 +07:00 [INF] HTTP GET /api/v1/he-thong-thong-tin responded 200 in 103.7564 ms
2026-05-06 15:23:40.400 +07:00 [INF] Executed endpoint 'ThucLuc.Api.Controllers.V1.DonViController.GetTree (ThucLuc.Api)'
2026-05-06 15:23:40.402 +07:00 [INF] Executed endpoint 'ThucLuc.Api.Controllers.V1.DonViController.GetParentCandidates (ThucLuc.Api)'
2026-05-06 15:23:40.405 +07:00 [INF] Request finished HTTP/1.1 GET http://localhost:5283/api/v1/don-vi/2001 - 200 null application/json; charset=utf-8 135.4101ms
2026-05-06 15:23:40.406 +07:00 [INF] HTTP GET /api/v1/codes/by-code/HTTT_TIEU_CHUAN_CAND => 200 in 104.8587 ms CorrelationId=6b2c0ec5e3944a16bd8a9b61231ad9c5 UserId=5001
2026-05-06 15:23:40.408 +07:00 [INF] HTTP GET /api/v1/httt-tieu-chuan responded 200 in 110.8081 ms
2026-05-06 15:23:40.411 +07:00 [INF] Request finished HTTP/1.1 GET http://localhost:5283/api/v1/he-thong-thong-tin - 200 null application/json; charset=utf-8 137.5981ms
2026-05-06 15:23:40.412 +07:00 [INF] HTTP GET /api/v1/don-vi/tree => 200 in 107.1905 ms CorrelationId=fb3de6d21c1f452a9df349c760e288de UserId=5001
2026-05-06 15:23:40.413 +07:00 [INF] HTTP GET /api/v1/don-vi/parent-candidates => 200 in 104.7171 ms CorrelationId=1a3ae3f94d39482fb54f9f745aaa97e3 UserId=5001
2026-05-06 15:23:40.420 +07:00 [INF] HTTP GET /api/v1/codes/by-code/HTTT_TIEU_CHUAN_CAND responded 200 in 118.6742 ms
2026-05-06 15:23:40.421 +07:00 [INF] Request finished HTTP/1.1 GET http://localhost:5283/api/v1/httt-tieu-chuan - 200 null application/json; charset=utf-8 144.7962ms
2026-05-06 15:23:40.428 +07:00 [INF] HTTP GET /api/v1/don-vi/tree responded 200 in 122.8917 ms
2026-05-06 15:23:40.430 +07:00 [INF] HTTP GET /api/v1/don-vi/parent-candidates responded 200 in 121.8703 ms
2026-05-06 15:23:40.432 +07:00 [INF] Request finished HTTP/1.1 GET http://localhost:5283/api/v1/codes/by-code/HTTT_TIEU_CHUAN_CAND - 200 null application/json; charset=utf-8 151.7266ms
2026-05-06 15:23:40.440 +07:00 [INF] Request finished HTTP/1.1 GET http://localhost:5283/api/v1/don-vi/tree - 200 null application/json; charset=utf-8 154.4847ms
2026-05-06 15:23:40.442 +07:00 [INF] Request finished HTTP/1.1 GET http://localhost:5283/api/v1/don-vi/parent-candidates - 200 null application/json; charset=utf-8 153.3756ms
2026-05-06 15:23:51.931 +07:00 [INF] Request starting HTTP/1.1 OPTIONS http://localhost:5283/api/v1/codes/by-code/GIAI_PHAP_ATTT - null null
2026-05-06 15:23:51.936 +07:00 [INF] CORS policy execution successful.
2026-05-06 15:23:51.937 +07:00 [INF] HTTP OPTIONS /api/v1/codes/by-code/GIAI_PHAP_ATTT => 204 in 1.2747 ms CorrelationId=e6486d628c78404d9bb029c0ae883fc3 UserId=anonymous
2026-05-06 15:23:51.941 +07:00 [INF] HTTP OPTIONS /api/v1/codes/by-code/GIAI_PHAP_ATTT responded 204 in 4.5542 ms
2026-05-06 15:23:51.943 +07:00 [INF] Request finished HTTP/1.1 OPTIONS http://localhost:5283/api/v1/codes/by-code/GIAI_PHAP_ATTT - 204 null null 12.5292ms
2026-05-06 15:23:51.947 +07:00 [INF] Request starting HTTP/1.1 GET http://localhost:5283/api/v1/codes/by-code/GIAI_PHAP_ATTT - null null
2026-05-06 15:23:51.951 +07:00 [INF] CORS policy execution successful.
2026-05-06 15:23:51.952 +07:00 [INF] Executing endpoint 'ThucLuc.Api.Controllers.V1.CodesController.GetByCode (ThucLuc.Api)'
2026-05-06 15:23:51.954 +07:00 [INF] Route matched with {action = "GetByCode", controller = "Codes"}. Executing controller action with signature System.Threading.Tasks.Task`1[Microsoft.AspNetCore.Mvc.ActionResult`1[ThucLuc.Api.Common.Models.ApiResponse`1[ThucLuc.Application.Features.Codes.CodeDto]]] GetByCode(System.String, System.Threading.CancellationToken) on controller ThucLuc.Api.Controllers.V1.CodesController (ThucLuc.Api).
2026-05-06 15:23:52.002 +07:00 [INF] Executing OkObjectResult, writing value of type 'ThucLuc.Api.Common.Models.ApiResponse`1[[ThucLuc.Application.Features.Codes.CodeDto, ThucLuc.Application, Version=1.0.0.0, Culture=neutral, PublicKeyToken=null]]'.
2026-05-06 15:23:52.005 +07:00 [INF] Executed action ThucLuc.Api.Controllers.V1.CodesController.GetByCode (ThucLuc.Api) in 48.9141ms
2026-05-06 15:23:52.008 +07:00 [INF] Executed endpoint 'ThucLuc.Api.Controllers.V1.CodesController.GetByCode (ThucLuc.Api)'
2026-05-06 15:23:52.011 +07:00 [INF] HTTP GET /api/v1/codes/by-code/GIAI_PHAP_ATTT => 200 in 59.6534 ms CorrelationId=e8d955f941f249fc94f0856ed2830ed7 UserId=5001
2026-05-06 15:23:52.014 +07:00 [INF] HTTP GET /api/v1/codes/by-code/GIAI_PHAP_ATTT responded 200 in 62.8537 ms
2026-05-06 15:23:52.016 +07:00 [INF] Request finished HTTP/1.1 GET http://localhost:5283/api/v1/codes/by-code/GIAI_PHAP_ATTT - 200 null application/json; charset=utf-8 68.678ms
2026-05-06 15:23:52.021 +07:00 [INF] Request starting HTTP/1.1 OPTIONS http://localhost:5283/api/v1/giai-phap-attt?donViId=2001 - null null
2026-05-06 15:23:52.024 +07:00 [INF] CORS policy execution successful.
2026-05-06 15:23:52.025 +07:00 [INF] HTTP OPTIONS /api/v1/giai-phap-attt => 204 in 1.1718 ms CorrelationId=ff87ba820ab44b3a90705cbf2ae01525 UserId=anonymous
2026-05-06 15:23:52.029 +07:00 [INF] HTTP OPTIONS /api/v1/giai-phap-attt responded 204 in 4.6267 ms
2026-05-06 15:23:52.031 +07:00 [INF] Request finished HTTP/1.1 OPTIONS http://localhost:5283/api/v1/giai-phap-attt?donViId=2001 - 204 null null 10.4566ms
2026-05-06 15:23:52.036 +07:00 [INF] Request starting HTTP/1.1 GET http://localhost:5283/api/v1/giai-phap-attt?donViId=2001 - null null
2026-05-06 15:23:52.040 +07:00 [INF] CORS policy execution successful.
2026-05-06 15:23:52.041 +07:00 [INF] Executing endpoint 'ThucLuc.Api.Controllers.V1.GiaiPhapAtttController.GetAll (ThucLuc.Api)'
2026-05-06 15:23:52.043 +07:00 [INF] Route matched with {action = "GetAll", controller = "GiaiPhapAttt"}. Executing controller action with signature System.Threading.Tasks.Task`1[Microsoft.AspNetCore.Mvc.ActionResult`1[ThucLuc.Api.Common.Models.ApiResponse`1[System.Collections.Generic.IReadOnlyCollection`1[ThucLuc.Application.Features.GiaiPhapAttt.GiaiPhapAtttDto]]]] GetAll(ThucLuc.Application.Features.GiaiPhapAttt.GiaiPhapAtttQuery, System.Threading.CancellationToken) on controller ThucLuc.Api.Controllers.V1.GiaiPhapAtttController (ThucLuc.Api).
2026-05-06 15:23:52.090 +07:00 [INF] Executing OkObjectResult, writing value of type 'ThucLuc.Api.Common.Models.ApiResponse`1[[System.Collections.Generic.IReadOnlyCollection`1[[ThucLuc.Application.Features.GiaiPhapAttt.GiaiPhapAtttDto, ThucLuc.Application, Version=1.0.0.0, Culture=neutral, PublicKeyToken=null]], System.Private.CoreLib, Version=8.0.0.0, Culture=neutral, PublicKeyToken=7cec85d7bea7798e]]'.
2026-05-06 15:23:52.091 +07:00 [INF] Executed action ThucLuc.Api.Controllers.V1.GiaiPhapAtttController.GetAll (ThucLuc.Api) in 45.8162ms
2026-05-06 15:23:52.093 +07:00 [INF] Executed endpoint 'ThucLuc.Api.Controllers.V1.GiaiPhapAtttController.GetAll (ThucLuc.Api)'
2026-05-06 15:23:52.095 +07:00 [INF] HTTP GET /api/v1/giai-phap-attt => 200 in 54.6973 ms CorrelationId=8f0c8a400da24b258be627a8a1e42b5e UserId=5001
2026-05-06 15:23:52.098 +07:00 [INF] HTTP GET /api/v1/giai-phap-attt responded 200 in 57.9482 ms
2026-05-06 15:23:52.101 +07:00 [INF] Request finished HTTP/1.1 GET http://localhost:5283/api/v1/giai-phap-attt?donViId=2001 - 200 null application/json; charset=utf-8 64.9402ms
2026-05-06 15:25:00.213 +07:00 [INF] Request starting HTTP/1.1 OPTIONS http://localhost:5283/api/v1/don-vi/2001 - null null
2026-05-06 15:25:00.216 +07:00 [INF] Request starting HTTP/1.1 OPTIONS http://localhost:5283/api/v1/codes/by-code/GIAI_PHAP_ATTT - null null
2026-05-06 15:25:00.217 +07:00 [INF] CORS policy execution successful.
2026-05-06 15:25:00.220 +07:00 [INF] CORS policy execution successful.
2026-05-06 15:25:00.221 +07:00 [INF] HTTP OPTIONS /api/v1/don-vi/2001 => 204 in 4.7372 ms CorrelationId=e02195867bc74df980e15e9b0b75f663 UserId=anonymous
2026-05-06 15:25:00.223 +07:00 [INF] HTTP OPTIONS /api/v1/codes/by-code/GIAI_PHAP_ATTT => 204 in 2.2703 ms CorrelationId=99e4e8aea5cd4c2893009293aeab65cc UserId=anonymous
2026-05-06 15:25:00.226 +07:00 [INF] HTTP OPTIONS /api/v1/don-vi/2001 responded 204 in 8.9904 ms
2026-05-06 15:25:00.229 +07:00 [INF] HTTP OPTIONS /api/v1/codes/by-code/GIAI_PHAP_ATTT responded 204 in 8.5698 ms
2026-05-06 15:25:00.232 +07:00 [INF] Request finished HTTP/1.1 OPTIONS http://localhost:5283/api/v1/don-vi/2001 - 204 null null 19.0015ms
2026-05-06 15:25:00.234 +07:00 [INF] Request finished HTTP/1.1 OPTIONS http://localhost:5283/api/v1/codes/by-code/GIAI_PHAP_ATTT - 204 null null 18.0442ms
2026-05-06 15:25:00.239 +07:00 [INF] Request starting HTTP/1.1 GET http://localhost:5283/api/v1/don-vi/2001 - null null
2026-05-06 15:25:00.244 +07:00 [INF] Request starting HTTP/1.1 GET http://localhost:5283/api/v1/codes/by-code/GIAI_PHAP_ATTT - null null
2026-05-06 15:25:00.247 +07:00 [INF] CORS policy execution successful.
2026-05-06 15:25:00.251 +07:00 [INF] CORS policy execution successful.
2026-05-06 15:25:00.252 +07:00 [INF] Executing endpoint 'ThucLuc.Api.Controllers.V1.DonViController.GetById (ThucLuc.Api)'
2026-05-06 15:25:00.253 +07:00 [INF] Executing endpoint 'ThucLuc.Api.Controllers.V1.CodesController.GetByCode (ThucLuc.Api)'
2026-05-06 15:25:00.255 +07:00 [INF] Route matched with {action = "GetById", controller = "DonVi"}. Executing controller action with signature System.Threading.Tasks.Task`1[Microsoft.AspNetCore.Mvc.ActionResult`1[ThucLuc.Api.Common.Models.ApiResponse`1[ThucLuc.Application.Features.DonVi.DonViDto]]] GetById(Int64, System.Threading.CancellationToken) on controller ThucLuc.Api.Controllers.V1.DonViController (ThucLuc.Api).
2026-05-06 15:25:00.256 +07:00 [INF] Route matched with {action = "GetByCode", controller = "Codes"}. Executing controller action with signature System.Threading.Tasks.Task`1[Microsoft.AspNetCore.Mvc.ActionResult`1[ThucLuc.Api.Common.Models.ApiResponse`1[ThucLuc.Application.Features.Codes.CodeDto]]] GetByCode(System.String, System.Threading.CancellationToken) on controller ThucLuc.Api.Controllers.V1.CodesController (ThucLuc.Api).
2026-05-06 15:25:00.304 +07:00 [INF] Executing OkObjectResult, writing value of type 'ThucLuc.Api.Common.Models.ApiResponse`1[[ThucLuc.Application.Features.Codes.CodeDto, ThucLuc.Application, Version=1.0.0.0, Culture=neutral, PublicKeyToken=null]]'.
2026-05-06 15:25:00.304 +07:00 [INF] Executing OkObjectResult, writing value of type 'ThucLuc.Api.Common.Models.ApiResponse`1[[ThucLuc.Application.Features.DonVi.DonViDto, ThucLuc.Application, Version=1.0.0.0, Culture=neutral, PublicKeyToken=null]]'.
2026-05-06 15:25:00.306 +07:00 [INF] Executed action ThucLuc.Api.Controllers.V1.CodesController.GetByCode (ThucLuc.Api) in 45.2173ms
2026-05-06 15:25:00.308 +07:00 [INF] Executed action ThucLuc.Api.Controllers.V1.DonViController.GetById (ThucLuc.Api) in 49.6212ms
2026-05-06 15:25:00.310 +07:00 [INF] Executed endpoint 'ThucLuc.Api.Controllers.V1.CodesController.GetByCode (ThucLuc.Api)'
2026-05-06 15:25:00.311 +07:00 [INF] Executed endpoint 'ThucLuc.Api.Controllers.V1.DonViController.GetById (ThucLuc.Api)'
2026-05-06 15:25:00.313 +07:00 [INF] HTTP GET /api/v1/codes/by-code/GIAI_PHAP_ATTT => 200 in 62.4603 ms CorrelationId=5453ac7e4f1c46e0a103bea8614a37af UserId=5001
2026-05-06 15:25:00.315 +07:00 [INF] HTTP GET /api/v1/don-vi/2001 => 200 in 67.8387 ms CorrelationId=b0eb08cfe1fd43819bc7caf3c6b1c11f UserId=5001
2026-05-06 15:25:00.318 +07:00 [INF] HTTP GET /api/v1/codes/by-code/GIAI_PHAP_ATTT responded 200 in 67.6640 ms
2026-05-06 15:25:00.322 +07:00 [INF] HTTP GET /api/v1/don-vi/2001 responded 200 in 74.5300 ms
2026-05-06 15:25:00.324 +07:00 [INF] Request finished HTTP/1.1 GET http://localhost:5283/api/v1/codes/by-code/GIAI_PHAP_ATTT - 200 null application/json; charset=utf-8 80.8221ms
2026-05-06 15:25:00.327 +07:00 [INF] Request finished HTTP/1.1 GET http://localhost:5283/api/v1/don-vi/2001 - 200 null application/json; charset=utf-8 88.2597ms
2026-05-06 15:25:00.337 +07:00 [INF] Request starting HTTP/1.1 OPTIONS http://localhost:5283/api/v1/giai-phap-attt?donViId=2001 - null null
2026-05-06 15:25:00.341 +07:00 [INF] CORS policy execution successful.
2026-05-06 15:25:00.342 +07:00 [INF] HTTP OPTIONS /api/v1/giai-phap-attt => 204 in 1.2508 ms CorrelationId=6f6a44d56fe54504b68feef5489c8763 UserId=anonymous
2026-05-06 15:25:00.346 +07:00 [INF] HTTP OPTIONS /api/v1/giai-phap-attt responded 204 in 4.9262 ms
2026-05-06 15:25:00.349 +07:00 [INF] Request finished HTTP/1.1 OPTIONS http://localhost:5283/api/v1/giai-phap-attt?donViId=2001 - 204 null null 11.7907ms
2026-05-06 15:25:00.354 +07:00 [INF] Request starting HTTP/1.1 GET http://localhost:5283/api/v1/giai-phap-attt?donViId=2001 - null null
2026-05-06 15:25:00.358 +07:00 [INF] CORS policy execution successful.
2026-05-06 15:25:00.359 +07:00 [INF] Executing endpoint 'ThucLuc.Api.Controllers.V1.GiaiPhapAtttController.GetAll (ThucLuc.Api)'
2026-05-06 15:25:00.362 +07:00 [INF] Route matched with {action = "GetAll", controller = "GiaiPhapAttt"}. Executing controller action with signature System.Threading.Tasks.Task`1[Microsoft.AspNetCore.Mvc.ActionResult`1[ThucLuc.Api.Common.Models.ApiResponse`1[System.Collections.Generic.IReadOnlyCollection`1[ThucLuc.Application.Features.GiaiPhapAttt.GiaiPhapAtttDto]]]] GetAll(ThucLuc.Application.Features.GiaiPhapAttt.GiaiPhapAtttQuery, System.Threading.CancellationToken) on controller ThucLuc.Api.Controllers.V1.GiaiPhapAtttController (ThucLuc.Api).
2026-05-06 15:25:00.408 +07:00 [INF] Executing OkObjectResult, writing value of type 'ThucLuc.Api.Common.Models.ApiResponse`1[[System.Collections.Generic.IReadOnlyCollection`1[[ThucLuc.Application.Features.GiaiPhapAttt.GiaiPhapAtttDto, ThucLuc.Application, Version=1.0.0.0, Culture=neutral, PublicKeyToken=null]], System.Private.CoreLib, Version=8.0.0.0, Culture=neutral, PublicKeyToken=7cec85d7bea7798e]]'.
2026-05-06 15:25:00.410 +07:00 [INF] Executed action ThucLuc.Api.Controllers.V1.GiaiPhapAtttController.GetAll (ThucLuc.Api) in 45.7111ms
2026-05-06 15:25:00.412 +07:00 [INF] Executed endpoint 'ThucLuc.Api.Controllers.V1.GiaiPhapAtttController.GetAll (ThucLuc.Api)'
2026-05-06 15:25:00.414 +07:00 [INF] HTTP GET /api/v1/giai-phap-attt => 200 in 56.1268 ms CorrelationId=22e60bee85844b87bf324feb759e27a3 UserId=5001
2026-05-06 15:25:00.417 +07:00 [INF] HTTP GET /api/v1/giai-phap-attt responded 200 in 59.5121 ms
2026-05-06 15:25:00.421 +07:00 [INF] Request finished HTTP/1.1 GET http://localhost:5283/api/v1/giai-phap-attt?donViId=2001 - 200 null application/json; charset=utf-8 66.6587ms
2026-05-06 15:25:32.708 +07:00 [INF] Request starting HTTP/1.1 OPTIONS http://localhost:5283/api/v1/codes?includeInactive=false - null null
2026-05-06 15:25:32.716 +07:00 [INF] CORS policy execution successful.
2026-05-06 15:25:32.719 +07:00 [INF] HTTP OPTIONS /api/v1/codes => 204 in 2.5783 ms CorrelationId=9fe43efe6d374d31a29000c524dcc042 UserId=anonymous
2026-05-06 15:25:32.724 +07:00 [INF] HTTP OPTIONS /api/v1/codes responded 204 in 8.2863 ms
2026-05-06 15:25:32.728 +07:00 [INF] Request finished HTTP/1.1 OPTIONS http://localhost:5283/api/v1/codes?includeInactive=false - 204 null null 19.6158ms
2026-05-06 15:25:32.733 +07:00 [INF] Request starting HTTP/1.1 GET http://localhost:5283/api/v1/codes?includeInactive=false - null null
2026-05-06 15:25:32.736 +07:00 [INF] CORS policy execution successful.
2026-05-06 15:25:32.738 +07:00 [INF] Executing endpoint 'ThucLuc.Api.Controllers.V1.CodesController.GetAll (ThucLuc.Api)'
2026-05-06 15:25:32.739 +07:00 [INF] Route matched with {action = "GetAll", controller = "Codes"}. Executing controller action with signature System.Threading.Tasks.Task`1[Microsoft.AspNetCore.Mvc.ActionResult`1[ThucLuc.Api.Common.Models.ApiResponse`1[System.Collections.Generic.IReadOnlyCollection`1[ThucLuc.Application.Features.Codes.CodeDto]]]] GetAll(Boolean, System.Threading.CancellationToken) on controller ThucLuc.Api.Controllers.V1.CodesController (ThucLuc.Api).
2026-05-06 15:25:32.791 +07:00 [INF] Executing OkObjectResult, writing value of type 'ThucLuc.Api.Common.Models.ApiResponse`1[[System.Collections.Generic.IReadOnlyCollection`1[[ThucLuc.Application.Features.Codes.CodeDto, ThucLuc.Application, Version=1.0.0.0, Culture=neutral, PublicKeyToken=null]], System.Private.CoreLib, Version=8.0.0.0, Culture=neutral, PublicKeyToken=7cec85d7bea7798e]]'.
2026-05-06 15:25:32.795 +07:00 [INF] Executed action ThucLuc.Api.Controllers.V1.CodesController.GetAll (ThucLuc.Api) in 52.9389ms
2026-05-06 15:25:32.799 +07:00 [INF] Executed endpoint 'ThucLuc.Api.Controllers.V1.CodesController.GetAll (ThucLuc.Api)'
2026-05-06 15:25:32.802 +07:00 [INF] HTTP GET /api/v1/codes => 200 in 65.3258 ms CorrelationId=31adc7ceb36c4f9eaf7b1ef1fc895458 UserId=5001
2026-05-06 15:25:32.806 +07:00 [INF] HTTP GET /api/v1/codes responded 200 in 69.8782 ms
2026-05-06 15:25:32.809 +07:00 [INF] Request finished HTTP/1.1 GET http://localhost:5283/api/v1/codes?includeInactive=false - 200 null application/json; charset=utf-8 76.0239ms
2026-05-06 15:25:32.814 +07:00 [INF] Request starting HTTP/1.1 OPTIONS http://localhost:5283/api/v1/codes/22 - null null
2026-05-06 15:25:32.818 +07:00 [INF] CORS policy execution successful.
2026-05-06 15:25:32.819 +07:00 [INF] HTTP OPTIONS /api/v1/codes/22 => 204 in 0.9572 ms CorrelationId=00d347fc8fe040cd9aea15621b1b29f6 UserId=anonymous
2026-05-06 15:25:32.822 +07:00 [INF] HTTP OPTIONS /api/v1/codes/22 responded 204 in 3.9551 ms
2026-05-06 15:25:32.824 +07:00 [INF] Request finished HTTP/1.1 OPTIONS http://localhost:5283/api/v1/codes/22 - 204 null null 9.4585ms
2026-05-06 15:25:32.828 +07:00 [INF] Request starting HTTP/1.1 GET http://localhost:5283/api/v1/codes/22 - null null
2026-05-06 15:25:32.832 +07:00 [INF] CORS policy execution successful.
2026-05-06 15:25:32.833 +07:00 [INF] Executing endpoint 'ThucLuc.Api.Controllers.V1.CodesController.GetById (ThucLuc.Api)'
2026-05-06 15:25:32.835 +07:00 [INF] Route matched with {action = "GetById", controller = "Codes"}. Executing controller action with signature System.Threading.Tasks.Task`1[Microsoft.AspNetCore.Mvc.ActionResult`1[ThucLuc.Api.Common.Models.ApiResponse`1[ThucLuc.Application.Features.Codes.CodeDto]]] GetById(Int64, System.Threading.CancellationToken) on controller ThucLuc.Api.Controllers.V1.CodesController (ThucLuc.Api).
2026-05-06 15:25:32.882 +07:00 [INF] Executing OkObjectResult, writing value of type 'ThucLuc.Api.Common.Models.ApiResponse`1[[ThucLuc.Application.Features.Codes.CodeDto, ThucLuc.Application, Version=1.0.0.0, Culture=neutral, PublicKeyToken=null]]'.
2026-05-06 15:25:32.886 +07:00 [INF] Executed action ThucLuc.Api.Controllers.V1.CodesController.GetById (ThucLuc.Api) in 49.5467ms
2026-05-06 15:25:32.889 +07:00 [INF] Executed endpoint 'ThucLuc.Api.Controllers.V1.CodesController.GetById (ThucLuc.Api)'
2026-05-06 15:25:32.892 +07:00 [INF] HTTP GET /api/v1/codes/22 => 200 in 60.3506 ms CorrelationId=360e0697d091495e9a1351bd7b7572f2 UserId=5001
2026-05-06 15:25:32.897 +07:00 [INF] HTTP GET /api/v1/codes/22 responded 200 in 65.0885 ms
2026-05-06 15:25:32.900 +07:00 [INF] Request finished HTTP/1.1 GET http://localhost:5283/api/v1/codes/22 - 200 null application/json; charset=utf-8 72.3307ms
2026-05-06 15:25:37.190 +07:00 [INF] Request starting HTTP/1.1 OPTIONS http://localhost:5283/api/v1/codes/128 - null null
2026-05-06 15:25:37.199 +07:00 [INF] CORS policy execution successful.
2026-05-06 15:25:37.201 +07:00 [INF] HTTP OPTIONS /api/v1/codes/128 => 204 in 2.2838 ms CorrelationId=73330873b0dc4bf9837fb0f08a23241b UserId=anonymous
2026-05-06 15:25:37.206 +07:00 [INF] HTTP OPTIONS /api/v1/codes/128 responded 204 in 6.9741 ms
2026-05-06 15:25:37.209 +07:00 [INF] Request finished HTTP/1.1 OPTIONS http://localhost:5283/api/v1/codes/128 - 204 null null 19.1744ms
2026-05-06 15:25:37.214 +07:00 [INF] Request starting HTTP/1.1 GET http://localhost:5283/api/v1/codes/128 - null null
2026-05-06 15:25:37.217 +07:00 [INF] CORS policy execution successful.
2026-05-06 15:25:37.219 +07:00 [INF] Executing endpoint 'ThucLuc.Api.Controllers.V1.CodesController.GetById (ThucLuc.Api)'
2026-05-06 15:25:37.220 +07:00 [INF] Route matched with {action = "GetById", controller = "Codes"}. Executing controller action with signature System.Threading.Tasks.Task`1[Microsoft.AspNetCore.Mvc.ActionResult`1[ThucLuc.Api.Common.Models.ApiResponse`1[ThucLuc.Application.Features.Codes.CodeDto]]] GetById(Int64, System.Threading.CancellationToken) on controller ThucLuc.Api.Controllers.V1.CodesController (ThucLuc.Api).
2026-05-06 15:25:37.269 +07:00 [INF] Executing OkObjectResult, writing value of type 'ThucLuc.Api.Common.Models.ApiResponse`1[[ThucLuc.Application.Features.Codes.CodeDto, ThucLuc.Application, Version=1.0.0.0, Culture=neutral, PublicKeyToken=null]]'.
2026-05-06 15:25:37.273 +07:00 [INF] Executed action ThucLuc.Api.Controllers.V1.CodesController.GetById (ThucLuc.Api) in 50.3134ms
2026-05-06 15:25:37.277 +07:00 [INF] Executed endpoint 'ThucLuc.Api.Controllers.V1.CodesController.GetById (ThucLuc.Api)'
2026-05-06 15:25:37.280 +07:00 [INF] HTTP GET /api/v1/codes/128 => 200 in 62.543 ms CorrelationId=4cf12f7b344c4e65a2d9aceea6e17988 UserId=5001
2026-05-06 15:25:37.284 +07:00 [INF] HTTP GET /api/v1/codes/128 responded 200 in 67.0002 ms
2026-05-06 15:25:37.287 +07:00 [INF] Request finished HTTP/1.1 GET http://localhost:5283/api/v1/codes/128 - 200 null application/json; charset=utf-8 73.1641ms
2026-05-06 15:25:52.569 +07:00 [INF] Request starting HTTP/1.1 OPTIONS http://localhost:5283/api/v1/codes/by-code/GIAI_PHAP_ATTT - null null
2026-05-06 15:25:52.574 +07:00 [INF] CORS policy execution successful.
2026-05-06 15:25:52.575 +07:00 [INF] HTTP OPTIONS /api/v1/codes/by-code/GIAI_PHAP_ATTT => 204 in 1.4253 ms CorrelationId=29a0daa2c67b40d9bf74853226ca296a UserId=anonymous
2026-05-06 15:25:52.578 +07:00 [INF] HTTP OPTIONS /api/v1/codes/by-code/GIAI_PHAP_ATTT responded 204 in 4.5283 ms
2026-05-06 15:25:52.582 +07:00 [INF] Request finished HTTP/1.1 OPTIONS http://localhost:5283/api/v1/codes/by-code/GIAI_PHAP_ATTT - 204 null null 12.8581ms
2026-05-06 15:25:52.587 +07:00 [INF] Request starting HTTP/1.1 GET http://localhost:5283/api/v1/codes/by-code/GIAI_PHAP_ATTT - null null
2026-05-06 15:25:52.591 +07:00 [INF] CORS policy execution successful.
2026-05-06 15:25:52.592 +07:00 [INF] Executing endpoint 'ThucLuc.Api.Controllers.V1.CodesController.GetByCode (ThucLuc.Api)'
2026-05-06 15:25:52.594 +07:00 [INF] Route matched with {action = "GetByCode", controller = "Codes"}. Executing controller action with signature System.Threading.Tasks.Task`1[Microsoft.AspNetCore.Mvc.ActionResult`1[ThucLuc.Api.Common.Models.ApiResponse`1[ThucLuc.Application.Features.Codes.CodeDto]]] GetByCode(System.String, System.Threading.CancellationToken) on controller ThucLuc.Api.Controllers.V1.CodesController (ThucLuc.Api).
2026-05-06 15:25:52.643 +07:00 [INF] Executing OkObjectResult, writing value of type 'ThucLuc.Api.Common.Models.ApiResponse`1[[ThucLuc.Application.Features.Codes.CodeDto, ThucLuc.Application, Version=1.0.0.0, Culture=neutral, PublicKeyToken=null]]'.
2026-05-06 15:25:52.646 +07:00 [INF] Executed action ThucLuc.Api.Controllers.V1.CodesController.GetByCode (ThucLuc.Api) in 49.2498ms
2026-05-06 15:25:52.649 +07:00 [INF] Executed endpoint 'ThucLuc.Api.Controllers.V1.CodesController.GetByCode (ThucLuc.Api)'
2026-05-06 15:25:52.650 +07:00 [INF] HTTP GET /api/v1/codes/by-code/GIAI_PHAP_ATTT => 200 in 59.3352 ms CorrelationId=9f9e12ff0072453db8728075156b4e81 UserId=5001
2026-05-06 15:25:52.654 +07:00 [INF] HTTP GET /api/v1/codes/by-code/GIAI_PHAP_ATTT responded 200 in 62.9101 ms
2026-05-06 15:25:52.657 +07:00 [INF] Request finished HTTP/1.1 GET http://localhost:5283/api/v1/codes/by-code/GIAI_PHAP_ATTT - 200 null application/json; charset=utf-8 69.3271ms
2026-05-06 15:25:52.662 +07:00 [INF] Request starting HTTP/1.1 OPTIONS http://localhost:5283/api/v1/giai-phap-attt?donViId=2001 - null null
2026-05-06 15:25:52.665 +07:00 [INF] CORS policy execution successful.
2026-05-06 15:25:52.667 +07:00 [INF] HTTP OPTIONS /api/v1/giai-phap-attt => 204 in 1.0891 ms CorrelationId=339e1ac4856f4c838516f818d7615232 UserId=anonymous
2026-05-06 15:25:52.669 +07:00 [INF] HTTP OPTIONS /api/v1/giai-phap-attt responded 204 in 3.4792 ms
2026-05-06 15:25:52.671 +07:00 [INF] Request finished HTTP/1.1 OPTIONS http://localhost:5283/api/v1/giai-phap-attt?donViId=2001 - 204 null null 9.7765ms
2026-05-06 15:25:52.675 +07:00 [INF] Request starting HTTP/1.1 GET http://localhost:5283/api/v1/giai-phap-attt?donViId=2001 - null null
2026-05-06 15:25:52.678 +07:00 [INF] CORS policy execution successful.
2026-05-06 15:25:52.680 +07:00 [INF] Executing endpoint 'ThucLuc.Api.Controllers.V1.GiaiPhapAtttController.GetAll (ThucLuc.Api)'
2026-05-06 15:25:52.681 +07:00 [INF] Route matched with {action = "GetAll", controller = "GiaiPhapAttt"}. Executing controller action with signature System.Threading.Tasks.Task`1[Microsoft.AspNetCore.Mvc.ActionResult`1[ThucLuc.Api.Common.Models.ApiResponse`1[System.Collections.Generic.IReadOnlyCollection`1[ThucLuc.Application.Features.GiaiPhapAttt.GiaiPhapAtttDto]]]] GetAll(ThucLuc.Application.Features.GiaiPhapAttt.GiaiPhapAtttQuery, System.Threading.CancellationToken) on controller ThucLuc.Api.Controllers.V1.GiaiPhapAtttController (ThucLuc.Api).
2026-05-06 15:25:52.728 +07:00 [INF] Executing OkObjectResult, writing value of type 'ThucLuc.Api.Common.Models.ApiResponse`1[[System.Collections.Generic.IReadOnlyCollection`1[[ThucLuc.Application.Features.GiaiPhapAttt.GiaiPhapAtttDto, ThucLuc.Application, Version=1.0.0.0, Culture=neutral, PublicKeyToken=null]], System.Private.CoreLib, Version=8.0.0.0, Culture=neutral, PublicKeyToken=7cec85d7bea7798e]]'.
2026-05-06 15:25:52.730 +07:00 [INF] Executed action ThucLuc.Api.Controllers.V1.GiaiPhapAtttController.GetAll (ThucLuc.Api) in 46.1883ms
2026-05-06 15:25:52.731 +07:00 [INF] Executed endpoint 'ThucLuc.Api.Controllers.V1.GiaiPhapAtttController.GetAll (ThucLuc.Api)'
2026-05-06 15:25:52.733 +07:00 [INF] HTTP GET /api/v1/giai-phap-attt => 200 in 54.679 ms CorrelationId=6b6b33aeb3b543dda9bf6c4d45331279 UserId=5001
2026-05-06 15:25:52.736 +07:00 [INF] HTTP GET /api/v1/giai-phap-attt responded 200 in 57.6545 ms
2026-05-06 15:25:52.738 +07:00 [INF] Request finished HTTP/1.1 GET http://localhost:5283/api/v1/giai-phap-attt?donViId=2001 - 200 null application/json; charset=utf-8 63.2921ms
2026-05-06 15:42:29.959 +07:00 [INF] Request starting HTTP/1.1 OPTIONS http://localhost:5283/api/v1/don-vi/2001 - null null
2026-05-06 15:42:29.961 +07:00 [INF] Request starting HTTP/1.1 OPTIONS http://localhost:5283/api/v1/codes/by-code/GIAI_PHAP_ATTT - null null
2026-05-06 15:42:29.962 +07:00 [INF] CORS policy execution successful.
2026-05-06 15:42:29.967 +07:00 [INF] CORS policy execution successful.
2026-05-06 15:42:29.968 +07:00 [INF] HTTP OPTIONS /api/v1/don-vi/2001 => 204 in 5.5144 ms CorrelationId=8dcfbcd790e24a0da6c8e1f47af44183 UserId=anonymous
2026-05-06 15:42:29.969 +07:00 [INF] HTTP OPTIONS /api/v1/codes/by-code/GIAI_PHAP_ATTT => 204 in 2.4712 ms CorrelationId=84cde2ee31fe4a71aeb003c9a4e55497 UserId=anonymous
2026-05-06 15:42:29.972 +07:00 [INF] HTTP OPTIONS /api/v1/don-vi/2001 responded 204 in 9.7857 ms
2026-05-06 15:42:29.975 +07:00 [INF] HTTP OPTIONS /api/v1/codes/by-code/GIAI_PHAP_ATTT responded 204 in 8.3255 ms
2026-05-06 15:42:29.977 +07:00 [INF] Request finished HTTP/1.1 OPTIONS http://localhost:5283/api/v1/don-vi/2001 - 204 null null 18.7825ms
2026-05-06 15:42:29.980 +07:00 [INF] Request finished HTTP/1.1 OPTIONS http://localhost:5283/api/v1/codes/by-code/GIAI_PHAP_ATTT - 204 null null 19.521ms
2026-05-06 15:42:29.985 +07:00 [INF] Request starting HTTP/1.1 GET http://localhost:5283/api/v1/don-vi/2001 - null null
2026-05-06 15:42:29.990 +07:00 [INF] Request starting HTTP/1.1 GET http://localhost:5283/api/v1/codes/by-code/GIAI_PHAP_ATTT - null null
2026-05-06 15:42:29.994 +07:00 [INF] CORS policy execution successful.
2026-05-06 15:42:29.998 +07:00 [INF] CORS policy execution successful.
2026-05-06 15:42:29.999 +07:00 [INF] Executing endpoint 'ThucLuc.Api.Controllers.V1.DonViController.GetById (ThucLuc.Api)'
2026-05-06 15:42:30.000 +07:00 [INF] Executing endpoint 'ThucLuc.Api.Controllers.V1.CodesController.GetByCode (ThucLuc.Api)'
2026-05-06 15:42:30.001 +07:00 [INF] Route matched with {action = "GetById", controller = "DonVi"}. Executing controller action with signature System.Threading.Tasks.Task`1[Microsoft.AspNetCore.Mvc.ActionResult`1[ThucLuc.Api.Common.Models.ApiResponse`1[ThucLuc.Application.Features.DonVi.DonViDto]]] GetById(Int64, System.Threading.CancellationToken) on controller ThucLuc.Api.Controllers.V1.DonViController (ThucLuc.Api).
2026-05-06 15:42:30.003 +07:00 [INF] Route matched with {action = "GetByCode", controller = "Codes"}. Executing controller action with signature System.Threading.Tasks.Task`1[Microsoft.AspNetCore.Mvc.ActionResult`1[ThucLuc.Api.Common.Models.ApiResponse`1[ThucLuc.Application.Features.Codes.CodeDto]]] GetByCode(System.String, System.Threading.CancellationToken) on controller ThucLuc.Api.Controllers.V1.CodesController (ThucLuc.Api).
2026-05-06 15:42:30.052 +07:00 [INF] Executing OkObjectResult, writing value of type 'ThucLuc.Api.Common.Models.ApiResponse`1[[ThucLuc.Application.Features.DonVi.DonViDto, ThucLuc.Application, Version=1.0.0.0, Culture=neutral, PublicKeyToken=null]]'.
2026-05-06 15:42:30.054 +07:00 [INF] Executed action ThucLuc.Api.Controllers.V1.DonViController.GetById (ThucLuc.Api) in 49.2001ms
2026-05-06 15:42:30.054 +07:00 [INF] Executing OkObjectResult, writing value of type 'ThucLuc.Api.Common.Models.ApiResponse`1[[ThucLuc.Application.Features.Codes.CodeDto, ThucLuc.Application, Version=1.0.0.0, Culture=neutral, PublicKeyToken=null]]'.
2026-05-06 15:42:30.057 +07:00 [INF] Executed endpoint 'ThucLuc.Api.Controllers.V1.DonViController.GetById (ThucLuc.Api)'
2026-05-06 15:42:30.058 +07:00 [INF] Executed action ThucLuc.Api.Controllers.V1.CodesController.GetByCode (ThucLuc.Api) in 50.5928ms
2026-05-06 15:42:30.060 +07:00 [INF] HTTP GET /api/v1/don-vi/2001 => 200 in 65.7763 ms CorrelationId=64070e8d449143f6a35a82201ad180cd UserId=5001
2026-05-06 15:42:30.062 +07:00 [INF] Executed endpoint 'ThucLuc.Api.Controllers.V1.CodesController.GetByCode (ThucLuc.Api)'
2026-05-06 15:42:30.065 +07:00 [INF] HTTP GET /api/v1/don-vi/2001 responded 200 in 71.1787 ms
2026-05-06 15:42:30.067 +07:00 [INF] HTTP GET /api/v1/codes/by-code/GIAI_PHAP_ATTT => 200 in 69.0424 ms CorrelationId=5da3cedbb638443faa3ad66f087c016f UserId=5001
2026-05-06 15:42:30.069 +07:00 [INF] Request finished HTTP/1.1 GET http://localhost:5283/api/v1/don-vi/2001 - 200 null application/json; charset=utf-8 84.1019ms
2026-05-06 15:42:30.072 +07:00 [INF] HTTP GET /api/v1/codes/by-code/GIAI_PHAP_ATTT responded 200 in 74.4895 ms
2026-05-06 15:42:30.080 +07:00 [INF] Request finished HTTP/1.1 GET http://localhost:5283/api/v1/codes/by-code/GIAI_PHAP_ATTT - 200 null application/json; charset=utf-8 89.7274ms
2026-05-06 15:42:30.084 +07:00 [INF] Request starting HTTP/1.1 OPTIONS http://localhost:5283/api/v1/giai-phap-attt?donViId=2001 - null null
2026-05-06 15:42:30.089 +07:00 [INF] CORS policy execution successful.
2026-05-06 15:42:30.090 +07:00 [INF] HTTP OPTIONS /api/v1/giai-phap-attt => 204 in 1.3982 ms CorrelationId=b7efecddb4f04e61a3b322bea48881d2 UserId=anonymous
2026-05-06 15:42:30.093 +07:00 [INF] HTTP OPTIONS /api/v1/giai-phap-attt responded 204 in 4.7144 ms
2026-05-06 15:42:30.096 +07:00 [INF] Request finished HTTP/1.1 OPTIONS http://localhost:5283/api/v1/giai-phap-attt?donViId=2001 - 204 null null 11.625ms
2026-05-06 15:42:30.101 +07:00 [INF] Request starting HTTP/1.1 GET http://localhost:5283/api/v1/giai-phap-attt?donViId=2001 - null null
2026-05-06 15:42:30.106 +07:00 [INF] CORS policy execution successful.
2026-05-06 15:42:30.107 +07:00 [INF] Executing endpoint 'ThucLuc.Api.Controllers.V1.GiaiPhapAtttController.GetAll (ThucLuc.Api)'
2026-05-06 15:42:30.109 +07:00 [INF] Route matched with {action = "GetAll", controller = "GiaiPhapAttt"}. Executing controller action with signature System.Threading.Tasks.Task`1[Microsoft.AspNetCore.Mvc.ActionResult`1[ThucLuc.Api.Common.Models.ApiResponse`1[System.Collections.Generic.IReadOnlyCollection`1[ThucLuc.Application.Features.GiaiPhapAttt.GiaiPhapAtttDto]]]] GetAll(ThucLuc.Application.Features.GiaiPhapAttt.GiaiPhapAtttQuery, System.Threading.CancellationToken) on controller ThucLuc.Api.Controllers.V1.GiaiPhapAtttController (ThucLuc.Api).
2026-05-06 15:42:30.158 +07:00 [INF] Executing OkObjectResult, writing value of type 'ThucLuc.Api.Common.Models.ApiResponse`1[[System.Collections.Generic.IReadOnlyCollection`1[[ThucLuc.Application.Features.GiaiPhapAttt.GiaiPhapAtttDto, ThucLuc.Application, Version=1.0.0.0, Culture=neutral, PublicKeyToken=null]], System.Private.CoreLib, Version=8.0.0.0, Culture=neutral, PublicKeyToken=7cec85d7bea7798e]]'.
2026-05-06 15:42:30.162 +07:00 [INF] Executed action ThucLuc.Api.Controllers.V1.GiaiPhapAtttController.GetAll (ThucLuc.Api) in 50.4406ms
2026-05-06 15:42:30.165 +07:00 [INF] Executed endpoint 'ThucLuc.Api.Controllers.V1.GiaiPhapAtttController.GetAll (ThucLuc.Api)'
2026-05-06 15:42:30.167 +07:00 [INF] HTTP GET /api/v1/giai-phap-attt => 200 in 61.7532 ms CorrelationId=0fa9d100bc294a2384db6e7c6366f4b1 UserId=5001
2026-05-06 15:42:30.171 +07:00 [INF] HTTP GET /api/v1/giai-phap-attt responded 200 in 65.2840 ms
2026-05-06 15:42:30.174 +07:00 [INF] Request finished HTTP/1.1 GET http://localhost:5283/api/v1/giai-phap-attt?donViId=2001 - 200 null application/json; charset=utf-8 72.5938ms
2026-05-06 15:45:54.376 +07:00 [INF] Request starting HTTP/1.1 OPTIONS http://localhost:5283/api/v1/don-vi/2001 - null null
2026-05-06 15:45:54.377 +07:00 [INF] Request starting HTTP/1.1 OPTIONS http://localhost:5283/api/v1/codes/by-code/GIAI_PHAP_ATTT - null null
2026-05-06 15:45:54.381 +07:00 [INF] CORS policy execution successful.
2026-05-06 15:45:54.385 +07:00 [INF] CORS policy execution successful.
2026-05-06 15:45:54.386 +07:00 [INF] HTTP OPTIONS /api/v1/don-vi/2001 => 204 in 5.2345 ms CorrelationId=74e05422507a40679effc97073f1fc44 UserId=anonymous
2026-05-06 15:45:54.387 +07:00 [INF] HTTP OPTIONS /api/v1/codes/by-code/GIAI_PHAP_ATTT => 204 in 2.3247 ms CorrelationId=e7d26971cdd849cb8426b9708fe4b6b4 UserId=anonymous
2026-05-06 15:45:54.391 +07:00 [INF] HTTP OPTIONS /api/v1/don-vi/2001 responded 204 in 10.2836 ms
2026-05-06 15:45:54.394 +07:00 [INF] HTTP OPTIONS /api/v1/codes/by-code/GIAI_PHAP_ATTT responded 204 in 9.6395 ms
2026-05-06 15:45:54.397 +07:00 [INF] Request finished HTTP/1.1 OPTIONS http://localhost:5283/api/v1/don-vi/2001 - 204 null null 21.0797ms
2026-05-06 15:45:54.400 +07:00 [INF] Request finished HTTP/1.1 OPTIONS http://localhost:5283/api/v1/codes/by-code/GIAI_PHAP_ATTT - 204 null null 22.344ms
2026-05-06 15:45:54.404 +07:00 [INF] Request starting HTTP/1.1 GET http://localhost:5283/api/v1/don-vi/2001 - null null
2026-05-06 15:45:54.409 +07:00 [INF] Request starting HTTP/1.1 GET http://localhost:5283/api/v1/codes/by-code/GIAI_PHAP_ATTT - null null
2026-05-06 15:45:54.413 +07:00 [INF] CORS policy execution successful.
2026-05-06 15:45:54.417 +07:00 [INF] CORS policy execution successful.
2026-05-06 15:45:54.418 +07:00 [INF] Executing endpoint 'ThucLuc.Api.Controllers.V1.DonViController.GetById (ThucLuc.Api)'
2026-05-06 15:45:54.419 +07:00 [INF] Executing endpoint 'ThucLuc.Api.Controllers.V1.CodesController.GetByCode (ThucLuc.Api)'
2026-05-06 15:45:54.421 +07:00 [INF] Route matched with {action = "GetById", controller = "DonVi"}. Executing controller action with signature System.Threading.Tasks.Task`1[Microsoft.AspNetCore.Mvc.ActionResult`1[ThucLuc.Api.Common.Models.ApiResponse`1[ThucLuc.Application.Features.DonVi.DonViDto]]] GetById(Int64, System.Threading.CancellationToken) on controller ThucLuc.Api.Controllers.V1.DonViController (ThucLuc.Api).
2026-05-06 15:45:54.423 +07:00 [INF] Route matched with {action = "GetByCode", controller = "Codes"}. Executing controller action with signature System.Threading.Tasks.Task`1[Microsoft.AspNetCore.Mvc.ActionResult`1[ThucLuc.Api.Common.Models.ApiResponse`1[ThucLuc.Application.Features.Codes.CodeDto]]] GetByCode(System.String, System.Threading.CancellationToken) on controller ThucLuc.Api.Controllers.V1.CodesController (ThucLuc.Api).
2026-05-06 15:45:54.474 +07:00 [INF] Executing OkObjectResult, writing value of type 'ThucLuc.Api.Common.Models.ApiResponse`1[[ThucLuc.Application.Features.Codes.CodeDto, ThucLuc.Application, Version=1.0.0.0, Culture=neutral, PublicKeyToken=null]]'.
2026-05-06 15:45:54.474 +07:00 [INF] Executing OkObjectResult, writing value of type 'ThucLuc.Api.Common.Models.ApiResponse`1[[ThucLuc.Application.Features.DonVi.DonViDto, ThucLuc.Application, Version=1.0.0.0, Culture=neutral, PublicKeyToken=null]]'.
2026-05-06 15:45:54.476 +07:00 [INF] Executed action ThucLuc.Api.Controllers.V1.CodesController.GetByCode (ThucLuc.Api) in 47.6433ms
2026-05-06 15:45:54.477 +07:00 [INF] Executed action ThucLuc.Api.Controllers.V1.DonViController.GetById (ThucLuc.Api) in 51.696ms
2026-05-06 15:45:54.479 +07:00 [INF] Executed endpoint 'ThucLuc.Api.Controllers.V1.CodesController.GetByCode (ThucLuc.Api)'
2026-05-06 15:45:54.481 +07:00 [INF] Executed endpoint 'ThucLuc.Api.Controllers.V1.DonViController.GetById (ThucLuc.Api)'
2026-05-06 15:45:54.482 +07:00 [INF] HTTP GET /api/v1/codes/by-code/GIAI_PHAP_ATTT => 200 in 64.8681 ms CorrelationId=2ccb42a4381b49d8839667546b78f12f UserId=5001
2026-05-06 15:45:54.483 +07:00 [INF] HTTP GET /api/v1/don-vi/2001 => 200 in 69.8431 ms CorrelationId=dd86bbf0849140a1bdc7add36f63b7ad UserId=5001
2026-05-06 15:45:54.486 +07:00 [INF] HTTP GET /api/v1/codes/by-code/GIAI_PHAP_ATTT responded 200 in 68.8187 ms
2026-05-06 15:45:54.489 +07:00 [INF] HTTP GET /api/v1/don-vi/2001 responded 200 in 75.7449 ms
2026-05-06 15:45:54.491 +07:00 [INF] Request finished HTTP/1.1 GET http://localhost:5283/api/v1/codes/by-code/GIAI_PHAP_ATTT - 200 null application/json; charset=utf-8 82.086ms
2026-05-06 15:45:54.494 +07:00 [INF] Request finished HTTP/1.1 GET http://localhost:5283/api/v1/don-vi/2001 - 200 null application/json; charset=utf-8 89.6883ms
2026-05-06 15:45:54.499 +07:00 [INF] Request starting HTTP/1.1 OPTIONS http://localhost:5283/api/v1/giai-phap-attt?donViId=2001 - null null
2026-05-06 15:45:54.507 +07:00 [INF] CORS policy execution successful.
2026-05-06 15:45:54.508 +07:00 [INF] HTTP OPTIONS /api/v1/giai-phap-attt => 204 in 1.1656 ms CorrelationId=08298810f88b4be09fb39ef83f961297 UserId=anonymous
2026-05-06 15:45:54.511 +07:00 [INF] HTTP OPTIONS /api/v1/giai-phap-attt responded 204 in 3.9661 ms
2026-05-06 15:45:54.513 +07:00 [INF] Request finished HTTP/1.1 OPTIONS http://localhost:5283/api/v1/giai-phap-attt?donViId=2001 - 204 null null 14.3122ms
2026-05-06 15:45:54.517 +07:00 [INF] Request starting HTTP/1.1 GET http://localhost:5283/api/v1/giai-phap-attt?donViId=2001 - null null
2026-05-06 15:45:54.520 +07:00 [INF] CORS policy execution successful.
2026-05-06 15:45:54.521 +07:00 [INF] Executing endpoint 'ThucLuc.Api.Controllers.V1.GiaiPhapAtttController.GetAll (ThucLuc.Api)'
2026-05-06 15:45:54.523 +07:00 [INF] Route matched with {action = "GetAll", controller = "GiaiPhapAttt"}. Executing controller action with signature System.Threading.Tasks.Task`1[Microsoft.AspNetCore.Mvc.ActionResult`1[ThucLuc.Api.Common.Models.ApiResponse`1[System.Collections.Generic.IReadOnlyCollection`1[ThucLuc.Application.Features.GiaiPhapAttt.GiaiPhapAtttDto]]]] GetAll(ThucLuc.Application.Features.GiaiPhapAttt.GiaiPhapAtttQuery, System.Threading.CancellationToken) on controller ThucLuc.Api.Controllers.V1.GiaiPhapAtttController (ThucLuc.Api).
2026-05-06 15:45:54.573 +07:00 [INF] Executing OkObjectResult, writing value of type 'ThucLuc.Api.Common.Models.ApiResponse`1[[System.Collections.Generic.IReadOnlyCollection`1[[ThucLuc.Application.Features.GiaiPhapAttt.GiaiPhapAtttDto, ThucLuc.Application, Version=1.0.0.0, Culture=neutral, PublicKeyToken=null]], System.Private.CoreLib, Version=8.0.0.0, Culture=neutral, PublicKeyToken=7cec85d7bea7798e]]'.
2026-05-06 15:45:54.576 +07:00 [INF] Executed action ThucLuc.Api.Controllers.V1.GiaiPhapAtttController.GetAll (ThucLuc.Api) in 50.6038ms
2026-05-06 15:45:54.580 +07:00 [INF] Executed endpoint 'ThucLuc.Api.Controllers.V1.GiaiPhapAtttController.GetAll (ThucLuc.Api)'
2026-05-06 15:45:54.583 +07:00 [INF] HTTP GET /api/v1/giai-phap-attt => 200 in 62.8862 ms CorrelationId=b4776e3adbae4e3f871025ee380537d8 UserId=5001
2026-05-06 15:45:54.586 +07:00 [INF] HTTP GET /api/v1/giai-phap-attt responded 200 in 66.5463 ms
2026-05-06 15:45:54.590 +07:00 [INF] Request finished HTTP/1.1 GET http://localhost:5283/api/v1/giai-phap-attt?donViId=2001 - 200 null application/json; charset=utf-8 73.0045ms
2026-05-06 15:47:12.340 +07:00 [INF] Request starting HTTP/1.1 OPTIONS http://localhost:5283/api/v1/don-vi/2001 - null null
2026-05-06 15:47:12.341 +07:00 [INF] Request starting HTTP/1.1 OPTIONS http://localhost:5283/api/v1/codes/by-code/GIAI_PHAP_ATTT - null null
2026-05-06 15:47:12.343 +07:00 [INF] CORS policy execution successful.
2026-05-06 15:47:12.345 +07:00 [INF] CORS policy execution successful.
2026-05-06 15:47:12.346 +07:00 [INF] HTTP OPTIONS /api/v1/don-vi/2001 => 204 in 2.6747 ms CorrelationId=aa4cba709b494f3d885c5a8fc65101c6 UserId=anonymous
2026-05-06 15:47:12.347 +07:00 [INF] HTTP OPTIONS /api/v1/codes/by-code/GIAI_PHAP_ATTT => 204 in 1.4132 ms CorrelationId=db28d0b042224ee391712599bdf9ccbd UserId=anonymous
2026-05-06 15:47:12.348 +07:00 [INF] HTTP OPTIONS /api/v1/don-vi/2001 responded 204 in 5.1976 ms
2026-05-06 15:47:12.350 +07:00 [INF] HTTP OPTIONS /api/v1/codes/by-code/GIAI_PHAP_ATTT responded 204 in 4.9174 ms
2026-05-06 15:47:12.352 +07:00 [INF] Request finished HTTP/1.1 OPTIONS http://localhost:5283/api/v1/don-vi/2001 - 204 null null 11.9378ms
2026-05-06 15:47:12.355 +07:00 [INF] Request finished HTTP/1.1 OPTIONS http://localhost:5283/api/v1/codes/by-code/GIAI_PHAP_ATTT - 204 null null 13.6856ms
2026-05-06 15:47:12.358 +07:00 [INF] Request starting HTTP/1.1 GET http://localhost:5283/api/v1/don-vi/2001 - null null
2026-05-06 15:47:12.361 +07:00 [INF] Request starting HTTP/1.1 GET http://localhost:5283/api/v1/codes/by-code/GIAI_PHAP_ATTT - null null
2026-05-06 15:47:12.363 +07:00 [INF] CORS policy execution successful.
2026-05-06 15:47:12.365 +07:00 [INF] CORS policy execution successful.
2026-05-06 15:47:12.366 +07:00 [INF] Executing endpoint 'ThucLuc.Api.Controllers.V1.DonViController.GetById (ThucLuc.Api)'
2026-05-06 15:47:12.367 +07:00 [INF] Executing endpoint 'ThucLuc.Api.Controllers.V1.CodesController.GetByCode (ThucLuc.Api)'
2026-05-06 15:47:12.368 +07:00 [INF] Route matched with {action = "GetById", controller = "DonVi"}. Executing controller action with signature System.Threading.Tasks.Task`1[Microsoft.AspNetCore.Mvc.ActionResult`1[ThucLuc.Api.Common.Models.ApiResponse`1[ThucLuc.Application.Features.DonVi.DonViDto]]] GetById(Int64, System.Threading.CancellationToken) on controller ThucLuc.Api.Controllers.V1.DonViController (ThucLuc.Api).
2026-05-06 15:47:12.370 +07:00 [INF] Route matched with {action = "GetByCode", controller = "Codes"}. Executing controller action with signature System.Threading.Tasks.Task`1[Microsoft.AspNetCore.Mvc.ActionResult`1[ThucLuc.Api.Common.Models.ApiResponse`1[ThucLuc.Application.Features.Codes.CodeDto]]] GetByCode(System.String, System.Threading.CancellationToken) on controller ThucLuc.Api.Controllers.V1.CodesController (ThucLuc.Api).
2026-05-06 15:47:12.415 +07:00 [INF] Executing OkObjectResult, writing value of type 'ThucLuc.Api.Common.Models.ApiResponse`1[[ThucLuc.Application.Features.DonVi.DonViDto, ThucLuc.Application, Version=1.0.0.0, Culture=neutral, PublicKeyToken=null]]'.
2026-05-06 15:47:12.416 +07:00 [INF] Executed action ThucLuc.Api.Controllers.V1.DonViController.GetById (ThucLuc.Api) in 44.4035ms
2026-05-06 15:47:12.418 +07:00 [INF] Executed endpoint 'ThucLuc.Api.Controllers.V1.DonViController.GetById (ThucLuc.Api)'
2026-05-06 15:47:12.419 +07:00 [INF] Executing OkObjectResult, writing value of type 'ThucLuc.Api.Common.Models.ApiResponse`1[[ThucLuc.Application.Features.Codes.CodeDto, ThucLuc.Application, Version=1.0.0.0, Culture=neutral, PublicKeyToken=null]]'.
2026-05-06 15:47:12.420 +07:00 [INF] HTTP GET /api/v1/don-vi/2001 => 200 in 56.3704 ms CorrelationId=6ddeca2cc8ed4e6f8e853c3e45aee747 UserId=5001
2026-05-06 15:47:12.421 +07:00 [INF] Executed action ThucLuc.Api.Controllers.V1.CodesController.GetByCode (ThucLuc.Api) in 46.9096ms
2026-05-06 15:47:12.424 +07:00 [INF] HTTP GET /api/v1/don-vi/2001 responded 200 in 60.2811 ms
2026-05-06 15:47:12.425 +07:00 [INF] Executed endpoint 'ThucLuc.Api.Controllers.V1.CodesController.GetByCode (ThucLuc.Api)'
2026-05-06 15:47:12.427 +07:00 [INF] Request finished HTTP/1.1 GET http://localhost:5283/api/v1/don-vi/2001 - 200 null application/json; charset=utf-8 68.465ms
2026-05-06 15:47:12.428 +07:00 [INF] HTTP GET /api/v1/codes/by-code/GIAI_PHAP_ATTT => 200 in 62.6023 ms CorrelationId=eff604cf36a44365989edd7e5ec10128 UserId=5001
2026-05-06 15:47:12.433 +07:00 [INF] HTTP GET /api/v1/codes/by-code/GIAI_PHAP_ATTT responded 200 in 67.8345 ms
2026-05-06 15:47:12.435 +07:00 [INF] Request finished HTTP/1.1 GET http://localhost:5283/api/v1/codes/by-code/GIAI_PHAP_ATTT - 200 null application/json; charset=utf-8 74.1952ms
2026-05-06 15:47:12.442 +07:00 [INF] Request starting HTTP/1.1 OPTIONS http://localhost:5283/api/v1/giai-phap-attt?donViId=2001 - null null
2026-05-06 15:47:12.445 +07:00 [INF] CORS policy execution successful.
2026-05-06 15:47:12.446 +07:00 [INF] HTTP OPTIONS /api/v1/giai-phap-attt => 204 in 0.8088 ms CorrelationId=f674aa2a90364693aed24dda6bbb9081 UserId=anonymous
2026-05-06 15:47:12.449 +07:00 [INF] HTTP OPTIONS /api/v1/giai-phap-attt responded 204 in 3.9988 ms
2026-05-06 15:47:12.452 +07:00 [INF] Request finished HTTP/1.1 OPTIONS http://localhost:5283/api/v1/giai-phap-attt?donViId=2001 - 204 null null 10.166ms
2026-05-06 15:47:12.456 +07:00 [INF] Request starting HTTP/1.1 GET http://localhost:5283/api/v1/giai-phap-attt?donViId=2001 - null null
2026-05-06 15:47:12.459 +07:00 [INF] CORS policy execution successful.
2026-05-06 15:47:12.460 +07:00 [INF] Executing endpoint 'ThucLuc.Api.Controllers.V1.GiaiPhapAtttController.GetAll (ThucLuc.Api)'
2026-05-06 15:47:12.461 +07:00 [INF] Route matched with {action = "GetAll", controller = "GiaiPhapAttt"}. Executing controller action with signature System.Threading.Tasks.Task`1[Microsoft.AspNetCore.Mvc.ActionResult`1[ThucLuc.Api.Common.Models.ApiResponse`1[System.Collections.Generic.IReadOnlyCollection`1[ThucLuc.Application.Features.GiaiPhapAttt.GiaiPhapAtttDto]]]] GetAll(ThucLuc.Application.Features.GiaiPhapAttt.GiaiPhapAtttQuery, System.Threading.CancellationToken) on controller ThucLuc.Api.Controllers.V1.GiaiPhapAtttController (ThucLuc.Api).
2026-05-06 15:47:12.507 +07:00 [INF] Executing OkObjectResult, writing value of type 'ThucLuc.Api.Common.Models.ApiResponse`1[[System.Collections.Generic.IReadOnlyCollection`1[[ThucLuc.Application.Features.GiaiPhapAttt.GiaiPhapAtttDto, ThucLuc.Application, Version=1.0.0.0, Culture=neutral, PublicKeyToken=null]], System.Private.CoreLib, Version=8.0.0.0, Culture=neutral, PublicKeyToken=7cec85d7bea7798e]]'.
2026-05-06 15:47:12.509 +07:00 [INF] Executed action ThucLuc.Api.Controllers.V1.GiaiPhapAtttController.GetAll (ThucLuc.Api) in 46.0635ms
2026-05-06 15:47:12.511 +07:00 [INF] Executed endpoint 'ThucLuc.Api.Controllers.V1.GiaiPhapAtttController.GetAll (ThucLuc.Api)'
2026-05-06 15:47:12.513 +07:00 [INF] HTTP GET /api/v1/giai-phap-attt => 200 in 53.7423 ms CorrelationId=de7d68fe3c8744d8892badc4e6fe307c UserId=5001
2026-05-06 15:47:12.516 +07:00 [INF] HTTP GET /api/v1/giai-phap-attt responded 200 in 56.7197 ms
2026-05-06 15:47:12.519 +07:00 [INF] Request finished HTTP/1.1 GET http://localhost:5283/api/v1/giai-phap-attt?donViId=2001 - 200 null application/json; charset=utf-8 62.675ms
2026-05-06 15:55:54.936 +07:00 [INF] Request starting HTTP/1.1 OPTIONS http://localhost:5283/api/v1/don-vi/2001 - null null
2026-05-06 15:55:54.938 +07:00 [INF] Request starting HTTP/1.1 OPTIONS http://localhost:5283/api/v1/codes/by-code/GIAI_PHAP_ATTT - null null
2026-05-06 15:55:54.940 +07:00 [INF] CORS policy execution successful.
2026-05-06 15:55:54.943 +07:00 [INF] CORS policy execution successful.
2026-05-06 15:55:54.944 +07:00 [INF] HTTP OPTIONS /api/v1/don-vi/2001 => 204 in 4.5251 ms CorrelationId=188d43cc2b6642da833033be90b56b26 UserId=anonymous
2026-05-06 15:55:54.946 +07:00 [INF] HTTP OPTIONS /api/v1/codes/by-code/GIAI_PHAP_ATTT => 204 in 2.6295 ms CorrelationId=ba2792279ae14c409575be143212378a UserId=anonymous
2026-05-06 15:55:54.949 +07:00 [INF] HTTP OPTIONS /api/v1/don-vi/2001 responded 204 in 9.3488 ms
2026-05-06 15:55:54.953 +07:00 [INF] HTTP OPTIONS /api/v1/codes/by-code/GIAI_PHAP_ATTT responded 204 in 10.0307 ms
2026-05-06 15:55:54.956 +07:00 [INF] Request finished HTTP/1.1 OPTIONS http://localhost:5283/api/v1/don-vi/2001 - 204 null null 20.233ms
2026-05-06 15:55:54.959 +07:00 [INF] Request finished HTTP/1.1 OPTIONS http://localhost:5283/api/v1/codes/by-code/GIAI_PHAP_ATTT - 204 null null 21.2265ms
2026-05-06 15:55:54.964 +07:00 [INF] Request starting HTTP/1.1 GET http://localhost:5283/api/v1/don-vi/2001 - null null
2026-05-06 15:55:54.969 +07:00 [INF] Request starting HTTP/1.1 GET http://localhost:5283/api/v1/codes/by-code/GIAI_PHAP_ATTT - null null
2026-05-06 15:55:54.973 +07:00 [INF] CORS policy execution successful.
2026-05-06 15:55:54.977 +07:00 [INF] CORS policy execution successful.
2026-05-06 15:55:54.979 +07:00 [INF] Executing endpoint 'ThucLuc.Api.Controllers.V1.DonViController.GetById (ThucLuc.Api)'
2026-05-06 15:55:54.979 +07:00 [INF] Executing endpoint 'ThucLuc.Api.Controllers.V1.CodesController.GetByCode (ThucLuc.Api)'
2026-05-06 15:55:54.981 +07:00 [INF] Route matched with {action = "GetById", controller = "DonVi"}. Executing controller action with signature System.Threading.Tasks.Task`1[Microsoft.AspNetCore.Mvc.ActionResult`1[ThucLuc.Api.Common.Models.ApiResponse`1[ThucLuc.Application.Features.DonVi.DonViDto]]] GetById(Int64, System.Threading.CancellationToken) on controller ThucLuc.Api.Controllers.V1.DonViController (ThucLuc.Api).
2026-05-06 15:55:54.983 +07:00 [INF] Route matched with {action = "GetByCode", controller = "Codes"}. Executing controller action with signature System.Threading.Tasks.Task`1[Microsoft.AspNetCore.Mvc.ActionResult`1[ThucLuc.Api.Common.Models.ApiResponse`1[ThucLuc.Application.Features.Codes.CodeDto]]] GetByCode(System.String, System.Threading.CancellationToken) on controller ThucLuc.Api.Controllers.V1.CodesController (ThucLuc.Api).
2026-05-06 15:55:55.031 +07:00 [INF] Executing OkObjectResult, writing value of type 'ThucLuc.Api.Common.Models.ApiResponse`1[[ThucLuc.Application.Features.DonVi.DonViDto, ThucLuc.Application, Version=1.0.0.0, Culture=neutral, PublicKeyToken=null]]'.
2026-05-06 15:55:55.033 +07:00 [INF] Executed action ThucLuc.Api.Controllers.V1.DonViController.GetById (ThucLuc.Api) in 48.1581ms
2026-05-06 15:55:55.035 +07:00 [INF] Executed endpoint 'ThucLuc.Api.Controllers.V1.DonViController.GetById (ThucLuc.Api)'
2026-05-06 15:55:55.037 +07:00 [INF] HTTP GET /api/v1/don-vi/2001 => 200 in 63.5495 ms CorrelationId=b9b823c035df42d6a32e4549d44c3ba0 UserId=5001
2026-05-06 15:55:55.039 +07:00 [INF] HTTP GET /api/v1/don-vi/2001 responded 200 in 65.9679 ms
2026-05-06 15:55:55.041 +07:00 [INF] Request finished HTTP/1.1 GET http://localhost:5283/api/v1/don-vi/2001 - 200 null application/json; charset=utf-8 77.0645ms
2026-05-06 15:55:55.064 +07:00 [INF] Executing OkObjectResult, writing value of type 'ThucLuc.Api.Common.Models.ApiResponse`1[[ThucLuc.Application.Features.Codes.CodeDto, ThucLuc.Application, Version=1.0.0.0, Culture=neutral, PublicKeyToken=null]]'.
2026-05-06 15:55:55.066 +07:00 [INF] Executed action ThucLuc.Api.Controllers.V1.CodesController.GetByCode (ThucLuc.Api) in 78.1677ms
2026-05-06 15:55:55.068 +07:00 [INF] Executed endpoint 'ThucLuc.Api.Controllers.V1.CodesController.GetByCode (ThucLuc.Api)'
2026-05-06 15:55:55.070 +07:00 [INF] HTTP GET /api/v1/codes/by-code/GIAI_PHAP_ATTT => 200 in 92.4211 ms CorrelationId=a8274ccd61d64bf3b54a9295bacdc7d2 UserId=5001
2026-05-06 15:55:55.072 +07:00 [INF] HTTP GET /api/v1/codes/by-code/GIAI_PHAP_ATTT responded 200 in 94.8682 ms
2026-05-06 15:55:55.074 +07:00 [INF] Request finished HTTP/1.1 GET http://localhost:5283/api/v1/codes/by-code/GIAI_PHAP_ATTT - 200 null application/json; charset=utf-8 105.0779ms
2026-05-06 15:55:55.079 +07:00 [INF] Request starting HTTP/1.1 OPTIONS http://localhost:5283/api/v1/giai-phap-attt?donViId=2001 - null null
2026-05-06 15:55:55.083 +07:00 [INF] CORS policy execution successful.
2026-05-06 15:55:55.084 +07:00 [INF] HTTP OPTIONS /api/v1/giai-phap-attt => 204 in 0.8696 ms CorrelationId=a825430e74e44b64ad2e6839c27cf6db UserId=anonymous
2026-05-06 15:55:55.087 +07:00 [INF] HTTP OPTIONS /api/v1/giai-phap-attt responded 204 in 3.8003 ms
2026-05-06 15:55:55.089 +07:00 [INF] Request finished HTTP/1.1 OPTIONS http://localhost:5283/api/v1/giai-phap-attt?donViId=2001 - 204 null null 9.6075ms
2026-05-06 15:55:55.093 +07:00 [INF] Request starting HTTP/1.1 GET http://localhost:5283/api/v1/giai-phap-attt?donViId=2001 - null null
2026-05-06 15:55:55.097 +07:00 [INF] CORS policy execution successful.
2026-05-06 15:55:55.098 +07:00 [INF] Executing endpoint 'ThucLuc.Api.Controllers.V1.GiaiPhapAtttController.GetAll (ThucLuc.Api)'
2026-05-06 15:55:55.100 +07:00 [INF] Route matched with {action = "GetAll", controller = "GiaiPhapAttt"}. Executing controller action with signature System.Threading.Tasks.Task`1[Microsoft.AspNetCore.Mvc.ActionResult`1[ThucLuc.Api.Common.Models.ApiResponse`1[System.Collections.Generic.IReadOnlyCollection`1[ThucLuc.Application.Features.GiaiPhapAttt.GiaiPhapAtttDto]]]] GetAll(ThucLuc.Application.Features.GiaiPhapAttt.GiaiPhapAtttQuery, System.Threading.CancellationToken) on controller ThucLuc.Api.Controllers.V1.GiaiPhapAtttController (ThucLuc.Api).
2026-05-06 15:55:55.104 +07:00 [INF] Executing OkObjectResult, writing value of type 'ThucLuc.Api.Common.Models.ApiResponse`1[[System.Collections.Generic.IReadOnlyCollection`1[[ThucLuc.Application.Features.GiaiPhapAttt.GiaiPhapAtttDto, ThucLuc.Application, Version=1.0.0.0, Culture=neutral, PublicKeyToken=null]], System.Private.CoreLib, Version=8.0.0.0, Culture=neutral, PublicKeyToken=7cec85d7bea7798e]]'.
2026-05-06 15:55:55.106 +07:00 [INF] Executed action ThucLuc.Api.Controllers.V1.GiaiPhapAtttController.GetAll (ThucLuc.Api) in 3.4156ms
2026-05-06 15:55:55.107 +07:00 [INF] Executed endpoint 'ThucLuc.Api.Controllers.V1.GiaiPhapAtttController.GetAll (ThucLuc.Api)'
2026-05-06 15:55:55.108 +07:00 [INF] HTTP GET /api/v1/giai-phap-attt => 200 in 11.266 ms CorrelationId=6ec1bb2eb4dc4bdbb0bce09a039fa3f2 UserId=5001
2026-05-06 15:55:55.112 +07:00 [INF] HTTP GET /api/v1/giai-phap-attt responded 200 in 14.5893 ms
2026-05-06 15:55:55.114 +07:00 [INF] Request finished HTTP/1.1 GET http://localhost:5283/api/v1/giai-phap-attt?donViId=2001 - 200 null application/json; charset=utf-8 20.7339ms
2026-05-06 15:56:20.810 +07:00 [INF] Request starting HTTP/1.1 OPTIONS http://localhost:5283/api/v1/don-vi/2001 - null null
2026-05-06 15:56:20.814 +07:00 [INF] CORS policy execution successful.
2026-05-06 15:56:20.815 +07:00 [INF] HTTP OPTIONS /api/v1/don-vi/2001 => 204 in 1.0718 ms CorrelationId=bdefda1326e84801b1bcf72fcef5da17 UserId=anonymous
2026-05-06 15:56:20.815 +07:00 [INF] Request starting HTTP/1.1 OPTIONS http://localhost:5283/api/v1/codes/by-code/GIAI_PHAP_ATTT - null null
2026-05-06 15:56:20.817 +07:00 [INF] HTTP OPTIONS /api/v1/don-vi/2001 responded 204 in 3.8482 ms
2026-05-06 15:56:20.820 +07:00 [INF] CORS policy execution successful.
2026-05-06 15:56:20.822 +07:00 [INF] Request finished HTTP/1.1 OPTIONS http://localhost:5283/api/v1/don-vi/2001 - 204 null null 12.7776ms
2026-05-06 15:56:20.823 +07:00 [INF] HTTP OPTIONS /api/v1/codes/by-code/GIAI_PHAP_ATTT => 204 in 3.7213 ms CorrelationId=f523afaad8774374bfe868e7ad98a780 UserId=anonymous
2026-05-06 15:56:20.827 +07:00 [INF] Request starting HTTP/1.1 GET http://localhost:5283/api/v1/don-vi/2001 - null null
2026-05-06 15:56:20.831 +07:00 [INF] HTTP OPTIONS /api/v1/codes/by-code/GIAI_PHAP_ATTT responded 204 in 10.8668 ms
2026-05-06 15:56:20.833 +07:00 [INF] CORS policy execution successful.
2026-05-06 15:56:20.834 +07:00 [INF] Request finished HTTP/1.1 OPTIONS http://localhost:5283/api/v1/codes/by-code/GIAI_PHAP_ATTT - 204 null null 18.8244ms
2026-05-06 15:56:20.835 +07:00 [INF] Executing endpoint 'ThucLuc.Api.Controllers.V1.DonViController.GetById (ThucLuc.Api)'
2026-05-06 15:56:20.838 +07:00 [INF] Request starting HTTP/1.1 GET http://localhost:5283/api/v1/codes/by-code/GIAI_PHAP_ATTT - null null
2026-05-06 15:56:20.839 +07:00 [INF] Route matched with {action = "GetById", controller = "DonVi"}. Executing controller action with signature System.Threading.Tasks.Task`1[Microsoft.AspNetCore.Mvc.ActionResult`1[ThucLuc.Api.Common.Models.ApiResponse`1[ThucLuc.Application.Features.DonVi.DonViDto]]] GetById(Int64, System.Threading.CancellationToken) on controller ThucLuc.Api.Controllers.V1.DonViController (ThucLuc.Api).
2026-05-06 15:56:20.841 +07:00 [INF] CORS policy execution successful.
2026-05-06 15:56:20.844 +07:00 [INF] Executing endpoint 'ThucLuc.Api.Controllers.V1.CodesController.GetByCode (ThucLuc.Api)'
2026-05-06 15:56:20.846 +07:00 [INF] Route matched with {action = "GetByCode", controller = "Codes"}. Executing controller action with signature System.Threading.Tasks.Task`1[Microsoft.AspNetCore.Mvc.ActionResult`1[ThucLuc.Api.Common.Models.ApiResponse`1[ThucLuc.Application.Features.Codes.CodeDto]]] GetByCode(System.String, System.Threading.CancellationToken) on controller ThucLuc.Api.Controllers.V1.CodesController (ThucLuc.Api).
2026-05-06 15:56:20.846 +07:00 [INF] Executing OkObjectResult, writing value of type 'ThucLuc.Api.Common.Models.ApiResponse`1[[ThucLuc.Application.Features.DonVi.DonViDto, ThucLuc.Application, Version=1.0.0.0, Culture=neutral, PublicKeyToken=null]]'.
2026-05-06 15:56:20.849 +07:00 [INF] Executed action ThucLuc.Api.Controllers.V1.DonViController.GetById (ThucLuc.Api) in 6.5457ms
2026-05-06 15:56:20.850 +07:00 [INF] Executing OkObjectResult, writing value of type 'ThucLuc.Api.Common.Models.ApiResponse`1[[ThucLuc.Application.Features.Codes.CodeDto, ThucLuc.Application, Version=1.0.0.0, Culture=neutral, PublicKeyToken=null]]'.
2026-05-06 15:56:20.851 +07:00 [INF] Executed endpoint 'ThucLuc.Api.Controllers.V1.DonViController.GetById (ThucLuc.Api)'
2026-05-06 15:56:20.852 +07:00 [INF] Executed action ThucLuc.Api.Controllers.V1.CodesController.GetByCode (ThucLuc.Api) in 3.9678ms
2026-05-06 15:56:20.853 +07:00 [INF] HTTP GET /api/v1/don-vi/2001 => 200 in 19.8203 ms CorrelationId=e6a91b516f4049748a5c7e737fd455c5 UserId=5001
2026-05-06 15:56:20.854 +07:00 [INF] Executed endpoint 'ThucLuc.Api.Controllers.V1.CodesController.GetByCode (ThucLuc.Api)'
2026-05-06 15:56:20.857 +07:00 [INF] HTTP GET /api/v1/don-vi/2001 responded 200 in 23.7068 ms
2026-05-06 15:56:20.858 +07:00 [INF] HTTP GET /api/v1/codes/by-code/GIAI_PHAP_ATTT => 200 in 17.0848 ms CorrelationId=3356d4c0f9c84df5bbf759b5f6ba9814 UserId=5001
2026-05-06 15:56:20.860 +07:00 [INF] Request finished HTTP/1.1 GET http://localhost:5283/api/v1/don-vi/2001 - 200 null application/json; charset=utf-8 32.5381ms
2026-05-06 15:56:20.862 +07:00 [INF] HTTP GET /api/v1/codes/by-code/GIAI_PHAP_ATTT responded 200 in 21.9205 ms
2026-05-06 15:56:20.869 +07:00 [INF] Request finished HTTP/1.1 GET http://localhost:5283/api/v1/codes/by-code/GIAI_PHAP_ATTT - 200 null application/json; charset=utf-8 31.6392ms
2026-05-06 15:56:20.878 +07:00 [INF] Request starting HTTP/1.1 OPTIONS http://localhost:5283/api/v1/giai-phap-attt?donViId=2001 - null null
2026-05-06 15:56:20.882 +07:00 [INF] CORS policy execution successful.
2026-05-06 15:56:20.884 +07:00 [INF] HTTP OPTIONS /api/v1/giai-phap-attt => 204 in 1.7162 ms CorrelationId=c3a18ba5e6624a93a31ea38bc0fef6bb UserId=anonymous
2026-05-06 15:56:20.888 +07:00 [INF] HTTP OPTIONS /api/v1/giai-phap-attt responded 204 in 6.4690 ms
2026-05-06 15:56:20.892 +07:00 [INF] Request finished HTTP/1.1 OPTIONS http://localhost:5283/api/v1/giai-phap-attt?donViId=2001 - 204 null null 14.3694ms
2026-05-06 15:56:20.898 +07:00 [INF] Request starting HTTP/1.1 GET http://localhost:5283/api/v1/giai-phap-attt?donViId=2001 - null null
2026-05-06 15:56:20.904 +07:00 [INF] CORS policy execution successful.
2026-05-06 15:56:20.905 +07:00 [INF] Executing endpoint 'ThucLuc.Api.Controllers.V1.GiaiPhapAtttController.GetAll (ThucLuc.Api)'
2026-05-06 15:56:20.908 +07:00 [INF] Route matched with {action = "GetAll", controller = "GiaiPhapAttt"}. Executing controller action with signature System.Threading.Tasks.Task`1[Microsoft.AspNetCore.Mvc.ActionResult`1[ThucLuc.Api.Common.Models.ApiResponse`1[System.Collections.Generic.IReadOnlyCollection`1[ThucLuc.Application.Features.GiaiPhapAttt.GiaiPhapAtttDto]]]] GetAll(ThucLuc.Application.Features.GiaiPhapAttt.GiaiPhapAtttQuery, System.Threading.CancellationToken) on controller ThucLuc.Api.Controllers.V1.GiaiPhapAtttController (ThucLuc.Api).
2026-05-06 15:56:20.914 +07:00 [INF] Executing OkObjectResult, writing value of type 'ThucLuc.Api.Common.Models.ApiResponse`1[[System.Collections.Generic.IReadOnlyCollection`1[[ThucLuc.Application.Features.GiaiPhapAttt.GiaiPhapAtttDto, ThucLuc.Application, Version=1.0.0.0, Culture=neutral, PublicKeyToken=null]], System.Private.CoreLib, Version=8.0.0.0, Culture=neutral, PublicKeyToken=7cec85d7bea7798e]]'.
2026-05-06 15:56:20.916 +07:00 [INF] Executed action ThucLuc.Api.Controllers.V1.GiaiPhapAtttController.GetAll (ThucLuc.Api) in 5.1929ms
2026-05-06 15:56:20.918 +07:00 [INF] Executed endpoint 'ThucLuc.Api.Controllers.V1.GiaiPhapAtttController.GetAll (ThucLuc.Api)'
2026-05-06 15:56:20.919 +07:00 [INF] HTTP GET /api/v1/giai-phap-attt => 200 in 15.3133 ms CorrelationId=27e953a0538d48f895e3831102074890 UserId=5001
2026-05-06 15:56:20.921 +07:00 [INF] HTTP GET /api/v1/giai-phap-attt responded 200 in 17.5285 ms
2026-05-06 15:56:20.923 +07:00 [INF] Request finished HTTP/1.1 GET http://localhost:5283/api/v1/giai-phap-attt?donViId=2001 - 200 null application/json; charset=utf-8 25.0219ms
2026-05-06 15:56:36.317 +07:00 [INF] Request starting HTTP/1.1 OPTIONS http://localhost:5283/api/v1/don-vi/2001 - null null
2026-05-06 15:56:36.319 +07:00 [INF] Request starting HTTP/1.1 OPTIONS http://localhost:5283/api/v1/codes/by-code/GIAI_PHAP_ATTT - null null
2026-05-06 15:56:36.321 +07:00 [INF] CORS policy execution successful.
2026-05-06 15:56:36.325 +07:00 [INF] HTTP OPTIONS /api/v1/don-vi/2001 => 204 in 4.2254 ms CorrelationId=2a5c11a79ad54558beaf45866f74a8ab UserId=anonymous
2026-05-06 15:56:36.324 +07:00 [INF] CORS policy execution successful.
2026-05-06 15:56:36.328 +07:00 [INF] HTTP OPTIONS /api/v1/don-vi/2001 responded 204 in 7.2373 ms
2026-05-06 15:56:36.329 +07:00 [INF] HTTP OPTIONS /api/v1/codes/by-code/GIAI_PHAP_ATTT => 204 in 5.2628 ms CorrelationId=63d04ed9217d48d3a38bd48db64a7012 UserId=anonymous
2026-05-06 15:56:36.332 +07:00 [INF] Request finished HTTP/1.1 OPTIONS http://localhost:5283/api/v1/don-vi/2001 - 204 null null 15.1984ms
2026-05-06 15:56:36.335 +07:00 [INF] HTTP OPTIONS /api/v1/codes/by-code/GIAI_PHAP_ATTT responded 204 in 11.2608 ms
2026-05-06 15:56:36.340 +07:00 [INF] Request starting HTTP/1.1 GET http://localhost:5283/api/v1/don-vi/2001 - null null
2026-05-06 15:56:36.343 +07:00 [INF] Request finished HTTP/1.1 OPTIONS http://localhost:5283/api/v1/codes/by-code/GIAI_PHAP_ATTT - 204 null null 24.0063ms
2026-05-06 15:56:36.347 +07:00 [INF] CORS policy execution successful.
2026-05-06 15:56:36.351 +07:00 [INF] Request starting HTTP/1.1 GET http://localhost:5283/api/v1/codes/by-code/GIAI_PHAP_ATTT - null null
2026-05-06 15:56:36.353 +07:00 [INF] Executing endpoint 'ThucLuc.Api.Controllers.V1.DonViController.GetById (ThucLuc.Api)'
2026-05-06 15:56:36.356 +07:00 [INF] CORS policy execution successful.
2026-05-06 15:56:36.357 +07:00 [INF] Route matched with {action = "GetById", controller = "DonVi"}. Executing controller action with signature System.Threading.Tasks.Task`1[Microsoft.AspNetCore.Mvc.ActionResult`1[ThucLuc.Api.Common.Models.ApiResponse`1[ThucLuc.Application.Features.DonVi.DonViDto]]] GetById(Int64, System.Threading.CancellationToken) on controller ThucLuc.Api.Controllers.V1.DonViController (ThucLuc.Api).
2026-05-06 15:56:36.359 +07:00 [INF] Executing endpoint 'ThucLuc.Api.Controllers.V1.CodesController.GetByCode (ThucLuc.Api)'
2026-05-06 15:56:36.363 +07:00 [INF] Route matched with {action = "GetByCode", controller = "Codes"}. Executing controller action with signature System.Threading.Tasks.Task`1[Microsoft.AspNetCore.Mvc.ActionResult`1[ThucLuc.Api.Common.Models.ApiResponse`1[ThucLuc.Application.Features.Codes.CodeDto]]] GetByCode(System.String, System.Threading.CancellationToken) on controller ThucLuc.Api.Controllers.V1.CodesController (ThucLuc.Api).
2026-05-06 15:56:36.408 +07:00 [INF] Executing OkObjectResult, writing value of type 'ThucLuc.Api.Common.Models.ApiResponse`1[[ThucLuc.Application.Features.DonVi.DonViDto, ThucLuc.Application, Version=1.0.0.0, Culture=neutral, PublicKeyToken=null]]'.
2026-05-06 15:56:36.411 +07:00 [INF] Executed action ThucLuc.Api.Controllers.V1.DonViController.GetById (ThucLuc.Api) in 49.945ms
2026-05-06 15:56:36.412 +07:00 [INF] Executing OkObjectResult, writing value of type 'ThucLuc.Api.Common.Models.ApiResponse`1[[ThucLuc.Application.Features.Codes.CodeDto, ThucLuc.Application, Version=1.0.0.0, Culture=neutral, PublicKeyToken=null]]'.
2026-05-06 15:56:36.414 +07:00 [INF] Executed endpoint 'ThucLuc.Api.Controllers.V1.DonViController.GetById (ThucLuc.Api)'
2026-05-06 15:56:36.417 +07:00 [INF] Executed action ThucLuc.Api.Controllers.V1.CodesController.GetByCode (ThucLuc.Api) in 51.1158ms
2026-05-06 15:56:36.418 +07:00 [INF] HTTP GET /api/v1/don-vi/2001 => 200 in 71.8188 ms CorrelationId=023c6333b95240a28ff3d365582580c6 UserId=5001
2026-05-06 15:56:36.420 +07:00 [INF] Executed endpoint 'ThucLuc.Api.Controllers.V1.CodesController.GetByCode (ThucLuc.Api)'
2026-05-06 15:56:36.423 +07:00 [INF] HTTP GET /api/v1/don-vi/2001 responded 200 in 76.7275 ms
2026-05-06 15:56:36.425 +07:00 [INF] HTTP GET /api/v1/codes/by-code/GIAI_PHAP_ATTT => 200 in 69.1051 ms CorrelationId=25a468f5557140e69fc2f620de945161 UserId=5001
2026-05-06 15:56:36.428 +07:00 [INF] Request finished HTTP/1.1 GET http://localhost:5283/api/v1/don-vi/2001 - 200 null application/json; charset=utf-8 87.9881ms
2026-05-06 15:56:36.431 +07:00 [INF] HTTP GET /api/v1/codes/by-code/GIAI_PHAP_ATTT responded 200 in 75.3960 ms
2026-05-06 15:56:36.438 +07:00 [INF] Request finished HTTP/1.1 GET http://localhost:5283/api/v1/codes/by-code/GIAI_PHAP_ATTT - 200 null application/json; charset=utf-8 86.6105ms
2026-05-06 15:56:36.443 +07:00 [INF] Request starting HTTP/1.1 OPTIONS http://localhost:5283/api/v1/giai-phap-attt?donViId=2001 - null null
2026-05-06 15:56:36.447 +07:00 [INF] CORS policy execution successful.
2026-05-06 15:56:36.448 +07:00 [INF] HTTP OPTIONS /api/v1/giai-phap-attt => 204 in 1.4096 ms CorrelationId=a3b929eda9b14b55be3f60e45ea6bffb UserId=anonymous
2026-05-06 15:56:36.451 +07:00 [INF] HTTP OPTIONS /api/v1/giai-phap-attt responded 204 in 4.7016 ms
2026-05-06 15:56:36.454 +07:00 [INF] Request finished HTTP/1.1 OPTIONS http://localhost:5283/api/v1/giai-phap-attt?donViId=2001 - 204 null null 11.4449ms
2026-05-06 15:56:36.459 +07:00 [INF] Request starting HTTP/1.1 GET http://localhost:5283/api/v1/giai-phap-attt?donViId=2001 - null null
2026-05-06 15:56:36.463 +07:00 [INF] CORS policy execution successful.
2026-05-06 15:56:36.465 +07:00 [INF] Executing endpoint 'ThucLuc.Api.Controllers.V1.GiaiPhapAtttController.GetAll (ThucLuc.Api)'
2026-05-06 15:56:36.467 +07:00 [INF] Route matched with {action = "GetAll", controller = "GiaiPhapAttt"}. Executing controller action with signature System.Threading.Tasks.Task`1[Microsoft.AspNetCore.Mvc.ActionResult`1[ThucLuc.Api.Common.Models.ApiResponse`1[System.Collections.Generic.IReadOnlyCollection`1[ThucLuc.Application.Features.GiaiPhapAttt.GiaiPhapAtttDto]]]] GetAll(ThucLuc.Application.Features.GiaiPhapAttt.GiaiPhapAtttQuery, System.Threading.CancellationToken) on controller ThucLuc.Api.Controllers.V1.GiaiPhapAtttController (ThucLuc.Api).
2026-05-06 15:56:36.515 +07:00 [INF] Executing OkObjectResult, writing value of type 'ThucLuc.Api.Common.Models.ApiResponse`1[[System.Collections.Generic.IReadOnlyCollection`1[[ThucLuc.Application.Features.GiaiPhapAttt.GiaiPhapAtttDto, ThucLuc.Application, Version=1.0.0.0, Culture=neutral, PublicKeyToken=null]], System.Private.CoreLib, Version=8.0.0.0, Culture=neutral, PublicKeyToken=7cec85d7bea7798e]]'.
2026-05-06 15:56:36.518 +07:00 [INF] Executed action ThucLuc.Api.Controllers.V1.GiaiPhapAtttController.GetAll (ThucLuc.Api) in 48.3156ms
2026-05-06 15:56:36.520 +07:00 [INF] Executed endpoint 'ThucLuc.Api.Controllers.V1.GiaiPhapAtttController.GetAll (ThucLuc.Api)'
2026-05-06 15:56:36.521 +07:00 [INF] HTTP GET /api/v1/giai-phap-attt => 200 in 58.1657 ms CorrelationId=5f87ce87926b4f408c450f803e814e51 UserId=5001
2026-05-06 15:56:36.524 +07:00 [INF] HTTP GET /api/v1/giai-phap-attt responded 200 in 60.7842 ms
2026-05-06 15:56:36.528 +07:00 [INF] Request finished HTTP/1.1 GET http://localhost:5283/api/v1/giai-phap-attt?donViId=2001 - 200 null application/json; charset=utf-8 69.1068ms
2026-05-06 15:57:32.473 +07:00 [INF] Request starting HTTP/1.1 OPTIONS http://localhost:5283/api/v1/giai-phap-attt/matrix - null null
2026-05-06 15:57:32.479 +07:00 [INF] CORS policy execution successful.
2026-05-06 15:57:32.481 +07:00 [INF] HTTP OPTIONS /api/v1/giai-phap-attt/matrix => 204 in 1.9848 ms CorrelationId=e41351f7e53047cd8bceac7c850b0191 UserId=anonymous
2026-05-06 15:57:32.484 +07:00 [INF] HTTP OPTIONS /api/v1/giai-phap-attt/matrix responded 204 in 5.6232 ms
2026-05-06 15:57:32.487 +07:00 [INF] Request finished HTTP/1.1 OPTIONS http://localhost:5283/api/v1/giai-phap-attt/matrix - 204 null null 14.022ms
2026-05-06 15:57:32.491 +07:00 [INF] Request starting HTTP/1.1 PUT http://localhost:5283/api/v1/giai-phap-attt/matrix - application/json 904
2026-05-06 15:57:32.495 +07:00 [INF] CORS policy execution successful.
2026-05-06 15:57:32.497 +07:00 [INF] Executing endpoint 'ThucLuc.Api.Controllers.V1.GiaiPhapAtttController.SaveMatrix (ThucLuc.Api)'
2026-05-06 15:57:32.502 +07:00 [INF] Route matched with {action = "SaveMatrix", controller = "GiaiPhapAttt"}. Executing controller action with signature System.Threading.Tasks.Task`1[Microsoft.AspNetCore.Mvc.ActionResult`1[ThucLuc.Api.Common.Models.ApiResponse`1[System.Collections.Generic.IReadOnlyCollection`1[ThucLuc.Application.Features.GiaiPhapAttt.GiaiPhapAtttDto]]]] SaveMatrix(ThucLuc.Application.Features.GiaiPhapAttt.SaveGiaiPhapAtttMatrixRequest, System.Threading.CancellationToken) on controller ThucLuc.Api.Controllers.V1.GiaiPhapAtttController (ThucLuc.Api).
2026-05-06 15:57:32.936 +07:00 [INF] Executing OkObjectResult, writing value of type 'ThucLuc.Api.Common.Models.ApiResponse`1[[System.Collections.Generic.IReadOnlyCollection`1[[ThucLuc.Application.Features.GiaiPhapAttt.GiaiPhapAtttDto, ThucLuc.Application, Version=1.0.0.0, Culture=neutral, PublicKeyToken=null]], System.Private.CoreLib, Version=8.0.0.0, Culture=neutral, PublicKeyToken=7cec85d7bea7798e]]'.
2026-05-06 15:57:32.940 +07:00 [INF] Executed action ThucLuc.Api.Controllers.V1.GiaiPhapAtttController.SaveMatrix (ThucLuc.Api) in 435.2166ms
2026-05-06 15:57:32.942 +07:00 [INF] Executed endpoint 'ThucLuc.Api.Controllers.V1.GiaiPhapAtttController.SaveMatrix (ThucLuc.Api)'
2026-05-06 15:57:32.943 +07:00 [INF] HTTP PUT /api/v1/giai-phap-attt/matrix => 200 in 448.0392 ms CorrelationId=2612b69c248f440aa272a99ff8783e7f UserId=5001
2026-05-06 15:57:32.947 +07:00 [INF] HTTP PUT /api/v1/giai-phap-attt/matrix responded 200 in 451.9269 ms
2026-05-06 15:57:32.950 +07:00 [INF] Request finished HTTP/1.1 PUT http://localhost:5283/api/v1/giai-phap-attt/matrix - 200 null application/json; charset=utf-8 458.5857ms
2026-05-06 15:57:42.829 +07:00 [INF] Request starting HTTP/1.1 OPTIONS http://localhost:5283/api/v1/don-vi/2001 - null null
2026-05-06 15:57:42.830 +07:00 [INF] Request starting HTTP/1.1 OPTIONS http://localhost:5283/api/v1/codes/by-code/GIAI_PHAP_ATTT - null null
2026-05-06 15:57:42.832 +07:00 [INF] CORS policy execution successful.
2026-05-06 15:57:42.835 +07:00 [INF] CORS policy execution successful.
2026-05-06 15:57:42.836 +07:00 [INF] HTTP OPTIONS /api/v1/don-vi/2001 => 204 in 3.9281 ms CorrelationId=53017e166fcd45e6a2dedabfce1d32ea UserId=anonymous
2026-05-06 15:57:42.837 +07:00 [INF] HTTP OPTIONS /api/v1/codes/by-code/GIAI_PHAP_ATTT => 204 in 1.537 ms CorrelationId=db63457dbc33423ca8f72a72cb535974 UserId=anonymous
2026-05-06 15:57:42.840 +07:00 [INF] HTTP OPTIONS /api/v1/don-vi/2001 responded 204 in 7.9236 ms
2026-05-06 15:57:42.842 +07:00 [INF] HTTP OPTIONS /api/v1/codes/by-code/GIAI_PHAP_ATTT responded 204 in 7.1604 ms
2026-05-06 15:57:42.845 +07:00 [INF] Request finished HTTP/1.1 OPTIONS http://localhost:5283/api/v1/don-vi/2001 - 204 null null 16.0707ms
2026-05-06 15:57:42.847 +07:00 [INF] Request finished HTTP/1.1 OPTIONS http://localhost:5283/api/v1/codes/by-code/GIAI_PHAP_ATTT - 204 null null 17.0705ms
2026-05-06 15:57:42.851 +07:00 [INF] Request starting HTTP/1.1 GET http://localhost:5283/api/v1/don-vi/2001 - null null
2026-05-06 15:57:42.854 +07:00 [INF] Request starting HTTP/1.1 GET http://localhost:5283/api/v1/codes/by-code/GIAI_PHAP_ATTT - null null
2026-05-06 15:57:42.858 +07:00 [INF] CORS policy execution successful.
2026-05-06 15:57:42.861 +07:00 [INF] CORS policy execution successful.
2026-05-06 15:57:42.862 +07:00 [INF] Executing endpoint 'ThucLuc.Api.Controllers.V1.DonViController.GetById (ThucLuc.Api)'
2026-05-06 15:57:42.864 +07:00 [INF] Executing endpoint 'ThucLuc.Api.Controllers.V1.CodesController.GetByCode (ThucLuc.Api)'
2026-05-06 15:57:42.865 +07:00 [INF] Route matched with {action = "GetById", controller = "DonVi"}. Executing controller action with signature System.Threading.Tasks.Task`1[Microsoft.AspNetCore.Mvc.ActionResult`1[ThucLuc.Api.Common.Models.ApiResponse`1[ThucLuc.Application.Features.DonVi.DonViDto]]] GetById(Int64, System.Threading.CancellationToken) on controller ThucLuc.Api.Controllers.V1.DonViController (ThucLuc.Api).
2026-05-06 15:57:42.866 +07:00 [INF] Route matched with {action = "GetByCode", controller = "Codes"}. Executing controller action with signature System.Threading.Tasks.Task`1[Microsoft.AspNetCore.Mvc.ActionResult`1[ThucLuc.Api.Common.Models.ApiResponse`1[ThucLuc.Application.Features.Codes.CodeDto]]] GetByCode(System.String, System.Threading.CancellationToken) on controller ThucLuc.Api.Controllers.V1.CodesController (ThucLuc.Api).
2026-05-06 15:57:42.872 +07:00 [INF] Executing OkObjectResult, writing value of type 'ThucLuc.Api.Common.Models.ApiResponse`1[[ThucLuc.Application.Features.Codes.CodeDto, ThucLuc.Application, Version=1.0.0.0, Culture=neutral, PublicKeyToken=null]]'.
2026-05-06 15:57:42.874 +07:00 [INF] Executed action ThucLuc.Api.Controllers.V1.CodesController.GetByCode (ThucLuc.Api) in 4.3203ms
2026-05-06 15:57:42.876 +07:00 [INF] Executed endpoint 'ThucLuc.Api.Controllers.V1.CodesController.GetByCode (ThucLuc.Api)'
2026-05-06 15:57:42.878 +07:00 [INF] HTTP GET /api/v1/codes/by-code/GIAI_PHAP_ATTT => 200 in 16.1984 ms CorrelationId=a315a42efde248e38b0495a04ae6cc92 UserId=5001
2026-05-06 15:57:42.880 +07:00 [INF] HTTP GET /api/v1/codes/by-code/GIAI_PHAP_ATTT responded 200 in 18.9858 ms
2026-05-06 15:57:42.883 +07:00 [INF] Request finished HTTP/1.1 GET http://localhost:5283/api/v1/codes/by-code/GIAI_PHAP_ATTT - 200 null application/json; charset=utf-8 28.2002ms
2026-05-06 15:57:42.891 +07:00 [INF] Request starting HTTP/1.1 OPTIONS http://localhost:5283/api/v1/giai-phap-attt?donViId=2001 - null null
2026-05-06 15:57:42.896 +07:00 [INF] CORS policy execution successful.
2026-05-06 15:57:42.897 +07:00 [INF] HTTP OPTIONS /api/v1/giai-phap-attt => 204 in 1.0909 ms CorrelationId=95fb1d286d2347bb9042419f3736c028 UserId=anonymous
2026-05-06 15:57:42.900 +07:00 [INF] HTTP OPTIONS /api/v1/giai-phap-attt responded 204 in 3.7917 ms
2026-05-06 15:57:42.902 +07:00 [INF] Request finished HTTP/1.1 OPTIONS http://localhost:5283/api/v1/giai-phap-attt?donViId=2001 - 204 null null 11.1541ms
2026-05-06 15:57:42.906 +07:00 [INF] Request starting HTTP/1.1 GET http://localhost:5283/api/v1/giai-phap-attt?donViId=2001 - null null
2026-05-06 15:57:42.909 +07:00 [INF] CORS policy execution successful.
2026-05-06 15:57:42.910 +07:00 [INF] Executing endpoint 'ThucLuc.Api.Controllers.V1.GiaiPhapAtttController.GetAll (ThucLuc.Api)'
2026-05-06 15:57:42.912 +07:00 [INF] Route matched with {action = "GetAll", controller = "GiaiPhapAttt"}. Executing controller action with signature System.Threading.Tasks.Task`1[Microsoft.AspNetCore.Mvc.ActionResult`1[ThucLuc.Api.Common.Models.ApiResponse`1[System.Collections.Generic.IReadOnlyCollection`1[ThucLuc.Application.Features.GiaiPhapAttt.GiaiPhapAtttDto]]]] GetAll(ThucLuc.Application.Features.GiaiPhapAttt.GiaiPhapAtttQuery, System.Threading.CancellationToken) on controller ThucLuc.Api.Controllers.V1.GiaiPhapAtttController (ThucLuc.Api).
2026-05-06 15:57:42.913 +07:00 [INF] Executing OkObjectResult, writing value of type 'ThucLuc.Api.Common.Models.ApiResponse`1[[ThucLuc.Application.Features.DonVi.DonViDto, ThucLuc.Application, Version=1.0.0.0, Culture=neutral, PublicKeyToken=null]]'.
2026-05-06 15:57:42.917 +07:00 [INF] Executed action ThucLuc.Api.Controllers.V1.DonViController.GetById (ThucLuc.Api) in 48.7103ms
2026-05-06 15:57:42.917 +07:00 [INF] Executing OkObjectResult, writing value of type 'ThucLuc.Api.Common.Models.ApiResponse`1[[System.Collections.Generic.IReadOnlyCollection`1[[ThucLuc.Application.Features.GiaiPhapAttt.GiaiPhapAtttDto, ThucLuc.Application, Version=1.0.0.0, Culture=neutral, PublicKeyToken=null]], System.Private.CoreLib, Version=8.0.0.0, Culture=neutral, PublicKeyToken=7cec85d7bea7798e]]'.
2026-05-06 15:57:42.918 +07:00 [INF] Executed endpoint 'ThucLuc.Api.Controllers.V1.DonViController.GetById (ThucLuc.Api)'
2026-05-06 15:57:42.920 +07:00 [INF] Executed action ThucLuc.Api.Controllers.V1.GiaiPhapAtttController.GetAll (ThucLuc.Api) in 4.7194ms
2026-05-06 15:57:42.921 +07:00 [INF] HTTP GET /api/v1/don-vi/2001 => 200 in 62.7352 ms CorrelationId=b62f6f8f6d2d4e7da1eda1199d629c74 UserId=5001
2026-05-06 15:57:42.923 +07:00 [INF] Executed endpoint 'ThucLuc.Api.Controllers.V1.GiaiPhapAtttController.GetAll (ThucLuc.Api)'
2026-05-06 15:57:42.926 +07:00 [INF] HTTP GET /api/v1/don-vi/2001 responded 200 in 67.6009 ms
2026-05-06 15:57:42.927 +07:00 [INF] HTTP GET /api/v1/giai-phap-attt => 200 in 18.1119 ms CorrelationId=ff4467b9c91747db81e99663ac8846a7 UserId=5001
2026-05-06 15:57:42.929 +07:00 [INF] Request finished HTTP/1.1 GET http://localhost:5283/api/v1/don-vi/2001 - 200 null application/json; charset=utf-8 78.3363ms
2026-05-06 15:57:42.931 +07:00 [INF] HTTP GET /api/v1/giai-phap-attt responded 200 in 22.4415 ms
2026-05-06 15:57:42.938 +07:00 [INF] Request finished HTTP/1.1 GET http://localhost:5283/api/v1/giai-phap-attt?donViId=2001 - 200 null application/json; charset=utf-8 31.9565ms
2026-05-06 15:57:49.018 +07:00 [INF] Request starting HTTP/1.1 OPTIONS http://localhost:5283/api/v1/giai-phap-attt/matrix - null null
2026-05-06 15:57:49.026 +07:00 [INF] CORS policy execution successful.
2026-05-06 15:57:49.028 +07:00 [INF] HTTP OPTIONS /api/v1/giai-phap-attt/matrix => 204 in 2.4215 ms CorrelationId=6e4a1eb7209845c789524cfc03fd34a9 UserId=anonymous
2026-05-06 15:57:49.033 +07:00 [INF] HTTP OPTIONS /api/v1/giai-phap-attt/matrix responded 204 in 6.8567 ms
2026-05-06 15:57:49.035 +07:00 [INF] Request finished HTTP/1.1 OPTIONS http://localhost:5283/api/v1/giai-phap-attt/matrix - 204 null null 17.8155ms
2026-05-06 15:57:49.039 +07:00 [INF] Request starting HTTP/1.1 PUT http://localhost:5283/api/v1/giai-phap-attt/matrix - application/json 27
2026-05-06 15:57:49.042 +07:00 [INF] CORS policy execution successful.
2026-05-06 15:57:49.043 +07:00 [INF] Executing endpoint 'ThucLuc.Api.Controllers.V1.GiaiPhapAtttController.SaveMatrix (ThucLuc.Api)'
2026-05-06 15:57:49.045 +07:00 [INF] Route matched with {action = "SaveMatrix", controller = "GiaiPhapAttt"}. Executing controller action with signature System.Threading.Tasks.Task`1[Microsoft.AspNetCore.Mvc.ActionResult`1[ThucLuc.Api.Common.Models.ApiResponse`1[System.Collections.Generic.IReadOnlyCollection`1[ThucLuc.Application.Features.GiaiPhapAttt.GiaiPhapAtttDto]]]] SaveMatrix(ThucLuc.Application.Features.GiaiPhapAttt.SaveGiaiPhapAtttMatrixRequest, System.Threading.CancellationToken) on controller ThucLuc.Api.Controllers.V1.GiaiPhapAtttController (ThucLuc.Api).
2026-05-06 15:57:49.077 +07:00 [INF] Executing OkObjectResult, writing value of type 'ThucLuc.Api.Common.Models.ApiResponse`1[[System.Collections.Generic.IReadOnlyCollection`1[[ThucLuc.Application.Features.GiaiPhapAttt.GiaiPhapAtttDto, ThucLuc.Application, Version=1.0.0.0, Culture=neutral, PublicKeyToken=null]], System.Private.CoreLib, Version=8.0.0.0, Culture=neutral, PublicKeyToken=7cec85d7bea7798e]]'.
2026-05-06 15:57:49.079 +07:00 [INF] Executed action ThucLuc.Api.Controllers.V1.GiaiPhapAtttController.SaveMatrix (ThucLuc.Api) in 30.6377ms
2026-05-06 15:57:49.081 +07:00 [INF] Executed endpoint 'ThucLuc.Api.Controllers.V1.GiaiPhapAtttController.SaveMatrix (ThucLuc.Api)'
2026-05-06 15:57:49.082 +07:00 [INF] HTTP PUT /api/v1/giai-phap-attt/matrix => 200 in 39.5986 ms CorrelationId=1e1514c5d6934c2184d4bfdd52a0f1d4 UserId=5001
2026-05-06 15:57:49.085 +07:00 [INF] HTTP PUT /api/v1/giai-phap-attt/matrix responded 200 in 42.6915 ms
2026-05-06 15:57:49.087 +07:00 [INF] Request finished HTTP/1.1 PUT http://localhost:5283/api/v1/giai-phap-attt/matrix - 200 null application/json; charset=utf-8 47.9885ms
2026-05-06 16:01:45.650 +07:00 [INF] Request starting HTTP/1.1 OPTIONS http://localhost:5283/api/v1/don-vi/2001 - null null
2026-05-06 16:01:45.654 +07:00 [INF] Request starting HTTP/1.1 OPTIONS http://localhost:5283/api/v1/codes/by-code/GIAI_PHAP_ATTT - null null
2026-05-06 16:01:45.654 +07:00 [INF] CORS policy execution successful.
2026-05-06 16:01:45.657 +07:00 [INF] CORS policy execution successful.
2026-05-06 16:01:45.658 +07:00 [INF] HTTP OPTIONS /api/v1/don-vi/2001 => 204 in 4.204 ms CorrelationId=2528b790cbf04bc9be138ad9b34f2bc3 UserId=anonymous
2026-05-06 16:01:45.659 +07:00 [INF] HTTP OPTIONS /api/v1/codes/by-code/GIAI_PHAP_ATTT => 204 in 1.987 ms CorrelationId=7f849f5c21424224b361e7eb0c821cc5 UserId=anonymous
2026-05-06 16:01:45.662 +07:00 [INF] HTTP OPTIONS /api/v1/don-vi/2001 responded 204 in 8.1580 ms
2026-05-06 16:01:45.666 +07:00 [INF] HTTP OPTIONS /api/v1/codes/by-code/GIAI_PHAP_ATTT responded 204 in 8.4410 ms
2026-05-06 16:01:45.668 +07:00 [INF] Request finished HTTP/1.1 OPTIONS http://localhost:5283/api/v1/don-vi/2001 - 204 null null 17.8115ms
2026-05-06 16:01:45.671 +07:00 [INF] Request finished HTTP/1.1 OPTIONS http://localhost:5283/api/v1/codes/by-code/GIAI_PHAP_ATTT - 204 null null 16.8112ms
2026-05-06 16:01:45.675 +07:00 [INF] Request starting HTTP/1.1 GET http://localhost:5283/api/v1/don-vi/2001 - null null
2026-05-06 16:01:45.680 +07:00 [INF] Request starting HTTP/1.1 GET http://localhost:5283/api/v1/codes/by-code/GIAI_PHAP_ATTT - null null
2026-05-06 16:01:45.683 +07:00 [INF] CORS policy execution successful.
2026-05-06 16:01:45.687 +07:00 [INF] CORS policy execution successful.
2026-05-06 16:01:45.688 +07:00 [INF] Executing endpoint 'ThucLuc.Api.Controllers.V1.DonViController.GetById (ThucLuc.Api)'
2026-05-06 16:01:45.689 +07:00 [INF] Executing endpoint 'ThucLuc.Api.Controllers.V1.CodesController.GetByCode (ThucLuc.Api)'
2026-05-06 16:01:45.691 +07:00 [INF] Route matched with {action = "GetById", controller = "DonVi"}. Executing controller action with signature System.Threading.Tasks.Task`1[Microsoft.AspNetCore.Mvc.ActionResult`1[ThucLuc.Api.Common.Models.ApiResponse`1[ThucLuc.Application.Features.DonVi.DonViDto]]] GetById(Int64, System.Threading.CancellationToken) on controller ThucLuc.Api.Controllers.V1.DonViController (ThucLuc.Api).
2026-05-06 16:01:45.692 +07:00 [INF] Route matched with {action = "GetByCode", controller = "Codes"}. Executing controller action with signature System.Threading.Tasks.Task`1[Microsoft.AspNetCore.Mvc.ActionResult`1[ThucLuc.Api.Common.Models.ApiResponse`1[ThucLuc.Application.Features.Codes.CodeDto]]] GetByCode(System.String, System.Threading.CancellationToken) on controller ThucLuc.Api.Controllers.V1.CodesController (ThucLuc.Api).
2026-05-06 16:01:45.742 +07:00 [INF] Executing OkObjectResult, writing value of type 'ThucLuc.Api.Common.Models.ApiResponse`1[[ThucLuc.Application.Features.DonVi.DonViDto, ThucLuc.Application, Version=1.0.0.0, Culture=neutral, PublicKeyToken=null]]'.
2026-05-06 16:01:45.744 +07:00 [INF] Executed action ThucLuc.Api.Controllers.V1.DonViController.GetById (ThucLuc.Api) in 47.1483ms
2026-05-06 16:01:45.746 +07:00 [INF] Executed endpoint 'ThucLuc.Api.Controllers.V1.DonViController.GetById (ThucLuc.Api)'
2026-05-06 16:01:45.747 +07:00 [INF] Executing OkObjectResult, writing value of type 'ThucLuc.Api.Common.Models.ApiResponse`1[[ThucLuc.Application.Features.Codes.CodeDto, ThucLuc.Application, Version=1.0.0.0, Culture=neutral, PublicKeyToken=null]]'.
2026-05-06 16:01:45.748 +07:00 [INF] HTTP GET /api/v1/don-vi/2001 => 200 in 64.6022 ms CorrelationId=5aec48da584143ffbc6240e7b0666a16 UserId=5001
2026-05-06 16:01:45.749 +07:00 [INF] Executed action ThucLuc.Api.Controllers.V1.CodesController.GetByCode (ThucLuc.Api) in 49.9205ms
2026-05-06 16:01:45.753 +07:00 [INF] HTTP GET /api/v1/don-vi/2001 responded 200 in 69.2277 ms
2026-05-06 16:01:45.754 +07:00 [INF] Executed endpoint 'ThucLuc.Api.Controllers.V1.CodesController.GetByCode (ThucLuc.Api)'
2026-05-06 16:01:45.756 +07:00 [INF] Request finished HTTP/1.1 GET http://localhost:5283/api/v1/don-vi/2001 - 200 null application/json; charset=utf-8 81.4128ms
2026-05-06 16:01:45.758 +07:00 [INF] HTTP GET /api/v1/codes/by-code/GIAI_PHAP_ATTT => 200 in 70.7217 ms CorrelationId=b43f918a70504f40a02c8b48616ce260 UserId=5001
2026-05-06 16:01:45.765 +07:00 [INF] HTTP GET /api/v1/codes/by-code/GIAI_PHAP_ATTT responded 200 in 78.2967 ms
2026-05-06 16:01:45.768 +07:00 [INF] Request finished HTTP/1.1 GET http://localhost:5283/api/v1/codes/by-code/GIAI_PHAP_ATTT - 200 null application/json; charset=utf-8 88.6283ms
2026-05-06 16:01:45.773 +07:00 [INF] Request starting HTTP/1.1 OPTIONS http://localhost:5283/api/v1/giai-phap-attt?donViId=2001 - null null
2026-05-06 16:01:45.778 +07:00 [INF] CORS policy execution successful.
2026-05-06 16:01:45.779 +07:00 [INF] HTTP OPTIONS /api/v1/giai-phap-attt => 204 in 1.2137 ms CorrelationId=3962f6428bee4401a2a77d29bf0458e0 UserId=anonymous
2026-05-06 16:01:45.783 +07:00 [INF] HTTP OPTIONS /api/v1/giai-phap-attt responded 204 in 4.5552 ms
2026-05-06 16:01:45.786 +07:00 [INF] Request finished HTTP/1.1 OPTIONS http://localhost:5283/api/v1/giai-phap-attt?donViId=2001 - 204 null null 12.8481ms
2026-05-06 16:01:45.790 +07:00 [INF] Request starting HTTP/1.1 GET http://localhost:5283/api/v1/giai-phap-attt?donViId=2001 - null null
2026-05-06 16:01:45.793 +07:00 [INF] CORS policy execution successful.
2026-05-06 16:01:45.794 +07:00 [INF] Executing endpoint 'ThucLuc.Api.Controllers.V1.GiaiPhapAtttController.GetAll (ThucLuc.Api)'
2026-05-06 16:01:45.796 +07:00 [INF] Route matched with {action = "GetAll", controller = "GiaiPhapAttt"}. Executing controller action with signature System.Threading.Tasks.Task`1[Microsoft.AspNetCore.Mvc.ActionResult`1[ThucLuc.Api.Common.Models.ApiResponse`1[System.Collections.Generic.IReadOnlyCollection`1[ThucLuc.Application.Features.GiaiPhapAttt.GiaiPhapAtttDto]]]] GetAll(ThucLuc.Application.Features.GiaiPhapAttt.GiaiPhapAtttQuery, System.Threading.CancellationToken) on controller ThucLuc.Api.Controllers.V1.GiaiPhapAtttController (ThucLuc.Api).
2026-05-06 16:01:45.846 +07:00 [INF] Executing OkObjectResult, writing value of type 'ThucLuc.Api.Common.Models.ApiResponse`1[[System.Collections.Generic.IReadOnlyCollection`1[[ThucLuc.Application.Features.GiaiPhapAttt.GiaiPhapAtttDto, ThucLuc.Application, Version=1.0.0.0, Culture=neutral, PublicKeyToken=null]], System.Private.CoreLib, Version=8.0.0.0, Culture=neutral, PublicKeyToken=7cec85d7bea7798e]]'.
2026-05-06 16:01:45.848 +07:00 [INF] Executed action ThucLuc.Api.Controllers.V1.GiaiPhapAtttController.GetAll (ThucLuc.Api) in 49.6869ms
2026-05-06 16:01:45.850 +07:00 [INF] Executed endpoint 'ThucLuc.Api.Controllers.V1.GiaiPhapAtttController.GetAll (ThucLuc.Api)'
2026-05-06 16:01:45.852 +07:00 [INF] HTTP GET /api/v1/giai-phap-attt => 200 in 58.9163 ms CorrelationId=3becfb9019be43e4879a68ac310ff2f9 UserId=5001
2026-05-06 16:01:45.854 +07:00 [INF] HTTP GET /api/v1/giai-phap-attt responded 200 in 61.3868 ms
2026-05-06 16:01:45.856 +07:00 [INF] Request finished HTTP/1.1 GET http://localhost:5283/api/v1/giai-phap-attt?donViId=2001 - 200 null application/json; charset=utf-8 66.4471ms
2026-05-06 16:02:03.222 +07:00 [INF] Request starting HTTP/1.1 OPTIONS http://localhost:5283/api/v1/don-vi/2001 - null null
2026-05-06 16:02:03.227 +07:00 [INF] CORS policy execution successful.
2026-05-06 16:02:03.227 +07:00 [INF] Request starting HTTP/1.1 OPTIONS http://localhost:5283/api/v1/codes/by-code/GIAI_PHAP_ATTT - null null
2026-05-06 16:02:03.228 +07:00 [INF] HTTP OPTIONS /api/v1/don-vi/2001 => 204 in 1.5568 ms CorrelationId=71c66e7ada9e44df873a5e085fe52724 UserId=anonymous
2026-05-06 16:02:03.232 +07:00 [INF] CORS policy execution successful.
2026-05-06 16:02:03.236 +07:00 [INF] HTTP OPTIONS /api/v1/don-vi/2001 responded 204 in 8.9739 ms
2026-05-06 16:02:03.237 +07:00 [INF] HTTP OPTIONS /api/v1/codes/by-code/GIAI_PHAP_ATTT => 204 in 4.4147 ms CorrelationId=54dd510f86ef4c51910f4e3a02dd6b48 UserId=anonymous
2026-05-06 16:02:03.238 +07:00 [INF] Request finished HTTP/1.1 OPTIONS http://localhost:5283/api/v1/don-vi/2001 - 204 null null 16.2346ms
2026-05-06 16:02:03.240 +07:00 [INF] HTTP OPTIONS /api/v1/codes/by-code/GIAI_PHAP_ATTT responded 204 in 7.7871 ms
2026-05-06 16:02:03.242 +07:00 [INF] Request starting HTTP/1.1 GET http://localhost:5283/api/v1/don-vi/2001 - null null
2026-05-06 16:02:03.246 +07:00 [INF] Request finished HTTP/1.1 OPTIONS http://localhost:5283/api/v1/codes/by-code/GIAI_PHAP_ATTT - 204 null null 18.8899ms
2026-05-06 16:02:03.248 +07:00 [INF] CORS policy execution successful.
2026-05-06 16:02:03.251 +07:00 [INF] Request starting HTTP/1.1 GET http://localhost:5283/api/v1/codes/by-code/GIAI_PHAP_ATTT - null null
2026-05-06 16:02:03.252 +07:00 [INF] Executing endpoint 'ThucLuc.Api.Controllers.V1.DonViController.GetById (ThucLuc.Api)'
2026-05-06 16:02:03.254 +07:00 [INF] CORS policy execution successful.
2026-05-06 16:02:03.255 +07:00 [INF] Route matched with {action = "GetById", controller = "DonVi"}. Executing controller action with signature System.Threading.Tasks.Task`1[Microsoft.AspNetCore.Mvc.ActionResult`1[ThucLuc.Api.Common.Models.ApiResponse`1[ThucLuc.Application.Features.DonVi.DonViDto]]] GetById(Int64, System.Threading.CancellationToken) on controller ThucLuc.Api.Controllers.V1.DonViController (ThucLuc.Api).
2026-05-06 16:02:03.256 +07:00 [INF] Executing endpoint 'ThucLuc.Api.Controllers.V1.CodesController.GetByCode (ThucLuc.Api)'
2026-05-06 16:02:03.258 +07:00 [INF] Route matched with {action = "GetByCode", controller = "Codes"}. Executing controller action with signature System.Threading.Tasks.Task`1[Microsoft.AspNetCore.Mvc.ActionResult`1[ThucLuc.Api.Common.Models.ApiResponse`1[ThucLuc.Application.Features.Codes.CodeDto]]] GetByCode(System.String, System.Threading.CancellationToken) on controller ThucLuc.Api.Controllers.V1.CodesController (ThucLuc.Api).
2026-05-06 16:02:03.301 +07:00 [INF] Executing OkObjectResult, writing value of type 'ThucLuc.Api.Common.Models.ApiResponse`1[[ThucLuc.Application.Features.DonVi.DonViDto, ThucLuc.Application, Version=1.0.0.0, Culture=neutral, PublicKeyToken=null]]'.
2026-05-06 16:02:03.303 +07:00 [INF] Executed action ThucLuc.Api.Controllers.V1.DonViController.GetById (ThucLuc.Api) in 45.658ms
2026-05-06 16:02:03.304 +07:00 [INF] Executing OkObjectResult, writing value of type 'ThucLuc.Api.Common.Models.ApiResponse`1[[ThucLuc.Application.Features.Codes.CodeDto, ThucLuc.Application, Version=1.0.0.0, Culture=neutral, PublicKeyToken=null]]'.
2026-05-06 16:02:03.304 +07:00 [INF] Executed endpoint 'ThucLuc.Api.Controllers.V1.DonViController.GetById (ThucLuc.Api)'
2026-05-06 16:02:03.305 +07:00 [INF] Executed action ThucLuc.Api.Controllers.V1.CodesController.GetByCode (ThucLuc.Api) in 44.414ms
2026-05-06 16:02:03.306 +07:00 [INF] HTTP GET /api/v1/don-vi/2001 => 200 in 57.475 ms CorrelationId=147a2449f33a400c8db28cab7cc01cab UserId=5001
2026-05-06 16:02:03.307 +07:00 [INF] Executed endpoint 'ThucLuc.Api.Controllers.V1.CodesController.GetByCode (ThucLuc.Api)'
2026-05-06 16:02:03.308 +07:00 [INF] HTTP GET /api/v1/don-vi/2001 responded 200 in 60.1919 ms
2026-05-06 16:02:03.309 +07:00 [INF] HTTP GET /api/v1/codes/by-code/GIAI_PHAP_ATTT => 200 in 54.9002 ms CorrelationId=fc1c2a2e7a9e47448ed86cb041b0fd86 UserId=5001
2026-05-06 16:02:03.312 +07:00 [INF] Request finished HTTP/1.1 GET http://localhost:5283/api/v1/don-vi/2001 - 200 null application/json; charset=utf-8 69.4438ms
2026-05-06 16:02:03.315 +07:00 [INF] HTTP GET /api/v1/codes/by-code/GIAI_PHAP_ATTT responded 200 in 60.2462 ms
2026-05-06 16:02:03.318 +07:00 [INF] Request finished HTTP/1.1 GET http://localhost:5283/api/v1/codes/by-code/GIAI_PHAP_ATTT - 200 null application/json; charset=utf-8 66.75ms
2026-05-06 16:02:03.334 +07:00 [INF] Request starting HTTP/1.1 OPTIONS http://localhost:5283/api/v1/giai-phap-attt?donViId=2001 - null null
2026-05-06 16:02:03.338 +07:00 [INF] CORS policy execution successful.
2026-05-06 16:02:03.339 +07:00 [INF] HTTP OPTIONS /api/v1/giai-phap-attt => 204 in 0.7604 ms CorrelationId=00a83655642749a5bdaac9179a226f1b UserId=anonymous
2026-05-06 16:02:03.341 +07:00 [INF] HTTP OPTIONS /api/v1/giai-phap-attt responded 204 in 2.8032 ms
2026-05-06 16:02:03.342 +07:00 [INF] Request finished HTTP/1.1 OPTIONS http://localhost:5283/api/v1/giai-phap-attt?donViId=2001 - 204 null null 8.1776ms
2026-05-06 16:02:03.347 +07:00 [INF] Request starting HTTP/1.1 GET http://localhost:5283/api/v1/giai-phap-attt?donViId=2001 - null null
2026-05-06 16:02:03.349 +07:00 [INF] CORS policy execution successful.
2026-05-06 16:02:03.350 +07:00 [INF] Executing endpoint 'ThucLuc.Api.Controllers.V1.GiaiPhapAtttController.GetAll (ThucLuc.Api)'
2026-05-06 16:02:03.352 +07:00 [INF] Route matched with {action = "GetAll", controller = "GiaiPhapAttt"}. Executing controller action with signature System.Threading.Tasks.Task`1[Microsoft.AspNetCore.Mvc.ActionResult`1[ThucLuc.Api.Common.Models.ApiResponse`1[System.Collections.Generic.IReadOnlyCollection`1[ThucLuc.Application.Features.GiaiPhapAttt.GiaiPhapAtttDto]]]] GetAll(ThucLuc.Application.Features.GiaiPhapAttt.GiaiPhapAtttQuery, System.Threading.CancellationToken) on controller ThucLuc.Api.Controllers.V1.GiaiPhapAtttController (ThucLuc.Api).
2026-05-06 16:02:03.400 +07:00 [INF] Executing OkObjectResult, writing value of type 'ThucLuc.Api.Common.Models.ApiResponse`1[[System.Collections.Generic.IReadOnlyCollection`1[[ThucLuc.Application.Features.GiaiPhapAttt.GiaiPhapAtttDto, ThucLuc.Application, Version=1.0.0.0, Culture=neutral, PublicKeyToken=null]], System.Private.CoreLib, Version=8.0.0.0, Culture=neutral, PublicKeyToken=7cec85d7bea7798e]]'.
2026-05-06 16:02:03.402 +07:00 [INF] Executed action ThucLuc.Api.Controllers.V1.GiaiPhapAtttController.GetAll (ThucLuc.Api) in 48.6833ms
2026-05-06 16:02:03.404 +07:00 [INF] Executed endpoint 'ThucLuc.Api.Controllers.V1.GiaiPhapAtttController.GetAll (ThucLuc.Api)'
2026-05-06 16:02:03.405 +07:00 [INF] HTTP GET /api/v1/giai-phap-attt => 200 in 56.0672 ms CorrelationId=b016bf6fdd5045448e461d82e4eebf63 UserId=5001
2026-05-06 16:02:03.408 +07:00 [INF] HTTP GET /api/v1/giai-phap-attt responded 200 in 58.5048 ms
2026-05-06 16:02:03.410 +07:00 [INF] Request finished HTTP/1.1 GET http://localhost:5283/api/v1/giai-phap-attt?donViId=2001 - 200 null application/json; charset=utf-8 63.8444ms
2026-05-06 16:03:05.487 +07:00 [INF] Request starting HTTP/1.1 OPTIONS http://localhost:5283/api/v1/don-vi/2001 - null null
2026-05-06 16:03:05.489 +07:00 [INF] Request starting HTTP/1.1 OPTIONS http://localhost:5283/api/v1/codes/by-code/GIAI_PHAP_ATTT - null null
2026-05-06 16:03:05.492 +07:00 [INF] CORS policy execution successful.
2026-05-06 16:03:05.497 +07:00 [INF] CORS policy execution successful.
2026-05-06 16:03:05.499 +07:00 [INF] HTTP OPTIONS /api/v1/don-vi/2001 => 204 in 6.8182 ms CorrelationId=622ec06034d34689bb482e20d913dac0 UserId=anonymous
2026-05-06 16:03:05.500 +07:00 [INF] HTTP OPTIONS /api/v1/codes/by-code/GIAI_PHAP_ATTT => 204 in 2.8557 ms CorrelationId=c14fc6c6ff844e8abbafc9cdc626fe83 UserId=anonymous
2026-05-06 16:03:05.503 +07:00 [INF] HTTP OPTIONS /api/v1/don-vi/2001 responded 204 in 10.7156 ms
2026-05-06 16:03:05.506 +07:00 [INF] HTTP OPTIONS /api/v1/codes/by-code/GIAI_PHAP_ATTT responded 204 in 8.6729 ms
2026-05-06 16:03:05.509 +07:00 [INF] Request finished HTTP/1.1 OPTIONS http://localhost:5283/api/v1/don-vi/2001 - 204 null null 21.6283ms
2026-05-06 16:03:05.512 +07:00 [INF] Request finished HTTP/1.1 OPTIONS http://localhost:5283/api/v1/codes/by-code/GIAI_PHAP_ATTT - 204 null null 22.57ms
2026-05-06 16:03:05.516 +07:00 [INF] Request starting HTTP/1.1 GET http://localhost:5283/api/v1/don-vi/2001 - null null
2026-05-06 16:03:05.521 +07:00 [INF] Request starting HTTP/1.1 GET http://localhost:5283/api/v1/codes/by-code/GIAI_PHAP_ATTT - null null
2026-05-06 16:03:05.524 +07:00 [INF] CORS policy execution successful.
2026-05-06 16:03:05.528 +07:00 [INF] CORS policy execution successful.
2026-05-06 16:03:05.529 +07:00 [INF] Executing endpoint 'ThucLuc.Api.Controllers.V1.DonViController.GetById (ThucLuc.Api)'
2026-05-06 16:03:05.530 +07:00 [INF] Executing endpoint 'ThucLuc.Api.Controllers.V1.CodesController.GetByCode (ThucLuc.Api)'
2026-05-06 16:03:05.532 +07:00 [INF] Route matched with {action = "GetById", controller = "DonVi"}. Executing controller action with signature System.Threading.Tasks.Task`1[Microsoft.AspNetCore.Mvc.ActionResult`1[ThucLuc.Api.Common.Models.ApiResponse`1[ThucLuc.Application.Features.DonVi.DonViDto]]] GetById(Int64, System.Threading.CancellationToken) on controller ThucLuc.Api.Controllers.V1.DonViController (ThucLuc.Api).
2026-05-06 16:03:05.533 +07:00 [INF] Route matched with {action = "GetByCode", controller = "Codes"}. Executing controller action with signature System.Threading.Tasks.Task`1[Microsoft.AspNetCore.Mvc.ActionResult`1[ThucLuc.Api.Common.Models.ApiResponse`1[ThucLuc.Application.Features.Codes.CodeDto]]] GetByCode(System.String, System.Threading.CancellationToken) on controller ThucLuc.Api.Controllers.V1.CodesController (ThucLuc.Api).
2026-05-06 16:03:05.581 +07:00 [INF] Executing OkObjectResult, writing value of type 'ThucLuc.Api.Common.Models.ApiResponse`1[[ThucLuc.Application.Features.DonVi.DonViDto, ThucLuc.Application, Version=1.0.0.0, Culture=neutral, PublicKeyToken=null]]'.
2026-05-06 16:03:05.581 +07:00 [INF] Executing OkObjectResult, writing value of type 'ThucLuc.Api.Common.Models.ApiResponse`1[[ThucLuc.Application.Features.Codes.CodeDto, ThucLuc.Application, Version=1.0.0.0, Culture=neutral, PublicKeyToken=null]]'.
2026-05-06 16:03:05.585 +07:00 [INF] Executed action ThucLuc.Api.Controllers.V1.DonViController.GetById (ThucLuc.Api) in 49.4755ms
2026-05-06 16:03:05.588 +07:00 [INF] Executed action ThucLuc.Api.Controllers.V1.CodesController.GetByCode (ThucLuc.Api) in 49.9744ms
2026-05-06 16:03:05.591 +07:00 [INF] Executed endpoint 'ThucLuc.Api.Controllers.V1.DonViController.GetById (ThucLuc.Api)'
2026-05-06 16:03:05.594 +07:00 [INF] Executed endpoint 'ThucLuc.Api.Controllers.V1.CodesController.GetByCode (ThucLuc.Api)'
2026-05-06 16:03:05.596 +07:00 [INF] HTTP GET /api/v1/don-vi/2001 => 200 in 71.8452 ms CorrelationId=3ef1d6c3700746ee8fedf8ca2f65c07d UserId=5001
2026-05-06 16:03:05.598 +07:00 [INF] HTTP GET /api/v1/codes/by-code/GIAI_PHAP_ATTT => 200 in 69.9818 ms CorrelationId=04c9f076600049e7a03422fc730e313d UserId=5001
2026-05-06 16:03:05.601 +07:00 [INF] HTTP GET /api/v1/don-vi/2001 responded 200 in 76.6644 ms
2026-05-06 16:03:05.603 +07:00 [INF] HTTP GET /api/v1/codes/by-code/GIAI_PHAP_ATTT responded 200 in 75.4037 ms
2026-05-06 16:03:05.605 +07:00 [INF] Request finished HTTP/1.1 GET http://localhost:5283/api/v1/don-vi/2001 - 200 null application/json; charset=utf-8 89.0083ms
2026-05-06 16:03:05.609 +07:00 [INF] Request finished HTTP/1.1 GET http://localhost:5283/api/v1/codes/by-code/GIAI_PHAP_ATTT - 200 null application/json; charset=utf-8 88.3499ms
2026-05-06 16:03:05.618 +07:00 [INF] Request starting HTTP/1.1 OPTIONS http://localhost:5283/api/v1/giai-phap-attt?donViId=2001 - null null
2026-05-06 16:03:05.620 +07:00 [INF] CORS policy execution successful.
2026-05-06 16:03:05.621 +07:00 [INF] HTTP OPTIONS /api/v1/giai-phap-attt => 204 in 0.8022 ms CorrelationId=26d17a571caf4bf38704b57c353edc7d UserId=anonymous
2026-05-06 16:03:05.625 +07:00 [INF] HTTP OPTIONS /api/v1/giai-phap-attt responded 204 in 4.2290 ms
2026-05-06 16:03:05.628 +07:00 [INF] Request finished HTTP/1.1 OPTIONS http://localhost:5283/api/v1/giai-phap-attt?donViId=2001 - 204 null null 9.9546ms
2026-05-06 16:03:05.631 +07:00 [INF] Request starting HTTP/1.1 GET http://localhost:5283/api/v1/giai-phap-attt?donViId=2001 - null null
2026-05-06 16:03:05.634 +07:00 [INF] CORS policy execution successful.
2026-05-06 16:03:05.636 +07:00 [INF] Executing endpoint 'ThucLuc.Api.Controllers.V1.GiaiPhapAtttController.GetAll (ThucLuc.Api)'
2026-05-06 16:03:05.637 +07:00 [INF] Route matched with {action = "GetAll", controller = "GiaiPhapAttt"}. Executing controller action with signature System.Threading.Tasks.Task`1[Microsoft.AspNetCore.Mvc.ActionResult`1[ThucLuc.Api.Common.Models.ApiResponse`1[System.Collections.Generic.IReadOnlyCollection`1[ThucLuc.Application.Features.GiaiPhapAttt.GiaiPhapAtttDto]]]] GetAll(ThucLuc.Application.Features.GiaiPhapAttt.GiaiPhapAtttQuery, System.Threading.CancellationToken) on controller ThucLuc.Api.Controllers.V1.GiaiPhapAtttController (ThucLuc.Api).
2026-05-06 16:03:05.685 +07:00 [INF] Executing OkObjectResult, writing value of type 'ThucLuc.Api.Common.Models.ApiResponse`1[[System.Collections.Generic.IReadOnlyCollection`1[[ThucLuc.Application.Features.GiaiPhapAttt.GiaiPhapAtttDto, ThucLuc.Application, Version=1.0.0.0, Culture=neutral, PublicKeyToken=null]], System.Private.CoreLib, Version=8.0.0.0, Culture=neutral, PublicKeyToken=7cec85d7bea7798e]]'.
2026-05-06 16:03:05.689 +07:00 [INF] Executed action ThucLuc.Api.Controllers.V1.GiaiPhapAtttController.GetAll (ThucLuc.Api) in 49.2793ms
2026-05-06 16:03:05.692 +07:00 [INF] Executed endpoint 'ThucLuc.Api.Controllers.V1.GiaiPhapAtttController.GetAll (ThucLuc.Api)'
2026-05-06 16:03:05.695 +07:00 [INF] HTTP GET /api/v1/giai-phap-attt => 200 in 60.6422 ms CorrelationId=5eb8e696d0ca4643926d0f29ce3d5b68 UserId=5001
2026-05-06 16:03:05.701 +07:00 [INF] HTTP GET /api/v1/giai-phap-attt responded 200 in 66.2317 ms
2026-05-06 16:03:05.703 +07:00 [INF] Request finished HTTP/1.1 GET http://localhost:5283/api/v1/giai-phap-attt?donViId=2001 - 200 null application/json; charset=utf-8 71.9792ms
2026-05-06 16:03:50.245 +07:00 [INF] Request starting HTTP/1.1 OPTIONS http://localhost:5283/api/v1/don-vi/2001 - null null
2026-05-06 16:03:50.248 +07:00 [INF] CORS policy execution successful.
2026-05-06 16:03:50.249 +07:00 [INF] HTTP OPTIONS /api/v1/don-vi/2001 => 204 in 0.9701 ms CorrelationId=5c7785752b284ccfa8ba5e36d7c15b33 UserId=anonymous
2026-05-06 16:03:50.252 +07:00 [INF] Request starting HTTP/1.1 OPTIONS http://localhost:5283/api/v1/codes/by-code/GIAI_PHAP_ATTT - null null
2026-05-06 16:03:50.252 +07:00 [INF] HTTP OPTIONS /api/v1/don-vi/2001 responded 204 in 4.0825 ms
2026-05-06 16:03:50.255 +07:00 [INF] CORS policy execution successful.
2026-05-06 16:03:50.258 +07:00 [INF] Request finished HTTP/1.1 OPTIONS http://localhost:5283/api/v1/don-vi/2001 - 204 null null 12.7512ms
2026-05-06 16:03:50.259 +07:00 [INF] HTTP OPTIONS /api/v1/codes/by-code/GIAI_PHAP_ATTT => 204 in 3.2842 ms CorrelationId=8baa8dec4a184dff981b042bdd503d56 UserId=anonymous
2026-05-06 16:03:50.263 +07:00 [INF] Request starting HTTP/1.1 GET http://localhost:5283/api/v1/don-vi/2001 - null null
2026-05-06 16:03:50.265 +07:00 [INF] HTTP OPTIONS /api/v1/codes/by-code/GIAI_PHAP_ATTT responded 204 in 10.1601 ms
2026-05-06 16:03:50.269 +07:00 [INF] CORS policy execution successful.
2026-05-06 16:03:50.271 +07:00 [INF] Request finished HTTP/1.1 OPTIONS http://localhost:5283/api/v1/codes/by-code/GIAI_PHAP_ATTT - 204 null null 19.8896ms
2026-05-06 16:03:50.272 +07:00 [INF] Executing endpoint 'ThucLuc.Api.Controllers.V1.DonViController.GetById (ThucLuc.Api)'
2026-05-06 16:03:50.277 +07:00 [INF] Request starting HTTP/1.1 GET http://localhost:5283/api/v1/codes/by-code/GIAI_PHAP_ATTT - null null
2026-05-06 16:03:50.278 +07:00 [INF] Route matched with {action = "GetById", controller = "DonVi"}. Executing controller action with signature System.Threading.Tasks.Task`1[Microsoft.AspNetCore.Mvc.ActionResult`1[ThucLuc.Api.Common.Models.ApiResponse`1[ThucLuc.Application.Features.DonVi.DonViDto]]] GetById(Int64, System.Threading.CancellationToken) on controller ThucLuc.Api.Controllers.V1.DonViController (ThucLuc.Api).
2026-05-06 16:03:50.281 +07:00 [INF] CORS policy execution successful.
2026-05-06 16:03:50.285 +07:00 [INF] Executing endpoint 'ThucLuc.Api.Controllers.V1.CodesController.GetByCode (ThucLuc.Api)'
2026-05-06 16:03:50.287 +07:00 [INF] Route matched with {action = "GetByCode", controller = "Codes"}. Executing controller action with signature System.Threading.Tasks.Task`1[Microsoft.AspNetCore.Mvc.ActionResult`1[ThucLuc.Api.Common.Models.ApiResponse`1[ThucLuc.Application.Features.Codes.CodeDto]]] GetByCode(System.String, System.Threading.CancellationToken) on controller ThucLuc.Api.Controllers.V1.CodesController (ThucLuc.Api).
2026-05-06 16:03:50.327 +07:00 [INF] Executing OkObjectResult, writing value of type 'ThucLuc.Api.Common.Models.ApiResponse`1[[ThucLuc.Application.Features.DonVi.DonViDto, ThucLuc.Application, Version=1.0.0.0, Culture=neutral, PublicKeyToken=null]]'.
2026-05-06 16:03:50.329 +07:00 [INF] Executed action ThucLuc.Api.Controllers.V1.DonViController.GetById (ThucLuc.Api) in 45.7689ms
2026-05-06 16:03:50.331 +07:00 [INF] Executed endpoint 'ThucLuc.Api.Controllers.V1.DonViController.GetById (ThucLuc.Api)'
2026-05-06 16:03:50.333 +07:00 [INF] HTTP GET /api/v1/don-vi/2001 => 200 in 64.144 ms CorrelationId=de772398941a4140a9bbc161f5a1f7a1 UserId=5001
2026-05-06 16:03:50.336 +07:00 [INF] HTTP GET /api/v1/don-vi/2001 responded 200 in 67.0722 ms
2026-05-06 16:03:50.338 +07:00 [INF] Request finished HTTP/1.1 GET http://localhost:5283/api/v1/don-vi/2001 - 200 null application/json; charset=utf-8 75.7699ms
2026-05-06 16:03:50.339 +07:00 [INF] Executing OkObjectResult, writing value of type 'ThucLuc.Api.Common.Models.ApiResponse`1[[ThucLuc.Application.Features.Codes.CodeDto, ThucLuc.Application, Version=1.0.0.0, Culture=neutral, PublicKeyToken=null]]'.
2026-05-06 16:03:50.345 +07:00 [INF] Executed action ThucLuc.Api.Controllers.V1.CodesController.GetByCode (ThucLuc.Api) in 55.5444ms
2026-05-06 16:03:50.347 +07:00 [INF] Executed endpoint 'ThucLuc.Api.Controllers.V1.CodesController.GetByCode (ThucLuc.Api)'
2026-05-06 16:03:50.348 +07:00 [INF] HTTP GET /api/v1/codes/by-code/GIAI_PHAP_ATTT => 200 in 66.9911 ms CorrelationId=ffbbb03c0aaa4a3ebc65635558ab175d UserId=5001
2026-05-06 16:03:50.351 +07:00 [INF] HTTP GET /api/v1/codes/by-code/GIAI_PHAP_ATTT responded 200 in 69.8995 ms
2026-05-06 16:03:50.354 +07:00 [INF] Request finished HTTP/1.1 GET http://localhost:5283/api/v1/codes/by-code/GIAI_PHAP_ATTT - 200 null application/json; charset=utf-8 76.9207ms
2026-05-06 16:03:50.364 +07:00 [INF] Request starting HTTP/1.1 OPTIONS http://localhost:5283/api/v1/giai-phap-attt?donViId=2001 - null null
2026-05-06 16:03:50.368 +07:00 [INF] CORS policy execution successful.
2026-05-06 16:03:50.369 +07:00 [INF] HTTP OPTIONS /api/v1/giai-phap-attt => 204 in 1.3144 ms CorrelationId=d027954e32f64dd6a1a71db720166eda UserId=anonymous
2026-05-06 16:03:50.373 +07:00 [INF] HTTP OPTIONS /api/v1/giai-phap-attt responded 204 in 4.7786 ms
2026-05-06 16:03:50.376 +07:00 [INF] Request finished HTTP/1.1 OPTIONS http://localhost:5283/api/v1/giai-phap-attt?donViId=2001 - 204 null null 11.9108ms
2026-05-06 16:03:50.380 +07:00 [INF] Request starting HTTP/1.1 GET http://localhost:5283/api/v1/giai-phap-attt?donViId=2001 - null null
2026-05-06 16:03:50.384 +07:00 [INF] CORS policy execution successful.
2026-05-06 16:03:50.385 +07:00 [INF] Executing endpoint 'ThucLuc.Api.Controllers.V1.GiaiPhapAtttController.GetAll (ThucLuc.Api)'
2026-05-06 16:03:50.387 +07:00 [INF] Route matched with {action = "GetAll", controller = "GiaiPhapAttt"}. Executing controller action with signature System.Threading.Tasks.Task`1[Microsoft.AspNetCore.Mvc.ActionResult`1[ThucLuc.Api.Common.Models.ApiResponse`1[System.Collections.Generic.IReadOnlyCollection`1[ThucLuc.Application.Features.GiaiPhapAttt.GiaiPhapAtttDto]]]] GetAll(ThucLuc.Application.Features.GiaiPhapAttt.GiaiPhapAtttQuery, System.Threading.CancellationToken) on controller ThucLuc.Api.Controllers.V1.GiaiPhapAtttController (ThucLuc.Api).
2026-05-06 16:03:50.435 +07:00 [INF] Executing OkObjectResult, writing value of type 'ThucLuc.Api.Common.Models.ApiResponse`1[[System.Collections.Generic.IReadOnlyCollection`1[[ThucLuc.Application.Features.GiaiPhapAttt.GiaiPhapAtttDto, ThucLuc.Application, Version=1.0.0.0, Culture=neutral, PublicKeyToken=null]], System.Private.CoreLib, Version=8.0.0.0, Culture=neutral, PublicKeyToken=7cec85d7bea7798e]]'.
2026-05-06 16:03:50.437 +07:00 [INF] Executed action ThucLuc.Api.Controllers.V1.GiaiPhapAtttController.GetAll (ThucLuc.Api) in 47.2021ms
2026-05-06 16:03:50.439 +07:00 [INF] Executed endpoint 'ThucLuc.Api.Controllers.V1.GiaiPhapAtttController.GetAll (ThucLuc.Api)'
2026-05-06 16:03:50.440 +07:00 [INF] HTTP GET /api/v1/giai-phap-attt => 200 in 56.5314 ms CorrelationId=1fb9700b30ec480391b994701db38bf0 UserId=5001
2026-05-06 16:03:50.443 +07:00 [INF] HTTP GET /api/v1/giai-phap-attt responded 200 in 59.4430 ms
2026-05-06 16:03:50.446 +07:00 [INF] Request finished HTTP/1.1 GET http://localhost:5283/api/v1/giai-phap-attt?donViId=2001 - 200 null application/json; charset=utf-8 66.3001ms
2026-05-06 16:03:56.194 +07:00 [INF] Request starting HTTP/1.1 OPTIONS http://localhost:5283/api/v1/don-vi/2001 - null null
2026-05-06 16:03:56.194 +07:00 [INF] Request starting HTTP/1.1 OPTIONS http://localhost:5283/api/v1/codes/by-code/GIAI_PHAP_ATTT - null null
2026-05-06 16:03:56.198 +07:00 [INF] CORS policy execution successful.
2026-05-06 16:03:56.201 +07:00 [INF] CORS policy execution successful.
2026-05-06 16:03:56.203 +07:00 [INF] HTTP OPTIONS /api/v1/don-vi/2001 => 204 in 4.7144 ms CorrelationId=99ab1477208d43a9b481d36b33172615 UserId=anonymous
2026-05-06 16:03:56.204 +07:00 [INF] HTTP OPTIONS /api/v1/codes/by-code/GIAI_PHAP_ATTT => 204 in 2.7498 ms CorrelationId=8f05f71c5bb844328bcc73e729861d7d UserId=anonymous
2026-05-06 16:03:56.208 +07:00 [INF] HTTP OPTIONS /api/v1/don-vi/2001 responded 204 in 9.8884 ms
2026-05-06 16:03:56.211 +07:00 [INF] HTTP OPTIONS /api/v1/codes/by-code/GIAI_PHAP_ATTT responded 204 in 9.6310 ms
2026-05-06 16:03:56.214 +07:00 [INF] Request finished HTTP/1.1 OPTIONS http://localhost:5283/api/v1/don-vi/2001 - 204 null null 19.9422ms
2026-05-06 16:03:56.217 +07:00 [INF] Request finished HTTP/1.1 OPTIONS http://localhost:5283/api/v1/codes/by-code/GIAI_PHAP_ATTT - 204 null null 23.1041ms
2026-05-06 16:03:56.223 +07:00 [INF] Request starting HTTP/1.1 GET http://localhost:5283/api/v1/don-vi/2001 - null null
2026-05-06 16:03:56.229 +07:00 [INF] Request starting HTTP/1.1 GET http://localhost:5283/api/v1/codes/by-code/GIAI_PHAP_ATTT - null null
2026-05-06 16:03:56.233 +07:00 [INF] CORS policy execution successful.
2026-05-06 16:03:56.237 +07:00 [INF] CORS policy execution successful.
2026-05-06 16:03:56.238 +07:00 [INF] Executing endpoint 'ThucLuc.Api.Controllers.V1.DonViController.GetById (ThucLuc.Api)'
2026-05-06 16:03:56.239 +07:00 [INF] Executing endpoint 'ThucLuc.Api.Controllers.V1.CodesController.GetByCode (ThucLuc.Api)'
2026-05-06 16:03:56.241 +07:00 [INF] Route matched with {action = "GetById", controller = "DonVi"}. Executing controller action with signature System.Threading.Tasks.Task`1[Microsoft.AspNetCore.Mvc.ActionResult`1[ThucLuc.Api.Common.Models.ApiResponse`1[ThucLuc.Application.Features.DonVi.DonViDto]]] GetById(Int64, System.Threading.CancellationToken) on controller ThucLuc.Api.Controllers.V1.DonViController (ThucLuc.Api).
2026-05-06 16:03:56.243 +07:00 [INF] Route matched with {action = "GetByCode", controller = "Codes"}. Executing controller action with signature System.Threading.Tasks.Task`1[Microsoft.AspNetCore.Mvc.ActionResult`1[ThucLuc.Api.Common.Models.ApiResponse`1[ThucLuc.Application.Features.Codes.CodeDto]]] GetByCode(System.String, System.Threading.CancellationToken) on controller ThucLuc.Api.Controllers.V1.CodesController (ThucLuc.Api).
2026-05-06 16:03:56.291 +07:00 [INF] Executing OkObjectResult, writing value of type 'ThucLuc.Api.Common.Models.ApiResponse`1[[ThucLuc.Application.Features.DonVi.DonViDto, ThucLuc.Application, Version=1.0.0.0, Culture=neutral, PublicKeyToken=null]]'.
2026-05-06 16:03:56.291 +07:00 [INF] Executing OkObjectResult, writing value of type 'ThucLuc.Api.Common.Models.ApiResponse`1[[ThucLuc.Application.Features.Codes.CodeDto, ThucLuc.Application, Version=1.0.0.0, Culture=neutral, PublicKeyToken=null]]'.
2026-05-06 16:03:56.293 +07:00 [INF] Executed action ThucLuc.Api.Controllers.V1.DonViController.GetById (ThucLuc.Api) in 47.2224ms
2026-05-06 16:03:56.295 +07:00 [INF] Executed action ThucLuc.Api.Controllers.V1.CodesController.GetByCode (ThucLuc.Api) in 46.8517ms
2026-05-06 16:03:56.297 +07:00 [INF] Executed endpoint 'ThucLuc.Api.Controllers.V1.DonViController.GetById (ThucLuc.Api)'
2026-05-06 16:03:56.299 +07:00 [INF] Executed endpoint 'ThucLuc.Api.Controllers.V1.CodesController.GetByCode (ThucLuc.Api)'
2026-05-06 16:03:56.300 +07:00 [INF] HTTP GET /api/v1/don-vi/2001 => 200 in 67.2975 ms CorrelationId=6d45ec9f62d84083b719b3d6dd8d0a92 UserId=5001
2026-05-06 16:03:56.302 +07:00 [INF] HTTP GET /api/v1/codes/by-code/GIAI_PHAP_ATTT => 200 in 64.9647 ms CorrelationId=9cdb21a77846432695cf6c5bdec3c52c UserId=5001
2026-05-06 16:03:56.304 +07:00 [INF] HTTP GET /api/v1/don-vi/2001 responded 200 in 70.8865 ms
2026-05-06 16:03:56.308 +07:00 [INF] HTTP GET /api/v1/codes/by-code/GIAI_PHAP_ATTT responded 200 in 71.3867 ms
2026-05-06 16:03:56.311 +07:00 [INF] Request finished HTTP/1.1 GET http://localhost:5283/api/v1/don-vi/2001 - 200 null application/json; charset=utf-8 87.6044ms
2026-05-06 16:03:56.314 +07:00 [INF] Request finished HTTP/1.1 GET http://localhost:5283/api/v1/codes/by-code/GIAI_PHAP_ATTT - 200 null application/json; charset=utf-8 85.0074ms
2026-05-06 16:03:56.321 +07:00 [INF] Request starting HTTP/1.1 OPTIONS http://localhost:5283/api/v1/giai-phap-attt?donViId=2001 - null null
2026-05-06 16:03:56.326 +07:00 [INF] CORS policy execution successful.
2026-05-06 16:03:56.327 +07:00 [INF] HTTP OPTIONS /api/v1/giai-phap-attt => 204 in 1.4856 ms CorrelationId=4cb29ba7eb8e4af483a212175562dd1b UserId=anonymous
2026-05-06 16:03:56.331 +07:00 [INF] HTTP OPTIONS /api/v1/giai-phap-attt responded 204 in 4.8682 ms
2026-05-06 16:03:56.333 +07:00 [INF] Request finished HTTP/1.1 OPTIONS http://localhost:5283/api/v1/giai-phap-attt?donViId=2001 - 204 null null 11.7251ms
2026-05-06 16:03:56.336 +07:00 [INF] Request starting HTTP/1.1 GET http://localhost:5283/api/v1/giai-phap-attt?donViId=2001 - null null
2026-05-06 16:03:56.340 +07:00 [INF] CORS policy execution successful.
2026-05-06 16:03:56.342 +07:00 [INF] Executing endpoint 'ThucLuc.Api.Controllers.V1.GiaiPhapAtttController.GetAll (ThucLuc.Api)'
2026-05-06 16:03:56.344 +07:00 [INF] Route matched with {action = "GetAll", controller = "GiaiPhapAttt"}. Executing controller action with signature System.Threading.Tasks.Task`1[Microsoft.AspNetCore.Mvc.ActionResult`1[ThucLuc.Api.Common.Models.ApiResponse`1[System.Collections.Generic.IReadOnlyCollection`1[ThucLuc.Application.Features.GiaiPhapAttt.GiaiPhapAtttDto]]]] GetAll(ThucLuc.Application.Features.GiaiPhapAttt.GiaiPhapAtttQuery, System.Threading.CancellationToken) on controller ThucLuc.Api.Controllers.V1.GiaiPhapAtttController (ThucLuc.Api).
2026-05-06 16:03:56.391 +07:00 [INF] Executing OkObjectResult, writing value of type 'ThucLuc.Api.Common.Models.ApiResponse`1[[System.Collections.Generic.IReadOnlyCollection`1[[ThucLuc.Application.Features.GiaiPhapAttt.GiaiPhapAtttDto, ThucLuc.Application, Version=1.0.0.0, Culture=neutral, PublicKeyToken=null]], System.Private.CoreLib, Version=8.0.0.0, Culture=neutral, PublicKeyToken=7cec85d7bea7798e]]'.
2026-05-06 16:03:56.394 +07:00 [INF] Executed action ThucLuc.Api.Controllers.V1.GiaiPhapAtttController.GetAll (ThucLuc.Api) in 47.5978ms
2026-05-06 16:03:56.395 +07:00 [INF] Executed endpoint 'ThucLuc.Api.Controllers.V1.GiaiPhapAtttController.GetAll (ThucLuc.Api)'
2026-05-06 16:03:56.397 +07:00 [INF] HTTP GET /api/v1/giai-phap-attt => 200 in 56.8342 ms CorrelationId=e2336fa9487347f8b5c7d2da3adefa6d UserId=5001
2026-05-06 16:03:56.401 +07:00 [INF] HTTP GET /api/v1/giai-phap-attt responded 200 in 60.3125 ms
2026-05-06 16:03:56.404 +07:00 [INF] Request finished HTTP/1.1 GET http://localhost:5283/api/v1/giai-phap-attt?donViId=2001 - 200 null application/json; charset=utf-8 67.8126ms
2026-05-06 16:05:51.178 +07:00 [INF] Request starting HTTP/1.1 OPTIONS http://localhost:5283/api/v1/don-vi/2001 - null null
2026-05-06 16:05:51.182 +07:00 [INF] CORS policy execution successful.
2026-05-06 16:05:51.183 +07:00 [INF] Request starting HTTP/1.1 OPTIONS http://localhost:5283/api/v1/codes/by-code/GIAI_PHAP_ATTT - null null
2026-05-06 16:05:51.183 +07:00 [INF] HTTP OPTIONS /api/v1/don-vi/2001 => 204 in 1.6725 ms CorrelationId=791dfbc0509740c4b551747c5ef76527 UserId=anonymous
2026-05-06 16:05:51.187 +07:00 [INF] CORS policy execution successful.
2026-05-06 16:05:51.190 +07:00 [INF] HTTP OPTIONS /api/v1/don-vi/2001 responded 204 in 8.0309 ms
2026-05-06 16:05:51.191 +07:00 [INF] HTTP OPTIONS /api/v1/codes/by-code/GIAI_PHAP_ATTT => 204 in 3.6276 ms CorrelationId=f976139f5a3e4bacbed76a047a89b45b UserId=anonymous
2026-05-06 16:05:51.193 +07:00 [INF] Request finished HTTP/1.1 OPTIONS http://localhost:5283/api/v1/don-vi/2001 - 204 null null 15.6343ms
2026-05-06 16:05:51.196 +07:00 [INF] HTTP OPTIONS /api/v1/codes/by-code/GIAI_PHAP_ATTT responded 204 in 9.0761 ms
2026-05-06 16:05:51.201 +07:00 [INF] Request starting HTTP/1.1 GET http://localhost:5283/api/v1/don-vi/2001 - null null
2026-05-06 16:05:51.204 +07:00 [INF] Request finished HTTP/1.1 OPTIONS http://localhost:5283/api/v1/codes/by-code/GIAI_PHAP_ATTT - 204 null null 20.8732ms
2026-05-06 16:05:51.208 +07:00 [INF] CORS policy execution successful.
2026-05-06 16:05:51.211 +07:00 [INF] Request starting HTTP/1.1 GET http://localhost:5283/api/v1/codes/by-code/GIAI_PHAP_ATTT - null null
2026-05-06 16:05:51.212 +07:00 [INF] Executing endpoint 'ThucLuc.Api.Controllers.V1.DonViController.GetById (ThucLuc.Api)'
2026-05-06 16:05:51.216 +07:00 [INF] CORS policy execution successful.
2026-05-06 16:05:51.217 +07:00 [INF] Route matched with {action = "GetById", controller = "DonVi"}. Executing controller action with signature System.Threading.Tasks.Task`1[Microsoft.AspNetCore.Mvc.ActionResult`1[ThucLuc.Api.Common.Models.ApiResponse`1[ThucLuc.Application.Features.DonVi.DonViDto]]] GetById(Int64, System.Threading.CancellationToken) on controller ThucLuc.Api.Controllers.V1.DonViController (ThucLuc.Api).
2026-05-06 16:05:51.218 +07:00 [INF] Executing endpoint 'ThucLuc.Api.Controllers.V1.CodesController.GetByCode (ThucLuc.Api)'
2026-05-06 16:05:51.223 +07:00 [INF] Route matched with {action = "GetByCode", controller = "Codes"}. Executing controller action with signature System.Threading.Tasks.Task`1[Microsoft.AspNetCore.Mvc.ActionResult`1[ThucLuc.Api.Common.Models.ApiResponse`1[ThucLuc.Application.Features.Codes.CodeDto]]] GetByCode(System.String, System.Threading.CancellationToken) on controller ThucLuc.Api.Controllers.V1.CodesController (ThucLuc.Api).
2026-05-06 16:05:51.267 +07:00 [INF] Executing OkObjectResult, writing value of type 'ThucLuc.Api.Common.Models.ApiResponse`1[[ThucLuc.Application.Features.DonVi.DonViDto, ThucLuc.Application, Version=1.0.0.0, Culture=neutral, PublicKeyToken=null]]'.
2026-05-06 16:05:51.270 +07:00 [INF] Executing OkObjectResult, writing value of type 'ThucLuc.Api.Common.Models.ApiResponse`1[[ThucLuc.Application.Features.Codes.CodeDto, ThucLuc.Application, Version=1.0.0.0, Culture=neutral, PublicKeyToken=null]]'.
2026-05-06 16:05:51.270 +07:00 [INF] Executed action ThucLuc.Api.Controllers.V1.DonViController.GetById (ThucLuc.Api) in 49.2712ms
2026-05-06 16:05:51.272 +07:00 [INF] Executed action ThucLuc.Api.Controllers.V1.CodesController.GetByCode (ThucLuc.Api) in 46.4981ms
2026-05-06 16:05:51.274 +07:00 [INF] Executed endpoint 'ThucLuc.Api.Controllers.V1.DonViController.GetById (ThucLuc.Api)'
2026-05-06 16:05:51.275 +07:00 [INF] Executed endpoint 'ThucLuc.Api.Controllers.V1.CodesController.GetByCode (ThucLuc.Api)'
2026-05-06 16:05:51.277 +07:00 [INF] HTTP GET /api/v1/don-vi/2001 => 200 in 68.9853 ms CorrelationId=bb0aff92428248298a910e28668b4df5 UserId=5001
2026-05-06 16:05:51.278 +07:00 [INF] HTTP GET /api/v1/codes/by-code/GIAI_PHAP_ATTT => 200 in 62.3176 ms CorrelationId=535d83b0454846109277f53fa1b8f6d6 UserId=5001
2026-05-06 16:05:51.280 +07:00 [INF] HTTP GET /api/v1/don-vi/2001 responded 200 in 72.8027 ms
2026-05-06 16:05:51.283 +07:00 [INF] HTTP GET /api/v1/codes/by-code/GIAI_PHAP_ATTT responded 200 in 67.6002 ms
2026-05-06 16:05:51.286 +07:00 [INF] Request finished HTTP/1.1 GET http://localhost:5283/api/v1/don-vi/2001 - 200 null application/json; charset=utf-8 85.1678ms
2026-05-06 16:05:51.289 +07:00 [INF] Request finished HTTP/1.1 GET http://localhost:5283/api/v1/codes/by-code/GIAI_PHAP_ATTT - 200 null application/json; charset=utf-8 77.4599ms
2026-05-06 16:05:51.300 +07:00 [INF] Request starting HTTP/1.1 OPTIONS http://localhost:5283/api/v1/giai-phap-attt?donViId=2001 - null null
2026-05-06 16:05:51.303 +07:00 [INF] CORS policy execution successful.
2026-05-06 16:05:51.304 +07:00 [INF] HTTP OPTIONS /api/v1/giai-phap-attt => 204 in 1.1732 ms CorrelationId=c2763d1a7b4149e3b0f81a1210aa71ff UserId=anonymous
2026-05-06 16:05:51.308 +07:00 [INF] HTTP OPTIONS /api/v1/giai-phap-attt responded 204 in 4.6977 ms
2026-05-06 16:05:51.311 +07:00 [INF] Request finished HTTP/1.1 OPTIONS http://localhost:5283/api/v1/giai-phap-attt?donViId=2001 - 204 null null 11.0172ms
2026-05-06 16:05:51.315 +07:00 [INF] Request starting HTTP/1.1 GET http://localhost:5283/api/v1/giai-phap-attt?donViId=2001 - null null
2026-05-06 16:05:51.319 +07:00 [INF] CORS policy execution successful.
2026-05-06 16:05:51.321 +07:00 [INF] Executing endpoint 'ThucLuc.Api.Controllers.V1.GiaiPhapAtttController.GetAll (ThucLuc.Api)'
2026-05-06 16:05:51.322 +07:00 [INF] Route matched with {action = "GetAll", controller = "GiaiPhapAttt"}. Executing controller action with signature System.Threading.Tasks.Task`1[Microsoft.AspNetCore.Mvc.ActionResult`1[ThucLuc.Api.Common.Models.ApiResponse`1[System.Collections.Generic.IReadOnlyCollection`1[ThucLuc.Application.Features.GiaiPhapAttt.GiaiPhapAtttDto]]]] GetAll(ThucLuc.Application.Features.GiaiPhapAttt.GiaiPhapAtttQuery, System.Threading.CancellationToken) on controller ThucLuc.Api.Controllers.V1.GiaiPhapAtttController (ThucLuc.Api).
2026-05-06 16:05:51.370 +07:00 [INF] Executing OkObjectResult, writing value of type 'ThucLuc.Api.Common.Models.ApiResponse`1[[System.Collections.Generic.IReadOnlyCollection`1[[ThucLuc.Application.Features.GiaiPhapAttt.GiaiPhapAtttDto, ThucLuc.Application, Version=1.0.0.0, Culture=neutral, PublicKeyToken=null]], System.Private.CoreLib, Version=8.0.0.0, Culture=neutral, PublicKeyToken=7cec85d7bea7798e]]'.
2026-05-06 16:05:51.375 +07:00 [INF] Executed action ThucLuc.Api.Controllers.V1.GiaiPhapAtttController.GetAll (ThucLuc.Api) in 49.4614ms
2026-05-06 16:05:51.378 +07:00 [INF] Executed endpoint 'ThucLuc.Api.Controllers.V1.GiaiPhapAtttController.GetAll (ThucLuc.Api)'
2026-05-06 16:05:51.379 +07:00 [INF] HTTP GET /api/v1/giai-phap-attt => 200 in 60.2635 ms CorrelationId=b50b8710575845c3becc056c9152557d UserId=5001
2026-05-06 16:05:51.382 +07:00 [INF] HTTP GET /api/v1/giai-phap-attt responded 200 in 62.9267 ms
2026-05-06 16:05:51.385 +07:00 [INF] Request finished HTTP/1.1 GET http://localhost:5283/api/v1/giai-phap-attt?donViId=2001 - 200 null application/json; charset=utf-8 69.4251ms
2026-05-06 16:06:45.268 +07:00 [INF] Request starting HTTP/1.1 OPTIONS http://localhost:5283/api/v1/don-vi/2001 - null null
2026-05-06 16:06:45.270 +07:00 [INF] Request starting HTTP/1.1 OPTIONS http://localhost:5283/api/v1/codes/by-code/GIAI_PHAP_ATTT - null null
2026-05-06 16:06:45.273 +07:00 [INF] CORS policy execution successful.
2026-05-06 16:06:45.276 +07:00 [INF] CORS policy execution successful.
2026-05-06 16:06:45.277 +07:00 [INF] HTTP OPTIONS /api/v1/don-vi/2001 => 204 in 4.2281 ms CorrelationId=7b10a7c40a45422d93c6478e7e1ad418 UserId=anonymous
2026-05-06 16:06:45.278 +07:00 [INF] HTTP OPTIONS /api/v1/codes/by-code/GIAI_PHAP_ATTT => 204 in 1.9796 ms CorrelationId=053c327de9ab435fb24ee4b09cb2df92 UserId=anonymous
2026-05-06 16:06:45.281 +07:00 [INF] HTTP OPTIONS /api/v1/don-vi/2001 responded 204 in 8.7567 ms
2026-05-06 16:06:45.285 +07:00 [INF] HTTP OPTIONS /api/v1/codes/by-code/GIAI_PHAP_ATTT responded 204 in 9.4812 ms
2026-05-06 16:06:45.288 +07:00 [INF] Request finished HTTP/1.1 OPTIONS http://localhost:5283/api/v1/don-vi/2001 - 204 null null 19.5356ms
2026-05-06 16:06:45.290 +07:00 [INF] Request finished HTTP/1.1 OPTIONS http://localhost:5283/api/v1/codes/by-code/GIAI_PHAP_ATTT - 204 null null 19.7634ms
2026-05-06 16:06:45.295 +07:00 [INF] Request starting HTTP/1.1 GET http://localhost:5283/api/v1/don-vi/2001 - null null
2026-05-06 16:06:45.301 +07:00 [INF] Request starting HTTP/1.1 GET http://localhost:5283/api/v1/codes/by-code/GIAI_PHAP_ATTT - null null
2026-05-06 16:06:45.304 +07:00 [INF] CORS policy execution successful.
2026-05-06 16:06:45.307 +07:00 [INF] CORS policy execution successful.
2026-05-06 16:06:45.309 +07:00 [INF] Executing endpoint 'ThucLuc.Api.Controllers.V1.DonViController.GetById (ThucLuc.Api)'
2026-05-06 16:06:45.310 +07:00 [INF] Executing endpoint 'ThucLuc.Api.Controllers.V1.CodesController.GetByCode (ThucLuc.Api)'
2026-05-06 16:06:45.311 +07:00 [INF] Route matched with {action = "GetById", controller = "DonVi"}. Executing controller action with signature System.Threading.Tasks.Task`1[Microsoft.AspNetCore.Mvc.ActionResult`1[ThucLuc.Api.Common.Models.ApiResponse`1[ThucLuc.Application.Features.DonVi.DonViDto]]] GetById(Int64, System.Threading.CancellationToken) on controller ThucLuc.Api.Controllers.V1.DonViController (ThucLuc.Api).
2026-05-06 16:06:45.313 +07:00 [INF] Route matched with {action = "GetByCode", controller = "Codes"}. Executing controller action with signature System.Threading.Tasks.Task`1[Microsoft.AspNetCore.Mvc.ActionResult`1[ThucLuc.Api.Common.Models.ApiResponse`1[ThucLuc.Application.Features.Codes.CodeDto]]] GetByCode(System.String, System.Threading.CancellationToken) on controller ThucLuc.Api.Controllers.V1.CodesController (ThucLuc.Api).
2026-05-06 16:06:45.360 +07:00 [INF] Executing OkObjectResult, writing value of type 'ThucLuc.Api.Common.Models.ApiResponse`1[[ThucLuc.Application.Features.DonVi.DonViDto, ThucLuc.Application, Version=1.0.0.0, Culture=neutral, PublicKeyToken=null]]'.
2026-05-06 16:06:45.362 +07:00 [INF] Executed action ThucLuc.Api.Controllers.V1.DonViController.GetById (ThucLuc.Api) in 46.0513ms
2026-05-06 16:06:45.364 +07:00 [INF] Executing OkObjectResult, writing value of type 'ThucLuc.Api.Common.Models.ApiResponse`1[[ThucLuc.Application.Features.Codes.CodeDto, ThucLuc.Application, Version=1.0.0.0, Culture=neutral, PublicKeyToken=null]]'.
2026-05-06 16:06:45.364 +07:00 [INF] Executed endpoint 'ThucLuc.Api.Controllers.V1.DonViController.GetById (ThucLuc.Api)'
2026-05-06 16:06:45.367 +07:00 [INF] Executed action ThucLuc.Api.Controllers.V1.CodesController.GetByCode (ThucLuc.Api) in 48.4578ms
2026-05-06 16:06:45.369 +07:00 [INF] HTTP GET /api/v1/don-vi/2001 => 200 in 64.4696 ms CorrelationId=a2d7691abc0b4bb7b19de33561d49569 UserId=5001
2026-05-06 16:06:45.370 +07:00 [INF] Executed endpoint 'ThucLuc.Api.Controllers.V1.CodesController.GetByCode (ThucLuc.Api)'
2026-05-06 16:06:45.372 +07:00 [INF] HTTP GET /api/v1/don-vi/2001 responded 200 in 67.9964 ms
2026-05-06 16:06:45.373 +07:00 [INF] HTTP GET /api/v1/codes/by-code/GIAI_PHAP_ATTT => 200 in 66.0558 ms CorrelationId=89b539146090484e8785bc1e305fb1a6 UserId=5001
2026-05-06 16:06:45.375 +07:00 [INF] Request finished HTTP/1.1 GET http://localhost:5283/api/v1/don-vi/2001 - 200 null application/json; charset=utf-8 80.3297ms
2026-05-06 16:06:45.378 +07:00 [INF] HTTP GET /api/v1/codes/by-code/GIAI_PHAP_ATTT responded 200 in 70.6921 ms
2026-05-06 16:06:45.385 +07:00 [INF] Request finished HTTP/1.1 GET http://localhost:5283/api/v1/codes/by-code/GIAI_PHAP_ATTT - 200 null application/json; charset=utf-8 83.9547ms
2026-05-06 16:06:45.389 +07:00 [INF] Request starting HTTP/1.1 OPTIONS http://localhost:5283/api/v1/giai-phap-attt?donViId=2001 - null null
2026-05-06 16:06:45.392 +07:00 [INF] CORS policy execution successful.
2026-05-06 16:06:45.393 +07:00 [INF] HTTP OPTIONS /api/v1/giai-phap-attt => 204 in 1.3749 ms CorrelationId=17dfcbd2387c494e9648f0e0b6866f8b UserId=anonymous
2026-05-06 16:06:45.396 +07:00 [INF] HTTP OPTIONS /api/v1/giai-phap-attt responded 204 in 4.1283 ms
2026-05-06 16:06:45.399 +07:00 [INF] Request finished HTTP/1.1 OPTIONS http://localhost:5283/api/v1/giai-phap-attt?donViId=2001 - 204 null null 10.8048ms
2026-05-06 16:06:45.403 +07:00 [INF] Request starting HTTP/1.1 GET http://localhost:5283/api/v1/giai-phap-attt?donViId=2001 - null null
2026-05-06 16:06:45.406 +07:00 [INF] CORS policy execution successful.
2026-05-06 16:06:45.407 +07:00 [INF] Executing endpoint 'ThucLuc.Api.Controllers.V1.GiaiPhapAtttController.GetAll (ThucLuc.Api)'
2026-05-06 16:06:45.409 +07:00 [INF] Route matched with {action = "GetAll", controller = "GiaiPhapAttt"}. Executing controller action with signature System.Threading.Tasks.Task`1[Microsoft.AspNetCore.Mvc.ActionResult`1[ThucLuc.Api.Common.Models.ApiResponse`1[System.Collections.Generic.IReadOnlyCollection`1[ThucLuc.Application.Features.GiaiPhapAttt.GiaiPhapAtttDto]]]] GetAll(ThucLuc.Application.Features.GiaiPhapAttt.GiaiPhapAtttQuery, System.Threading.CancellationToken) on controller ThucLuc.Api.Controllers.V1.GiaiPhapAtttController (ThucLuc.Api).
2026-05-06 16:06:45.456 +07:00 [INF] Executing OkObjectResult, writing value of type 'ThucLuc.Api.Common.Models.ApiResponse`1[[System.Collections.Generic.IReadOnlyCollection`1[[ThucLuc.Application.Features.GiaiPhapAttt.GiaiPhapAtttDto, ThucLuc.Application, Version=1.0.0.0, Culture=neutral, PublicKeyToken=null]], System.Private.CoreLib, Version=8.0.0.0, Culture=neutral, PublicKeyToken=7cec85d7bea7798e]]'.
2026-05-06 16:06:45.457 +07:00 [INF] Executed action ThucLuc.Api.Controllers.V1.GiaiPhapAtttController.GetAll (ThucLuc.Api) in 46.4942ms
2026-05-06 16:06:45.459 +07:00 [INF] Executed endpoint 'ThucLuc.Api.Controllers.V1.GiaiPhapAtttController.GetAll (ThucLuc.Api)'
2026-05-06 16:06:45.460 +07:00 [INF] HTTP GET /api/v1/giai-phap-attt => 200 in 53.5261 ms CorrelationId=6dd5f3e3a87e421da3ff9f5458660f08 UserId=5001
2026-05-06 16:06:45.462 +07:00 [INF] HTTP GET /api/v1/giai-phap-attt responded 200 in 56.1706 ms
2026-05-06 16:06:45.465 +07:00 [INF] Request finished HTTP/1.1 GET http://localhost:5283/api/v1/giai-phap-attt?donViId=2001 - 200 null application/json; charset=utf-8 61.3757ms
2026-05-06 16:07:23.796 +07:00 [INF] Request starting HTTP/1.1 OPTIONS http://localhost:5283/api/v1/don-vi/2001 - null null
2026-05-06 16:07:23.812 +07:00 [INF] Request starting HTTP/1.1 OPTIONS http://localhost:5283/api/v1/codes/by-code/GIAI_PHAP_ATTT - null null
2026-05-06 16:07:23.813 +07:00 [INF] CORS policy execution successful.
2026-05-06 16:07:23.818 +07:00 [INF] CORS policy execution successful.
2026-05-06 16:07:23.819 +07:00 [INF] HTTP OPTIONS /api/v1/don-vi/2001 => 204 in 6.5129 ms CorrelationId=79e9804648014a8ca4828813987fd877 UserId=anonymous
2026-05-06 16:07:23.821 +07:00 [INF] HTTP OPTIONS /api/v1/codes/by-code/GIAI_PHAP_ATTT => 204 in 3.0501 ms CorrelationId=4dbd0f6e70234509a14c79eeb3855b15 UserId=anonymous
2026-05-06 16:07:23.825 +07:00 [INF] HTTP OPTIONS /api/v1/don-vi/2001 responded 204 in 12.5317 ms
2026-05-06 16:07:23.829 +07:00 [INF] HTTP OPTIONS /api/v1/codes/by-code/GIAI_PHAP_ATTT responded 204 in 11.8146 ms
2026-05-06 16:07:23.836 +07:00 [INF] Request finished HTTP/1.1 OPTIONS http://localhost:5283/api/v1/don-vi/2001 - 204 null null 39.6766ms
2026-05-06 16:07:23.843 +07:00 [INF] Request finished HTTP/1.1 OPTIONS http://localhost:5283/api/v1/codes/by-code/GIAI_PHAP_ATTT - 204 null null 30.3437ms
2026-05-06 16:07:23.861 +07:00 [INF] Request starting HTTP/1.1 GET http://localhost:5283/api/v1/don-vi/2001 - null null
2026-05-06 16:07:23.867 +07:00 [INF] Request starting HTTP/1.1 GET http://localhost:5283/api/v1/codes/by-code/GIAI_PHAP_ATTT - null null
2026-05-06 16:07:23.872 +07:00 [INF] CORS policy execution successful.
2026-05-06 16:07:23.880 +07:00 [INF] CORS policy execution successful.
2026-05-06 16:07:23.885 +07:00 [INF] Executing endpoint 'ThucLuc.Api.Controllers.V1.DonViController.GetById (ThucLuc.Api)'
2026-05-06 16:07:23.887 +07:00 [INF] Executing endpoint 'ThucLuc.Api.Controllers.V1.CodesController.GetByCode (ThucLuc.Api)'
2026-05-06 16:07:23.888 +07:00 [INF] Route matched with {action = "GetById", controller = "DonVi"}. Executing controller action with signature System.Threading.Tasks.Task`1[Microsoft.AspNetCore.Mvc.ActionResult`1[ThucLuc.Api.Common.Models.ApiResponse`1[ThucLuc.Application.Features.DonVi.DonViDto]]] GetById(Int64, System.Threading.CancellationToken) on controller ThucLuc.Api.Controllers.V1.DonViController (ThucLuc.Api).
2026-05-06 16:07:23.889 +07:00 [INF] Route matched with {action = "GetByCode", controller = "Codes"}. Executing controller action with signature System.Threading.Tasks.Task`1[Microsoft.AspNetCore.Mvc.ActionResult`1[ThucLuc.Api.Common.Models.ApiResponse`1[ThucLuc.Application.Features.Codes.CodeDto]]] GetByCode(System.String, System.Threading.CancellationToken) on controller ThucLuc.Api.Controllers.V1.CodesController (ThucLuc.Api).
2026-05-06 16:07:23.938 +07:00 [INF] Executing OkObjectResult, writing value of type 'ThucLuc.Api.Common.Models.ApiResponse`1[[ThucLuc.Application.Features.DonVi.DonViDto, ThucLuc.Application, Version=1.0.0.0, Culture=neutral, PublicKeyToken=null]]'.
2026-05-06 16:07:23.941 +07:00 [INF] Executed action ThucLuc.Api.Controllers.V1.DonViController.GetById (ThucLuc.Api) in 49.1291ms
2026-05-06 16:07:23.942 +07:00 [INF] Executing OkObjectResult, writing value of type 'ThucLuc.Api.Common.Models.ApiResponse`1[[ThucLuc.Application.Features.Codes.CodeDto, ThucLuc.Application, Version=1.0.0.0, Culture=neutral, PublicKeyToken=null]]'.
2026-05-06 16:07:23.943 +07:00 [INF] Executed endpoint 'ThucLuc.Api.Controllers.V1.DonViController.GetById (ThucLuc.Api)'
2026-05-06 16:07:23.945 +07:00 [INF] Executed action ThucLuc.Api.Controllers.V1.CodesController.GetByCode (ThucLuc.Api) in 48.097ms
2026-05-06 16:07:23.946 +07:00 [INF] HTTP GET /api/v1/don-vi/2001 => 200 in 74.357 ms CorrelationId=c668e93ab0014ea8a1611fe01caebf3a UserId=5001
2026-05-06 16:07:23.948 +07:00 [INF] Executed endpoint 'ThucLuc.Api.Controllers.V1.CodesController.GetByCode (ThucLuc.Api)'
2026-05-06 16:07:23.952 +07:00 [INF] HTTP GET /api/v1/don-vi/2001 responded 200 in 79.5692 ms
2026-05-06 16:07:23.953 +07:00 [INF] HTTP GET /api/v1/codes/by-code/GIAI_PHAP_ATTT => 200 in 73.312 ms CorrelationId=1dea652c00a9469a9c8e4fefe589b7e1 UserId=5001
2026-05-06 16:07:23.956 +07:00 [INF] Request finished HTTP/1.1 GET http://localhost:5283/api/v1/don-vi/2001 - 200 null application/json; charset=utf-8 95.1373ms
2026-05-06 16:07:23.959 +07:00 [INF] HTTP GET /api/v1/codes/by-code/GIAI_PHAP_ATTT responded 200 in 79.4857 ms
2026-05-06 16:07:23.967 +07:00 [INF] Request finished HTTP/1.1 GET http://localhost:5283/api/v1/codes/by-code/GIAI_PHAP_ATTT - 200 null application/json; charset=utf-8 99.5387ms
2026-05-06 16:07:23.998 +07:00 [INF] Request starting HTTP/1.1 OPTIONS http://localhost:5283/api/v1/giai-phap-attt?donViId=2001 - null null
2026-05-06 16:07:24.002 +07:00 [INF] CORS policy execution successful.
2026-05-06 16:07:24.003 +07:00 [INF] HTTP OPTIONS /api/v1/giai-phap-attt => 204 in 1.1158 ms CorrelationId=c1f4c027e60e42f2acd06ad8454a1844 UserId=anonymous
2026-05-06 16:07:24.006 +07:00 [INF] HTTP OPTIONS /api/v1/giai-phap-attt responded 204 in 4.4101 ms
2026-05-06 16:07:24.008 +07:00 [INF] Request finished HTTP/1.1 OPTIONS http://localhost:5283/api/v1/giai-phap-attt?donViId=2001 - 204 null null 10.671ms
2026-05-06 16:07:24.014 +07:00 [INF] Request starting HTTP/1.1 GET http://localhost:5283/api/v1/giai-phap-attt?donViId=2001 - null null
2026-05-06 16:07:24.018 +07:00 [INF] CORS policy execution successful.
2026-05-06 16:07:24.019 +07:00 [INF] Executing endpoint 'ThucLuc.Api.Controllers.V1.GiaiPhapAtttController.GetAll (ThucLuc.Api)'
2026-05-06 16:07:24.021 +07:00 [INF] Route matched with {action = "GetAll", controller = "GiaiPhapAttt"}. Executing controller action with signature System.Threading.Tasks.Task`1[Microsoft.AspNetCore.Mvc.ActionResult`1[ThucLuc.Api.Common.Models.ApiResponse`1[System.Collections.Generic.IReadOnlyCollection`1[ThucLuc.Application.Features.GiaiPhapAttt.GiaiPhapAtttDto]]]] GetAll(ThucLuc.Application.Features.GiaiPhapAttt.GiaiPhapAtttQuery, System.Threading.CancellationToken) on controller ThucLuc.Api.Controllers.V1.GiaiPhapAtttController (ThucLuc.Api).
2026-05-06 16:07:24.069 +07:00 [INF] Executing OkObjectResult, writing value of type 'ThucLuc.Api.Common.Models.ApiResponse`1[[System.Collections.Generic.IReadOnlyCollection`1[[ThucLuc.Application.Features.GiaiPhapAttt.GiaiPhapAtttDto, ThucLuc.Application, Version=1.0.0.0, Culture=neutral, PublicKeyToken=null]], System.Private.CoreLib, Version=8.0.0.0, Culture=neutral, PublicKeyToken=7cec85d7bea7798e]]'.
2026-05-06 16:07:24.072 +07:00 [INF] Executed action ThucLuc.Api.Controllers.V1.GiaiPhapAtttController.GetAll (ThucLuc.Api) in 48.6297ms
2026-05-06 16:07:24.076 +07:00 [INF] Executed endpoint 'ThucLuc.Api.Controllers.V1.GiaiPhapAtttController.GetAll (ThucLuc.Api)'
2026-05-06 16:07:24.078 +07:00 [INF] HTTP GET /api/v1/giai-phap-attt => 200 in 59.7513 ms CorrelationId=9ba35a4856884c7b9cd98bc8b17547bc UserId=5001
2026-05-06 16:07:24.082 +07:00 [INF] HTTP GET /api/v1/giai-phap-attt responded 200 in 63.5508 ms
2026-05-06 16:07:24.084 +07:00 [INF] Request finished HTTP/1.1 GET http://localhost:5283/api/v1/giai-phap-attt?donViId=2001 - 200 null application/json; charset=utf-8 69.8262ms
2026-05-06 16:08:15.811 +07:00 [INF] Request starting HTTP/1.1 OPTIONS http://localhost:5283/api/v1/don-vi/2001 - null null
2026-05-06 16:08:15.816 +07:00 [INF] CORS policy execution successful.
2026-05-06 16:08:15.817 +07:00 [INF] HTTP OPTIONS /api/v1/don-vi/2001 => 204 in 1.1512 ms CorrelationId=c5272290f99344cc956ab766928ce44b UserId=anonymous
2026-05-06 16:08:15.818 +07:00 [INF] Request starting HTTP/1.1 OPTIONS http://localhost:5283/api/v1/codes/by-code/GIAI_PHAP_ATTT - null null
2026-05-06 16:08:15.820 +07:00 [INF] HTTP OPTIONS /api/v1/don-vi/2001 responded 204 in 4.4948 ms
2026-05-06 16:08:15.826 +07:00 [INF] CORS policy execution successful.
2026-05-06 16:08:15.828 +07:00 [INF] Request finished HTTP/1.1 OPTIONS http://localhost:5283/api/v1/don-vi/2001 - 204 null null 17.057ms
2026-05-06 16:08:15.830 +07:00 [INF] HTTP OPTIONS /api/v1/codes/by-code/GIAI_PHAP_ATTT => 204 in 4.3992 ms CorrelationId=1813a087bca54ed386b9f8951784b5db UserId=anonymous
2026-05-06 16:08:15.834 +07:00 [INF] Request starting HTTP/1.1 GET http://localhost:5283/api/v1/don-vi/2001 - null null
2026-05-06 16:08:15.837 +07:00 [INF] HTTP OPTIONS /api/v1/codes/by-code/GIAI_PHAP_ATTT responded 204 in 11.9395 ms
2026-05-06 16:08:15.840 +07:00 [INF] CORS policy execution successful.
2026-05-06 16:08:15.842 +07:00 [INF] Request finished HTTP/1.1 OPTIONS http://localhost:5283/api/v1/codes/by-code/GIAI_PHAP_ATTT - 204 null null 24.3459ms
2026-05-06 16:08:15.844 +07:00 [INF] Executing endpoint 'ThucLuc.Api.Controllers.V1.DonViController.GetById (ThucLuc.Api)'
2026-05-06 16:08:15.847 +07:00 [INF] Request starting HTTP/1.1 GET http://localhost:5283/api/v1/codes/by-code/GIAI_PHAP_ATTT - null null
2026-05-06 16:08:15.848 +07:00 [INF] Route matched with {action = "GetById", controller = "DonVi"}. Executing controller action with signature System.Threading.Tasks.Task`1[Microsoft.AspNetCore.Mvc.ActionResult`1[ThucLuc.Api.Common.Models.ApiResponse`1[ThucLuc.Application.Features.DonVi.DonViDto]]] GetById(Int64, System.Threading.CancellationToken) on controller ThucLuc.Api.Controllers.V1.DonViController (ThucLuc.Api).
2026-05-06 16:08:15.851 +07:00 [INF] CORS policy execution successful.
2026-05-06 16:08:15.855 +07:00 [INF] Executing endpoint 'ThucLuc.Api.Controllers.V1.CodesController.GetByCode (ThucLuc.Api)'
2026-05-06 16:08:15.857 +07:00 [INF] Route matched with {action = "GetByCode", controller = "Codes"}. Executing controller action with signature System.Threading.Tasks.Task`1[Microsoft.AspNetCore.Mvc.ActionResult`1[ThucLuc.Api.Common.Models.ApiResponse`1[ThucLuc.Application.Features.Codes.CodeDto]]] GetByCode(System.String, System.Threading.CancellationToken) on controller ThucLuc.Api.Controllers.V1.CodesController (ThucLuc.Api).
2026-05-06 16:08:15.901 +07:00 [INF] Executing OkObjectResult, writing value of type 'ThucLuc.Api.Common.Models.ApiResponse`1[[ThucLuc.Application.Features.DonVi.DonViDto, ThucLuc.Application, Version=1.0.0.0, Culture=neutral, PublicKeyToken=null]]'.
2026-05-06 16:08:15.906 +07:00 [INF] Executed action ThucLuc.Api.Controllers.V1.DonViController.GetById (ThucLuc.Api) in 52.2074ms
2026-05-06 16:08:15.919 +07:00 [INF] Executed endpoint 'ThucLuc.Api.Controllers.V1.DonViController.GetById (ThucLuc.Api)'
2026-05-06 16:08:15.919 +07:00 [INF] Executing OkObjectResult, writing value of type 'ThucLuc.Api.Common.Models.ApiResponse`1[[ThucLuc.Application.Features.Codes.CodeDto, ThucLuc.Application, Version=1.0.0.0, Culture=neutral, PublicKeyToken=null]]'.
2026-05-06 16:08:15.923 +07:00 [INF] HTTP GET /api/v1/don-vi/2001 => 200 in 83.1555 ms CorrelationId=1a00ff7075cd4694b2ea7c602605c169 UserId=5001
2026-05-06 16:08:15.932 +07:00 [INF] Executed action ThucLuc.Api.Controllers.V1.CodesController.GetByCode (ThucLuc.Api) in 64.1109ms
2026-05-06 16:08:15.936 +07:00 [INF] HTTP GET /api/v1/don-vi/2001 responded 200 in 96.1347 ms
2026-05-06 16:08:15.938 +07:00 [INF] Executed endpoint 'ThucLuc.Api.Controllers.V1.CodesController.GetByCode (ThucLuc.Api)'
2026-05-06 16:08:15.941 +07:00 [INF] Request finished HTTP/1.1 GET http://localhost:5283/api/v1/don-vi/2001 - 200 null application/json; charset=utf-8 106.5803ms
2026-05-06 16:08:15.942 +07:00 [INF] HTTP GET /api/v1/codes/by-code/GIAI_PHAP_ATTT => 200 in 90.5273 ms CorrelationId=c558068abbdb46f7a6ee3186febbfe2f UserId=5001
2026-05-06 16:08:15.949 +07:00 [INF] HTTP GET /api/v1/codes/by-code/GIAI_PHAP_ATTT responded 200 in 97.8989 ms
2026-05-06 16:08:15.952 +07:00 [INF] Request finished HTTP/1.1 GET http://localhost:5283/api/v1/codes/by-code/GIAI_PHAP_ATTT - 200 null application/json; charset=utf-8 105.019ms
2026-05-06 16:08:16.037 +07:00 [INF] Request starting HTTP/1.1 OPTIONS http://localhost:5283/api/v1/giai-phap-attt?donViId=2001 - null null
2026-05-06 16:08:16.040 +07:00 [INF] CORS policy execution successful.
2026-05-06 16:08:16.041 +07:00 [INF] HTTP OPTIONS /api/v1/giai-phap-attt => 204 in 0.8301 ms CorrelationId=845aed0d895e4104b5ea0c24a53422ab UserId=anonymous
2026-05-06 16:08:16.044 +07:00 [INF] HTTP OPTIONS /api/v1/giai-phap-attt responded 204 in 4.2497 ms
2026-05-06 16:08:16.047 +07:00 [INF] Request finished HTTP/1.1 OPTIONS http://localhost:5283/api/v1/giai-phap-attt?donViId=2001 - 204 null null 9.8138ms
2026-05-06 16:08:16.051 +07:00 [INF] Request starting HTTP/1.1 GET http://localhost:5283/api/v1/giai-phap-attt?donViId=2001 - null null
2026-05-06 16:08:16.054 +07:00 [INF] CORS policy execution successful.
2026-05-06 16:08:16.055 +07:00 [INF] Executing endpoint 'ThucLuc.Api.Controllers.V1.GiaiPhapAtttController.GetAll (ThucLuc.Api)'
2026-05-06 16:08:16.057 +07:00 [INF] Route matched with {action = "GetAll", controller = "GiaiPhapAttt"}. Executing controller action with signature System.Threading.Tasks.Task`1[Microsoft.AspNetCore.Mvc.ActionResult`1[ThucLuc.Api.Common.Models.ApiResponse`1[System.Collections.Generic.IReadOnlyCollection`1[ThucLuc.Application.Features.GiaiPhapAttt.GiaiPhapAtttDto]]]] GetAll(ThucLuc.Application.Features.GiaiPhapAttt.GiaiPhapAtttQuery, System.Threading.CancellationToken) on controller ThucLuc.Api.Controllers.V1.GiaiPhapAtttController (ThucLuc.Api).
2026-05-06 16:08:16.103 +07:00 [INF] Executing OkObjectResult, writing value of type 'ThucLuc.Api.Common.Models.ApiResponse`1[[System.Collections.Generic.IReadOnlyCollection`1[[ThucLuc.Application.Features.GiaiPhapAttt.GiaiPhapAtttDto, ThucLuc.Application, Version=1.0.0.0, Culture=neutral, PublicKeyToken=null]], System.Private.CoreLib, Version=8.0.0.0, Culture=neutral, PublicKeyToken=7cec85d7bea7798e]]'.
2026-05-06 16:08:16.107 +07:00 [INF] Executed action ThucLuc.Api.Controllers.V1.GiaiPhapAtttController.GetAll (ThucLuc.Api) in 47.6773ms
2026-05-06 16:08:16.109 +07:00 [INF] Executed endpoint 'ThucLuc.Api.Controllers.V1.GiaiPhapAtttController.GetAll (ThucLuc.Api)'
2026-05-06 16:08:16.110 +07:00 [INF] HTTP GET /api/v1/giai-phap-attt => 200 in 56.24 ms CorrelationId=881b17e68fd2492384b0db289dc8f673 UserId=5001
2026-05-06 16:08:16.113 +07:00 [INF] HTTP GET /api/v1/giai-phap-attt responded 200 in 58.5693 ms
2026-05-06 16:08:16.115 +07:00 [INF] Request finished HTTP/1.1 GET http://localhost:5283/api/v1/giai-phap-attt?donViId=2001 - 200 null application/json; charset=utf-8 63.7658ms
2026-05-06 16:10:34.279 +07:00 [INF] Request starting HTTP/1.1 OPTIONS http://localhost:5283/api/v1/don-vi/2001 - null null
2026-05-06 16:10:34.282 +07:00 [INF] CORS policy execution successful.
2026-05-06 16:10:34.283 +07:00 [INF] HTTP OPTIONS /api/v1/don-vi/2001 => 204 in 1.2501 ms CorrelationId=02e40a9cd03b4725acd385ae322e8a1f UserId=anonymous
2026-05-06 16:10:34.288 +07:00 [INF] HTTP OPTIONS /api/v1/don-vi/2001 responded 204 in 5.7739 ms
2026-05-06 16:10:34.288 +07:00 [INF] Request starting HTTP/1.1 OPTIONS http://localhost:5283/api/v1/codes/by-code/GIAI_PHAP_ATTT - null null
2026-05-06 16:10:34.291 +07:00 [INF] Request finished HTTP/1.1 OPTIONS http://localhost:5283/api/v1/don-vi/2001 - 204 null null 12.7622ms
2026-05-06 16:10:34.296 +07:00 [INF] CORS policy execution successful.
2026-05-06 16:10:34.311 +07:00 [INF] Request starting HTTP/1.1 GET http://localhost:5283/api/v1/don-vi/2001 - null null
2026-05-06 16:10:34.314 +07:00 [INF] HTTP OPTIONS /api/v1/codes/by-code/GIAI_PHAP_ATTT => 204 in 18.3039 ms CorrelationId=d631fc49084c406d839b06cdb34acdad UserId=anonymous
2026-05-06 16:10:34.357 +07:00 [INF] CORS policy execution successful.
2026-05-06 16:10:34.364 +07:00 [INF] HTTP OPTIONS /api/v1/codes/by-code/GIAI_PHAP_ATTT responded 204 in 67.9967 ms
2026-05-06 16:10:34.366 +07:00 [INF] Executing endpoint 'ThucLuc.Api.Controllers.V1.DonViController.GetById (ThucLuc.Api)'
2026-05-06 16:10:34.369 +07:00 [INF] Request finished HTTP/1.1 OPTIONS http://localhost:5283/api/v1/codes/by-code/GIAI_PHAP_ATTT - 204 null null 81.7153ms
2026-05-06 16:10:34.374 +07:00 [INF] Route matched with {action = "GetById", controller = "DonVi"}. Executing controller action with signature System.Threading.Tasks.Task`1[Microsoft.AspNetCore.Mvc.ActionResult`1[ThucLuc.Api.Common.Models.ApiResponse`1[ThucLuc.Application.Features.DonVi.DonViDto]]] GetById(Int64, System.Threading.CancellationToken) on controller ThucLuc.Api.Controllers.V1.DonViController (ThucLuc.Api).
2026-05-06 16:10:34.379 +07:00 [INF] Request starting HTTP/1.1 GET http://localhost:5283/api/v1/codes/by-code/GIAI_PHAP_ATTT - null null
2026-05-06 16:10:34.388 +07:00 [INF] CORS policy execution successful.
2026-05-06 16:10:34.391 +07:00 [INF] Executing endpoint 'ThucLuc.Api.Controllers.V1.CodesController.GetByCode (ThucLuc.Api)'
2026-05-06 16:10:34.392 +07:00 [INF] Route matched with {action = "GetByCode", controller = "Codes"}. Executing controller action with signature System.Threading.Tasks.Task`1[Microsoft.AspNetCore.Mvc.ActionResult`1[ThucLuc.Api.Common.Models.ApiResponse`1[ThucLuc.Application.Features.Codes.CodeDto]]] GetByCode(System.String, System.Threading.CancellationToken) on controller ThucLuc.Api.Controllers.V1.CodesController (ThucLuc.Api).
2026-05-06 16:10:34.429 +07:00 [INF] Executing OkObjectResult, writing value of type 'ThucLuc.Api.Common.Models.ApiResponse`1[[ThucLuc.Application.Features.DonVi.DonViDto, ThucLuc.Application, Version=1.0.0.0, Culture=neutral, PublicKeyToken=null]]'.
2026-05-06 16:10:34.431 +07:00 [INF] Executed action ThucLuc.Api.Controllers.V1.DonViController.GetById (ThucLuc.Api) in 48.5242ms
2026-05-06 16:10:34.434 +07:00 [INF] Executed endpoint 'ThucLuc.Api.Controllers.V1.DonViController.GetById (ThucLuc.Api)'
2026-05-06 16:10:34.435 +07:00 [INF] HTTP GET /api/v1/don-vi/2001 => 200 in 78.0555 ms CorrelationId=6d7d2910c08a4cb0b7889b008b1ec339 UserId=5001
2026-05-06 16:10:34.440 +07:00 [INF] HTTP GET /api/v1/don-vi/2001 responded 200 in 82.6444 ms
2026-05-06 16:10:34.441 +07:00 [INF] Executing OkObjectResult, writing value of type 'ThucLuc.Api.Common.Models.ApiResponse`1[[ThucLuc.Application.Features.Codes.CodeDto, ThucLuc.Application, Version=1.0.0.0, Culture=neutral, PublicKeyToken=null]]'.
2026-05-06 16:10:34.443 +07:00 [INF] Request finished HTTP/1.1 GET http://localhost:5283/api/v1/don-vi/2001 - 200 null application/json; charset=utf-8 132.1621ms
2026-05-06 16:10:34.446 +07:00 [INF] Executed action ThucLuc.Api.Controllers.V1.CodesController.GetByCode (ThucLuc.Api) in 50.9302ms
2026-05-06 16:10:34.452 +07:00 [INF] Executed endpoint 'ThucLuc.Api.Controllers.V1.CodesController.GetByCode (ThucLuc.Api)'
2026-05-06 16:10:34.455 +07:00 [INF] HTTP GET /api/v1/codes/by-code/GIAI_PHAP_ATTT => 200 in 66.5936 ms CorrelationId=2a572f31b2b045e394a77d7c4c9cb5f5 UserId=5001
2026-05-06 16:10:34.458 +07:00 [INF] HTTP GET /api/v1/codes/by-code/GIAI_PHAP_ATTT responded 200 in 70.3280 ms
2026-05-06 16:10:34.461 +07:00 [INF] Request finished HTTP/1.1 GET http://localhost:5283/api/v1/codes/by-code/GIAI_PHAP_ATTT - 200 null application/json; charset=utf-8 82.4381ms
2026-05-06 16:10:34.482 +07:00 [INF] Request starting HTTP/1.1 OPTIONS http://localhost:5283/api/v1/giai-phap-attt?donViId=2001 - null null
2026-05-06 16:10:34.488 +07:00 [INF] CORS policy execution successful.
2026-05-06 16:10:34.489 +07:00 [INF] HTTP OPTIONS /api/v1/giai-phap-attt => 204 in 1.3806 ms CorrelationId=366f7744e6ef4600bbb3f32af8e3ae22 UserId=anonymous
2026-05-06 16:10:34.492 +07:00 [INF] HTTP OPTIONS /api/v1/giai-phap-attt responded 204 in 4.4340 ms
2026-05-06 16:10:34.495 +07:00 [INF] Request finished HTTP/1.1 OPTIONS http://localhost:5283/api/v1/giai-phap-attt?donViId=2001 - 204 null null 13.2125ms
2026-05-06 16:10:34.500 +07:00 [INF] Request starting HTTP/1.1 GET http://localhost:5283/api/v1/giai-phap-attt?donViId=2001 - null null
2026-05-06 16:10:34.504 +07:00 [INF] CORS policy execution successful.
2026-05-06 16:10:34.505 +07:00 [INF] Executing endpoint 'ThucLuc.Api.Controllers.V1.GiaiPhapAtttController.GetAll (ThucLuc.Api)'
2026-05-06 16:10:34.506 +07:00 [INF] Route matched with {action = "GetAll", controller = "GiaiPhapAttt"}. Executing controller action with signature System.Threading.Tasks.Task`1[Microsoft.AspNetCore.Mvc.ActionResult`1[ThucLuc.Api.Common.Models.ApiResponse`1[System.Collections.Generic.IReadOnlyCollection`1[ThucLuc.Application.Features.GiaiPhapAttt.GiaiPhapAtttDto]]]] GetAll(ThucLuc.Application.Features.GiaiPhapAttt.GiaiPhapAtttQuery, System.Threading.CancellationToken) on controller ThucLuc.Api.Controllers.V1.GiaiPhapAtttController (ThucLuc.Api).
2026-05-06 16:10:34.557 +07:00 [INF] Executing OkObjectResult, writing value of type 'ThucLuc.Api.Common.Models.ApiResponse`1[[System.Collections.Generic.IReadOnlyCollection`1[[ThucLuc.Application.Features.GiaiPhapAttt.GiaiPhapAtttDto, ThucLuc.Application, Version=1.0.0.0, Culture=neutral, PublicKeyToken=null]], System.Private.CoreLib, Version=8.0.0.0, Culture=neutral, PublicKeyToken=7cec85d7bea7798e]]'.
2026-05-06 16:10:34.558 +07:00 [INF] Executed action ThucLuc.Api.Controllers.V1.GiaiPhapAtttController.GetAll (ThucLuc.Api) in 49.0569ms
2026-05-06 16:10:34.560 +07:00 [INF] Executed endpoint 'ThucLuc.Api.Controllers.V1.GiaiPhapAtttController.GetAll (ThucLuc.Api)'
2026-05-06 16:10:34.562 +07:00 [INF] HTTP GET /api/v1/giai-phap-attt => 200 in 57.8553 ms CorrelationId=00de1a07cb234931a2a3b03c85b0459b UserId=5001
2026-05-06 16:10:34.564 +07:00 [INF] HTTP GET /api/v1/giai-phap-attt responded 200 in 60.4588 ms
2026-05-06 16:10:34.566 +07:00 [INF] Request finished HTTP/1.1 GET http://localhost:5283/api/v1/giai-phap-attt?donViId=2001 - 200 null application/json; charset=utf-8 66.5718ms
2026-05-06 16:13:03.016 +07:00 [INF] Request starting HTTP/1.1 OPTIONS http://localhost:5283/api/v1/don-vi/2001 - null null
2026-05-06 16:13:03.028 +07:00 [INF] Request starting HTTP/1.1 OPTIONS http://localhost:5283/api/v1/codes/by-code/GIAI_PHAP_ATTT - null null
2026-05-06 16:13:03.040 +07:00 [INF] CORS policy execution successful.
2026-05-06 16:13:03.044 +07:00 [INF] CORS policy execution successful.
2026-05-06 16:13:03.045 +07:00 [INF] HTTP OPTIONS /api/v1/don-vi/2001 => 204 in 4.8933 ms CorrelationId=bcb2a8c1cff8489bbad3729a2113fcd7 UserId=anonymous
2026-05-06 16:13:03.047 +07:00 [INF] HTTP OPTIONS /api/v1/codes/by-code/GIAI_PHAP_ATTT => 204 in 2.6328 ms CorrelationId=6f48f703438347b6b6c867522ac6513d UserId=anonymous
2026-05-06 16:13:03.052 +07:00 [INF] HTTP OPTIONS /api/v1/don-vi/2001 responded 204 in 11.7151 ms
2026-05-06 16:13:03.056 +07:00 [INF] HTTP OPTIONS /api/v1/codes/by-code/GIAI_PHAP_ATTT responded 204 in 12.4214 ms
2026-05-06 16:13:03.059 +07:00 [INF] Request finished HTTP/1.1 OPTIONS http://localhost:5283/api/v1/don-vi/2001 - 204 null null 43.4832ms
2026-05-06 16:13:03.062 +07:00 [INF] Request finished HTTP/1.1 OPTIONS http://localhost:5283/api/v1/codes/by-code/GIAI_PHAP_ATTT - 204 null null 33.7965ms
2026-05-06 16:13:03.102 +07:00 [INF] Request starting HTTP/1.1 GET http://localhost:5283/api/v1/don-vi/2001 - null null
2026-05-06 16:13:03.109 +07:00 [INF] Request starting HTTP/1.1 GET http://localhost:5283/api/v1/codes/by-code/GIAI_PHAP_ATTT - null null
2026-05-06 16:13:03.121 +07:00 [INF] CORS policy execution successful.
2026-05-06 16:13:03.125 +07:00 [INF] CORS policy execution successful.
2026-05-06 16:13:03.127 +07:00 [INF] Executing endpoint 'ThucLuc.Api.Controllers.V1.DonViController.GetById (ThucLuc.Api)'
2026-05-06 16:13:03.128 +07:00 [INF] Executing endpoint 'ThucLuc.Api.Controllers.V1.CodesController.GetByCode (ThucLuc.Api)'
2026-05-06 16:13:03.131 +07:00 [INF] Route matched with {action = "GetById", controller = "DonVi"}. Executing controller action with signature System.Threading.Tasks.Task`1[Microsoft.AspNetCore.Mvc.ActionResult`1[ThucLuc.Api.Common.Models.ApiResponse`1[ThucLuc.Application.Features.DonVi.DonViDto]]] GetById(Int64, System.Threading.CancellationToken) on controller ThucLuc.Api.Controllers.V1.DonViController (ThucLuc.Api).
2026-05-06 16:13:03.132 +07:00 [INF] Route matched with {action = "GetByCode", controller = "Codes"}. Executing controller action with signature System.Threading.Tasks.Task`1[Microsoft.AspNetCore.Mvc.ActionResult`1[ThucLuc.Api.Common.Models.ApiResponse`1[ThucLuc.Application.Features.Codes.CodeDto]]] GetByCode(System.String, System.Threading.CancellationToken) on controller ThucLuc.Api.Controllers.V1.CodesController (ThucLuc.Api).
2026-05-06 16:13:03.186 +07:00 [INF] Executing OkObjectResult, writing value of type 'ThucLuc.Api.Common.Models.ApiResponse`1[[ThucLuc.Application.Features.DonVi.DonViDto, ThucLuc.Application, Version=1.0.0.0, Culture=neutral, PublicKeyToken=null]]'.
2026-05-06 16:13:03.188 +07:00 [INF] Executed action ThucLuc.Api.Controllers.V1.DonViController.GetById (ThucLuc.Api) in 49.4643ms
2026-05-06 16:13:03.190 +07:00 [INF] Executed endpoint 'ThucLuc.Api.Controllers.V1.DonViController.GetById (ThucLuc.Api)'
2026-05-06 16:13:03.192 +07:00 [INF] HTTP GET /api/v1/don-vi/2001 => 200 in 71.0386 ms CorrelationId=90b4b9eadb4e4ad38ab82d7bca128b7a UserId=5001
2026-05-06 16:13:03.194 +07:00 [INF] Executing OkObjectResult, writing value of type 'ThucLuc.Api.Common.Models.ApiResponse`1[[ThucLuc.Application.Features.Codes.CodeDto, ThucLuc.Application, Version=1.0.0.0, Culture=neutral, PublicKeyToken=null]]'.
2026-05-06 16:13:03.195 +07:00 [INF] HTTP GET /api/v1/don-vi/2001 responded 200 in 74.5981 ms
2026-05-06 16:13:03.198 +07:00 [INF] Executed action ThucLuc.Api.Controllers.V1.CodesController.GetByCode (ThucLuc.Api) in 54.3653ms
2026-05-06 16:13:03.200 +07:00 [INF] Request finished HTTP/1.1 GET http://localhost:5283/api/v1/don-vi/2001 - 200 null application/json; charset=utf-8 97.8669ms
2026-05-06 16:13:03.202 +07:00 [INF] Executed endpoint 'ThucLuc.Api.Controllers.V1.CodesController.GetByCode (ThucLuc.Api)'
2026-05-06 16:13:03.208 +07:00 [INF] HTTP GET /api/v1/codes/by-code/GIAI_PHAP_ATTT => 200 in 82.5932 ms CorrelationId=ee17bd298e7a42f6848821248d6830a0 UserId=5001
2026-05-06 16:13:03.211 +07:00 [INF] HTTP GET /api/v1/codes/by-code/GIAI_PHAP_ATTT responded 200 in 85.6949 ms
2026-05-06 16:13:03.214 +07:00 [INF] Request finished HTTP/1.1 GET http://localhost:5283/api/v1/codes/by-code/GIAI_PHAP_ATTT - 200 null application/json; charset=utf-8 104.3826ms
2026-05-06 16:13:03.218 +07:00 [INF] Request starting HTTP/1.1 OPTIONS http://localhost:5283/api/v1/giai-phap-attt?donViId=2001 - null null
2026-05-06 16:13:03.223 +07:00 [INF] CORS policy execution successful.
2026-05-06 16:13:03.224 +07:00 [INF] HTTP OPTIONS /api/v1/giai-phap-attt => 204 in 1.5874 ms CorrelationId=2bc2f69cbfdb4b8f8cf959439dc29d02 UserId=anonymous
2026-05-06 16:13:03.228 +07:00 [INF] HTTP OPTIONS /api/v1/giai-phap-attt responded 204 in 4.9258 ms
2026-05-06 16:13:03.231 +07:00 [INF] Request finished HTTP/1.1 OPTIONS http://localhost:5283/api/v1/giai-phap-attt?donViId=2001 - 204 null null 12.3282ms
2026-05-06 16:13:03.236 +07:00 [INF] Request starting HTTP/1.1 GET http://localhost:5283/api/v1/giai-phap-attt?donViId=2001 - null null
2026-05-06 16:13:03.239 +07:00 [INF] CORS policy execution successful.
2026-05-06 16:13:03.240 +07:00 [INF] Executing endpoint 'ThucLuc.Api.Controllers.V1.GiaiPhapAtttController.GetAll (ThucLuc.Api)'
2026-05-06 16:13:03.242 +07:00 [INF] Route matched with {action = "GetAll", controller = "GiaiPhapAttt"}. Executing controller action with signature System.Threading.Tasks.Task`1[Microsoft.AspNetCore.Mvc.ActionResult`1[ThucLuc.Api.Common.Models.ApiResponse`1[System.Collections.Generic.IReadOnlyCollection`1[ThucLuc.Application.Features.GiaiPhapAttt.GiaiPhapAtttDto]]]] GetAll(ThucLuc.Application.Features.GiaiPhapAttt.GiaiPhapAtttQuery, System.Threading.CancellationToken) on controller ThucLuc.Api.Controllers.V1.GiaiPhapAtttController (ThucLuc.Api).
2026-05-06 16:13:03.289 +07:00 [INF] Executing OkObjectResult, writing value of type 'ThucLuc.Api.Common.Models.ApiResponse`1[[System.Collections.Generic.IReadOnlyCollection`1[[ThucLuc.Application.Features.GiaiPhapAttt.GiaiPhapAtttDto, ThucLuc.Application, Version=1.0.0.0, Culture=neutral, PublicKeyToken=null]], System.Private.CoreLib, Version=8.0.0.0, Culture=neutral, PublicKeyToken=7cec85d7bea7798e]]'.
2026-05-06 16:13:03.292 +07:00 [INF] Executed action ThucLuc.Api.Controllers.V1.GiaiPhapAtttController.GetAll (ThucLuc.Api) in 47.4288ms
2026-05-06 16:13:03.293 +07:00 [INF] Executed endpoint 'ThucLuc.Api.Controllers.V1.GiaiPhapAtttController.GetAll (ThucLuc.Api)'
2026-05-06 16:13:03.294 +07:00 [INF] HTTP GET /api/v1/giai-phap-attt => 200 in 55.7196 ms CorrelationId=eb0c19e593df4af39ccb55fbe6363028 UserId=5001
2026-05-06 16:13:03.298 +07:00 [INF] HTTP GET /api/v1/giai-phap-attt responded 200 in 59.5852 ms
2026-05-06 16:13:03.301 +07:00 [INF] Request finished HTTP/1.1 GET http://localhost:5283/api/v1/giai-phap-attt?donViId=2001 - 200 null application/json; charset=utf-8 65.4666ms
2026-05-06 16:13:12.166 +07:00 [INF] Request starting HTTP/1.1 OPTIONS http://localhost:5283/api/v1/don-vi/2001 - null null
2026-05-06 16:13:12.171 +07:00 [INF] CORS policy execution successful.
2026-05-06 16:13:12.172 +07:00 [INF] HTTP OPTIONS /api/v1/don-vi/2001 => 204 in 1.3595 ms CorrelationId=6d6e85670560489e868c0fcd895707dc UserId=anonymous
2026-05-06 16:13:12.173 +07:00 [INF] Request starting HTTP/1.1 OPTIONS http://localhost:5283/api/v1/codes/by-code/GIAI_PHAP_ATTT - null null
2026-05-06 16:13:12.175 +07:00 [INF] HTTP OPTIONS /api/v1/don-vi/2001 responded 204 in 4.6194 ms
2026-05-06 16:13:12.180 +07:00 [INF] CORS policy execution successful.
2026-05-06 16:13:12.183 +07:00 [INF] Request finished HTTP/1.1 OPTIONS http://localhost:5283/api/v1/don-vi/2001 - 204 null null 16.5444ms
2026-05-06 16:13:12.184 +07:00 [INF] HTTP OPTIONS /api/v1/codes/by-code/GIAI_PHAP_ATTT => 204 in 3.7632 ms CorrelationId=b3012aa91d49451093253dbcd86eb3cc UserId=anonymous
2026-05-06 16:13:12.189 +07:00 [INF] Request starting HTTP/1.1 GET http://localhost:5283/api/v1/don-vi/2001 - null null
2026-05-06 16:13:12.211 +07:00 [INF] HTTP OPTIONS /api/v1/codes/by-code/GIAI_PHAP_ATTT responded 204 in 30.9060 ms
2026-05-06 16:13:12.216 +07:00 [INF] CORS policy execution successful.
2026-05-06 16:13:12.220 +07:00 [INF] Request finished HTTP/1.1 OPTIONS http://localhost:5283/api/v1/codes/by-code/GIAI_PHAP_ATTT - 204 null null 47.072ms
2026-05-06 16:13:12.222 +07:00 [INF] Executing endpoint 'ThucLuc.Api.Controllers.V1.DonViController.GetById (ThucLuc.Api)'
2026-05-06 16:13:12.226 +07:00 [INF] Request starting HTTP/1.1 GET http://localhost:5283/api/v1/codes/by-code/GIAI_PHAP_ATTT - null null
2026-05-06 16:13:12.228 +07:00 [INF] Route matched with {action = "GetById", controller = "DonVi"}. Executing controller action with signature System.Threading.Tasks.Task`1[Microsoft.AspNetCore.Mvc.ActionResult`1[ThucLuc.Api.Common.Models.ApiResponse`1[ThucLuc.Application.Features.DonVi.DonViDto]]] GetById(Int64, System.Threading.CancellationToken) on controller ThucLuc.Api.Controllers.V1.DonViController (ThucLuc.Api).
2026-05-06 16:13:12.234 +07:00 [INF] CORS policy execution successful.
2026-05-06 16:13:12.240 +07:00 [INF] Executing endpoint 'ThucLuc.Api.Controllers.V1.CodesController.GetByCode (ThucLuc.Api)'
2026-05-06 16:13:12.241 +07:00 [INF] Route matched with {action = "GetByCode", controller = "Codes"}. Executing controller action with signature System.Threading.Tasks.Task`1[Microsoft.AspNetCore.Mvc.ActionResult`1[ThucLuc.Api.Common.Models.ApiResponse`1[ThucLuc.Application.Features.Codes.CodeDto]]] GetByCode(System.String, System.Threading.CancellationToken) on controller ThucLuc.Api.Controllers.V1.CodesController (ThucLuc.Api).
2026-05-06 16:13:12.282 +07:00 [INF] Executing OkObjectResult, writing value of type 'ThucLuc.Api.Common.Models.ApiResponse`1[[ThucLuc.Application.Features.DonVi.DonViDto, ThucLuc.Application, Version=1.0.0.0, Culture=neutral, PublicKeyToken=null]]'.
2026-05-06 16:13:12.284 +07:00 [INF] Executed action ThucLuc.Api.Controllers.V1.DonViController.GetById (ThucLuc.Api) in 45.9696ms
2026-05-06 16:13:12.286 +07:00 [INF] Executed endpoint 'ThucLuc.Api.Controllers.V1.DonViController.GetById (ThucLuc.Api)'
2026-05-06 16:13:12.287 +07:00 [INF] HTTP GET /api/v1/don-vi/2001 => 200 in 71.4862 ms CorrelationId=a1764c39f5d649a3a8f1bab5acb6c5b9 UserId=5001
2026-05-06 16:13:12.290 +07:00 [INF] HTTP GET /api/v1/don-vi/2001 responded 200 in 74.1069 ms
2026-05-06 16:13:12.293 +07:00 [INF] Request finished HTTP/1.1 GET http://localhost:5283/api/v1/don-vi/2001 - 200 null application/json; charset=utf-8 103.1731ms
2026-05-06 16:13:12.293 +07:00 [INF] Executing OkObjectResult, writing value of type 'ThucLuc.Api.Common.Models.ApiResponse`1[[ThucLuc.Application.Features.Codes.CodeDto, ThucLuc.Application, Version=1.0.0.0, Culture=neutral, PublicKeyToken=null]]'.
2026-05-06 16:13:12.303 +07:00 [INF] Executed action ThucLuc.Api.Controllers.V1.CodesController.GetByCode (ThucLuc.Api) in 58.2467ms
2026-05-06 16:13:12.306 +07:00 [INF] Executed endpoint 'ThucLuc.Api.Controllers.V1.CodesController.GetByCode (ThucLuc.Api)'
2026-05-06 16:13:12.307 +07:00 [INF] HTTP GET /api/v1/codes/by-code/GIAI_PHAP_ATTT => 200 in 73.3947 ms CorrelationId=2c6acb64483f48a7bfa8ea57e05024ac UserId=5001
2026-05-06 16:13:12.311 +07:00 [INF] HTTP GET /api/v1/codes/by-code/GIAI_PHAP_ATTT responded 200 in 76.9679 ms
2026-05-06 16:13:12.314 +07:00 [INF] Request finished HTTP/1.1 GET http://localhost:5283/api/v1/codes/by-code/GIAI_PHAP_ATTT - 200 null application/json; charset=utf-8 87.0439ms
2026-05-06 16:13:12.359 +07:00 [INF] Request starting HTTP/1.1 OPTIONS http://localhost:5283/api/v1/giai-phap-attt?donViId=2001 - null null
2026-05-06 16:13:12.365 +07:00 [INF] CORS policy execution successful.
2026-05-06 16:13:12.366 +07:00 [INF] HTTP OPTIONS /api/v1/giai-phap-attt => 204 in 1.7365 ms CorrelationId=caf20e8668d4443698156a1322ec2460 UserId=anonymous
2026-05-06 16:13:12.370 +07:00 [INF] HTTP OPTIONS /api/v1/giai-phap-attt responded 204 in 5.3358 ms
2026-05-06 16:13:12.372 +07:00 [INF] Request finished HTTP/1.1 OPTIONS http://localhost:5283/api/v1/giai-phap-attt?donViId=2001 - 204 null null 13.3749ms
2026-05-06 16:13:12.378 +07:00 [INF] Request starting HTTP/1.1 GET http://localhost:5283/api/v1/giai-phap-attt?donViId=2001 - null null
2026-05-06 16:13:12.383 +07:00 [INF] CORS policy execution successful.
2026-05-06 16:13:12.385 +07:00 [INF] Executing endpoint 'ThucLuc.Api.Controllers.V1.GiaiPhapAtttController.GetAll (ThucLuc.Api)'
2026-05-06 16:13:12.387 +07:00 [INF] Route matched with {action = "GetAll", controller = "GiaiPhapAttt"}. Executing controller action with signature System.Threading.Tasks.Task`1[Microsoft.AspNetCore.Mvc.ActionResult`1[ThucLuc.Api.Common.Models.ApiResponse`1[System.Collections.Generic.IReadOnlyCollection`1[ThucLuc.Application.Features.GiaiPhapAttt.GiaiPhapAtttDto]]]] GetAll(ThucLuc.Application.Features.GiaiPhapAttt.GiaiPhapAtttQuery, System.Threading.CancellationToken) on controller ThucLuc.Api.Controllers.V1.GiaiPhapAtttController (ThucLuc.Api).
2026-05-06 16:13:12.433 +07:00 [INF] Executing OkObjectResult, writing value of type 'ThucLuc.Api.Common.Models.ApiResponse`1[[System.Collections.Generic.IReadOnlyCollection`1[[ThucLuc.Application.Features.GiaiPhapAttt.GiaiPhapAtttDto, ThucLuc.Application, Version=1.0.0.0, Culture=neutral, PublicKeyToken=null]], System.Private.CoreLib, Version=8.0.0.0, Culture=neutral, PublicKeyToken=7cec85d7bea7798e]]'.
2026-05-06 16:13:12.437 +07:00 [INF] Executed action ThucLuc.Api.Controllers.V1.GiaiPhapAtttController.GetAll (ThucLuc.Api) in 47.2421ms
2026-05-06 16:13:12.441 +07:00 [INF] Executed endpoint 'ThucLuc.Api.Controllers.V1.GiaiPhapAtttController.GetAll (ThucLuc.Api)'
2026-05-06 16:13:12.443 +07:00 [INF] HTTP GET /api/v1/giai-phap-attt => 200 in 59.9562 ms CorrelationId=ffeaa5649e3b488ca2eaaaf44fc3e6af UserId=5001
2026-05-06 16:13:12.448 +07:00 [INF] HTTP GET /api/v1/giai-phap-attt responded 200 in 65.2879 ms
2026-05-06 16:13:12.451 +07:00 [INF] Request finished HTTP/1.1 GET http://localhost:5283/api/v1/giai-phap-attt?donViId=2001 - 200 null application/json; charset=utf-8 73.8247ms
2026-05-06 16:13:26.378 +07:00 [INF] Request starting HTTP/1.1 OPTIONS http://localhost:5283/api/v1/don-vi/2001 - null null
2026-05-06 16:13:26.383 +07:00 [INF] CORS policy execution successful.
2026-05-06 16:13:26.384 +07:00 [INF] HTTP OPTIONS /api/v1/don-vi/2001 => 204 in 1.2445 ms CorrelationId=eed08831613d4b148170bd2e6b836211 UserId=anonymous
2026-05-06 16:13:26.385 +07:00 [INF] Request starting HTTP/1.1 OPTIONS http://localhost:5283/api/v1/codes/by-code/GIAI_PHAP_ATTT - null null
2026-05-06 16:13:26.387 +07:00 [INF] HTTP OPTIONS /api/v1/don-vi/2001 responded 204 in 4.6493 ms
2026-05-06 16:13:26.392 +07:00 [INF] CORS policy execution successful.
2026-05-06 16:13:26.395 +07:00 [INF] Request finished HTTP/1.1 OPTIONS http://localhost:5283/api/v1/don-vi/2001 - 204 null null 17.0993ms
2026-05-06 16:13:26.397 +07:00 [INF] HTTP OPTIONS /api/v1/codes/by-code/GIAI_PHAP_ATTT => 204 in 4.7339 ms CorrelationId=d70b5d43000d465f82d06f75a5e3dfa0 UserId=anonymous
2026-05-06 16:13:26.404 +07:00 [INF] Request starting HTTP/1.1 GET http://localhost:5283/api/v1/don-vi/2001 - null null
2026-05-06 16:13:26.405 +07:00 [INF] HTTP OPTIONS /api/v1/codes/by-code/GIAI_PHAP_ATTT responded 204 in 13.0179 ms
2026-05-06 16:13:26.409 +07:00 [INF] CORS policy execution successful.
2026-05-06 16:13:26.416 +07:00 [INF] Request finished HTTP/1.1 OPTIONS http://localhost:5283/api/v1/codes/by-code/GIAI_PHAP_ATTT - 204 null null 30.7134ms
2026-05-06 16:13:26.417 +07:00 [INF] Executing endpoint 'ThucLuc.Api.Controllers.V1.DonViController.GetById (ThucLuc.Api)'
2026-05-06 16:13:26.448 +07:00 [INF] Request starting HTTP/1.1 GET http://localhost:5283/api/v1/codes/by-code/GIAI_PHAP_ATTT - null null
2026-05-06 16:13:26.450 +07:00 [INF] Route matched with {action = "GetById", controller = "DonVi"}. Executing controller action with signature System.Threading.Tasks.Task`1[Microsoft.AspNetCore.Mvc.ActionResult`1[ThucLuc.Api.Common.Models.ApiResponse`1[ThucLuc.Application.Features.DonVi.DonViDto]]] GetById(Int64, System.Threading.CancellationToken) on controller ThucLuc.Api.Controllers.V1.DonViController (ThucLuc.Api).
2026-05-06 16:13:26.454 +07:00 [INF] CORS policy execution successful.
2026-05-06 16:13:26.459 +07:00 [INF] Executing endpoint 'ThucLuc.Api.Controllers.V1.CodesController.GetByCode (ThucLuc.Api)'
2026-05-06 16:13:26.460 +07:00 [INF] Executing OkObjectResult, writing value of type 'ThucLuc.Api.Common.Models.ApiResponse`1[[ThucLuc.Application.Features.DonVi.DonViDto, ThucLuc.Application, Version=1.0.0.0, Culture=neutral, PublicKeyToken=null]]'.
2026-05-06 16:13:26.467 +07:00 [INF] Executed action ThucLuc.Api.Controllers.V1.DonViController.GetById (ThucLuc.Api) in 9.5495ms
2026-05-06 16:13:26.461 +07:00 [INF] Route matched with {action = "GetByCode", controller = "Codes"}. Executing controller action with signature System.Threading.Tasks.Task`1[Microsoft.AspNetCore.Mvc.ActionResult`1[ThucLuc.Api.Common.Models.ApiResponse`1[ThucLuc.Application.Features.Codes.CodeDto]]] GetByCode(System.String, System.Threading.CancellationToken) on controller ThucLuc.Api.Controllers.V1.CodesController (ThucLuc.Api).
2026-05-06 16:13:26.471 +07:00 [INF] Executed endpoint 'ThucLuc.Api.Controllers.V1.DonViController.GetById (ThucLuc.Api)'
2026-05-06 16:13:26.481 +07:00 [INF] Executing OkObjectResult, writing value of type 'ThucLuc.Api.Common.Models.ApiResponse`1[[ThucLuc.Application.Features.Codes.CodeDto, ThucLuc.Application, Version=1.0.0.0, Culture=neutral, PublicKeyToken=null]]'.
2026-05-06 16:13:26.483 +07:00 [INF] HTTP GET /api/v1/don-vi/2001 => 200 in 74.5794 ms CorrelationId=b2dc4a9b453b4ababe85454e9648219d UserId=5001
2026-05-06 16:13:26.486 +07:00 [INF] Executed action ThucLuc.Api.Controllers.V1.CodesController.GetByCode (ThucLuc.Api) in 9.4688ms
2026-05-06 16:13:26.489 +07:00 [INF] HTTP GET /api/v1/don-vi/2001 responded 200 in 80.1353 ms
2026-05-06 16:13:26.491 +07:00 [INF] Executed endpoint 'ThucLuc.Api.Controllers.V1.CodesController.GetByCode (ThucLuc.Api)'
2026-05-06 16:13:26.493 +07:00 [INF] Request finished HTTP/1.1 GET http://localhost:5283/api/v1/don-vi/2001 - 200 null application/json; charset=utf-8 89.1306ms
2026-05-06 16:13:26.495 +07:00 [INF] HTTP GET /api/v1/codes/by-code/GIAI_PHAP_ATTT => 200 in 41.4436 ms CorrelationId=468267b11fcb48beaf8645ef845ffe56 UserId=5001
2026-05-06 16:13:26.504 +07:00 [INF] HTTP GET /api/v1/codes/by-code/GIAI_PHAP_ATTT responded 200 in 49.9585 ms
2026-05-06 16:13:26.506 +07:00 [INF] Request finished HTTP/1.1 GET http://localhost:5283/api/v1/codes/by-code/GIAI_PHAP_ATTT - 200 null application/json; charset=utf-8 58.2732ms
2026-05-06 16:13:26.560 +07:00 [INF] Request starting HTTP/1.1 OPTIONS http://localhost:5283/api/v1/giai-phap-attt?donViId=2001 - null null
2026-05-06 16:13:26.565 +07:00 [INF] CORS policy execution successful.
2026-05-06 16:13:26.566 +07:00 [INF] HTTP OPTIONS /api/v1/giai-phap-attt => 204 in 1.1907 ms CorrelationId=422c91fb216b43dbb17cb3fa64babbd3 UserId=anonymous
2026-05-06 16:13:26.569 +07:00 [INF] HTTP OPTIONS /api/v1/giai-phap-attt responded 204 in 4.7116 ms
2026-05-06 16:13:26.572 +07:00 [INF] Request finished HTTP/1.1 OPTIONS http://localhost:5283/api/v1/giai-phap-attt?donViId=2001 - 204 null null 11.5906ms
2026-05-06 16:13:26.576 +07:00 [INF] Request starting HTTP/1.1 GET http://localhost:5283/api/v1/giai-phap-attt?donViId=2001 - null null
2026-05-06 16:13:26.579 +07:00 [INF] CORS policy execution successful.
2026-05-06 16:13:26.581 +07:00 [INF] Executing endpoint 'ThucLuc.Api.Controllers.V1.GiaiPhapAtttController.GetAll (ThucLuc.Api)'
2026-05-06 16:13:26.582 +07:00 [INF] Route matched with {action = "GetAll", controller = "GiaiPhapAttt"}. Executing controller action with signature System.Threading.Tasks.Task`1[Microsoft.AspNetCore.Mvc.ActionResult`1[ThucLuc.Api.Common.Models.ApiResponse`1[System.Collections.Generic.IReadOnlyCollection`1[ThucLuc.Application.Features.GiaiPhapAttt.GiaiPhapAtttDto]]]] GetAll(ThucLuc.Application.Features.GiaiPhapAttt.GiaiPhapAtttQuery, System.Threading.CancellationToken) on controller ThucLuc.Api.Controllers.V1.GiaiPhapAtttController (ThucLuc.Api).
2026-05-06 16:13:26.587 +07:00 [INF] Executing OkObjectResult, writing value of type 'ThucLuc.Api.Common.Models.ApiResponse`1[[System.Collections.Generic.IReadOnlyCollection`1[[ThucLuc.Application.Features.GiaiPhapAttt.GiaiPhapAtttDto, ThucLuc.Application, Version=1.0.0.0, Culture=neutral, PublicKeyToken=null]], System.Private.CoreLib, Version=8.0.0.0, Culture=neutral, PublicKeyToken=7cec85d7bea7798e]]'.
2026-05-06 16:13:26.588 +07:00 [INF] Executed action ThucLuc.Api.Controllers.V1.GiaiPhapAtttController.GetAll (ThucLuc.Api) in 3.6249ms
2026-05-06 16:13:26.590 +07:00 [INF] Executed endpoint 'ThucLuc.Api.Controllers.V1.GiaiPhapAtttController.GetAll (ThucLuc.Api)'
2026-05-06 16:13:26.592 +07:00 [INF] HTTP GET /api/v1/giai-phap-attt => 200 in 12.7145 ms CorrelationId=ccb00ce127fb47f68508218d13b9c585 UserId=5001
2026-05-06 16:13:26.594 +07:00 [INF] HTTP GET /api/v1/giai-phap-attt responded 200 in 15.1068 ms
2026-05-06 16:13:26.597 +07:00 [INF] Request finished HTTP/1.1 GET http://localhost:5283/api/v1/giai-phap-attt?donViId=2001 - 200 null application/json; charset=utf-8 21.3879ms
2026-05-06 16:14:13.780 +07:00 [INF] Request starting HTTP/1.1 OPTIONS http://localhost:5283/api/v1/don-vi/2001 - null null
2026-05-06 16:14:13.787 +07:00 [INF] CORS policy execution successful.
2026-05-06 16:14:13.789 +07:00 [INF] HTTP OPTIONS /api/v1/don-vi/2001 => 204 in 2.6457 ms CorrelationId=c3446783ca7c45cfbcfc681944d84881 UserId=anonymous
2026-05-06 16:14:13.796 +07:00 [INF] Request starting HTTP/1.1 OPTIONS http://localhost:5283/api/v1/codes/by-code/GIAI_PHAP_ATTT - null null
2026-05-06 16:14:13.798 +07:00 [INF] HTTP OPTIONS /api/v1/don-vi/2001 responded 204 in 10.9908 ms
2026-05-06 16:14:13.801 +07:00 [INF] CORS policy execution successful.
2026-05-06 16:14:13.802 +07:00 [INF] Request finished HTTP/1.1 OPTIONS http://localhost:5283/api/v1/don-vi/2001 - 204 null null 21.9606ms
2026-05-06 16:14:13.803 +07:00 [INF] HTTP OPTIONS /api/v1/codes/by-code/GIAI_PHAP_ATTT => 204 in 2.755 ms CorrelationId=a4960822706140f6860609cde62a5ed0 UserId=anonymous
2026-05-06 16:14:13.808 +07:00 [INF] Request starting HTTP/1.1 GET http://localhost:5283/api/v1/don-vi/2001 - null null
2026-05-06 16:14:13.811 +07:00 [INF] HTTP OPTIONS /api/v1/codes/by-code/GIAI_PHAP_ATTT responded 204 in 10.1117 ms
2026-05-06 16:14:13.820 +07:00 [INF] CORS policy execution successful.
2026-05-06 16:14:13.822 +07:00 [INF] Request finished HTTP/1.1 OPTIONS http://localhost:5283/api/v1/codes/by-code/GIAI_PHAP_ATTT - 204 null null 25.6429ms
2026-05-06 16:14:13.824 +07:00 [INF] Executing endpoint 'ThucLuc.Api.Controllers.V1.DonViController.GetById (ThucLuc.Api)'
2026-05-06 16:14:13.828 +07:00 [INF] Request starting HTTP/1.1 GET http://localhost:5283/api/v1/codes/by-code/GIAI_PHAP_ATTT - null null
2026-05-06 16:14:13.830 +07:00 [INF] Route matched with {action = "GetById", controller = "DonVi"}. Executing controller action with signature System.Threading.Tasks.Task`1[Microsoft.AspNetCore.Mvc.ActionResult`1[ThucLuc.Api.Common.Models.ApiResponse`1[ThucLuc.Application.Features.DonVi.DonViDto]]] GetById(Int64, System.Threading.CancellationToken) on controller ThucLuc.Api.Controllers.V1.DonViController (ThucLuc.Api).
2026-05-06 16:14:13.833 +07:00 [INF] CORS policy execution successful.
2026-05-06 16:14:13.837 +07:00 [INF] Executing endpoint 'ThucLuc.Api.Controllers.V1.CodesController.GetByCode (ThucLuc.Api)'
2026-05-06 16:14:13.839 +07:00 [INF] Route matched with {action = "GetByCode", controller = "Codes"}. Executing controller action with signature System.Threading.Tasks.Task`1[Microsoft.AspNetCore.Mvc.ActionResult`1[ThucLuc.Api.Common.Models.ApiResponse`1[ThucLuc.Application.Features.Codes.CodeDto]]] GetByCode(System.String, System.Threading.CancellationToken) on controller ThucLuc.Api.Controllers.V1.CodesController (ThucLuc.Api).
2026-05-06 16:14:13.879 +07:00 [INF] Executing OkObjectResult, writing value of type 'ThucLuc.Api.Common.Models.ApiResponse`1[[ThucLuc.Application.Features.DonVi.DonViDto, ThucLuc.Application, Version=1.0.0.0, Culture=neutral, PublicKeyToken=null]]'.
2026-05-06 16:14:13.881 +07:00 [INF] Executed action ThucLuc.Api.Controllers.V1.DonViController.GetById (ThucLuc.Api) in 45.1083ms
2026-05-06 16:14:13.883 +07:00 [INF] Executed endpoint 'ThucLuc.Api.Controllers.V1.DonViController.GetById (ThucLuc.Api)'
2026-05-06 16:14:13.884 +07:00 [INF] HTTP GET /api/v1/don-vi/2001 => 200 in 64.5203 ms CorrelationId=62ff6e3954714f1990690143218fb3ca UserId=5001
2026-05-06 16:14:13.886 +07:00 [INF] Executing OkObjectResult, writing value of type 'ThucLuc.Api.Common.Models.ApiResponse`1[[ThucLuc.Application.Features.Codes.CodeDto, ThucLuc.Application, Version=1.0.0.0, Culture=neutral, PublicKeyToken=null]]'.
2026-05-06 16:14:13.887 +07:00 [INF] HTTP GET /api/v1/don-vi/2001 responded 200 in 67.6824 ms
2026-05-06 16:14:13.889 +07:00 [INF] Executed action ThucLuc.Api.Controllers.V1.CodesController.GetByCode (ThucLuc.Api) in 48.3403ms
2026-05-06 16:14:13.891 +07:00 [INF] Request finished HTTP/1.1 GET http://localhost:5283/api/v1/don-vi/2001 - 200 null application/json; charset=utf-8 83.3699ms
2026-05-06 16:14:13.893 +07:00 [INF] Executed endpoint 'ThucLuc.Api.Controllers.V1.CodesController.GetByCode (ThucLuc.Api)'
2026-05-06 16:14:13.898 +07:00 [INF] HTTP GET /api/v1/codes/by-code/GIAI_PHAP_ATTT => 200 in 64.7861 ms CorrelationId=501ac96f42f64bc4a7e4eb8f54ed341e UserId=5001
2026-05-06 16:14:13.901 +07:00 [INF] HTTP GET /api/v1/codes/by-code/GIAI_PHAP_ATTT responded 200 in 67.8848 ms
2026-05-06 16:14:13.904 +07:00 [INF] Request finished HTTP/1.1 GET http://localhost:5283/api/v1/codes/by-code/GIAI_PHAP_ATTT - 200 null application/json; charset=utf-8 75.1203ms
2026-05-06 16:14:13.929 +07:00 [INF] Request starting HTTP/1.1 OPTIONS http://localhost:5283/api/v1/giai-phap-attt?donViId=2001 - null null
2026-05-06 16:14:13.933 +07:00 [INF] CORS policy execution successful.
2026-05-06 16:14:13.935 +07:00 [INF] HTTP OPTIONS /api/v1/giai-phap-attt => 204 in 1.2248 ms CorrelationId=82ce846845484e2d9cdd3e4179c22b1d UserId=anonymous
2026-05-06 16:14:13.938 +07:00 [INF] HTTP OPTIONS /api/v1/giai-phap-attt responded 204 in 4.7750 ms
2026-05-06 16:14:13.941 +07:00 [INF] Request finished HTTP/1.1 OPTIONS http://localhost:5283/api/v1/giai-phap-attt?donViId=2001 - 204 null null 12.5295ms
2026-05-06 16:14:13.947 +07:00 [INF] Request starting HTTP/1.1 GET http://localhost:5283/api/v1/giai-phap-attt?donViId=2001 - null null
2026-05-06 16:14:13.951 +07:00 [INF] CORS policy execution successful.
2026-05-06 16:14:13.952 +07:00 [INF] Executing endpoint 'ThucLuc.Api.Controllers.V1.GiaiPhapAtttController.GetAll (ThucLuc.Api)'
2026-05-06 16:14:13.954 +07:00 [INF] Route matched with {action = "GetAll", controller = "GiaiPhapAttt"}. Executing controller action with signature System.Threading.Tasks.Task`1[Microsoft.AspNetCore.Mvc.ActionResult`1[ThucLuc.Api.Common.Models.ApiResponse`1[System.Collections.Generic.IReadOnlyCollection`1[ThucLuc.Application.Features.GiaiPhapAttt.GiaiPhapAtttDto]]]] GetAll(ThucLuc.Application.Features.GiaiPhapAttt.GiaiPhapAtttQuery, System.Threading.CancellationToken) on controller ThucLuc.Api.Controllers.V1.GiaiPhapAtttController (ThucLuc.Api).
2026-05-06 16:14:14.003 +07:00 [INF] Executing OkObjectResult, writing value of type 'ThucLuc.Api.Common.Models.ApiResponse`1[[System.Collections.Generic.IReadOnlyCollection`1[[ThucLuc.Application.Features.GiaiPhapAttt.GiaiPhapAtttDto, ThucLuc.Application, Version=1.0.0.0, Culture=neutral, PublicKeyToken=null]], System.Private.CoreLib, Version=8.0.0.0, Culture=neutral, PublicKeyToken=7cec85d7bea7798e]]'.
2026-05-06 16:14:14.006 +07:00 [INF] Executed action ThucLuc.Api.Controllers.V1.GiaiPhapAtttController.GetAll (ThucLuc.Api) in 48.2631ms
2026-05-06 16:14:14.008 +07:00 [INF] Executed endpoint 'ThucLuc.Api.Controllers.V1.GiaiPhapAtttController.GetAll (ThucLuc.Api)'
2026-05-06 16:14:14.010 +07:00 [INF] HTTP GET /api/v1/giai-phap-attt => 200 in 59.2428 ms CorrelationId=b9198951cee049988d6d38807036edc3 UserId=5001
2026-05-06 16:14:14.013 +07:00 [INF] HTTP GET /api/v1/giai-phap-attt responded 200 in 62.5489 ms
2026-05-06 16:14:14.017 +07:00 [INF] Request finished HTTP/1.1 GET http://localhost:5283/api/v1/giai-phap-attt?donViId=2001 - 200 null application/json; charset=utf-8 69.9785ms
2026-05-06 16:20:37.782 +07:00 [INF] Request starting HTTP/1.1 OPTIONS http://localhost:5283/api/v1/codes/by-code/TINH_TRANG_PHE_DUYET_ATTT - null null
2026-05-06 16:20:37.785 +07:00 [INF] CORS policy execution successful.
2026-05-06 16:20:37.786 +07:00 [INF] HTTP OPTIONS /api/v1/codes/by-code/TINH_TRANG_PHE_DUYET_ATTT => 204 in 1.0426 ms CorrelationId=3c4ce6fcf30f4220a2f7079dd2151bea UserId=anonymous
2026-05-06 16:20:37.788 +07:00 [INF] HTTP OPTIONS /api/v1/codes/by-code/TINH_TRANG_PHE_DUYET_ATTT responded 204 in 3.4010 ms
2026-05-06 16:20:37.790 +07:00 [INF] Request finished HTTP/1.1 OPTIONS http://localhost:5283/api/v1/codes/by-code/TINH_TRANG_PHE_DUYET_ATTT - 204 null null 7.9148ms
2026-05-06 16:20:37.793 +07:00 [INF] Request starting HTTP/1.1 GET http://localhost:5283/api/v1/codes/by-code/TINH_TRANG_PHE_DUYET_ATTT - null null
2026-05-06 16:20:37.796 +07:00 [INF] CORS policy execution successful.
2026-05-06 16:20:37.797 +07:00 [INF] Executing endpoint 'ThucLuc.Api.Controllers.V1.CodesController.GetByCode (ThucLuc.Api)'
2026-05-06 16:20:37.799 +07:00 [INF] Route matched with {action = "GetByCode", controller = "Codes"}. Executing controller action with signature System.Threading.Tasks.Task`1[Microsoft.AspNetCore.Mvc.ActionResult`1[ThucLuc.Api.Common.Models.ApiResponse`1[ThucLuc.Application.Features.Codes.CodeDto]]] GetByCode(System.String, System.Threading.CancellationToken) on controller ThucLuc.Api.Controllers.V1.CodesController (ThucLuc.Api).
2026-05-06 16:20:37.846 +07:00 [INF] Executing OkObjectResult, writing value of type 'ThucLuc.Api.Common.Models.ApiResponse`1[[ThucLuc.Application.Features.Codes.CodeDto, ThucLuc.Application, Version=1.0.0.0, Culture=neutral, PublicKeyToken=null]]'.
2026-05-06 16:20:37.848 +07:00 [INF] Executed action ThucLuc.Api.Controllers.V1.CodesController.GetByCode (ThucLuc.Api) in 46.8175ms
2026-05-06 16:20:37.850 +07:00 [INF] Executed endpoint 'ThucLuc.Api.Controllers.V1.CodesController.GetByCode (ThucLuc.Api)'
2026-05-06 16:20:37.851 +07:00 [INF] HTTP GET /api/v1/codes/by-code/TINH_TRANG_PHE_DUYET_ATTT => 200 in 55.1129 ms CorrelationId=aa705bafc94e4a2eab2dfc0edbc4e36b UserId=5001
2026-05-06 16:20:37.853 +07:00 [INF] HTTP GET /api/v1/codes/by-code/TINH_TRANG_PHE_DUYET_ATTT responded 200 in 57.5825 ms
2026-05-06 16:20:37.856 +07:00 [INF] Request finished HTTP/1.1 GET http://localhost:5283/api/v1/codes/by-code/TINH_TRANG_PHE_DUYET_ATTT - 200 null application/json; charset=utf-8 62.8332ms
2026-05-06 16:20:37.860 +07:00 [INF] Request starting HTTP/1.1 OPTIONS http://localhost:5283/api/v1/ky-bao-cao/current - null null
2026-05-06 16:20:37.861 +07:00 [INF] Request starting HTTP/1.1 OPTIONS http://localhost:5283/api/v1/ky-bao-cao - null null
2026-05-06 16:20:37.863 +07:00 [INF] CORS policy execution successful.
2026-05-06 16:20:37.867 +07:00 [INF] CORS policy execution successful.
2026-05-06 16:20:37.867 +07:00 [INF] HTTP OPTIONS /api/v1/ky-bao-cao/current => 204 in 4.0148 ms CorrelationId=36f544c59cd64732a89ac69cf59a4c31 UserId=anonymous
2026-05-06 16:20:37.868 +07:00 [INF] HTTP OPTIONS /api/v1/ky-bao-cao => 204 in 1.7475 ms CorrelationId=cdc6e04bb96b4ccd884f85da09833494 UserId=anonymous
2026-05-06 16:20:37.871 +07:00 [INF] HTTP OPTIONS /api/v1/ky-bao-cao/current responded 204 in 7.3088 ms
2026-05-06 16:20:37.873 +07:00 [INF] HTTP OPTIONS /api/v1/ky-bao-cao responded 204 in 6.2169 ms
2026-05-06 16:20:37.875 +07:00 [INF] Request finished HTTP/1.1 OPTIONS http://localhost:5283/api/v1/ky-bao-cao/current - 204 null null 14.3628ms
2026-05-06 16:20:37.877 +07:00 [INF] Request finished HTTP/1.1 OPTIONS http://localhost:5283/api/v1/ky-bao-cao - 204 null null 15.779ms
2026-05-06 16:20:37.880 +07:00 [INF] Request starting HTTP/1.1 GET http://localhost:5283/api/v1/ky-bao-cao/current - null null
2026-05-06 16:20:37.884 +07:00 [INF] Request starting HTTP/1.1 GET http://localhost:5283/api/v1/ky-bao-cao - null null
2026-05-06 16:20:37.886 +07:00 [INF] CORS policy execution successful.
2026-05-06 16:20:37.889 +07:00 [INF] CORS policy execution successful.
2026-05-06 16:20:37.890 +07:00 [INF] Executing endpoint 'ThucLuc.Api.Controllers.V1.KyBaoCaoController.GetCurrent (ThucLuc.Api)'
2026-05-06 16:20:37.891 +07:00 [INF] Executing endpoint 'ThucLuc.Api.Controllers.V1.KyBaoCaoController.GetAll (ThucLuc.Api)'
2026-05-06 16:20:37.892 +07:00 [INF] Route matched with {action = "GetCurrent", controller = "KyBaoCao"}. Executing controller action with signature System.Threading.Tasks.Task`1[Microsoft.AspNetCore.Mvc.ActionResult`1[ThucLuc.Api.Common.Models.ApiResponse`1[ThucLuc.Application.Features.KyBaoCao.KyBaoCaoDto]]] GetCurrent(System.Threading.CancellationToken) on controller ThucLuc.Api.Controllers.V1.KyBaoCaoController (ThucLuc.Api).
2026-05-06 16:20:37.894 +07:00 [INF] Route matched with {action = "GetAll", controller = "KyBaoCao"}. Executing controller action with signature System.Threading.Tasks.Task`1[Microsoft.AspNetCore.Mvc.ActionResult`1[ThucLuc.Api.Common.Models.ApiResponse`1[System.Collections.Generic.IReadOnlyCollection`1[ThucLuc.Application.Features.KyBaoCao.KyBaoCaoDto]]]] GetAll(System.Threading.CancellationToken) on controller ThucLuc.Api.Controllers.V1.KyBaoCaoController (ThucLuc.Api).
2026-05-06 16:20:37.942 +07:00 [INF] Executing OkObjectResult, writing value of type 'ThucLuc.Api.Common.Models.ApiResponse`1[[System.Collections.Generic.IReadOnlyCollection`1[[ThucLuc.Application.Features.KyBaoCao.KyBaoCaoDto, ThucLuc.Application, Version=1.0.0.0, Culture=neutral, PublicKeyToken=null]], System.Private.CoreLib, Version=8.0.0.0, Culture=neutral, PublicKeyToken=7cec85d7bea7798e]]'.
2026-05-06 16:20:37.942 +07:00 [INF] Executing OkObjectResult, writing value of type 'ThucLuc.Api.Common.Models.ApiResponse`1[[ThucLuc.Application.Features.KyBaoCao.KyBaoCaoDto, ThucLuc.Application, Version=1.0.0.0, Culture=neutral, PublicKeyToken=null]]'.
2026-05-06 16:20:37.945 +07:00 [INF] Executed action ThucLuc.Api.Controllers.V1.KyBaoCaoController.GetAll (ThucLuc.Api) in 48.2583ms
2026-05-06 16:20:37.949 +07:00 [INF] Executed action ThucLuc.Api.Controllers.V1.KyBaoCaoController.GetCurrent (ThucLuc.Api) in 53.2582ms
2026-05-06 16:20:37.951 +07:00 [INF] Executed endpoint 'ThucLuc.Api.Controllers.V1.KyBaoCaoController.GetAll (ThucLuc.Api)'
2026-05-06 16:20:37.953 +07:00 [INF] Executed endpoint 'ThucLuc.Api.Controllers.V1.KyBaoCaoController.GetCurrent (ThucLuc.Api)'
2026-05-06 16:20:37.954 +07:00 [INF] HTTP GET /api/v1/ky-bao-cao => 200 in 65.3047 ms CorrelationId=6902a72022dc4a00bc54228883f063bf UserId=5001
2026-05-06 16:20:37.955 +07:00 [INF] HTTP GET /api/v1/ky-bao-cao/current => 200 in 69.0196 ms CorrelationId=8abdf1c46aa94cb1b342e62bae5c02af UserId=5001
2026-05-06 16:20:37.957 +07:00 [INF] HTTP GET /api/v1/ky-bao-cao responded 200 in 67.9593 ms
2026-05-06 16:20:37.959 +07:00 [INF] HTTP GET /api/v1/ky-bao-cao/current responded 200 in 72.8820 ms
2026-05-06 16:20:37.961 +07:00 [INF] Request finished HTTP/1.1 GET http://localhost:5283/api/v1/ky-bao-cao - 200 null application/json; charset=utf-8 77.0137ms
2026-05-06 16:20:37.962 +07:00 [INF] Request finished HTTP/1.1 GET http://localhost:5283/api/v1/ky-bao-cao/current - 200 null application/json; charset=utf-8 82.1884ms
2026-05-06 16:20:37.975 +07:00 [INF] Request starting HTTP/1.1 OPTIONS http://localhost:5283/api/v1/attt-httt-van-hanh?kyCode=2026Q1_NHAN_LUC&kyBaoCaoCode=2026Q1_NHAN_LUC&mode=live&nam=2026 - null null
2026-05-06 16:20:37.978 +07:00 [INF] CORS policy execution successful.
2026-05-06 16:20:37.978 +07:00 [INF] HTTP OPTIONS /api/v1/attt-httt-van-hanh => 204 in 0.7347 ms CorrelationId=79faac3566e44439917baa897ea24162 UserId=anonymous
2026-05-06 16:20:37.981 +07:00 [INF] HTTP OPTIONS /api/v1/attt-httt-van-hanh responded 204 in 2.9432 ms
2026-05-06 16:20:37.983 +07:00 [INF] Request finished HTTP/1.1 OPTIONS http://localhost:5283/api/v1/attt-httt-van-hanh?kyCode=2026Q1_NHAN_LUC&kyBaoCaoCode=2026Q1_NHAN_LUC&mode=live&nam=2026 - 204 null null 7.9ms
2026-05-06 16:20:37.986 +07:00 [INF] Request starting HTTP/1.1 GET http://localhost:5283/api/v1/attt-httt-van-hanh?kyCode=2026Q1_NHAN_LUC&kyBaoCaoCode=2026Q1_NHAN_LUC&mode=live&nam=2026 - null null
2026-05-06 16:20:37.988 +07:00 [INF] CORS policy execution successful.
2026-05-06 16:20:37.989 +07:00 [INF] Executing endpoint 'ThucLuc.Api.Controllers.V1.AtttHtttVanHanhController.GetAll (ThucLuc.Api)'
2026-05-06 16:20:37.990 +07:00 [INF] Route matched with {action = "GetAll", controller = "AtttHtttVanHanh"}. Executing controller action with signature System.Threading.Tasks.Task`1[Microsoft.AspNetCore.Mvc.ActionResult`1[ThucLuc.Api.Common.Models.ApiResponse`1[System.Collections.Generic.IReadOnlyCollection`1[ThucLuc.Application.Features.AtttHtttVanHanh.AtttHtttVanHanhDto]]]] GetAll(ThucLuc.Application.Features.AtttHtttVanHanh.AtttHtttVanHanhQuery, System.Threading.CancellationToken) on controller ThucLuc.Api.Controllers.V1.AtttHtttVanHanhController (ThucLuc.Api).
2026-05-06 16:20:37.996 +07:00 [INF] Executed action ThucLuc.Api.Controllers.V1.AtttHtttVanHanhController.GetAll (ThucLuc.Api) in 3.8513ms
2026-05-06 16:20:37.998 +07:00 [INF] Executed endpoint 'ThucLuc.Api.Controllers.V1.AtttHtttVanHanhController.GetAll (ThucLuc.Api)'
2026-05-06 16:20:37.999 +07:00 [ERR] Unhandled exception. CorrelationId=243cb506d08443e68127d9d593e20ebc
System.InvalidOperationException: The LINQ expression 'DbSet<AtttHtttVanHanhHis>()
    .Where(a => a.KyBaoCaoCode == __query_KyBaoCaoCode_0)
    .Where(a => AtttHtttVanHanhService.ApplyDonViScopePredicate(a.DonViId))' could not be translated. Additional information: Translation of method 'ThucLuc.Application.Features.AtttHtttVanHanh.AtttHtttVanHanhService.ApplyDonViScopePredicate' failed. If this method can be mapped to your custom function, see https://go.microsoft.com/fwlink/?linkid=2132413 for more information. Either rewrite the query in a form that can be translated, or switch to client evaluation explicitly by inserting a call to 'AsEnumerable', 'AsAsyncEnumerable', 'ToList', or 'ToListAsync'. See https://go.microsoft.com/fwlink/?linkid=2101038 for more information.
   at Microsoft.EntityFrameworkCore.Query.QueryableMethodTranslatingExpressionVisitor.Translate(Expression expression)
   at Microsoft.EntityFrameworkCore.Query.RelationalQueryableMethodTranslatingExpressionVisitor.Translate(Expression expression)
   at Microsoft.EntityFrameworkCore.Query.QueryCompilationContext.CreateQueryExecutor[TResult](Expression query)
   at Microsoft.EntityFrameworkCore.Storage.Database.CompileQuery[TResult](Expression query, Boolean async)
   at Microsoft.EntityFrameworkCore.Query.Internal.QueryCompiler.CompileQueryCore[TResult](IDatabase database, Expression query, IModel model, Boolean async)
   at Microsoft.EntityFrameworkCore.Query.Internal.QueryCompiler.<>c__DisplayClass12_0`1.<ExecuteAsync>b__0()
   at Microsoft.EntityFrameworkCore.Query.Internal.CompiledQueryCache.GetOrAddQuery[TResult](Object cacheKey, Func`1 compiler)
   at Microsoft.EntityFrameworkCore.Query.Internal.QueryCompiler.ExecuteAsync[TResult](Expression query, CancellationToken cancellationToken)
   at Microsoft.EntityFrameworkCore.Query.Internal.EntityQueryable`1.GetAsyncEnumerator(CancellationToken cancellationToken)
   at System.Runtime.CompilerServices.ConfiguredCancelableAsyncEnumerable`1.GetAsyncEnumerator()
   at Microsoft.EntityFrameworkCore.EntityFrameworkQueryableExtensions.ToListAsync[TSource](IQueryable`1 source, CancellationToken cancellationToken)
   at ThucLuc.Application.Features.AtttHtttVanHanh.AtttHtttVanHanhService.GetAllAsync(AtttHtttVanHanhQuery query, CancellationToken cancellationToken)
   at ThucLuc.Api.Controllers.V1.AtttHtttVanHanhController.GetAll(AtttHtttVanHanhQuery query, CancellationToken cancellationToken)
   at lambda_method1792(Closure, Object)
   at Microsoft.AspNetCore.Mvc.Infrastructure.ActionMethodExecutor.AwaitableObjectResultExecutor.Execute(ActionContext actionContext, IActionResultTypeMapper mapper, ObjectMethodExecutor executor, Object controller, Object[] arguments)
   at Microsoft.AspNetCore.Mvc.Infrastructure.ControllerActionInvoker.<InvokeActionMethodAsync>g__Awaited|12_0(ControllerActionInvoker invoker, ValueTask`1 actionResultValueTask)
   at Microsoft.AspNetCore.Mvc.Infrastructure.ControllerActionInvoker.<InvokeNextActionFilterAsync>g__Awaited|10_0(ControllerActionInvoker invoker, Task lastTask, State next, Scope scope, Object state, Boolean isCompleted)
   at Microsoft.AspNetCore.Mvc.Infrastructure.ControllerActionInvoker.Rethrow(ActionExecutedContextSealed context)
   at Microsoft.AspNetCore.Mvc.Infrastructure.ControllerActionInvoker.Next(State& next, Scope& scope, Object& state, Boolean& isCompleted)
   at Microsoft.AspNetCore.Mvc.Infrastructure.ControllerActionInvoker.InvokeInnerFilterAsync()
--- End of stack trace from previous location ---
   at Microsoft.AspNetCore.Mvc.Infrastructure.ResourceInvoker.<InvokeFilterPipelineAsync>g__Awaited|20_0(ResourceInvoker invoker, Task lastTask, State next, Scope scope, Object state, Boolean isCompleted)
   at Microsoft.AspNetCore.Mvc.Infrastructure.ResourceInvoker.<InvokeAsync>g__Logged|17_1(ResourceInvoker invoker)
   at Microsoft.AspNetCore.Mvc.Infrastructure.ResourceInvoker.<InvokeAsync>g__Logged|17_1(ResourceInvoker invoker)
   at Microsoft.AspNetCore.Routing.EndpointMiddleware.<Invoke>g__AwaitRequestTask|7_0(Endpoint endpoint, Task requestTask, ILogger logger)
   at Microsoft.AspNetCore.Authorization.AuthorizationMiddleware.Invoke(HttpContext context)
   at Microsoft.AspNetCore.Authentication.AuthenticationMiddleware.Invoke(HttpContext context)
   at Swashbuckle.AspNetCore.SwaggerUI.SwaggerUIMiddleware.Invoke(HttpContext httpContext)
   at Swashbuckle.AspNetCore.Swagger.SwaggerMiddleware.Invoke(HttpContext httpContext, ISwaggerProvider swaggerProvider)
   at ThucLuc.Api.Common.Middleware.GlobalExceptionMiddleware.InvokeAsync(HttpContext context)
2026-05-06 16:20:38.007 +07:00 [INF] HTTP GET /api/v1/attt-httt-van-hanh => 500 in 18.7496 ms CorrelationId=243cb506d08443e68127d9d593e20ebc UserId=5001
2026-05-06 16:20:38.009 +07:00 [ERR] HTTP GET /api/v1/attt-httt-van-hanh responded 500 in 21.2968 ms
2026-05-06 16:20:38.011 +07:00 [INF] Request finished HTTP/1.1 GET http://localhost:5283/api/v1/attt-httt-van-hanh?kyCode=2026Q1_NHAN_LUC&kyBaoCaoCode=2026Q1_NHAN_LUC&mode=live&nam=2026 - 500 null application/json 25.4664ms
2026-05-06 16:23:10.242 +07:00 [INF] Request starting HTTP/1.1 OPTIONS http://localhost:5283/api/v1/ky-bao-cao/current - null null
2026-05-06 16:23:10.242 +07:00 [INF] Request starting HTTP/1.1 OPTIONS http://localhost:5283/api/v1/ky-bao-cao - null null
2026-05-06 16:23:10.248 +07:00 [INF] CORS policy execution successful.
2026-05-06 16:23:10.253 +07:00 [INF] CORS policy execution successful.
2026-05-06 16:23:10.254 +07:00 [INF] HTTP OPTIONS /api/v1/ky-bao-cao/current => 204 in 5.7662 ms CorrelationId=71d4bc53cf6748d9834365a9b8763d78 UserId=anonymous
2026-05-06 16:23:10.255 +07:00 [INF] HTTP OPTIONS /api/v1/ky-bao-cao => 204 in 2.1626 ms CorrelationId=c171b38bd3014ee4a6dc4f57248f2fc4 UserId=anonymous
2026-05-06 16:23:10.258 +07:00 [INF] HTTP OPTIONS /api/v1/ky-bao-cao/current responded 204 in 9.3239 ms
2026-05-06 16:23:10.260 +07:00 [INF] HTTP OPTIONS /api/v1/ky-bao-cao responded 204 in 7.0424 ms
2026-05-06 16:23:10.262 +07:00 [INF] Request finished HTTP/1.1 OPTIONS http://localhost:5283/api/v1/ky-bao-cao/current - 204 null null 19.9616ms
2026-05-06 16:23:10.264 +07:00 [INF] Request finished HTTP/1.1 OPTIONS http://localhost:5283/api/v1/ky-bao-cao - 204 null null 22.0549ms
2026-05-06 16:23:10.267 +07:00 [INF] Request starting HTTP/1.1 GET http://localhost:5283/api/v1/ky-bao-cao/current - null null
2026-05-06 16:23:10.270 +07:00 [INF] Request starting HTTP/1.1 GET http://localhost:5283/api/v1/ky-bao-cao - null null
2026-05-06 16:23:10.273 +07:00 [INF] CORS policy execution successful.
2026-05-06 16:23:10.275 +07:00 [INF] CORS policy execution successful.
2026-05-06 16:23:10.276 +07:00 [INF] Executing endpoint 'ThucLuc.Api.Controllers.V1.KyBaoCaoController.GetCurrent (ThucLuc.Api)'
2026-05-06 16:23:10.276 +07:00 [INF] Executing endpoint 'ThucLuc.Api.Controllers.V1.KyBaoCaoController.GetAll (ThucLuc.Api)'
2026-05-06 16:23:10.277 +07:00 [INF] Route matched with {action = "GetCurrent", controller = "KyBaoCao"}. Executing controller action with signature System.Threading.Tasks.Task`1[Microsoft.AspNetCore.Mvc.ActionResult`1[ThucLuc.Api.Common.Models.ApiResponse`1[ThucLuc.Application.Features.KyBaoCao.KyBaoCaoDto]]] GetCurrent(System.Threading.CancellationToken) on controller ThucLuc.Api.Controllers.V1.KyBaoCaoController (ThucLuc.Api).
2026-05-06 16:23:10.278 +07:00 [INF] Route matched with {action = "GetAll", controller = "KyBaoCao"}. Executing controller action with signature System.Threading.Tasks.Task`1[Microsoft.AspNetCore.Mvc.ActionResult`1[ThucLuc.Api.Common.Models.ApiResponse`1[System.Collections.Generic.IReadOnlyCollection`1[ThucLuc.Application.Features.KyBaoCao.KyBaoCaoDto]]]] GetAll(System.Threading.CancellationToken) on controller ThucLuc.Api.Controllers.V1.KyBaoCaoController (ThucLuc.Api).
2026-05-06 16:23:10.325 +07:00 [INF] Executing OkObjectResult, writing value of type 'ThucLuc.Api.Common.Models.ApiResponse`1[[System.Collections.Generic.IReadOnlyCollection`1[[ThucLuc.Application.Features.KyBaoCao.KyBaoCaoDto, ThucLuc.Application, Version=1.0.0.0, Culture=neutral, PublicKeyToken=null]], System.Private.CoreLib, Version=8.0.0.0, Culture=neutral, PublicKeyToken=7cec85d7bea7798e]]'.
2026-05-06 16:23:10.325 +07:00 [INF] Executing OkObjectResult, writing value of type 'ThucLuc.Api.Common.Models.ApiResponse`1[[ThucLuc.Application.Features.KyBaoCao.KyBaoCaoDto, ThucLuc.Application, Version=1.0.0.0, Culture=neutral, PublicKeyToken=null]]'.
2026-05-06 16:23:10.329 +07:00 [INF] Executed action ThucLuc.Api.Controllers.V1.KyBaoCaoController.GetAll (ThucLuc.Api) in 48.6675ms
2026-05-06 16:23:10.330 +07:00 [INF] Executed action ThucLuc.Api.Controllers.V1.KyBaoCaoController.GetCurrent (ThucLuc.Api) in 51.3014ms
2026-05-06 16:23:10.332 +07:00 [INF] Executed endpoint 'ThucLuc.Api.Controllers.V1.KyBaoCaoController.GetAll (ThucLuc.Api)'
2026-05-06 16:23:10.333 +07:00 [INF] Executed endpoint 'ThucLuc.Api.Controllers.V1.KyBaoCaoController.GetCurrent (ThucLuc.Api)'
2026-05-06 16:23:10.334 +07:00 [INF] HTTP GET /api/v1/ky-bao-cao => 200 in 59.255 ms CorrelationId=ab85d24c915c4204a7ff9a9a62ddaeca UserId=5001
2026-05-06 16:23:10.335 +07:00 [INF] HTTP GET /api/v1/ky-bao-cao/current => 200 in 62.0825 ms CorrelationId=a8b62f5ada054058bfa8e6ff10ac8b71 UserId=5001
2026-05-06 16:23:10.337 +07:00 [INF] HTTP GET /api/v1/ky-bao-cao responded 200 in 62.6722 ms
2026-05-06 16:23:10.339 +07:00 [INF] HTTP GET /api/v1/ky-bao-cao/current responded 200 in 66.4689 ms
2026-05-06 16:23:10.341 +07:00 [INF] Request finished HTTP/1.1 GET http://localhost:5283/api/v1/ky-bao-cao - 200 null application/json; charset=utf-8 70.3953ms
2026-05-06 16:23:10.342 +07:00 [INF] Request finished HTTP/1.1 GET http://localhost:5283/api/v1/ky-bao-cao/current - 200 null application/json; charset=utf-8 75.1605ms
2026-05-06 16:23:10.348 +07:00 [INF] Request starting HTTP/1.1 OPTIONS http://localhost:5283/api/v1/attt-httt-dau-tu?kyCode=2026Q1_NHAN_LUC&kyBaoCaoCode=2026Q1_NHAN_LUC&mode=live&nam=2026 - null null
2026-05-06 16:23:10.351 +07:00 [INF] CORS policy execution successful.
2026-05-06 16:23:10.352 +07:00 [INF] HTTP OPTIONS /api/v1/attt-httt-dau-tu => 204 in 0.7665 ms CorrelationId=b4fafd65700a400e8dc30395663bd8d7 UserId=anonymous
2026-05-06 16:23:10.354 +07:00 [INF] HTTP OPTIONS /api/v1/attt-httt-dau-tu responded 204 in 2.9970 ms
2026-05-06 16:23:10.356 +07:00 [INF] Request finished HTTP/1.1 OPTIONS http://localhost:5283/api/v1/attt-httt-dau-tu?kyCode=2026Q1_NHAN_LUC&kyBaoCaoCode=2026Q1_NHAN_LUC&mode=live&nam=2026 - 204 null null 7.4734ms
2026-05-06 16:23:10.359 +07:00 [INF] Request starting HTTP/1.1 GET http://localhost:5283/api/v1/attt-httt-dau-tu?kyCode=2026Q1_NHAN_LUC&kyBaoCaoCode=2026Q1_NHAN_LUC&mode=live&nam=2026 - null null
2026-05-06 16:23:10.361 +07:00 [INF] CORS policy execution successful.
2026-05-06 16:23:10.362 +07:00 [INF] Executing endpoint 'ThucLuc.Api.Controllers.V1.AtttHtttDauTuController.GetAll (ThucLuc.Api)'
2026-05-06 16:23:10.363 +07:00 [INF] Route matched with {action = "GetAll", controller = "AtttHtttDauTu"}. Executing controller action with signature System.Threading.Tasks.Task`1[Microsoft.AspNetCore.Mvc.ActionResult`1[ThucLuc.Api.Common.Models.ApiResponse`1[System.Collections.Generic.IReadOnlyCollection`1[ThucLuc.Application.Features.AtttHtttDauTu.AtttHtttDauTuDto]]]] GetAll(ThucLuc.Application.Features.AtttHtttDauTu.AtttHtttDauTuQuery, System.Threading.CancellationToken) on controller ThucLuc.Api.Controllers.V1.AtttHtttDauTuController (ThucLuc.Api).
2026-05-06 16:23:10.369 +07:00 [INF] Executed action ThucLuc.Api.Controllers.V1.AtttHtttDauTuController.GetAll (ThucLuc.Api) in 3.7881ms
2026-05-06 16:23:10.370 +07:00 [INF] Executed endpoint 'ThucLuc.Api.Controllers.V1.AtttHtttDauTuController.GetAll (ThucLuc.Api)'
2026-05-06 16:23:10.371 +07:00 [ERR] Unhandled exception. CorrelationId=19f9bf6b26134a33a65c75c80dba1982
System.InvalidOperationException: The LINQ expression 'DbSet<AtttHtttDauTuHis>()
    .Where(a => a.KyBaoCaoCode == __query_KyBaoCaoCode_0)
    .Where(a => AtttHtttDauTuService.ApplyDonViScopePredicate(a.DonViId))' could not be translated. Additional information: Translation of method 'ThucLuc.Application.Features.AtttHtttDauTu.AtttHtttDauTuService.ApplyDonViScopePredicate' failed. If this method can be mapped to your custom function, see https://go.microsoft.com/fwlink/?linkid=2132413 for more information. Either rewrite the query in a form that can be translated, or switch to client evaluation explicitly by inserting a call to 'AsEnumerable', 'AsAsyncEnumerable', 'ToList', or 'ToListAsync'. See https://go.microsoft.com/fwlink/?linkid=2101038 for more information.
   at Microsoft.EntityFrameworkCore.Query.QueryableMethodTranslatingExpressionVisitor.Translate(Expression expression)
   at Microsoft.EntityFrameworkCore.Query.RelationalQueryableMethodTranslatingExpressionVisitor.Translate(Expression expression)
   at Microsoft.EntityFrameworkCore.Query.QueryCompilationContext.CreateQueryExecutor[TResult](Expression query)
   at Microsoft.EntityFrameworkCore.Storage.Database.CompileQuery[TResult](Expression query, Boolean async)
   at Microsoft.EntityFrameworkCore.Query.Internal.QueryCompiler.CompileQueryCore[TResult](IDatabase database, Expression query, IModel model, Boolean async)
   at Microsoft.EntityFrameworkCore.Query.Internal.QueryCompiler.<>c__DisplayClass12_0`1.<ExecuteAsync>b__0()
   at Microsoft.EntityFrameworkCore.Query.Internal.CompiledQueryCache.GetOrAddQuery[TResult](Object cacheKey, Func`1 compiler)
   at Microsoft.EntityFrameworkCore.Query.Internal.QueryCompiler.ExecuteAsync[TResult](Expression query, CancellationToken cancellationToken)
   at Microsoft.EntityFrameworkCore.Query.Internal.EntityQueryable`1.GetAsyncEnumerator(CancellationToken cancellationToken)
   at System.Runtime.CompilerServices.ConfiguredCancelableAsyncEnumerable`1.GetAsyncEnumerator()
   at Microsoft.EntityFrameworkCore.EntityFrameworkQueryableExtensions.ToListAsync[TSource](IQueryable`1 source, CancellationToken cancellationToken)
   at ThucLuc.Application.Features.AtttHtttDauTu.AtttHtttDauTuService.GetAllAsync(AtttHtttDauTuQuery query, CancellationToken cancellationToken)
   at ThucLuc.Api.Controllers.V1.AtttHtttDauTuController.GetAll(AtttHtttDauTuQuery query, CancellationToken cancellationToken)
   at lambda_method1801(Closure, Object)
   at Microsoft.AspNetCore.Mvc.Infrastructure.ActionMethodExecutor.AwaitableObjectResultExecutor.Execute(ActionContext actionContext, IActionResultTypeMapper mapper, ObjectMethodExecutor executor, Object controller, Object[] arguments)
   at Microsoft.AspNetCore.Mvc.Infrastructure.ControllerActionInvoker.<InvokeActionMethodAsync>g__Awaited|12_0(ControllerActionInvoker invoker, ValueTask`1 actionResultValueTask)
   at Microsoft.AspNetCore.Mvc.Infrastructure.ControllerActionInvoker.<InvokeNextActionFilterAsync>g__Awaited|10_0(ControllerActionInvoker invoker, Task lastTask, State next, Scope scope, Object state, Boolean isCompleted)
   at Microsoft.AspNetCore.Mvc.Infrastructure.ControllerActionInvoker.Rethrow(ActionExecutedContextSealed context)
   at Microsoft.AspNetCore.Mvc.Infrastructure.ControllerActionInvoker.Next(State& next, Scope& scope, Object& state, Boolean& isCompleted)
   at Microsoft.AspNetCore.Mvc.Infrastructure.ControllerActionInvoker.InvokeInnerFilterAsync()
--- End of stack trace from previous location ---
   at Microsoft.AspNetCore.Mvc.Infrastructure.ResourceInvoker.<InvokeFilterPipelineAsync>g__Awaited|20_0(ResourceInvoker invoker, Task lastTask, State next, Scope scope, Object state, Boolean isCompleted)
   at Microsoft.AspNetCore.Mvc.Infrastructure.ResourceInvoker.<InvokeAsync>g__Logged|17_1(ResourceInvoker invoker)
   at Microsoft.AspNetCore.Mvc.Infrastructure.ResourceInvoker.<InvokeAsync>g__Logged|17_1(ResourceInvoker invoker)
   at Microsoft.AspNetCore.Routing.EndpointMiddleware.<Invoke>g__AwaitRequestTask|7_0(Endpoint endpoint, Task requestTask, ILogger logger)
   at Microsoft.AspNetCore.Authorization.AuthorizationMiddleware.Invoke(HttpContext context)
   at Microsoft.AspNetCore.Authentication.AuthenticationMiddleware.Invoke(HttpContext context)
   at Swashbuckle.AspNetCore.SwaggerUI.SwaggerUIMiddleware.Invoke(HttpContext httpContext)
   at Swashbuckle.AspNetCore.Swagger.SwaggerMiddleware.Invoke(HttpContext httpContext, ISwaggerProvider swaggerProvider)
   at ThucLuc.Api.Common.Middleware.GlobalExceptionMiddleware.InvokeAsync(HttpContext context)
2026-05-06 16:23:10.379 +07:00 [INF] HTTP GET /api/v1/attt-httt-dau-tu => 500 in 17.4756 ms CorrelationId=19f9bf6b26134a33a65c75c80dba1982 UserId=5001
2026-05-06 16:23:10.381 +07:00 [ERR] HTTP GET /api/v1/attt-httt-dau-tu responded 500 in 19.6961 ms
2026-05-06 16:23:10.383 +07:00 [INF] Request finished HTTP/1.1 GET http://localhost:5283/api/v1/attt-httt-dau-tu?kyCode=2026Q1_NHAN_LUC&kyBaoCaoCode=2026Q1_NHAN_LUC&mode=live&nam=2026 - 500 null application/json 23.7635ms
2026-05-06 16:24:17.698 +07:00 [INF] Request starting HTTP/1.1 OPTIONS http://localhost:5283/api/v1/codes/by-code/NHOM_CAMERA - null null
2026-05-06 16:24:17.699 +07:00 [INF] Request starting HTTP/1.1 OPTIONS http://localhost:5283/api/v1/codes/by-code/DUONG_TRUYEN_CAMERA - null null
2026-05-06 16:24:17.703 +07:00 [INF] CORS policy execution successful.
2026-05-06 16:24:17.707 +07:00 [INF] CORS policy execution successful.
2026-05-06 16:24:17.708 +07:00 [INF] HTTP OPTIONS /api/v1/codes/by-code/NHOM_CAMERA => 204 in 4.7463 ms CorrelationId=6915337d8004408e9233b74e67cb86df UserId=anonymous
2026-05-06 16:24:17.709 +07:00 [INF] HTTP OPTIONS /api/v1/codes/by-code/DUONG_TRUYEN_CAMERA => 204 in 1.5729 ms CorrelationId=38f896b2f79e450e84d898ff82ebad7b UserId=anonymous
2026-05-06 16:24:17.711 +07:00 [INF] HTTP OPTIONS /api/v1/codes/by-code/NHOM_CAMERA responded 204 in 8.1740 ms
2026-05-06 16:24:17.714 +07:00 [INF] HTTP OPTIONS /api/v1/codes/by-code/DUONG_TRUYEN_CAMERA responded 204 in 7.4871 ms
2026-05-06 16:24:17.717 +07:00 [INF] Request finished HTTP/1.1 OPTIONS http://localhost:5283/api/v1/codes/by-code/NHOM_CAMERA - 204 null null 18.6932ms
2026-05-06 16:24:17.719 +07:00 [INF] Request finished HTTP/1.1 OPTIONS http://localhost:5283/api/v1/codes/by-code/DUONG_TRUYEN_CAMERA - 204 null null 20.7174ms
2026-05-06 16:24:17.723 +07:00 [INF] Request starting HTTP/1.1 GET http://localhost:5283/api/v1/codes/by-code/NHOM_CAMERA - null null
2026-05-06 16:24:17.726 +07:00 [INF] Request starting HTTP/1.1 GET http://localhost:5283/api/v1/codes/by-code/DUONG_TRUYEN_CAMERA - null null
2026-05-06 16:24:17.728 +07:00 [INF] CORS policy execution successful.
2026-05-06 16:24:17.730 +07:00 [INF] CORS policy execution successful.
2026-05-06 16:24:17.731 +07:00 [INF] Executing endpoint 'ThucLuc.Api.Controllers.V1.CodesController.GetByCode (ThucLuc.Api)'
2026-05-06 16:24:17.731 +07:00 [INF] Executing endpoint 'ThucLuc.Api.Controllers.V1.CodesController.GetByCode (ThucLuc.Api)'
2026-05-06 16:24:17.732 +07:00 [INF] Route matched with {action = "GetByCode", controller = "Codes"}. Executing controller action with signature System.Threading.Tasks.Task`1[Microsoft.AspNetCore.Mvc.ActionResult`1[ThucLuc.Api.Common.Models.ApiResponse`1[ThucLuc.Application.Features.Codes.CodeDto]]] GetByCode(System.String, System.Threading.CancellationToken) on controller ThucLuc.Api.Controllers.V1.CodesController (ThucLuc.Api).
2026-05-06 16:24:17.734 +07:00 [INF] Route matched with {action = "GetByCode", controller = "Codes"}. Executing controller action with signature System.Threading.Tasks.Task`1[Microsoft.AspNetCore.Mvc.ActionResult`1[ThucLuc.Api.Common.Models.ApiResponse`1[ThucLuc.Application.Features.Codes.CodeDto]]] GetByCode(System.String, System.Threading.CancellationToken) on controller ThucLuc.Api.Controllers.V1.CodesController (ThucLuc.Api).
2026-05-06 16:24:17.782 +07:00 [INF] Executing OkObjectResult, writing value of type 'ThucLuc.Api.Common.Models.ApiResponse`1[[ThucLuc.Application.Features.Codes.CodeDto, ThucLuc.Application, Version=1.0.0.0, Culture=neutral, PublicKeyToken=null]]'.
2026-05-06 16:24:17.782 +07:00 [INF] Executing OkObjectResult, writing value of type 'ThucLuc.Api.Common.Models.ApiResponse`1[[ThucLuc.Application.Features.Codes.CodeDto, ThucLuc.Application, Version=1.0.0.0, Culture=neutral, PublicKeyToken=null]]'.
2026-05-06 16:24:17.785 +07:00 [INF] Executed action ThucLuc.Api.Controllers.V1.CodesController.GetByCode (ThucLuc.Api) in 48.188ms
2026-05-06 16:24:17.789 +07:00 [INF] Executed action ThucLuc.Api.Controllers.V1.CodesController.GetByCode (ThucLuc.Api) in 53.0355ms
2026-05-06 16:24:17.790 +07:00 [INF] Executed endpoint 'ThucLuc.Api.Controllers.V1.CodesController.GetByCode (ThucLuc.Api)'
2026-05-06 16:24:17.791 +07:00 [INF] Executed endpoint 'ThucLuc.Api.Controllers.V1.CodesController.GetByCode (ThucLuc.Api)'
2026-05-06 16:24:17.793 +07:00 [INF] HTTP GET /api/v1/codes/by-code/DUONG_TRUYEN_CAMERA => 200 in 63.0646 ms CorrelationId=a581e3aa9a834713979fab366bbbf70a UserId=5001
2026-05-06 16:24:17.794 +07:00 [INF] HTTP GET /api/v1/codes/by-code/NHOM_CAMERA => 200 in 66.0469 ms CorrelationId=dfeeef88ac714a9d92c4da92f83db6b9 UserId=5001
2026-05-06 16:24:17.796 +07:00 [INF] HTTP GET /api/v1/codes/by-code/DUONG_TRUYEN_CAMERA responded 200 in 66.4715 ms
2026-05-06 16:24:17.798 +07:00 [INF] HTTP GET /api/v1/codes/by-code/NHOM_CAMERA responded 200 in 70.2064 ms
2026-05-06 16:24:17.800 +07:00 [INF] Request finished HTTP/1.1 GET http://localhost:5283/api/v1/codes/by-code/DUONG_TRUYEN_CAMERA - 200 null application/json; charset=utf-8 74.2021ms
2026-05-06 16:24:17.802 +07:00 [INF] Request finished HTTP/1.1 GET http://localhost:5283/api/v1/codes/by-code/NHOM_CAMERA - 200 null application/json; charset=utf-8 78.7471ms
2026-05-06 16:24:17.808 +07:00 [INF] Request starting HTTP/1.1 OPTIONS http://localhost:5283/api/v1/ky-bao-cao - null null
2026-05-06 16:24:17.808 +07:00 [INF] Request starting HTTP/1.1 OPTIONS http://localhost:5283/api/v1/ky-bao-cao/current - null null
2026-05-06 16:24:17.810 +07:00 [INF] CORS policy execution successful.
2026-05-06 16:24:17.813 +07:00 [INF] CORS policy execution successful.
2026-05-06 16:24:17.813 +07:00 [INF] HTTP OPTIONS /api/v1/ky-bao-cao => 204 in 3.4999 ms CorrelationId=cb36b6d038ca45138f58951af2341277 UserId=anonymous
2026-05-06 16:24:17.814 +07:00 [INF] HTTP OPTIONS /api/v1/ky-bao-cao/current => 204 in 1.4016 ms CorrelationId=9ff72794fa594cad96df94a93feebcfb UserId=anonymous
2026-05-06 16:24:17.816 +07:00 [INF] HTTP OPTIONS /api/v1/ky-bao-cao responded 204 in 6.3022 ms
2026-05-06 16:24:17.818 +07:00 [INF] HTTP OPTIONS /api/v1/ky-bao-cao/current responded 204 in 5.4754 ms
2026-05-06 16:24:17.820 +07:00 [INF] Request finished HTTP/1.1 OPTIONS http://localhost:5283/api/v1/ky-bao-cao - 204 null null 12.6934ms
2026-05-06 16:24:17.822 +07:00 [INF] Request finished HTTP/1.1 OPTIONS http://localhost:5283/api/v1/ky-bao-cao/current - 204 null null 14.3125ms
2026-05-06 16:24:17.825 +07:00 [INF] Request starting HTTP/1.1 GET http://localhost:5283/api/v1/ky-bao-cao - null null
2026-05-06 16:24:17.828 +07:00 [INF] Request starting HTTP/1.1 GET http://localhost:5283/api/v1/ky-bao-cao/current - null null
2026-05-06 16:24:17.831 +07:00 [INF] CORS policy execution successful.
2026-05-06 16:24:17.833 +07:00 [INF] CORS policy execution successful.
2026-05-06 16:24:17.834 +07:00 [INF] Executing endpoint 'ThucLuc.Api.Controllers.V1.KyBaoCaoController.GetAll (ThucLuc.Api)'
2026-05-06 16:24:17.835 +07:00 [INF] Executing endpoint 'ThucLuc.Api.Controllers.V1.KyBaoCaoController.GetCurrent (ThucLuc.Api)'
2026-05-06 16:24:17.836 +07:00 [INF] Route matched with {action = "GetAll", controller = "KyBaoCao"}. Executing controller action with signature System.Threading.Tasks.Task`1[Microsoft.AspNetCore.Mvc.ActionResult`1[ThucLuc.Api.Common.Models.ApiResponse`1[System.Collections.Generic.IReadOnlyCollection`1[ThucLuc.Application.Features.KyBaoCao.KyBaoCaoDto]]]] GetAll(System.Threading.CancellationToken) on controller ThucLuc.Api.Controllers.V1.KyBaoCaoController (ThucLuc.Api).
2026-05-06 16:24:17.837 +07:00 [INF] Route matched with {action = "GetCurrent", controller = "KyBaoCao"}. Executing controller action with signature System.Threading.Tasks.Task`1[Microsoft.AspNetCore.Mvc.ActionResult`1[ThucLuc.Api.Common.Models.ApiResponse`1[ThucLuc.Application.Features.KyBaoCao.KyBaoCaoDto]]] GetCurrent(System.Threading.CancellationToken) on controller ThucLuc.Api.Controllers.V1.KyBaoCaoController (ThucLuc.Api).
2026-05-06 16:24:17.882 +07:00 [INF] Executing OkObjectResult, writing value of type 'ThucLuc.Api.Common.Models.ApiResponse`1[[System.Collections.Generic.IReadOnlyCollection`1[[ThucLuc.Application.Features.KyBaoCao.KyBaoCaoDto, ThucLuc.Application, Version=1.0.0.0, Culture=neutral, PublicKeyToken=null]], System.Private.CoreLib, Version=8.0.0.0, Culture=neutral, PublicKeyToken=7cec85d7bea7798e]]'.
2026-05-06 16:24:17.885 +07:00 [INF] Executed action ThucLuc.Api.Controllers.V1.KyBaoCaoController.GetAll (ThucLuc.Api) in 46.9396ms
2026-05-06 16:24:17.886 +07:00 [INF] Executing OkObjectResult, writing value of type 'ThucLuc.Api.Common.Models.ApiResponse`1[[ThucLuc.Application.Features.KyBaoCao.KyBaoCaoDto, ThucLuc.Application, Version=1.0.0.0, Culture=neutral, PublicKeyToken=null]]'.
2026-05-06 16:24:17.886 +07:00 [INF] Executed endpoint 'ThucLuc.Api.Controllers.V1.KyBaoCaoController.GetAll (ThucLuc.Api)'
2026-05-06 16:24:17.889 +07:00 [INF] Executed action ThucLuc.Api.Controllers.V1.KyBaoCaoController.GetCurrent (ThucLuc.Api) in 48.8081ms
2026-05-06 16:24:17.891 +07:00 [INF] HTTP GET /api/v1/ky-bao-cao => 200 in 59.7422 ms CorrelationId=717efd9cb3184245abc9fd4655d45534 UserId=5001
2026-05-06 16:24:17.892 +07:00 [INF] Executed endpoint 'ThucLuc.Api.Controllers.V1.KyBaoCaoController.GetCurrent (ThucLuc.Api)'
2026-05-06 16:24:17.894 +07:00 [INF] HTTP GET /api/v1/ky-bao-cao responded 200 in 63.3898 ms
2026-05-06 16:24:17.895 +07:00 [INF] HTTP GET /api/v1/ky-bao-cao/current => 200 in 62.1421 ms CorrelationId=6a848f23f8e64b51b989930d582cbbe7 UserId=5001
2026-05-06 16:24:17.897 +07:00 [INF] Request finished HTTP/1.1 GET http://localhost:5283/api/v1/ky-bao-cao - 200 null application/json; charset=utf-8 72.0196ms
2026-05-06 16:24:17.899 +07:00 [INF] HTTP GET /api/v1/ky-bao-cao/current responded 200 in 66.1135 ms
2026-05-06 16:24:17.903 +07:00 [INF] Request finished HTTP/1.1 GET http://localhost:5283/api/v1/ky-bao-cao/current - 200 null application/json; charset=utf-8 75.563ms
2026-05-06 16:24:17.910 +07:00 [INF] Request starting HTTP/1.1 OPTIONS http://localhost:5283/api/v1/camera-thuc-trang - null null
2026-05-06 16:24:17.912 +07:00 [INF] CORS policy execution successful.
2026-05-06 16:24:17.913 +07:00 [INF] HTTP OPTIONS /api/v1/camera-thuc-trang => 204 in 0.7466 ms CorrelationId=92649ea9820a490a98865996c74148d3 UserId=anonymous
2026-05-06 16:24:17.915 +07:00 [INF] HTTP OPTIONS /api/v1/camera-thuc-trang responded 204 in 2.6838 ms
2026-05-06 16:24:17.916 +07:00 [INF] Request finished HTTP/1.1 OPTIONS http://localhost:5283/api/v1/camera-thuc-trang - 204 null null 6.7714ms
2026-05-06 16:24:17.919 +07:00 [INF] Request starting HTTP/1.1 GET http://localhost:5283/api/v1/camera-thuc-trang - null null
2026-05-06 16:24:17.922 +07:00 [INF] CORS policy execution successful.
2026-05-06 16:24:17.923 +07:00 [INF] Executing endpoint 'ThucLuc.Api.Controllers.V1.CameraThucTrangController.GetAll (ThucLuc.Api)'
2026-05-06 16:24:17.928 +07:00 [INF] Route matched with {action = "GetAll", controller = "CameraThucTrang"}. Executing controller action with signature System.Threading.Tasks.Task`1[Microsoft.AspNetCore.Mvc.ActionResult`1[ThucLuc.Api.Common.Models.ApiResponse`1[System.Collections.Generic.IReadOnlyCollection`1[ThucLuc.Application.Features.CameraThucTrang.CameraThucTrangDto]]]] GetAll(ThucLuc.Application.Features.CameraThucTrang.GetCameraThucTrangQuery, System.Threading.CancellationToken) on controller ThucLuc.Api.Controllers.V1.CameraThucTrangController (ThucLuc.Api).
2026-05-06 16:24:17.941 +07:00 [INF] Executing OkObjectResult, writing value of type 'ThucLuc.Api.Common.Models.ApiResponse`1[[System.Collections.Generic.IReadOnlyCollection`1[[ThucLuc.Application.Features.CameraThucTrang.CameraThucTrangDto, ThucLuc.Application, Version=1.0.0.0, Culture=neutral, PublicKeyToken=null]], System.Private.CoreLib, Version=8.0.0.0, Culture=neutral, PublicKeyToken=7cec85d7bea7798e]]'.
2026-05-06 16:24:17.943 +07:00 [INF] Executed action ThucLuc.Api.Controllers.V1.CameraThucTrangController.GetAll (ThucLuc.Api) in 13.2544ms
2026-05-06 16:24:17.944 +07:00 [INF] Executed endpoint 'ThucLuc.Api.Controllers.V1.CameraThucTrangController.GetAll (ThucLuc.Api)'
2026-05-06 16:24:17.945 +07:00 [INF] HTTP GET /api/v1/camera-thuc-trang => 200 in 23.4197 ms CorrelationId=9db05e51f3e5405fab72e1d019f4c44c UserId=5001
2026-05-06 16:24:17.948 +07:00 [INF] HTTP GET /api/v1/camera-thuc-trang responded 200 in 25.9352 ms
2026-05-06 16:24:17.950 +07:00 [INF] Request finished HTTP/1.1 GET http://localhost:5283/api/v1/camera-thuc-trang - 200 null application/json; charset=utf-8 30.0251ms
2026-05-06 16:24:50.588 +07:00 [INF] Request starting HTTP/1.1 OPTIONS http://localhost:5283/api/v1/codes/by-code/NHOM_CAMERA - null null
2026-05-06 16:24:50.594 +07:00 [INF] CORS policy execution successful.
2026-05-06 16:24:50.595 +07:00 [INF] HTTP OPTIONS /api/v1/codes/by-code/NHOM_CAMERA => 204 in 1.3959 ms CorrelationId=2da6dc49d75445a088a88b7189fe2c63 UserId=anonymous
2026-05-06 16:24:50.599 +07:00 [INF] HTTP OPTIONS /api/v1/codes/by-code/NHOM_CAMERA responded 204 in 4.6117 ms
2026-05-06 16:24:50.601 +07:00 [INF] Request finished HTTP/1.1 OPTIONS http://localhost:5283/api/v1/codes/by-code/NHOM_CAMERA - 204 null null 12.8739ms
2026-05-06 16:24:50.605 +07:00 [INF] Request starting HTTP/1.1 GET http://localhost:5283/api/v1/codes/by-code/NHOM_CAMERA - null null
2026-05-06 16:24:50.608 +07:00 [INF] CORS policy execution successful.
2026-05-06 16:24:50.610 +07:00 [INF] Executing endpoint 'ThucLuc.Api.Controllers.V1.CodesController.GetByCode (ThucLuc.Api)'
2026-05-06 16:24:50.611 +07:00 [INF] Route matched with {action = "GetByCode", controller = "Codes"}. Executing controller action with signature System.Threading.Tasks.Task`1[Microsoft.AspNetCore.Mvc.ActionResult`1[ThucLuc.Api.Common.Models.ApiResponse`1[ThucLuc.Application.Features.Codes.CodeDto]]] GetByCode(System.String, System.Threading.CancellationToken) on controller ThucLuc.Api.Controllers.V1.CodesController (ThucLuc.Api).
2026-05-06 16:24:50.660 +07:00 [INF] Executing OkObjectResult, writing value of type 'ThucLuc.Api.Common.Models.ApiResponse`1[[ThucLuc.Application.Features.Codes.CodeDto, ThucLuc.Application, Version=1.0.0.0, Culture=neutral, PublicKeyToken=null]]'.
2026-05-06 16:24:50.665 +07:00 [INF] Executed action ThucLuc.Api.Controllers.V1.CodesController.GetByCode (ThucLuc.Api) in 52.4923ms
2026-05-06 16:24:50.669 +07:00 [INF] Executed endpoint 'ThucLuc.Api.Controllers.V1.CodesController.GetByCode (ThucLuc.Api)'
2026-05-06 16:24:50.671 +07:00 [INF] HTTP GET /api/v1/codes/by-code/NHOM_CAMERA => 200 in 63.2588 ms CorrelationId=fdbc31d7eba044ac8de58838ec89f830 UserId=5001
2026-05-06 16:24:50.675 +07:00 [INF] HTTP GET /api/v1/codes/by-code/NHOM_CAMERA responded 200 in 66.8459 ms
2026-05-06 16:24:50.677 +07:00 [INF] Request finished HTTP/1.1 GET http://localhost:5283/api/v1/codes/by-code/NHOM_CAMERA - 200 null application/json; charset=utf-8 72.5424ms
2026-05-06 16:24:50.682 +07:00 [INF] Request starting HTTP/1.1 OPTIONS http://localhost:5283/api/v1/ky-bao-cao/current - null null
2026-05-06 16:24:50.682 +07:00 [INF] Request starting HTTP/1.1 OPTIONS http://localhost:5283/api/v1/ky-bao-cao - null null
2026-05-06 16:24:50.684 +07:00 [INF] CORS policy execution successful.
2026-05-06 16:24:50.687 +07:00 [INF] CORS policy execution successful.
2026-05-06 16:24:50.688 +07:00 [INF] HTTP OPTIONS /api/v1/ky-bao-cao/current => 204 in 3.6576 ms CorrelationId=54be00bfaca64117a969f8a05e45ec41 UserId=anonymous
2026-05-06 16:24:50.689 +07:00 [INF] HTTP OPTIONS /api/v1/ky-bao-cao => 204 in 1.7967 ms CorrelationId=d973c96db16c48d296245836b94d771a UserId=anonymous
2026-05-06 16:24:50.691 +07:00 [INF] HTTP OPTIONS /api/v1/ky-bao-cao/current responded 204 in 6.7751 ms
2026-05-06 16:24:50.693 +07:00 [INF] HTTP OPTIONS /api/v1/ky-bao-cao responded 204 in 5.6424 ms
2026-05-06 16:24:50.694 +07:00 [INF] Request finished HTTP/1.1 OPTIONS http://localhost:5283/api/v1/ky-bao-cao/current - 204 null null 12.3987ms
2026-05-06 16:24:50.696 +07:00 [INF] Request finished HTTP/1.1 OPTIONS http://localhost:5283/api/v1/ky-bao-cao - 204 null null 13.9167ms
2026-05-06 16:24:50.699 +07:00 [INF] Request starting HTTP/1.1 GET http://localhost:5283/api/v1/ky-bao-cao - null null
2026-05-06 16:24:50.702 +07:00 [INF] Request starting HTTP/1.1 GET http://localhost:5283/api/v1/ky-bao-cao/current - null null
2026-05-06 16:24:50.704 +07:00 [INF] CORS policy execution successful.
2026-05-06 16:24:50.706 +07:00 [INF] CORS policy execution successful.
2026-05-06 16:24:50.706 +07:00 [INF] Executing endpoint 'ThucLuc.Api.Controllers.V1.KyBaoCaoController.GetAll (ThucLuc.Api)'
2026-05-06 16:24:50.707 +07:00 [INF] Executing endpoint 'ThucLuc.Api.Controllers.V1.KyBaoCaoController.GetCurrent (ThucLuc.Api)'
2026-05-06 16:24:50.708 +07:00 [INF] Route matched with {action = "GetAll", controller = "KyBaoCao"}. Executing controller action with signature System.Threading.Tasks.Task`1[Microsoft.AspNetCore.Mvc.ActionResult`1[ThucLuc.Api.Common.Models.ApiResponse`1[System.Collections.Generic.IReadOnlyCollection`1[ThucLuc.Application.Features.KyBaoCao.KyBaoCaoDto]]]] GetAll(System.Threading.CancellationToken) on controller ThucLuc.Api.Controllers.V1.KyBaoCaoController (ThucLuc.Api).
2026-05-06 16:24:50.709 +07:00 [INF] Route matched with {action = "GetCurrent", controller = "KyBaoCao"}. Executing controller action with signature System.Threading.Tasks.Task`1[Microsoft.AspNetCore.Mvc.ActionResult`1[ThucLuc.Api.Common.Models.ApiResponse`1[ThucLuc.Application.Features.KyBaoCao.KyBaoCaoDto]]] GetCurrent(System.Threading.CancellationToken) on controller ThucLuc.Api.Controllers.V1.KyBaoCaoController (ThucLuc.Api).
2026-05-06 16:24:50.755 +07:00 [INF] Executing OkObjectResult, writing value of type 'ThucLuc.Api.Common.Models.ApiResponse`1[[ThucLuc.Application.Features.KyBaoCao.KyBaoCaoDto, ThucLuc.Application, Version=1.0.0.0, Culture=neutral, PublicKeyToken=null]]'.
2026-05-06 16:24:50.755 +07:00 [INF] Executing OkObjectResult, writing value of type 'ThucLuc.Api.Common.Models.ApiResponse`1[[System.Collections.Generic.IReadOnlyCollection`1[[ThucLuc.Application.Features.KyBaoCao.KyBaoCaoDto, ThucLuc.Application, Version=1.0.0.0, Culture=neutral, PublicKeyToken=null]], System.Private.CoreLib, Version=8.0.0.0, Culture=neutral, PublicKeyToken=7cec85d7bea7798e]]'.
2026-05-06 16:24:50.758 +07:00 [INF] Executed action ThucLuc.Api.Controllers.V1.KyBaoCaoController.GetCurrent (ThucLuc.Api) in 46.8687ms
2026-05-06 16:24:50.761 +07:00 [INF] Executed action ThucLuc.Api.Controllers.V1.KyBaoCaoController.GetAll (ThucLuc.Api) in 50.9056ms
2026-05-06 16:24:50.764 +07:00 [INF] Executed endpoint 'ThucLuc.Api.Controllers.V1.KyBaoCaoController.GetCurrent (ThucLuc.Api)'
2026-05-06 16:24:50.767 +07:00 [INF] Executed endpoint 'ThucLuc.Api.Controllers.V1.KyBaoCaoController.GetAll (ThucLuc.Api)'
2026-05-06 16:24:50.768 +07:00 [INF] HTTP GET /api/v1/ky-bao-cao/current => 200 in 62.4249 ms CorrelationId=93df5ff1f55544a7a4e02c9d55fa5976 UserId=5001
2026-05-06 16:24:50.770 +07:00 [INF] HTTP GET /api/v1/ky-bao-cao => 200 in 65.7461 ms CorrelationId=b96a54cf05624f88b6a70a97f3e7ae60 UserId=5001
2026-05-06 16:24:50.772 +07:00 [INF] HTTP GET /api/v1/ky-bao-cao/current responded 200 in 66.8990 ms
2026-05-06 16:24:50.775 +07:00 [INF] HTTP GET /api/v1/ky-bao-cao responded 200 in 70.9502 ms
2026-05-06 16:24:50.776 +07:00 [INF] Request finished HTTP/1.1 GET http://localhost:5283/api/v1/ky-bao-cao/current - 200 null application/json; charset=utf-8 74.2796ms
2026-05-06 16:24:50.778 +07:00 [INF] Request finished HTTP/1.1 GET http://localhost:5283/api/v1/ky-bao-cao - 200 null application/json; charset=utf-8 79.0788ms
2026-05-06 16:24:50.788 +07:00 [INF] Request starting HTTP/1.1 OPTIONS http://localhost:5283/api/v1/camera-quan-ly - null null
2026-05-06 16:24:50.791 +07:00 [INF] CORS policy execution successful.
2026-05-06 16:24:50.791 +07:00 [INF] HTTP OPTIONS /api/v1/camera-quan-ly => 204 in 0.699 ms CorrelationId=8988eff975634c65a7f5802a6127cae6 UserId=anonymous
2026-05-06 16:24:50.794 +07:00 [INF] HTTP OPTIONS /api/v1/camera-quan-ly responded 204 in 3.2121 ms
2026-05-06 16:24:50.795 +07:00 [INF] Request finished HTTP/1.1 OPTIONS http://localhost:5283/api/v1/camera-quan-ly - 204 null null 7.4334ms
2026-05-06 16:24:50.799 +07:00 [INF] Request starting HTTP/1.1 GET http://localhost:5283/api/v1/camera-quan-ly - null null
2026-05-06 16:24:50.801 +07:00 [INF] CORS policy execution successful.
2026-05-06 16:24:50.802 +07:00 [INF] Executing endpoint 'ThucLuc.Api.Controllers.V1.CameraQuanLyController.GetAll (ThucLuc.Api)'
2026-05-06 16:24:50.809 +07:00 [INF] Route matched with {action = "GetAll", controller = "CameraQuanLy"}. Executing controller action with signature System.Threading.Tasks.Task`1[Microsoft.AspNetCore.Mvc.ActionResult`1[ThucLuc.Api.Common.Models.ApiResponse`1[System.Collections.Generic.IReadOnlyCollection`1[ThucLuc.Application.Features.CameraQuanLy.CameraQuanLyDto]]]] GetAll(ThucLuc.Application.Features.CameraQuanLy.GetCameraQuanLyQuery, System.Threading.CancellationToken) on controller ThucLuc.Api.Controllers.V1.CameraQuanLyController (ThucLuc.Api).
2026-05-06 16:24:50.866 +07:00 [INF] Executing OkObjectResult, writing value of type 'ThucLuc.Api.Common.Models.ApiResponse`1[[System.Collections.Generic.IReadOnlyCollection`1[[ThucLuc.Application.Features.CameraQuanLy.CameraQuanLyDto, ThucLuc.Application, Version=1.0.0.0, Culture=neutral, PublicKeyToken=null]], System.Private.CoreLib, Version=8.0.0.0, Culture=neutral, PublicKeyToken=7cec85d7bea7798e]]'.
2026-05-06 16:24:50.872 +07:00 [INF] Executed action ThucLuc.Api.Controllers.V1.CameraQuanLyController.GetAll (ThucLuc.Api) in 60.6334ms
2026-05-06 16:24:50.874 +07:00 [INF] Executed endpoint 'ThucLuc.Api.Controllers.V1.CameraQuanLyController.GetAll (ThucLuc.Api)'
2026-05-06 16:24:50.876 +07:00 [INF] HTTP GET /api/v1/camera-quan-ly => 200 in 74.4252 ms CorrelationId=129215f448e644269a19e663fe2cce64 UserId=5001
2026-05-06 16:24:50.879 +07:00 [INF] HTTP GET /api/v1/camera-quan-ly responded 200 in 77.2731 ms
2026-05-06 16:24:50.881 +07:00 [INF] Request finished HTTP/1.1 GET http://localhost:5283/api/v1/camera-quan-ly - 200 null application/json; charset=utf-8 82.9026ms
2026-05-06 16:24:51.210 +07:00 [INF] Request starting HTTP/1.1 OPTIONS http://localhost:5283/api/v1/codes/by-code/LOP_GIAM_SAT - null null
2026-05-06 16:24:51.211 +07:00 [INF] Request starting HTTP/1.1 OPTIONS http://localhost:5283/api/v1/codes/by-code/THUC_TRANG_GIAM_SAT - null null
2026-05-06 16:24:51.214 +07:00 [INF] CORS policy execution successful.
2026-05-06 16:24:51.217 +07:00 [INF] CORS policy execution successful.
2026-05-06 16:24:51.218 +07:00 [INF] HTTP OPTIONS /api/v1/codes/by-code/LOP_GIAM_SAT => 204 in 3.6304 ms CorrelationId=8088d5435d57401da84529e6e3524f28 UserId=anonymous
2026-05-06 16:24:51.219 +07:00 [INF] HTTP OPTIONS /api/v1/codes/by-code/THUC_TRANG_GIAM_SAT => 204 in 1.6787 ms CorrelationId=e37b9c4a853946bf8abf58e4d9cef5f8 UserId=anonymous
2026-05-06 16:24:51.221 +07:00 [INF] HTTP OPTIONS /api/v1/codes/by-code/LOP_GIAM_SAT responded 204 in 7.1796 ms
2026-05-06 16:24:51.224 +07:00 [INF] HTTP OPTIONS /api/v1/codes/by-code/THUC_TRANG_GIAM_SAT responded 204 in 6.5012 ms
2026-05-06 16:24:51.226 +07:00 [INF] Request finished HTTP/1.1 OPTIONS http://localhost:5283/api/v1/codes/by-code/LOP_GIAM_SAT - 204 null null 15.4718ms
2026-05-06 16:24:51.227 +07:00 [INF] Request finished HTTP/1.1 OPTIONS http://localhost:5283/api/v1/codes/by-code/THUC_TRANG_GIAM_SAT - 204 null null 16.6741ms
2026-05-06 16:24:51.230 +07:00 [INF] Request starting HTTP/1.1 GET http://localhost:5283/api/v1/codes/by-code/LOP_GIAM_SAT - null null
2026-05-06 16:24:51.233 +07:00 [INF] Request starting HTTP/1.1 GET http://localhost:5283/api/v1/codes/by-code/THUC_TRANG_GIAM_SAT - null null
2026-05-06 16:24:51.236 +07:00 [INF] CORS policy execution successful.
2026-05-06 16:24:51.239 +07:00 [INF] CORS policy execution successful.
2026-05-06 16:24:51.240 +07:00 [INF] Executing endpoint 'ThucLuc.Api.Controllers.V1.CodesController.GetByCode (ThucLuc.Api)'
2026-05-06 16:24:51.241 +07:00 [INF] Executing endpoint 'ThucLuc.Api.Controllers.V1.CodesController.GetByCode (ThucLuc.Api)'
2026-05-06 16:24:51.242 +07:00 [INF] Route matched with {action = "GetByCode", controller = "Codes"}. Executing controller action with signature System.Threading.Tasks.Task`1[Microsoft.AspNetCore.Mvc.ActionResult`1[ThucLuc.Api.Common.Models.ApiResponse`1[ThucLuc.Application.Features.Codes.CodeDto]]] GetByCode(System.String, System.Threading.CancellationToken) on controller ThucLuc.Api.Controllers.V1.CodesController (ThucLuc.Api).
2026-05-06 16:24:51.243 +07:00 [INF] Route matched with {action = "GetByCode", controller = "Codes"}. Executing controller action with signature System.Threading.Tasks.Task`1[Microsoft.AspNetCore.Mvc.ActionResult`1[ThucLuc.Api.Common.Models.ApiResponse`1[ThucLuc.Application.Features.Codes.CodeDto]]] GetByCode(System.String, System.Threading.CancellationToken) on controller ThucLuc.Api.Controllers.V1.CodesController (ThucLuc.Api).
2026-05-06 16:24:51.249 +07:00 [INF] Executing OkObjectResult, writing value of type 'ThucLuc.Api.Common.Models.ApiResponse`1[[ThucLuc.Application.Features.Codes.CodeDto, ThucLuc.Application, Version=1.0.0.0, Culture=neutral, PublicKeyToken=null]]'.
2026-05-06 16:24:51.251 +07:00 [INF] Executed action ThucLuc.Api.Controllers.V1.CodesController.GetByCode (ThucLuc.Api) in 6.0869ms
2026-05-06 16:24:51.252 +07:00 [INF] Executing OkObjectResult, writing value of type 'ThucLuc.Api.Common.Models.ApiResponse`1[[ThucLuc.Application.Features.Codes.CodeDto, ThucLuc.Application, Version=1.0.0.0, Culture=neutral, PublicKeyToken=null]]'.
2026-05-06 16:24:51.252 +07:00 [INF] Executed endpoint 'ThucLuc.Api.Controllers.V1.CodesController.GetByCode (ThucLuc.Api)'
2026-05-06 16:24:51.254 +07:00 [INF] Executed action ThucLuc.Api.Controllers.V1.CodesController.GetByCode (ThucLuc.Api) in 6.4603ms
2026-05-06 16:24:51.255 +07:00 [INF] HTTP GET /api/v1/codes/by-code/LOP_GIAM_SAT => 200 in 18.5751 ms CorrelationId=e32512203f5c4af18036abddb0a716a6 UserId=5001
2026-05-06 16:24:51.256 +07:00 [INF] Executed endpoint 'ThucLuc.Api.Controllers.V1.CodesController.GetByCode (ThucLuc.Api)'
2026-05-06 16:24:51.258 +07:00 [INF] HTTP GET /api/v1/codes/by-code/LOP_GIAM_SAT responded 200 in 21.7427 ms
2026-05-06 16:24:51.258 +07:00 [INF] HTTP GET /api/v1/codes/by-code/THUC_TRANG_GIAM_SAT => 200 in 19.5373 ms CorrelationId=857d38047a79462b9c1d525f5ddc72d7 UserId=5001
2026-05-06 16:24:51.260 +07:00 [INF] Request finished HTTP/1.1 GET http://localhost:5283/api/v1/codes/by-code/LOP_GIAM_SAT - 200 null application/json; charset=utf-8 29.4745ms
2026-05-06 16:24:51.261 +07:00 [INF] HTTP GET /api/v1/codes/by-code/THUC_TRANG_GIAM_SAT responded 200 in 22.3557 ms
2026-05-06 16:24:51.267 +07:00 [INF] Request finished HTTP/1.1 GET http://localhost:5283/api/v1/codes/by-code/THUC_TRANG_GIAM_SAT - 200 null application/json; charset=utf-8 33.1112ms
2026-05-06 16:24:51.270 +07:00 [INF] Request starting HTTP/1.1 OPTIONS http://localhost:5283/api/v1/giam-sat-noc?donViId=2001 - null null
2026-05-06 16:24:51.273 +07:00 [INF] CORS policy execution successful.
2026-05-06 16:24:51.274 +07:00 [INF] HTTP OPTIONS /api/v1/giam-sat-noc => 204 in 1.0023 ms CorrelationId=3ec849e92d0649c88bf4bb5fbf668c6a UserId=anonymous
2026-05-06 16:24:51.276 +07:00 [INF] HTTP OPTIONS /api/v1/giam-sat-noc responded 204 in 2.8324 ms
2026-05-06 16:24:51.277 +07:00 [INF] Request finished HTTP/1.1 OPTIONS http://localhost:5283/api/v1/giam-sat-noc?donViId=2001 - 204 null null 7.1026ms
2026-05-06 16:24:51.281 +07:00 [INF] Request starting HTTP/1.1 GET http://localhost:5283/api/v1/giam-sat-noc?donViId=2001 - null null
2026-05-06 16:24:51.284 +07:00 [INF] CORS policy execution successful.
2026-05-06 16:24:51.285 +07:00 [INF] Executing endpoint 'ThucLuc.Api.Controllers.V1.GiamSatNocController.GetAll (ThucLuc.Api)'
2026-05-06 16:24:51.287 +07:00 [INF] Route matched with {action = "GetAll", controller = "GiamSatNoc"}. Executing controller action with signature System.Threading.Tasks.Task`1[Microsoft.AspNetCore.Mvc.ActionResult`1[ThucLuc.Api.Common.Models.ApiResponse`1[System.Collections.Generic.IReadOnlyCollection`1[ThucLuc.Application.Features.GiamSatNoc.GiamSatNocDto]]]] GetAll(ThucLuc.Application.Features.GiamSatNoc.GiamSatNocQuery, System.Threading.CancellationToken) on controller ThucLuc.Api.Controllers.V1.GiamSatNocController (ThucLuc.Api).
2026-05-06 16:24:51.293 +07:00 [INF] Executing OkObjectResult, writing value of type 'ThucLuc.Api.Common.Models.ApiResponse`1[[System.Collections.Generic.IReadOnlyCollection`1[[ThucLuc.Application.Features.GiamSatNoc.GiamSatNocDto, ThucLuc.Application, Version=1.0.0.0, Culture=neutral, PublicKeyToken=null]], System.Private.CoreLib, Version=8.0.0.0, Culture=neutral, PublicKeyToken=7cec85d7bea7798e]]'.
2026-05-06 16:24:51.294 +07:00 [INF] Executed action ThucLuc.Api.Controllers.V1.GiamSatNocController.GetAll (ThucLuc.Api) in 5.6135ms
2026-05-06 16:24:51.296 +07:00 [INF] Executed endpoint 'ThucLuc.Api.Controllers.V1.GiamSatNocController.GetAll (ThucLuc.Api)'
2026-05-06 16:24:51.298 +07:00 [INF] HTTP GET /api/v1/giam-sat-noc => 200 in 13.4947 ms CorrelationId=b0dbd8920e164f8898f0a30a632297cb UserId=5001
2026-05-06 16:24:51.300 +07:00 [INF] HTTP GET /api/v1/giam-sat-noc responded 200 in 15.9432 ms
2026-05-06 16:24:51.302 +07:00 [INF] Request finished HTTP/1.1 GET http://localhost:5283/api/v1/giam-sat-noc?donViId=2001 - 200 null application/json; charset=utf-8 21.2141ms
2026-05-06 16:24:51.932 +07:00 [INF] Request starting HTTP/1.1 OPTIONS http://localhost:5283/api/v1/ha-tang-mang?donViId=2001 - null null
2026-05-06 16:24:51.932 +07:00 [INF] Request starting HTTP/1.1 OPTIONS http://localhost:5283/api/v1/don-vi/2001 - null null
2026-05-06 16:24:51.936 +07:00 [INF] CORS policy execution successful.
2026-05-06 16:24:51.938 +07:00 [INF] CORS policy execution successful.
2026-05-06 16:24:51.939 +07:00 [INF] HTTP OPTIONS /api/v1/ha-tang-mang => 204 in 3.4314 ms CorrelationId=dd61b36bb18642b48dced0d1b3431367 UserId=anonymous
2026-05-06 16:24:51.940 +07:00 [INF] HTTP OPTIONS /api/v1/don-vi/2001 => 204 in 1.7047 ms CorrelationId=28b698e3c15842c0b162f59255577c08 UserId=anonymous
2026-05-06 16:24:51.942 +07:00 [INF] HTTP OPTIONS /api/v1/ha-tang-mang responded 204 in 6.6074 ms
2026-05-06 16:24:51.943 +07:00 [INF] HTTP OPTIONS /api/v1/don-vi/2001 responded 204 in 5.4002 ms
2026-05-06 16:24:51.945 +07:00 [INF] Request finished HTTP/1.1 OPTIONS http://localhost:5283/api/v1/ha-tang-mang?donViId=2001 - 204 null null 12.5711ms
2026-05-06 16:24:51.946 +07:00 [INF] Request finished HTTP/1.1 OPTIONS http://localhost:5283/api/v1/don-vi/2001 - 204 null null 13.2664ms
2026-05-06 16:24:51.950 +07:00 [INF] Request starting HTTP/1.1 GET http://localhost:5283/api/v1/don-vi/2001 - null null
2026-05-06 16:24:51.953 +07:00 [INF] Request starting HTTP/1.1 GET http://localhost:5283/api/v1/ha-tang-mang?donViId=2001 - null null
2026-05-06 16:24:51.956 +07:00 [INF] CORS policy execution successful.
2026-05-06 16:24:51.958 +07:00 [INF] CORS policy execution successful.
2026-05-06 16:24:51.959 +07:00 [INF] Executing endpoint 'ThucLuc.Api.Controllers.V1.DonViController.GetById (ThucLuc.Api)'
2026-05-06 16:24:51.959 +07:00 [INF] Executing endpoint 'ThucLuc.Api.Controllers.V1.HaTangMangController.GetAll (ThucLuc.Api)'
2026-05-06 16:24:51.960 +07:00 [INF] Route matched with {action = "GetById", controller = "DonVi"}. Executing controller action with signature System.Threading.Tasks.Task`1[Microsoft.AspNetCore.Mvc.ActionResult`1[ThucLuc.Api.Common.Models.ApiResponse`1[ThucLuc.Application.Features.DonVi.DonViDto]]] GetById(Int64, System.Threading.CancellationToken) on controller ThucLuc.Api.Controllers.V1.DonViController (ThucLuc.Api).
2026-05-06 16:24:51.960 +07:00 [INF] Route matched with {action = "GetAll", controller = "HaTangMang"}. Executing controller action with signature System.Threading.Tasks.Task`1[Microsoft.AspNetCore.Mvc.ActionResult`1[ThucLuc.Api.Common.Models.ApiResponse`1[System.Collections.Generic.IReadOnlyCollection`1[ThucLuc.Application.Features.HaTangMang.HaTangMangDto]]]] GetAll(System.Threading.CancellationToken) on controller ThucLuc.Api.Controllers.V1.HaTangMangController (ThucLuc.Api).
2026-05-06 16:24:51.965 +07:00 [INF] Executing OkObjectResult, writing value of type 'ThucLuc.Api.Common.Models.ApiResponse`1[[ThucLuc.Application.Features.DonVi.DonViDto, ThucLuc.Application, Version=1.0.0.0, Culture=neutral, PublicKeyToken=null]]'.
2026-05-06 16:24:51.967 +07:00 [INF] Executing OkObjectResult, writing value of type 'ThucLuc.Api.Common.Models.ApiResponse`1[[System.Collections.Generic.IReadOnlyCollection`1[[ThucLuc.Application.Features.HaTangMang.HaTangMangDto, ThucLuc.Application, Version=1.0.0.0, Culture=neutral, PublicKeyToken=null]], System.Private.CoreLib, Version=8.0.0.0, Culture=neutral, PublicKeyToken=7cec85d7bea7798e]]'.
2026-05-06 16:24:51.967 +07:00 [INF] Executed action ThucLuc.Api.Controllers.V1.DonViController.GetById (ThucLuc.Api) in 5.3714ms
2026-05-06 16:24:51.969 +07:00 [INF] Executed action ThucLuc.Api.Controllers.V1.HaTangMangController.GetAll (ThucLuc.Api) in 5.0704ms
2026-05-06 16:24:51.970 +07:00 [INF] Executed endpoint 'ThucLuc.Api.Controllers.V1.DonViController.GetById (ThucLuc.Api)'
2026-05-06 16:24:51.971 +07:00 [INF] Executed endpoint 'ThucLuc.Api.Controllers.V1.HaTangMangController.GetAll (ThucLuc.Api)'
2026-05-06 16:24:51.972 +07:00 [INF] HTTP GET /api/v1/don-vi/2001 => 200 in 16.559 ms CorrelationId=27919896d3fc4557b5efad907f10acb7 UserId=5001
2026-05-06 16:24:51.973 +07:00 [INF] HTTP GET /api/v1/ha-tang-mang => 200 in 15.6147 ms CorrelationId=c965ce2173b244789401e5dbcdf4e526 UserId=5001
2026-05-06 16:24:51.975 +07:00 [INF] HTTP GET /api/v1/don-vi/2001 responded 200 in 19.3865 ms
2026-05-06 16:24:51.977 +07:00 [INF] HTTP GET /api/v1/ha-tang-mang responded 200 in 18.8545 ms
2026-05-06 16:24:51.978 +07:00 [INF] Request finished HTTP/1.1 GET http://localhost:5283/api/v1/don-vi/2001 - 200 null application/json; charset=utf-8 28.4106ms
2026-05-06 16:24:51.980 +07:00 [INF] Request finished HTTP/1.1 GET http://localhost:5283/api/v1/ha-tang-mang?donViId=2001 - 200 null application/json; charset=utf-8 27.0592ms
2026-05-06 16:42:10.375 +07:00 [INF] Request starting HTTP/1.1 OPTIONS http://localhost:5283/api/v1/codes/by-code/LOP_GIAM_SAT - null null
2026-05-06 16:42:10.375 +07:00 [INF] Request starting HTTP/1.1 OPTIONS http://localhost:5283/api/v1/codes/by-code/THUC_TRANG_GIAM_SAT - null null
2026-05-06 16:42:10.383 +07:00 [INF] CORS policy execution successful.
2026-05-06 16:42:10.387 +07:00 [INF] CORS policy execution successful.
2026-05-06 16:42:10.387 +07:00 [INF] HTTP OPTIONS /api/v1/codes/by-code/LOP_GIAM_SAT => 204 in 4.4109 ms CorrelationId=12f302690d9f4c9ca7089a0c5fecc2cb UserId=anonymous
2026-05-06 16:42:10.388 +07:00 [INF] HTTP OPTIONS /api/v1/codes/by-code/THUC_TRANG_GIAM_SAT => 204 in 1.3683 ms CorrelationId=06cb838654d04d67b999b63f43679166 UserId=anonymous
2026-05-06 16:42:10.390 +07:00 [INF] HTTP OPTIONS /api/v1/codes/by-code/LOP_GIAM_SAT responded 204 in 7.4415 ms
2026-05-06 16:42:10.392 +07:00 [INF] HTTP OPTIONS /api/v1/codes/by-code/THUC_TRANG_GIAM_SAT responded 204 in 5.3228 ms
2026-05-06 16:42:10.394 +07:00 [INF] Request finished HTTP/1.1 OPTIONS http://localhost:5283/api/v1/codes/by-code/LOP_GIAM_SAT - 204 null null 18.179ms
2026-05-06 16:42:10.395 +07:00 [INF] Request finished HTTP/1.1 OPTIONS http://localhost:5283/api/v1/codes/by-code/THUC_TRANG_GIAM_SAT - 204 null null 20.0412ms
2026-05-06 16:42:10.399 +07:00 [INF] Request starting HTTP/1.1 GET http://localhost:5283/api/v1/codes/by-code/THUC_TRANG_GIAM_SAT - null null
2026-05-06 16:42:10.401 +07:00 [INF] Request starting HTTP/1.1 GET http://localhost:5283/api/v1/codes/by-code/LOP_GIAM_SAT - null null
2026-05-06 16:42:10.404 +07:00 [INF] CORS policy execution successful.
2026-05-06 16:42:10.406 +07:00 [INF] CORS policy execution successful.
2026-05-06 16:42:10.407 +07:00 [INF] Executing endpoint 'ThucLuc.Api.Controllers.V1.CodesController.GetByCode (ThucLuc.Api)'
2026-05-06 16:42:10.407 +07:00 [INF] Executing endpoint 'ThucLuc.Api.Controllers.V1.CodesController.GetByCode (ThucLuc.Api)'
2026-05-06 16:42:10.408 +07:00 [INF] Route matched with {action = "GetByCode", controller = "Codes"}. Executing controller action with signature System.Threading.Tasks.Task`1[Microsoft.AspNetCore.Mvc.ActionResult`1[ThucLuc.Api.Common.Models.ApiResponse`1[ThucLuc.Application.Features.Codes.CodeDto]]] GetByCode(System.String, System.Threading.CancellationToken) on controller ThucLuc.Api.Controllers.V1.CodesController (ThucLuc.Api).
2026-05-06 16:42:10.409 +07:00 [INF] Route matched with {action = "GetByCode", controller = "Codes"}. Executing controller action with signature System.Threading.Tasks.Task`1[Microsoft.AspNetCore.Mvc.ActionResult`1[ThucLuc.Api.Common.Models.ApiResponse`1[ThucLuc.Application.Features.Codes.CodeDto]]] GetByCode(System.String, System.Threading.CancellationToken) on controller ThucLuc.Api.Controllers.V1.CodesController (ThucLuc.Api).
2026-05-06 16:42:10.455 +07:00 [INF] Executing OkObjectResult, writing value of type 'ThucLuc.Api.Common.Models.ApiResponse`1[[ThucLuc.Application.Features.Codes.CodeDto, ThucLuc.Application, Version=1.0.0.0, Culture=neutral, PublicKeyToken=null]]'.
2026-05-06 16:42:10.457 +07:00 [INF] Executed action ThucLuc.Api.Controllers.V1.CodesController.GetByCode (ThucLuc.Api) in 46.1021ms
2026-05-06 16:42:10.459 +07:00 [INF] Executed endpoint 'ThucLuc.Api.Controllers.V1.CodesController.GetByCode (ThucLuc.Api)'
2026-05-06 16:42:10.460 +07:00 [INF] HTTP GET /api/v1/codes/by-code/THUC_TRANG_GIAM_SAT => 200 in 56.5965 ms CorrelationId=eb9a8c0a291e43e58493e8174e7d12e1 UserId=5001
2026-05-06 16:42:10.462 +07:00 [INF] HTTP GET /api/v1/codes/by-code/THUC_TRANG_GIAM_SAT responded 200 in 58.8655 ms
2026-05-06 16:42:10.464 +07:00 [INF] Request finished HTTP/1.1 GET http://localhost:5283/api/v1/codes/by-code/THUC_TRANG_GIAM_SAT - 200 null application/json; charset=utf-8 65.6178ms
2026-05-06 16:42:10.493 +07:00 [INF] Executing OkObjectResult, writing value of type 'ThucLuc.Api.Common.Models.ApiResponse`1[[ThucLuc.Application.Features.Codes.CodeDto, ThucLuc.Application, Version=1.0.0.0, Culture=neutral, PublicKeyToken=null]]'.
2026-05-06 16:42:10.495 +07:00 [INF] Executed action ThucLuc.Api.Controllers.V1.CodesController.GetByCode (ThucLuc.Api) in 82.7177ms
2026-05-06 16:42:10.497 +07:00 [INF] Executed endpoint 'ThucLuc.Api.Controllers.V1.CodesController.GetByCode (ThucLuc.Api)'
2026-05-06 16:42:10.498 +07:00 [INF] HTTP GET /api/v1/codes/by-code/LOP_GIAM_SAT => 200 in 92.3384 ms CorrelationId=95527daa5d124569bf87e44516edd216 UserId=5001
2026-05-06 16:42:10.501 +07:00 [INF] HTTP GET /api/v1/codes/by-code/LOP_GIAM_SAT responded 200 in 95.4756 ms
2026-05-06 16:42:10.503 +07:00 [INF] Request finished HTTP/1.1 GET http://localhost:5283/api/v1/codes/by-code/LOP_GIAM_SAT - 200 null application/json; charset=utf-8 102.031ms
2026-05-06 16:42:10.507 +07:00 [INF] Request starting HTTP/1.1 OPTIONS http://localhost:5283/api/v1/giam-sat-noc?donViId=2001 - null null
2026-05-06 16:42:10.510 +07:00 [INF] CORS policy execution successful.
2026-05-06 16:42:10.511 +07:00 [INF] HTTP OPTIONS /api/v1/giam-sat-noc => 204 in 1.2199 ms CorrelationId=1ab1e9eda4ef4e5096648c0ec252de79 UserId=anonymous
2026-05-06 16:42:10.514 +07:00 [INF] HTTP OPTIONS /api/v1/giam-sat-noc responded 204 in 3.4744 ms
2026-05-06 16:42:10.515 +07:00 [INF] Request finished HTTP/1.1 OPTIONS http://localhost:5283/api/v1/giam-sat-noc?donViId=2001 - 204 null null 8.1708ms
2026-05-06 16:42:10.519 +07:00 [INF] Request starting HTTP/1.1 GET http://localhost:5283/api/v1/giam-sat-noc?donViId=2001 - null null
2026-05-06 16:42:10.522 +07:00 [INF] CORS policy execution successful.
2026-05-06 16:42:10.523 +07:00 [INF] Executing endpoint 'ThucLuc.Api.Controllers.V1.GiamSatNocController.GetAll (ThucLuc.Api)'
2026-05-06 16:42:10.524 +07:00 [INF] Route matched with {action = "GetAll", controller = "GiamSatNoc"}. Executing controller action with signature System.Threading.Tasks.Task`1[Microsoft.AspNetCore.Mvc.ActionResult`1[ThucLuc.Api.Common.Models.ApiResponse`1[System.Collections.Generic.IReadOnlyCollection`1[ThucLuc.Application.Features.GiamSatNoc.GiamSatNocDto]]]] GetAll(ThucLuc.Application.Features.GiamSatNoc.GiamSatNocQuery, System.Threading.CancellationToken) on controller ThucLuc.Api.Controllers.V1.GiamSatNocController (ThucLuc.Api).
2026-05-06 16:42:10.528 +07:00 [INF] Executing OkObjectResult, writing value of type 'ThucLuc.Api.Common.Models.ApiResponse`1[[System.Collections.Generic.IReadOnlyCollection`1[[ThucLuc.Application.Features.GiamSatNoc.GiamSatNocDto, ThucLuc.Application, Version=1.0.0.0, Culture=neutral, PublicKeyToken=null]], System.Private.CoreLib, Version=8.0.0.0, Culture=neutral, PublicKeyToken=7cec85d7bea7798e]]'.
2026-05-06 16:42:10.529 +07:00 [INF] Executed action ThucLuc.Api.Controllers.V1.GiamSatNocController.GetAll (ThucLuc.Api) in 3.7255ms
2026-05-06 16:42:10.531 +07:00 [INF] Executed endpoint 'ThucLuc.Api.Controllers.V1.GiamSatNocController.GetAll (ThucLuc.Api)'
2026-05-06 16:42:10.532 +07:00 [INF] HTTP GET /api/v1/giam-sat-noc => 200 in 9.9092 ms CorrelationId=09c805a95441468bb44568645d195f43 UserId=5001
2026-05-06 16:42:10.534 +07:00 [INF] HTTP GET /api/v1/giam-sat-noc responded 200 in 12.4613 ms
2026-05-06 16:42:10.536 +07:00 [INF] Request finished HTTP/1.1 GET http://localhost:5283/api/v1/giam-sat-noc?donViId=2001 - 200 null application/json; charset=utf-8 17.3845ms
