2026-04-22 14:04:33.407 +07:00 [WRN] The decimal property 'KinhPhi' on entity type 'DaoTaoNuocNgoai' does not have a store type specified. This may lead to a precision loss if the values do not fit in the default precision and scale. Oracle recommends to explicitly specify the column type that can accommodate all the values in 'OnModelCreating' using 'HasColumnType', specify precision and scale using 'HasPrecision', or configure a value converter using 'HasConversion'.
2026-04-22 14:04:34.669 +07:00 [INF] Baseline seed data has been applied successfully.
2026-04-22 14:04:34.753 +07:00 [INF] User profile is available. Using 'C:\Users\CNTT\AppData\Local\ASP.NET\DataProtection-Keys' as key repository and Windows DPAPI to encrypt keys at rest.
2026-04-22 14:04:34.840 +07:00 [INF] Now listening on: http://localhost:5283
2026-04-22 14:04:34.841 +07:00 [INF] Application started. Press Ctrl+C to shut down.
2026-04-22 14:04:34.842 +07:00 [INF] Hosting environment: Development
2026-04-22 14:04:34.843 +07:00 [INF] Content root path: D:\Projects\ThucLuc_V2\.sources\backend\src\api
2026-04-22 14:06:56.776 +07:00 [INF] Request starting HTTP/1.1 OPTIONS http://localhost:5283/api/v1/codes/by-code/NOI_DUNG_DAO_TAO_HV - null null
2026-04-22 14:06:56.776 +07:00 [INF] Request starting HTTP/1.1 OPTIONS http://localhost:5283/api/v1/don-vi/2001 - null null
2026-04-22 14:06:56.824 +07:00 [WRN] Failed to determine the https port for redirect.
2026-04-22 14:06:56.826 +07:00 [INF] CORS policy execution successful.
2026-04-22 14:06:56.826 +07:00 [INF] CORS policy execution successful.
2026-04-22 14:06:56.829 +07:00 [INF] HTTP OPTIONS /api/v1/don-vi/2001 => 204 in 13.5772 ms CorrelationId=03b02e64926f4cc88a62da10c82cb5a3 UserId=anonymous
2026-04-22 14:06:56.829 +07:00 [INF] HTTP OPTIONS /api/v1/codes/by-code/NOI_DUNG_DAO_TAO_HV => 204 in 13.5678 ms CorrelationId=14bf093cab154942a26e86f535ed946d UserId=anonymous
2026-04-22 14:06:56.834 +07:00 [INF] HTTP OPTIONS /api/v1/don-vi/2001 responded 204 in 21.6489 ms
2026-04-22 14:06:56.834 +07:00 [INF] HTTP OPTIONS /api/v1/codes/by-code/NOI_DUNG_DAO_TAO_HV responded 204 in 22.7181 ms
2026-04-22 14:06:56.841 +07:00 [INF] Request finished HTTP/1.1 OPTIONS http://localhost:5283/api/v1/codes/by-code/NOI_DUNG_DAO_TAO_HV - 204 null null 66.7931ms
2026-04-22 14:06:56.841 +07:00 [INF] Request finished HTTP/1.1 OPTIONS http://localhost:5283/api/v1/don-vi/2001 - 204 null null 66.7914ms
2026-04-22 14:06:56.844 +07:00 [INF] Request starting HTTP/1.1 GET http://localhost:5283/api/v1/don-vi/2001 - null null
2026-04-22 14:06:56.846 +07:00 [INF] Request starting HTTP/1.1 GET http://localhost:5283/api/v1/codes/by-code/NOI_DUNG_DAO_TAO_HV - null null
2026-04-22 14:06:56.852 +07:00 [INF] CORS policy execution successful.
2026-04-22 14:06:56.852 +07:00 [INF] CORS policy execution successful.
2026-04-22 14:06:56.887 +07:00 [INF] Failed to validate the token.
Microsoft.IdentityModel.Tokens.SecurityTokenExpiredException: IDX10223: Lifetime validation failed. The token is expired. ValidTo (UTC): '4/21/2026 11:38:23 AM', Current time (UTC): '4/22/2026 7:06:56 AM'.
   at Microsoft.IdentityModel.Tokens.ValidatorUtilities.ValidateLifetime(Nullable`1 notBefore, Nullable`1 expires, SecurityToken securityToken, TokenValidationParameters validationParameters)
   at Microsoft.IdentityModel.Tokens.Validators.ValidateLifetime(Nullable`1 notBefore, Nullable`1 expires, SecurityToken securityToken, TokenValidationParameters validationParameters)
   at Microsoft.IdentityModel.JsonWebTokens.JsonWebTokenHandler.ValidateTokenPayloadAsync(JsonWebToken jsonWebToken, TokenValidationParameters validationParameters, BaseConfiguration configuration)
   at Microsoft.IdentityModel.JsonWebTokens.JsonWebTokenHandler.ValidateJWSAsync(JsonWebToken jsonWebToken, TokenValidationParameters validationParameters, BaseConfiguration configuration)
2026-04-22 14:06:56.887 +07:00 [INF] Failed to validate the token.
Microsoft.IdentityModel.Tokens.SecurityTokenExpiredException: IDX10223: Lifetime validation failed. The token is expired. ValidTo (UTC): '4/21/2026 11:38:23 AM', Current time (UTC): '4/22/2026 7:06:56 AM'.
   at Microsoft.IdentityModel.Tokens.ValidatorUtilities.ValidateLifetime(Nullable`1 notBefore, Nullable`1 expires, SecurityToken securityToken, TokenValidationParameters validationParameters)
   at Microsoft.IdentityModel.Tokens.Validators.ValidateLifetime(Nullable`1 notBefore, Nullable`1 expires, SecurityToken securityToken, TokenValidationParameters validationParameters)
   at Microsoft.IdentityModel.JsonWebTokens.JsonWebTokenHandler.ValidateTokenPayloadAsync(JsonWebToken jsonWebToken, TokenValidationParameters validationParameters, BaseConfiguration configuration)
   at Microsoft.IdentityModel.JsonWebTokens.JsonWebTokenHandler.ValidateJWSAsync(JsonWebToken jsonWebToken, TokenValidationParameters validationParameters, BaseConfiguration configuration)
2026-04-22 14:06:56.896 +07:00 [INF] Bearer was not authenticated. Failure message: IDX10223: Lifetime validation failed. The token is expired. ValidTo (UTC): '4/21/2026 11:38:23 AM', Current time (UTC): '4/22/2026 7:06:56 AM'.
2026-04-22 14:06:56.897 +07:00 [INF] Bearer was not authenticated. Failure message: IDX10223: Lifetime validation failed. The token is expired. ValidTo (UTC): '4/21/2026 11:38:23 AM', Current time (UTC): '4/22/2026 7:06:56 AM'.
2026-04-22 14:06:56.901 +07:00 [INF] Authorization failed. These requirements were not met:
ThucLuc.Api.Common.Authorization.PermissionRequirement
2026-04-22 14:06:56.901 +07:00 [INF] Authorization failed. These requirements were not met:
ThucLuc.Api.Common.Authorization.PermissionRequirement
2026-04-22 14:06:56.906 +07:00 [INF] AuthenticationScheme: Bearer was challenged.
2026-04-22 14:06:56.906 +07:00 [INF] AuthenticationScheme: Bearer was challenged.
2026-04-22 14:06:56.907 +07:00 [INF] HTTP GET /api/v1/codes/by-code/NOI_DUNG_DAO_TAO_HV => 401 in 56.3649 ms CorrelationId=5dc7efd9c5f14db0999da209d2a2d578 UserId=anonymous
2026-04-22 14:06:56.908 +07:00 [INF] HTTP GET /api/v1/don-vi/2001 => 401 in 57.5259 ms CorrelationId=cdd09488e0704d7285162c9c98e9668b UserId=anonymous
2026-04-22 14:06:56.909 +07:00 [INF] HTTP GET /api/v1/codes/by-code/NOI_DUNG_DAO_TAO_HV responded 401 in 58.7533 ms
2026-04-22 14:06:56.910 +07:00 [INF] HTTP GET /api/v1/don-vi/2001 responded 401 in 59.7770 ms
2026-04-22 14:06:56.912 +07:00 [INF] Request finished HTTP/1.1 GET http://localhost:5283/api/v1/codes/by-code/NOI_DUNG_DAO_TAO_HV - 401 0 null 65.7578ms
2026-04-22 14:06:56.912 +07:00 [INF] Request finished HTTP/1.1 GET http://localhost:5283/api/v1/don-vi/2001 - 401 0 null 67.5901ms
2026-04-22 14:06:58.361 +07:00 [INF] Request starting HTTP/1.1 OPTIONS http://localhost:5283/api/v1/auth/login - null null
2026-04-22 14:06:58.363 +07:00 [INF] CORS policy execution successful.
2026-04-22 14:06:58.363 +07:00 [INF] HTTP OPTIONS /api/v1/auth/login => 204 in 0.4731 ms CorrelationId=38194d5bfafd42ea83206d61b4ace40f UserId=anonymous
2026-04-22 14:06:58.364 +07:00 [INF] HTTP OPTIONS /api/v1/auth/login responded 204 in 1.6095 ms
2026-04-22 14:06:58.365 +07:00 [INF] Request finished HTTP/1.1 OPTIONS http://localhost:5283/api/v1/auth/login - 204 null null 4.1995ms
2026-04-22 14:06:58.368 +07:00 [INF] Request starting HTTP/1.1 POST http://localhost:5283/api/v1/auth/login - application/json 43
2026-04-22 14:06:58.370 +07:00 [INF] CORS policy execution successful.
2026-04-22 14:06:58.376 +07:00 [INF] Executing endpoint 'ThucLuc.Api.Controllers.V1.AuthController.Login (ThucLuc.Api)'
2026-04-22 14:06:58.389 +07:00 [INF] Route matched with {action = "Login", controller = "Auth"}. Executing controller action with signature System.Threading.Tasks.Task`1[Microsoft.AspNetCore.Mvc.ActionResult`1[ThucLuc.Api.Common.Models.ApiResponse`1[ThucLuc.Application.Features.Auth.AuthTokenDto]]] Login(ThucLuc.Application.Features.Auth.LoginRequest, System.Threading.CancellationToken) on controller ThucLuc.Api.Controllers.V1.AuthController (ThucLuc.Api).
2026-04-22 14:06:58.833 +07:00 [INF] Executing OkObjectResult, writing value of type 'ThucLuc.Api.Common.Models.ApiResponse`1[[ThucLuc.Application.Features.Auth.AuthTokenDto, ThucLuc.Application, Version=1.0.0.0, Culture=neutral, PublicKeyToken=null]]'.
2026-04-22 14:06:58.846 +07:00 [INF] Executed action ThucLuc.Api.Controllers.V1.AuthController.Login (ThucLuc.Api) in 453.3003ms
2026-04-22 14:06:58.848 +07:00 [INF] Executed endpoint 'ThucLuc.Api.Controllers.V1.AuthController.Login (ThucLuc.Api)'
2026-04-22 14:06:58.850 +07:00 [INF] HTTP POST /api/v1/auth/login => 200 in 480.1822 ms CorrelationId=9f2ad584207442238f1861257cfa3fde UserId=anonymous
2026-04-22 14:06:58.851 +07:00 [INF] HTTP POST /api/v1/auth/login responded 200 in 481.4683 ms
2026-04-22 14:06:58.855 +07:00 [INF] Request finished HTTP/1.1 POST http://localhost:5283/api/v1/auth/login - 200 null application/json; charset=utf-8 487.0836ms
2026-04-22 14:06:58.857 +07:00 [INF] Request starting HTTP/1.1 OPTIONS http://localhost:5283/api/v1/auth/me - null null
2026-04-22 14:06:58.858 +07:00 [INF] CORS policy execution successful.
2026-04-22 14:06:58.859 +07:00 [INF] HTTP OPTIONS /api/v1/auth/me => 204 in 0.566 ms CorrelationId=eeef60fef7a149f98f202878e87bb2a4 UserId=anonymous
2026-04-22 14:06:58.860 +07:00 [INF] HTTP OPTIONS /api/v1/auth/me responded 204 in 1.7081 ms
2026-04-22 14:06:58.861 +07:00 [INF] Request finished HTTP/1.1 OPTIONS http://localhost:5283/api/v1/auth/me - 204 null null 3.7459ms
2026-04-22 14:06:58.862 +07:00 [INF] Request starting HTTP/1.1 GET http://localhost:5283/api/v1/auth/me - null null
2026-04-22 14:06:58.863 +07:00 [INF] CORS policy execution successful.
2026-04-22 14:06:58.869 +07:00 [INF] Executing endpoint 'ThucLuc.Api.Controllers.V1.AuthController.Me (ThucLuc.Api)'
2026-04-22 14:06:58.873 +07:00 [INF] Route matched with {action = "Me", controller = "Auth"}. Executing controller action with signature System.Threading.Tasks.Task`1[Microsoft.AspNetCore.Mvc.ActionResult`1[ThucLuc.Api.Common.Models.ApiResponse`1[ThucLuc.Application.Features.Auth.UserProfileDto]]] Me(System.Threading.CancellationToken) on controller ThucLuc.Api.Controllers.V1.AuthController (ThucLuc.Api).
2026-04-22 14:06:58.893 +07:00 [INF] Executing OkObjectResult, writing value of type 'ThucLuc.Api.Common.Models.ApiResponse`1[[ThucLuc.Application.Features.Auth.UserProfileDto, ThucLuc.Application, Version=1.0.0.0, Culture=neutral, PublicKeyToken=null]]'.
2026-04-22 14:06:58.895 +07:00 [INF] Executed action ThucLuc.Api.Controllers.V1.AuthController.Me (ThucLuc.Api) in 19.2455ms
2026-04-22 14:06:58.896 +07:00 [INF] Executed endpoint 'ThucLuc.Api.Controllers.V1.AuthController.Me (ThucLuc.Api)'
2026-04-22 14:06:58.897 +07:00 [INF] HTTP GET /api/v1/auth/me => 200 in 33.3446 ms CorrelationId=ecbb6446e80c412ba7580590d8d7a484 UserId=5001
2026-04-22 14:06:58.898 +07:00 [INF] HTTP GET /api/v1/auth/me responded 200 in 34.6626 ms
2026-04-22 14:06:58.899 +07:00 [INF] Request finished HTTP/1.1 GET http://localhost:5283/api/v1/auth/me - 200 null application/json; charset=utf-8 36.7302ms
2026-04-22 14:06:58.914 +07:00 [INF] Request starting HTTP/1.1 OPTIONS http://localhost:5283/api/v1/ky-bao-cao/current - null null
2026-04-22 14:06:58.914 +07:00 [INF] Request starting HTTP/1.1 GET http://localhost:5283/api/v1/don-vi/2001 - null null
2026-04-22 14:06:58.914 +07:00 [INF] Request starting HTTP/1.1 OPTIONS http://localhost:5283/api/v1/ky-bao-cao - null null
2026-04-22 14:06:58.916 +07:00 [INF] CORS policy execution successful.
2026-04-22 14:06:58.918 +07:00 [INF] CORS policy execution successful.
2026-04-22 14:06:58.919 +07:00 [INF] CORS policy execution successful.
2026-04-22 14:06:58.920 +07:00 [INF] HTTP OPTIONS /api/v1/ky-bao-cao/current => 204 in 4.0091 ms CorrelationId=b2c8ff76a8ae47ebbb481d11074e340b UserId=anonymous
2026-04-22 14:06:58.922 +07:00 [INF] Executing endpoint 'ThucLuc.Api.Controllers.V1.DonViController.GetById (ThucLuc.Api)'
2026-04-22 14:06:58.922 +07:00 [INF] HTTP OPTIONS /api/v1/ky-bao-cao => 204 in 2.7292 ms CorrelationId=be5c7ecce39e4d60867fe9a1cf87f967 UserId=anonymous
2026-04-22 14:06:58.924 +07:00 [INF] HTTP OPTIONS /api/v1/ky-bao-cao/current responded 204 in 7.6044 ms
2026-04-22 14:06:58.930 +07:00 [INF] HTTP OPTIONS /api/v1/ky-bao-cao responded 204 in 10.6401 ms
2026-04-22 14:06:58.930 +07:00 [INF] Route matched with {action = "GetById", controller = "DonVi"}. Executing controller action with signature System.Threading.Tasks.Task`1[Microsoft.AspNetCore.Mvc.ActionResult`1[ThucLuc.Api.Common.Models.ApiResponse`1[ThucLuc.Application.Features.DonVi.DonViDto]]] GetById(Int64, System.Threading.CancellationToken) on controller ThucLuc.Api.Controllers.V1.DonViController (ThucLuc.Api).
2026-04-22 14:06:58.937 +07:00 [INF] Request finished HTTP/1.1 OPTIONS http://localhost:5283/api/v1/ky-bao-cao/current - 204 null null 22.889ms
2026-04-22 14:06:58.939 +07:00 [INF] Request finished HTTP/1.1 OPTIONS http://localhost:5283/api/v1/ky-bao-cao - 204 null null 24.5946ms
2026-04-22 14:06:58.943 +07:00 [INF] Request starting HTTP/1.1 GET http://localhost:5283/api/v1/ky-bao-cao/current - null null
2026-04-22 14:06:58.945 +07:00 [INF] Request starting HTTP/1.1 GET http://localhost:5283/api/v1/ky-bao-cao - null null
2026-04-22 14:06:58.947 +07:00 [INF] CORS policy execution successful.
2026-04-22 14:06:58.949 +07:00 [INF] CORS policy execution successful.
2026-04-22 14:06:58.950 +07:00 [INF] Executing endpoint 'ThucLuc.Api.Controllers.V1.KyBaoCaoController.GetCurrent (ThucLuc.Api)'
2026-04-22 14:06:58.951 +07:00 [INF] Executing endpoint 'ThucLuc.Api.Controllers.V1.KyBaoCaoController.GetAll (ThucLuc.Api)'
2026-04-22 14:06:58.954 +07:00 [INF] Route matched with {action = "GetCurrent", controller = "KyBaoCao"}. Executing controller action with signature System.Threading.Tasks.Task`1[Microsoft.AspNetCore.Mvc.ActionResult`1[ThucLuc.Api.Common.Models.ApiResponse`1[ThucLuc.Application.Features.KyBaoCao.KyBaoCaoDto]]] GetCurrent(System.Threading.CancellationToken) on controller ThucLuc.Api.Controllers.V1.KyBaoCaoController (ThucLuc.Api).
2026-04-22 14:06:58.955 +07:00 [INF] Route matched with {action = "GetAll", controller = "KyBaoCao"}. Executing controller action with signature System.Threading.Tasks.Task`1[Microsoft.AspNetCore.Mvc.ActionResult`1[ThucLuc.Api.Common.Models.ApiResponse`1[System.Collections.Generic.IReadOnlyCollection`1[ThucLuc.Application.Features.KyBaoCao.KyBaoCaoDto]]]] GetAll(System.Threading.CancellationToken) on controller ThucLuc.Api.Controllers.V1.KyBaoCaoController (ThucLuc.Api).
2026-04-22 14:06:58.982 +07:00 [INF] Executing OkObjectResult, writing value of type 'ThucLuc.Api.Common.Models.ApiResponse`1[[System.Collections.Generic.IReadOnlyCollection`1[[ThucLuc.Application.Features.KyBaoCao.KyBaoCaoDto, ThucLuc.Application, Version=1.0.0.0, Culture=neutral, PublicKeyToken=null]], System.Private.CoreLib, Version=8.0.0.0, Culture=neutral, PublicKeyToken=7cec85d7bea7798e]]'.
2026-04-22 14:06:59.001 +07:00 [INF] Executed action ThucLuc.Api.Controllers.V1.KyBaoCaoController.GetAll (ThucLuc.Api) in 43.4157ms
2026-04-22 14:06:59.002 +07:00 [INF] Executed endpoint 'ThucLuc.Api.Controllers.V1.KyBaoCaoController.GetAll (ThucLuc.Api)'
2026-04-22 14:06:59.004 +07:00 [INF] HTTP GET /api/v1/ky-bao-cao => 200 in 54.5235 ms CorrelationId=4d0de188a7c445ff9d4c655a53a9c502 UserId=5001
2026-04-22 14:06:59.006 +07:00 [INF] HTTP GET /api/v1/ky-bao-cao responded 200 in 56.7879 ms
2026-04-22 14:06:59.007 +07:00 [INF] Executing OkObjectResult, writing value of type 'ThucLuc.Api.Common.Models.ApiResponse`1[[ThucLuc.Application.Features.DonVi.DonViDto, ThucLuc.Application, Version=1.0.0.0, Culture=neutral, PublicKeyToken=null]]'.
2026-04-22 14:06:59.007 +07:00 [INF] Request finished HTTP/1.1 GET http://localhost:5283/api/v1/ky-bao-cao - 200 null application/json; charset=utf-8 62.0329ms
2026-04-22 14:06:59.011 +07:00 [INF] Executed action ThucLuc.Api.Controllers.V1.DonViController.GetById (ThucLuc.Api) in 70.9017ms
2026-04-22 14:06:59.012 +07:00 [INF] Executed endpoint 'ThucLuc.Api.Controllers.V1.DonViController.GetById (ThucLuc.Api)'
2026-04-22 14:06:59.014 +07:00 [INF] HTTP GET /api/v1/don-vi/2001 => 200 in 95.8426 ms CorrelationId=692c85f4fa9541e8ba46546446b554cd UserId=5001
2026-04-22 14:06:59.015 +07:00 [INF] HTTP GET /api/v1/don-vi/2001 responded 200 in 97.6886 ms
2026-04-22 14:06:59.017 +07:00 [INF] Request finished HTTP/1.1 GET http://localhost:5283/api/v1/don-vi/2001 - 200 null application/json; charset=utf-8 103.0773ms
2026-04-22 14:06:59.053 +07:00 [INF] Executing OkObjectResult, writing value of type 'ThucLuc.Api.Common.Models.ApiResponse`1[[ThucLuc.Application.Features.KyBaoCao.KyBaoCaoDto, ThucLuc.Application, Version=1.0.0.0, Culture=neutral, PublicKeyToken=null]]'.
2026-04-22 14:06:59.057 +07:00 [INF] Executed action ThucLuc.Api.Controllers.V1.KyBaoCaoController.GetCurrent (ThucLuc.Api) in 101.2964ms
2026-04-22 14:06:59.058 +07:00 [INF] Executed endpoint 'ThucLuc.Api.Controllers.V1.KyBaoCaoController.GetCurrent (ThucLuc.Api)'
2026-04-22 14:06:59.060 +07:00 [INF] HTTP GET /api/v1/ky-bao-cao/current => 200 in 112.3316 ms CorrelationId=860cb82b56ba4519b8050c3d1729361a UserId=5001
2026-04-22 14:06:59.061 +07:00 [INF] HTTP GET /api/v1/ky-bao-cao/current responded 200 in 114.3754 ms
2026-04-22 14:06:59.064 +07:00 [INF] Request finished HTTP/1.1 GET http://localhost:5283/api/v1/ky-bao-cao/current - 200 null application/json; charset=utf-8 120.853ms
2026-04-22 14:06:59.067 +07:00 [INF] Request starting HTTP/1.1 OPTIONS http://localhost:5283/api/v1/ky-bao-cao/6001/tien-do - null null
2026-04-22 14:06:59.068 +07:00 [INF] CORS policy execution successful.
2026-04-22 14:06:59.069 +07:00 [INF] HTTP OPTIONS /api/v1/ky-bao-cao/6001/tien-do => 204 in 0.573 ms CorrelationId=3ba5f642a82640cebbad939f79cbb95c UserId=anonymous
2026-04-22 14:06:59.071 +07:00 [INF] HTTP OPTIONS /api/v1/ky-bao-cao/6001/tien-do responded 204 in 3.1119 ms
2026-04-22 14:06:59.074 +07:00 [INF] Request finished HTTP/1.1 OPTIONS http://localhost:5283/api/v1/ky-bao-cao/6001/tien-do - 204 null null 7.3074ms
2026-04-22 14:06:59.076 +07:00 [INF] Request starting HTTP/1.1 GET http://localhost:5283/api/v1/ky-bao-cao/6001/tien-do - null null
2026-04-22 14:06:59.079 +07:00 [INF] CORS policy execution successful.
2026-04-22 14:06:59.080 +07:00 [INF] Executing endpoint 'ThucLuc.Api.Controllers.V1.KyBaoCaoController.GetTienDo (ThucLuc.Api)'
2026-04-22 14:06:59.083 +07:00 [INF] Route matched with {action = "GetTienDo", controller = "KyBaoCao"}. Executing controller action with signature System.Threading.Tasks.Task`1[Microsoft.AspNetCore.Mvc.ActionResult`1[ThucLuc.Api.Common.Models.ApiResponse`1[ThucLuc.Application.Features.KyBaoCao.KyBaoCaoTienDoDto]]] GetTienDo(Int64, System.Threading.CancellationToken) on controller ThucLuc.Api.Controllers.V1.KyBaoCaoController (ThucLuc.Api).
2026-04-22 14:06:59.131 +07:00 [INF] Executing OkObjectResult, writing value of type 'ThucLuc.Api.Common.Models.ApiResponse`1[[ThucLuc.Application.Features.KyBaoCao.KyBaoCaoTienDoDto, ThucLuc.Application, Version=1.0.0.0, Culture=neutral, PublicKeyToken=null]]'.
2026-04-22 14:06:59.144 +07:00 [INF] Executed action ThucLuc.Api.Controllers.V1.KyBaoCaoController.GetTienDo (ThucLuc.Api) in 59.7048ms
2026-04-22 14:06:59.145 +07:00 [INF] Executed endpoint 'ThucLuc.Api.Controllers.V1.KyBaoCaoController.GetTienDo (ThucLuc.Api)'
2026-04-22 14:06:59.146 +07:00 [INF] HTTP GET /api/v1/ky-bao-cao/6001/tien-do => 200 in 67.6674 ms CorrelationId=ec8a6321fb7f4b569207fc6ae36dd2ea UserId=5001
2026-04-22 14:06:59.148 +07:00 [INF] HTTP GET /api/v1/ky-bao-cao/6001/tien-do responded 200 in 69.3334 ms
2026-04-22 14:06:59.149 +07:00 [INF] Request finished HTTP/1.1 GET http://localhost:5283/api/v1/ky-bao-cao/6001/tien-do - 200 null application/json; charset=utf-8 72.8765ms
2026-04-22 14:07:01.584 +07:00 [INF] Request starting HTTP/1.1 OPTIONS http://localhost:5283/api/v1/codes/by-code/CAP_BAC_CONG_AN - null null
2026-04-22 14:07:01.584 +07:00 [INF] Request starting HTTP/1.1 OPTIONS http://localhost:5283/api/v1/codes/by-code/GIOI_TINH - null null
2026-04-22 14:07:01.585 +07:00 [INF] Request starting HTTP/1.1 OPTIONS http://localhost:5283/api/v1/codes/by-code/TRINH_DO_LLCT - null null
2026-04-22 14:07:01.585 +07:00 [INF] Request starting HTTP/1.1 OPTIONS http://localhost:5283/api/v1/codes/by-code/TRINH_DO_CNTT - null null
2026-04-22 14:07:01.585 +07:00 [INF] Request starting HTTP/1.1 OPTIONS http://localhost:5283/api/v1/codes/by-code/LOAI_NHAN_LUC - null null
2026-04-22 14:07:01.585 +07:00 [INF] Request starting HTTP/1.1 OPTIONS http://localhost:5283/api/v1/don-vi/tree - null null
2026-04-22 14:07:01.586 +07:00 [INF] CORS policy execution successful.
2026-04-22 14:07:01.588 +07:00 [INF] CORS policy execution successful.
2026-04-22 14:07:01.589 +07:00 [INF] CORS policy execution successful.
2026-04-22 14:07:01.591 +07:00 [INF] CORS policy execution successful.
2026-04-22 14:07:01.593 +07:00 [INF] CORS policy execution successful.
2026-04-22 14:07:01.594 +07:00 [INF] CORS policy execution successful.
2026-04-22 14:07:01.594 +07:00 [INF] HTTP OPTIONS /api/v1/codes/by-code/CAP_BAC_CONG_AN => 204 in 8.1435 ms CorrelationId=38d3714e11b94dffbdbdd8387e1ec714 UserId=anonymous
2026-04-22 14:07:01.595 +07:00 [INF] HTTP OPTIONS /api/v1/codes/by-code/GIOI_TINH => 204 in 6.9603 ms CorrelationId=d69afc2542a640769c44a513dbef5bb0 UserId=anonymous
2026-04-22 14:07:01.595 +07:00 [INF] HTTP OPTIONS /api/v1/codes/by-code/TRINH_DO_LLCT => 204 in 6.0937 ms CorrelationId=439ba0bf935f48ec978fb22d3d9d7bbb UserId=anonymous
2026-04-22 14:07:01.596 +07:00 [INF] HTTP OPTIONS /api/v1/codes/by-code/TRINH_DO_CNTT => 204 in 4.5296 ms CorrelationId=5a5bfdd7b5cd471081301156f35d100f UserId=anonymous
2026-04-22 14:07:01.596 +07:00 [INF] HTTP OPTIONS /api/v1/codes/by-code/LOAI_NHAN_LUC => 204 in 3.4827 ms CorrelationId=2dbe0c1d911f40e2aa3039b484471d34 UserId=anonymous
2026-04-22 14:07:01.597 +07:00 [INF] HTTP OPTIONS /api/v1/don-vi/tree => 204 in 2.82 ms CorrelationId=61298c4b594f42a7b79b7da49b7df6ec UserId=anonymous
2026-04-22 14:07:01.598 +07:00 [INF] HTTP OPTIONS /api/v1/codes/by-code/CAP_BAC_CONG_AN responded 204 in 11.6907 ms
2026-04-22 14:07:01.599 +07:00 [INF] HTTP OPTIONS /api/v1/codes/by-code/GIOI_TINH responded 204 in 11.2234 ms
2026-04-22 14:07:01.600 +07:00 [INF] HTTP OPTIONS /api/v1/codes/by-code/TRINH_DO_LLCT responded 204 in 11.0524 ms
2026-04-22 14:07:01.601 +07:00 [INF] HTTP OPTIONS /api/v1/codes/by-code/TRINH_DO_CNTT responded 204 in 10.0695 ms
2026-04-22 14:07:01.602 +07:00 [INF] HTTP OPTIONS /api/v1/codes/by-code/LOAI_NHAN_LUC responded 204 in 9.5915 ms
2026-04-22 14:07:01.603 +07:00 [INF] HTTP OPTIONS /api/v1/don-vi/tree responded 204 in 9.4117 ms
2026-04-22 14:07:01.604 +07:00 [INF] Request finished HTTP/1.1 OPTIONS http://localhost:5283/api/v1/codes/by-code/CAP_BAC_CONG_AN - 204 null null 19.902ms
2026-04-22 14:07:01.605 +07:00 [INF] Request finished HTTP/1.1 OPTIONS http://localhost:5283/api/v1/codes/by-code/GIOI_TINH - 204 null null 20.8254ms
2026-04-22 14:07:01.606 +07:00 [INF] Request finished HTTP/1.1 OPTIONS http://localhost:5283/api/v1/codes/by-code/TRINH_DO_LLCT - 204 null null 21.5633ms
2026-04-22 14:07:01.607 +07:00 [INF] Request finished HTTP/1.1 OPTIONS http://localhost:5283/api/v1/codes/by-code/TRINH_DO_CNTT - 204 null null 22.7702ms
2026-04-22 14:07:01.608 +07:00 [INF] Request finished HTTP/1.1 OPTIONS http://localhost:5283/api/v1/codes/by-code/LOAI_NHAN_LUC - 204 null null 23.6355ms
2026-04-22 14:07:01.609 +07:00 [INF] Request finished HTTP/1.1 OPTIONS http://localhost:5283/api/v1/don-vi/tree - 204 null null 24.4715ms
2026-04-22 14:07:01.611 +07:00 [INF] Request starting HTTP/1.1 GET http://localhost:5283/api/v1/codes/by-code/CAP_BAC_CONG_AN - null null
2026-04-22 14:07:01.612 +07:00 [INF] Request starting HTTP/1.1 GET http://localhost:5283/api/v1/codes/by-code/GIOI_TINH - null null
2026-04-22 14:07:01.614 +07:00 [INF] Request starting HTTP/1.1 GET http://localhost:5283/api/v1/codes/by-code/TRINH_DO_LLCT - null null
2026-04-22 14:07:01.615 +07:00 [INF] Request starting HTTP/1.1 GET http://localhost:5283/api/v1/codes/by-code/TRINH_DO_CNTT - null null
2026-04-22 14:07:01.617 +07:00 [INF] Request starting HTTP/1.1 GET http://localhost:5283/api/v1/codes/by-code/LOAI_NHAN_LUC - null null
2026-04-22 14:07:01.619 +07:00 [INF] Request starting HTTP/1.1 GET http://localhost:5283/api/v1/don-vi/tree - null null
2026-04-22 14:07:01.620 +07:00 [INF] CORS policy execution successful.
2026-04-22 14:07:01.622 +07:00 [INF] CORS policy execution successful.
2026-04-22 14:07:01.624 +07:00 [INF] CORS policy execution successful.
2026-04-22 14:07:01.626 +07:00 [INF] CORS policy execution successful.
2026-04-22 14:07:01.627 +07:00 [INF] CORS policy execution successful.
2026-04-22 14:07:01.628 +07:00 [INF] CORS policy execution successful.
2026-04-22 14:07:01.630 +07:00 [INF] Executing endpoint 'ThucLuc.Api.Controllers.V1.CodesController.GetByCode (ThucLuc.Api)'
2026-04-22 14:07:01.630 +07:00 [INF] Executing endpoint 'ThucLuc.Api.Controllers.V1.CodesController.GetByCode (ThucLuc.Api)'
2026-04-22 14:07:01.631 +07:00 [INF] Executing endpoint 'ThucLuc.Api.Controllers.V1.CodesController.GetByCode (ThucLuc.Api)'
2026-04-22 14:07:01.631 +07:00 [INF] Executing endpoint 'ThucLuc.Api.Controllers.V1.CodesController.GetByCode (ThucLuc.Api)'
2026-04-22 14:07:01.632 +07:00 [INF] Executing endpoint 'ThucLuc.Api.Controllers.V1.CodesController.GetByCode (ThucLuc.Api)'
2026-04-22 14:07:01.632 +07:00 [INF] Executing endpoint 'ThucLuc.Api.Controllers.V1.DonViController.GetTree (ThucLuc.Api)'
2026-04-22 14:07:01.635 +07:00 [INF] Route matched with {action = "GetByCode", controller = "Codes"}. Executing controller action with signature System.Threading.Tasks.Task`1[Microsoft.AspNetCore.Mvc.ActionResult`1[ThucLuc.Api.Common.Models.ApiResponse`1[ThucLuc.Application.Features.Codes.CodeDto]]] GetByCode(System.String, System.Threading.CancellationToken) on controller ThucLuc.Api.Controllers.V1.CodesController (ThucLuc.Api).
2026-04-22 14:07:01.635 +07:00 [INF] Route matched with {action = "GetByCode", controller = "Codes"}. Executing controller action with signature System.Threading.Tasks.Task`1[Microsoft.AspNetCore.Mvc.ActionResult`1[ThucLuc.Api.Common.Models.ApiResponse`1[ThucLuc.Application.Features.Codes.CodeDto]]] GetByCode(System.String, System.Threading.CancellationToken) on controller ThucLuc.Api.Controllers.V1.CodesController (ThucLuc.Api).
2026-04-22 14:07:01.635 +07:00 [INF] Route matched with {action = "GetByCode", controller = "Codes"}. Executing controller action with signature System.Threading.Tasks.Task`1[Microsoft.AspNetCore.Mvc.ActionResult`1[ThucLuc.Api.Common.Models.ApiResponse`1[ThucLuc.Application.Features.Codes.CodeDto]]] GetByCode(System.String, System.Threading.CancellationToken) on controller ThucLuc.Api.Controllers.V1.CodesController (ThucLuc.Api).
2026-04-22 14:07:01.636 +07:00 [INF] Route matched with {action = "GetByCode", controller = "Codes"}. Executing controller action with signature System.Threading.Tasks.Task`1[Microsoft.AspNetCore.Mvc.ActionResult`1[ThucLuc.Api.Common.Models.ApiResponse`1[ThucLuc.Application.Features.Codes.CodeDto]]] GetByCode(System.String, System.Threading.CancellationToken) on controller ThucLuc.Api.Controllers.V1.CodesController (ThucLuc.Api).
2026-04-22 14:07:01.636 +07:00 [INF] Route matched with {action = "GetByCode", controller = "Codes"}. Executing controller action with signature System.Threading.Tasks.Task`1[Microsoft.AspNetCore.Mvc.ActionResult`1[ThucLuc.Api.Common.Models.ApiResponse`1[ThucLuc.Application.Features.Codes.CodeDto]]] GetByCode(System.String, System.Threading.CancellationToken) on controller ThucLuc.Api.Controllers.V1.CodesController (ThucLuc.Api).
2026-04-22 14:07:01.638 +07:00 [INF] Route matched with {action = "GetTree", controller = "DonVi"}. Executing controller action with signature System.Threading.Tasks.Task`1[Microsoft.AspNetCore.Mvc.ActionResult`1[ThucLuc.Api.Common.Models.ApiResponse`1[System.Collections.Generic.IReadOnlyCollection`1[ThucLuc.Application.Features.DonVi.DonViDto]]]] GetTree(System.Threading.CancellationToken) on controller ThucLuc.Api.Controllers.V1.DonViController (ThucLuc.Api).
2026-04-22 14:07:01.658 +07:00 [INF] Executing OkObjectResult, writing value of type 'ThucLuc.Api.Common.Models.ApiResponse`1[[System.Collections.Generic.IReadOnlyCollection`1[[ThucLuc.Application.Features.DonVi.DonViDto, ThucLuc.Application, Version=1.0.0.0, Culture=neutral, PublicKeyToken=null]], System.Private.CoreLib, Version=8.0.0.0, Culture=neutral, PublicKeyToken=7cec85d7bea7798e]]'.
2026-04-22 14:07:01.660 +07:00 [INF] Executed action ThucLuc.Api.Controllers.V1.DonViController.GetTree (ThucLuc.Api) in 14.6397ms
2026-04-22 14:07:01.661 +07:00 [INF] Executed endpoint 'ThucLuc.Api.Controllers.V1.DonViController.GetTree (ThucLuc.Api)'
2026-04-22 14:07:01.662 +07:00 [INF] HTTP GET /api/v1/don-vi/tree => 200 in 33.4227 ms CorrelationId=66de26316f8d49b3aff7d2a8b9fd76ca UserId=5001
2026-04-22 14:07:01.663 +07:00 [INF] HTTP GET /api/v1/don-vi/tree responded 200 in 34.6380 ms
2026-04-22 14:07:01.664 +07:00 [INF] Request finished HTTP/1.1 GET http://localhost:5283/api/v1/don-vi/tree - 200 null application/json; charset=utf-8 45.3184ms
2026-04-22 14:07:01.686 +07:00 [INF] Executing OkObjectResult, writing value of type 'ThucLuc.Api.Common.Models.ApiResponse`1[[ThucLuc.Application.Features.Codes.CodeDto, ThucLuc.Application, Version=1.0.0.0, Culture=neutral, PublicKeyToken=null]]'.
2026-04-22 14:07:01.686 +07:00 [INF] Executing OkObjectResult, writing value of type 'ThucLuc.Api.Common.Models.ApiResponse`1[[ThucLuc.Application.Features.Codes.CodeDto, ThucLuc.Application, Version=1.0.0.0, Culture=neutral, PublicKeyToken=null]]'.
2026-04-22 14:07:01.686 +07:00 [INF] Executing OkObjectResult, writing value of type 'ThucLuc.Api.Common.Models.ApiResponse`1[[ThucLuc.Application.Features.Codes.CodeDto, ThucLuc.Application, Version=1.0.0.0, Culture=neutral, PublicKeyToken=null]]'.
2026-04-22 14:07:01.686 +07:00 [INF] Executing OkObjectResult, writing value of type 'ThucLuc.Api.Common.Models.ApiResponse`1[[ThucLuc.Application.Features.Codes.CodeDto, ThucLuc.Application, Version=1.0.0.0, Culture=neutral, PublicKeyToken=null]]'.
2026-04-22 14:07:01.686 +07:00 [INF] Executing OkObjectResult, writing value of type 'ThucLuc.Api.Common.Models.ApiResponse`1[[ThucLuc.Application.Features.Codes.CodeDto, ThucLuc.Application, Version=1.0.0.0, Culture=neutral, PublicKeyToken=null]]'.
2026-04-22 14:07:01.690 +07:00 [INF] Executed action ThucLuc.Api.Controllers.V1.CodesController.GetByCode (ThucLuc.Api) in 51.2987ms
2026-04-22 14:07:01.690 +07:00 [INF] Executed action ThucLuc.Api.Controllers.V1.CodesController.GetByCode (ThucLuc.Api) in 50.241ms
2026-04-22 14:07:01.691 +07:00 [INF] Executed action ThucLuc.Api.Controllers.V1.CodesController.GetByCode (ThucLuc.Api) in 48.2954ms
2026-04-22 14:07:01.693 +07:00 [INF] Executed action ThucLuc.Api.Controllers.V1.CodesController.GetByCode (ThucLuc.Api) in 51.6127ms
2026-04-22 14:07:01.694 +07:00 [INF] Executed action ThucLuc.Api.Controllers.V1.CodesController.GetByCode (ThucLuc.Api) in 49.6062ms
2026-04-22 14:07:01.695 +07:00 [INF] Executed endpoint 'ThucLuc.Api.Controllers.V1.CodesController.GetByCode (ThucLuc.Api)'
2026-04-22 14:07:01.697 +07:00 [INF] Executed endpoint 'ThucLuc.Api.Controllers.V1.CodesController.GetByCode (ThucLuc.Api)'
2026-04-22 14:07:01.698 +07:00 [INF] Executed endpoint 'ThucLuc.Api.Controllers.V1.CodesController.GetByCode (ThucLuc.Api)'
2026-04-22 14:07:01.700 +07:00 [INF] Executed endpoint 'ThucLuc.Api.Controllers.V1.CodesController.GetByCode (ThucLuc.Api)'
2026-04-22 14:07:01.701 +07:00 [INF] Executed endpoint 'ThucLuc.Api.Controllers.V1.CodesController.GetByCode (ThucLuc.Api)'
2026-04-22 14:07:01.703 +07:00 [INF] HTTP GET /api/v1/codes/by-code/TRINH_DO_LLCT => 200 in 78.7207 ms CorrelationId=2b4ed7e188d24c038f328a6998055dc5 UserId=5001
2026-04-22 14:07:01.704 +07:00 [INF] HTTP GET /api/v1/codes/by-code/CAP_BAC_CONG_AN => 200 in 83.8022 ms CorrelationId=e27f41ec80ed4579ae44f59039cfed75 UserId=5001
2026-04-22 14:07:01.705 +07:00 [INF] HTTP GET /api/v1/codes/by-code/LOAI_NHAN_LUC => 200 in 77.3012 ms CorrelationId=e437974a8a0549de90436b5c0b5dea6d UserId=5001
2026-04-22 14:07:01.706 +07:00 [INF] HTTP GET /api/v1/codes/by-code/GIOI_TINH => 200 in 83.6732 ms CorrelationId=1a2d7116cf1a488b8e1363024861f2ee UserId=5001
2026-04-22 14:07:01.707 +07:00 [INF] HTTP GET /api/v1/codes/by-code/TRINH_DO_CNTT => 200 in 81.0749 ms CorrelationId=a4cdf6832620423294020b4408aeb200 UserId=5001
2026-04-22 14:07:01.710 +07:00 [INF] HTTP GET /api/v1/codes/by-code/TRINH_DO_LLCT responded 200 in 86.1325 ms
2026-04-22 14:07:01.712 +07:00 [INF] HTTP GET /api/v1/codes/by-code/CAP_BAC_CONG_AN responded 200 in 91.7906 ms
2026-04-22 14:07:01.714 +07:00 [INF] HTTP GET /api/v1/codes/by-code/LOAI_NHAN_LUC responded 200 in 86.4451 ms
2026-04-22 14:07:01.717 +07:00 [INF] HTTP GET /api/v1/codes/by-code/GIOI_TINH responded 200 in 94.7615 ms
2026-04-22 14:07:01.719 +07:00 [INF] HTTP GET /api/v1/codes/by-code/TRINH_DO_CNTT responded 200 in 93.2952 ms
2026-04-22 14:07:01.721 +07:00 [INF] Request finished HTTP/1.1 GET http://localhost:5283/api/v1/codes/by-code/TRINH_DO_LLCT - 200 null application/json; charset=utf-8 107.3703ms
2026-04-22 14:07:01.723 +07:00 [INF] Request finished HTTP/1.1 GET http://localhost:5283/api/v1/codes/by-code/CAP_BAC_CONG_AN - 200 null application/json; charset=utf-8 111.9212ms
2026-04-22 14:07:01.725 +07:00 [INF] Request finished HTTP/1.1 GET http://localhost:5283/api/v1/codes/by-code/LOAI_NHAN_LUC - 200 null application/json; charset=utf-8 107.9047ms
2026-04-22 14:07:01.726 +07:00 [INF] Request finished HTTP/1.1 GET http://localhost:5283/api/v1/codes/by-code/GIOI_TINH - 200 null application/json; charset=utf-8 113.5982ms
2026-04-22 14:07:01.728 +07:00 [INF] Request finished HTTP/1.1 GET http://localhost:5283/api/v1/codes/by-code/TRINH_DO_CNTT - 200 null application/json; charset=utf-8 112.2266ms
2026-04-22 14:07:01.745 +07:00 [INF] Request starting HTTP/1.1 OPTIONS http://localhost:5283/api/v1/nhan-luc-cntt?page=1&pageSize=10&namBaoCao=2026 - null null
2026-04-22 14:07:01.748 +07:00 [INF] CORS policy execution successful.
2026-04-22 14:07:01.749 +07:00 [INF] HTTP OPTIONS /api/v1/nhan-luc-cntt => 204 in 0.8277 ms CorrelationId=872117a0656046fd9346446120e7aebd UserId=anonymous
2026-04-22 14:07:01.751 +07:00 [INF] HTTP OPTIONS /api/v1/nhan-luc-cntt responded 204 in 3.1840 ms
2026-04-22 14:07:01.753 +07:00 [INF] Request finished HTTP/1.1 OPTIONS http://localhost:5283/api/v1/nhan-luc-cntt?page=1&pageSize=10&namBaoCao=2026 - 204 null null 7.6406ms
2026-04-22 14:07:01.756 +07:00 [INF] Request starting HTTP/1.1 GET http://localhost:5283/api/v1/nhan-luc-cntt?page=1&pageSize=10&namBaoCao=2026 - null null
2026-04-22 14:07:01.759 +07:00 [INF] CORS policy execution successful.
2026-04-22 14:07:01.760 +07:00 [INF] Executing endpoint 'ThucLuc.Api.Controllers.V1.NhanLucCnttController.GetAll (ThucLuc.Api)'
2026-04-22 14:07:01.765 +07:00 [INF] Route matched with {action = "GetAll", controller = "NhanLucCntt"}. Executing controller action with signature System.Threading.Tasks.Task`1[Microsoft.AspNetCore.Mvc.ActionResult`1[ThucLuc.Api.Common.Models.ApiResponse`1[ThucLuc.Application.Common.Models.PagedResult`1[ThucLuc.Application.Features.NhanLucCntt.NhanLucCnttDto]]]] GetAll(ThucLuc.Application.Features.NhanLucCntt.NhanLucCnttQuery, System.Threading.CancellationToken) on controller ThucLuc.Api.Controllers.V1.NhanLucCnttController (ThucLuc.Api).
2026-04-22 14:07:01.808 +07:00 [INF] Executing OkObjectResult, writing value of type 'ThucLuc.Api.Common.Models.ApiResponse`1[[ThucLuc.Application.Common.Models.PagedResult`1[[ThucLuc.Application.Features.NhanLucCntt.NhanLucCnttDto, ThucLuc.Application, Version=1.0.0.0, Culture=neutral, PublicKeyToken=null]], ThucLuc.Application, Version=1.0.0.0, Culture=neutral, PublicKeyToken=null]]'.
2026-04-22 14:07:01.812 +07:00 [INF] Executed action ThucLuc.Api.Controllers.V1.NhanLucCnttController.GetAll (ThucLuc.Api) in 44.9516ms
2026-04-22 14:07:01.813 +07:00 [INF] Executed endpoint 'ThucLuc.Api.Controllers.V1.NhanLucCnttController.GetAll (ThucLuc.Api)'
2026-04-22 14:07:01.813 +07:00 [INF] HTTP GET /api/v1/nhan-luc-cntt => 200 in 53.9431 ms CorrelationId=552ef7281aeb4640813d40ebed62820e UserId=5001
2026-04-22 14:07:01.814 +07:00 [INF] HTTP GET /api/v1/nhan-luc-cntt responded 200 in 54.9054 ms
2026-04-22 14:07:01.815 +07:00 [INF] Request finished HTTP/1.1 GET http://localhost:5283/api/v1/nhan-luc-cntt?page=1&pageSize=10&namBaoCao=2026 - 200 null application/json; charset=utf-8 59.1758ms
2026-04-22 14:07:03.284 +07:00 [INF] Request starting HTTP/1.1 OPTIONS http://localhost:5283/api/v1/dao-tao-boi-duong - null null
2026-04-22 14:07:03.287 +07:00 [INF] CORS policy execution successful.
2026-04-22 14:07:03.288 +07:00 [INF] HTTP OPTIONS /api/v1/dao-tao-boi-duong => 204 in 0.9095 ms CorrelationId=e8c3470fb119456a8ebf1d24875a42cd UserId=anonymous
2026-04-22 14:07:03.290 +07:00 [INF] HTTP OPTIONS /api/v1/dao-tao-boi-duong responded 204 in 3.0843 ms
2026-04-22 14:07:03.292 +07:00 [INF] Request finished HTTP/1.1 OPTIONS http://localhost:5283/api/v1/dao-tao-boi-duong - 204 null null 7.7209ms
2026-04-22 14:07:03.294 +07:00 [INF] Request starting HTTP/1.1 GET http://localhost:5283/api/v1/dao-tao-boi-duong - null null
2026-04-22 14:07:03.296 +07:00 [INF] CORS policy execution successful.
2026-04-22 14:07:03.297 +07:00 [INF] Executing endpoint 'ThucLuc.Api.Controllers.V1.DaoTaoBoiDuongController.GetAll (ThucLuc.Api)'
2026-04-22 14:07:03.301 +07:00 [INF] Route matched with {action = "GetAll", controller = "DaoTaoBoiDuong"}. Executing controller action with signature System.Threading.Tasks.Task`1[Microsoft.AspNetCore.Mvc.ActionResult`1[ThucLuc.Api.Common.Models.ApiResponse`1[System.Collections.Generic.IReadOnlyCollection`1[ThucLuc.Application.Features.DaoTaoBoiDuong.DaoTaoBoiDuongDto]]]] GetAll(System.Threading.CancellationToken) on controller ThucLuc.Api.Controllers.V1.DaoTaoBoiDuongController (ThucLuc.Api).
2026-04-22 14:07:03.317 +07:00 [INF] Executing OkObjectResult, writing value of type 'ThucLuc.Api.Common.Models.ApiResponse`1[[System.Collections.Generic.IReadOnlyCollection`1[[ThucLuc.Application.Features.DaoTaoBoiDuong.DaoTaoBoiDuongDto, ThucLuc.Application, Version=1.0.0.0, Culture=neutral, PublicKeyToken=null]], System.Private.CoreLib, Version=8.0.0.0, Culture=neutral, PublicKeyToken=7cec85d7bea7798e]]'.
2026-04-22 14:07:03.320 +07:00 [INF] Executed action ThucLuc.Api.Controllers.V1.DaoTaoBoiDuongController.GetAll (ThucLuc.Api) in 18.3617ms
2026-04-22 14:07:03.321 +07:00 [INF] Executed endpoint 'ThucLuc.Api.Controllers.V1.DaoTaoBoiDuongController.GetAll (ThucLuc.Api)'
2026-04-22 14:07:03.322 +07:00 [INF] HTTP GET /api/v1/dao-tao-boi-duong => 200 in 25.8828 ms CorrelationId=d581c9d8ba0449ceabb01d72a00dfbf3 UserId=5001
2026-04-22 14:07:03.323 +07:00 [INF] HTTP GET /api/v1/dao-tao-boi-duong responded 200 in 27.0145 ms
2026-04-22 14:07:03.324 +07:00 [INF] Request finished HTTP/1.1 GET http://localhost:5283/api/v1/dao-tao-boi-duong - 200 null application/json; charset=utf-8 29.7968ms
2026-04-22 14:07:04.070 +07:00 [INF] Request starting HTTP/1.1 OPTIONS http://localhost:5283/api/v1/codes/by-code/NOI_DUNG_DAO_TAO_HV - null null
2026-04-22 14:07:04.073 +07:00 [INF] CORS policy execution successful.
2026-04-22 14:07:04.073 +07:00 [INF] HTTP OPTIONS /api/v1/codes/by-code/NOI_DUNG_DAO_TAO_HV => 204 in 0.5077 ms CorrelationId=7875b576b28844bf8529979b7a94195f UserId=anonymous
2026-04-22 14:07:04.074 +07:00 [INF] HTTP OPTIONS /api/v1/codes/by-code/NOI_DUNG_DAO_TAO_HV responded 204 in 1.6624 ms
2026-04-22 14:07:04.075 +07:00 [INF] Request finished HTTP/1.1 OPTIONS http://localhost:5283/api/v1/codes/by-code/NOI_DUNG_DAO_TAO_HV - 204 null null 5.0997ms
2026-04-22 14:07:04.077 +07:00 [INF] Request starting HTTP/1.1 GET http://localhost:5283/api/v1/codes/by-code/NOI_DUNG_DAO_TAO_HV - null null
2026-04-22 14:07:04.079 +07:00 [INF] CORS policy execution successful.
2026-04-22 14:07:04.079 +07:00 [INF] Executing endpoint 'ThucLuc.Api.Controllers.V1.CodesController.GetByCode (ThucLuc.Api)'
2026-04-22 14:07:04.080 +07:00 [INF] Route matched with {action = "GetByCode", controller = "Codes"}. Executing controller action with signature System.Threading.Tasks.Task`1[Microsoft.AspNetCore.Mvc.ActionResult`1[ThucLuc.Api.Common.Models.ApiResponse`1[ThucLuc.Application.Features.Codes.CodeDto]]] GetByCode(System.String, System.Threading.CancellationToken) on controller ThucLuc.Api.Controllers.V1.CodesController (ThucLuc.Api).
2026-04-22 14:07:04.087 +07:00 [INF] Executing OkObjectResult, writing value of type 'ThucLuc.Api.Common.Models.ApiResponse`1[[ThucLuc.Application.Features.Codes.CodeDto, ThucLuc.Application, Version=1.0.0.0, Culture=neutral, PublicKeyToken=null]]'.
2026-04-22 14:07:04.088 +07:00 [INF] Executed action ThucLuc.Api.Controllers.V1.CodesController.GetByCode (ThucLuc.Api) in 6.7055ms
2026-04-22 14:07:04.089 +07:00 [INF] Executed endpoint 'ThucLuc.Api.Controllers.V1.CodesController.GetByCode (ThucLuc.Api)'
2026-04-22 14:07:04.090 +07:00 [INF] HTTP GET /api/v1/codes/by-code/NOI_DUNG_DAO_TAO_HV => 200 in 11.1727 ms CorrelationId=f62b11617daa4204807b786b5393b21f UserId=5001
2026-04-22 14:07:04.091 +07:00 [INF] HTTP GET /api/v1/codes/by-code/NOI_DUNG_DAO_TAO_HV responded 200 in 12.2235 ms
2026-04-22 14:07:04.091 +07:00 [INF] Request finished HTTP/1.1 GET http://localhost:5283/api/v1/codes/by-code/NOI_DUNG_DAO_TAO_HV - 200 null application/json; charset=utf-8 14.2699ms
2026-04-22 14:07:04.093 +07:00 [INF] Request starting HTTP/1.1 OPTIONS http://localhost:5283/api/v1/ky-bao-cao - null null
2026-04-22 14:07:04.093 +07:00 [INF] Request starting HTTP/1.1 OPTIONS http://localhost:5283/api/v1/ky-bao-cao/current - null null
2026-04-22 14:07:04.094 +07:00 [INF] CORS policy execution successful.
2026-04-22 14:07:04.095 +07:00 [INF] CORS policy execution successful.
2026-04-22 14:07:04.096 +07:00 [INF] HTTP OPTIONS /api/v1/ky-bao-cao => 204 in 1.4943 ms CorrelationId=51d4647197454a51a9d641ead9efde16 UserId=anonymous
2026-04-22 14:07:04.096 +07:00 [INF] HTTP OPTIONS /api/v1/ky-bao-cao/current => 204 in 0.7485 ms CorrelationId=257a4abca8e8432da0ed797502c5e599 UserId=anonymous
2026-04-22 14:07:04.097 +07:00 [INF] HTTP OPTIONS /api/v1/ky-bao-cao responded 204 in 2.7411 ms
2026-04-22 14:07:04.098 +07:00 [INF] HTTP OPTIONS /api/v1/ky-bao-cao/current responded 204 in 2.5991 ms
2026-04-22 14:07:04.099 +07:00 [INF] Request finished HTTP/1.1 OPTIONS http://localhost:5283/api/v1/ky-bao-cao - 204 null null 5.6586ms
2026-04-22 14:07:04.100 +07:00 [INF] Request finished HTTP/1.1 OPTIONS http://localhost:5283/api/v1/ky-bao-cao/current - 204 null null 6.2834ms
2026-04-22 14:07:04.101 +07:00 [INF] Request starting HTTP/1.1 GET http://localhost:5283/api/v1/ky-bao-cao - null null
2026-04-22 14:07:04.102 +07:00 [INF] Request starting HTTP/1.1 GET http://localhost:5283/api/v1/ky-bao-cao/current - null null
2026-04-22 14:07:04.104 +07:00 [INF] CORS policy execution successful.
2026-04-22 14:07:04.106 +07:00 [INF] CORS policy execution successful.
2026-04-22 14:07:04.106 +07:00 [INF] Executing endpoint 'ThucLuc.Api.Controllers.V1.KyBaoCaoController.GetAll (ThucLuc.Api)'
2026-04-22 14:07:04.107 +07:00 [INF] Executing endpoint 'ThucLuc.Api.Controllers.V1.KyBaoCaoController.GetCurrent (ThucLuc.Api)'
2026-04-22 14:07:04.107 +07:00 [INF] Route matched with {action = "GetAll", controller = "KyBaoCao"}. Executing controller action with signature System.Threading.Tasks.Task`1[Microsoft.AspNetCore.Mvc.ActionResult`1[ThucLuc.Api.Common.Models.ApiResponse`1[System.Collections.Generic.IReadOnlyCollection`1[ThucLuc.Application.Features.KyBaoCao.KyBaoCaoDto]]]] GetAll(System.Threading.CancellationToken) on controller ThucLuc.Api.Controllers.V1.KyBaoCaoController (ThucLuc.Api).
2026-04-22 14:07:04.108 +07:00 [INF] Route matched with {action = "GetCurrent", controller = "KyBaoCao"}. Executing controller action with signature System.Threading.Tasks.Task`1[Microsoft.AspNetCore.Mvc.ActionResult`1[ThucLuc.Api.Common.Models.ApiResponse`1[ThucLuc.Application.Features.KyBaoCao.KyBaoCaoDto]]] GetCurrent(System.Threading.CancellationToken) on controller ThucLuc.Api.Controllers.V1.KyBaoCaoController (ThucLuc.Api).
2026-04-22 14:07:04.110 +07:00 [INF] Executing OkObjectResult, writing value of type 'ThucLuc.Api.Common.Models.ApiResponse`1[[System.Collections.Generic.IReadOnlyCollection`1[[ThucLuc.Application.Features.KyBaoCao.KyBaoCaoDto, ThucLuc.Application, Version=1.0.0.0, Culture=neutral, PublicKeyToken=null]], System.Private.CoreLib, Version=8.0.0.0, Culture=neutral, PublicKeyToken=7cec85d7bea7798e]]'.
2026-04-22 14:07:04.110 +07:00 [INF] Executing OkObjectResult, writing value of type 'ThucLuc.Api.Common.Models.ApiResponse`1[[ThucLuc.Application.Features.KyBaoCao.KyBaoCaoDto, ThucLuc.Application, Version=1.0.0.0, Culture=neutral, PublicKeyToken=null]]'.
2026-04-22 14:07:04.111 +07:00 [INF] Executed action ThucLuc.Api.Controllers.V1.KyBaoCaoController.GetAll (ThucLuc.Api) in 3.0019ms
2026-04-22 14:07:04.112 +07:00 [INF] Executed action ThucLuc.Api.Controllers.V1.KyBaoCaoController.GetCurrent (ThucLuc.Api) in 2.7319ms
2026-04-22 14:07:04.113 +07:00 [INF] Executed endpoint 'ThucLuc.Api.Controllers.V1.KyBaoCaoController.GetAll (ThucLuc.Api)'
2026-04-22 14:07:04.113 +07:00 [INF] Executed endpoint 'ThucLuc.Api.Controllers.V1.KyBaoCaoController.GetCurrent (ThucLuc.Api)'
2026-04-22 14:07:04.114 +07:00 [INF] HTTP GET /api/v1/ky-bao-cao => 200 in 9.4415 ms CorrelationId=afb7208656cd426ca898850e770acad4 UserId=5001
2026-04-22 14:07:04.114 +07:00 [INF] HTTP GET /api/v1/ky-bao-cao/current => 200 in 8.4978 ms CorrelationId=189897a31ace499e90c49b36cb97f28b UserId=5001
2026-04-22 14:07:04.115 +07:00 [INF] HTTP GET /api/v1/ky-bao-cao responded 200 in 10.9320 ms
2026-04-22 14:07:04.116 +07:00 [INF] HTTP GET /api/v1/ky-bao-cao/current responded 200 in 10.4138 ms
2026-04-22 14:07:04.117 +07:00 [INF] Request finished HTTP/1.1 GET http://localhost:5283/api/v1/ky-bao-cao - 200 null application/json; charset=utf-8 15.9106ms
2026-04-22 14:07:04.118 +07:00 [INF] Request finished HTTP/1.1 GET http://localhost:5283/api/v1/ky-bao-cao/current - 200 null application/json; charset=utf-8 15.568ms
2026-04-22 14:07:04.122 +07:00 [INF] Request starting HTTP/1.1 OPTIONS http://localhost:5283/api/v1/dao-tao-hoc-vien - null null
2026-04-22 14:07:04.123 +07:00 [INF] CORS policy execution successful.
2026-04-22 14:07:04.123 +07:00 [INF] HTTP OPTIONS /api/v1/dao-tao-hoc-vien => 204 in 0.4297 ms CorrelationId=50a3a2ff2f0747d1bf76da8dd9ff8b61 UserId=anonymous
2026-04-22 14:07:04.124 +07:00 [INF] HTTP OPTIONS /api/v1/dao-tao-hoc-vien responded 204 in 1.4995 ms
2026-04-22 14:07:04.125 +07:00 [INF] Request finished HTTP/1.1 OPTIONS http://localhost:5283/api/v1/dao-tao-hoc-vien - 204 null null 3.5607ms
2026-04-22 14:07:04.127 +07:00 [INF] Request starting HTTP/1.1 GET http://localhost:5283/api/v1/dao-tao-hoc-vien - null null
2026-04-22 14:07:04.128 +07:00 [INF] CORS policy execution successful.
2026-04-22 14:07:04.129 +07:00 [INF] Executing endpoint 'ThucLuc.Api.Controllers.V1.DaoTaoHocVienController.GetAll (ThucLuc.Api)'
2026-04-22 14:07:04.132 +07:00 [INF] Route matched with {action = "GetAll", controller = "DaoTaoHocVien"}. Executing controller action with signature System.Threading.Tasks.Task`1[Microsoft.AspNetCore.Mvc.ActionResult`1[ThucLuc.Api.Common.Models.ApiResponse`1[System.Collections.Generic.IReadOnlyCollection`1[ThucLuc.Application.Features.DaoTaoHocVien.DaoTaoHocVienDto]]]] GetAll(ThucLuc.Application.Features.DaoTaoHocVien.DaoTaoHocVienQuery, System.Threading.CancellationToken) on controller ThucLuc.Api.Controllers.V1.DaoTaoHocVienController (ThucLuc.Api).
2026-04-22 14:07:04.163 +07:00 [ERR] 2026-04-22 14:07:04.163059 ThreadID:21  (ERROR)   OracleRelationalCommand.ExecuteReaderAsync() :  Oracle.ManagedDataAccess.Client.OracleException (0x80004005): ORA-00904: "b"."IS_LATEST": invalid identifier
https://docs.oracle.com/error-help/db/ora-00904/
   at Oracle.ManagedDataAccess.Client.OracleCommand.<>c.<ExecuteDbDataReaderAsync>b__225_0(Task`1 result)
   at System.Threading.Tasks.ContinuationResultTaskFromResultTask`2.InnerInvoke()
   at System.Threading.ExecutionContext.RunInternal(ExecutionContext executionContext, ContextCallback callback, Object state)
--- End of stack trace from previous location ---
   at System.Threading.ExecutionContext.RunInternal(ExecutionContext executionContext, ContextCallback callback, Object state)
   at System.Threading.Tasks.Task.ExecuteWithThreadLocal(Task& currentTaskSlot, Thread threadPoolThread)
--- End of stack trace from previous location ---
   at Oracle.EntityFrameworkCore.Storage.Internal.OracleRelationalCommandBuilderFactory.OracleRelationalCommandBuilder.OracleRelationalCommand.ExecuteReaderAsync(RelationalCommandParameterObject parameterObject, CancellationToken cancellationToken)
2026-04-22 14:07:04.166 +07:00 [ERR] Failed executing DbCommand (22ms) [Parameters=[], CommandType='"Text"', CommandTimeout='0']
SELECT "b"."ID", "b"."CREATED_AT", "b"."CREATED_BY", "b"."DELETED_AT", "b"."DON_VI_ID", "b"."GHI_CHU", "b"."IS_LATEST", "b"."KY_BAO_CAO_CODE", "b"."NAM", "b"."NOI_DUNG_DAO_TAO", "b"."SNAPSHOT_BATCH_ID", "b"."SNAPSHOT_CREATED_AT", "b"."SNAPSHOT_VERSION", "b"."SO_CAO_DANG", "b"."SO_DAI_HOC", "b"."SO_THAC_SI", "b"."SO_TIEN_SI", "b"."SO_TRUNG_CAP", "b"."UPDATED_AT", "b"."UPDATED_BY"
FROM "CAND_QLCNTT"."BIZ_DAO_TAO_HOC_VIEN" "b"
WHERE (("b"."DELETED_AT" IS NULL) AND ("b"."IS_LATEST" = 1))
ORDER BY "b"."UPDATED_AT" DESC, "b"."CREATED_AT" DESC, "b"."ID" DESC
2026-04-22 14:07:04.169 +07:00 [ERR] 2026-04-22 14:07:04.169602 ThreadID:21  (ERROR)   OracleExecutionStrategy.ExecuteAsync() :  Oracle.ManagedDataAccess.Client.OracleException (0x80004005): ORA-00904: "b"."IS_LATEST": invalid identifier
https://docs.oracle.com/error-help/db/ora-00904/
   at Oracle.ManagedDataAccess.Client.OracleCommand.<>c.<ExecuteDbDataReaderAsync>b__225_0(Task`1 result)
   at System.Threading.Tasks.ContinuationResultTaskFromResultTask`2.InnerInvoke()
   at System.Threading.ExecutionContext.RunInternal(ExecutionContext executionContext, ContextCallback callback, Object state)
--- End of stack trace from previous location ---
   at System.Threading.ExecutionContext.RunInternal(ExecutionContext executionContext, ContextCallback callback, Object state)
   at System.Threading.Tasks.Task.ExecuteWithThreadLocal(Task& currentTaskSlot, Thread threadPoolThread)
--- End of stack trace from previous location ---
   at Oracle.EntityFrameworkCore.Storage.Internal.OracleRelationalCommandBuilderFactory.OracleRelationalCommandBuilder.OracleRelationalCommand.ExecuteReaderAsync(RelationalCommandParameterObject parameterObject, CancellationToken cancellationToken)
   at Oracle.EntityFrameworkCore.Storage.Internal.OracleRelationalCommandBuilderFactory.OracleRelationalCommandBuilder.OracleRelationalCommand.ExecuteReaderAsync(RelationalCommandParameterObject parameterObject, CancellationToken cancellationToken)
   at Oracle.EntityFrameworkCore.Storage.Internal.OracleRelationalCommandBuilderFactory.OracleRelationalCommandBuilder.OracleRelationalCommand.ExecuteReaderAsync(RelationalCommandParameterObject parameterObject, CancellationToken cancellationToken)
   at Microsoft.EntityFrameworkCore.Query.Internal.SingleQueryingEnumerable`1.AsyncEnumerator.InitializeReaderAsync(AsyncEnumerator enumerator, CancellationToken cancellationToken)
   at Oracle.EntityFrameworkCore.Storage.Internal.OracleExecutionStrategy.ExecuteAsync[TState,TResult](TState state, Func`4 operation, Func`4 verifySucceeded, CancellationToken cancellationToken)
2026-04-22 14:07:04.172 +07:00 [ERR] An exception occurred while iterating over the results of a query for context type 'ThucLuc.Infrastructure.Persistence.AppDbContext'.
Oracle.ManagedDataAccess.Client.OracleException (0x80004005): ORA-00904: "b"."IS_LATEST": invalid identifier
https://docs.oracle.com/error-help/db/ora-00904/
   at Oracle.ManagedDataAccess.Client.OracleCommand.<>c.<ExecuteDbDataReaderAsync>b__225_0(Task`1 result)
   at System.Threading.Tasks.ContinuationResultTaskFromResultTask`2.InnerInvoke()
   at System.Threading.ExecutionContext.RunInternal(ExecutionContext executionContext, ContextCallback callback, Object state)
--- End of stack trace from previous location ---
   at System.Threading.ExecutionContext.RunInternal(ExecutionContext executionContext, ContextCallback callback, Object state)
   at System.Threading.Tasks.Task.ExecuteWithThreadLocal(Task& currentTaskSlot, Thread threadPoolThread)
--- End of stack trace from previous location ---
   at Oracle.EntityFrameworkCore.Storage.Internal.OracleRelationalCommandBuilderFactory.OracleRelationalCommandBuilder.OracleRelationalCommand.ExecuteReaderAsync(RelationalCommandParameterObject parameterObject, CancellationToken cancellationToken)
   at Oracle.EntityFrameworkCore.Storage.Internal.OracleRelationalCommandBuilderFactory.OracleRelationalCommandBuilder.OracleRelationalCommand.ExecuteReaderAsync(RelationalCommandParameterObject parameterObject, CancellationToken cancellationToken)
   at Oracle.EntityFrameworkCore.Storage.Internal.OracleRelationalCommandBuilderFactory.OracleRelationalCommandBuilder.OracleRelationalCommand.ExecuteReaderAsync(RelationalCommandParameterObject parameterObject, CancellationToken cancellationToken)
   at Microsoft.EntityFrameworkCore.Query.Internal.SingleQueryingEnumerable`1.AsyncEnumerator.InitializeReaderAsync(AsyncEnumerator enumerator, CancellationToken cancellationToken)
   at Oracle.EntityFrameworkCore.Storage.Internal.OracleExecutionStrategy.ExecuteAsync[TState,TResult](TState state, Func`4 operation, Func`4 verifySucceeded, CancellationToken cancellationToken)
   at Microsoft.EntityFrameworkCore.Query.Internal.SingleQueryingEnumerable`1.AsyncEnumerator.MoveNextAsync()
Oracle.ManagedDataAccess.Client.OracleException (0x80004005): ORA-00904: "b"."IS_LATEST": invalid identifier
https://docs.oracle.com/error-help/db/ora-00904/
   at Oracle.ManagedDataAccess.Client.OracleCommand.<>c.<ExecuteDbDataReaderAsync>b__225_0(Task`1 result)
   at System.Threading.Tasks.ContinuationResultTaskFromResultTask`2.InnerInvoke()
   at System.Threading.ExecutionContext.RunInternal(ExecutionContext executionContext, ContextCallback callback, Object state)
--- End of stack trace from previous location ---
   at System.Threading.ExecutionContext.RunInternal(ExecutionContext executionContext, ContextCallback callback, Object state)
   at System.Threading.Tasks.Task.ExecuteWithThreadLocal(Task& currentTaskSlot, Thread threadPoolThread)
--- End of stack trace from previous location ---
   at Oracle.EntityFrameworkCore.Storage.Internal.OracleRelationalCommandBuilderFactory.OracleRelationalCommandBuilder.OracleRelationalCommand.ExecuteReaderAsync(RelationalCommandParameterObject parameterObject, CancellationToken cancellationToken)
   at Oracle.EntityFrameworkCore.Storage.Internal.OracleRelationalCommandBuilderFactory.OracleRelationalCommandBuilder.OracleRelationalCommand.ExecuteReaderAsync(RelationalCommandParameterObject parameterObject, CancellationToken cancellationToken)
   at Oracle.EntityFrameworkCore.Storage.Internal.OracleRelationalCommandBuilderFactory.OracleRelationalCommandBuilder.OracleRelationalCommand.ExecuteReaderAsync(RelationalCommandParameterObject parameterObject, CancellationToken cancellationToken)
   at Microsoft.EntityFrameworkCore.Query.Internal.SingleQueryingEnumerable`1.AsyncEnumerator.InitializeReaderAsync(AsyncEnumerator enumerator, CancellationToken cancellationToken)
   at Oracle.EntityFrameworkCore.Storage.Internal.OracleExecutionStrategy.ExecuteAsync[TState,TResult](TState state, Func`4 operation, Func`4 verifySucceeded, CancellationToken cancellationToken)
   at Microsoft.EntityFrameworkCore.Query.Internal.SingleQueryingEnumerable`1.AsyncEnumerator.MoveNextAsync()
2026-04-22 14:07:04.177 +07:00 [INF] Executed action ThucLuc.Api.Controllers.V1.DaoTaoHocVienController.GetAll (ThucLuc.Api) in 43.4788ms
2026-04-22 14:07:04.177 +07:00 [INF] Executed endpoint 'ThucLuc.Api.Controllers.V1.DaoTaoHocVienController.GetAll (ThucLuc.Api)'
2026-04-22 14:07:04.178 +07:00 [ERR] Unhandled exception. CorrelationId=e710a9e8105c4dafa8e1b2f5b3155709
Oracle.ManagedDataAccess.Client.OracleException (0x80004005): ORA-00904: "b"."IS_LATEST": invalid identifier
https://docs.oracle.com/error-help/db/ora-00904/
   at Oracle.ManagedDataAccess.Client.OracleCommand.<>c.<ExecuteDbDataReaderAsync>b__225_0(Task`1 result)
   at System.Threading.Tasks.ContinuationResultTaskFromResultTask`2.InnerInvoke()
   at System.Threading.ExecutionContext.RunInternal(ExecutionContext executionContext, ContextCallback callback, Object state)
--- End of stack trace from previous location ---
   at System.Threading.ExecutionContext.RunInternal(ExecutionContext executionContext, ContextCallback callback, Object state)
   at System.Threading.Tasks.Task.ExecuteWithThreadLocal(Task& currentTaskSlot, Thread threadPoolThread)
--- End of stack trace from previous location ---
   at Oracle.EntityFrameworkCore.Storage.Internal.OracleRelationalCommandBuilderFactory.OracleRelationalCommandBuilder.OracleRelationalCommand.ExecuteReaderAsync(RelationalCommandParameterObject parameterObject, CancellationToken cancellationToken)
   at Oracle.EntityFrameworkCore.Storage.Internal.OracleRelationalCommandBuilderFactory.OracleRelationalCommandBuilder.OracleRelationalCommand.ExecuteReaderAsync(RelationalCommandParameterObject parameterObject, CancellationToken cancellationToken)
   at Oracle.EntityFrameworkCore.Storage.Internal.OracleRelationalCommandBuilderFactory.OracleRelationalCommandBuilder.OracleRelationalCommand.ExecuteReaderAsync(RelationalCommandParameterObject parameterObject, CancellationToken cancellationToken)
   at Microsoft.EntityFrameworkCore.Query.Internal.SingleQueryingEnumerable`1.AsyncEnumerator.InitializeReaderAsync(AsyncEnumerator enumerator, CancellationToken cancellationToken)
   at Oracle.EntityFrameworkCore.Storage.Internal.OracleExecutionStrategy.ExecuteAsync[TState,TResult](TState state, Func`4 operation, Func`4 verifySucceeded, CancellationToken cancellationToken)
   at Microsoft.EntityFrameworkCore.Query.Internal.SingleQueryingEnumerable`1.AsyncEnumerator.MoveNextAsync()
   at Microsoft.EntityFrameworkCore.EntityFrameworkQueryableExtensions.ToListAsync[TSource](IQueryable`1 source, CancellationToken cancellationToken)
   at Microsoft.EntityFrameworkCore.EntityFrameworkQueryableExtensions.ToListAsync[TSource](IQueryable`1 source, CancellationToken cancellationToken)
   at ThucLuc.Application.Features.DaoTaoHocVien.DaoTaoHocVienService.GetAllAsync(DaoTaoHocVienQuery query, CancellationToken cancellationToken) in D:\Projects\ThucLuc_V2\.sources\backend\src\Application\Features\DaoTaoHocVien\DaoTaoHocVienService.cs:line 60
   at ThucLuc.Api.Controllers.V1.DaoTaoHocVienController.GetAll(DaoTaoHocVienQuery query, CancellationToken cancellationToken) in D:\Projects\ThucLuc_V2\.sources\backend\src\api\Controllers\V1\DaoTaoHocVienController.cs:line 28
   at lambda_method2083(Closure, Object)
   at Microsoft.AspNetCore.Mvc.Infrastructure.ActionMethodExecutor.AwaitableObjectResultExecutor.Execute(ActionContext actionContext, IActionResultTypeMapper mapper, ObjectMethodExecutor executor, Object controller, Object[] arguments)
   at Microsoft.AspNetCore.Mvc.Infrastructure.ControllerActionInvoker.<InvokeActionMethodAsync>g__Awaited|12_0(ControllerActionInvoker invoker, ValueTask`1 actionResultValueTask)
   at Microsoft.AspNetCore.Mvc.Infrastructure.ControllerActionInvoker.<InvokeNextActionFilterAsync>g__Awaited|10_0(ControllerActionInvoker invoker, Task lastTask, State next, Scope scope, Object state, Boolean isCompleted)
   at Microsoft.AspNetCore.Mvc.Infrastructure.ControllerActionInvoker.Rethrow(ActionExecutedContextSealed context)
   at Microsoft.AspNetCore.Mvc.Infrastructure.ControllerActionInvoker.Next(State& next, Scope& scope, Object& state, Boolean& isCompleted)
   at Microsoft.AspNetCore.Mvc.Infrastructure.ControllerActionInvoker.<InvokeInnerFilterAsync>g__Awaited|13_0(ControllerActionInvoker invoker, Task lastTask, State next, Scope scope, Object state, Boolean isCompleted)
   at Microsoft.AspNetCore.Mvc.Infrastructure.ResourceInvoker.<InvokeFilterPipelineAsync>g__Awaited|20_0(ResourceInvoker invoker, Task lastTask, State next, Scope scope, Object state, Boolean isCompleted)
   at Microsoft.AspNetCore.Mvc.Infrastructure.ResourceInvoker.<InvokeAsync>g__Logged|17_1(ResourceInvoker invoker)
   at Microsoft.AspNetCore.Mvc.Infrastructure.ResourceInvoker.<InvokeAsync>g__Logged|17_1(ResourceInvoker invoker)
   at Microsoft.AspNetCore.Routing.EndpointMiddleware.<Invoke>g__AwaitRequestTask|7_0(Endpoint endpoint, Task requestTask, ILogger logger)
   at Microsoft.AspNetCore.Authorization.AuthorizationMiddleware.Invoke(HttpContext context)
   at Microsoft.AspNetCore.Authentication.AuthenticationMiddleware.Invoke(HttpContext context)
   at Swashbuckle.AspNetCore.SwaggerUI.SwaggerUIMiddleware.Invoke(HttpContext httpContext)
   at Swashbuckle.AspNetCore.Swagger.SwaggerMiddleware.Invoke(HttpContext httpContext, ISwaggerProvider swaggerProvider)
   at ThucLuc.Api.Common.Middleware.GlobalExceptionMiddleware.InvokeAsync(HttpContext context) in D:\Projects\ThucLuc_V2\.sources\backend\src\api\Common\Middleware\GlobalExceptionMiddleware.cs:line 23
2026-04-22 14:07:04.199 +07:00 [INF] HTTP GET /api/v1/dao-tao-hoc-vien => 500 in 71.4333 ms CorrelationId=e710a9e8105c4dafa8e1b2f5b3155709 UserId=5001
2026-04-22 14:07:04.201 +07:00 [ERR] HTTP GET /api/v1/dao-tao-hoc-vien responded 500 in 72.5669 ms
2026-04-22 14:07:04.202 +07:00 [INF] Request finished HTTP/1.1 GET http://localhost:5283/api/v1/dao-tao-hoc-vien - 500 null application/json 75.0773ms
2026-04-22 14:07:09.624 +07:00 [INF] Request starting HTTP/1.1 OPTIONS http://localhost:5283/api/v1/dao-tao-hoc-vien?kyCode=2026Q1_NHAN_LUC&kyBaoCaoCode=2026Q1_NHAN_LUC&mode=history&nam=2026 - null null
2026-04-22 14:07:09.626 +07:00 [INF] CORS policy execution successful.
2026-04-22 14:07:09.626 +07:00 [INF] HTTP OPTIONS /api/v1/dao-tao-hoc-vien => 204 in 0.4664 ms CorrelationId=094dd96c4f1a4815a239237b77b358b8 UserId=anonymous
2026-04-22 14:07:09.628 +07:00 [INF] HTTP OPTIONS /api/v1/dao-tao-hoc-vien responded 204 in 1.6090 ms
2026-04-22 14:07:09.628 +07:00 [INF] Request finished HTTP/1.1 OPTIONS http://localhost:5283/api/v1/dao-tao-hoc-vien?kyCode=2026Q1_NHAN_LUC&kyBaoCaoCode=2026Q1_NHAN_LUC&mode=history&nam=2026 - 204 null null 4.3069ms
2026-04-22 14:07:09.631 +07:00 [INF] Request starting HTTP/1.1 GET http://localhost:5283/api/v1/dao-tao-hoc-vien?kyCode=2026Q1_NHAN_LUC&kyBaoCaoCode=2026Q1_NHAN_LUC&mode=history&nam=2026 - null null
2026-04-22 14:07:09.632 +07:00 [INF] CORS policy execution successful.
2026-04-22 14:07:09.632 +07:00 [INF] Executing endpoint 'ThucLuc.Api.Controllers.V1.DaoTaoHocVienController.GetAll (ThucLuc.Api)'
2026-04-22 14:07:09.633 +07:00 [INF] Route matched with {action = "GetAll", controller = "DaoTaoHocVien"}. Executing controller action with signature System.Threading.Tasks.Task`1[Microsoft.AspNetCore.Mvc.ActionResult`1[ThucLuc.Api.Common.Models.ApiResponse`1[System.Collections.Generic.IReadOnlyCollection`1[ThucLuc.Application.Features.DaoTaoHocVien.DaoTaoHocVienDto]]]] GetAll(ThucLuc.Application.Features.DaoTaoHocVien.DaoTaoHocVienQuery, System.Threading.CancellationToken) on controller ThucLuc.Api.Controllers.V1.DaoTaoHocVienController (ThucLuc.Api).
2026-04-22 14:07:09.642 +07:00 [ERR] 2026-04-22 14:07:09.642125 ThreadID:19  (ERROR)   OracleRelationalCommand.ExecuteReaderAsync() :  Oracle.ManagedDataAccess.Client.OracleException (0x80004005): ORA-00904: "b"."KY_BAO_CAO_CODE": invalid identifier
https://docs.oracle.com/error-help/db/ora-00904/
   at Oracle.ManagedDataAccess.Client.OracleCommand.<>c.<ExecuteDbDataReaderAsync>b__225_0(Task`1 result)
   at System.Threading.Tasks.ContinuationResultTaskFromResultTask`2.InnerInvoke()
   at System.Threading.ExecutionContext.RunInternal(ExecutionContext executionContext, ContextCallback callback, Object state)
--- End of stack trace from previous location ---
   at System.Threading.ExecutionContext.RunInternal(ExecutionContext executionContext, ContextCallback callback, Object state)
   at System.Threading.Tasks.Task.ExecuteWithThreadLocal(Task& currentTaskSlot, Thread threadPoolThread)
--- End of stack trace from previous location ---
   at Oracle.EntityFrameworkCore.Storage.Internal.OracleRelationalCommandBuilderFactory.OracleRelationalCommandBuilder.OracleRelationalCommand.ExecuteReaderAsync(RelationalCommandParameterObject parameterObject, CancellationToken cancellationToken)
2026-04-22 14:07:09.643 +07:00 [ERR] Failed executing DbCommand (5ms) [Parameters=[:filter_KyBaoCaoCode_0='?' (Size = 50), :filter_Nam_Value_1='?' (DbType = Int32)], CommandType='"Text"', CommandTimeout='0']
SELECT "b"."ID", "b"."CREATED_AT", "b"."CREATED_BY", "b"."DELETED_AT", "b"."DON_VI_ID", "b"."GHI_CHU", "b"."IS_LATEST", "b"."KY_BAO_CAO_CODE", "b"."NAM", "b"."NOI_DUNG_DAO_TAO", "b"."SNAPSHOT_BATCH_ID", "b"."SNAPSHOT_CREATED_AT", "b"."SNAPSHOT_VERSION", "b"."SO_CAO_DANG", "b"."SO_DAI_HOC", "b"."SO_THAC_SI", "b"."SO_TIEN_SI", "b"."SO_TRUNG_CAP", "b"."UPDATED_AT", "b"."UPDATED_BY"
FROM "CAND_QLCNTT"."BIZ_DAO_TAO_HOC_VIEN" "b"
WHERE (((("b"."DELETED_AT" IS NULL) AND ("b"."KY_BAO_CAO_CODE" = :filter_KyBaoCaoCode_0))) AND ("b"."NAM" = :filter_Nam_Value_1))
ORDER BY "b"."UPDATED_AT" DESC, "b"."CREATED_AT" DESC, "b"."ID" DESC
2026-04-22 14:07:09.645 +07:00 [ERR] 2026-04-22 14:07:09.645459 ThreadID:19  (ERROR)   OracleExecutionStrategy.ExecuteAsync() :  Oracle.ManagedDataAccess.Client.OracleException (0x80004005): ORA-00904: "b"."KY_BAO_CAO_CODE": invalid identifier
https://docs.oracle.com/error-help/db/ora-00904/
   at Oracle.ManagedDataAccess.Client.OracleCommand.<>c.<ExecuteDbDataReaderAsync>b__225_0(Task`1 result)
   at System.Threading.Tasks.ContinuationResultTaskFromResultTask`2.InnerInvoke()
   at System.Threading.ExecutionContext.RunInternal(ExecutionContext executionContext, ContextCallback callback, Object state)
--- End of stack trace from previous location ---
   at System.Threading.ExecutionContext.RunInternal(ExecutionContext executionContext, ContextCallback callback, Object state)
   at System.Threading.Tasks.Task.ExecuteWithThreadLocal(Task& currentTaskSlot, Thread threadPoolThread)
--- End of stack trace from previous location ---
   at Oracle.EntityFrameworkCore.Storage.Internal.OracleRelationalCommandBuilderFactory.OracleRelationalCommandBuilder.OracleRelationalCommand.ExecuteReaderAsync(RelationalCommandParameterObject parameterObject, CancellationToken cancellationToken)
   at Oracle.EntityFrameworkCore.Storage.Internal.OracleRelationalCommandBuilderFactory.OracleRelationalCommandBuilder.OracleRelationalCommand.ExecuteReaderAsync(RelationalCommandParameterObject parameterObject, CancellationToken cancellationToken)
   at Oracle.EntityFrameworkCore.Storage.Internal.OracleRelationalCommandBuilderFactory.OracleRelationalCommandBuilder.OracleRelationalCommand.ExecuteReaderAsync(RelationalCommandParameterObject parameterObject, CancellationToken cancellationToken)
   at Microsoft.EntityFrameworkCore.Query.Internal.SingleQueryingEnumerable`1.AsyncEnumerator.InitializeReaderAsync(AsyncEnumerator enumerator, CancellationToken cancellationToken)
   at Oracle.EntityFrameworkCore.Storage.Internal.OracleExecutionStrategy.ExecuteAsync[TState,TResult](TState state, Func`4 operation, Func`4 verifySucceeded, CancellationToken cancellationToken)
2026-04-22 14:07:09.646 +07:00 [ERR] An exception occurred while iterating over the results of a query for context type 'ThucLuc.Infrastructure.Persistence.AppDbContext'.
Oracle.ManagedDataAccess.Client.OracleException (0x80004005): ORA-00904: "b"."KY_BAO_CAO_CODE": invalid identifier
https://docs.oracle.com/error-help/db/ora-00904/
   at Oracle.ManagedDataAccess.Client.OracleCommand.<>c.<ExecuteDbDataReaderAsync>b__225_0(Task`1 result)
   at System.Threading.Tasks.ContinuationResultTaskFromResultTask`2.InnerInvoke()
   at System.Threading.ExecutionContext.RunInternal(ExecutionContext executionContext, ContextCallback callback, Object state)
--- End of stack trace from previous location ---
   at System.Threading.ExecutionContext.RunInternal(ExecutionContext executionContext, ContextCallback callback, Object state)
   at System.Threading.Tasks.Task.ExecuteWithThreadLocal(Task& currentTaskSlot, Thread threadPoolThread)
--- End of stack trace from previous location ---
   at Oracle.EntityFrameworkCore.Storage.Internal.OracleRelationalCommandBuilderFactory.OracleRelationalCommandBuilder.OracleRelationalCommand.ExecuteReaderAsync(RelationalCommandParameterObject parameterObject, CancellationToken cancellationToken)
   at Oracle.EntityFrameworkCore.Storage.Internal.OracleRelationalCommandBuilderFactory.OracleRelationalCommandBuilder.OracleRelationalCommand.ExecuteReaderAsync(RelationalCommandParameterObject parameterObject, CancellationToken cancellationToken)
   at Oracle.EntityFrameworkCore.Storage.Internal.OracleRelationalCommandBuilderFactory.OracleRelationalCommandBuilder.OracleRelationalCommand.ExecuteReaderAsync(RelationalCommandParameterObject parameterObject, CancellationToken cancellationToken)
   at Microsoft.EntityFrameworkCore.Query.Internal.SingleQueryingEnumerable`1.AsyncEnumerator.InitializeReaderAsync(AsyncEnumerator enumerator, CancellationToken cancellationToken)
   at Oracle.EntityFrameworkCore.Storage.Internal.OracleExecutionStrategy.ExecuteAsync[TState,TResult](TState state, Func`4 operation, Func`4 verifySucceeded, CancellationToken cancellationToken)
   at Microsoft.EntityFrameworkCore.Query.Internal.SingleQueryingEnumerable`1.AsyncEnumerator.MoveNextAsync()
Oracle.ManagedDataAccess.Client.OracleException (0x80004005): ORA-00904: "b"."KY_BAO_CAO_CODE": invalid identifier
https://docs.oracle.com/error-help/db/ora-00904/
   at Oracle.ManagedDataAccess.Client.OracleCommand.<>c.<ExecuteDbDataReaderAsync>b__225_0(Task`1 result)
   at System.Threading.Tasks.ContinuationResultTaskFromResultTask`2.InnerInvoke()
   at System.Threading.ExecutionContext.RunInternal(ExecutionContext executionContext, ContextCallback callback, Object state)
--- End of stack trace from previous location ---
   at System.Threading.ExecutionContext.RunInternal(ExecutionContext executionContext, ContextCallback callback, Object state)
   at System.Threading.Tasks.Task.ExecuteWithThreadLocal(Task& currentTaskSlot, Thread threadPoolThread)
--- End of stack trace from previous location ---
   at Oracle.EntityFrameworkCore.Storage.Internal.OracleRelationalCommandBuilderFactory.OracleRelationalCommandBuilder.OracleRelationalCommand.ExecuteReaderAsync(RelationalCommandParameterObject parameterObject, CancellationToken cancellationToken)
   at Oracle.EntityFrameworkCore.Storage.Internal.OracleRelationalCommandBuilderFactory.OracleRelationalCommandBuilder.OracleRelationalCommand.ExecuteReaderAsync(RelationalCommandParameterObject parameterObject, CancellationToken cancellationToken)
   at Oracle.EntityFrameworkCore.Storage.Internal.OracleRelationalCommandBuilderFactory.OracleRelationalCommandBuilder.OracleRelationalCommand.ExecuteReaderAsync(RelationalCommandParameterObject parameterObject, CancellationToken cancellationToken)
   at Microsoft.EntityFrameworkCore.Query.Internal.SingleQueryingEnumerable`1.AsyncEnumerator.InitializeReaderAsync(AsyncEnumerator enumerator, CancellationToken cancellationToken)
   at Oracle.EntityFrameworkCore.Storage.Internal.OracleExecutionStrategy.ExecuteAsync[TState,TResult](TState state, Func`4 operation, Func`4 verifySucceeded, CancellationToken cancellationToken)
   at Microsoft.EntityFrameworkCore.Query.Internal.SingleQueryingEnumerable`1.AsyncEnumerator.MoveNextAsync()
2026-04-22 14:07:09.649 +07:00 [INF] Executed action ThucLuc.Api.Controllers.V1.DaoTaoHocVienController.GetAll (ThucLuc.Api) in 14.8558ms
2026-04-22 14:07:09.650 +07:00 [INF] Executed endpoint 'ThucLuc.Api.Controllers.V1.DaoTaoHocVienController.GetAll (ThucLuc.Api)'
2026-04-22 14:07:09.650 +07:00 [ERR] Unhandled exception. CorrelationId=1eb965fee7c94119b681cf2e0582f349
Oracle.ManagedDataAccess.Client.OracleException (0x80004005): ORA-00904: "b"."KY_BAO_CAO_CODE": invalid identifier
https://docs.oracle.com/error-help/db/ora-00904/
   at Oracle.ManagedDataAccess.Client.OracleCommand.<>c.<ExecuteDbDataReaderAsync>b__225_0(Task`1 result)
   at System.Threading.Tasks.ContinuationResultTaskFromResultTask`2.InnerInvoke()
   at System.Threading.ExecutionContext.RunInternal(ExecutionContext executionContext, ContextCallback callback, Object state)
--- End of stack trace from previous location ---
   at System.Threading.ExecutionContext.RunInternal(ExecutionContext executionContext, ContextCallback callback, Object state)
   at System.Threading.Tasks.Task.ExecuteWithThreadLocal(Task& currentTaskSlot, Thread threadPoolThread)
--- End of stack trace from previous location ---
   at Oracle.EntityFrameworkCore.Storage.Internal.OracleRelationalCommandBuilderFactory.OracleRelationalCommandBuilder.OracleRelationalCommand.ExecuteReaderAsync(RelationalCommandParameterObject parameterObject, CancellationToken cancellationToken)
   at Oracle.EntityFrameworkCore.Storage.Internal.OracleRelationalCommandBuilderFactory.OracleRelationalCommandBuilder.OracleRelationalCommand.ExecuteReaderAsync(RelationalCommandParameterObject parameterObject, CancellationToken cancellationToken)
   at Oracle.EntityFrameworkCore.Storage.Internal.OracleRelationalCommandBuilderFactory.OracleRelationalCommandBuilder.OracleRelationalCommand.ExecuteReaderAsync(RelationalCommandParameterObject parameterObject, CancellationToken cancellationToken)
   at Microsoft.EntityFrameworkCore.Query.Internal.SingleQueryingEnumerable`1.AsyncEnumerator.InitializeReaderAsync(AsyncEnumerator enumerator, CancellationToken cancellationToken)
   at Oracle.EntityFrameworkCore.Storage.Internal.OracleExecutionStrategy.ExecuteAsync[TState,TResult](TState state, Func`4 operation, Func`4 verifySucceeded, CancellationToken cancellationToken)
   at Microsoft.EntityFrameworkCore.Query.Internal.SingleQueryingEnumerable`1.AsyncEnumerator.MoveNextAsync()
   at Microsoft.EntityFrameworkCore.EntityFrameworkQueryableExtensions.ToListAsync[TSource](IQueryable`1 source, CancellationToken cancellationToken)
   at Microsoft.EntityFrameworkCore.EntityFrameworkQueryableExtensions.ToListAsync[TSource](IQueryable`1 source, CancellationToken cancellationToken)
   at ThucLuc.Application.Features.DaoTaoHocVien.DaoTaoHocVienService.GetAllAsync(DaoTaoHocVienQuery query, CancellationToken cancellationToken) in D:\Projects\ThucLuc_V2\.sources\backend\src\Application\Features\DaoTaoHocVien\DaoTaoHocVienService.cs:line 60
   at ThucLuc.Api.Controllers.V1.DaoTaoHocVienController.GetAll(DaoTaoHocVienQuery query, CancellationToken cancellationToken) in D:\Projects\ThucLuc_V2\.sources\backend\src\api\Controllers\V1\DaoTaoHocVienController.cs:line 28
   at lambda_method2083(Closure, Object)
   at Microsoft.AspNetCore.Mvc.Infrastructure.ActionMethodExecutor.AwaitableObjectResultExecutor.Execute(ActionContext actionContext, IActionResultTypeMapper mapper, ObjectMethodExecutor executor, Object controller, Object[] arguments)
   at Microsoft.AspNetCore.Mvc.Infrastructure.ControllerActionInvoker.<InvokeActionMethodAsync>g__Awaited|12_0(ControllerActionInvoker invoker, ValueTask`1 actionResultValueTask)
   at Microsoft.AspNetCore.Mvc.Infrastructure.ControllerActionInvoker.<InvokeNextActionFilterAsync>g__Awaited|10_0(ControllerActionInvoker invoker, Task lastTask, State next, Scope scope, Object state, Boolean isCompleted)
   at Microsoft.AspNetCore.Mvc.Infrastructure.ControllerActionInvoker.Rethrow(ActionExecutedContextSealed context)
   at Microsoft.AspNetCore.Mvc.Infrastructure.ControllerActionInvoker.Next(State& next, Scope& scope, Object& state, Boolean& isCompleted)
   at Microsoft.AspNetCore.Mvc.Infrastructure.ControllerActionInvoker.<InvokeInnerFilterAsync>g__Awaited|13_0(ControllerActionInvoker invoker, Task lastTask, State next, Scope scope, Object state, Boolean isCompleted)
   at Microsoft.AspNetCore.Mvc.Infrastructure.ResourceInvoker.<InvokeFilterPipelineAsync>g__Awaited|20_0(ResourceInvoker invoker, Task lastTask, State next, Scope scope, Object state, Boolean isCompleted)
   at Microsoft.AspNetCore.Mvc.Infrastructure.ResourceInvoker.<InvokeAsync>g__Logged|17_1(ResourceInvoker invoker)
   at Microsoft.AspNetCore.Mvc.Infrastructure.ResourceInvoker.<InvokeAsync>g__Logged|17_1(ResourceInvoker invoker)
   at Microsoft.AspNetCore.Routing.EndpointMiddleware.<Invoke>g__AwaitRequestTask|7_0(Endpoint endpoint, Task requestTask, ILogger logger)
   at Microsoft.AspNetCore.Authorization.AuthorizationMiddleware.Invoke(HttpContext context)
   at Microsoft.AspNetCore.Authentication.AuthenticationMiddleware.Invoke(HttpContext context)
   at Swashbuckle.AspNetCore.SwaggerUI.SwaggerUIMiddleware.Invoke(HttpContext httpContext)
   at Swashbuckle.AspNetCore.Swagger.SwaggerMiddleware.Invoke(HttpContext httpContext, ISwaggerProvider swaggerProvider)
   at ThucLuc.Api.Common.Middleware.GlobalExceptionMiddleware.InvokeAsync(HttpContext context) in D:\Projects\ThucLuc_V2\.sources\backend\src\api\Common\Middleware\GlobalExceptionMiddleware.cs:line 23
2026-04-22 14:07:09.657 +07:00 [INF] HTTP GET /api/v1/dao-tao-hoc-vien => 500 in 25.4121 ms CorrelationId=1eb965fee7c94119b681cf2e0582f349 UserId=5001
2026-04-22 14:07:09.659 +07:00 [ERR] HTTP GET /api/v1/dao-tao-hoc-vien responded 500 in 26.8298 ms
2026-04-22 14:07:09.660 +07:00 [INF] Request finished HTTP/1.1 GET http://localhost:5283/api/v1/dao-tao-hoc-vien?kyCode=2026Q1_NHAN_LUC&kyBaoCaoCode=2026Q1_NHAN_LUC&mode=history&nam=2026 - 500 null application/json 29.125ms
2026-04-22 14:07:09.662 +07:00 [INF] Request starting HTTP/1.1 OPTIONS http://localhost:5283/api/v1/snapshot?kyBaoCaoId=6001 - null null
2026-04-22 14:07:09.663 +07:00 [INF] CORS policy execution successful.
2026-04-22 14:07:09.663 +07:00 [INF] HTTP OPTIONS /api/v1/snapshot => 204 in 0.3787 ms CorrelationId=932a49a28ff345d4b6a943b4c3d0fbd8 UserId=anonymous
2026-04-22 14:07:09.664 +07:00 [INF] HTTP OPTIONS /api/v1/snapshot responded 204 in 1.4185 ms
2026-04-22 14:07:09.665 +07:00 [INF] Request finished HTTP/1.1 OPTIONS http://localhost:5283/api/v1/snapshot?kyBaoCaoId=6001 - 204 null null 3.6392ms
2026-04-22 14:07:09.667 +07:00 [INF] Request starting HTTP/1.1 GET http://localhost:5283/api/v1/snapshot?kyBaoCaoId=6001 - null null
2026-04-22 14:07:09.668 +07:00 [INF] CORS policy execution successful.
2026-04-22 14:07:09.669 +07:00 [INF] Executing endpoint 'ThucLuc.Api.Controllers.V1.BaoCaoSnapshotController.GetByKy (ThucLuc.Api)'
2026-04-22 14:07:09.672 +07:00 [INF] Route matched with {action = "GetByKy", controller = "BaoCaoSnapshot"}. Executing controller action with signature System.Threading.Tasks.Task`1[Microsoft.AspNetCore.Mvc.ActionResult`1[ThucLuc.Api.Common.Models.ApiResponse`1[System.Collections.Generic.IReadOnlyCollection`1[ThucLuc.Application.Features.BaoCaoSnapshot.BaoCaoSnapshotDto]]]] GetByKy(Int64, System.Threading.CancellationToken) on controller ThucLuc.Api.Controllers.V1.BaoCaoSnapshotController (ThucLuc.Api).
2026-04-22 14:07:09.730 +07:00 [INF] Executing OkObjectResult, writing value of type 'ThucLuc.Api.Common.Models.ApiResponse`1[[System.Collections.Generic.IReadOnlyCollection`1[[ThucLuc.Application.Features.BaoCaoSnapshot.BaoCaoSnapshotDto, ThucLuc.Application, Version=1.0.0.0, Culture=neutral, PublicKeyToken=null]], System.Private.CoreLib, Version=8.0.0.0, Culture=neutral, PublicKeyToken=7cec85d7bea7798e]]'.
2026-04-22 14:07:09.734 +07:00 [INF] Executed action ThucLuc.Api.Controllers.V1.BaoCaoSnapshotController.GetByKy (ThucLuc.Api) in 61.7037ms
2026-04-22 14:07:09.736 +07:00 [INF] Executed endpoint 'ThucLuc.Api.Controllers.V1.BaoCaoSnapshotController.GetByKy (ThucLuc.Api)'
2026-04-22 14:07:09.737 +07:00 [INF] HTTP GET /api/v1/snapshot => 200 in 69.0076 ms CorrelationId=2a8ae8b8eb064828b991cbb85b04c3ed UserId=5001
2026-04-22 14:07:09.738 +07:00 [INF] HTTP GET /api/v1/snapshot responded 200 in 70.3078 ms
2026-04-22 14:07:09.740 +07:00 [INF] Request finished HTTP/1.1 GET http://localhost:5283/api/v1/snapshot?kyBaoCaoId=6001 - 200 null application/json; charset=utf-8 73.2785ms
2026-04-22 14:07:11.152 +07:00 [INF] Request starting HTTP/1.1 OPTIONS http://localhost:5283/api/v1/dao-tao-hoc-vien - null null
2026-04-22 14:07:11.155 +07:00 [INF] CORS policy execution successful.
2026-04-22 14:07:11.156 +07:00 [INF] HTTP OPTIONS /api/v1/dao-tao-hoc-vien => 204 in 0.6275 ms CorrelationId=0a860c48f0b542f3917855dba549d08b UserId=anonymous
2026-04-22 14:07:11.157 +07:00 [INF] HTTP OPTIONS /api/v1/dao-tao-hoc-vien responded 204 in 1.8135 ms
2026-04-22 14:07:11.158 +07:00 [INF] Request finished HTTP/1.1 OPTIONS http://localhost:5283/api/v1/dao-tao-hoc-vien - 204 null null 5.4063ms
2026-04-22 14:07:11.160 +07:00 [INF] Request starting HTTP/1.1 GET http://localhost:5283/api/v1/dao-tao-hoc-vien - null null
2026-04-22 14:07:11.161 +07:00 [INF] CORS policy execution successful.
2026-04-22 14:07:11.162 +07:00 [INF] Executing endpoint 'ThucLuc.Api.Controllers.V1.DaoTaoHocVienController.GetAll (ThucLuc.Api)'
2026-04-22 14:07:11.163 +07:00 [INF] Route matched with {action = "GetAll", controller = "DaoTaoHocVien"}. Executing controller action with signature System.Threading.Tasks.Task`1[Microsoft.AspNetCore.Mvc.ActionResult`1[ThucLuc.Api.Common.Models.ApiResponse`1[System.Collections.Generic.IReadOnlyCollection`1[ThucLuc.Application.Features.DaoTaoHocVien.DaoTaoHocVienDto]]]] GetAll(ThucLuc.Application.Features.DaoTaoHocVien.DaoTaoHocVienQuery, System.Threading.CancellationToken) on controller ThucLuc.Api.Controllers.V1.DaoTaoHocVienController (ThucLuc.Api).
2026-04-22 14:07:11.169 +07:00 [ERR] 2026-04-22 14:07:11.169224 ThreadID:23  (ERROR)   OracleRelationalCommand.ExecuteReaderAsync() :  Oracle.ManagedDataAccess.Client.OracleException (0x80004005): ORA-00904: "b"."IS_LATEST": invalid identifier
https://docs.oracle.com/error-help/db/ora-00904/
   at Oracle.ManagedDataAccess.Client.OracleCommand.<>c.<ExecuteDbDataReaderAsync>b__225_0(Task`1 result)
   at System.Threading.Tasks.ContinuationResultTaskFromResultTask`2.InnerInvoke()
   at System.Threading.ExecutionContext.RunInternal(ExecutionContext executionContext, ContextCallback callback, Object state)
--- End of stack trace from previous location ---
   at System.Threading.ExecutionContext.RunInternal(ExecutionContext executionContext, ContextCallback callback, Object state)
   at System.Threading.Tasks.Task.ExecuteWithThreadLocal(Task& currentTaskSlot, Thread threadPoolThread)
--- End of stack trace from previous location ---
   at Oracle.EntityFrameworkCore.Storage.Internal.OracleRelationalCommandBuilderFactory.OracleRelationalCommandBuilder.OracleRelationalCommand.ExecuteReaderAsync(RelationalCommandParameterObject parameterObject, CancellationToken cancellationToken)
2026-04-22 14:07:11.170 +07:00 [ERR] Failed executing DbCommand (4ms) [Parameters=[], CommandType='"Text"', CommandTimeout='0']
SELECT "b"."ID", "b"."CREATED_AT", "b"."CREATED_BY", "b"."DELETED_AT", "b"."DON_VI_ID", "b"."GHI_CHU", "b"."IS_LATEST", "b"."KY_BAO_CAO_CODE", "b"."NAM", "b"."NOI_DUNG_DAO_TAO", "b"."SNAPSHOT_BATCH_ID", "b"."SNAPSHOT_CREATED_AT", "b"."SNAPSHOT_VERSION", "b"."SO_CAO_DANG", "b"."SO_DAI_HOC", "b"."SO_THAC_SI", "b"."SO_TIEN_SI", "b"."SO_TRUNG_CAP", "b"."UPDATED_AT", "b"."UPDATED_BY"
FROM "CAND_QLCNTT"."BIZ_DAO_TAO_HOC_VIEN" "b"
WHERE (("b"."DELETED_AT" IS NULL) AND ("b"."IS_LATEST" = 1))
ORDER BY "b"."UPDATED_AT" DESC, "b"."CREATED_AT" DESC, "b"."ID" DESC
2026-04-22 14:07:11.172 +07:00 [ERR] 2026-04-22 14:07:11.172564 ThreadID:23  (ERROR)   OracleExecutionStrategy.ExecuteAsync() :  Oracle.ManagedDataAccess.Client.OracleException (0x80004005): ORA-00904: "b"."IS_LATEST": invalid identifier
https://docs.oracle.com/error-help/db/ora-00904/
   at Oracle.ManagedDataAccess.Client.OracleCommand.<>c.<ExecuteDbDataReaderAsync>b__225_0(Task`1 result)
   at System.Threading.Tasks.ContinuationResultTaskFromResultTask`2.InnerInvoke()
   at System.Threading.ExecutionContext.RunInternal(ExecutionContext executionContext, ContextCallback callback, Object state)
--- End of stack trace from previous location ---
   at System.Threading.ExecutionContext.RunInternal(ExecutionContext executionContext, ContextCallback callback, Object state)
   at System.Threading.Tasks.Task.ExecuteWithThreadLocal(Task& currentTaskSlot, Thread threadPoolThread)
--- End of stack trace from previous location ---
   at Oracle.EntityFrameworkCore.Storage.Internal.OracleRelationalCommandBuilderFactory.OracleRelationalCommandBuilder.OracleRelationalCommand.ExecuteReaderAsync(RelationalCommandParameterObject parameterObject, CancellationToken cancellationToken)
   at Oracle.EntityFrameworkCore.Storage.Internal.OracleRelationalCommandBuilderFactory.OracleRelationalCommandBuilder.OracleRelationalCommand.ExecuteReaderAsync(RelationalCommandParameterObject parameterObject, CancellationToken cancellationToken)
   at Oracle.EntityFrameworkCore.Storage.Internal.OracleRelationalCommandBuilderFactory.OracleRelationalCommandBuilder.OracleRelationalCommand.ExecuteReaderAsync(RelationalCommandParameterObject parameterObject, CancellationToken cancellationToken)
   at Microsoft.EntityFrameworkCore.Query.Internal.SingleQueryingEnumerable`1.AsyncEnumerator.InitializeReaderAsync(AsyncEnumerator enumerator, CancellationToken cancellationToken)
   at Oracle.EntityFrameworkCore.Storage.Internal.OracleExecutionStrategy.ExecuteAsync[TState,TResult](TState state, Func`4 operation, Func`4 verifySucceeded, CancellationToken cancellationToken)
2026-04-22 14:07:11.173 +07:00 [ERR] An exception occurred while iterating over the results of a query for context type 'ThucLuc.Infrastructure.Persistence.AppDbContext'.
Oracle.ManagedDataAccess.Client.OracleException (0x80004005): ORA-00904: "b"."IS_LATEST": invalid identifier
https://docs.oracle.com/error-help/db/ora-00904/
   at Oracle.ManagedDataAccess.Client.OracleCommand.<>c.<ExecuteDbDataReaderAsync>b__225_0(Task`1 result)
   at System.Threading.Tasks.ContinuationResultTaskFromResultTask`2.InnerInvoke()
   at System.Threading.ExecutionContext.RunInternal(ExecutionContext executionContext, ContextCallback callback, Object state)
--- End of stack trace from previous location ---
   at System.Threading.ExecutionContext.RunInternal(ExecutionContext executionContext, ContextCallback callback, Object state)
   at System.Threading.Tasks.Task.ExecuteWithThreadLocal(Task& currentTaskSlot, Thread threadPoolThread)
--- End of stack trace from previous location ---
   at Oracle.EntityFrameworkCore.Storage.Internal.OracleRelationalCommandBuilderFactory.OracleRelationalCommandBuilder.OracleRelationalCommand.ExecuteReaderAsync(RelationalCommandParameterObject parameterObject, CancellationToken cancellationToken)
   at Oracle.EntityFrameworkCore.Storage.Internal.OracleRelationalCommandBuilderFactory.OracleRelationalCommandBuilder.OracleRelationalCommand.ExecuteReaderAsync(RelationalCommandParameterObject parameterObject, CancellationToken cancellationToken)
   at Oracle.EntityFrameworkCore.Storage.Internal.OracleRelationalCommandBuilderFactory.OracleRelationalCommandBuilder.OracleRelationalCommand.ExecuteReaderAsync(RelationalCommandParameterObject parameterObject, CancellationToken cancellationToken)
   at Microsoft.EntityFrameworkCore.Query.Internal.SingleQueryingEnumerable`1.AsyncEnumerator.InitializeReaderAsync(AsyncEnumerator enumerator, CancellationToken cancellationToken)
   at Oracle.EntityFrameworkCore.Storage.Internal.OracleExecutionStrategy.ExecuteAsync[TState,TResult](TState state, Func`4 operation, Func`4 verifySucceeded, CancellationToken cancellationToken)
   at Microsoft.EntityFrameworkCore.Query.Internal.SingleQueryingEnumerable`1.AsyncEnumerator.MoveNextAsync()
Oracle.ManagedDataAccess.Client.OracleException (0x80004005): ORA-00904: "b"."IS_LATEST": invalid identifier
https://docs.oracle.com/error-help/db/ora-00904/
   at Oracle.ManagedDataAccess.Client.OracleCommand.<>c.<ExecuteDbDataReaderAsync>b__225_0(Task`1 result)
   at System.Threading.Tasks.ContinuationResultTaskFromResultTask`2.InnerInvoke()
   at System.Threading.ExecutionContext.RunInternal(ExecutionContext executionContext, ContextCallback callback, Object state)
--- End of stack trace from previous location ---
   at System.Threading.ExecutionContext.RunInternal(ExecutionContext executionContext, ContextCallback callback, Object state)
   at System.Threading.Tasks.Task.ExecuteWithThreadLocal(Task& currentTaskSlot, Thread threadPoolThread)
--- End of stack trace from previous location ---
   at Oracle.EntityFrameworkCore.Storage.Internal.OracleRelationalCommandBuilderFactory.OracleRelationalCommandBuilder.OracleRelationalCommand.ExecuteReaderAsync(RelationalCommandParameterObject parameterObject, CancellationToken cancellationToken)
   at Oracle.EntityFrameworkCore.Storage.Internal.OracleRelationalCommandBuilderFactory.OracleRelationalCommandBuilder.OracleRelationalCommand.ExecuteReaderAsync(RelationalCommandParameterObject parameterObject, CancellationToken cancellationToken)
   at Oracle.EntityFrameworkCore.Storage.Internal.OracleRelationalCommandBuilderFactory.OracleRelationalCommandBuilder.OracleRelationalCommand.ExecuteReaderAsync(RelationalCommandParameterObject parameterObject, CancellationToken cancellationToken)
   at Microsoft.EntityFrameworkCore.Query.Internal.SingleQueryingEnumerable`1.AsyncEnumerator.InitializeReaderAsync(AsyncEnumerator enumerator, CancellationToken cancellationToken)
   at Oracle.EntityFrameworkCore.Storage.Internal.OracleExecutionStrategy.ExecuteAsync[TState,TResult](TState state, Func`4 operation, Func`4 verifySucceeded, CancellationToken cancellationToken)
   at Microsoft.EntityFrameworkCore.Query.Internal.SingleQueryingEnumerable`1.AsyncEnumerator.MoveNextAsync()
2026-04-22 14:07:11.176 +07:00 [INF] Executed action ThucLuc.Api.Controllers.V1.DaoTaoHocVienController.GetAll (ThucLuc.Api) in 12.4837ms
2026-04-22 14:07:11.177 +07:00 [INF] Executed endpoint 'ThucLuc.Api.Controllers.V1.DaoTaoHocVienController.GetAll (ThucLuc.Api)'
2026-04-22 14:07:11.177 +07:00 [ERR] Unhandled exception. CorrelationId=728e9b9ab5af4ff5a84708db82f6e230
Oracle.ManagedDataAccess.Client.OracleException (0x80004005): ORA-00904: "b"."IS_LATEST": invalid identifier
https://docs.oracle.com/error-help/db/ora-00904/
   at Oracle.ManagedDataAccess.Client.OracleCommand.<>c.<ExecuteDbDataReaderAsync>b__225_0(Task`1 result)
   at System.Threading.Tasks.ContinuationResultTaskFromResultTask`2.InnerInvoke()
   at System.Threading.ExecutionContext.RunInternal(ExecutionContext executionContext, ContextCallback callback, Object state)
--- End of stack trace from previous location ---
   at System.Threading.ExecutionContext.RunInternal(ExecutionContext executionContext, ContextCallback callback, Object state)
   at System.Threading.Tasks.Task.ExecuteWithThreadLocal(Task& currentTaskSlot, Thread threadPoolThread)
--- End of stack trace from previous location ---
   at Oracle.EntityFrameworkCore.Storage.Internal.OracleRelationalCommandBuilderFactory.OracleRelationalCommandBuilder.OracleRelationalCommand.ExecuteReaderAsync(RelationalCommandParameterObject parameterObject, CancellationToken cancellationToken)
   at Oracle.EntityFrameworkCore.Storage.Internal.OracleRelationalCommandBuilderFactory.OracleRelationalCommandBuilder.OracleRelationalCommand.ExecuteReaderAsync(RelationalCommandParameterObject parameterObject, CancellationToken cancellationToken)
   at Oracle.EntityFrameworkCore.Storage.Internal.OracleRelationalCommandBuilderFactory.OracleRelationalCommandBuilder.OracleRelationalCommand.ExecuteReaderAsync(RelationalCommandParameterObject parameterObject, CancellationToken cancellationToken)
   at Microsoft.EntityFrameworkCore.Query.Internal.SingleQueryingEnumerable`1.AsyncEnumerator.InitializeReaderAsync(AsyncEnumerator enumerator, CancellationToken cancellationToken)
   at Oracle.EntityFrameworkCore.Storage.Internal.OracleExecutionStrategy.ExecuteAsync[TState,TResult](TState state, Func`4 operation, Func`4 verifySucceeded, CancellationToken cancellationToken)
   at Microsoft.EntityFrameworkCore.Query.Internal.SingleQueryingEnumerable`1.AsyncEnumerator.MoveNextAsync()
   at Microsoft.EntityFrameworkCore.EntityFrameworkQueryableExtensions.ToListAsync[TSource](IQueryable`1 source, CancellationToken cancellationToken)
   at Microsoft.EntityFrameworkCore.EntityFrameworkQueryableExtensions.ToListAsync[TSource](IQueryable`1 source, CancellationToken cancellationToken)
   at ThucLuc.Application.Features.DaoTaoHocVien.DaoTaoHocVienService.GetAllAsync(DaoTaoHocVienQuery query, CancellationToken cancellationToken) in D:\Projects\ThucLuc_V2\.sources\backend\src\Application\Features\DaoTaoHocVien\DaoTaoHocVienService.cs:line 60
   at ThucLuc.Api.Controllers.V1.DaoTaoHocVienController.GetAll(DaoTaoHocVienQuery query, CancellationToken cancellationToken) in D:\Projects\ThucLuc_V2\.sources\backend\src\api\Controllers\V1\DaoTaoHocVienController.cs:line 28
   at lambda_method2083(Closure, Object)
   at Microsoft.AspNetCore.Mvc.Infrastructure.ActionMethodExecutor.AwaitableObjectResultExecutor.Execute(ActionContext actionContext, IActionResultTypeMapper mapper, ObjectMethodExecutor executor, Object controller, Object[] arguments)
   at Microsoft.AspNetCore.Mvc.Infrastructure.ControllerActionInvoker.<InvokeActionMethodAsync>g__Awaited|12_0(ControllerActionInvoker invoker, ValueTask`1 actionResultValueTask)
   at Microsoft.AspNetCore.Mvc.Infrastructure.ControllerActionInvoker.<InvokeNextActionFilterAsync>g__Awaited|10_0(ControllerActionInvoker invoker, Task lastTask, State next, Scope scope, Object state, Boolean isCompleted)
   at Microsoft.AspNetCore.Mvc.Infrastructure.ControllerActionInvoker.Rethrow(ActionExecutedContextSealed context)
   at Microsoft.AspNetCore.Mvc.Infrastructure.ControllerActionInvoker.Next(State& next, Scope& scope, Object& state, Boolean& isCompleted)
   at Microsoft.AspNetCore.Mvc.Infrastructure.ControllerActionInvoker.<InvokeInnerFilterAsync>g__Awaited|13_0(ControllerActionInvoker invoker, Task lastTask, State next, Scope scope, Object state, Boolean isCompleted)
   at Microsoft.AspNetCore.Mvc.Infrastructure.ResourceInvoker.<InvokeFilterPipelineAsync>g__Awaited|20_0(ResourceInvoker invoker, Task lastTask, State next, Scope scope, Object state, Boolean isCompleted)
   at Microsoft.AspNetCore.Mvc.Infrastructure.ResourceInvoker.<InvokeAsync>g__Logged|17_1(ResourceInvoker invoker)
   at Microsoft.AspNetCore.Mvc.Infrastructure.ResourceInvoker.<InvokeAsync>g__Logged|17_1(ResourceInvoker invoker)
   at Microsoft.AspNetCore.Routing.EndpointMiddleware.<Invoke>g__AwaitRequestTask|7_0(Endpoint endpoint, Task requestTask, ILogger logger)
   at Microsoft.AspNetCore.Authorization.AuthorizationMiddleware.Invoke(HttpContext context)
   at Microsoft.AspNetCore.Authentication.AuthenticationMiddleware.Invoke(HttpContext context)
   at Swashbuckle.AspNetCore.SwaggerUI.SwaggerUIMiddleware.Invoke(HttpContext httpContext)
   at Swashbuckle.AspNetCore.Swagger.SwaggerMiddleware.Invoke(HttpContext httpContext, ISwaggerProvider swaggerProvider)
   at ThucLuc.Api.Common.Middleware.GlobalExceptionMiddleware.InvokeAsync(HttpContext context) in D:\Projects\ThucLuc_V2\.sources\backend\src\api\Common\Middleware\GlobalExceptionMiddleware.cs:line 23
2026-04-22 14:07:11.182 +07:00 [INF] HTTP GET /api/v1/dao-tao-hoc-vien => 500 in 20.961 ms CorrelationId=728e9b9ab5af4ff5a84708db82f6e230 UserId=5001
2026-04-22 14:07:11.183 +07:00 [ERR] HTTP GET /api/v1/dao-tao-hoc-vien responded 500 in 22.0261 ms
2026-04-22 14:07:11.184 +07:00 [INF] Request finished HTTP/1.1 GET http://localhost:5283/api/v1/dao-tao-hoc-vien - 500 null application/json 24.0524ms
2026-04-22 14:07:11.186 +07:00 [INF] Request starting HTTP/1.1 GET http://localhost:5283/api/v1/snapshot?kyBaoCaoId=6001 - null null
2026-04-22 14:07:11.188 +07:00 [INF] CORS policy execution successful.
2026-04-22 14:07:11.189 +07:00 [INF] Executing endpoint 'ThucLuc.Api.Controllers.V1.BaoCaoSnapshotController.GetByKy (ThucLuc.Api)'
2026-04-22 14:07:11.189 +07:00 [INF] Route matched with {action = "GetByKy", controller = "BaoCaoSnapshot"}. Executing controller action with signature System.Threading.Tasks.Task`1[Microsoft.AspNetCore.Mvc.ActionResult`1[ThucLuc.Api.Common.Models.ApiResponse`1[System.Collections.Generic.IReadOnlyCollection`1[ThucLuc.Application.Features.BaoCaoSnapshot.BaoCaoSnapshotDto]]]] GetByKy(Int64, System.Threading.CancellationToken) on controller ThucLuc.Api.Controllers.V1.BaoCaoSnapshotController (ThucLuc.Api).
2026-04-22 14:07:11.194 +07:00 [INF] Executing OkObjectResult, writing value of type 'ThucLuc.Api.Common.Models.ApiResponse`1[[System.Collections.Generic.IReadOnlyCollection`1[[ThucLuc.Application.Features.BaoCaoSnapshot.BaoCaoSnapshotDto, ThucLuc.Application, Version=1.0.0.0, Culture=neutral, PublicKeyToken=null]], System.Private.CoreLib, Version=8.0.0.0, Culture=neutral, PublicKeyToken=7cec85d7bea7798e]]'.
2026-04-22 14:07:11.195 +07:00 [INF] Executed action ThucLuc.Api.Controllers.V1.BaoCaoSnapshotController.GetByKy (ThucLuc.Api) in 5.0302ms
2026-04-22 14:07:11.196 +07:00 [INF] Executed endpoint 'ThucLuc.Api.Controllers.V1.BaoCaoSnapshotController.GetByKy (ThucLuc.Api)'
2026-04-22 14:07:11.197 +07:00 [INF] HTTP GET /api/v1/snapshot => 200 in 8.7251 ms CorrelationId=da0cba12a624442b9b9b91dee2f524cf UserId=5001
2026-04-22 14:07:11.198 +07:00 [INF] HTTP GET /api/v1/snapshot responded 200 in 10.1259 ms
2026-04-22 14:07:11.199 +07:00 [INF] Request finished HTTP/1.1 GET http://localhost:5283/api/v1/snapshot?kyBaoCaoId=6001 - 200 null application/json; charset=utf-8 12.5143ms
2026-04-22 14:07:25.714 +07:00 [INF] Request starting HTTP/1.1 OPTIONS http://localhost:5283/api/v1/codes/by-code/NHOM_NANG_LUC_SO - null null
2026-04-22 14:07:25.716 +07:00 [INF] CORS policy execution successful.
2026-04-22 14:07:25.717 +07:00 [INF] HTTP OPTIONS /api/v1/codes/by-code/NHOM_NANG_LUC_SO => 204 in 0.8587 ms CorrelationId=ebde2e19faa14870a7a033e3ec53ac32 UserId=anonymous
2026-04-22 14:07:25.718 +07:00 [INF] HTTP OPTIONS /api/v1/codes/by-code/NHOM_NANG_LUC_SO responded 204 in 2.1199 ms
2026-04-22 14:07:25.721 +07:00 [INF] Request finished HTTP/1.1 OPTIONS http://localhost:5283/api/v1/codes/by-code/NHOM_NANG_LUC_SO - 204 null null 6.2373ms
2026-04-22 14:07:25.723 +07:00 [INF] Request starting HTTP/1.1 GET http://localhost:5283/api/v1/codes/by-code/NHOM_NANG_LUC_SO - null null
2026-04-22 14:07:25.724 +07:00 [INF] CORS policy execution successful.
2026-04-22 14:07:25.725 +07:00 [INF] Executing endpoint 'ThucLuc.Api.Controllers.V1.CodesController.GetByCode (ThucLuc.Api)'
2026-04-22 14:07:25.726 +07:00 [INF] Route matched with {action = "GetByCode", controller = "Codes"}. Executing controller action with signature System.Threading.Tasks.Task`1[Microsoft.AspNetCore.Mvc.ActionResult`1[ThucLuc.Api.Common.Models.ApiResponse`1[ThucLuc.Application.Features.Codes.CodeDto]]] GetByCode(System.String, System.Threading.CancellationToken) on controller ThucLuc.Api.Controllers.V1.CodesController (ThucLuc.Api).
2026-04-22 14:07:25.730 +07:00 [INF] Executing OkObjectResult, writing value of type 'ThucLuc.Api.Common.Models.ApiResponse`1[[ThucLuc.Application.Features.Codes.CodeDto, ThucLuc.Application, Version=1.0.0.0, Culture=neutral, PublicKeyToken=null]]'.
2026-04-22 14:07:25.731 +07:00 [INF] Executed action ThucLuc.Api.Controllers.V1.CodesController.GetByCode (ThucLuc.Api) in 3.5567ms
2026-04-22 14:07:25.732 +07:00 [INF] Executed endpoint 'ThucLuc.Api.Controllers.V1.CodesController.GetByCode (ThucLuc.Api)'
2026-04-22 14:07:25.733 +07:00 [INF] HTTP GET /api/v1/codes/by-code/NHOM_NANG_LUC_SO => 200 in 8.5313 ms CorrelationId=9f887c35a1a24473aca4038c004f649f UserId=5001
2026-04-22 14:07:25.734 +07:00 [INF] HTTP GET /api/v1/codes/by-code/NHOM_NANG_LUC_SO responded 200 in 9.6590 ms
2026-04-22 14:07:25.735 +07:00 [INF] Request finished HTTP/1.1 GET http://localhost:5283/api/v1/codes/by-code/NHOM_NANG_LUC_SO - 200 null application/json; charset=utf-8 11.8999ms
2026-04-22 14:07:25.737 +07:00 [INF] Request starting HTTP/1.1 OPTIONS http://localhost:5283/api/v1/ky-bao-cao - null null
2026-04-22 14:07:25.737 +07:00 [INF] Request starting HTTP/1.1 OPTIONS http://localhost:5283/api/v1/ky-bao-cao/current - null null
2026-04-22 14:07:25.739 +07:00 [INF] CORS policy execution successful.
2026-04-22 14:07:25.740 +07:00 [INF] CORS policy execution successful.
2026-04-22 14:07:25.741 +07:00 [INF] HTTP OPTIONS /api/v1/ky-bao-cao => 204 in 2.1591 ms CorrelationId=43f42c4743114b95a15d535ee7193955 UserId=anonymous
2026-04-22 14:07:25.741 +07:00 [INF] HTTP OPTIONS /api/v1/ky-bao-cao/current => 204 in 1.0728 ms CorrelationId=24e81cbd55b940b18b8289292ac8b6de UserId=anonymous
2026-04-22 14:07:25.743 +07:00 [INF] HTTP OPTIONS /api/v1/ky-bao-cao responded 204 in 4.0356 ms
2026-04-22 14:07:25.744 +07:00 [INF] HTTP OPTIONS /api/v1/ky-bao-cao/current responded 204 in 3.6680 ms
2026-04-22 14:07:25.745 +07:00 [INF] Request finished HTTP/1.1 OPTIONS http://localhost:5283/api/v1/ky-bao-cao - 204 null null 7.9069ms
2026-04-22 14:07:25.746 +07:00 [INF] Request finished HTTP/1.1 OPTIONS http://localhost:5283/api/v1/ky-bao-cao/current - 204 null null 9.1396ms
2026-04-22 14:07:25.748 +07:00 [INF] Request starting HTTP/1.1 GET http://localhost:5283/api/v1/ky-bao-cao - null null
2026-04-22 14:07:25.750 +07:00 [INF] Request starting HTTP/1.1 GET http://localhost:5283/api/v1/ky-bao-cao/current - null null
2026-04-22 14:07:25.752 +07:00 [INF] CORS policy execution successful.
2026-04-22 14:07:25.755 +07:00 [INF] CORS policy execution successful.
2026-04-22 14:07:25.756 +07:00 [INF] Executing endpoint 'ThucLuc.Api.Controllers.V1.KyBaoCaoController.GetAll (ThucLuc.Api)'
2026-04-22 14:07:25.757 +07:00 [INF] Executing endpoint 'ThucLuc.Api.Controllers.V1.KyBaoCaoController.GetCurrent (ThucLuc.Api)'
2026-04-22 14:07:25.758 +07:00 [INF] Route matched with {action = "GetAll", controller = "KyBaoCao"}. Executing controller action with signature System.Threading.Tasks.Task`1[Microsoft.AspNetCore.Mvc.ActionResult`1[ThucLuc.Api.Common.Models.ApiResponse`1[System.Collections.Generic.IReadOnlyCollection`1[ThucLuc.Application.Features.KyBaoCao.KyBaoCaoDto]]]] GetAll(System.Threading.CancellationToken) on controller ThucLuc.Api.Controllers.V1.KyBaoCaoController (ThucLuc.Api).
2026-04-22 14:07:25.759 +07:00 [INF] Route matched with {action = "GetCurrent", controller = "KyBaoCao"}. Executing controller action with signature System.Threading.Tasks.Task`1[Microsoft.AspNetCore.Mvc.ActionResult`1[ThucLuc.Api.Common.Models.ApiResponse`1[ThucLuc.Application.Features.KyBaoCao.KyBaoCaoDto]]] GetCurrent(System.Threading.CancellationToken) on controller ThucLuc.Api.Controllers.V1.KyBaoCaoController (ThucLuc.Api).
2026-04-22 14:07:25.762 +07:00 [INF] Executing OkObjectResult, writing value of type 'ThucLuc.Api.Common.Models.ApiResponse`1[[System.Collections.Generic.IReadOnlyCollection`1[[ThucLuc.Application.Features.KyBaoCao.KyBaoCaoDto, ThucLuc.Application, Version=1.0.0.0, Culture=neutral, PublicKeyToken=null]], System.Private.CoreLib, Version=8.0.0.0, Culture=neutral, PublicKeyToken=7cec85d7bea7798e]]'.
2026-04-22 14:07:25.764 +07:00 [INF] Executing OkObjectResult, writing value of type 'ThucLuc.Api.Common.Models.ApiResponse`1[[ThucLuc.Application.Features.KyBaoCao.KyBaoCaoDto, ThucLuc.Application, Version=1.0.0.0, Culture=neutral, PublicKeyToken=null]]'.
2026-04-22 14:07:25.764 +07:00 [INF] Executed action ThucLuc.Api.Controllers.V1.KyBaoCaoController.GetAll (ThucLuc.Api) in 4.1531ms
2026-04-22 14:07:25.765 +07:00 [INF] Executed action ThucLuc.Api.Controllers.V1.KyBaoCaoController.GetCurrent (ThucLuc.Api) in 3.2524ms
2026-04-22 14:07:25.767 +07:00 [INF] Executed endpoint 'ThucLuc.Api.Controllers.V1.KyBaoCaoController.GetAll (ThucLuc.Api)'
2026-04-22 14:07:25.769 +07:00 [INF] HTTP GET /api/v1/ky-bao-cao => 200 in 16.6718 ms CorrelationId=bed7381950204d499c2fa000e726a31f UserId=5001
2026-04-22 14:07:25.768 +07:00 [INF] Executed endpoint 'ThucLuc.Api.Controllers.V1.KyBaoCaoController.GetCurrent (ThucLuc.Api)'
2026-04-22 14:07:25.771 +07:00 [INF] HTTP GET /api/v1/ky-bao-cao responded 200 in 19.2045 ms
2026-04-22 14:07:25.772 +07:00 [INF] HTTP GET /api/v1/ky-bao-cao/current => 200 in 17.2078 ms CorrelationId=c954a7336e89420daedcba3c2204d9b5 UserId=5001
2026-04-22 14:07:25.774 +07:00 [INF] Request finished HTTP/1.1 GET http://localhost:5283/api/v1/ky-bao-cao - 200 null application/json; charset=utf-8 25.8543ms
2026-04-22 14:07:25.777 +07:00 [INF] HTTP GET /api/v1/ky-bao-cao/current responded 200 in 21.4929 ms
2026-04-22 14:07:25.781 +07:00 [INF] Request finished HTTP/1.1 GET http://localhost:5283/api/v1/ky-bao-cao/current - 200 null application/json; charset=utf-8 31.5254ms
2026-04-22 14:07:25.785 +07:00 [INF] Request starting HTTP/1.1 OPTIONS http://localhost:5283/api/v1/nang-luc-so?kyCode=2026Q1_NHAN_LUC&kyBaoCaoCode=2026Q1_NHAN_LUC&mode=live&nam=2026 - null null
2026-04-22 14:07:25.787 +07:00 [INF] CORS policy execution successful.
2026-04-22 14:07:25.788 +07:00 [INF] HTTP OPTIONS /api/v1/nang-luc-so => 204 in 1.1062 ms CorrelationId=544fc516331f453cb67456907c4ea0f1 UserId=anonymous
2026-04-22 14:07:25.791 +07:00 [INF] HTTP OPTIONS /api/v1/nang-luc-so responded 204 in 3.5704 ms
2026-04-22 14:07:25.793 +07:00 [INF] Request finished HTTP/1.1 OPTIONS http://localhost:5283/api/v1/nang-luc-so?kyCode=2026Q1_NHAN_LUC&kyBaoCaoCode=2026Q1_NHAN_LUC&mode=live&nam=2026 - 204 null null 7.9965ms
2026-04-22 14:07:25.797 +07:00 [INF] Request starting HTTP/1.1 GET http://localhost:5283/api/v1/nang-luc-so?kyCode=2026Q1_NHAN_LUC&kyBaoCaoCode=2026Q1_NHAN_LUC&mode=live&nam=2026 - null null
2026-04-22 14:07:25.799 +07:00 [INF] CORS policy execution successful.
2026-04-22 14:07:25.800 +07:00 [INF] Executing endpoint 'ThucLuc.Api.Controllers.V1.NangLucSoController.GetAll (ThucLuc.Api)'
2026-04-22 14:07:25.804 +07:00 [INF] Route matched with {action = "GetAll", controller = "NangLucSo"}. Executing controller action with signature System.Threading.Tasks.Task`1[Microsoft.AspNetCore.Mvc.ActionResult`1[ThucLuc.Api.Common.Models.ApiResponse`1[System.Collections.Generic.IReadOnlyCollection`1[ThucLuc.Application.Features.NangLucSo.NangLucSoDto]]]] GetAll(ThucLuc.Application.Features.NangLucSo.NangLucSoQuery, System.Threading.CancellationToken) on controller ThucLuc.Api.Controllers.V1.NangLucSoController (ThucLuc.Api).
2026-04-22 14:07:25.817 +07:00 [ERR] 2026-04-22 14:07:25.817050 ThreadID:21  (ERROR)   OracleRelationalCommand.ExecuteReaderAsync() :  Oracle.ManagedDataAccess.Client.OracleException (0x80004005): ORA-00904: "b"."KY_BAO_CAO_CODE": invalid identifier
https://docs.oracle.com/error-help/db/ora-00904/
   at Oracle.ManagedDataAccess.Client.OracleCommand.<>c.<ExecuteDbDataReaderAsync>b__225_0(Task`1 result)
   at System.Threading.Tasks.ContinuationResultTaskFromResultTask`2.InnerInvoke()
   at System.Threading.ExecutionContext.RunInternal(ExecutionContext executionContext, ContextCallback callback, Object state)
--- End of stack trace from previous location ---
   at System.Threading.ExecutionContext.RunInternal(ExecutionContext executionContext, ContextCallback callback, Object state)
   at System.Threading.Tasks.Task.ExecuteWithThreadLocal(Task& currentTaskSlot, Thread threadPoolThread)
--- End of stack trace from previous location ---
   at Oracle.EntityFrameworkCore.Storage.Internal.OracleRelationalCommandBuilderFactory.OracleRelationalCommandBuilder.OracleRelationalCommand.ExecuteReaderAsync(RelationalCommandParameterObject parameterObject, CancellationToken cancellationToken)
2026-04-22 14:07:25.818 +07:00 [ERR] Failed executing DbCommand (4ms) [Parameters=[:filter_KyBaoCaoCode_0='?' (Size = 50)], CommandType='"Text"', CommandTimeout='0']
SELECT "b"."ID", "b"."CREATED_AT", "b"."CREATED_BY", "b"."DELETED_AT", "b"."DON_VI_ID", "b"."GHI_CHU", "b"."IS_LATEST", "b"."KY_BAO_CAO_CODE", "b"."NHOM_VI_TRI", "b"."SNAPSHOT_BATCH_ID", "b"."SNAPSHOT_CREATED_AT", "b"."SNAPSHOT_VERSION", "b"."TONG_SO_CHUA_DAT", "b"."TONG_SO_DAT", "b"."TONG_SO_DIEN_DANH_GIA", "b"."UPDATED_AT", "b"."UPDATED_BY"
FROM "CAND_QLCNTT"."BIZ_NANG_LUC_SO" "b"
WHERE (("b"."DELETED_AT" IS NULL) AND ("b"."KY_BAO_CAO_CODE" = :filter_KyBaoCaoCode_0))
ORDER BY "b"."NHOM_VI_TRI", "b"."UPDATED_AT" DESC, "b"."CREATED_AT" DESC, "b"."ID" DESC
2026-04-22 14:07:25.821 +07:00 [ERR] 2026-04-22 14:07:25.821620 ThreadID:21  (ERROR)   OracleExecutionStrategy.ExecuteAsync() :  Oracle.ManagedDataAccess.Client.OracleException (0x80004005): ORA-00904: "b"."KY_BAO_CAO_CODE": invalid identifier
https://docs.oracle.com/error-help/db/ora-00904/
   at Oracle.ManagedDataAccess.Client.OracleCommand.<>c.<ExecuteDbDataReaderAsync>b__225_0(Task`1 result)
   at System.Threading.Tasks.ContinuationResultTaskFromResultTask`2.InnerInvoke()
   at System.Threading.ExecutionContext.RunInternal(ExecutionContext executionContext, ContextCallback callback, Object state)
--- End of stack trace from previous location ---
   at System.Threading.ExecutionContext.RunInternal(ExecutionContext executionContext, ContextCallback callback, Object state)
   at System.Threading.Tasks.Task.ExecuteWithThreadLocal(Task& currentTaskSlot, Thread threadPoolThread)
--- End of stack trace from previous location ---
   at Oracle.EntityFrameworkCore.Storage.Internal.OracleRelationalCommandBuilderFactory.OracleRelationalCommandBuilder.OracleRelationalCommand.ExecuteReaderAsync(RelationalCommandParameterObject parameterObject, CancellationToken cancellationToken)
   at Oracle.EntityFrameworkCore.Storage.Internal.OracleRelationalCommandBuilderFactory.OracleRelationalCommandBuilder.OracleRelationalCommand.ExecuteReaderAsync(RelationalCommandParameterObject parameterObject, CancellationToken cancellationToken)
   at Oracle.EntityFrameworkCore.Storage.Internal.OracleRelationalCommandBuilderFactory.OracleRelationalCommandBuilder.OracleRelationalCommand.ExecuteReaderAsync(RelationalCommandParameterObject parameterObject, CancellationToken cancellationToken)
   at Microsoft.EntityFrameworkCore.Query.Internal.SingleQueryingEnumerable`1.AsyncEnumerator.InitializeReaderAsync(AsyncEnumerator enumerator, CancellationToken cancellationToken)
   at Oracle.EntityFrameworkCore.Storage.Internal.OracleExecutionStrategy.ExecuteAsync[TState,TResult](TState state, Func`4 operation, Func`4 verifySucceeded, CancellationToken cancellationToken)
2026-04-22 14:07:25.823 +07:00 [ERR] An exception occurred while iterating over the results of a query for context type 'ThucLuc.Infrastructure.Persistence.AppDbContext'.
Oracle.ManagedDataAccess.Client.OracleException (0x80004005): ORA-00904: "b"."KY_BAO_CAO_CODE": invalid identifier
https://docs.oracle.com/error-help/db/ora-00904/
   at Oracle.ManagedDataAccess.Client.OracleCommand.<>c.<ExecuteDbDataReaderAsync>b__225_0(Task`1 result)
   at System.Threading.Tasks.ContinuationResultTaskFromResultTask`2.InnerInvoke()
   at System.Threading.ExecutionContext.RunInternal(ExecutionContext executionContext, ContextCallback callback, Object state)
--- End of stack trace from previous location ---
   at System.Threading.ExecutionContext.RunInternal(ExecutionContext executionContext, ContextCallback callback, Object state)
   at System.Threading.Tasks.Task.ExecuteWithThreadLocal(Task& currentTaskSlot, Thread threadPoolThread)
--- End of stack trace from previous location ---
   at Oracle.EntityFrameworkCore.Storage.Internal.OracleRelationalCommandBuilderFactory.OracleRelationalCommandBuilder.OracleRelationalCommand.ExecuteReaderAsync(RelationalCommandParameterObject parameterObject, CancellationToken cancellationToken)
   at Oracle.EntityFrameworkCore.Storage.Internal.OracleRelationalCommandBuilderFactory.OracleRelationalCommandBuilder.OracleRelationalCommand.ExecuteReaderAsync(RelationalCommandParameterObject parameterObject, CancellationToken cancellationToken)
   at Oracle.EntityFrameworkCore.Storage.Internal.OracleRelationalCommandBuilderFactory.OracleRelationalCommandBuilder.OracleRelationalCommand.ExecuteReaderAsync(RelationalCommandParameterObject parameterObject, CancellationToken cancellationToken)
   at Microsoft.EntityFrameworkCore.Query.Internal.SingleQueryingEnumerable`1.AsyncEnumerator.InitializeReaderAsync(AsyncEnumerator enumerator, CancellationToken cancellationToken)
   at Oracle.EntityFrameworkCore.Storage.Internal.OracleExecutionStrategy.ExecuteAsync[TState,TResult](TState state, Func`4 operation, Func`4 verifySucceeded, CancellationToken cancellationToken)
   at Microsoft.EntityFrameworkCore.Query.Internal.SingleQueryingEnumerable`1.AsyncEnumerator.MoveNextAsync()
Oracle.ManagedDataAccess.Client.OracleException (0x80004005): ORA-00904: "b"."KY_BAO_CAO_CODE": invalid identifier
https://docs.oracle.com/error-help/db/ora-00904/
   at Oracle.ManagedDataAccess.Client.OracleCommand.<>c.<ExecuteDbDataReaderAsync>b__225_0(Task`1 result)
   at System.Threading.Tasks.ContinuationResultTaskFromResultTask`2.InnerInvoke()
   at System.Threading.ExecutionContext.RunInternal(ExecutionContext executionContext, ContextCallback callback, Object state)
--- End of stack trace from previous location ---
   at System.Threading.ExecutionContext.RunInternal(ExecutionContext executionContext, ContextCallback callback, Object state)
   at System.Threading.Tasks.Task.ExecuteWithThreadLocal(Task& currentTaskSlot, Thread threadPoolThread)
--- End of stack trace from previous location ---
   at Oracle.EntityFrameworkCore.Storage.Internal.OracleRelationalCommandBuilderFactory.OracleRelationalCommandBuilder.OracleRelationalCommand.ExecuteReaderAsync(RelationalCommandParameterObject parameterObject, CancellationToken cancellationToken)
   at Oracle.EntityFrameworkCore.Storage.Internal.OracleRelationalCommandBuilderFactory.OracleRelationalCommandBuilder.OracleRelationalCommand.ExecuteReaderAsync(RelationalCommandParameterObject parameterObject, CancellationToken cancellationToken)
   at Oracle.EntityFrameworkCore.Storage.Internal.OracleRelationalCommandBuilderFactory.OracleRelationalCommandBuilder.OracleRelationalCommand.ExecuteReaderAsync(RelationalCommandParameterObject parameterObject, CancellationToken cancellationToken)
   at Microsoft.EntityFrameworkCore.Query.Internal.SingleQueryingEnumerable`1.AsyncEnumerator.InitializeReaderAsync(AsyncEnumerator enumerator, CancellationToken cancellationToken)
   at Oracle.EntityFrameworkCore.Storage.Internal.OracleExecutionStrategy.ExecuteAsync[TState,TResult](TState state, Func`4 operation, Func`4 verifySucceeded, CancellationToken cancellationToken)
   at Microsoft.EntityFrameworkCore.Query.Internal.SingleQueryingEnumerable`1.AsyncEnumerator.MoveNextAsync()
2026-04-22 14:07:25.828 +07:00 [INF] Executed action ThucLuc.Api.Controllers.V1.NangLucSoController.GetAll (ThucLuc.Api) in 22.3209ms
2026-04-22 14:07:25.830 +07:00 [INF] Executed endpoint 'ThucLuc.Api.Controllers.V1.NangLucSoController.GetAll (ThucLuc.Api)'
2026-04-22 14:07:25.831 +07:00 [ERR] Unhandled exception. CorrelationId=dd2da9ee205f4d2fac0c71b6dd9a25ee
Oracle.ManagedDataAccess.Client.OracleException (0x80004005): ORA-00904: "b"."KY_BAO_CAO_CODE": invalid identifier
https://docs.oracle.com/error-help/db/ora-00904/
   at Oracle.ManagedDataAccess.Client.OracleCommand.<>c.<ExecuteDbDataReaderAsync>b__225_0(Task`1 result)
   at System.Threading.Tasks.ContinuationResultTaskFromResultTask`2.InnerInvoke()
   at System.Threading.ExecutionContext.RunInternal(ExecutionContext executionContext, ContextCallback callback, Object state)
--- End of stack trace from previous location ---
   at System.Threading.ExecutionContext.RunInternal(ExecutionContext executionContext, ContextCallback callback, Object state)
   at System.Threading.Tasks.Task.ExecuteWithThreadLocal(Task& currentTaskSlot, Thread threadPoolThread)
--- End of stack trace from previous location ---
   at Oracle.EntityFrameworkCore.Storage.Internal.OracleRelationalCommandBuilderFactory.OracleRelationalCommandBuilder.OracleRelationalCommand.ExecuteReaderAsync(RelationalCommandParameterObject parameterObject, CancellationToken cancellationToken)
   at Oracle.EntityFrameworkCore.Storage.Internal.OracleRelationalCommandBuilderFactory.OracleRelationalCommandBuilder.OracleRelationalCommand.ExecuteReaderAsync(RelationalCommandParameterObject parameterObject, CancellationToken cancellationToken)
   at Oracle.EntityFrameworkCore.Storage.Internal.OracleRelationalCommandBuilderFactory.OracleRelationalCommandBuilder.OracleRelationalCommand.ExecuteReaderAsync(RelationalCommandParameterObject parameterObject, CancellationToken cancellationToken)
   at Microsoft.EntityFrameworkCore.Query.Internal.SingleQueryingEnumerable`1.AsyncEnumerator.InitializeReaderAsync(AsyncEnumerator enumerator, CancellationToken cancellationToken)
   at Oracle.EntityFrameworkCore.Storage.Internal.OracleExecutionStrategy.ExecuteAsync[TState,TResult](TState state, Func`4 operation, Func`4 verifySucceeded, CancellationToken cancellationToken)
   at Microsoft.EntityFrameworkCore.Query.Internal.SingleQueryingEnumerable`1.AsyncEnumerator.MoveNextAsync()
   at Microsoft.EntityFrameworkCore.EntityFrameworkQueryableExtensions.ToListAsync[TSource](IQueryable`1 source, CancellationToken cancellationToken)
   at Microsoft.EntityFrameworkCore.EntityFrameworkQueryableExtensions.ToListAsync[TSource](IQueryable`1 source, CancellationToken cancellationToken)
   at ThucLuc.Application.Features.NangLucSo.NangLucSoService.GetAllAsync(NangLucSoQuery query, CancellationToken cancellationToken) in D:\Projects\ThucLuc_V2\.sources\backend\src\Application\Features\NangLucSo\NangLucSoService.cs:line 56
   at ThucLuc.Api.Controllers.V1.NangLucSoController.GetAll(NangLucSoQuery query, CancellationToken cancellationToken) in D:\Projects\ThucLuc_V2\.sources\backend\src\api\Controllers\V1\NangLucSoController.cs:line 28
   at lambda_method2124(Closure, Object)
   at Microsoft.AspNetCore.Mvc.Infrastructure.ActionMethodExecutor.AwaitableObjectResultExecutor.Execute(ActionContext actionContext, IActionResultTypeMapper mapper, ObjectMethodExecutor executor, Object controller, Object[] arguments)
   at Microsoft.AspNetCore.Mvc.Infrastructure.ControllerActionInvoker.<InvokeActionMethodAsync>g__Awaited|12_0(ControllerActionInvoker invoker, ValueTask`1 actionResultValueTask)
   at Microsoft.AspNetCore.Mvc.Infrastructure.ControllerActionInvoker.<InvokeNextActionFilterAsync>g__Awaited|10_0(ControllerActionInvoker invoker, Task lastTask, State next, Scope scope, Object state, Boolean isCompleted)
   at Microsoft.AspNetCore.Mvc.Infrastructure.ControllerActionInvoker.Rethrow(ActionExecutedContextSealed context)
   at Microsoft.AspNetCore.Mvc.Infrastructure.ControllerActionInvoker.Next(State& next, Scope& scope, Object& state, Boolean& isCompleted)
   at Microsoft.AspNetCore.Mvc.Infrastructure.ControllerActionInvoker.<InvokeInnerFilterAsync>g__Awaited|13_0(ControllerActionInvoker invoker, Task lastTask, State next, Scope scope, Object state, Boolean isCompleted)
   at Microsoft.AspNetCore.Mvc.Infrastructure.ResourceInvoker.<InvokeFilterPipelineAsync>g__Awaited|20_0(ResourceInvoker invoker, Task lastTask, State next, Scope scope, Object state, Boolean isCompleted)
   at Microsoft.AspNetCore.Mvc.Infrastructure.ResourceInvoker.<InvokeAsync>g__Logged|17_1(ResourceInvoker invoker)
   at Microsoft.AspNetCore.Mvc.Infrastructure.ResourceInvoker.<InvokeAsync>g__Logged|17_1(ResourceInvoker invoker)
   at Microsoft.AspNetCore.Routing.EndpointMiddleware.<Invoke>g__AwaitRequestTask|7_0(Endpoint endpoint, Task requestTask, ILogger logger)
   at Microsoft.AspNetCore.Authorization.AuthorizationMiddleware.Invoke(HttpContext context)
   at Microsoft.AspNetCore.Authentication.AuthenticationMiddleware.Invoke(HttpContext context)
   at Swashbuckle.AspNetCore.SwaggerUI.SwaggerUIMiddleware.Invoke(HttpContext httpContext)
   at Swashbuckle.AspNetCore.Swagger.SwaggerMiddleware.Invoke(HttpContext httpContext, ISwaggerProvider swaggerProvider)
   at ThucLuc.Api.Common.Middleware.GlobalExceptionMiddleware.InvokeAsync(HttpContext context) in D:\Projects\ThucLuc_V2\.sources\backend\src\api\Common\Middleware\GlobalExceptionMiddleware.cs:line 23
2026-04-22 14:07:25.841 +07:00 [INF] HTTP GET /api/v1/nang-luc-so => 500 in 42.317 ms CorrelationId=dd2da9ee205f4d2fac0c71b6dd9a25ee UserId=5001
2026-04-22 14:07:25.843 +07:00 [ERR] HTTP GET /api/v1/nang-luc-so responded 500 in 44.5525 ms
2026-04-22 14:07:25.845 +07:00 [INF] Request finished HTTP/1.1 GET http://localhost:5283/api/v1/nang-luc-so?kyCode=2026Q1_NHAN_LUC&kyBaoCaoCode=2026Q1_NHAN_LUC&mode=live&nam=2026 - 500 null application/json 48.7091ms
2026-04-22 14:07:27.989 +07:00 [INF] Request starting HTTP/1.1 GET http://localhost:5283/api/v1/nang-luc-so?kyCode=2026Q1_NHAN_LUC&kyBaoCaoCode=2026Q1_NHAN_LUC&mode=live&nam=2026 - null null
2026-04-22 14:07:27.993 +07:00 [INF] CORS policy execution successful.
2026-04-22 14:07:27.994 +07:00 [INF] Executing endpoint 'ThucLuc.Api.Controllers.V1.NangLucSoController.GetAll (ThucLuc.Api)'
2026-04-22 14:07:27.995 +07:00 [INF] Route matched with {action = "GetAll", controller = "NangLucSo"}. Executing controller action with signature System.Threading.Tasks.Task`1[Microsoft.AspNetCore.Mvc.ActionResult`1[ThucLuc.Api.Common.Models.ApiResponse`1[System.Collections.Generic.IReadOnlyCollection`1[ThucLuc.Application.Features.NangLucSo.NangLucSoDto]]]] GetAll(ThucLuc.Application.Features.NangLucSo.NangLucSoQuery, System.Threading.CancellationToken) on controller ThucLuc.Api.Controllers.V1.NangLucSoController (ThucLuc.Api).
2026-04-22 14:07:28.001 +07:00 [ERR] 2026-04-22 14:07:28.001389 ThreadID:21  (ERROR)   OracleRelationalCommand.ExecuteReaderAsync() :  Oracle.ManagedDataAccess.Client.OracleException (0x80004005): ORA-00904: "b"."KY_BAO_CAO_CODE": invalid identifier
https://docs.oracle.com/error-help/db/ora-00904/
   at Oracle.ManagedDataAccess.Client.OracleCommand.<>c.<ExecuteDbDataReaderAsync>b__225_0(Task`1 result)
   at System.Threading.Tasks.ContinuationResultTaskFromResultTask`2.InnerInvoke()
   at System.Threading.ExecutionContext.RunInternal(ExecutionContext executionContext, ContextCallback callback, Object state)
--- End of stack trace from previous location ---
   at System.Threading.ExecutionContext.RunInternal(ExecutionContext executionContext, ContextCallback callback, Object state)
   at System.Threading.Tasks.Task.ExecuteWithThreadLocal(Task& currentTaskSlot, Thread threadPoolThread)
--- End of stack trace from previous location ---
   at Oracle.EntityFrameworkCore.Storage.Internal.OracleRelationalCommandBuilderFactory.OracleRelationalCommandBuilder.OracleRelationalCommand.ExecuteReaderAsync(RelationalCommandParameterObject parameterObject, CancellationToken cancellationToken)
2026-04-22 14:07:28.002 +07:00 [ERR] Failed executing DbCommand (3ms) [Parameters=[:filter_KyBaoCaoCode_0='?' (Size = 50)], CommandType='"Text"', CommandTimeout='0']
SELECT "b"."ID", "b"."CREATED_AT", "b"."CREATED_BY", "b"."DELETED_AT", "b"."DON_VI_ID", "b"."GHI_CHU", "b"."IS_LATEST", "b"."KY_BAO_CAO_CODE", "b"."NHOM_VI_TRI", "b"."SNAPSHOT_BATCH_ID", "b"."SNAPSHOT_CREATED_AT", "b"."SNAPSHOT_VERSION", "b"."TONG_SO_CHUA_DAT", "b"."TONG_SO_DAT", "b"."TONG_SO_DIEN_DANH_GIA", "b"."UPDATED_AT", "b"."UPDATED_BY"
FROM "CAND_QLCNTT"."BIZ_NANG_LUC_SO" "b"
WHERE (("b"."DELETED_AT" IS NULL) AND ("b"."KY_BAO_CAO_CODE" = :filter_KyBaoCaoCode_0))
ORDER BY "b"."NHOM_VI_TRI", "b"."UPDATED_AT" DESC, "b"."CREATED_AT" DESC, "b"."ID" DESC
2026-04-22 14:07:28.004 +07:00 [ERR] 2026-04-22 14:07:28.004120 ThreadID:21  (ERROR)   OracleExecutionStrategy.ExecuteAsync() :  Oracle.ManagedDataAccess.Client.OracleException (0x80004005): ORA-00904: "b"."KY_BAO_CAO_CODE": invalid identifier
https://docs.oracle.com/error-help/db/ora-00904/
   at Oracle.ManagedDataAccess.Client.OracleCommand.<>c.<ExecuteDbDataReaderAsync>b__225_0(Task`1 result)
   at System.Threading.Tasks.ContinuationResultTaskFromResultTask`2.InnerInvoke()
   at System.Threading.ExecutionContext.RunInternal(ExecutionContext executionContext, ContextCallback callback, Object state)
--- End of stack trace from previous location ---
   at System.Threading.ExecutionContext.RunInternal(ExecutionContext executionContext, ContextCallback callback, Object state)
   at System.Threading.Tasks.Task.ExecuteWithThreadLocal(Task& currentTaskSlot, Thread threadPoolThread)
--- End of stack trace from previous location ---
   at Oracle.EntityFrameworkCore.Storage.Internal.OracleRelationalCommandBuilderFactory.OracleRelationalCommandBuilder.OracleRelationalCommand.ExecuteReaderAsync(RelationalCommandParameterObject parameterObject, CancellationToken cancellationToken)
   at Oracle.EntityFrameworkCore.Storage.Internal.OracleRelationalCommandBuilderFactory.OracleRelationalCommandBuilder.OracleRelationalCommand.ExecuteReaderAsync(RelationalCommandParameterObject parameterObject, CancellationToken cancellationToken)
   at Oracle.EntityFrameworkCore.Storage.Internal.OracleRelationalCommandBuilderFactory.OracleRelationalCommandBuilder.OracleRelationalCommand.ExecuteReaderAsync(RelationalCommandParameterObject parameterObject, CancellationToken cancellationToken)
   at Microsoft.EntityFrameworkCore.Query.Internal.SingleQueryingEnumerable`1.AsyncEnumerator.InitializeReaderAsync(AsyncEnumerator enumerator, CancellationToken cancellationToken)
   at Oracle.EntityFrameworkCore.Storage.Internal.OracleExecutionStrategy.ExecuteAsync[TState,TResult](TState state, Func`4 operation, Func`4 verifySucceeded, CancellationToken cancellationToken)
2026-04-22 14:07:28.005 +07:00 [ERR] An exception occurred while iterating over the results of a query for context type 'ThucLuc.Infrastructure.Persistence.AppDbContext'.
Oracle.ManagedDataAccess.Client.OracleException (0x80004005): ORA-00904: "b"."KY_BAO_CAO_CODE": invalid identifier
https://docs.oracle.com/error-help/db/ora-00904/
   at Oracle.ManagedDataAccess.Client.OracleCommand.<>c.<ExecuteDbDataReaderAsync>b__225_0(Task`1 result)
   at System.Threading.Tasks.ContinuationResultTaskFromResultTask`2.InnerInvoke()
   at System.Threading.ExecutionContext.RunInternal(ExecutionContext executionContext, ContextCallback callback, Object state)
--- End of stack trace from previous location ---
   at System.Threading.ExecutionContext.RunInternal(ExecutionContext executionContext, ContextCallback callback, Object state)
   at System.Threading.Tasks.Task.ExecuteWithThreadLocal(Task& currentTaskSlot, Thread threadPoolThread)
--- End of stack trace from previous location ---
   at Oracle.EntityFrameworkCore.Storage.Internal.OracleRelationalCommandBuilderFactory.OracleRelationalCommandBuilder.OracleRelationalCommand.ExecuteReaderAsync(RelationalCommandParameterObject parameterObject, CancellationToken cancellationToken)
   at Oracle.EntityFrameworkCore.Storage.Internal.OracleRelationalCommandBuilderFactory.OracleRelationalCommandBuilder.OracleRelationalCommand.ExecuteReaderAsync(RelationalCommandParameterObject parameterObject, CancellationToken cancellationToken)
   at Oracle.EntityFrameworkCore.Storage.Internal.OracleRelationalCommandBuilderFactory.OracleRelationalCommandBuilder.OracleRelationalCommand.ExecuteReaderAsync(RelationalCommandParameterObject parameterObject, CancellationToken cancellationToken)
   at Microsoft.EntityFrameworkCore.Query.Internal.SingleQueryingEnumerable`1.AsyncEnumerator.InitializeReaderAsync(AsyncEnumerator enumerator, CancellationToken cancellationToken)
   at Oracle.EntityFrameworkCore.Storage.Internal.OracleExecutionStrategy.ExecuteAsync[TState,TResult](TState state, Func`4 operation, Func`4 verifySucceeded, CancellationToken cancellationToken)
   at Microsoft.EntityFrameworkCore.Query.Internal.SingleQueryingEnumerable`1.AsyncEnumerator.MoveNextAsync()
Oracle.ManagedDataAccess.Client.OracleException (0x80004005): ORA-00904: "b"."KY_BAO_CAO_CODE": invalid identifier
https://docs.oracle.com/error-help/db/ora-00904/
   at Oracle.ManagedDataAccess.Client.OracleCommand.<>c.<ExecuteDbDataReaderAsync>b__225_0(Task`1 result)
   at System.Threading.Tasks.ContinuationResultTaskFromResultTask`2.InnerInvoke()
   at System.Threading.ExecutionContext.RunInternal(ExecutionContext executionContext, ContextCallback callback, Object state)
--- End of stack trace from previous location ---
   at System.Threading.ExecutionContext.RunInternal(ExecutionContext executionContext, ContextCallback callback, Object state)
   at System.Threading.Tasks.Task.ExecuteWithThreadLocal(Task& currentTaskSlot, Thread threadPoolThread)
--- End of stack trace from previous location ---
   at Oracle.EntityFrameworkCore.Storage.Internal.OracleRelationalCommandBuilderFactory.OracleRelationalCommandBuilder.OracleRelationalCommand.ExecuteReaderAsync(RelationalCommandParameterObject parameterObject, CancellationToken cancellationToken)
   at Oracle.EntityFrameworkCore.Storage.Internal.OracleRelationalCommandBuilderFactory.OracleRelationalCommandBuilder.OracleRelationalCommand.ExecuteReaderAsync(RelationalCommandParameterObject parameterObject, CancellationToken cancellationToken)
   at Oracle.EntityFrameworkCore.Storage.Internal.OracleRelationalCommandBuilderFactory.OracleRelationalCommandBuilder.OracleRelationalCommand.ExecuteReaderAsync(RelationalCommandParameterObject parameterObject, CancellationToken cancellationToken)
   at Microsoft.EntityFrameworkCore.Query.Internal.SingleQueryingEnumerable`1.AsyncEnumerator.InitializeReaderAsync(AsyncEnumerator enumerator, CancellationToken cancellationToken)
   at Oracle.EntityFrameworkCore.Storage.Internal.OracleExecutionStrategy.ExecuteAsync[TState,TResult](TState state, Func`4 operation, Func`4 verifySucceeded, CancellationToken cancellationToken)
   at Microsoft.EntityFrameworkCore.Query.Internal.SingleQueryingEnumerable`1.AsyncEnumerator.MoveNextAsync()
2026-04-22 14:07:28.009 +07:00 [INF] Executed action ThucLuc.Api.Controllers.V1.NangLucSoController.GetAll (ThucLuc.Api) in 11.7732ms
2026-04-22 14:07:28.010 +07:00 [INF] Executed endpoint 'ThucLuc.Api.Controllers.V1.NangLucSoController.GetAll (ThucLuc.Api)'
2026-04-22 14:07:28.010 +07:00 [ERR] Unhandled exception. CorrelationId=a618eac6507745f2a317ab79ead5ac58
Oracle.ManagedDataAccess.Client.OracleException (0x80004005): ORA-00904: "b"."KY_BAO_CAO_CODE": invalid identifier
https://docs.oracle.com/error-help/db/ora-00904/
   at Oracle.ManagedDataAccess.Client.OracleCommand.<>c.<ExecuteDbDataReaderAsync>b__225_0(Task`1 result)
   at System.Threading.Tasks.ContinuationResultTaskFromResultTask`2.InnerInvoke()
   at System.Threading.ExecutionContext.RunInternal(ExecutionContext executionContext, ContextCallback callback, Object state)
--- End of stack trace from previous location ---
   at System.Threading.ExecutionContext.RunInternal(ExecutionContext executionContext, ContextCallback callback, Object state)
   at System.Threading.Tasks.Task.ExecuteWithThreadLocal(Task& currentTaskSlot, Thread threadPoolThread)
--- End of stack trace from previous location ---
   at Oracle.EntityFrameworkCore.Storage.Internal.OracleRelationalCommandBuilderFactory.OracleRelationalCommandBuilder.OracleRelationalCommand.ExecuteReaderAsync(RelationalCommandParameterObject parameterObject, CancellationToken cancellationToken)
   at Oracle.EntityFrameworkCore.Storage.Internal.OracleRelationalCommandBuilderFactory.OracleRelationalCommandBuilder.OracleRelationalCommand.ExecuteReaderAsync(RelationalCommandParameterObject parameterObject, CancellationToken cancellationToken)
   at Oracle.EntityFrameworkCore.Storage.Internal.OracleRelationalCommandBuilderFactory.OracleRelationalCommandBuilder.OracleRelationalCommand.ExecuteReaderAsync(RelationalCommandParameterObject parameterObject, CancellationToken cancellationToken)
   at Microsoft.EntityFrameworkCore.Query.Internal.SingleQueryingEnumerable`1.AsyncEnumerator.InitializeReaderAsync(AsyncEnumerator enumerator, CancellationToken cancellationToken)
   at Oracle.EntityFrameworkCore.Storage.Internal.OracleExecutionStrategy.ExecuteAsync[TState,TResult](TState state, Func`4 operation, Func`4 verifySucceeded, CancellationToken cancellationToken)
   at Microsoft.EntityFrameworkCore.Query.Internal.SingleQueryingEnumerable`1.AsyncEnumerator.MoveNextAsync()
   at Microsoft.EntityFrameworkCore.EntityFrameworkQueryableExtensions.ToListAsync[TSource](IQueryable`1 source, CancellationToken cancellationToken)
   at Microsoft.EntityFrameworkCore.EntityFrameworkQueryableExtensions.ToListAsync[TSource](IQueryable`1 source, CancellationToken cancellationToken)
   at ThucLuc.Application.Features.NangLucSo.NangLucSoService.GetAllAsync(NangLucSoQuery query, CancellationToken cancellationToken) in D:\Projects\ThucLuc_V2\.sources\backend\src\Application\Features\NangLucSo\NangLucSoService.cs:line 56
   at ThucLuc.Api.Controllers.V1.NangLucSoController.GetAll(NangLucSoQuery query, CancellationToken cancellationToken) in D:\Projects\ThucLuc_V2\.sources\backend\src\api\Controllers\V1\NangLucSoController.cs:line 28
   at lambda_method2124(Closure, Object)
   at Microsoft.AspNetCore.Mvc.Infrastructure.ActionMethodExecutor.AwaitableObjectResultExecutor.Execute(ActionContext actionContext, IActionResultTypeMapper mapper, ObjectMethodExecutor executor, Object controller, Object[] arguments)
   at Microsoft.AspNetCore.Mvc.Infrastructure.ControllerActionInvoker.<InvokeActionMethodAsync>g__Awaited|12_0(ControllerActionInvoker invoker, ValueTask`1 actionResultValueTask)
   at Microsoft.AspNetCore.Mvc.Infrastructure.ControllerActionInvoker.<InvokeNextActionFilterAsync>g__Awaited|10_0(ControllerActionInvoker invoker, Task lastTask, State next, Scope scope, Object state, Boolean isCompleted)
   at Microsoft.AspNetCore.Mvc.Infrastructure.ControllerActionInvoker.Rethrow(ActionExecutedContextSealed context)
   at Microsoft.AspNetCore.Mvc.Infrastructure.ControllerActionInvoker.Next(State& next, Scope& scope, Object& state, Boolean& isCompleted)
   at Microsoft.AspNetCore.Mvc.Infrastructure.ControllerActionInvoker.<InvokeInnerFilterAsync>g__Awaited|13_0(ControllerActionInvoker invoker, Task lastTask, State next, Scope scope, Object state, Boolean isCompleted)
   at Microsoft.AspNetCore.Mvc.Infrastructure.ResourceInvoker.<InvokeFilterPipelineAsync>g__Awaited|20_0(ResourceInvoker invoker, Task lastTask, State next, Scope scope, Object state, Boolean isCompleted)
   at Microsoft.AspNetCore.Mvc.Infrastructure.ResourceInvoker.<InvokeAsync>g__Logged|17_1(ResourceInvoker invoker)
   at Microsoft.AspNetCore.Mvc.Infrastructure.ResourceInvoker.<InvokeAsync>g__Logged|17_1(ResourceInvoker invoker)
   at Microsoft.AspNetCore.Routing.EndpointMiddleware.<Invoke>g__AwaitRequestTask|7_0(Endpoint endpoint, Task requestTask, ILogger logger)
   at Microsoft.AspNetCore.Authorization.AuthorizationMiddleware.Invoke(HttpContext context)
   at Microsoft.AspNetCore.Authentication.AuthenticationMiddleware.Invoke(HttpContext context)
   at Swashbuckle.AspNetCore.SwaggerUI.SwaggerUIMiddleware.Invoke(HttpContext httpContext)
   at Swashbuckle.AspNetCore.Swagger.SwaggerMiddleware.Invoke(HttpContext httpContext, ISwaggerProvider swaggerProvider)
   at ThucLuc.Api.Common.Middleware.GlobalExceptionMiddleware.InvokeAsync(HttpContext context) in D:\Projects\ThucLuc_V2\.sources\backend\src\api\Common\Middleware\GlobalExceptionMiddleware.cs:line 23
2026-04-22 14:07:28.016 +07:00 [INF] HTTP GET /api/v1/nang-luc-so => 500 in 23.3959 ms CorrelationId=a618eac6507745f2a317ab79ead5ac58 UserId=5001
2026-04-22 14:07:28.017 +07:00 [ERR] HTTP GET /api/v1/nang-luc-so responded 500 in 24.7287 ms
2026-04-22 14:07:28.018 +07:00 [INF] Request finished HTTP/1.1 GET http://localhost:5283/api/v1/nang-luc-so?kyCode=2026Q1_NHAN_LUC&kyBaoCaoCode=2026Q1_NHAN_LUC&mode=live&nam=2026 - 500 null application/json 28.8936ms
2026-04-22 14:07:29.655 +07:00 [INF] Request starting HTTP/1.1 OPTIONS http://localhost:5283/api/v1/nang-luc-so?kyCode=2025_CAMERA&kyBaoCaoCode=2025_CAMERA&mode=live&nam=2025 - null null
2026-04-22 14:07:29.657 +07:00 [INF] CORS policy execution successful.
2026-04-22 14:07:29.658 +07:00 [INF] HTTP OPTIONS /api/v1/nang-luc-so => 204 in 0.6363 ms CorrelationId=7ea66f3f558e4e368f7a6caaade8250e UserId=anonymous
2026-04-22 14:07:29.659 +07:00 [INF] HTTP OPTIONS /api/v1/nang-luc-so responded 204 in 1.7757 ms
2026-04-22 14:07:29.660 +07:00 [INF] Request finished HTTP/1.1 OPTIONS http://localhost:5283/api/v1/nang-luc-so?kyCode=2025_CAMERA&kyBaoCaoCode=2025_CAMERA&mode=live&nam=2025 - 204 null null 4.9252ms
2026-04-22 14:07:29.663 +07:00 [INF] Request starting HTTP/1.1 GET http://localhost:5283/api/v1/nang-luc-so?kyCode=2025_CAMERA&kyBaoCaoCode=2025_CAMERA&mode=live&nam=2025 - null null
2026-04-22 14:07:29.664 +07:00 [INF] CORS policy execution successful.
2026-04-22 14:07:29.665 +07:00 [INF] Executing endpoint 'ThucLuc.Api.Controllers.V1.NangLucSoController.GetAll (ThucLuc.Api)'
2026-04-22 14:07:29.665 +07:00 [INF] Route matched with {action = "GetAll", controller = "NangLucSo"}. Executing controller action with signature System.Threading.Tasks.Task`1[Microsoft.AspNetCore.Mvc.ActionResult`1[ThucLuc.Api.Common.Models.ApiResponse`1[System.Collections.Generic.IReadOnlyCollection`1[ThucLuc.Application.Features.NangLucSo.NangLucSoDto]]]] GetAll(ThucLuc.Application.Features.NangLucSo.NangLucSoQuery, System.Threading.CancellationToken) on controller ThucLuc.Api.Controllers.V1.NangLucSoController (ThucLuc.Api).
2026-04-22 14:07:29.671 +07:00 [ERR] 2026-04-22 14:07:29.671812 ThreadID:20  (ERROR)   OracleRelationalCommand.ExecuteReaderAsync() :  Oracle.ManagedDataAccess.Client.OracleException (0x80004005): ORA-00904: "b"."KY_BAO_CAO_CODE": invalid identifier
https://docs.oracle.com/error-help/db/ora-00904/
   at Oracle.ManagedDataAccess.Client.OracleCommand.<>c.<ExecuteDbDataReaderAsync>b__225_0(Task`1 result)
   at System.Threading.Tasks.ContinuationResultTaskFromResultTask`2.InnerInvoke()
   at System.Threading.ExecutionContext.RunInternal(ExecutionContext executionContext, ContextCallback callback, Object state)
--- End of stack trace from previous location ---
   at System.Threading.ExecutionContext.RunInternal(ExecutionContext executionContext, ContextCallback callback, Object state)
   at System.Threading.Tasks.Task.ExecuteWithThreadLocal(Task& currentTaskSlot, Thread threadPoolThread)
--- End of stack trace from previous location ---
   at Oracle.EntityFrameworkCore.Storage.Internal.OracleRelationalCommandBuilderFactory.OracleRelationalCommandBuilder.OracleRelationalCommand.ExecuteReaderAsync(RelationalCommandParameterObject parameterObject, CancellationToken cancellationToken)
2026-04-22 14:07:29.677 +07:00 [ERR] Failed executing DbCommand (8ms) [Parameters=[:filter_KyBaoCaoCode_0='?' (Size = 50)], CommandType='"Text"', CommandTimeout='0']
SELECT "b"."ID", "b"."CREATED_AT", "b"."CREATED_BY", "b"."DELETED_AT", "b"."DON_VI_ID", "b"."GHI_CHU", "b"."IS_LATEST", "b"."KY_BAO_CAO_CODE", "b"."NHOM_VI_TRI", "b"."SNAPSHOT_BATCH_ID", "b"."SNAPSHOT_CREATED_AT", "b"."SNAPSHOT_VERSION", "b"."TONG_SO_CHUA_DAT", "b"."TONG_SO_DAT", "b"."TONG_SO_DIEN_DANH_GIA", "b"."UPDATED_AT", "b"."UPDATED_BY"
FROM "CAND_QLCNTT"."BIZ_NANG_LUC_SO" "b"
WHERE (("b"."DELETED_AT" IS NULL) AND ("b"."KY_BAO_CAO_CODE" = :filter_KyBaoCaoCode_0))
ORDER BY "b"."NHOM_VI_TRI", "b"."UPDATED_AT" DESC, "b"."CREATED_AT" DESC, "b"."ID" DESC
2026-04-22 14:07:29.682 +07:00 [ERR] 2026-04-22 14:07:29.682147 ThreadID:20  (ERROR)   OracleExecutionStrategy.ExecuteAsync() :  Oracle.ManagedDataAccess.Client.OracleException (0x80004005): ORA-00904: "b"."KY_BAO_CAO_CODE": invalid identifier
https://docs.oracle.com/error-help/db/ora-00904/
   at Oracle.ManagedDataAccess.Client.OracleCommand.<>c.<ExecuteDbDataReaderAsync>b__225_0(Task`1 result)
   at System.Threading.Tasks.ContinuationResultTaskFromResultTask`2.InnerInvoke()
   at System.Threading.ExecutionContext.RunInternal(ExecutionContext executionContext, ContextCallback callback, Object state)
--- End of stack trace from previous location ---
   at System.Threading.ExecutionContext.RunInternal(ExecutionContext executionContext, ContextCallback callback, Object state)
   at System.Threading.Tasks.Task.ExecuteWithThreadLocal(Task& currentTaskSlot, Thread threadPoolThread)
--- End of stack trace from previous location ---
   at Oracle.EntityFrameworkCore.Storage.Internal.OracleRelationalCommandBuilderFactory.OracleRelationalCommandBuilder.OracleRelationalCommand.ExecuteReaderAsync(RelationalCommandParameterObject parameterObject, CancellationToken cancellationToken)
   at Oracle.EntityFrameworkCore.Storage.Internal.OracleRelationalCommandBuilderFactory.OracleRelationalCommandBuilder.OracleRelationalCommand.ExecuteReaderAsync(RelationalCommandParameterObject parameterObject, CancellationToken cancellationToken)
   at Oracle.EntityFrameworkCore.Storage.Internal.OracleRelationalCommandBuilderFactory.OracleRelationalCommandBuilder.OracleRelationalCommand.ExecuteReaderAsync(RelationalCommandParameterObject parameterObject, CancellationToken cancellationToken)
   at Microsoft.EntityFrameworkCore.Query.Internal.SingleQueryingEnumerable`1.AsyncEnumerator.InitializeReaderAsync(AsyncEnumerator enumerator, CancellationToken cancellationToken)
   at Oracle.EntityFrameworkCore.Storage.Internal.OracleExecutionStrategy.ExecuteAsync[TState,TResult](TState state, Func`4 operation, Func`4 verifySucceeded, CancellationToken cancellationToken)
2026-04-22 14:07:29.683 +07:00 [ERR] An exception occurred while iterating over the results of a query for context type 'ThucLuc.Infrastructure.Persistence.AppDbContext'.
Oracle.ManagedDataAccess.Client.OracleException (0x80004005): ORA-00904: "b"."KY_BAO_CAO_CODE": invalid identifier
https://docs.oracle.com/error-help/db/ora-00904/
   at Oracle.ManagedDataAccess.Client.OracleCommand.<>c.<ExecuteDbDataReaderAsync>b__225_0(Task`1 result)
   at System.Threading.Tasks.ContinuationResultTaskFromResultTask`2.InnerInvoke()
   at System.Threading.ExecutionContext.RunInternal(ExecutionContext executionContext, ContextCallback callback, Object state)
--- End of stack trace from previous location ---
   at System.Threading.ExecutionContext.RunInternal(ExecutionContext executionContext, ContextCallback callback, Object state)
   at System.Threading.Tasks.Task.ExecuteWithThreadLocal(Task& currentTaskSlot, Thread threadPoolThread)
--- End of stack trace from previous location ---
   at Oracle.EntityFrameworkCore.Storage.Internal.OracleRelationalCommandBuilderFactory.OracleRelationalCommandBuilder.OracleRelationalCommand.ExecuteReaderAsync(RelationalCommandParameterObject parameterObject, CancellationToken cancellationToken)
   at Oracle.EntityFrameworkCore.Storage.Internal.OracleRelationalCommandBuilderFactory.OracleRelationalCommandBuilder.OracleRelationalCommand.ExecuteReaderAsync(RelationalCommandParameterObject parameterObject, CancellationToken cancellationToken)
   at Oracle.EntityFrameworkCore.Storage.Internal.OracleRelationalCommandBuilderFactory.OracleRelationalCommandBuilder.OracleRelationalCommand.ExecuteReaderAsync(RelationalCommandParameterObject parameterObject, CancellationToken cancellationToken)
   at Microsoft.EntityFrameworkCore.Query.Internal.SingleQueryingEnumerable`1.AsyncEnumerator.InitializeReaderAsync(AsyncEnumerator enumerator, CancellationToken cancellationToken)
   at Oracle.EntityFrameworkCore.Storage.Internal.OracleExecutionStrategy.ExecuteAsync[TState,TResult](TState state, Func`4 operation, Func`4 verifySucceeded, CancellationToken cancellationToken)
   at Microsoft.EntityFrameworkCore.Query.Internal.SingleQueryingEnumerable`1.AsyncEnumerator.MoveNextAsync()
Oracle.ManagedDataAccess.Client.OracleException (0x80004005): ORA-00904: "b"."KY_BAO_CAO_CODE": invalid identifier
https://docs.oracle.com/error-help/db/ora-00904/
   at Oracle.ManagedDataAccess.Client.OracleCommand.<>c.<ExecuteDbDataReaderAsync>b__225_0(Task`1 result)
   at System.Threading.Tasks.ContinuationResultTaskFromResultTask`2.InnerInvoke()
   at System.Threading.ExecutionContext.RunInternal(ExecutionContext executionContext, ContextCallback callback, Object state)
--- End of stack trace from previous location ---
   at System.Threading.ExecutionContext.RunInternal(ExecutionContext executionContext, ContextCallback callback, Object state)
   at System.Threading.Tasks.Task.ExecuteWithThreadLocal(Task& currentTaskSlot, Thread threadPoolThread)
--- End of stack trace from previous location ---
   at Oracle.EntityFrameworkCore.Storage.Internal.OracleRelationalCommandBuilderFactory.OracleRelationalCommandBuilder.OracleRelationalCommand.ExecuteReaderAsync(RelationalCommandParameterObject parameterObject, CancellationToken cancellationToken)
   at Oracle.EntityFrameworkCore.Storage.Internal.OracleRelationalCommandBuilderFactory.OracleRelationalCommandBuilder.OracleRelationalCommand.ExecuteReaderAsync(RelationalCommandParameterObject parameterObject, CancellationToken cancellationToken)
   at Oracle.EntityFrameworkCore.Storage.Internal.OracleRelationalCommandBuilderFactory.OracleRelationalCommandBuilder.OracleRelationalCommand.ExecuteReaderAsync(RelationalCommandParameterObject parameterObject, CancellationToken cancellationToken)
   at Microsoft.EntityFrameworkCore.Query.Internal.SingleQueryingEnumerable`1.AsyncEnumerator.InitializeReaderAsync(AsyncEnumerator enumerator, CancellationToken cancellationToken)
   at Oracle.EntityFrameworkCore.Storage.Internal.OracleExecutionStrategy.ExecuteAsync[TState,TResult](TState state, Func`4 operation, Func`4 verifySucceeded, CancellationToken cancellationToken)
   at Microsoft.EntityFrameworkCore.Query.Internal.SingleQueryingEnumerable`1.AsyncEnumerator.MoveNextAsync()
2026-04-22 14:07:29.688 +07:00 [INF] Executed action ThucLuc.Api.Controllers.V1.NangLucSoController.GetAll (ThucLuc.Api) in 21.4796ms
2026-04-22 14:07:29.689 +07:00 [INF] Executed endpoint 'ThucLuc.Api.Controllers.V1.NangLucSoController.GetAll (ThucLuc.Api)'
2026-04-22 14:07:29.690 +07:00 [ERR] Unhandled exception. CorrelationId=ea85478f76ac48819be9611a81daaef9
Oracle.ManagedDataAccess.Client.OracleException (0x80004005): ORA-00904: "b"."KY_BAO_CAO_CODE": invalid identifier
https://docs.oracle.com/error-help/db/ora-00904/
   at Oracle.ManagedDataAccess.Client.OracleCommand.<>c.<ExecuteDbDataReaderAsync>b__225_0(Task`1 result)
   at System.Threading.Tasks.ContinuationResultTaskFromResultTask`2.InnerInvoke()
   at System.Threading.ExecutionContext.RunInternal(ExecutionContext executionContext, ContextCallback callback, Object state)
--- End of stack trace from previous location ---
   at System.Threading.ExecutionContext.RunInternal(ExecutionContext executionContext, ContextCallback callback, Object state)
   at System.Threading.Tasks.Task.ExecuteWithThreadLocal(Task& currentTaskSlot, Thread threadPoolThread)
--- End of stack trace from previous location ---
   at Oracle.EntityFrameworkCore.Storage.Internal.OracleRelationalCommandBuilderFactory.OracleRelationalCommandBuilder.OracleRelationalCommand.ExecuteReaderAsync(RelationalCommandParameterObject parameterObject, CancellationToken cancellationToken)
   at Oracle.EntityFrameworkCore.Storage.Internal.OracleRelationalCommandBuilderFactory.OracleRelationalCommandBuilder.OracleRelationalCommand.ExecuteReaderAsync(RelationalCommandParameterObject parameterObject, CancellationToken cancellationToken)
   at Oracle.EntityFrameworkCore.Storage.Internal.OracleRelationalCommandBuilderFactory.OracleRelationalCommandBuilder.OracleRelationalCommand.ExecuteReaderAsync(RelationalCommandParameterObject parameterObject, CancellationToken cancellationToken)
   at Microsoft.EntityFrameworkCore.Query.Internal.SingleQueryingEnumerable`1.AsyncEnumerator.InitializeReaderAsync(AsyncEnumerator enumerator, CancellationToken cancellationToken)
   at Oracle.EntityFrameworkCore.Storage.Internal.OracleExecutionStrategy.ExecuteAsync[TState,TResult](TState state, Func`4 operation, Func`4 verifySucceeded, CancellationToken cancellationToken)
   at Microsoft.EntityFrameworkCore.Query.Internal.SingleQueryingEnumerable`1.AsyncEnumerator.MoveNextAsync()
   at Microsoft.EntityFrameworkCore.EntityFrameworkQueryableExtensions.ToListAsync[TSource](IQueryable`1 source, CancellationToken cancellationToken)
   at Microsoft.EntityFrameworkCore.EntityFrameworkQueryableExtensions.ToListAsync[TSource](IQueryable`1 source, CancellationToken cancellationToken)
   at ThucLuc.Application.Features.NangLucSo.NangLucSoService.GetAllAsync(NangLucSoQuery query, CancellationToken cancellationToken) in D:\Projects\ThucLuc_V2\.sources\backend\src\Application\Features\NangLucSo\NangLucSoService.cs:line 56
   at ThucLuc.Api.Controllers.V1.NangLucSoController.GetAll(NangLucSoQuery query, CancellationToken cancellationToken) in D:\Projects\ThucLuc_V2\.sources\backend\src\api\Controllers\V1\NangLucSoController.cs:line 28
   at lambda_method2124(Closure, Object)
   at Microsoft.AspNetCore.Mvc.Infrastructure.ActionMethodExecutor.AwaitableObjectResultExecutor.Execute(ActionContext actionContext, IActionResultTypeMapper mapper, ObjectMethodExecutor executor, Object controller, Object[] arguments)
   at Microsoft.AspNetCore.Mvc.Infrastructure.ControllerActionInvoker.<InvokeActionMethodAsync>g__Awaited|12_0(ControllerActionInvoker invoker, ValueTask`1 actionResultValueTask)
   at Microsoft.AspNetCore.Mvc.Infrastructure.ControllerActionInvoker.<InvokeNextActionFilterAsync>g__Awaited|10_0(ControllerActionInvoker invoker, Task lastTask, State next, Scope scope, Object state, Boolean isCompleted)
   at Microsoft.AspNetCore.Mvc.Infrastructure.ControllerActionInvoker.Rethrow(ActionExecutedContextSealed context)
   at Microsoft.AspNetCore.Mvc.Infrastructure.ControllerActionInvoker.Next(State& next, Scope& scope, Object& state, Boolean& isCompleted)
   at Microsoft.AspNetCore.Mvc.Infrastructure.ControllerActionInvoker.<InvokeInnerFilterAsync>g__Awaited|13_0(ControllerActionInvoker invoker, Task lastTask, State next, Scope scope, Object state, Boolean isCompleted)
   at Microsoft.AspNetCore.Mvc.Infrastructure.ResourceInvoker.<InvokeFilterPipelineAsync>g__Awaited|20_0(ResourceInvoker invoker, Task lastTask, State next, Scope scope, Object state, Boolean isCompleted)
   at Microsoft.AspNetCore.Mvc.Infrastructure.ResourceInvoker.<InvokeAsync>g__Logged|17_1(ResourceInvoker invoker)
   at Microsoft.AspNetCore.Mvc.Infrastructure.ResourceInvoker.<InvokeAsync>g__Logged|17_1(ResourceInvoker invoker)
   at Microsoft.AspNetCore.Routing.EndpointMiddleware.<Invoke>g__AwaitRequestTask|7_0(Endpoint endpoint, Task requestTask, ILogger logger)
   at Microsoft.AspNetCore.Authorization.AuthorizationMiddleware.Invoke(HttpContext context)
   at Microsoft.AspNetCore.Authentication.AuthenticationMiddleware.Invoke(HttpContext context)
   at Swashbuckle.AspNetCore.SwaggerUI.SwaggerUIMiddleware.Invoke(HttpContext httpContext)
   at Swashbuckle.AspNetCore.Swagger.SwaggerMiddleware.Invoke(HttpContext httpContext, ISwaggerProvider swaggerProvider)
   at ThucLuc.Api.Common.Middleware.GlobalExceptionMiddleware.InvokeAsync(HttpContext context) in D:\Projects\ThucLuc_V2\.sources\backend\src\api\Common\Middleware\GlobalExceptionMiddleware.cs:line 23
2026-04-22 14:07:29.697 +07:00 [INF] HTTP GET /api/v1/nang-luc-so => 500 in 32.4289 ms CorrelationId=ea85478f76ac48819be9611a81daaef9 UserId=5001
2026-04-22 14:07:29.698 +07:00 [ERR] HTTP GET /api/v1/nang-luc-so responded 500 in 33.8314 ms
2026-04-22 14:07:29.699 +07:00 [INF] Request finished HTTP/1.1 GET http://localhost:5283/api/v1/nang-luc-so?kyCode=2025_CAMERA&kyBaoCaoCode=2025_CAMERA&mode=live&nam=2025 - 500 null application/json 36.7006ms
2026-04-22 14:07:30.937 +07:00 [INF] Request starting HTTP/1.1 OPTIONS http://localhost:5283/api/v1/nang-luc-so?kyCode=2025Q4_ATTT&kyBaoCaoCode=2025Q4_ATTT&mode=live&nam=2025 - null null
2026-04-22 14:07:30.938 +07:00 [INF] CORS policy execution successful.
2026-04-22 14:07:30.939 +07:00 [INF] HTTP OPTIONS /api/v1/nang-luc-so => 204 in 0.5211 ms CorrelationId=093306b78d7a4eb1b612b974f7eb5307 UserId=anonymous
2026-04-22 14:07:30.940 +07:00 [INF] HTTP OPTIONS /api/v1/nang-luc-so responded 204 in 1.8882 ms
2026-04-22 14:07:30.941 +07:00 [INF] Request finished HTTP/1.1 OPTIONS http://localhost:5283/api/v1/nang-luc-so?kyCode=2025Q4_ATTT&kyBaoCaoCode=2025Q4_ATTT&mode=live&nam=2025 - 204 null null 4.1444ms
2026-04-22 14:07:30.943 +07:00 [INF] Request starting HTTP/1.1 GET http://localhost:5283/api/v1/nang-luc-so?kyCode=2025Q4_ATTT&kyBaoCaoCode=2025Q4_ATTT&mode=live&nam=2025 - null null
2026-04-22 14:07:30.945 +07:00 [INF] CORS policy execution successful.
2026-04-22 14:07:30.945 +07:00 [INF] Executing endpoint 'ThucLuc.Api.Controllers.V1.NangLucSoController.GetAll (ThucLuc.Api)'
2026-04-22 14:07:30.946 +07:00 [INF] Route matched with {action = "GetAll", controller = "NangLucSo"}. Executing controller action with signature System.Threading.Tasks.Task`1[Microsoft.AspNetCore.Mvc.ActionResult`1[ThucLuc.Api.Common.Models.ApiResponse`1[System.Collections.Generic.IReadOnlyCollection`1[ThucLuc.Application.Features.NangLucSo.NangLucSoDto]]]] GetAll(ThucLuc.Application.Features.NangLucSo.NangLucSoQuery, System.Threading.CancellationToken) on controller ThucLuc.Api.Controllers.V1.NangLucSoController (ThucLuc.Api).
2026-04-22 14:07:30.951 +07:00 [ERR] 2026-04-22 14:07:30.951768 ThreadID:19  (ERROR)   OracleRelationalCommand.ExecuteReaderAsync() :  Oracle.ManagedDataAccess.Client.OracleException (0x80004005): ORA-00904: "b"."KY_BAO_CAO_CODE": invalid identifier
https://docs.oracle.com/error-help/db/ora-00904/
   at Oracle.ManagedDataAccess.Client.OracleCommand.<>c.<ExecuteDbDataReaderAsync>b__225_0(Task`1 result)
   at System.Threading.Tasks.ContinuationResultTaskFromResultTask`2.InnerInvoke()
   at System.Threading.ExecutionContext.RunInternal(ExecutionContext executionContext, ContextCallback callback, Object state)
--- End of stack trace from previous location ---
   at System.Threading.ExecutionContext.RunInternal(ExecutionContext executionContext, ContextCallback callback, Object state)
   at System.Threading.Tasks.Task.ExecuteWithThreadLocal(Task& currentTaskSlot, Thread threadPoolThread)
--- End of stack trace from previous location ---
   at Oracle.EntityFrameworkCore.Storage.Internal.OracleRelationalCommandBuilderFactory.OracleRelationalCommandBuilder.OracleRelationalCommand.ExecuteReaderAsync(RelationalCommandParameterObject parameterObject, CancellationToken cancellationToken)
2026-04-22 14:07:30.953 +07:00 [ERR] Failed executing DbCommand (4ms) [Parameters=[:filter_KyBaoCaoCode_0='?' (Size = 50)], CommandType='"Text"', CommandTimeout='0']
SELECT "b"."ID", "b"."CREATED_AT", "b"."CREATED_BY", "b"."DELETED_AT", "b"."DON_VI_ID", "b"."GHI_CHU", "b"."IS_LATEST", "b"."KY_BAO_CAO_CODE", "b"."NHOM_VI_TRI", "b"."SNAPSHOT_BATCH_ID", "b"."SNAPSHOT_CREATED_AT", "b"."SNAPSHOT_VERSION", "b"."TONG_SO_CHUA_DAT", "b"."TONG_SO_DAT", "b"."TONG_SO_DIEN_DANH_GIA", "b"."UPDATED_AT", "b"."UPDATED_BY"
FROM "CAND_QLCNTT"."BIZ_NANG_LUC_SO" "b"
WHERE (("b"."DELETED_AT" IS NULL) AND ("b"."KY_BAO_CAO_CODE" = :filter_KyBaoCaoCode_0))
ORDER BY "b"."NHOM_VI_TRI", "b"."UPDATED_AT" DESC, "b"."CREATED_AT" DESC, "b"."ID" DESC
2026-04-22 14:07:30.955 +07:00 [ERR] 2026-04-22 14:07:30.955314 ThreadID:19  (ERROR)   OracleExecutionStrategy.ExecuteAsync() :  Oracle.ManagedDataAccess.Client.OracleException (0x80004005): ORA-00904: "b"."KY_BAO_CAO_CODE": invalid identifier
https://docs.oracle.com/error-help/db/ora-00904/
   at Oracle.ManagedDataAccess.Client.OracleCommand.<>c.<ExecuteDbDataReaderAsync>b__225_0(Task`1 result)
   at System.Threading.Tasks.ContinuationResultTaskFromResultTask`2.InnerInvoke()
   at System.Threading.ExecutionContext.RunInternal(ExecutionContext executionContext, ContextCallback callback, Object state)
--- End of stack trace from previous location ---
   at System.Threading.ExecutionContext.RunInternal(ExecutionContext executionContext, ContextCallback callback, Object state)
   at System.Threading.Tasks.Task.ExecuteWithThreadLocal(Task& currentTaskSlot, Thread threadPoolThread)
--- End of stack trace from previous location ---
   at Oracle.EntityFrameworkCore.Storage.Internal.OracleRelationalCommandBuilderFactory.OracleRelationalCommandBuilder.OracleRelationalCommand.ExecuteReaderAsync(RelationalCommandParameterObject parameterObject, CancellationToken cancellationToken)
   at Oracle.EntityFrameworkCore.Storage.Internal.OracleRelationalCommandBuilderFactory.OracleRelationalCommandBuilder.OracleRelationalCommand.ExecuteReaderAsync(RelationalCommandParameterObject parameterObject, CancellationToken cancellationToken)
   at Oracle.EntityFrameworkCore.Storage.Internal.OracleRelationalCommandBuilderFactory.OracleRelationalCommandBuilder.OracleRelationalCommand.ExecuteReaderAsync(RelationalCommandParameterObject parameterObject, CancellationToken cancellationToken)
   at Microsoft.EntityFrameworkCore.Query.Internal.SingleQueryingEnumerable`1.AsyncEnumerator.InitializeReaderAsync(AsyncEnumerator enumerator, CancellationToken cancellationToken)
   at Oracle.EntityFrameworkCore.Storage.Internal.OracleExecutionStrategy.ExecuteAsync[TState,TResult](TState state, Func`4 operation, Func`4 verifySucceeded, CancellationToken cancellationToken)
2026-04-22 14:07:30.956 +07:00 [ERR] An exception occurred while iterating over the results of a query for context type 'ThucLuc.Infrastructure.Persistence.AppDbContext'.
Oracle.ManagedDataAccess.Client.OracleException (0x80004005): ORA-00904: "b"."KY_BAO_CAO_CODE": invalid identifier
https://docs.oracle.com/error-help/db/ora-00904/
   at Oracle.ManagedDataAccess.Client.OracleCommand.<>c.<ExecuteDbDataReaderAsync>b__225_0(Task`1 result)
   at System.Threading.Tasks.ContinuationResultTaskFromResultTask`2.InnerInvoke()
   at System.Threading.ExecutionContext.RunInternal(ExecutionContext executionContext, ContextCallback callback, Object state)
--- End of stack trace from previous location ---
   at System.Threading.ExecutionContext.RunInternal(ExecutionContext executionContext, ContextCallback callback, Object state)
   at System.Threading.Tasks.Task.ExecuteWithThreadLocal(Task& currentTaskSlot, Thread threadPoolThread)
--- End of stack trace from previous location ---
   at Oracle.EntityFrameworkCore.Storage.Internal.OracleRelationalCommandBuilderFactory.OracleRelationalCommandBuilder.OracleRelationalCommand.ExecuteReaderAsync(RelationalCommandParameterObject parameterObject, CancellationToken cancellationToken)
   at Oracle.EntityFrameworkCore.Storage.Internal.OracleRelationalCommandBuilderFactory.OracleRelationalCommandBuilder.OracleRelationalCommand.ExecuteReaderAsync(RelationalCommandParameterObject parameterObject, CancellationToken cancellationToken)
   at Oracle.EntityFrameworkCore.Storage.Internal.OracleRelationalCommandBuilderFactory.OracleRelationalCommandBuilder.OracleRelationalCommand.ExecuteReaderAsync(RelationalCommandParameterObject parameterObject, CancellationToken cancellationToken)
   at Microsoft.EntityFrameworkCore.Query.Internal.SingleQueryingEnumerable`1.AsyncEnumerator.InitializeReaderAsync(AsyncEnumerator enumerator, CancellationToken cancellationToken)
   at Oracle.EntityFrameworkCore.Storage.Internal.OracleExecutionStrategy.ExecuteAsync[TState,TResult](TState state, Func`4 operation, Func`4 verifySucceeded, CancellationToken cancellationToken)
   at Microsoft.EntityFrameworkCore.Query.Internal.SingleQueryingEnumerable`1.AsyncEnumerator.MoveNextAsync()
Oracle.ManagedDataAccess.Client.OracleException (0x80004005): ORA-00904: "b"."KY_BAO_CAO_CODE": invalid identifier
https://docs.oracle.com/error-help/db/ora-00904/
   at Oracle.ManagedDataAccess.Client.OracleCommand.<>c.<ExecuteDbDataReaderAsync>b__225_0(Task`1 result)
   at System.Threading.Tasks.ContinuationResultTaskFromResultTask`2.InnerInvoke()
   at System.Threading.ExecutionContext.RunInternal(ExecutionContext executionContext, ContextCallback callback, Object state)
--- End of stack trace from previous location ---
   at System.Threading.ExecutionContext.RunInternal(ExecutionContext executionContext, ContextCallback callback, Object state)
   at System.Threading.Tasks.Task.ExecuteWithThreadLocal(Task& currentTaskSlot, Thread threadPoolThread)
--- End of stack trace from previous location ---
   at Oracle.EntityFrameworkCore.Storage.Internal.OracleRelationalCommandBuilderFactory.OracleRelationalCommandBuilder.OracleRelationalCommand.ExecuteReaderAsync(RelationalCommandParameterObject parameterObject, CancellationToken cancellationToken)
   at Oracle.EntityFrameworkCore.Storage.Internal.OracleRelationalCommandBuilderFactory.OracleRelationalCommandBuilder.OracleRelationalCommand.ExecuteReaderAsync(RelationalCommandParameterObject parameterObject, CancellationToken cancellationToken)
   at Oracle.EntityFrameworkCore.Storage.Internal.OracleRelationalCommandBuilderFactory.OracleRelationalCommandBuilder.OracleRelationalCommand.ExecuteReaderAsync(RelationalCommandParameterObject parameterObject, CancellationToken cancellationToken)
   at Microsoft.EntityFrameworkCore.Query.Internal.SingleQueryingEnumerable`1.AsyncEnumerator.InitializeReaderAsync(AsyncEnumerator enumerator, CancellationToken cancellationToken)
   at Oracle.EntityFrameworkCore.Storage.Internal.OracleExecutionStrategy.ExecuteAsync[TState,TResult](TState state, Func`4 operation, Func`4 verifySucceeded, CancellationToken cancellationToken)
   at Microsoft.EntityFrameworkCore.Query.Internal.SingleQueryingEnumerable`1.AsyncEnumerator.MoveNextAsync()
2026-04-22 14:07:30.959 +07:00 [INF] Executed action ThucLuc.Api.Controllers.V1.NangLucSoController.GetAll (ThucLuc.Api) in 11.1346ms
2026-04-22 14:07:30.960 +07:00 [INF] Executed endpoint 'ThucLuc.Api.Controllers.V1.NangLucSoController.GetAll (ThucLuc.Api)'
2026-04-22 14:07:30.960 +07:00 [ERR] Unhandled exception. CorrelationId=c4bb45ab5fcc421fab824c7868285fc8
Oracle.ManagedDataAccess.Client.OracleException (0x80004005): ORA-00904: "b"."KY_BAO_CAO_CODE": invalid identifier
https://docs.oracle.com/error-help/db/ora-00904/
   at Oracle.ManagedDataAccess.Client.OracleCommand.<>c.<ExecuteDbDataReaderAsync>b__225_0(Task`1 result)
   at System.Threading.Tasks.ContinuationResultTaskFromResultTask`2.InnerInvoke()
   at System.Threading.ExecutionContext.RunInternal(ExecutionContext executionContext, ContextCallback callback, Object state)
--- End of stack trace from previous location ---
   at System.Threading.ExecutionContext.RunInternal(ExecutionContext executionContext, ContextCallback callback, Object state)
   at System.Threading.Tasks.Task.ExecuteWithThreadLocal(Task& currentTaskSlot, Thread threadPoolThread)
--- End of stack trace from previous location ---
   at Oracle.EntityFrameworkCore.Storage.Internal.OracleRelationalCommandBuilderFactory.OracleRelationalCommandBuilder.OracleRelationalCommand.ExecuteReaderAsync(RelationalCommandParameterObject parameterObject, CancellationToken cancellationToken)
   at Oracle.EntityFrameworkCore.Storage.Internal.OracleRelationalCommandBuilderFactory.OracleRelationalCommandBuilder.OracleRelationalCommand.ExecuteReaderAsync(RelationalCommandParameterObject parameterObject, CancellationToken cancellationToken)
   at Oracle.EntityFrameworkCore.Storage.Internal.OracleRelationalCommandBuilderFactory.OracleRelationalCommandBuilder.OracleRelationalCommand.ExecuteReaderAsync(RelationalCommandParameterObject parameterObject, CancellationToken cancellationToken)
   at Microsoft.EntityFrameworkCore.Query.Internal.SingleQueryingEnumerable`1.AsyncEnumerator.InitializeReaderAsync(AsyncEnumerator enumerator, CancellationToken cancellationToken)
   at Oracle.EntityFrameworkCore.Storage.Internal.OracleExecutionStrategy.ExecuteAsync[TState,TResult](TState state, Func`4 operation, Func`4 verifySucceeded, CancellationToken cancellationToken)
   at Microsoft.EntityFrameworkCore.Query.Internal.SingleQueryingEnumerable`1.AsyncEnumerator.MoveNextAsync()
   at Microsoft.EntityFrameworkCore.EntityFrameworkQueryableExtensions.ToListAsync[TSource](IQueryable`1 source, CancellationToken cancellationToken)
   at Microsoft.EntityFrameworkCore.EntityFrameworkQueryableExtensions.ToListAsync[TSource](IQueryable`1 source, CancellationToken cancellationToken)
   at ThucLuc.Application.Features.NangLucSo.NangLucSoService.GetAllAsync(NangLucSoQuery query, CancellationToken cancellationToken) in D:\Projects\ThucLuc_V2\.sources\backend\src\Application\Features\NangLucSo\NangLucSoService.cs:line 56
   at ThucLuc.Api.Controllers.V1.NangLucSoController.GetAll(NangLucSoQuery query, CancellationToken cancellationToken) in D:\Projects\ThucLuc_V2\.sources\backend\src\api\Controllers\V1\NangLucSoController.cs:line 28
   at lambda_method2124(Closure, Object)
   at Microsoft.AspNetCore.Mvc.Infrastructure.ActionMethodExecutor.AwaitableObjectResultExecutor.Execute(ActionContext actionContext, IActionResultTypeMapper mapper, ObjectMethodExecutor executor, Object controller, Object[] arguments)
   at Microsoft.AspNetCore.Mvc.Infrastructure.ControllerActionInvoker.<InvokeActionMethodAsync>g__Awaited|12_0(ControllerActionInvoker invoker, ValueTask`1 actionResultValueTask)
   at Microsoft.AspNetCore.Mvc.Infrastructure.ControllerActionInvoker.<InvokeNextActionFilterAsync>g__Awaited|10_0(ControllerActionInvoker invoker, Task lastTask, State next, Scope scope, Object state, Boolean isCompleted)
   at Microsoft.AspNetCore.Mvc.Infrastructure.ControllerActionInvoker.Rethrow(ActionExecutedContextSealed context)
   at Microsoft.AspNetCore.Mvc.Infrastructure.ControllerActionInvoker.Next(State& next, Scope& scope, Object& state, Boolean& isCompleted)
   at Microsoft.AspNetCore.Mvc.Infrastructure.ControllerActionInvoker.<InvokeInnerFilterAsync>g__Awaited|13_0(ControllerActionInvoker invoker, Task lastTask, State next, Scope scope, Object state, Boolean isCompleted)
   at Microsoft.AspNetCore.Mvc.Infrastructure.ResourceInvoker.<InvokeFilterPipelineAsync>g__Awaited|20_0(ResourceInvoker invoker, Task lastTask, State next, Scope scope, Object state, Boolean isCompleted)
   at Microsoft.AspNetCore.Mvc.Infrastructure.ResourceInvoker.<InvokeAsync>g__Logged|17_1(ResourceInvoker invoker)
   at Microsoft.AspNetCore.Mvc.Infrastructure.ResourceInvoker.<InvokeAsync>g__Logged|17_1(ResourceInvoker invoker)
   at Microsoft.AspNetCore.Routing.EndpointMiddleware.<Invoke>g__AwaitRequestTask|7_0(Endpoint endpoint, Task requestTask, ILogger logger)
   at Microsoft.AspNetCore.Authorization.AuthorizationMiddleware.Invoke(HttpContext context)
   at Microsoft.AspNetCore.Authentication.AuthenticationMiddleware.Invoke(HttpContext context)
   at Swashbuckle.AspNetCore.SwaggerUI.SwaggerUIMiddleware.Invoke(HttpContext httpContext)
   at Swashbuckle.AspNetCore.Swagger.SwaggerMiddleware.Invoke(HttpContext httpContext, ISwaggerProvider swaggerProvider)
   at ThucLuc.Api.Common.Middleware.GlobalExceptionMiddleware.InvokeAsync(HttpContext context) in D:\Projects\ThucLuc_V2\.sources\backend\src\api\Common\Middleware\GlobalExceptionMiddleware.cs:line 23
2026-04-22 14:07:30.965 +07:00 [INF] HTTP GET /api/v1/nang-luc-so => 500 in 20.5773 ms CorrelationId=c4bb45ab5fcc421fab824c7868285fc8 UserId=5001
2026-04-22 14:07:30.966 +07:00 [ERR] HTTP GET /api/v1/nang-luc-so responded 500 in 21.7083 ms
2026-04-22 14:07:30.967 +07:00 [INF] Request finished HTTP/1.1 GET http://localhost:5283/api/v1/nang-luc-so?kyCode=2025Q4_ATTT&kyBaoCaoCode=2025Q4_ATTT&mode=live&nam=2025 - 500 null application/json 23.9545ms
2026-04-22 14:07:51.525 +07:00 [INF] Request starting HTTP/1.1 OPTIONS http://localhost:5283/api/v1/codes/by-code/NOI_DUNG_DAO_TAO_HV - null null
2026-04-22 14:07:51.527 +07:00 [INF] CORS policy execution successful.
2026-04-22 14:07:51.528 +07:00 [INF] HTTP OPTIONS /api/v1/codes/by-code/NOI_DUNG_DAO_TAO_HV => 204 in 1.3638 ms CorrelationId=c442419231074e5a97e949bc37428705 UserId=anonymous
2026-04-22 14:07:51.531 +07:00 [INF] HTTP OPTIONS /api/v1/codes/by-code/NOI_DUNG_DAO_TAO_HV responded 204 in 3.5815 ms
2026-04-22 14:07:51.532 +07:00 [INF] Request finished HTTP/1.1 OPTIONS http://localhost:5283/api/v1/codes/by-code/NOI_DUNG_DAO_TAO_HV - 204 null null 7.3755ms
2026-04-22 14:07:51.535 +07:00 [INF] Request starting HTTP/1.1 GET http://localhost:5283/api/v1/codes/by-code/NOI_DUNG_DAO_TAO_HV - null null
2026-04-22 14:07:51.538 +07:00 [INF] CORS policy execution successful.
2026-04-22 14:07:51.539 +07:00 [INF] Executing endpoint 'ThucLuc.Api.Controllers.V1.CodesController.GetByCode (ThucLuc.Api)'
2026-04-22 14:07:51.539 +07:00 [INF] Route matched with {action = "GetByCode", controller = "Codes"}. Executing controller action with signature System.Threading.Tasks.Task`1[Microsoft.AspNetCore.Mvc.ActionResult`1[ThucLuc.Api.Common.Models.ApiResponse`1[ThucLuc.Application.Features.Codes.CodeDto]]] GetByCode(System.String, System.Threading.CancellationToken) on controller ThucLuc.Api.Controllers.V1.CodesController (ThucLuc.Api).
2026-04-22 14:07:51.543 +07:00 [INF] Executing OkObjectResult, writing value of type 'ThucLuc.Api.Common.Models.ApiResponse`1[[ThucLuc.Application.Features.Codes.CodeDto, ThucLuc.Application, Version=1.0.0.0, Culture=neutral, PublicKeyToken=null]]'.
2026-04-22 14:07:51.544 +07:00 [INF] Executed action ThucLuc.Api.Controllers.V1.CodesController.GetByCode (ThucLuc.Api) in 3.0192ms
2026-04-22 14:07:51.544 +07:00 [INF] Executed endpoint 'ThucLuc.Api.Controllers.V1.CodesController.GetByCode (ThucLuc.Api)'
2026-04-22 14:07:51.545 +07:00 [INF] HTTP GET /api/v1/codes/by-code/NOI_DUNG_DAO_TAO_HV => 200 in 7.1919 ms CorrelationId=b9c89626e16e4f478035ee375dd46aaf UserId=5001
2026-04-22 14:07:51.546 +07:00 [INF] HTTP GET /api/v1/codes/by-code/NOI_DUNG_DAO_TAO_HV responded 200 in 8.2513 ms
2026-04-22 14:07:51.547 +07:00 [INF] Request finished HTTP/1.1 GET http://localhost:5283/api/v1/codes/by-code/NOI_DUNG_DAO_TAO_HV - 200 null application/json; charset=utf-8 11.5328ms
2026-04-22 14:07:51.549 +07:00 [INF] Request starting HTTP/1.1 OPTIONS http://localhost:5283/api/v1/ky-bao-cao - null null
2026-04-22 14:07:51.550 +07:00 [INF] Request starting HTTP/1.1 OPTIONS http://localhost:5283/api/v1/ky-bao-cao/current - null null
2026-04-22 14:07:51.551 +07:00 [INF] CORS policy execution successful.
2026-04-22 14:07:51.554 +07:00 [INF] CORS policy execution successful.
2026-04-22 14:07:51.554 +07:00 [INF] HTTP OPTIONS /api/v1/ky-bao-cao => 204 in 2.9257 ms CorrelationId=5ef3a91e37844bcc9b71562978153698 UserId=anonymous
2026-04-22 14:07:51.555 +07:00 [INF] HTTP OPTIONS /api/v1/ky-bao-cao/current => 204 in 0.7764 ms CorrelationId=ca985ae2d0454a6093e4c605e68341c2 UserId=anonymous
2026-04-22 14:07:51.556 +07:00 [INF] HTTP OPTIONS /api/v1/ky-bao-cao responded 204 in 4.5068 ms
2026-04-22 14:07:51.557 +07:00 [INF] HTTP OPTIONS /api/v1/ky-bao-cao/current responded 204 in 2.9141 ms
2026-04-22 14:07:51.558 +07:00 [INF] Request finished HTTP/1.1 OPTIONS http://localhost:5283/api/v1/ky-bao-cao - 204 null null 8.5715ms
2026-04-22 14:07:51.559 +07:00 [INF] Request finished HTTP/1.1 OPTIONS http://localhost:5283/api/v1/ky-bao-cao/current - 204 null null 9.4654ms
2026-04-22 14:07:51.562 +07:00 [INF] Request starting HTTP/1.1 GET http://localhost:5283/api/v1/ky-bao-cao/current - null null
2026-04-22 14:07:51.564 +07:00 [INF] Request starting HTTP/1.1 GET http://localhost:5283/api/v1/ky-bao-cao - null null
2026-04-22 14:07:51.567 +07:00 [INF] CORS policy execution successful.
2026-04-22 14:07:51.571 +07:00 [INF] CORS policy execution successful.
2026-04-22 14:07:51.572 +07:00 [INF] Executing endpoint 'ThucLuc.Api.Controllers.V1.KyBaoCaoController.GetCurrent (ThucLuc.Api)'
2026-04-22 14:07:51.573 +07:00 [INF] Executing endpoint 'ThucLuc.Api.Controllers.V1.KyBaoCaoController.GetAll (ThucLuc.Api)'
2026-04-22 14:07:51.575 +07:00 [INF] Route matched with {action = "GetCurrent", controller = "KyBaoCao"}. Executing controller action with signature System.Threading.Tasks.Task`1[Microsoft.AspNetCore.Mvc.ActionResult`1[ThucLuc.Api.Common.Models.ApiResponse`1[ThucLuc.Application.Features.KyBaoCao.KyBaoCaoDto]]] GetCurrent(System.Threading.CancellationToken) on controller ThucLuc.Api.Controllers.V1.KyBaoCaoController (ThucLuc.Api).
2026-04-22 14:07:51.577 +07:00 [INF] Route matched with {action = "GetAll", controller = "KyBaoCao"}. Executing controller action with signature System.Threading.Tasks.Task`1[Microsoft.AspNetCore.Mvc.ActionResult`1[ThucLuc.Api.Common.Models.ApiResponse`1[System.Collections.Generic.IReadOnlyCollection`1[ThucLuc.Application.Features.KyBaoCao.KyBaoCaoDto]]]] GetAll(System.Threading.CancellationToken) on controller ThucLuc.Api.Controllers.V1.KyBaoCaoController (ThucLuc.Api).
2026-04-22 14:07:51.582 +07:00 [INF] Executing OkObjectResult, writing value of type 'ThucLuc.Api.Common.Models.ApiResponse`1[[ThucLuc.Application.Features.KyBaoCao.KyBaoCaoDto, ThucLuc.Application, Version=1.0.0.0, Culture=neutral, PublicKeyToken=null]]'.
2026-04-22 14:07:51.584 +07:00 [INF] Executed action ThucLuc.Api.Controllers.V1.KyBaoCaoController.GetCurrent (ThucLuc.Api) in 4.3225ms
2026-04-22 14:07:51.584 +07:00 [INF] Executing OkObjectResult, writing value of type 'ThucLuc.Api.Common.Models.ApiResponse`1[[System.Collections.Generic.IReadOnlyCollection`1[[ThucLuc.Application.Features.KyBaoCao.KyBaoCaoDto, ThucLuc.Application, Version=1.0.0.0, Culture=neutral, PublicKeyToken=null]], System.Private.CoreLib, Version=8.0.0.0, Culture=neutral, PublicKeyToken=7cec85d7bea7798e]]'.
2026-04-22 14:07:51.586 +07:00 [INF] Executed endpoint 'ThucLuc.Api.Controllers.V1.KyBaoCaoController.GetCurrent (ThucLuc.Api)'
2026-04-22 14:07:51.588 +07:00 [INF] Executed action ThucLuc.Api.Controllers.V1.KyBaoCaoController.GetAll (ThucLuc.Api) in 6.1667ms
2026-04-22 14:07:51.589 +07:00 [INF] HTTP GET /api/v1/ky-bao-cao/current => 200 in 22.4031 ms CorrelationId=10e7cfc67dfe41aba52c0900604f4f74 UserId=5001
2026-04-22 14:07:51.591 +07:00 [INF] Executed endpoint 'ThucLuc.Api.Controllers.V1.KyBaoCaoController.GetAll (ThucLuc.Api)'
2026-04-22 14:07:51.592 +07:00 [INF] HTTP GET /api/v1/ky-bao-cao/current responded 200 in 25.5476 ms
2026-04-22 14:07:51.594 +07:00 [INF] HTTP GET /api/v1/ky-bao-cao => 200 in 22.8908 ms CorrelationId=deaf8079851c4d1397c5ed2fade8a161 UserId=5001
2026-04-22 14:07:51.596 +07:00 [INF] Request finished HTTP/1.1 GET http://localhost:5283/api/v1/ky-bao-cao/current - 200 null application/json; charset=utf-8 33.3347ms
2026-04-22 14:07:51.598 +07:00 [INF] HTTP GET /api/v1/ky-bao-cao responded 200 in 27.6602 ms
2026-04-22 14:07:51.603 +07:00 [INF] Request finished HTTP/1.1 GET http://localhost:5283/api/v1/ky-bao-cao - 200 null application/json; charset=utf-8 39.1637ms
2026-04-22 14:07:51.606 +07:00 [INF] Request starting HTTP/1.1 OPTIONS http://localhost:5283/api/v1/dao-tao-hoc-vien - null null
2026-04-22 14:07:51.609 +07:00 [INF] CORS policy execution successful.
2026-04-22 14:07:51.610 +07:00 [INF] HTTP OPTIONS /api/v1/dao-tao-hoc-vien => 204 in 1.0065 ms CorrelationId=9485c50be1e5439393236151c7ff8f5e UserId=anonymous
2026-04-22 14:07:51.612 +07:00 [INF] HTTP OPTIONS /api/v1/dao-tao-hoc-vien responded 204 in 2.7501 ms
2026-04-22 14:07:51.613 +07:00 [INF] Request finished HTTP/1.1 OPTIONS http://localhost:5283/api/v1/dao-tao-hoc-vien - 204 null null 6.8369ms
2026-04-22 14:07:51.617 +07:00 [INF] Request starting HTTP/1.1 GET http://localhost:5283/api/v1/dao-tao-hoc-vien - null null
2026-04-22 14:07:51.619 +07:00 [INF] CORS policy execution successful.
2026-04-22 14:07:51.621 +07:00 [INF] Executing endpoint 'ThucLuc.Api.Controllers.V1.DaoTaoHocVienController.GetAll (ThucLuc.Api)'
2026-04-22 14:07:51.623 +07:00 [INF] Route matched with {action = "GetAll", controller = "DaoTaoHocVien"}. Executing controller action with signature System.Threading.Tasks.Task`1[Microsoft.AspNetCore.Mvc.ActionResult`1[ThucLuc.Api.Common.Models.ApiResponse`1[System.Collections.Generic.IReadOnlyCollection`1[ThucLuc.Application.Features.DaoTaoHocVien.DaoTaoHocVienDto]]]] GetAll(ThucLuc.Application.Features.DaoTaoHocVien.DaoTaoHocVienQuery, System.Threading.CancellationToken) on controller ThucLuc.Api.Controllers.V1.DaoTaoHocVienController (ThucLuc.Api).
2026-04-22 14:07:51.628 +07:00 [ERR] 2026-04-22 14:07:51.628709 ThreadID:24  (ERROR)   OracleRelationalCommand.ExecuteReaderAsync() :  Oracle.ManagedDataAccess.Client.OracleException (0x80004005): ORA-00904: "b"."IS_LATEST": invalid identifier
https://docs.oracle.com/error-help/db/ora-00904/
   at Oracle.ManagedDataAccess.Client.OracleCommand.<>c.<ExecuteDbDataReaderAsync>b__225_0(Task`1 result)
   at System.Threading.Tasks.ContinuationResultTaskFromResultTask`2.InnerInvoke()
   at System.Threading.ExecutionContext.RunInternal(ExecutionContext executionContext, ContextCallback callback, Object state)
--- End of stack trace from previous location ---
   at System.Threading.ExecutionContext.RunInternal(ExecutionContext executionContext, ContextCallback callback, Object state)
   at System.Threading.Tasks.Task.ExecuteWithThreadLocal(Task& currentTaskSlot, Thread threadPoolThread)
--- End of stack trace from previous location ---
   at Oracle.EntityFrameworkCore.Storage.Internal.OracleRelationalCommandBuilderFactory.OracleRelationalCommandBuilder.OracleRelationalCommand.ExecuteReaderAsync(RelationalCommandParameterObject parameterObject, CancellationToken cancellationToken)
2026-04-22 14:07:51.630 +07:00 [ERR] Failed executing DbCommand (4ms) [Parameters=[], CommandType='"Text"', CommandTimeout='0']
SELECT "b"."ID", "b"."CREATED_AT", "b"."CREATED_BY", "b"."DELETED_AT", "b"."DON_VI_ID", "b"."GHI_CHU", "b"."IS_LATEST", "b"."KY_BAO_CAO_CODE", "b"."NAM", "b"."NOI_DUNG_DAO_TAO", "b"."SNAPSHOT_BATCH_ID", "b"."SNAPSHOT_CREATED_AT", "b"."SNAPSHOT_VERSION", "b"."SO_CAO_DANG", "b"."SO_DAI_HOC", "b"."SO_THAC_SI", "b"."SO_TIEN_SI", "b"."SO_TRUNG_CAP", "b"."UPDATED_AT", "b"."UPDATED_BY"
FROM "CAND_QLCNTT"."BIZ_DAO_TAO_HOC_VIEN" "b"
WHERE (("b"."DELETED_AT" IS NULL) AND ("b"."IS_LATEST" = 1))
ORDER BY "b"."UPDATED_AT" DESC, "b"."CREATED_AT" DESC, "b"."ID" DESC
2026-04-22 14:07:51.632 +07:00 [ERR] 2026-04-22 14:07:51.632749 ThreadID:24  (ERROR)   OracleExecutionStrategy.ExecuteAsync() :  Oracle.ManagedDataAccess.Client.OracleException (0x80004005): ORA-00904: "b"."IS_LATEST": invalid identifier
https://docs.oracle.com/error-help/db/ora-00904/
   at Oracle.ManagedDataAccess.Client.OracleCommand.<>c.<ExecuteDbDataReaderAsync>b__225_0(Task`1 result)
   at System.Threading.Tasks.ContinuationResultTaskFromResultTask`2.InnerInvoke()
   at System.Threading.ExecutionContext.RunInternal(ExecutionContext executionContext, ContextCallback callback, Object state)
--- End of stack trace from previous location ---
   at System.Threading.ExecutionContext.RunInternal(ExecutionContext executionContext, ContextCallback callback, Object state)
   at System.Threading.Tasks.Task.ExecuteWithThreadLocal(Task& currentTaskSlot, Thread threadPoolThread)
--- End of stack trace from previous location ---
   at Oracle.EntityFrameworkCore.Storage.Internal.OracleRelationalCommandBuilderFactory.OracleRelationalCommandBuilder.OracleRelationalCommand.ExecuteReaderAsync(RelationalCommandParameterObject parameterObject, CancellationToken cancellationToken)
   at Oracle.EntityFrameworkCore.Storage.Internal.OracleRelationalCommandBuilderFactory.OracleRelationalCommandBuilder.OracleRelationalCommand.ExecuteReaderAsync(RelationalCommandParameterObject parameterObject, CancellationToken cancellationToken)
   at Oracle.EntityFrameworkCore.Storage.Internal.OracleRelationalCommandBuilderFactory.OracleRelationalCommandBuilder.OracleRelationalCommand.ExecuteReaderAsync(RelationalCommandParameterObject parameterObject, CancellationToken cancellationToken)
   at Microsoft.EntityFrameworkCore.Query.Internal.SingleQueryingEnumerable`1.AsyncEnumerator.InitializeReaderAsync(AsyncEnumerator enumerator, CancellationToken cancellationToken)
   at Oracle.EntityFrameworkCore.Storage.Internal.OracleExecutionStrategy.ExecuteAsync[TState,TResult](TState state, Func`4 operation, Func`4 verifySucceeded, CancellationToken cancellationToken)
2026-04-22 14:07:51.635 +07:00 [ERR] An exception occurred while iterating over the results of a query for context type 'ThucLuc.Infrastructure.Persistence.AppDbContext'.
Oracle.ManagedDataAccess.Client.OracleException (0x80004005): ORA-00904: "b"."IS_LATEST": invalid identifier
https://docs.oracle.com/error-help/db/ora-00904/
   at Oracle.ManagedDataAccess.Client.OracleCommand.<>c.<ExecuteDbDataReaderAsync>b__225_0(Task`1 result)
   at System.Threading.Tasks.ContinuationResultTaskFromResultTask`2.InnerInvoke()
   at System.Threading.ExecutionContext.RunInternal(ExecutionContext executionContext, ContextCallback callback, Object state)
--- End of stack trace from previous location ---
   at System.Threading.ExecutionContext.RunInternal(ExecutionContext executionContext, ContextCallback callback, Object state)
   at System.Threading.Tasks.Task.ExecuteWithThreadLocal(Task& currentTaskSlot, Thread threadPoolThread)
--- End of stack trace from previous location ---
   at Oracle.EntityFrameworkCore.Storage.Internal.OracleRelationalCommandBuilderFactory.OracleRelationalCommandBuilder.OracleRelationalCommand.ExecuteReaderAsync(RelationalCommandParameterObject parameterObject, CancellationToken cancellationToken)
   at Oracle.EntityFrameworkCore.Storage.Internal.OracleRelationalCommandBuilderFactory.OracleRelationalCommandBuilder.OracleRelationalCommand.ExecuteReaderAsync(RelationalCommandParameterObject parameterObject, CancellationToken cancellationToken)
   at Oracle.EntityFrameworkCore.Storage.Internal.OracleRelationalCommandBuilderFactory.OracleRelationalCommandBuilder.OracleRelationalCommand.ExecuteReaderAsync(RelationalCommandParameterObject parameterObject, CancellationToken cancellationToken)
   at Microsoft.EntityFrameworkCore.Query.Internal.SingleQueryingEnumerable`1.AsyncEnumerator.InitializeReaderAsync(AsyncEnumerator enumerator, CancellationToken cancellationToken)
   at Oracle.EntityFrameworkCore.Storage.Internal.OracleExecutionStrategy.ExecuteAsync[TState,TResult](TState state, Func`4 operation, Func`4 verifySucceeded, CancellationToken cancellationToken)
   at Microsoft.EntityFrameworkCore.Query.Internal.SingleQueryingEnumerable`1.AsyncEnumerator.MoveNextAsync()
Oracle.ManagedDataAccess.Client.OracleException (0x80004005): ORA-00904: "b"."IS_LATEST": invalid identifier
https://docs.oracle.com/error-help/db/ora-00904/
   at Oracle.ManagedDataAccess.Client.OracleCommand.<>c.<ExecuteDbDataReaderAsync>b__225_0(Task`1 result)
   at System.Threading.Tasks.ContinuationResultTaskFromResultTask`2.InnerInvoke()
   at System.Threading.ExecutionContext.RunInternal(ExecutionContext executionContext, ContextCallback callback, Object state)
--- End of stack trace from previous location ---
   at System.Threading.ExecutionContext.RunInternal(ExecutionContext executionContext, ContextCallback callback, Object state)
   at System.Threading.Tasks.Task.ExecuteWithThreadLocal(Task& currentTaskSlot, Thread threadPoolThread)
--- End of stack trace from previous location ---
   at Oracle.EntityFrameworkCore.Storage.Internal.OracleRelationalCommandBuilderFactory.OracleRelationalCommandBuilder.OracleRelationalCommand.ExecuteReaderAsync(RelationalCommandParameterObject parameterObject, CancellationToken cancellationToken)
   at Oracle.EntityFrameworkCore.Storage.Internal.OracleRelationalCommandBuilderFactory.OracleRelationalCommandBuilder.OracleRelationalCommand.ExecuteReaderAsync(RelationalCommandParameterObject parameterObject, CancellationToken cancellationToken)
   at Oracle.EntityFrameworkCore.Storage.Internal.OracleRelationalCommandBuilderFactory.OracleRelationalCommandBuilder.OracleRelationalCommand.ExecuteReaderAsync(RelationalCommandParameterObject parameterObject, CancellationToken cancellationToken)
   at Microsoft.EntityFrameworkCore.Query.Internal.SingleQueryingEnumerable`1.AsyncEnumerator.InitializeReaderAsync(AsyncEnumerator enumerator, CancellationToken cancellationToken)
   at Oracle.EntityFrameworkCore.Storage.Internal.OracleExecutionStrategy.ExecuteAsync[TState,TResult](TState state, Func`4 operation, Func`4 verifySucceeded, CancellationToken cancellationToken)
   at Microsoft.EntityFrameworkCore.Query.Internal.SingleQueryingEnumerable`1.AsyncEnumerator.MoveNextAsync()
2026-04-22 14:07:51.642 +07:00 [INF] Executed action ThucLuc.Api.Controllers.V1.DaoTaoHocVienController.GetAll (ThucLuc.Api) in 17.591ms
2026-04-22 14:07:51.644 +07:00 [INF] Executed endpoint 'ThucLuc.Api.Controllers.V1.DaoTaoHocVienController.GetAll (ThucLuc.Api)'
2026-04-22 14:07:51.645 +07:00 [ERR] Unhandled exception. CorrelationId=d199617988f24a56b2e29f3b628a40fe
Oracle.ManagedDataAccess.Client.OracleException (0x80004005): ORA-00904: "b"."IS_LATEST": invalid identifier
https://docs.oracle.com/error-help/db/ora-00904/
   at Oracle.ManagedDataAccess.Client.OracleCommand.<>c.<ExecuteDbDataReaderAsync>b__225_0(Task`1 result)
   at System.Threading.Tasks.ContinuationResultTaskFromResultTask`2.InnerInvoke()
   at System.Threading.ExecutionContext.RunInternal(ExecutionContext executionContext, ContextCallback callback, Object state)
--- End of stack trace from previous location ---
   at System.Threading.ExecutionContext.RunInternal(ExecutionContext executionContext, ContextCallback callback, Object state)
   at System.Threading.Tasks.Task.ExecuteWithThreadLocal(Task& currentTaskSlot, Thread threadPoolThread)
--- End of stack trace from previous location ---
   at Oracle.EntityFrameworkCore.Storage.Internal.OracleRelationalCommandBuilderFactory.OracleRelationalCommandBuilder.OracleRelationalCommand.ExecuteReaderAsync(RelationalCommandParameterObject parameterObject, CancellationToken cancellationToken)
   at Oracle.EntityFrameworkCore.Storage.Internal.OracleRelationalCommandBuilderFactory.OracleRelationalCommandBuilder.OracleRelationalCommand.ExecuteReaderAsync(RelationalCommandParameterObject parameterObject, CancellationToken cancellationToken)
   at Oracle.EntityFrameworkCore.Storage.Internal.OracleRelationalCommandBuilderFactory.OracleRelationalCommandBuilder.OracleRelationalCommand.ExecuteReaderAsync(RelationalCommandParameterObject parameterObject, CancellationToken cancellationToken)
   at Microsoft.EntityFrameworkCore.Query.Internal.SingleQueryingEnumerable`1.AsyncEnumerator.InitializeReaderAsync(AsyncEnumerator enumerator, CancellationToken cancellationToken)
   at Oracle.EntityFrameworkCore.Storage.Internal.OracleExecutionStrategy.ExecuteAsync[TState,TResult](TState state, Func`4 operation, Func`4 verifySucceeded, CancellationToken cancellationToken)
   at Microsoft.EntityFrameworkCore.Query.Internal.SingleQueryingEnumerable`1.AsyncEnumerator.MoveNextAsync()
   at Microsoft.EntityFrameworkCore.EntityFrameworkQueryableExtensions.ToListAsync[TSource](IQueryable`1 source, CancellationToken cancellationToken)
   at Microsoft.EntityFrameworkCore.EntityFrameworkQueryableExtensions.ToListAsync[TSource](IQueryable`1 source, CancellationToken cancellationToken)
   at ThucLuc.Application.Features.DaoTaoHocVien.DaoTaoHocVienService.GetAllAsync(DaoTaoHocVienQuery query, CancellationToken cancellationToken) in D:\Projects\ThucLuc_V2\.sources\backend\src\Application\Features\DaoTaoHocVien\DaoTaoHocVienService.cs:line 60
   at ThucLuc.Api.Controllers.V1.DaoTaoHocVienController.GetAll(DaoTaoHocVienQuery query, CancellationToken cancellationToken) in D:\Projects\ThucLuc_V2\.sources\backend\src\api\Controllers\V1\DaoTaoHocVienController.cs:line 28
   at lambda_method2083(Closure, Object)
   at Microsoft.AspNetCore.Mvc.Infrastructure.ActionMethodExecutor.AwaitableObjectResultExecutor.Execute(ActionContext actionContext, IActionResultTypeMapper mapper, ObjectMethodExecutor executor, Object controller, Object[] arguments)
   at Microsoft.AspNetCore.Mvc.Infrastructure.ControllerActionInvoker.<InvokeActionMethodAsync>g__Awaited|12_0(ControllerActionInvoker invoker, ValueTask`1 actionResultValueTask)
   at Microsoft.AspNetCore.Mvc.Infrastructure.ControllerActionInvoker.<InvokeNextActionFilterAsync>g__Awaited|10_0(ControllerActionInvoker invoker, Task lastTask, State next, Scope scope, Object state, Boolean isCompleted)
   at Microsoft.AspNetCore.Mvc.Infrastructure.ControllerActionInvoker.Rethrow(ActionExecutedContextSealed context)
   at Microsoft.AspNetCore.Mvc.Infrastructure.ControllerActionInvoker.Next(State& next, Scope& scope, Object& state, Boolean& isCompleted)
   at Microsoft.AspNetCore.Mvc.Infrastructure.ControllerActionInvoker.<InvokeInnerFilterAsync>g__Awaited|13_0(ControllerActionInvoker invoker, Task lastTask, State next, Scope scope, Object state, Boolean isCompleted)
   at Microsoft.AspNetCore.Mvc.Infrastructure.ResourceInvoker.<InvokeFilterPipelineAsync>g__Awaited|20_0(ResourceInvoker invoker, Task lastTask, State next, Scope scope, Object state, Boolean isCompleted)
   at Microsoft.AspNetCore.Mvc.Infrastructure.ResourceInvoker.<InvokeAsync>g__Logged|17_1(ResourceInvoker invoker)
   at Microsoft.AspNetCore.Mvc.Infrastructure.ResourceInvoker.<InvokeAsync>g__Logged|17_1(ResourceInvoker invoker)
   at Microsoft.AspNetCore.Routing.EndpointMiddleware.<Invoke>g__AwaitRequestTask|7_0(Endpoint endpoint, Task requestTask, ILogger logger)
   at Microsoft.AspNetCore.Authorization.AuthorizationMiddleware.Invoke(HttpContext context)
   at Microsoft.AspNetCore.Authentication.AuthenticationMiddleware.Invoke(HttpContext context)
   at Swashbuckle.AspNetCore.SwaggerUI.SwaggerUIMiddleware.Invoke(HttpContext httpContext)
   at Swashbuckle.AspNetCore.Swagger.SwaggerMiddleware.Invoke(HttpContext httpContext, ISwaggerProvider swaggerProvider)
   at ThucLuc.Api.Common.Middleware.GlobalExceptionMiddleware.InvokeAsync(HttpContext context) in D:\Projects\ThucLuc_V2\.sources\backend\src\api\Common\Middleware\GlobalExceptionMiddleware.cs:line 23
2026-04-22 14:07:51.656 +07:00 [INF] HTTP GET /api/v1/dao-tao-hoc-vien => 500 in 36.3384 ms CorrelationId=d199617988f24a56b2e29f3b628a40fe UserId=5001
2026-04-22 14:07:51.658 +07:00 [ERR] HTTP GET /api/v1/dao-tao-hoc-vien responded 500 in 38.8913 ms
2026-04-22 14:07:51.659 +07:00 [INF] Request finished HTTP/1.1 GET http://localhost:5283/api/v1/dao-tao-hoc-vien - 500 null application/json 42.5236ms
2026-04-22 14:08:00.298 +07:00 [INF] Request starting HTTP/1.1 OPTIONS http://localhost:5283/api/v1/dao-tao-boi-duong - null null
2026-04-22 14:08:00.302 +07:00 [INF] CORS policy execution successful.
2026-04-22 14:08:00.302 +07:00 [INF] HTTP OPTIONS /api/v1/dao-tao-boi-duong => 204 in 0.5669 ms CorrelationId=42f77c72228a41348e1b20176adaa4b6 UserId=anonymous
2026-04-22 14:08:00.304 +07:00 [INF] HTTP OPTIONS /api/v1/dao-tao-boi-duong responded 204 in 2.0412 ms
2026-04-22 14:08:00.305 +07:00 [INF] Request finished HTTP/1.1 OPTIONS http://localhost:5283/api/v1/dao-tao-boi-duong - 204 null null 6.9064ms
2026-04-22 14:08:00.307 +07:00 [INF] Request starting HTTP/1.1 GET http://localhost:5283/api/v1/dao-tao-boi-duong - null null
2026-04-22 14:08:00.309 +07:00 [INF] CORS policy execution successful.
2026-04-22 14:08:00.310 +07:00 [INF] Executing endpoint 'ThucLuc.Api.Controllers.V1.DaoTaoBoiDuongController.GetAll (ThucLuc.Api)'
2026-04-22 14:08:00.310 +07:00 [INF] Route matched with {action = "GetAll", controller = "DaoTaoBoiDuong"}. Executing controller action with signature System.Threading.Tasks.Task`1[Microsoft.AspNetCore.Mvc.ActionResult`1[ThucLuc.Api.Common.Models.ApiResponse`1[System.Collections.Generic.IReadOnlyCollection`1[ThucLuc.Application.Features.DaoTaoBoiDuong.DaoTaoBoiDuongDto]]]] GetAll(System.Threading.CancellationToken) on controller ThucLuc.Api.Controllers.V1.DaoTaoBoiDuongController (ThucLuc.Api).
2026-04-22 14:08:00.314 +07:00 [INF] Executing OkObjectResult, writing value of type 'ThucLuc.Api.Common.Models.ApiResponse`1[[System.Collections.Generic.IReadOnlyCollection`1[[ThucLuc.Application.Features.DaoTaoBoiDuong.DaoTaoBoiDuongDto, ThucLuc.Application, Version=1.0.0.0, Culture=neutral, PublicKeyToken=null]], System.Private.CoreLib, Version=8.0.0.0, Culture=neutral, PublicKeyToken=7cec85d7bea7798e]]'.
2026-04-22 14:08:00.315 +07:00 [INF] Executed action ThucLuc.Api.Controllers.V1.DaoTaoBoiDuongController.GetAll (ThucLuc.Api) in 4.1499ms
2026-04-22 14:08:00.317 +07:00 [INF] Executed endpoint 'ThucLuc.Api.Controllers.V1.DaoTaoBoiDuongController.GetAll (ThucLuc.Api)'
2026-04-22 14:08:00.319 +07:00 [INF] HTTP GET /api/v1/dao-tao-boi-duong => 200 in 10.2996 ms CorrelationId=12cee34a6bf54a31a22bcdaaaf16aac9 UserId=5001
2026-04-22 14:08:00.320 +07:00 [INF] HTTP GET /api/v1/dao-tao-boi-duong responded 200 in 11.5245 ms
2026-04-22 14:08:00.321 +07:00 [INF] Request finished HTTP/1.1 GET http://localhost:5283/api/v1/dao-tao-boi-duong - 200 null application/json; charset=utf-8 14.1312ms
2026-04-22 14:08:02.284 +07:00 [INF] Request starting HTTP/1.1 OPTIONS http://localhost:5283/api/v1/codes/by-code/GIOI_TINH - null null
2026-04-22 14:08:02.285 +07:00 [INF] Request starting HTTP/1.1 OPTIONS http://localhost:5283/api/v1/codes/by-code/CAP_BAC_CONG_AN - null null
2026-04-22 14:08:02.285 +07:00 [INF] Request starting HTTP/1.1 OPTIONS http://localhost:5283/api/v1/codes/by-code/LOAI_NHAN_LUC - null null
2026-04-22 14:08:02.285 +07:00 [INF] Request starting HTTP/1.1 OPTIONS http://localhost:5283/api/v1/codes/by-code/TRINH_DO_LLCT - null null
2026-04-22 14:08:02.285 +07:00 [INF] Request starting HTTP/1.1 OPTIONS http://localhost:5283/api/v1/don-vi/tree - null null
2026-04-22 14:08:02.285 +07:00 [INF] Request starting HTTP/1.1 OPTIONS http://localhost:5283/api/v1/codes/by-code/TRINH_DO_CNTT - null null
2026-04-22 14:08:02.295 +07:00 [INF] CORS policy execution successful.
2026-04-22 14:08:02.289 +07:00 [INF] CORS policy execution successful.
2026-04-22 14:08:02.297 +07:00 [INF] HTTP OPTIONS /api/v1/codes/by-code/CAP_BAC_CONG_AN => 204 in 8.192 ms CorrelationId=4977bd089c984da38e27b0dc43c16ecf UserId=anonymous
2026-04-22 14:08:02.293 +07:00 [INF] CORS policy execution successful.
2026-04-22 14:08:02.294 +07:00 [INF] CORS policy execution successful.
2026-04-22 14:08:02.288 +07:00 [INF] CORS policy execution successful.
2026-04-22 14:08:02.296 +07:00 [INF] HTTP OPTIONS /api/v1/codes/by-code/TRINH_DO_CNTT => 204 in 1.0108 ms CorrelationId=1d200c6f676d4a5cb871f54f0a1536d1 UserId=anonymous
2026-04-22 14:08:02.301 +07:00 [INF] HTTP OPTIONS /api/v1/codes/by-code/TRINH_DO_CNTT responded 204 in 5.7005 ms
2026-04-22 14:08:02.298 +07:00 [INF] HTTP OPTIONS /api/v1/codes/by-code/CAP_BAC_CONG_AN responded 204 in 9.2874 ms
2026-04-22 14:08:02.299 +07:00 [INF] HTTP OPTIONS /api/v1/codes/by-code/TRINH_DO_LLCT => 204 in 6.1719 ms CorrelationId=c6b429affc604c8294e798e6bd5fbc01 UserId=anonymous
2026-04-22 14:08:02.299 +07:00 [INF] HTTP OPTIONS /api/v1/don-vi/tree => 204 in 5.4145 ms CorrelationId=a151ecedb7ad45458ced5bafb8aab4a5 UserId=anonymous
2026-04-22 14:08:02.299 +07:00 [INF] HTTP OPTIONS /api/v1/codes/by-code/GIOI_TINH => 204 in 11.9225 ms CorrelationId=1add4c4d0b4c4d2ba64c0d2d72eed0c8 UserId=anonymous
2026-04-22 14:08:02.290 +07:00 [INF] CORS policy execution successful.
2026-04-22 14:08:02.302 +07:00 [INF] Request finished HTTP/1.1 OPTIONS http://localhost:5283/api/v1/codes/by-code/TRINH_DO_CNTT - 204 null null 16.728ms
2026-04-22 14:08:02.304 +07:00 [INF] Request finished HTTP/1.1 OPTIONS http://localhost:5283/api/v1/codes/by-code/CAP_BAC_CONG_AN - 204 null null 18.9622ms
2026-04-22 14:08:02.305 +07:00 [INF] HTTP OPTIONS /api/v1/codes/by-code/TRINH_DO_LLCT responded 204 in 12.5917 ms
2026-04-22 14:08:02.307 +07:00 [INF] HTTP OPTIONS /api/v1/don-vi/tree responded 204 in 12.8447 ms
2026-04-22 14:08:02.308 +07:00 [INF] HTTP OPTIONS /api/v1/codes/by-code/GIOI_TINH responded 204 in 20.3826 ms
2026-04-22 14:08:02.308 +07:00 [INF] HTTP OPTIONS /api/v1/codes/by-code/LOAI_NHAN_LUC => 204 in 17.8744 ms CorrelationId=7167f221ad3c4bedb26c62f6d0bc7d4e UserId=anonymous
2026-04-22 14:08:02.310 +07:00 [INF] Request starting HTTP/1.1 GET http://localhost:5283/api/v1/codes/by-code/TRINH_DO_CNTT - null null
2026-04-22 14:08:02.312 +07:00 [INF] Request starting HTTP/1.1 GET http://localhost:5283/api/v1/codes/by-code/CAP_BAC_CONG_AN - null null
2026-04-22 14:08:02.313 +07:00 [INF] Request finished HTTP/1.1 OPTIONS http://localhost:5283/api/v1/codes/by-code/TRINH_DO_LLCT - 204 null null 28.5504ms
2026-04-22 14:08:02.314 +07:00 [INF] Request finished HTTP/1.1 OPTIONS http://localhost:5283/api/v1/don-vi/tree - 204 null null 29.2151ms
2026-04-22 14:08:02.318 +07:00 [INF] Request finished HTTP/1.1 OPTIONS http://localhost:5283/api/v1/codes/by-code/GIOI_TINH - 204 null null 33.2821ms
2026-04-22 14:08:02.321 +07:00 [INF] HTTP OPTIONS /api/v1/codes/by-code/LOAI_NHAN_LUC responded 204 in 31.0244 ms
2026-04-22 14:08:02.323 +07:00 [INF] CORS policy execution successful.
2026-04-22 14:08:02.325 +07:00 [INF] CORS policy execution successful.
2026-04-22 14:08:02.328 +07:00 [INF] Request starting HTTP/1.1 GET http://localhost:5283/api/v1/codes/by-code/TRINH_DO_LLCT - null null
2026-04-22 14:08:02.332 +07:00 [INF] Request starting HTTP/1.1 GET http://localhost:5283/api/v1/don-vi/tree - null null
2026-04-22 14:08:02.334 +07:00 [INF] Request starting HTTP/1.1 GET http://localhost:5283/api/v1/codes/by-code/GIOI_TINH - null null
2026-04-22 14:08:02.335 +07:00 [INF] Request finished HTTP/1.1 OPTIONS http://localhost:5283/api/v1/codes/by-code/LOAI_NHAN_LUC - 204 null null 50.4728ms
2026-04-22 14:08:02.336 +07:00 [INF] Executing endpoint 'ThucLuc.Api.Controllers.V1.CodesController.GetByCode (ThucLuc.Api)'
2026-04-22 14:08:02.337 +07:00 [INF] Executing endpoint 'ThucLuc.Api.Controllers.V1.CodesController.GetByCode (ThucLuc.Api)'
2026-04-22 14:08:02.339 +07:00 [INF] CORS policy execution successful.
2026-04-22 14:08:02.342 +07:00 [INF] CORS policy execution successful.
2026-04-22 14:08:02.344 +07:00 [INF] CORS policy execution successful.
2026-04-22 14:08:02.346 +07:00 [INF] Request starting HTTP/1.1 GET http://localhost:5283/api/v1/codes/by-code/LOAI_NHAN_LUC - null null
2026-04-22 14:08:02.347 +07:00 [INF] Route matched with {action = "GetByCode", controller = "Codes"}. Executing controller action with signature System.Threading.Tasks.Task`1[Microsoft.AspNetCore.Mvc.ActionResult`1[ThucLuc.Api.Common.Models.ApiResponse`1[ThucLuc.Application.Features.Codes.CodeDto]]] GetByCode(System.String, System.Threading.CancellationToken) on controller ThucLuc.Api.Controllers.V1.CodesController (ThucLuc.Api).
2026-04-22 14:08:02.348 +07:00 [INF] Route matched with {action = "GetByCode", controller = "Codes"}. Executing controller action with signature System.Threading.Tasks.Task`1[Microsoft.AspNetCore.Mvc.ActionResult`1[ThucLuc.Api.Common.Models.ApiResponse`1[ThucLuc.Application.Features.Codes.CodeDto]]] GetByCode(System.String, System.Threading.CancellationToken) on controller ThucLuc.Api.Controllers.V1.CodesController (ThucLuc.Api).
2026-04-22 14:08:02.349 +07:00 [INF] Executing endpoint 'ThucLuc.Api.Controllers.V1.CodesController.GetByCode (ThucLuc.Api)'
2026-04-22 14:08:02.350 +07:00 [INF] Executing endpoint 'ThucLuc.Api.Controllers.V1.DonViController.GetTree (ThucLuc.Api)'
2026-04-22 14:08:02.351 +07:00 [INF] Executing endpoint 'ThucLuc.Api.Controllers.V1.CodesController.GetByCode (ThucLuc.Api)'
2026-04-22 14:08:02.354 +07:00 [INF] CORS policy execution successful.
2026-04-22 14:08:02.358 +07:00 [INF] Executing OkObjectResult, writing value of type 'ThucLuc.Api.Common.Models.ApiResponse`1[[ThucLuc.Application.Features.Codes.CodeDto, ThucLuc.Application, Version=1.0.0.0, Culture=neutral, PublicKeyToken=null]]'.
2026-04-22 14:08:02.358 +07:00 [INF] Route matched with {action = "GetByCode", controller = "Codes"}. Executing controller action with signature System.Threading.Tasks.Task`1[Microsoft.AspNetCore.Mvc.ActionResult`1[ThucLuc.Api.Common.Models.ApiResponse`1[ThucLuc.Application.Features.Codes.CodeDto]]] GetByCode(System.String, System.Threading.CancellationToken) on controller ThucLuc.Api.Controllers.V1.CodesController (ThucLuc.Api).
2026-04-22 14:08:02.358 +07:00 [INF] Route matched with {action = "GetTree", controller = "DonVi"}. Executing controller action with signature System.Threading.Tasks.Task`1[Microsoft.AspNetCore.Mvc.ActionResult`1[ThucLuc.Api.Common.Models.ApiResponse`1[System.Collections.Generic.IReadOnlyCollection`1[ThucLuc.Application.Features.DonVi.DonViDto]]]] GetTree(System.Threading.CancellationToken) on controller ThucLuc.Api.Controllers.V1.DonViController (ThucLuc.Api).
2026-04-22 14:08:02.359 +07:00 [INF] Executing OkObjectResult, writing value of type 'ThucLuc.Api.Common.Models.ApiResponse`1[[ThucLuc.Application.Features.Codes.CodeDto, ThucLuc.Application, Version=1.0.0.0, Culture=neutral, PublicKeyToken=null]]'.
2026-04-22 14:08:02.359 +07:00 [INF] Route matched with {action = "GetByCode", controller = "Codes"}. Executing controller action with signature System.Threading.Tasks.Task`1[Microsoft.AspNetCore.Mvc.ActionResult`1[ThucLuc.Api.Common.Models.ApiResponse`1[ThucLuc.Application.Features.Codes.CodeDto]]] GetByCode(System.String, System.Threading.CancellationToken) on controller ThucLuc.Api.Controllers.V1.CodesController (ThucLuc.Api).
2026-04-22 14:08:02.360 +07:00 [INF] Executing endpoint 'ThucLuc.Api.Controllers.V1.CodesController.GetByCode (ThucLuc.Api)'
2026-04-22 14:08:02.361 +07:00 [INF] Executed action ThucLuc.Api.Controllers.V1.CodesController.GetByCode (ThucLuc.Api) in 6.573ms
2026-04-22 14:08:02.366 +07:00 [INF] Executing OkObjectResult, writing value of type 'ThucLuc.Api.Common.Models.ApiResponse`1[[ThucLuc.Application.Features.Codes.CodeDto, ThucLuc.Application, Version=1.0.0.0, Culture=neutral, PublicKeyToken=null]]'.
2026-04-22 14:08:02.366 +07:00 [INF] Executed action ThucLuc.Api.Controllers.V1.CodesController.GetByCode (ThucLuc.Api) in 9.7403ms
2026-04-22 14:08:02.368 +07:00 [INF] Executing OkObjectResult, writing value of type 'ThucLuc.Api.Common.Models.ApiResponse`1[[System.Collections.Generic.IReadOnlyCollection`1[[ThucLuc.Application.Features.DonVi.DonViDto, ThucLuc.Application, Version=1.0.0.0, Culture=neutral, PublicKeyToken=null]], System.Private.CoreLib, Version=8.0.0.0, Culture=neutral, PublicKeyToken=7cec85d7bea7798e]]'.
2026-04-22 14:08:02.369 +07:00 [INF] Route matched with {action = "GetByCode", controller = "Codes"}. Executing controller action with signature System.Threading.Tasks.Task`1[Microsoft.AspNetCore.Mvc.ActionResult`1[ThucLuc.Api.Common.Models.ApiResponse`1[ThucLuc.Application.Features.Codes.CodeDto]]] GetByCode(System.String, System.Threading.CancellationToken) on controller ThucLuc.Api.Controllers.V1.CodesController (ThucLuc.Api).
2026-04-22 14:08:02.370 +07:00 [INF] Executed endpoint 'ThucLuc.Api.Controllers.V1.CodesController.GetByCode (ThucLuc.Api)'
2026-04-22 14:08:02.371 +07:00 [INF] Executing OkObjectResult, writing value of type 'ThucLuc.Api.Common.Models.ApiResponse`1[[ThucLuc.Application.Features.Codes.CodeDto, ThucLuc.Application, Version=1.0.0.0, Culture=neutral, PublicKeyToken=null]]'.
2026-04-22 14:08:02.371 +07:00 [INF] Executed action ThucLuc.Api.Controllers.V1.CodesController.GetByCode (ThucLuc.Api) in 8.3703ms
2026-04-22 14:08:02.372 +07:00 [INF] Executed endpoint 'ThucLuc.Api.Controllers.V1.CodesController.GetByCode (ThucLuc.Api)'
2026-04-22 14:08:02.373 +07:00 [INF] Executed action ThucLuc.Api.Controllers.V1.DonViController.GetTree (ThucLuc.Api) in 8.3192ms
2026-04-22 14:08:02.376 +07:00 [INF] HTTP GET /api/v1/codes/by-code/TRINH_DO_CNTT => 200 in 52.7448 ms CorrelationId=4246a8ed61534905bb62eb71a2647c9b UserId=5001
2026-04-22 14:08:02.377 +07:00 [INF] Executed action ThucLuc.Api.Controllers.V1.CodesController.GetByCode (ThucLuc.Api) in 8.3135ms
2026-04-22 14:08:02.377 +07:00 [INF] Executing OkObjectResult, writing value of type 'ThucLuc.Api.Common.Models.ApiResponse`1[[ThucLuc.Application.Features.Codes.CodeDto, ThucLuc.Application, Version=1.0.0.0, Culture=neutral, PublicKeyToken=null]]'.
2026-04-22 14:08:02.377 +07:00 [INF] Executed endpoint 'ThucLuc.Api.Controllers.V1.CodesController.GetByCode (ThucLuc.Api)'
2026-04-22 14:08:02.378 +07:00 [INF] HTTP GET /api/v1/codes/by-code/CAP_BAC_CONG_AN => 200 in 52.8202 ms CorrelationId=caed1caa761844ffb8c11f2685df95bc UserId=5001
2026-04-22 14:08:02.379 +07:00 [INF] Executed endpoint 'ThucLuc.Api.Controllers.V1.DonViController.GetTree (ThucLuc.Api)'
2026-04-22 14:08:02.381 +07:00 [INF] HTTP GET /api/v1/codes/by-code/TRINH_DO_CNTT responded 200 in 57.9631 ms
2026-04-22 14:08:02.382 +07:00 [INF] Executed endpoint 'ThucLuc.Api.Controllers.V1.CodesController.GetByCode (ThucLuc.Api)'
2026-04-22 14:08:02.382 +07:00 [INF] Executed action ThucLuc.Api.Controllers.V1.CodesController.GetByCode (ThucLuc.Api) in 7.6008ms
2026-04-22 14:08:02.383 +07:00 [INF] HTTP GET /api/v1/codes/by-code/TRINH_DO_LLCT => 200 in 44.2499 ms CorrelationId=ae14afe255a042ae932935bfb2716e38 UserId=5001
2026-04-22 14:08:02.385 +07:00 [INF] HTTP GET /api/v1/codes/by-code/CAP_BAC_CONG_AN responded 200 in 59.4939 ms
2026-04-22 14:08:02.386 +07:00 [INF] HTTP GET /api/v1/don-vi/tree => 200 in 44.2432 ms CorrelationId=7059c7465f514ceab0142429bdc72f53 UserId=5001
2026-04-22 14:08:02.387 +07:00 [INF] Request finished HTTP/1.1 GET http://localhost:5283/api/v1/codes/by-code/TRINH_DO_CNTT - 200 null application/json; charset=utf-8 76.9894ms
2026-04-22 14:08:02.388 +07:00 [INF] HTTP GET /api/v1/codes/by-code/GIOI_TINH => 200 in 43.4276 ms CorrelationId=592cebc8b42148e7b81096fed3b54cb2 UserId=5001
2026-04-22 14:08:02.389 +07:00 [INF] Executed endpoint 'ThucLuc.Api.Controllers.V1.CodesController.GetByCode (ThucLuc.Api)'
2026-04-22 14:08:02.390 +07:00 [INF] HTTP GET /api/v1/codes/by-code/TRINH_DO_LLCT responded 200 in 51.4887 ms
2026-04-22 14:08:02.392 +07:00 [INF] Request finished HTTP/1.1 GET http://localhost:5283/api/v1/codes/by-code/CAP_BAC_CONG_AN - 200 null application/json; charset=utf-8 79.4888ms
2026-04-22 14:08:02.393 +07:00 [INF] HTTP GET /api/v1/don-vi/tree responded 200 in 51.8003 ms
2026-04-22 14:08:02.398 +07:00 [INF] HTTP GET /api/v1/codes/by-code/GIOI_TINH responded 200 in 53.2732 ms
2026-04-22 14:08:02.398 +07:00 [INF] HTTP GET /api/v1/codes/by-code/LOAI_NHAN_LUC => 200 in 44.6661 ms CorrelationId=e406b5684f534c94943c68107a64351a UserId=5001
2026-04-22 14:08:02.400 +07:00 [INF] Request finished HTTP/1.1 GET http://localhost:5283/api/v1/codes/by-code/TRINH_DO_LLCT - 200 null application/json; charset=utf-8 71.4212ms
2026-04-22 14:08:02.404 +07:00 [INF] Request finished HTTP/1.1 GET http://localhost:5283/api/v1/don-vi/tree - 200 null application/json; charset=utf-8 72.733ms
2026-04-22 14:08:02.406 +07:00 [INF] Request finished HTTP/1.1 GET http://localhost:5283/api/v1/codes/by-code/GIOI_TINH - 200 null application/json; charset=utf-8 72.1754ms
2026-04-22 14:08:02.408 +07:00 [INF] HTTP GET /api/v1/codes/by-code/LOAI_NHAN_LUC responded 200 in 54.2404 ms
2026-04-22 14:08:02.415 +07:00 [INF] Request finished HTTP/1.1 GET http://localhost:5283/api/v1/codes/by-code/LOAI_NHAN_LUC - 200 null application/json; charset=utf-8 68.8146ms
2026-04-22 14:08:02.417 +07:00 [INF] Request starting HTTP/1.1 OPTIONS http://localhost:5283/api/v1/nhan-luc-cntt?page=1&pageSize=10&namBaoCao=2026 - null null
2026-04-22 14:08:02.419 +07:00 [INF] CORS policy execution successful.
2026-04-22 14:08:02.420 +07:00 [INF] HTTP OPTIONS /api/v1/nhan-luc-cntt => 204 in 0.567 ms CorrelationId=ee830156ab314c35bdc4ae68bd55f528 UserId=anonymous
2026-04-22 14:08:02.421 +07:00 [INF] HTTP OPTIONS /api/v1/nhan-luc-cntt responded 204 in 1.8537 ms
2026-04-22 14:08:02.423 +07:00 [INF] Request finished HTTP/1.1 OPTIONS http://localhost:5283/api/v1/nhan-luc-cntt?page=1&pageSize=10&namBaoCao=2026 - 204 null null 5.1702ms
2026-04-22 14:08:02.425 +07:00 [INF] Request starting HTTP/1.1 GET http://localhost:5283/api/v1/nhan-luc-cntt?page=1&pageSize=10&namBaoCao=2026 - null null
2026-04-22 14:08:02.426 +07:00 [INF] CORS policy execution successful.
2026-04-22 14:08:02.427 +07:00 [INF] Executing endpoint 'ThucLuc.Api.Controllers.V1.NhanLucCnttController.GetAll (ThucLuc.Api)'
2026-04-22 14:08:02.428 +07:00 [INF] Route matched with {action = "GetAll", controller = "NhanLucCntt"}. Executing controller action with signature System.Threading.Tasks.Task`1[Microsoft.AspNetCore.Mvc.ActionResult`1[ThucLuc.Api.Common.Models.ApiResponse`1[ThucLuc.Application.Common.Models.PagedResult`1[ThucLuc.Application.Features.NhanLucCntt.NhanLucCnttDto]]]] GetAll(ThucLuc.Application.Features.NhanLucCntt.NhanLucCnttQuery, System.Threading.CancellationToken) on controller ThucLuc.Api.Controllers.V1.NhanLucCnttController (ThucLuc.Api).
2026-04-22 14:08:02.434 +07:00 [INF] Executing OkObjectResult, writing value of type 'ThucLuc.Api.Common.Models.ApiResponse`1[[ThucLuc.Application.Common.Models.PagedResult`1[[ThucLuc.Application.Features.NhanLucCntt.NhanLucCnttDto, ThucLuc.Application, Version=1.0.0.0, Culture=neutral, PublicKeyToken=null]], ThucLuc.Application, Version=1.0.0.0, Culture=neutral, PublicKeyToken=null]]'.
2026-04-22 14:08:02.436 +07:00 [INF] Executed action ThucLuc.Api.Controllers.V1.NhanLucCnttController.GetAll (ThucLuc.Api) in 6.1801ms
2026-04-22 14:08:02.437 +07:00 [INF] Executed endpoint 'ThucLuc.Api.Controllers.V1.NhanLucCnttController.GetAll (ThucLuc.Api)'
2026-04-22 14:08:02.438 +07:00 [INF] HTTP GET /api/v1/nhan-luc-cntt => 200 in 11.2354 ms CorrelationId=63bd9b3f62e6464384a54e88ee5a5986 UserId=5001
2026-04-22 14:08:02.439 +07:00 [INF] HTTP GET /api/v1/nhan-luc-cntt responded 200 in 12.6615 ms
2026-04-22 14:08:02.440 +07:00 [INF] Request finished HTTP/1.1 GET http://localhost:5283/api/v1/nhan-luc-cntt?page=1&pageSize=10&namBaoCao=2026 - 200 null application/json; charset=utf-8 15.1038ms
2026-04-22 14:10:46.780 +07:00 [INF] Request starting HTTP/1.1 OPTIONS http://localhost:5283/api/v1/codes?includeInactive=false - null null
2026-04-22 14:10:46.805 +07:00 [INF] CORS policy execution successful.
2026-04-22 14:10:46.806 +07:00 [INF] HTTP OPTIONS /api/v1/codes => 204 in 1.6166 ms CorrelationId=db519e1626b94b249cdc3ee14582c2c7 UserId=anonymous
2026-04-22 14:10:46.809 +07:00 [INF] HTTP OPTIONS /api/v1/codes responded 204 in 4.2058 ms
2026-04-22 14:10:46.813 +07:00 [INF] Request finished HTTP/1.1 OPTIONS http://localhost:5283/api/v1/codes?includeInactive=false - 204 null null 33.0416ms
2026-04-22 14:10:46.818 +07:00 [INF] Request starting HTTP/1.1 GET http://localhost:5283/api/v1/codes?includeInactive=false - null null
2026-04-22 14:10:46.820 +07:00 [INF] CORS policy execution successful.
2026-04-22 14:10:46.822 +07:00 [INF] Executing endpoint 'ThucLuc.Api.Controllers.V1.CodesController.GetAll (ThucLuc.Api)'
2026-04-22 14:10:46.826 +07:00 [INF] Route matched with {action = "GetAll", controller = "Codes"}. Executing controller action with signature System.Threading.Tasks.Task`1[Microsoft.AspNetCore.Mvc.ActionResult`1[ThucLuc.Api.Common.Models.ApiResponse`1[System.Collections.Generic.IReadOnlyCollection`1[ThucLuc.Application.Features.Codes.CodeDto]]]] GetAll(Boolean, System.Threading.CancellationToken) on controller ThucLuc.Api.Controllers.V1.CodesController (ThucLuc.Api).
2026-04-22 14:10:46.896 +07:00 [INF] Executing OkObjectResult, writing value of type 'ThucLuc.Api.Common.Models.ApiResponse`1[[System.Collections.Generic.IReadOnlyCollection`1[[ThucLuc.Application.Features.Codes.CodeDto, ThucLuc.Application, Version=1.0.0.0, Culture=neutral, PublicKeyToken=null]], System.Private.CoreLib, Version=8.0.0.0, Culture=neutral, PublicKeyToken=7cec85d7bea7798e]]'.
2026-04-22 14:10:46.899 +07:00 [INF] Executed action ThucLuc.Api.Controllers.V1.CodesController.GetAll (ThucLuc.Api) in 68.899ms
2026-04-22 14:10:46.900 +07:00 [INF] Executed endpoint 'ThucLuc.Api.Controllers.V1.CodesController.GetAll (ThucLuc.Api)'
2026-04-22 14:10:46.901 +07:00 [INF] HTTP GET /api/v1/codes => 200 in 80.6856 ms CorrelationId=3414ce878008420c8cff9188b0b4934d UserId=5001
2026-04-22 14:10:46.903 +07:00 [INF] HTTP GET /api/v1/codes responded 200 in 82.3321 ms
2026-04-22 14:10:46.904 +07:00 [INF] Request finished HTTP/1.1 GET http://localhost:5283/api/v1/codes?includeInactive=false - 200 null application/json; charset=utf-8 85.7367ms
2026-04-22 14:10:46.906 +07:00 [INF] Request starting HTTP/1.1 OPTIONS http://localhost:5283/api/v1/codes/22 - null null
2026-04-22 14:10:46.908 +07:00 [INF] CORS policy execution successful.
2026-04-22 14:10:46.909 +07:00 [INF] HTTP OPTIONS /api/v1/codes/22 => 204 in 0.7798 ms CorrelationId=edf8996721114273801ab1c584ae4520 UserId=anonymous
2026-04-22 14:10:46.911 +07:00 [INF] HTTP OPTIONS /api/v1/codes/22 responded 204 in 2.6676 ms
2026-04-22 14:10:46.912 +07:00 [INF] Request finished HTTP/1.1 OPTIONS http://localhost:5283/api/v1/codes/22 - 204 null null 5.7195ms
2026-04-22 14:10:46.914 +07:00 [INF] Request starting HTTP/1.1 GET http://localhost:5283/api/v1/codes/22 - null null
2026-04-22 14:10:46.916 +07:00 [INF] CORS policy execution successful.
2026-04-22 14:10:46.917 +07:00 [INF] Executing endpoint 'ThucLuc.Api.Controllers.V1.CodesController.GetById (ThucLuc.Api)'
2026-04-22 14:10:46.921 +07:00 [INF] Route matched with {action = "GetById", controller = "Codes"}. Executing controller action with signature System.Threading.Tasks.Task`1[Microsoft.AspNetCore.Mvc.ActionResult`1[ThucLuc.Api.Common.Models.ApiResponse`1[ThucLuc.Application.Features.Codes.CodeDto]]] GetById(Int64, System.Threading.CancellationToken) on controller ThucLuc.Api.Controllers.V1.CodesController (ThucLuc.Api).
2026-04-22 14:10:46.976 +07:00 [INF] Executing OkObjectResult, writing value of type 'ThucLuc.Api.Common.Models.ApiResponse`1[[ThucLuc.Application.Features.Codes.CodeDto, ThucLuc.Application, Version=1.0.0.0, Culture=neutral, PublicKeyToken=null]]'.
2026-04-22 14:10:46.978 +07:00 [INF] Executed action ThucLuc.Api.Controllers.V1.CodesController.GetById (ThucLuc.Api) in 55.876ms
2026-04-22 14:10:46.980 +07:00 [INF] Executed endpoint 'ThucLuc.Api.Controllers.V1.CodesController.GetById (ThucLuc.Api)'
2026-04-22 14:10:46.982 +07:00 [INF] HTTP GET /api/v1/codes/22 => 200 in 65.2036 ms CorrelationId=ac1c6db798454e90b3b53fbe1f713494 UserId=5001
2026-04-22 14:10:46.983 +07:00 [INF] HTTP GET /api/v1/codes/22 responded 200 in 66.9823 ms
2026-04-22 14:10:46.985 +07:00 [INF] Request finished HTTP/1.1 GET http://localhost:5283/api/v1/codes/22 - 200 null application/json; charset=utf-8 70.1578ms
2026-04-22 14:10:48.483 +07:00 [INF] Request starting HTTP/1.1 OPTIONS http://localhost:5283/api/v1/codes/by-code/CAP_DON_VI - null null
2026-04-22 14:10:48.484 +07:00 [INF] Request starting HTTP/1.1 OPTIONS http://localhost:5283/api/v1/don-vi/tree - null null
2026-04-22 14:10:48.486 +07:00 [INF] CORS policy execution successful.
2026-04-22 14:10:48.487 +07:00 [INF] CORS policy execution successful.
2026-04-22 14:10:48.489 +07:00 [INF] HTTP OPTIONS /api/v1/codes/by-code/CAP_DON_VI => 204 in 2.2536 ms CorrelationId=a7b42917bbe349eaae2c110792db485f UserId=anonymous
2026-04-22 14:10:48.489 +07:00 [INF] HTTP OPTIONS /api/v1/don-vi/tree => 204 in 1.9572 ms CorrelationId=3f8fde56816c48588fa8354b61002e49 UserId=anonymous
2026-04-22 14:10:48.491 +07:00 [INF] HTTP OPTIONS /api/v1/codes/by-code/CAP_DON_VI responded 204 in 4.2681 ms
2026-04-22 14:10:48.492 +07:00 [INF] HTTP OPTIONS /api/v1/don-vi/tree responded 204 in 4.1993 ms
2026-04-22 14:10:48.492 +07:00 [INF] Request finished HTTP/1.1 OPTIONS http://localhost:5283/api/v1/codes/by-code/CAP_DON_VI - 204 null null 9.221ms
2026-04-22 14:10:48.495 +07:00 [INF] Request finished HTTP/1.1 OPTIONS http://localhost:5283/api/v1/don-vi/tree - 204 null null 11.2191ms
2026-04-22 14:10:48.497 +07:00 [INF] Request starting HTTP/1.1 GET http://localhost:5283/api/v1/codes/by-code/CAP_DON_VI - null null
2026-04-22 14:10:48.499 +07:00 [INF] Request starting HTTP/1.1 GET http://localhost:5283/api/v1/don-vi/tree - null null
2026-04-22 14:10:48.500 +07:00 [INF] CORS policy execution successful.
2026-04-22 14:10:48.502 +07:00 [INF] CORS policy execution successful.
2026-04-22 14:10:48.503 +07:00 [INF] Executing endpoint 'ThucLuc.Api.Controllers.V1.CodesController.GetByCode (ThucLuc.Api)'
2026-04-22 14:10:48.503 +07:00 [INF] Executing endpoint 'ThucLuc.Api.Controllers.V1.DonViController.GetTree (ThucLuc.Api)'
2026-04-22 14:10:48.504 +07:00 [INF] Route matched with {action = "GetByCode", controller = "Codes"}. Executing controller action with signature System.Threading.Tasks.Task`1[Microsoft.AspNetCore.Mvc.ActionResult`1[ThucLuc.Api.Common.Models.ApiResponse`1[ThucLuc.Application.Features.Codes.CodeDto]]] GetByCode(System.String, System.Threading.CancellationToken) on controller ThucLuc.Api.Controllers.V1.CodesController (ThucLuc.Api).
2026-04-22 14:10:48.505 +07:00 [INF] Route matched with {action = "GetTree", controller = "DonVi"}. Executing controller action with signature System.Threading.Tasks.Task`1[Microsoft.AspNetCore.Mvc.ActionResult`1[ThucLuc.Api.Common.Models.ApiResponse`1[System.Collections.Generic.IReadOnlyCollection`1[ThucLuc.Application.Features.DonVi.DonViDto]]]] GetTree(System.Threading.CancellationToken) on controller ThucLuc.Api.Controllers.V1.DonViController (ThucLuc.Api).
2026-04-22 14:10:48.553 +07:00 [INF] Executing OkObjectResult, writing value of type 'ThucLuc.Api.Common.Models.ApiResponse`1[[System.Collections.Generic.IReadOnlyCollection`1[[ThucLuc.Application.Features.DonVi.DonViDto, ThucLuc.Application, Version=1.0.0.0, Culture=neutral, PublicKeyToken=null]], System.Private.CoreLib, Version=8.0.0.0, Culture=neutral, PublicKeyToken=7cec85d7bea7798e]]'.
2026-04-22 14:10:48.553 +07:00 [INF] Executing OkObjectResult, writing value of type 'ThucLuc.Api.Common.Models.ApiResponse`1[[ThucLuc.Application.Features.Codes.CodeDto, ThucLuc.Application, Version=1.0.0.0, Culture=neutral, PublicKeyToken=null]]'.
2026-04-22 14:10:48.555 +07:00 [INF] Executed action ThucLuc.Api.Controllers.V1.DonViController.GetTree (ThucLuc.Api) in 47.1655ms
2026-04-22 14:10:48.557 +07:00 [INF] Executed action ThucLuc.Api.Controllers.V1.CodesController.GetByCode (ThucLuc.Api) in 50.7377ms
2026-04-22 14:10:48.559 +07:00 [INF] Executed endpoint 'ThucLuc.Api.Controllers.V1.DonViController.GetTree (ThucLuc.Api)'
2026-04-22 14:10:48.560 +07:00 [INF] Executed endpoint 'ThucLuc.Api.Controllers.V1.CodesController.GetByCode (ThucLuc.Api)'
2026-04-22 14:10:48.565 +07:00 [INF] HTTP GET /api/v1/codes/by-code/CAP_DON_VI => 200 in 64.7771 ms CorrelationId=56fce2667c5943efb017df41c46e7574 UserId=5001
2026-04-22 14:10:48.562 +07:00 [INF] HTTP GET /api/v1/don-vi/tree => 200 in 59.7449 ms CorrelationId=d278f8d51bb045aa9b5546def542e101 UserId=5001
2026-04-22 14:10:48.567 +07:00 [INF] HTTP GET /api/v1/codes/by-code/CAP_DON_VI responded 200 in 67.4651 ms
2026-04-22 14:10:48.570 +07:00 [INF] HTTP GET /api/v1/don-vi/tree responded 200 in 67.9528 ms
2026-04-22 14:10:48.572 +07:00 [INF] Request finished HTTP/1.1 GET http://localhost:5283/api/v1/codes/by-code/CAP_DON_VI - 200 null application/json; charset=utf-8 74.7151ms
2026-04-22 14:10:48.573 +07:00 [INF] Request finished HTTP/1.1 GET http://localhost:5283/api/v1/don-vi/tree - 200 null application/json; charset=utf-8 74.4882ms
2026-04-22 14:10:49.659 +07:00 [INF] Request starting HTTP/1.1 OPTIONS http://localhost:5283/api/v1/permissions - null null
2026-04-22 14:10:49.659 +07:00 [INF] Request starting HTTP/1.1 OPTIONS http://localhost:5283/api/v1/roles - null null
2026-04-22 14:10:49.661 +07:00 [INF] Request starting HTTP/1.1 OPTIONS http://localhost:5283/api/v1/users - null null
2026-04-22 14:10:49.661 +07:00 [INF] Request starting HTTP/1.1 OPTIONS http://localhost:5283/api/v1/phan-quyen/role-permissions - null null
2026-04-22 14:10:49.661 +07:00 [INF] Request starting HTTP/1.1 OPTIONS http://localhost:5283/api/v1/don-vi - null null
2026-04-22 14:10:49.661 +07:00 [INF] Request starting HTTP/1.1 OPTIONS http://localhost:5283/api/v1/phan-quyen/user-roles - null null
2026-04-22 14:10:49.663 +07:00 [INF] CORS policy execution successful.
2026-04-22 14:10:49.665 +07:00 [INF] CORS policy execution successful.
2026-04-22 14:10:49.668 +07:00 [INF] CORS policy execution successful.
2026-04-22 14:10:49.671 +07:00 [INF] CORS policy execution successful.
2026-04-22 14:10:49.674 +07:00 [INF] CORS policy execution successful.
2026-04-22 14:10:49.677 +07:00 [INF] HTTP OPTIONS /api/v1/permissions => 204 in 14.4928 ms CorrelationId=896ee66dd78a41fd9b442ffed77e1cee UserId=anonymous
2026-04-22 14:10:49.678 +07:00 [INF] CORS policy execution successful.
2026-04-22 14:10:49.678 +07:00 [INF] HTTP OPTIONS /api/v1/roles => 204 in 12.5986 ms CorrelationId=96716a0879a9410e84e443f5fe9f46f1 UserId=anonymous
2026-04-22 14:10:49.679 +07:00 [INF] HTTP OPTIONS /api/v1/users => 204 in 10.7335 ms CorrelationId=516228e54bff419e8210f6bf02b597cb UserId=anonymous
2026-04-22 14:10:49.679 +07:00 [INF] HTTP OPTIONS /api/v1/phan-quyen/role-permissions => 204 in 8.3801 ms CorrelationId=88900ae6f8034239bdfcc1f34fa7fa35 UserId=anonymous
2026-04-22 14:10:49.680 +07:00 [INF] HTTP OPTIONS /api/v1/don-vi => 204 in 6.2616 ms CorrelationId=0cfe3c6eca654e909a2a9ab41144dce3 UserId=anonymous
2026-04-22 14:10:49.682 +07:00 [INF] HTTP OPTIONS /api/v1/permissions responded 204 in 19.8017 ms
2026-04-22 14:10:49.684 +07:00 [INF] HTTP OPTIONS /api/v1/phan-quyen/user-roles => 204 in 6.1051 ms CorrelationId=c844a2991bf9482d8cdfc63c30898bcb UserId=anonymous
2026-04-22 14:10:49.686 +07:00 [INF] HTTP OPTIONS /api/v1/roles responded 204 in 21.1947 ms
2026-04-22 14:10:49.688 +07:00 [INF] HTTP OPTIONS /api/v1/users responded 204 in 20.1599 ms
2026-04-22 14:10:49.690 +07:00 [INF] HTTP OPTIONS /api/v1/phan-quyen/role-permissions responded 204 in 18.7131 ms
2026-04-22 14:10:49.692 +07:00 [INF] HTTP OPTIONS /api/v1/don-vi responded 204 in 18.0053 ms
2026-04-22 14:10:49.694 +07:00 [INF] Request finished HTTP/1.1 OPTIONS http://localhost:5283/api/v1/permissions - 204 null null 34.6138ms
2026-04-22 14:10:49.696 +07:00 [INF] HTTP OPTIONS /api/v1/phan-quyen/user-roles responded 204 in 18.6303 ms
2026-04-22 14:10:49.698 +07:00 [INF] Request finished HTTP/1.1 OPTIONS http://localhost:5283/api/v1/roles - 204 null null 38.8408ms
2026-04-22 14:10:49.699 +07:00 [INF] Request finished HTTP/1.1 OPTIONS http://localhost:5283/api/v1/users - 204 null null 38.4192ms
2026-04-22 14:10:49.710 +07:00 [INF] Request starting HTTP/1.1 GET http://localhost:5283/api/v1/roles - null null
2026-04-22 14:10:49.702 +07:00 [INF] Request finished HTTP/1.1 OPTIONS http://localhost:5283/api/v1/don-vi - 204 null null 40.6054ms
2026-04-22 14:10:49.705 +07:00 [INF] Request starting HTTP/1.1 GET http://localhost:5283/api/v1/permissions - null null
2026-04-22 14:10:49.706 +07:00 [INF] Request finished HTTP/1.1 OPTIONS http://localhost:5283/api/v1/phan-quyen/user-roles - 204 null null 44.649ms
2026-04-22 14:10:49.708 +07:00 [INF] Request starting HTTP/1.1 GET http://localhost:5283/api/v1/users - null null
2026-04-22 14:10:49.700 +07:00 [INF] Request finished HTTP/1.1 OPTIONS http://localhost:5283/api/v1/phan-quyen/role-permissions - 204 null null 39.2959ms
2026-04-22 14:10:49.713 +07:00 [INF] CORS policy execution successful.
2026-04-22 14:10:49.715 +07:00 [INF] Request starting HTTP/1.1 GET http://localhost:5283/api/v1/don-vi - null null
2026-04-22 14:10:49.716 +07:00 [INF] CORS policy execution successful.
2026-04-22 14:10:49.718 +07:00 [INF] Request starting HTTP/1.1 GET http://localhost:5283/api/v1/phan-quyen/user-roles - null null
2026-04-22 14:10:49.719 +07:00 [INF] CORS policy execution successful.
2026-04-22 14:10:49.721 +07:00 [INF] Request starting HTTP/1.1 GET http://localhost:5283/api/v1/phan-quyen/role-permissions - null null
2026-04-22 14:10:49.723 +07:00 [INF] Executing endpoint 'ThucLuc.Api.Controllers.V1.RolesController.GetAll (ThucLuc.Api)'
2026-04-22 14:10:49.725 +07:00 [INF] CORS policy execution successful.
2026-04-22 14:10:49.726 +07:00 [INF] Executing endpoint 'ThucLuc.Api.Controllers.V1.PermissionsController.GetAll (ThucLuc.Api)'
2026-04-22 14:10:49.728 +07:00 [INF] CORS policy execution successful.
2026-04-22 14:10:49.729 +07:00 [INF] Executing endpoint 'ThucLuc.Api.Controllers.V1.UsersController.GetAll (ThucLuc.Api)'
2026-04-22 14:10:49.731 +07:00 [INF] CORS policy execution successful.
2026-04-22 14:10:49.732 +07:00 [INF] Executing endpoint 'ThucLuc.Api.Controllers.V1.DonViController.GetList (ThucLuc.Api)'
2026-04-22 14:10:49.733 +07:00 [INF] Route matched with {action = "GetAll", controller = "Roles"}. Executing controller action with signature System.Threading.Tasks.Task`1[Microsoft.AspNetCore.Mvc.ActionResult`1[ThucLuc.Api.Common.Models.ApiResponse`1[System.Collections.Generic.IReadOnlyCollection`1[ThucLuc.Application.Features.Roles.RoleDto]]]] GetAll(System.Threading.CancellationToken) on controller ThucLuc.Api.Controllers.V1.RolesController (ThucLuc.Api).
2026-04-22 14:10:49.733 +07:00 [INF] Executing endpoint 'ThucLuc.Api.Controllers.V1.PhanQuyenController.GetUserRoleMappings (ThucLuc.Api)'
2026-04-22 14:10:49.735 +07:00 [INF] Route matched with {action = "GetAll", controller = "Permissions"}. Executing controller action with signature System.Threading.Tasks.Task`1[Microsoft.AspNetCore.Mvc.ActionResult`1[ThucLuc.Api.Common.Models.ApiResponse`1[System.Collections.Generic.IReadOnlyCollection`1[ThucLuc.Api.Controllers.V1.PermissionItemDto]]]] GetAll(System.Threading.CancellationToken) on controller ThucLuc.Api.Controllers.V1.PermissionsController (ThucLuc.Api).
2026-04-22 14:10:49.735 +07:00 [INF] Executing endpoint 'ThucLuc.Api.Controllers.V1.PhanQuyenController.GetRolePermissionMappings (ThucLuc.Api)'
2026-04-22 14:10:49.736 +07:00 [INF] Route matched with {action = "GetAll", controller = "Users"}. Executing controller action with signature System.Threading.Tasks.Task`1[Microsoft.AspNetCore.Mvc.ActionResult`1[ThucLuc.Api.Common.Models.ApiResponse`1[System.Collections.Generic.IReadOnlyCollection`1[ThucLuc.Application.Features.Users.UserDto]]]] GetAll(System.Threading.CancellationToken) on controller ThucLuc.Api.Controllers.V1.UsersController (ThucLuc.Api).
2026-04-22 14:10:49.737 +07:00 [INF] Route matched with {action = "GetList", controller = "DonVi"}. Executing controller action with signature System.Threading.Tasks.Task`1[Microsoft.AspNetCore.Mvc.ActionResult`1[ThucLuc.Api.Common.Models.ApiResponse`1[System.Collections.Generic.IReadOnlyCollection`1[ThucLuc.Application.Features.DonVi.DonViDto]]]] GetList(System.Threading.CancellationToken) on controller ThucLuc.Api.Controllers.V1.DonViController (ThucLuc.Api).
2026-04-22 14:10:49.740 +07:00 [INF] Route matched with {action = "GetUserRoleMappings", controller = "PhanQuyen"}. Executing controller action with signature System.Threading.Tasks.Task`1[Microsoft.AspNetCore.Mvc.ActionResult`1[ThucLuc.Api.Common.Models.ApiResponse`1[System.Collections.Generic.IReadOnlyCollection`1[ThucLuc.Api.Controllers.V1.UserRoleMappingDto]]]] GetUserRoleMappings(System.Nullable`1[System.Int64], System.Threading.CancellationToken) on controller ThucLuc.Api.Controllers.V1.PhanQuyenController (ThucLuc.Api).
2026-04-22 14:10:49.743 +07:00 [INF] Route matched with {action = "GetRolePermissionMappings", controller = "PhanQuyen"}. Executing controller action with signature System.Threading.Tasks.Task`1[Microsoft.AspNetCore.Mvc.ActionResult`1[ThucLuc.Api.Common.Models.ApiResponse`1[System.Collections.Generic.IReadOnlyCollection`1[ThucLuc.Api.Controllers.V1.RolePermissionMappingDto]]]] GetRolePermissionMappings(System.Threading.CancellationToken) on controller ThucLuc.Api.Controllers.V1.PhanQuyenController (ThucLuc.Api).
2026-04-22 14:10:49.751 +07:00 [INF] Executing OkObjectResult, writing value of type 'ThucLuc.Api.Common.Models.ApiResponse`1[[System.Collections.Generic.IReadOnlyCollection`1[[ThucLuc.Application.Features.Users.UserDto, ThucLuc.Application, Version=1.0.0.0, Culture=neutral, PublicKeyToken=null]], System.Private.CoreLib, Version=8.0.0.0, Culture=neutral, PublicKeyToken=7cec85d7bea7798e]]'.
2026-04-22 14:10:49.754 +07:00 [INF] Executed action ThucLuc.Api.Controllers.V1.UsersController.GetAll (ThucLuc.Api) in 11.4363ms
2026-04-22 14:10:49.755 +07:00 [INF] Executed endpoint 'ThucLuc.Api.Controllers.V1.UsersController.GetAll (ThucLuc.Api)'
2026-04-22 14:10:49.756 +07:00 [INF] HTTP GET /api/v1/users => 200 in 36.2223 ms CorrelationId=4ca2fee778a84b7594d1b6f97c77cb11 UserId=5001
2026-04-22 14:10:49.757 +07:00 [INF] HTTP GET /api/v1/users responded 200 in 37.5511 ms
2026-04-22 14:10:49.758 +07:00 [INF] Request finished HTTP/1.1 GET http://localhost:5283/api/v1/users - 200 null application/json; charset=utf-8 50.0519ms
2026-04-22 14:10:49.766 +07:00 [INF] Executing OkObjectResult, writing value of type 'ThucLuc.Api.Common.Models.ApiResponse`1[[System.Collections.Generic.IReadOnlyCollection`1[[ThucLuc.Api.Controllers.V1.UserRoleMappingDto, ThucLuc.Api, Version=1.0.0.0, Culture=neutral, PublicKeyToken=null]], System.Private.CoreLib, Version=8.0.0.0, Culture=neutral, PublicKeyToken=7cec85d7bea7798e]]'.
2026-04-22 14:10:49.766 +07:00 [INF] Executing OkObjectResult, writing value of type 'ThucLuc.Api.Common.Models.ApiResponse`1[[System.Collections.Generic.IReadOnlyCollection`1[[ThucLuc.Api.Controllers.V1.RolePermissionMappingDto, ThucLuc.Api, Version=1.0.0.0, Culture=neutral, PublicKeyToken=null]], System.Private.CoreLib, Version=8.0.0.0, Culture=neutral, PublicKeyToken=7cec85d7bea7798e]]'.
2026-04-22 14:10:49.769 +07:00 [INF] Executed action ThucLuc.Api.Controllers.V1.PhanQuyenController.GetUserRoleMappings (ThucLuc.Api) in 22.4155ms
2026-04-22 14:10:49.769 +07:00 [INF] Executed action ThucLuc.Api.Controllers.V1.PhanQuyenController.GetRolePermissionMappings (ThucLuc.Api) in 20.8894ms
2026-04-22 14:10:49.770 +07:00 [INF] Executed endpoint 'ThucLuc.Api.Controllers.V1.PhanQuyenController.GetUserRoleMappings (ThucLuc.Api)'
2026-04-22 14:10:49.771 +07:00 [INF] Executed endpoint 'ThucLuc.Api.Controllers.V1.PhanQuyenController.GetRolePermissionMappings (ThucLuc.Api)'
2026-04-22 14:10:49.771 +07:00 [INF] HTTP GET /api/v1/phan-quyen/user-roles => 200 in 43.1822 ms CorrelationId=dd2403b37bca44578521c9f42beab35c UserId=5001
2026-04-22 14:10:49.772 +07:00 [INF] HTTP GET /api/v1/phan-quyen/role-permissions => 200 in 41.9071 ms CorrelationId=b410637eb2354c27a8fb793af53d84ca UserId=5001
2026-04-22 14:10:49.774 +07:00 [INF] HTTP GET /api/v1/phan-quyen/user-roles responded 200 in 45.7909 ms
2026-04-22 14:10:49.775 +07:00 [INF] HTTP GET /api/v1/phan-quyen/role-permissions responded 200 in 44.8746 ms
2026-04-22 14:10:49.777 +07:00 [INF] Request finished HTTP/1.1 GET http://localhost:5283/api/v1/phan-quyen/user-roles - 200 null application/json; charset=utf-8 59.8183ms
2026-04-22 14:10:49.779 +07:00 [INF] Request finished HTTP/1.1 GET http://localhost:5283/api/v1/phan-quyen/role-permissions - 200 null application/json; charset=utf-8 58.267ms
2026-04-22 14:10:49.791 +07:00 [INF] Executing OkObjectResult, writing value of type 'ThucLuc.Api.Common.Models.ApiResponse`1[[System.Collections.Generic.IReadOnlyCollection`1[[ThucLuc.Api.Controllers.V1.PermissionItemDto, ThucLuc.Api, Version=1.0.0.0, Culture=neutral, PublicKeyToken=null]], System.Private.CoreLib, Version=8.0.0.0, Culture=neutral, PublicKeyToken=7cec85d7bea7798e]]'.
2026-04-22 14:10:49.792 +07:00 [INF] Executing OkObjectResult, writing value of type 'ThucLuc.Api.Common.Models.ApiResponse`1[[System.Collections.Generic.IReadOnlyCollection`1[[ThucLuc.Application.Features.DonVi.DonViDto, ThucLuc.Application, Version=1.0.0.0, Culture=neutral, PublicKeyToken=null]], System.Private.CoreLib, Version=8.0.0.0, Culture=neutral, PublicKeyToken=7cec85d7bea7798e]]'.
2026-04-22 14:10:49.794 +07:00 [INF] Executed action ThucLuc.Api.Controllers.V1.DonViController.GetList (ThucLuc.Api) in 48.8771ms
2026-04-22 14:10:49.795 +07:00 [INF] Executed action ThucLuc.Api.Controllers.V1.PermissionsController.GetAll (ThucLuc.Api) in 54.4723ms
2026-04-22 14:10:49.795 +07:00 [INF] Executed endpoint 'ThucLuc.Api.Controllers.V1.DonViController.GetList (ThucLuc.Api)'
2026-04-22 14:10:49.797 +07:00 [INF] Executed endpoint 'ThucLuc.Api.Controllers.V1.PermissionsController.GetAll (ThucLuc.Api)'
2026-04-22 14:10:49.798 +07:00 [INF] HTTP GET /api/v1/don-vi => 200 in 72.8731 ms CorrelationId=6ba974263ea44004a1d453c72af45c0d UserId=5001
2026-04-22 14:10:49.799 +07:00 [INF] HTTP GET /api/v1/permissions => 200 in 82.6009 ms CorrelationId=6986379b8c364fe5969d044aefaf05d7 UserId=5001
2026-04-22 14:10:49.800 +07:00 [INF] HTTP GET /api/v1/don-vi responded 200 in 75.3230 ms
2026-04-22 14:10:49.801 +07:00 [INF] Executing OkObjectResult, writing value of type 'ThucLuc.Api.Common.Models.ApiResponse`1[[System.Collections.Generic.IReadOnlyCollection`1[[ThucLuc.Application.Features.Roles.RoleDto, ThucLuc.Application, Version=1.0.0.0, Culture=neutral, PublicKeyToken=null]], System.Private.CoreLib, Version=8.0.0.0, Culture=neutral, PublicKeyToken=7cec85d7bea7798e]]'.
2026-04-22 14:10:49.801 +07:00 [INF] HTTP GET /api/v1/permissions responded 200 in 85.0464 ms
2026-04-22 14:10:49.802 +07:00 [INF] Request finished HTTP/1.1 GET http://localhost:5283/api/v1/don-vi - 200 null application/json; charset=utf-8 87.1431ms
2026-04-22 14:10:49.804 +07:00 [INF] Request finished HTTP/1.1 GET http://localhost:5283/api/v1/permissions - 200 null application/json; charset=utf-8 99.2766ms
2026-04-22 14:10:49.804 +07:00 [INF] Executed action ThucLuc.Api.Controllers.V1.RolesController.GetAll (ThucLuc.Api) in 66.8344ms
2026-04-22 14:10:49.809 +07:00 [INF] Executed endpoint 'ThucLuc.Api.Controllers.V1.RolesController.GetAll (ThucLuc.Api)'
2026-04-22 14:10:49.810 +07:00 [INF] HTTP GET /api/v1/roles => 200 in 97.1912 ms CorrelationId=3aae71c5ce16447ebe64b52e1f80b17f UserId=5001
2026-04-22 14:10:49.812 +07:00 [INF] HTTP GET /api/v1/roles responded 200 in 99.3567 ms
2026-04-22 14:10:49.814 +07:00 [INF] Request finished HTTP/1.1 GET http://localhost:5283/api/v1/roles - 200 null application/json; charset=utf-8 103.2085ms
2026-04-22 14:10:50.849 +07:00 [INF] Request starting HTTP/1.1 GET http://localhost:5283/api/v1/permissions - null null
2026-04-22 14:10:50.851 +07:00 [INF] CORS policy execution successful.
2026-04-22 14:10:50.852 +07:00 [INF] Executing endpoint 'ThucLuc.Api.Controllers.V1.PermissionsController.GetAll (ThucLuc.Api)'
2026-04-22 14:10:50.852 +07:00 [INF] Route matched with {action = "GetAll", controller = "Permissions"}. Executing controller action with signature System.Threading.Tasks.Task`1[Microsoft.AspNetCore.Mvc.ActionResult`1[ThucLuc.Api.Common.Models.ApiResponse`1[System.Collections.Generic.IReadOnlyCollection`1[ThucLuc.Api.Controllers.V1.PermissionItemDto]]]] GetAll(System.Threading.CancellationToken) on controller ThucLuc.Api.Controllers.V1.PermissionsController (ThucLuc.Api).
2026-04-22 14:10:50.856 +07:00 [INF] Executing OkObjectResult, writing value of type 'ThucLuc.Api.Common.Models.ApiResponse`1[[System.Collections.Generic.IReadOnlyCollection`1[[ThucLuc.Api.Controllers.V1.PermissionItemDto, ThucLuc.Api, Version=1.0.0.0, Culture=neutral, PublicKeyToken=null]], System.Private.CoreLib, Version=8.0.0.0, Culture=neutral, PublicKeyToken=7cec85d7bea7798e]]'.
2026-04-22 14:10:50.857 +07:00 [INF] Executed action ThucLuc.Api.Controllers.V1.PermissionsController.GetAll (ThucLuc.Api) in 3.3158ms
2026-04-22 14:10:50.858 +07:00 [INF] Executed endpoint 'ThucLuc.Api.Controllers.V1.PermissionsController.GetAll (ThucLuc.Api)'
2026-04-22 14:10:50.858 +07:00 [INF] HTTP GET /api/v1/permissions => 200 in 7.2851 ms CorrelationId=505a66b266c44f019058fcf871e5b1df UserId=5001
2026-04-22 14:10:50.859 +07:00 [INF] HTTP GET /api/v1/permissions responded 200 in 8.5018 ms
2026-04-22 14:10:50.860 +07:00 [INF] Request finished HTTP/1.1 GET http://localhost:5283/api/v1/permissions - 200 null application/json; charset=utf-8 10.9902ms
2026-04-22 14:10:51.914 +07:00 [INF] Request starting HTTP/1.1 GET http://localhost:5283/api/v1/roles - null null
2026-04-22 14:10:51.916 +07:00 [INF] CORS policy execution successful.
2026-04-22 14:10:51.916 +07:00 [INF] Executing endpoint 'ThucLuc.Api.Controllers.V1.RolesController.GetAll (ThucLuc.Api)'
2026-04-22 14:10:51.917 +07:00 [INF] Route matched with {action = "GetAll", controller = "Roles"}. Executing controller action with signature System.Threading.Tasks.Task`1[Microsoft.AspNetCore.Mvc.ActionResult`1[ThucLuc.Api.Common.Models.ApiResponse`1[System.Collections.Generic.IReadOnlyCollection`1[ThucLuc.Application.Features.Roles.RoleDto]]]] GetAll(System.Threading.CancellationToken) on controller ThucLuc.Api.Controllers.V1.RolesController (ThucLuc.Api).
2026-04-22 14:10:51.925 +07:00 [INF] Executing OkObjectResult, writing value of type 'ThucLuc.Api.Common.Models.ApiResponse`1[[System.Collections.Generic.IReadOnlyCollection`1[[ThucLuc.Application.Features.Roles.RoleDto, ThucLuc.Application, Version=1.0.0.0, Culture=neutral, PublicKeyToken=null]], System.Private.CoreLib, Version=8.0.0.0, Culture=neutral, PublicKeyToken=7cec85d7bea7798e]]'.
2026-04-22 14:10:51.926 +07:00 [INF] Executed action ThucLuc.Api.Controllers.V1.RolesController.GetAll (ThucLuc.Api) in 6.9439ms
2026-04-22 14:10:51.928 +07:00 [INF] Executed endpoint 'ThucLuc.Api.Controllers.V1.RolesController.GetAll (ThucLuc.Api)'
2026-04-22 14:10:51.929 +07:00 [INF] HTTP GET /api/v1/roles => 200 in 13.654 ms CorrelationId=2f383a6f9c5947bd8a1f587fab40a43e UserId=5001
2026-04-22 14:10:51.932 +07:00 [INF] HTTP GET /api/v1/roles responded 200 in 15.9942 ms
2026-04-22 14:10:51.933 +07:00 [INF] Request finished HTTP/1.1 GET http://localhost:5283/api/v1/roles - 200 null application/json; charset=utf-8 18.9649ms
2026-04-22 14:10:53.457 +07:00 [INF] Request starting HTTP/1.1 GET http://localhost:5283/api/v1/users - null null
2026-04-22 14:10:53.457 +07:00 [INF] Request starting HTTP/1.1 GET http://localhost:5283/api/v1/don-vi - null null
2026-04-22 14:10:53.459 +07:00 [INF] CORS policy execution successful.
2026-04-22 14:10:53.461 +07:00 [INF] CORS policy execution successful.
2026-04-22 14:10:53.461 +07:00 [INF] Executing endpoint 'ThucLuc.Api.Controllers.V1.UsersController.GetAll (ThucLuc.Api)'
2026-04-22 14:10:53.462 +07:00 [INF] Executing endpoint 'ThucLuc.Api.Controllers.V1.DonViController.GetList (ThucLuc.Api)'
2026-04-22 14:10:53.462 +07:00 [INF] Route matched with {action = "GetAll", controller = "Users"}. Executing controller action with signature System.Threading.Tasks.Task`1[Microsoft.AspNetCore.Mvc.ActionResult`1[ThucLuc.Api.Common.Models.ApiResponse`1[System.Collections.Generic.IReadOnlyCollection`1[ThucLuc.Application.Features.Users.UserDto]]]] GetAll(System.Threading.CancellationToken) on controller ThucLuc.Api.Controllers.V1.UsersController (ThucLuc.Api).
2026-04-22 14:10:53.463 +07:00 [INF] Route matched with {action = "GetList", controller = "DonVi"}. Executing controller action with signature System.Threading.Tasks.Task`1[Microsoft.AspNetCore.Mvc.ActionResult`1[ThucLuc.Api.Common.Models.ApiResponse`1[System.Collections.Generic.IReadOnlyCollection`1[ThucLuc.Application.Features.DonVi.DonViDto]]]] GetList(System.Threading.CancellationToken) on controller ThucLuc.Api.Controllers.V1.DonViController (ThucLuc.Api).
2026-04-22 14:10:53.465 +07:00 [INF] Executing OkObjectResult, writing value of type 'ThucLuc.Api.Common.Models.ApiResponse`1[[System.Collections.Generic.IReadOnlyCollection`1[[ThucLuc.Application.Features.Users.UserDto, ThucLuc.Application, Version=1.0.0.0, Culture=neutral, PublicKeyToken=null]], System.Private.CoreLib, Version=8.0.0.0, Culture=neutral, PublicKeyToken=7cec85d7bea7798e]]'.
2026-04-22 14:10:53.465 +07:00 [INF] Executing OkObjectResult, writing value of type 'ThucLuc.Api.Common.Models.ApiResponse`1[[System.Collections.Generic.IReadOnlyCollection`1[[ThucLuc.Application.Features.DonVi.DonViDto, ThucLuc.Application, Version=1.0.0.0, Culture=neutral, PublicKeyToken=null]], System.Private.CoreLib, Version=8.0.0.0, Culture=neutral, PublicKeyToken=7cec85d7bea7798e]]'.
2026-04-22 14:10:53.466 +07:00 [INF] Executed action ThucLuc.Api.Controllers.V1.UsersController.GetAll (ThucLuc.Api) in 2.6403ms
2026-04-22 14:10:53.467 +07:00 [INF] Executed action ThucLuc.Api.Controllers.V1.DonViController.GetList (ThucLuc.Api) in 2.5552ms
2026-04-22 14:10:53.468 +07:00 [INF] Executed endpoint 'ThucLuc.Api.Controllers.V1.UsersController.GetAll (ThucLuc.Api)'
2026-04-22 14:10:53.469 +07:00 [INF] Executed endpoint 'ThucLuc.Api.Controllers.V1.DonViController.GetList (ThucLuc.Api)'
2026-04-22 14:10:53.469 +07:00 [INF] HTTP GET /api/v1/users => 200 in 10.43 ms CorrelationId=150e3c90c02c4de28bcce37d1226198a UserId=5001
2026-04-22 14:10:53.470 +07:00 [INF] HTTP GET /api/v1/don-vi => 200 in 9.1693 ms CorrelationId=e82c9d5cf8d64453ad07badd50faffc5 UserId=5001
2026-04-22 14:10:53.471 +07:00 [INF] HTTP GET /api/v1/users responded 200 in 12.0906 ms
2026-04-22 14:10:53.472 +07:00 [INF] HTTP GET /api/v1/don-vi responded 200 in 11.2598 ms
2026-04-22 14:10:53.473 +07:00 [INF] Request finished HTTP/1.1 GET http://localhost:5283/api/v1/users - 200 null application/json; charset=utf-8 15.578ms
2026-04-22 14:10:53.474 +07:00 [INF] Request finished HTTP/1.1 GET http://localhost:5283/api/v1/don-vi - 200 null application/json; charset=utf-8 16.7696ms
2026-04-22 14:10:53.478 +07:00 [INF] Request starting HTTP/1.1 GET http://localhost:5283/api/v1/roles - null null
2026-04-22 14:10:53.480 +07:00 [INF] CORS policy execution successful.
2026-04-22 14:10:53.480 +07:00 [INF] Executing endpoint 'ThucLuc.Api.Controllers.V1.RolesController.GetAll (ThucLuc.Api)'
2026-04-22 14:10:53.481 +07:00 [INF] Route matched with {action = "GetAll", controller = "Roles"}. Executing controller action with signature System.Threading.Tasks.Task`1[Microsoft.AspNetCore.Mvc.ActionResult`1[ThucLuc.Api.Common.Models.ApiResponse`1[System.Collections.Generic.IReadOnlyCollection`1[ThucLuc.Application.Features.Roles.RoleDto]]]] GetAll(System.Threading.CancellationToken) on controller ThucLuc.Api.Controllers.V1.RolesController (ThucLuc.Api).
2026-04-22 14:10:53.485 +07:00 [INF] Executing OkObjectResult, writing value of type 'ThucLuc.Api.Common.Models.ApiResponse`1[[System.Collections.Generic.IReadOnlyCollection`1[[ThucLuc.Application.Features.Roles.RoleDto, ThucLuc.Application, Version=1.0.0.0, Culture=neutral, PublicKeyToken=null]], System.Private.CoreLib, Version=8.0.0.0, Culture=neutral, PublicKeyToken=7cec85d7bea7798e]]'.
2026-04-22 14:10:53.486 +07:00 [INF] Executed action ThucLuc.Api.Controllers.V1.RolesController.GetAll (ThucLuc.Api) in 4.0825ms
2026-04-22 14:10:53.487 +07:00 [INF] Executed endpoint 'ThucLuc.Api.Controllers.V1.RolesController.GetAll (ThucLuc.Api)'
2026-04-22 14:10:53.487 +07:00 [INF] HTTP GET /api/v1/roles => 200 in 7.9135 ms CorrelationId=609fae0102544938a85c86c44b066382 UserId=5001
2026-04-22 14:10:53.488 +07:00 [INF] HTTP GET /api/v1/roles responded 200 in 8.8415 ms
2026-04-22 14:10:53.489 +07:00 [INF] Request finished HTTP/1.1 GET http://localhost:5283/api/v1/roles - 200 null application/json; charset=utf-8 11.2453ms
2026-04-22 14:10:53.491 +07:00 [INF] Request starting HTTP/1.1 GET http://localhost:5283/api/v1/phan-quyen/user-roles - null null
2026-04-22 14:10:53.492 +07:00 [INF] CORS policy execution successful.
2026-04-22 14:10:53.493 +07:00 [INF] Executing endpoint 'ThucLuc.Api.Controllers.V1.PhanQuyenController.GetUserRoleMappings (ThucLuc.Api)'
2026-04-22 14:10:53.495 +07:00 [INF] Route matched with {action = "GetUserRoleMappings", controller = "PhanQuyen"}. Executing controller action with signature System.Threading.Tasks.Task`1[Microsoft.AspNetCore.Mvc.ActionResult`1[ThucLuc.Api.Common.Models.ApiResponse`1[System.Collections.Generic.IReadOnlyCollection`1[ThucLuc.Api.Controllers.V1.UserRoleMappingDto]]]] GetUserRoleMappings(System.Nullable`1[System.Int64], System.Threading.CancellationToken) on controller ThucLuc.Api.Controllers.V1.PhanQuyenController (ThucLuc.Api).
2026-04-22 14:10:53.498 +07:00 [INF] Executing OkObjectResult, writing value of type 'ThucLuc.Api.Common.Models.ApiResponse`1[[System.Collections.Generic.IReadOnlyCollection`1[[ThucLuc.Api.Controllers.V1.UserRoleMappingDto, ThucLuc.Api, Version=1.0.0.0, Culture=neutral, PublicKeyToken=null]], System.Private.CoreLib, Version=8.0.0.0, Culture=neutral, PublicKeyToken=7cec85d7bea7798e]]'.
2026-04-22 14:10:53.499 +07:00 [INF] Executed action ThucLuc.Api.Controllers.V1.PhanQuyenController.GetUserRoleMappings (ThucLuc.Api) in 3.4765ms
2026-04-22 14:10:53.500 +07:00 [INF] Executed endpoint 'ThucLuc.Api.Controllers.V1.PhanQuyenController.GetUserRoleMappings (ThucLuc.Api)'
2026-04-22 14:10:53.500 +07:00 [INF] HTTP GET /api/v1/phan-quyen/user-roles => 200 in 8.0801 ms CorrelationId=8094d020043649f5838164d1e422716a UserId=5001
2026-04-22 14:10:53.502 +07:00 [INF] HTTP GET /api/v1/phan-quyen/user-roles responded 200 in 9.1797 ms
2026-04-22 14:10:53.502 +07:00 [INF] Request finished HTTP/1.1 GET http://localhost:5283/api/v1/phan-quyen/user-roles - 200 null application/json; charset=utf-8 11.1846ms
2026-04-22 14:10:56.186 +07:00 [INF] Request starting HTTP/1.1 OPTIONS http://localhost:5283/api/v1/roles - null null
2026-04-22 14:10:56.190 +07:00 [INF] CORS policy execution successful.
2026-04-22 14:10:56.191 +07:00 [INF] HTTP OPTIONS /api/v1/roles => 204 in 0.8525 ms CorrelationId=8f9b812025444fd28e6243594dd075e3 UserId=anonymous
2026-04-22 14:10:56.194 +07:00 [INF] HTTP OPTIONS /api/v1/roles responded 204 in 4.0684 ms
2026-04-22 14:10:56.196 +07:00 [INF] Request finished HTTP/1.1 OPTIONS http://localhost:5283/api/v1/roles - 204 null null 10.1733ms
2026-04-22 14:10:56.199 +07:00 [INF] Request starting HTTP/1.1 GET http://localhost:5283/api/v1/roles - null null
2026-04-22 14:10:56.201 +07:00 [INF] CORS policy execution successful.
2026-04-22 14:10:56.202 +07:00 [INF] Executing endpoint 'ThucLuc.Api.Controllers.V1.RolesController.GetAll (ThucLuc.Api)'
2026-04-22 14:10:56.203 +07:00 [INF] Route matched with {action = "GetAll", controller = "Roles"}. Executing controller action with signature System.Threading.Tasks.Task`1[Microsoft.AspNetCore.Mvc.ActionResult`1[ThucLuc.Api.Common.Models.ApiResponse`1[System.Collections.Generic.IReadOnlyCollection`1[ThucLuc.Application.Features.Roles.RoleDto]]]] GetAll(System.Threading.CancellationToken) on controller ThucLuc.Api.Controllers.V1.RolesController (ThucLuc.Api).
2026-04-22 14:10:56.210 +07:00 [INF] Executing OkObjectResult, writing value of type 'ThucLuc.Api.Common.Models.ApiResponse`1[[System.Collections.Generic.IReadOnlyCollection`1[[ThucLuc.Application.Features.Roles.RoleDto, ThucLuc.Application, Version=1.0.0.0, Culture=neutral, PublicKeyToken=null]], System.Private.CoreLib, Version=8.0.0.0, Culture=neutral, PublicKeyToken=7cec85d7bea7798e]]'.
2026-04-22 14:10:56.212 +07:00 [INF] Executed action ThucLuc.Api.Controllers.V1.RolesController.GetAll (ThucLuc.Api) in 6.2213ms
2026-04-22 14:10:56.214 +07:00 [INF] Executed endpoint 'ThucLuc.Api.Controllers.V1.RolesController.GetAll (ThucLuc.Api)'
2026-04-22 14:10:56.215 +07:00 [INF] HTTP GET /api/v1/roles => 200 in 14.2274 ms CorrelationId=e0e20a7bc50049e8858a880310bd61e8 UserId=5001
2026-04-22 14:10:56.217 +07:00 [INF] HTTP GET /api/v1/roles responded 200 in 16.4105 ms
2026-04-22 14:10:56.220 +07:00 [INF] Request finished HTTP/1.1 GET http://localhost:5283/api/v1/roles - 200 null application/json; charset=utf-8 20.4746ms
2026-04-22 14:12:42.150 +07:00 [INF] Request starting HTTP/1.1 OPTIONS http://localhost:5283/api/v1/don-vi/2001 - null null
2026-04-22 14:12:42.152 +07:00 [INF] CORS policy execution successful.
2026-04-22 14:12:42.153 +07:00 [INF] HTTP OPTIONS /api/v1/don-vi/2001 => 204 in 0.8742 ms CorrelationId=0c8e2b8a96da4663a87e3d5fc692bf3e UserId=anonymous
2026-04-22 14:12:42.156 +07:00 [INF] HTTP OPTIONS /api/v1/don-vi/2001 responded 204 in 3.5582 ms
2026-04-22 14:12:42.158 +07:00 [INF] Request finished HTTP/1.1 OPTIONS http://localhost:5283/api/v1/don-vi/2001 - 204 null null 7.8275ms
2026-04-22 14:12:42.158 +07:00 [INF] Request starting HTTP/1.1 OPTIONS http://localhost:5283/api/v1/roles - null null
2026-04-22 14:12:42.161 +07:00 [INF] Request starting HTTP/1.1 GET http://localhost:5283/api/v1/don-vi/2001 - null null
2026-04-22 14:12:42.162 +07:00 [INF] CORS policy execution successful.
2026-04-22 14:12:42.164 +07:00 [INF] CORS policy execution successful.
2026-04-22 14:12:42.165 +07:00 [INF] HTTP OPTIONS /api/v1/roles => 204 in 2.4603 ms CorrelationId=5fe7206a3a3b486eb7bd7e2b4c801ea3 UserId=anonymous
2026-04-22 14:12:42.166 +07:00 [INF] Executing endpoint 'ThucLuc.Api.Controllers.V1.DonViController.GetById (ThucLuc.Api)'
2026-04-22 14:12:42.167 +07:00 [INF] HTTP OPTIONS /api/v1/roles responded 204 in 4.8280 ms
2026-04-22 14:12:42.168 +07:00 [INF] Route matched with {action = "GetById", controller = "DonVi"}. Executing controller action with signature System.Threading.Tasks.Task`1[Microsoft.AspNetCore.Mvc.ActionResult`1[ThucLuc.Api.Common.Models.ApiResponse`1[ThucLuc.Application.Features.DonVi.DonViDto]]] GetById(Int64, System.Threading.CancellationToken) on controller ThucLuc.Api.Controllers.V1.DonViController (ThucLuc.Api).
2026-04-22 14:12:42.169 +07:00 [INF] Request finished HTTP/1.1 OPTIONS http://localhost:5283/api/v1/roles - 204 null null 11.0136ms
2026-04-22 14:12:42.176 +07:00 [INF] Request starting HTTP/1.1 GET http://localhost:5283/api/v1/roles - null null
2026-04-22 14:12:42.178 +07:00 [INF] CORS policy execution successful.
2026-04-22 14:12:42.178 +07:00 [INF] Executing endpoint 'ThucLuc.Api.Controllers.V1.RolesController.GetAll (ThucLuc.Api)'
2026-04-22 14:12:42.179 +07:00 [INF] Route matched with {action = "GetAll", controller = "Roles"}. Executing controller action with signature System.Threading.Tasks.Task`1[Microsoft.AspNetCore.Mvc.ActionResult`1[ThucLuc.Api.Common.Models.ApiResponse`1[System.Collections.Generic.IReadOnlyCollection`1[ThucLuc.Application.Features.Roles.RoleDto]]]] GetAll(System.Threading.CancellationToken) on controller ThucLuc.Api.Controllers.V1.RolesController (ThucLuc.Api).
2026-04-22 14:12:42.216 +07:00 [INF] Executing OkObjectResult, writing value of type 'ThucLuc.Api.Common.Models.ApiResponse`1[[ThucLuc.Application.Features.DonVi.DonViDto, ThucLuc.Application, Version=1.0.0.0, Culture=neutral, PublicKeyToken=null]]'.
2026-04-22 14:12:42.217 +07:00 [INF] Executed action ThucLuc.Api.Controllers.V1.DonViController.GetById (ThucLuc.Api) in 45.425ms
2026-04-22 14:12:42.219 +07:00 [INF] Executed endpoint 'ThucLuc.Api.Controllers.V1.DonViController.GetById (ThucLuc.Api)'
2026-04-22 14:12:42.219 +07:00 [INF] HTTP GET /api/v1/don-vi/2001 => 200 in 55.4425 ms CorrelationId=e53d87ed843644bdb87edc36bda665ed UserId=5001
2026-04-22 14:12:42.222 +07:00 [INF] HTTP GET /api/v1/don-vi/2001 responded 200 in 58.4277 ms
2026-04-22 14:12:42.224 +07:00 [INF] Request finished HTTP/1.1 GET http://localhost:5283/api/v1/don-vi/2001 - 200 null application/json; charset=utf-8 63.1934ms
2026-04-22 14:12:42.268 +07:00 [INF] Executing OkObjectResult, writing value of type 'ThucLuc.Api.Common.Models.ApiResponse`1[[System.Collections.Generic.IReadOnlyCollection`1[[ThucLuc.Application.Features.Roles.RoleDto, ThucLuc.Application, Version=1.0.0.0, Culture=neutral, PublicKeyToken=null]], System.Private.CoreLib, Version=8.0.0.0, Culture=neutral, PublicKeyToken=7cec85d7bea7798e]]'.
2026-04-22 14:12:42.270 +07:00 [INF] Executed action ThucLuc.Api.Controllers.V1.RolesController.GetAll (ThucLuc.Api) in 88.7693ms
2026-04-22 14:12:42.271 +07:00 [INF] Executed endpoint 'ThucLuc.Api.Controllers.V1.RolesController.GetAll (ThucLuc.Api)'
2026-04-22 14:12:42.273 +07:00 [INF] HTTP GET /api/v1/roles => 200 in 94.8374 ms CorrelationId=8a8e43f7867746c9a3050712f127c60b UserId=5001
2026-04-22 14:12:42.274 +07:00 [INF] HTTP GET /api/v1/roles responded 200 in 96.4971 ms
2026-04-22 14:12:42.276 +07:00 [INF] Request finished HTTP/1.1 GET http://localhost:5283/api/v1/roles - 200 null application/json; charset=utf-8 99.7211ms
2026-04-22 14:12:49.132 +07:00 [INF] Request starting HTTP/1.1 OPTIONS http://localhost:5283/api/v1/don-vi/2001 - null null
2026-04-22 14:12:49.136 +07:00 [INF] CORS policy execution successful.
2026-04-22 14:12:49.137 +07:00 [INF] HTTP OPTIONS /api/v1/don-vi/2001 => 204 in 1.783 ms CorrelationId=86db57bcc27449e88bcc1f5768eeceda UserId=anonymous
2026-04-22 14:12:49.140 +07:00 [INF] HTTP OPTIONS /api/v1/don-vi/2001 responded 204 in 4.3744 ms
2026-04-22 14:12:49.142 +07:00 [INF] Request finished HTTP/1.1 OPTIONS http://localhost:5283/api/v1/don-vi/2001 - 204 null null 10.213ms
2026-04-22 14:12:49.146 +07:00 [INF] Request starting HTTP/1.1 GET http://localhost:5283/api/v1/don-vi/2001 - null null
2026-04-22 14:12:49.148 +07:00 [INF] Request starting HTTP/1.1 OPTIONS http://localhost:5283/api/v1/roles - null null
2026-04-22 14:12:49.150 +07:00 [INF] CORS policy execution successful.
2026-04-22 14:12:49.155 +07:00 [INF] CORS policy execution successful.
2026-04-22 14:12:49.156 +07:00 [INF] Executing endpoint 'ThucLuc.Api.Controllers.V1.DonViController.GetById (ThucLuc.Api)'
2026-04-22 14:12:49.157 +07:00 [INF] HTTP OPTIONS /api/v1/roles => 204 in 2.1115 ms CorrelationId=1e228505951e491d96ca1accc75c2873 UserId=anonymous
2026-04-22 14:12:49.158 +07:00 [INF] Route matched with {action = "GetById", controller = "DonVi"}. Executing controller action with signature System.Threading.Tasks.Task`1[Microsoft.AspNetCore.Mvc.ActionResult`1[ThucLuc.Api.Common.Models.ApiResponse`1[ThucLuc.Application.Features.DonVi.DonViDto]]] GetById(Int64, System.Threading.CancellationToken) on controller ThucLuc.Api.Controllers.V1.DonViController (ThucLuc.Api).
2026-04-22 14:12:49.160 +07:00 [INF] HTTP OPTIONS /api/v1/roles responded 204 in 4.9000 ms
2026-04-22 14:12:49.163 +07:00 [INF] Request finished HTTP/1.1 OPTIONS http://localhost:5283/api/v1/roles - 204 null null 15.4208ms
2026-04-22 14:12:49.166 +07:00 [INF] Request starting HTTP/1.1 GET http://localhost:5283/api/v1/roles - null null
2026-04-22 14:12:49.168 +07:00 [INF] CORS policy execution successful.
2026-04-22 14:12:49.169 +07:00 [INF] Executing endpoint 'ThucLuc.Api.Controllers.V1.RolesController.GetAll (ThucLuc.Api)'
2026-04-22 14:12:49.170 +07:00 [INF] Route matched with {action = "GetAll", controller = "Roles"}. Executing controller action with signature System.Threading.Tasks.Task`1[Microsoft.AspNetCore.Mvc.ActionResult`1[ThucLuc.Api.Common.Models.ApiResponse`1[System.Collections.Generic.IReadOnlyCollection`1[ThucLuc.Application.Features.Roles.RoleDto]]]] GetAll(System.Threading.CancellationToken) on controller ThucLuc.Api.Controllers.V1.RolesController (ThucLuc.Api).
2026-04-22 14:12:49.208 +07:00 [INF] Executing OkObjectResult, writing value of type 'ThucLuc.Api.Common.Models.ApiResponse`1[[ThucLuc.Application.Features.DonVi.DonViDto, ThucLuc.Application, Version=1.0.0.0, Culture=neutral, PublicKeyToken=null]]'.
2026-04-22 14:12:49.210 +07:00 [INF] Executed action ThucLuc.Api.Controllers.V1.DonViController.GetById (ThucLuc.Api) in 48.6345ms
2026-04-22 14:12:49.211 +07:00 [INF] Executed endpoint 'ThucLuc.Api.Controllers.V1.DonViController.GetById (ThucLuc.Api)'
2026-04-22 14:12:49.212 +07:00 [INF] HTTP GET /api/v1/don-vi/2001 => 200 in 62.3798 ms CorrelationId=d7eafd871f934d679dc27e4968a3df26 UserId=5001
2026-04-22 14:12:49.214 +07:00 [INF] HTTP GET /api/v1/don-vi/2001 responded 200 in 64.2088 ms
2026-04-22 14:12:49.216 +07:00 [INF] Request finished HTTP/1.1 GET http://localhost:5283/api/v1/don-vi/2001 - 200 null application/json; charset=utf-8 69.9111ms
2026-04-22 14:12:49.260 +07:00 [INF] Executing OkObjectResult, writing value of type 'ThucLuc.Api.Common.Models.ApiResponse`1[[System.Collections.Generic.IReadOnlyCollection`1[[ThucLuc.Application.Features.Roles.RoleDto, ThucLuc.Application, Version=1.0.0.0, Culture=neutral, PublicKeyToken=null]], System.Private.CoreLib, Version=8.0.0.0, Culture=neutral, PublicKeyToken=7cec85d7bea7798e]]'.
2026-04-22 14:12:49.261 +07:00 [INF] Executed action ThucLuc.Api.Controllers.V1.RolesController.GetAll (ThucLuc.Api) in 89.5948ms
2026-04-22 14:12:49.262 +07:00 [INF] Executed endpoint 'ThucLuc.Api.Controllers.V1.RolesController.GetAll (ThucLuc.Api)'
2026-04-22 14:12:49.264 +07:00 [INF] HTTP GET /api/v1/roles => 200 in 95.5896 ms CorrelationId=d51f72e9a3ee41adbb9e71080273bda3 UserId=5001
2026-04-22 14:12:49.265 +07:00 [INF] HTTP GET /api/v1/roles responded 200 in 96.8197 ms
2026-04-22 14:12:49.266 +07:00 [INF] Request finished HTTP/1.1 GET http://localhost:5283/api/v1/roles - 200 null application/json; charset=utf-8 100.0029ms
2026-04-22 14:13:10.389 +07:00 [INF] Request starting HTTP/1.1 OPTIONS http://localhost:5283/api/v1/codes?includeInactive=false - null null
2026-04-22 14:13:10.391 +07:00 [INF] CORS policy execution successful.
2026-04-22 14:13:10.391 +07:00 [INF] HTTP OPTIONS /api/v1/codes => 204 in 0.4252 ms CorrelationId=108a8fe037a84c53acf5663a8ff39591 UserId=anonymous
2026-04-22 14:13:10.392 +07:00 [INF] HTTP OPTIONS /api/v1/codes responded 204 in 1.4874 ms
2026-04-22 14:13:10.393 +07:00 [INF] Request finished HTTP/1.1 OPTIONS http://localhost:5283/api/v1/codes?includeInactive=false - 204 null null 4.5129ms
2026-04-22 14:13:10.395 +07:00 [INF] Request starting HTTP/1.1 GET http://localhost:5283/api/v1/codes?includeInactive=false - null null
2026-04-22 14:13:10.396 +07:00 [INF] CORS policy execution successful.
2026-04-22 14:13:10.397 +07:00 [INF] Executing endpoint 'ThucLuc.Api.Controllers.V1.CodesController.GetAll (ThucLuc.Api)'
2026-04-22 14:13:10.397 +07:00 [INF] Route matched with {action = "GetAll", controller = "Codes"}. Executing controller action with signature System.Threading.Tasks.Task`1[Microsoft.AspNetCore.Mvc.ActionResult`1[ThucLuc.Api.Common.Models.ApiResponse`1[System.Collections.Generic.IReadOnlyCollection`1[ThucLuc.Application.Features.Codes.CodeDto]]]] GetAll(Boolean, System.Threading.CancellationToken) on controller ThucLuc.Api.Controllers.V1.CodesController (ThucLuc.Api).
2026-04-22 14:13:10.445 +07:00 [INF] Executing OkObjectResult, writing value of type 'ThucLuc.Api.Common.Models.ApiResponse`1[[System.Collections.Generic.IReadOnlyCollection`1[[ThucLuc.Application.Features.Codes.CodeDto, ThucLuc.Application, Version=1.0.0.0, Culture=neutral, PublicKeyToken=null]], System.Private.CoreLib, Version=8.0.0.0, Culture=neutral, PublicKeyToken=7cec85d7bea7798e]]'.
2026-04-22 14:13:10.445 +07:00 [INF] Executed action ThucLuc.Api.Controllers.V1.CodesController.GetAll (ThucLuc.Api) in 46.7438ms
2026-04-22 14:13:10.446 +07:00 [INF] Executed endpoint 'ThucLuc.Api.Controllers.V1.CodesController.GetAll (ThucLuc.Api)'
2026-04-22 14:13:10.447 +07:00 [INF] HTTP GET /api/v1/codes => 200 in 50.4606 ms CorrelationId=8ff7b088635c48fea3f3cc3cb73f0207 UserId=5001
2026-04-22 14:13:10.448 +07:00 [INF] HTTP GET /api/v1/codes responded 200 in 51.4334 ms
2026-04-22 14:13:10.448 +07:00 [INF] Request finished HTTP/1.1 GET http://localhost:5283/api/v1/codes?includeInactive=false - 200 null application/json; charset=utf-8 53.4068ms
2026-04-22 14:13:10.451 +07:00 [INF] Request starting HTTP/1.1 OPTIONS http://localhost:5283/api/v1/codes/22 - null null
2026-04-22 14:13:10.453 +07:00 [INF] CORS policy execution successful.
2026-04-22 14:13:10.454 +07:00 [INF] HTTP OPTIONS /api/v1/codes/22 => 204 in 0.9239 ms CorrelationId=f176b2454f6e415fa7f2d0640e9111de UserId=anonymous
2026-04-22 14:13:10.456 +07:00 [INF] HTTP OPTIONS /api/v1/codes/22 responded 204 in 2.3176 ms
2026-04-22 14:13:10.457 +07:00 [INF] Request finished HTTP/1.1 OPTIONS http://localhost:5283/api/v1/codes/22 - 204 null null 6.2783ms
2026-04-22 14:13:10.460 +07:00 [INF] Request starting HTTP/1.1 GET http://localhost:5283/api/v1/codes/22 - null null
2026-04-22 14:13:10.462 +07:00 [INF] CORS policy execution successful.
2026-04-22 14:13:10.463 +07:00 [INF] Executing endpoint 'ThucLuc.Api.Controllers.V1.CodesController.GetById (ThucLuc.Api)'
2026-04-22 14:13:10.464 +07:00 [INF] Route matched with {action = "GetById", controller = "Codes"}. Executing controller action with signature System.Threading.Tasks.Task`1[Microsoft.AspNetCore.Mvc.ActionResult`1[ThucLuc.Api.Common.Models.ApiResponse`1[ThucLuc.Application.Features.Codes.CodeDto]]] GetById(Int64, System.Threading.CancellationToken) on controller ThucLuc.Api.Controllers.V1.CodesController (ThucLuc.Api).
2026-04-22 14:13:10.467 +07:00 [INF] Executing OkObjectResult, writing value of type 'ThucLuc.Api.Common.Models.ApiResponse`1[[ThucLuc.Application.Features.Codes.CodeDto, ThucLuc.Application, Version=1.0.0.0, Culture=neutral, PublicKeyToken=null]]'.
2026-04-22 14:13:10.469 +07:00 [INF] Executed action ThucLuc.Api.Controllers.V1.CodesController.GetById (ThucLuc.Api) in 3.2264ms
2026-04-22 14:13:10.470 +07:00 [INF] Executed endpoint 'ThucLuc.Api.Controllers.V1.CodesController.GetById (ThucLuc.Api)'
2026-04-22 14:13:10.470 +07:00 [INF] HTTP GET /api/v1/codes/22 => 200 in 8.5425 ms CorrelationId=de8dabaf937143c3a5c6d09eba86f3e9 UserId=5001
2026-04-22 14:13:10.472 +07:00 [INF] HTTP GET /api/v1/codes/22 responded 200 in 10.3339 ms
2026-04-22 14:13:10.474 +07:00 [INF] Request finished HTTP/1.1 GET http://localhost:5283/api/v1/codes/22 - 200 null application/json; charset=utf-8 14.1831ms
2026-04-22 14:13:11.554 +07:00 [INF] Request starting HTTP/1.1 OPTIONS http://localhost:5283/api/v1/codes/by-code/CAP_DON_VI - null null
2026-04-22 14:13:11.554 +07:00 [INF] Request starting HTTP/1.1 OPTIONS http://localhost:5283/api/v1/don-vi/tree - null null
2026-04-22 14:13:11.556 +07:00 [INF] CORS policy execution successful.
2026-04-22 14:13:11.557 +07:00 [INF] CORS policy execution successful.
2026-04-22 14:13:11.557 +07:00 [INF] HTTP OPTIONS /api/v1/codes/by-code/CAP_DON_VI => 204 in 1.4064 ms CorrelationId=19ad5c4baefd4aee8d81861bd9ac6258 UserId=anonymous
2026-04-22 14:13:11.558 +07:00 [INF] HTTP OPTIONS /api/v1/don-vi/tree => 204 in 0.6663 ms CorrelationId=82026f559a924061a3aedfc4427e5571 UserId=anonymous
2026-04-22 14:13:11.559 +07:00 [INF] HTTP OPTIONS /api/v1/codes/by-code/CAP_DON_VI responded 204 in 2.7067 ms
2026-04-22 14:13:11.563 +07:00 [INF] HTTP OPTIONS /api/v1/don-vi/tree responded 204 in 5.8111 ms
2026-04-22 14:13:11.567 +07:00 [INF] Request finished HTTP/1.1 OPTIONS http://localhost:5283/api/v1/codes/by-code/CAP_DON_VI - 204 null null 12.3051ms
2026-04-22 14:13:11.568 +07:00 [INF] Request finished HTTP/1.1 OPTIONS http://localhost:5283/api/v1/don-vi/tree - 204 null null 13.3662ms
2026-04-22 14:13:11.572 +07:00 [INF] Request starting HTTP/1.1 GET http://localhost:5283/api/v1/codes/by-code/CAP_DON_VI - null null
2026-04-22 14:13:11.574 +07:00 [INF] Request starting HTTP/1.1 GET http://localhost:5283/api/v1/don-vi/tree - null null
2026-04-22 14:13:11.575 +07:00 [INF] CORS policy execution successful.
2026-04-22 14:13:11.576 +07:00 [INF] CORS policy execution successful.
2026-04-22 14:13:11.577 +07:00 [INF] Executing endpoint 'ThucLuc.Api.Controllers.V1.CodesController.GetByCode (ThucLuc.Api)'
2026-04-22 14:13:11.577 +07:00 [INF] Executing endpoint 'ThucLuc.Api.Controllers.V1.DonViController.GetTree (ThucLuc.Api)'
2026-04-22 14:13:11.578 +07:00 [INF] Route matched with {action = "GetByCode", controller = "Codes"}. Executing controller action with signature System.Threading.Tasks.Task`1[Microsoft.AspNetCore.Mvc.ActionResult`1[ThucLuc.Api.Common.Models.ApiResponse`1[ThucLuc.Application.Features.Codes.CodeDto]]] GetByCode(System.String, System.Threading.CancellationToken) on controller ThucLuc.Api.Controllers.V1.CodesController (ThucLuc.Api).
2026-04-22 14:13:11.578 +07:00 [INF] Route matched with {action = "GetTree", controller = "DonVi"}. Executing controller action with signature System.Threading.Tasks.Task`1[Microsoft.AspNetCore.Mvc.ActionResult`1[ThucLuc.Api.Common.Models.ApiResponse`1[System.Collections.Generic.IReadOnlyCollection`1[ThucLuc.Application.Features.DonVi.DonViDto]]]] GetTree(System.Threading.CancellationToken) on controller ThucLuc.Api.Controllers.V1.DonViController (ThucLuc.Api).
2026-04-22 14:13:11.581 +07:00 [INF] Executing OkObjectResult, writing value of type 'ThucLuc.Api.Common.Models.ApiResponse`1[[ThucLuc.Application.Features.Codes.CodeDto, ThucLuc.Application, Version=1.0.0.0, Culture=neutral, PublicKeyToken=null]]'.
2026-04-22 14:13:11.581 +07:00 [INF] Executing OkObjectResult, writing value of type 'ThucLuc.Api.Common.Models.ApiResponse`1[[System.Collections.Generic.IReadOnlyCollection`1[[ThucLuc.Application.Features.DonVi.DonViDto, ThucLuc.Application, Version=1.0.0.0, Culture=neutral, PublicKeyToken=null]], System.Private.CoreLib, Version=8.0.0.0, Culture=neutral, PublicKeyToken=7cec85d7bea7798e]]'.
2026-04-22 14:13:11.582 +07:00 [INF] Executed action ThucLuc.Api.Controllers.V1.CodesController.GetByCode (ThucLuc.Api) in 3.3815ms
2026-04-22 14:13:11.583 +07:00 [INF] Executed action ThucLuc.Api.Controllers.V1.DonViController.GetTree (ThucLuc.Api) in 3.7374ms
2026-04-22 14:13:11.586 +07:00 [INF] Executed endpoint 'ThucLuc.Api.Controllers.V1.CodesController.GetByCode (ThucLuc.Api)'
2026-04-22 14:13:11.587 +07:00 [INF] Executed endpoint 'ThucLuc.Api.Controllers.V1.DonViController.GetTree (ThucLuc.Api)'
2026-04-22 14:13:11.588 +07:00 [INF] HTTP GET /api/v1/codes/by-code/CAP_DON_VI => 200 in 13.4437 ms CorrelationId=725cf3b1e512498da6c43b44a5d14bd4 UserId=5001
2026-04-22 14:13:11.589 +07:00 [INF] HTTP GET /api/v1/don-vi/tree => 200 in 13.3844 ms CorrelationId=4667d69ed9ed4a37ae4c2dc0d03f5a77 UserId=5001
2026-04-22 14:13:11.591 +07:00 [INF] HTTP GET /api/v1/codes/by-code/CAP_DON_VI responded 200 in 16.4872 ms
2026-04-22 14:13:11.594 +07:00 [INF] HTTP GET /api/v1/don-vi/tree responded 200 in 17.6974 ms
2026-04-22 14:13:11.596 +07:00 [INF] Request finished HTTP/1.1 GET http://localhost:5283/api/v1/codes/by-code/CAP_DON_VI - 200 null application/json; charset=utf-8 24.2126ms
2026-04-22 14:13:11.597 +07:00 [INF] Request finished HTTP/1.1 GET http://localhost:5283/api/v1/don-vi/tree - 200 null application/json; charset=utf-8 23.7733ms
2026-04-22 14:13:12.471 +07:00 [INF] Request starting HTTP/1.1 OPTIONS http://localhost:5283/api/v1/roles - null null
2026-04-22 14:13:12.471 +07:00 [INF] Request starting HTTP/1.1 OPTIONS http://localhost:5283/api/v1/permissions - null null
2026-04-22 14:13:12.472 +07:00 [INF] Request starting HTTP/1.1 OPTIONS http://localhost:5283/api/v1/users - null null
2026-04-22 14:13:12.472 +07:00 [INF] Request starting HTTP/1.1 OPTIONS http://localhost:5283/api/v1/don-vi - null null
2026-04-22 14:13:12.472 +07:00 [INF] Request starting HTTP/1.1 OPTIONS http://localhost:5283/api/v1/phan-quyen/user-roles - null null
2026-04-22 14:13:12.472 +07:00 [INF] Request starting HTTP/1.1 OPTIONS http://localhost:5283/api/v1/phan-quyen/role-permissions - null null
2026-04-22 14:13:12.473 +07:00 [INF] CORS policy execution successful.
2026-04-22 14:13:12.475 +07:00 [INF] CORS policy execution successful.
2026-04-22 14:13:12.476 +07:00 [INF] CORS policy execution successful.
2026-04-22 14:13:12.477 +07:00 [INF] CORS policy execution successful.
2026-04-22 14:13:12.479 +07:00 [INF] CORS policy execution successful.
2026-04-22 14:13:12.481 +07:00 [INF] CORS policy execution successful.
2026-04-22 14:13:12.481 +07:00 [INF] HTTP OPTIONS /api/v1/roles => 204 in 8.0665 ms CorrelationId=5cef5eeb4db24beda0311eccc8724cbe UserId=anonymous
2026-04-22 14:13:12.482 +07:00 [INF] HTTP OPTIONS /api/v1/permissions => 204 in 7.0153 ms CorrelationId=48bf91598db1402ca56faadf1028f300 UserId=anonymous
2026-04-22 14:13:12.482 +07:00 [INF] HTTP OPTIONS /api/v1/users => 204 in 5.7879 ms CorrelationId=3d45e5433ada4db690e271d16ab2983f UserId=anonymous
2026-04-22 14:13:12.482 +07:00 [INF] HTTP OPTIONS /api/v1/don-vi => 204 in 4.9957 ms CorrelationId=b0647586cdd5453e8d3b857c8cdde18a UserId=anonymous
2026-04-22 14:13:12.488 +07:00 [INF] HTTP OPTIONS /api/v1/don-vi responded 204 in 10.8549 ms
2026-04-22 14:13:12.483 +07:00 [INF] HTTP OPTIONS /api/v1/phan-quyen/role-permissions => 204 in 2.5981 ms CorrelationId=cd3190dd4a5241b28925ce7d80067919 UserId=anonymous
2026-04-22 14:13:12.484 +07:00 [INF] HTTP OPTIONS /api/v1/roles responded 204 in 11.3658 ms
2026-04-22 14:13:12.485 +07:00 [INF] HTTP OPTIONS /api/v1/permissions responded 204 in 10.8608 ms
2026-04-22 14:13:12.487 +07:00 [INF] HTTP OPTIONS /api/v1/users responded 204 in 10.5865 ms
2026-04-22 14:13:12.483 +07:00 [INF] HTTP OPTIONS /api/v1/phan-quyen/user-roles => 204 in 4.1647 ms CorrelationId=0359e6c02a0143c8865acb3d2534b833 UserId=anonymous
2026-04-22 14:13:12.490 +07:00 [INF] Request finished HTTP/1.1 OPTIONS http://localhost:5283/api/v1/don-vi - 204 null null 18.5981ms
2026-04-22 14:13:12.493 +07:00 [INF] HTTP OPTIONS /api/v1/phan-quyen/role-permissions responded 204 in 12.1011 ms
2026-04-22 14:13:12.495 +07:00 [INF] Request finished HTTP/1.1 OPTIONS http://localhost:5283/api/v1/roles - 204 null null 24.0031ms
2026-04-22 14:13:12.496 +07:00 [INF] Request finished HTTP/1.1 OPTIONS http://localhost:5283/api/v1/permissions - 204 null null 24.6062ms
2026-04-22 14:13:12.497 +07:00 [INF] Request finished HTTP/1.1 OPTIONS http://localhost:5283/api/v1/users - 204 null null 25.5854ms
2026-04-22 14:13:12.499 +07:00 [INF] HTTP OPTIONS /api/v1/phan-quyen/user-roles responded 204 in 20.0915 ms
2026-04-22 14:13:12.501 +07:00 [INF] Request starting HTTP/1.1 GET http://localhost:5283/api/v1/don-vi - null null
2026-04-22 14:13:12.501 +07:00 [INF] Request finished HTTP/1.1 OPTIONS http://localhost:5283/api/v1/phan-quyen/role-permissions - 204 null null 29.2965ms
2026-04-22 14:13:12.505 +07:00 [INF] Request starting HTTP/1.1 GET http://localhost:5283/api/v1/roles - null null
2026-04-22 14:13:12.507 +07:00 [INF] Request starting HTTP/1.1 GET http://localhost:5283/api/v1/permissions - null null
2026-04-22 14:13:12.508 +07:00 [INF] Request starting HTTP/1.1 GET http://localhost:5283/api/v1/users - null null
2026-04-22 14:13:12.509 +07:00 [INF] Request finished HTTP/1.1 OPTIONS http://localhost:5283/api/v1/phan-quyen/user-roles - 204 null null 37.1412ms
2026-04-22 14:13:12.511 +07:00 [INF] CORS policy execution successful.
2026-04-22 14:13:12.512 +07:00 [INF] Request starting HTTP/1.1 GET http://localhost:5283/api/v1/phan-quyen/role-permissions - null null
2026-04-22 14:13:12.514 +07:00 [INF] CORS policy execution successful.
2026-04-22 14:13:12.515 +07:00 [INF] CORS policy execution successful.
2026-04-22 14:13:12.516 +07:00 [INF] CORS policy execution successful.
2026-04-22 14:13:12.518 +07:00 [INF] Request starting HTTP/1.1 GET http://localhost:5283/api/v1/phan-quyen/user-roles - null null
2026-04-22 14:13:12.519 +07:00 [INF] Executing endpoint 'ThucLuc.Api.Controllers.V1.DonViController.GetList (ThucLuc.Api)'
2026-04-22 14:13:12.521 +07:00 [INF] CORS policy execution successful.
2026-04-22 14:13:12.522 +07:00 [INF] Executing endpoint 'ThucLuc.Api.Controllers.V1.RolesController.GetAll (ThucLuc.Api)'
2026-04-22 14:13:12.522 +07:00 [INF] Executing endpoint 'ThucLuc.Api.Controllers.V1.PermissionsController.GetAll (ThucLuc.Api)'
2026-04-22 14:13:12.523 +07:00 [INF] Executing endpoint 'ThucLuc.Api.Controllers.V1.UsersController.GetAll (ThucLuc.Api)'
2026-04-22 14:13:12.524 +07:00 [INF] CORS policy execution successful.
2026-04-22 14:13:12.525 +07:00 [INF] Route matched with {action = "GetList", controller = "DonVi"}. Executing controller action with signature System.Threading.Tasks.Task`1[Microsoft.AspNetCore.Mvc.ActionResult`1[ThucLuc.Api.Common.Models.ApiResponse`1[System.Collections.Generic.IReadOnlyCollection`1[ThucLuc.Application.Features.DonVi.DonViDto]]]] GetList(System.Threading.CancellationToken) on controller ThucLuc.Api.Controllers.V1.DonViController (ThucLuc.Api).
2026-04-22 14:13:12.526 +07:00 [INF] Executing endpoint 'ThucLuc.Api.Controllers.V1.PhanQuyenController.GetRolePermissionMappings (ThucLuc.Api)'
2026-04-22 14:13:12.526 +07:00 [INF] Route matched with {action = "GetAll", controller = "Roles"}. Executing controller action with signature System.Threading.Tasks.Task`1[Microsoft.AspNetCore.Mvc.ActionResult`1[ThucLuc.Api.Common.Models.ApiResponse`1[System.Collections.Generic.IReadOnlyCollection`1[ThucLuc.Application.Features.Roles.RoleDto]]]] GetAll(System.Threading.CancellationToken) on controller ThucLuc.Api.Controllers.V1.RolesController (ThucLuc.Api).
2026-04-22 14:13:12.527 +07:00 [INF] Route matched with {action = "GetAll", controller = "Permissions"}. Executing controller action with signature System.Threading.Tasks.Task`1[Microsoft.AspNetCore.Mvc.ActionResult`1[ThucLuc.Api.Common.Models.ApiResponse`1[System.Collections.Generic.IReadOnlyCollection`1[ThucLuc.Api.Controllers.V1.PermissionItemDto]]]] GetAll(System.Threading.CancellationToken) on controller ThucLuc.Api.Controllers.V1.PermissionsController (ThucLuc.Api).
2026-04-22 14:13:12.528 +07:00 [INF] Route matched with {action = "GetAll", controller = "Users"}. Executing controller action with signature System.Threading.Tasks.Task`1[Microsoft.AspNetCore.Mvc.ActionResult`1[ThucLuc.Api.Common.Models.ApiResponse`1[System.Collections.Generic.IReadOnlyCollection`1[ThucLuc.Application.Features.Users.UserDto]]]] GetAll(System.Threading.CancellationToken) on controller ThucLuc.Api.Controllers.V1.UsersController (ThucLuc.Api).
2026-04-22 14:13:12.528 +07:00 [INF] Executing endpoint 'ThucLuc.Api.Controllers.V1.PhanQuyenController.GetUserRoleMappings (ThucLuc.Api)'
2026-04-22 14:13:12.530 +07:00 [INF] Route matched with {action = "GetRolePermissionMappings", controller = "PhanQuyen"}. Executing controller action with signature System.Threading.Tasks.Task`1[Microsoft.AspNetCore.Mvc.ActionResult`1[ThucLuc.Api.Common.Models.ApiResponse`1[System.Collections.Generic.IReadOnlyCollection`1[ThucLuc.Api.Controllers.V1.RolePermissionMappingDto]]]] GetRolePermissionMappings(System.Threading.CancellationToken) on controller ThucLuc.Api.Controllers.V1.PhanQuyenController (ThucLuc.Api).
2026-04-22 14:13:12.531 +07:00 [INF] Executing OkObjectResult, writing value of type 'ThucLuc.Api.Common.Models.ApiResponse`1[[System.Collections.Generic.IReadOnlyCollection`1[[ThucLuc.Application.Features.DonVi.DonViDto, ThucLuc.Application, Version=1.0.0.0, Culture=neutral, PublicKeyToken=null]], System.Private.CoreLib, Version=8.0.0.0, Culture=neutral, PublicKeyToken=7cec85d7bea7798e]]'.
2026-04-22 14:13:12.534 +07:00 [INF] Executing OkObjectResult, writing value of type 'ThucLuc.Api.Common.Models.ApiResponse`1[[System.Collections.Generic.IReadOnlyCollection`1[[ThucLuc.Application.Features.Roles.RoleDto, ThucLuc.Application, Version=1.0.0.0, Culture=neutral, PublicKeyToken=null]], System.Private.CoreLib, Version=8.0.0.0, Culture=neutral, PublicKeyToken=7cec85d7bea7798e]]'.
2026-04-22 14:13:12.534 +07:00 [INF] Executing OkObjectResult, writing value of type 'ThucLuc.Api.Common.Models.ApiResponse`1[[System.Collections.Generic.IReadOnlyCollection`1[[ThucLuc.Api.Controllers.V1.PermissionItemDto, ThucLuc.Api, Version=1.0.0.0, Culture=neutral, PublicKeyToken=null]], System.Private.CoreLib, Version=8.0.0.0, Culture=neutral, PublicKeyToken=7cec85d7bea7798e]]'.
2026-04-22 14:13:12.535 +07:00 [INF] Route matched with {action = "GetUserRoleMappings", controller = "PhanQuyen"}. Executing controller action with signature System.Threading.Tasks.Task`1[Microsoft.AspNetCore.Mvc.ActionResult`1[ThucLuc.Api.Common.Models.ApiResponse`1[System.Collections.Generic.IReadOnlyCollection`1[ThucLuc.Api.Controllers.V1.UserRoleMappingDto]]]] GetUserRoleMappings(System.Nullable`1[System.Int64], System.Threading.CancellationToken) on controller ThucLuc.Api.Controllers.V1.PhanQuyenController (ThucLuc.Api).
2026-04-22 14:13:12.536 +07:00 [INF] Executing OkObjectResult, writing value of type 'ThucLuc.Api.Common.Models.ApiResponse`1[[System.Collections.Generic.IReadOnlyCollection`1[[ThucLuc.Application.Features.Users.UserDto, ThucLuc.Application, Version=1.0.0.0, Culture=neutral, PublicKeyToken=null]], System.Private.CoreLib, Version=8.0.0.0, Culture=neutral, PublicKeyToken=7cec85d7bea7798e]]'.
2026-04-22 14:13:12.538 +07:00 [INF] Executed action ThucLuc.Api.Controllers.V1.DonViController.GetList (ThucLuc.Api) in 8.6055ms
2026-04-22 14:13:12.540 +07:00 [INF] Executed action ThucLuc.Api.Controllers.V1.RolesController.GetAll (ThucLuc.Api) in 8.4419ms
2026-04-22 14:13:12.545 +07:00 [INF] Executed endpoint 'ThucLuc.Api.Controllers.V1.RolesController.GetAll (ThucLuc.Api)'
2026-04-22 14:13:12.541 +07:00 [INF] Executed action ThucLuc.Api.Controllers.V1.PermissionsController.GetAll (ThucLuc.Api) in 8.4525ms
2026-04-22 14:13:12.543 +07:00 [INF] Executed action ThucLuc.Api.Controllers.V1.UsersController.GetAll (ThucLuc.Api) in 9.0654ms
2026-04-22 14:13:12.544 +07:00 [INF] Executing OkObjectResult, writing value of type 'ThucLuc.Api.Common.Models.ApiResponse`1[[System.Collections.Generic.IReadOnlyCollection`1[[ThucLuc.Api.Controllers.V1.UserRoleMappingDto, ThucLuc.Api, Version=1.0.0.0, Culture=neutral, PublicKeyToken=null]], System.Private.CoreLib, Version=8.0.0.0, Culture=neutral, PublicKeyToken=7cec85d7bea7798e]]'.
2026-04-22 14:13:12.544 +07:00 [INF] Executed endpoint 'ThucLuc.Api.Controllers.V1.DonViController.GetList (ThucLuc.Api)'
2026-04-22 14:13:12.540 +07:00 [INF] Executing OkObjectResult, writing value of type 'ThucLuc.Api.Common.Models.ApiResponse`1[[System.Collections.Generic.IReadOnlyCollection`1[[ThucLuc.Api.Controllers.V1.RolePermissionMappingDto, ThucLuc.Api, Version=1.0.0.0, Culture=neutral, PublicKeyToken=null]], System.Private.CoreLib, Version=8.0.0.0, Culture=neutral, PublicKeyToken=7cec85d7bea7798e]]'.
2026-04-22 14:13:12.546 +07:00 [INF] HTTP GET /api/v1/roles => 200 in 31.7799 ms CorrelationId=0d2698fcae4348329fad9b6aca36227a UserId=5001
2026-04-22 14:13:12.547 +07:00 [INF] Executed endpoint 'ThucLuc.Api.Controllers.V1.PermissionsController.GetAll (ThucLuc.Api)'
2026-04-22 14:13:12.548 +07:00 [INF] Executed endpoint 'ThucLuc.Api.Controllers.V1.UsersController.GetAll (ThucLuc.Api)'
2026-04-22 14:13:12.549 +07:00 [INF] Executed action ThucLuc.Api.Controllers.V1.PhanQuyenController.GetUserRoleMappings (ThucLuc.Api) in 7.4029ms
2026-04-22 14:13:12.550 +07:00 [INF] HTTP GET /api/v1/don-vi => 200 in 38.9731 ms CorrelationId=17ebae1a095b4073b94616ee47fda1ef UserId=5001
2026-04-22 14:13:12.551 +07:00 [INF] Executed action ThucLuc.Api.Controllers.V1.PhanQuyenController.GetRolePermissionMappings (ThucLuc.Api) in 15.3933ms
2026-04-22 14:13:12.552 +07:00 [INF] HTTP GET /api/v1/roles responded 200 in 38.5000 ms
2026-04-22 14:13:12.554 +07:00 [INF] HTTP GET /api/v1/permissions => 200 in 38.3537 ms CorrelationId=1786f0cdcd3b4be1ac9e7b1c230ed9e3 UserId=5001
2026-04-22 14:13:12.555 +07:00 [INF] HTTP GET /api/v1/users => 200 in 38.28 ms CorrelationId=676a97218ffd476781b5ee258be5aa6b UserId=5001
2026-04-22 14:13:12.556 +07:00 [INF] Executed endpoint 'ThucLuc.Api.Controllers.V1.PhanQuyenController.GetUserRoleMappings (ThucLuc.Api)'
2026-04-22 14:13:12.557 +07:00 [INF] HTTP GET /api/v1/don-vi responded 200 in 46.1876 ms
2026-04-22 14:13:12.558 +07:00 [INF] Executed endpoint 'ThucLuc.Api.Controllers.V1.PhanQuyenController.GetRolePermissionMappings (ThucLuc.Api)'
2026-04-22 14:13:12.559 +07:00 [INF] Request finished HTTP/1.1 GET http://localhost:5283/api/v1/roles - 200 null application/json; charset=utf-8 53.1484ms
2026-04-22 14:13:12.561 +07:00 [INF] HTTP GET /api/v1/permissions responded 200 in 45.3748 ms
2026-04-22 14:13:12.562 +07:00 [INF] HTTP GET /api/v1/users responded 200 in 45.4640 ms
2026-04-22 14:13:12.562 +07:00 [INF] HTTP GET /api/v1/phan-quyen/user-roles => 200 in 38.1198 ms CorrelationId=db0a499c922b4a2db0dae5612be66c49 UserId=5001
2026-04-22 14:13:12.563 +07:00 [INF] Request finished HTTP/1.1 GET http://localhost:5283/api/v1/don-vi - 200 null application/json; charset=utf-8 62.5163ms
2026-04-22 14:13:12.564 +07:00 [INF] HTTP GET /api/v1/phan-quyen/role-permissions => 200 in 43.1087 ms CorrelationId=6d7aa46658834eafa7a5c84287ad8296 UserId=5001
2026-04-22 14:13:12.568 +07:00 [INF] Request finished HTTP/1.1 GET http://localhost:5283/api/v1/permissions - 200 null application/json; charset=utf-8 60.8139ms
2026-04-22 14:13:12.570 +07:00 [INF] Request finished HTTP/1.1 GET http://localhost:5283/api/v1/users - 200 null application/json; charset=utf-8 61.303ms
2026-04-22 14:13:12.571 +07:00 [INF] HTTP GET /api/v1/phan-quyen/user-roles responded 200 in 46.7990 ms
2026-04-22 14:13:12.575 +07:00 [INF] HTTP GET /api/v1/phan-quyen/role-permissions responded 200 in 53.6240 ms
2026-04-22 14:13:12.580 +07:00 [INF] Request finished HTTP/1.1 GET http://localhost:5283/api/v1/phan-quyen/user-roles - 200 null application/json; charset=utf-8 61.9114ms
2026-04-22 14:13:12.582 +07:00 [INF] Request finished HTTP/1.1 GET http://localhost:5283/api/v1/phan-quyen/role-permissions - 200 null application/json; charset=utf-8 69.122ms
2026-04-22 14:13:13.263 +07:00 [INF] Request starting HTTP/1.1 OPTIONS http://localhost:5283/api/v1/codes/by-code/GIOI_TINH - null null
2026-04-22 14:13:13.263 +07:00 [INF] Request starting HTTP/1.1 OPTIONS http://localhost:5283/api/v1/codes/by-code/LOAI_NHAN_LUC - null null
2026-04-22 14:13:13.263 +07:00 [INF] Request starting HTTP/1.1 OPTIONS http://localhost:5283/api/v1/codes/by-code/CAP_BAC_CONG_AN - null null
2026-04-22 14:13:13.263 +07:00 [INF] Request starting HTTP/1.1 OPTIONS http://localhost:5283/api/v1/codes/by-code/TRINH_DO_CNTT - null null
2026-04-22 14:13:13.263 +07:00 [INF] Request starting HTTP/1.1 OPTIONS http://localhost:5283/api/v1/codes/by-code/TRINH_DO_LLCT - null null
2026-04-22 14:13:13.264 +07:00 [INF] Request starting HTTP/1.1 GET http://localhost:5283/api/v1/don-vi/tree - null null
2026-04-22 14:13:13.266 +07:00 [INF] CORS policy execution successful.
2026-04-22 14:13:13.268 +07:00 [INF] CORS policy execution successful.
2026-04-22 14:13:13.276 +07:00 [INF] HTTP OPTIONS /api/v1/codes/by-code/LOAI_NHAN_LUC => 204 in 8.2389 ms CorrelationId=68d9e5cafbb146a58175fb851232c8c7 UserId=anonymous
2026-04-22 14:13:13.273 +07:00 [INF] CORS policy execution successful.
2026-04-22 14:13:13.274 +07:00 [INF] CORS policy execution successful.
2026-04-22 14:13:13.275 +07:00 [INF] CORS policy execution successful.
2026-04-22 14:13:13.276 +07:00 [INF] HTTP OPTIONS /api/v1/codes/by-code/GIOI_TINH => 204 in 9.7843 ms CorrelationId=a703207af7d643ec8368e3944d29ba9b UserId=anonymous
2026-04-22 14:13:13.281 +07:00 [INF] HTTP OPTIONS /api/v1/codes/by-code/GIOI_TINH responded 204 in 15.2329 ms
2026-04-22 14:13:13.278 +07:00 [INF] HTTP OPTIONS /api/v1/codes/by-code/LOAI_NHAN_LUC responded 204 in 9.9537 ms
2026-04-22 14:13:13.279 +07:00 [INF] HTTP OPTIONS /api/v1/codes/by-code/TRINH_DO_CNTT => 204 in 5.9877 ms CorrelationId=f90efcebfe874bf296b2e0f838d63cfa UserId=anonymous
2026-04-22 14:13:13.279 +07:00 [INF] HTTP OPTIONS /api/v1/codes/by-code/TRINH_DO_LLCT => 204 in 5.2381 ms CorrelationId=a3a8b215119f4ca0a53ded8a1d27feb1 UserId=anonymous
2026-04-22 14:13:13.280 +07:00 [INF] Executing endpoint 'ThucLuc.Api.Controllers.V1.DonViController.GetTree (ThucLuc.Api)'
2026-04-22 14:13:13.271 +07:00 [INF] CORS policy execution successful.
2026-04-22 14:13:13.283 +07:00 [INF] Request finished HTTP/1.1 OPTIONS http://localhost:5283/api/v1/codes/by-code/GIOI_TINH - 204 null null 20.3269ms
2026-04-22 14:13:13.284 +07:00 [INF] Request finished HTTP/1.1 OPTIONS http://localhost:5283/api/v1/codes/by-code/LOAI_NHAN_LUC - 204 null null 21.3367ms
2026-04-22 14:13:13.286 +07:00 [INF] HTTP OPTIONS /api/v1/codes/by-code/TRINH_DO_CNTT responded 204 in 13.3868 ms
2026-04-22 14:13:13.288 +07:00 [INF] HTTP OPTIONS /api/v1/codes/by-code/TRINH_DO_LLCT responded 204 in 14.1028 ms
2026-04-22 14:13:13.289 +07:00 [INF] Route matched with {action = "GetTree", controller = "DonVi"}. Executing controller action with signature System.Threading.Tasks.Task`1[Microsoft.AspNetCore.Mvc.ActionResult`1[ThucLuc.Api.Common.Models.ApiResponse`1[System.Collections.Generic.IReadOnlyCollection`1[ThucLuc.Application.Features.DonVi.DonViDto]]]] GetTree(System.Threading.CancellationToken) on controller ThucLuc.Api.Controllers.V1.DonViController (ThucLuc.Api).
2026-04-22 14:13:13.290 +07:00 [INF] HTTP OPTIONS /api/v1/codes/by-code/CAP_BAC_CONG_AN => 204 in 19.916 ms CorrelationId=129a999298ea4cb78889cfae5edbf019 UserId=anonymous
2026-04-22 14:13:13.295 +07:00 [INF] Request starting HTTP/1.1 GET http://localhost:5283/api/v1/codes/by-code/GIOI_TINH - null null
2026-04-22 14:13:13.298 +07:00 [INF] Request starting HTTP/1.1 GET http://localhost:5283/api/v1/codes/by-code/LOAI_NHAN_LUC - null null
2026-04-22 14:13:13.299 +07:00 [INF] Request finished HTTP/1.1 OPTIONS http://localhost:5283/api/v1/codes/by-code/TRINH_DO_CNTT - 204 null null 36.1508ms
2026-04-22 14:13:13.300 +07:00 [INF] Request finished HTTP/1.1 OPTIONS http://localhost:5283/api/v1/codes/by-code/TRINH_DO_LLCT - 204 null null 37.3052ms
2026-04-22 14:13:13.304 +07:00 [INF] Executing OkObjectResult, writing value of type 'ThucLuc.Api.Common.Models.ApiResponse`1[[System.Collections.Generic.IReadOnlyCollection`1[[ThucLuc.Application.Features.DonVi.DonViDto, ThucLuc.Application, Version=1.0.0.0, Culture=neutral, PublicKeyToken=null]], System.Private.CoreLib, Version=8.0.0.0, Culture=neutral, PublicKeyToken=7cec85d7bea7798e]]'.
2026-04-22 14:13:13.305 +07:00 [INF] HTTP OPTIONS /api/v1/codes/by-code/CAP_BAC_CONG_AN responded 204 in 34.5704 ms
2026-04-22 14:13:13.307 +07:00 [INF] CORS policy execution successful.
2026-04-22 14:13:13.311 +07:00 [INF] CORS policy execution successful.
2026-04-22 14:13:13.314 +07:00 [INF] Request starting HTTP/1.1 GET http://localhost:5283/api/v1/codes/by-code/TRINH_DO_CNTT - null null
2026-04-22 14:13:13.317 +07:00 [INF] Request starting HTTP/1.1 GET http://localhost:5283/api/v1/codes/by-code/TRINH_DO_LLCT - null null
2026-04-22 14:13:13.318 +07:00 [INF] Executed action ThucLuc.Api.Controllers.V1.DonViController.GetTree (ThucLuc.Api) in 16.1298ms
2026-04-22 14:13:13.321 +07:00 [INF] Request finished HTTP/1.1 OPTIONS http://localhost:5283/api/v1/codes/by-code/CAP_BAC_CONG_AN - 204 null null 58.1052ms
2026-04-22 14:13:13.322 +07:00 [INF] Executing endpoint 'ThucLuc.Api.Controllers.V1.CodesController.GetByCode (ThucLuc.Api)'
2026-04-22 14:13:13.324 +07:00 [INF] Executing endpoint 'ThucLuc.Api.Controllers.V1.CodesController.GetByCode (ThucLuc.Api)'
2026-04-22 14:13:13.327 +07:00 [INF] CORS policy execution successful.
2026-04-22 14:13:13.330 +07:00 [INF] CORS policy execution successful.
2026-04-22 14:13:13.331 +07:00 [INF] Executed endpoint 'ThucLuc.Api.Controllers.V1.DonViController.GetTree (ThucLuc.Api)'
2026-04-22 14:13:13.333 +07:00 [INF] Request starting HTTP/1.1 GET http://localhost:5283/api/v1/codes/by-code/CAP_BAC_CONG_AN - null null
2026-04-22 14:13:13.334 +07:00 [INF] Route matched with {action = "GetByCode", controller = "Codes"}. Executing controller action with signature System.Threading.Tasks.Task`1[Microsoft.AspNetCore.Mvc.ActionResult`1[ThucLuc.Api.Common.Models.ApiResponse`1[ThucLuc.Application.Features.Codes.CodeDto]]] GetByCode(System.String, System.Threading.CancellationToken) on controller ThucLuc.Api.Controllers.V1.CodesController (ThucLuc.Api).
2026-04-22 14:13:13.335 +07:00 [INF] Route matched with {action = "GetByCode", controller = "Codes"}. Executing controller action with signature System.Threading.Tasks.Task`1[Microsoft.AspNetCore.Mvc.ActionResult`1[ThucLuc.Api.Common.Models.ApiResponse`1[ThucLuc.Application.Features.Codes.CodeDto]]] GetByCode(System.String, System.Threading.CancellationToken) on controller ThucLuc.Api.Controllers.V1.CodesController (ThucLuc.Api).
2026-04-22 14:13:13.336 +07:00 [INF] Executing endpoint 'ThucLuc.Api.Controllers.V1.CodesController.GetByCode (ThucLuc.Api)'
2026-04-22 14:13:13.337 +07:00 [INF] Executing endpoint 'ThucLuc.Api.Controllers.V1.CodesController.GetByCode (ThucLuc.Api)'
2026-04-22 14:13:13.338 +07:00 [INF] HTTP GET /api/v1/don-vi/tree => 200 in 62.7124 ms CorrelationId=c63659c3d3c742ad8192e49bc483a5f6 UserId=5001
2026-04-22 14:13:13.340 +07:00 [INF] CORS policy execution successful.
2026-04-22 14:13:13.344 +07:00 [INF] Executing OkObjectResult, writing value of type 'ThucLuc.Api.Common.Models.ApiResponse`1[[ThucLuc.Application.Features.Codes.CodeDto, ThucLuc.Application, Version=1.0.0.0, Culture=neutral, PublicKeyToken=null]]'.
2026-04-22 14:13:13.345 +07:00 [INF] Route matched with {action = "GetByCode", controller = "Codes"}. Executing controller action with signature System.Threading.Tasks.Task`1[Microsoft.AspNetCore.Mvc.ActionResult`1[ThucLuc.Api.Common.Models.ApiResponse`1[ThucLuc.Application.Features.Codes.CodeDto]]] GetByCode(System.String, System.Threading.CancellationToken) on controller ThucLuc.Api.Controllers.V1.CodesController (ThucLuc.Api).
2026-04-22 14:13:13.346 +07:00 [INF] Executing OkObjectResult, writing value of type 'ThucLuc.Api.Common.Models.ApiResponse`1[[ThucLuc.Application.Features.Codes.CodeDto, ThucLuc.Application, Version=1.0.0.0, Culture=neutral, PublicKeyToken=null]]'.
2026-04-22 14:13:13.346 +07:00 [INF] Route matched with {action = "GetByCode", controller = "Codes"}. Executing controller action with signature System.Threading.Tasks.Task`1[Microsoft.AspNetCore.Mvc.ActionResult`1[ThucLuc.Api.Common.Models.ApiResponse`1[ThucLuc.Application.Features.Codes.CodeDto]]] GetByCode(System.String, System.Threading.CancellationToken) on controller ThucLuc.Api.Controllers.V1.CodesController (ThucLuc.Api).
2026-04-22 14:13:13.348 +07:00 [INF] HTTP GET /api/v1/don-vi/tree responded 200 in 72.1869 ms
2026-04-22 14:13:13.348 +07:00 [INF] Executing endpoint 'ThucLuc.Api.Controllers.V1.CodesController.GetByCode (ThucLuc.Api)'
2026-04-22 14:13:13.349 +07:00 [INF] Executed action ThucLuc.Api.Controllers.V1.CodesController.GetByCode (ThucLuc.Api) in 7.7994ms
2026-04-22 14:13:13.353 +07:00 [INF] Executed action ThucLuc.Api.Controllers.V1.CodesController.GetByCode (ThucLuc.Api) in 8.3546ms
2026-04-22 14:13:13.353 +07:00 [INF] Executing OkObjectResult, writing value of type 'ThucLuc.Api.Common.Models.ApiResponse`1[[ThucLuc.Application.Features.Codes.CodeDto, ThucLuc.Application, Version=1.0.0.0, Culture=neutral, PublicKeyToken=null]]'.
2026-04-22 14:13:13.357 +07:00 [INF] Request finished HTTP/1.1 GET http://localhost:5283/api/v1/don-vi/tree - 200 null application/json; charset=utf-8 93.5189ms
2026-04-22 14:13:13.357 +07:00 [INF] Executing OkObjectResult, writing value of type 'ThucLuc.Api.Common.Models.ApiResponse`1[[ThucLuc.Application.Features.Codes.CodeDto, ThucLuc.Application, Version=1.0.0.0, Culture=neutral, PublicKeyToken=null]]'.
2026-04-22 14:13:13.359 +07:00 [INF] Route matched with {action = "GetByCode", controller = "Codes"}. Executing controller action with signature System.Threading.Tasks.Task`1[Microsoft.AspNetCore.Mvc.ActionResult`1[ThucLuc.Api.Common.Models.ApiResponse`1[ThucLuc.Application.Features.Codes.CodeDto]]] GetByCode(System.String, System.Threading.CancellationToken) on controller ThucLuc.Api.Controllers.V1.CodesController (ThucLuc.Api).
2026-04-22 14:13:13.360 +07:00 [INF] Executed endpoint 'ThucLuc.Api.Controllers.V1.CodesController.GetByCode (ThucLuc.Api)'
2026-04-22 14:13:13.361 +07:00 [INF] Executed endpoint 'ThucLuc.Api.Controllers.V1.CodesController.GetByCode (ThucLuc.Api)'
2026-04-22 14:13:13.362 +07:00 [INF] Executed action ThucLuc.Api.Controllers.V1.CodesController.GetByCode (ThucLuc.Api) in 10.9963ms
2026-04-22 14:13:13.365 +07:00 [INF] Executed action ThucLuc.Api.Controllers.V1.CodesController.GetByCode (ThucLuc.Api) in 9.6664ms
2026-04-22 14:13:13.370 +07:00 [INF] Executed endpoint 'ThucLuc.Api.Controllers.V1.CodesController.GetByCode (ThucLuc.Api)'
2026-04-22 14:13:13.368 +07:00 [INF] HTTP GET /api/v1/codes/by-code/LOAI_NHAN_LUC => 200 in 57.4266 ms CorrelationId=14d01e24d87a476b9d6c53ee396082d0 UserId=5001
2026-04-22 14:13:13.369 +07:00 [INF] Executing OkObjectResult, writing value of type 'ThucLuc.Api.Common.Models.ApiResponse`1[[ThucLuc.Application.Features.Codes.CodeDto, ThucLuc.Application, Version=1.0.0.0, Culture=neutral, PublicKeyToken=null]]'.
2026-04-22 14:13:13.369 +07:00 [INF] Executed endpoint 'ThucLuc.Api.Controllers.V1.CodesController.GetByCode (ThucLuc.Api)'
2026-04-22 14:13:13.367 +07:00 [INF] HTTP GET /api/v1/codes/by-code/GIOI_TINH => 200 in 59.9844 ms CorrelationId=6d4f64ba57464fad9f40d21aebf7c59d UserId=5001
2026-04-22 14:13:13.373 +07:00 [INF] HTTP GET /api/v1/codes/by-code/TRINH_DO_LLCT => 200 in 43.2095 ms CorrelationId=33a61bb8a4584b2a9b0f63cf5fc07dc5 UserId=5001
2026-04-22 14:13:13.375 +07:00 [INF] HTTP GET /api/v1/codes/by-code/LOAI_NHAN_LUC responded 200 in 64.7506 ms
2026-04-22 14:13:13.377 +07:00 [INF] Executed action ThucLuc.Api.Controllers.V1.CodesController.GetByCode (ThucLuc.Api) in 10.7183ms
2026-04-22 14:13:13.378 +07:00 [INF] HTTP GET /api/v1/codes/by-code/TRINH_DO_CNTT => 200 in 51.5086 ms CorrelationId=1c8fa2c2b9ab4b78a02f78523c23d152 UserId=5001
2026-04-22 14:13:13.387 +07:00 [INF] HTTP GET /api/v1/codes/by-code/TRINH_DO_CNTT responded 200 in 60.3383 ms
2026-04-22 14:13:13.382 +07:00 [INF] HTTP GET /api/v1/codes/by-code/TRINH_DO_LLCT responded 200 in 52.1102 ms
2026-04-22 14:13:13.383 +07:00 [INF] Request finished HTTP/1.1 GET http://localhost:5283/api/v1/codes/by-code/LOAI_NHAN_LUC - 200 null application/json; charset=utf-8 85.0857ms
2026-04-22 14:13:13.384 +07:00 [INF] Executed endpoint 'ThucLuc.Api.Controllers.V1.CodesController.GetByCode (ThucLuc.Api)'
2026-04-22 14:13:13.380 +07:00 [INF] HTTP GET /api/v1/codes/by-code/GIOI_TINH responded 200 in 72.5043 ms
2026-04-22 14:13:13.389 +07:00 [INF] Request finished HTTP/1.1 GET http://localhost:5283/api/v1/codes/by-code/TRINH_DO_CNTT - 200 null application/json; charset=utf-8 74.9313ms
2026-04-22 14:13:13.390 +07:00 [INF] Request finished HTTP/1.1 GET http://localhost:5283/api/v1/codes/by-code/TRINH_DO_LLCT - 200 null application/json; charset=utf-8 72.7185ms
2026-04-22 14:13:13.393 +07:00 [INF] HTTP GET /api/v1/codes/by-code/CAP_BAC_CONG_AN => 200 in 52.7631 ms CorrelationId=8c940fb4e14946a0a9cc58cecd79abf2 UserId=5001
2026-04-22 14:13:13.394 +07:00 [INF] Request finished HTTP/1.1 GET http://localhost:5283/api/v1/codes/by-code/GIOI_TINH - 200 null application/json; charset=utf-8 99.8007ms
2026-04-22 14:13:13.400 +07:00 [INF] HTTP GET /api/v1/codes/by-code/CAP_BAC_CONG_AN responded 200 in 59.6272 ms
2026-04-22 14:13:13.403 +07:00 [INF] Request finished HTTP/1.1 GET http://localhost:5283/api/v1/codes/by-code/CAP_BAC_CONG_AN - 200 null application/json; charset=utf-8 70.0498ms
2026-04-22 14:13:13.406 +07:00 [INF] Request starting HTTP/1.1 OPTIONS http://localhost:5283/api/v1/nhan-luc-cntt?page=1&pageSize=10&namBaoCao=2026 - null null
2026-04-22 14:13:13.408 +07:00 [INF] CORS policy execution successful.
2026-04-22 14:13:13.408 +07:00 [INF] HTTP OPTIONS /api/v1/nhan-luc-cntt => 204 in 0.498 ms CorrelationId=b9ca7a6de19b4adbb5e95f6568c238d7 UserId=anonymous
2026-04-22 14:13:13.410 +07:00 [INF] HTTP OPTIONS /api/v1/nhan-luc-cntt responded 204 in 2.0596 ms
2026-04-22 14:13:13.411 +07:00 [INF] Request finished HTTP/1.1 OPTIONS http://localhost:5283/api/v1/nhan-luc-cntt?page=1&pageSize=10&namBaoCao=2026 - 204 null null 4.4961ms
2026-04-22 14:13:13.413 +07:00 [INF] Request starting HTTP/1.1 GET http://localhost:5283/api/v1/nhan-luc-cntt?page=1&pageSize=10&namBaoCao=2026 - null null
2026-04-22 14:13:13.415 +07:00 [INF] CORS policy execution successful.
2026-04-22 14:13:13.416 +07:00 [INF] Executing endpoint 'ThucLuc.Api.Controllers.V1.NhanLucCnttController.GetAll (ThucLuc.Api)'
2026-04-22 14:13:13.416 +07:00 [INF] Route matched with {action = "GetAll", controller = "NhanLucCntt"}. Executing controller action with signature System.Threading.Tasks.Task`1[Microsoft.AspNetCore.Mvc.ActionResult`1[ThucLuc.Api.Common.Models.ApiResponse`1[ThucLuc.Application.Common.Models.PagedResult`1[ThucLuc.Application.Features.NhanLucCntt.NhanLucCnttDto]]]] GetAll(ThucLuc.Application.Features.NhanLucCntt.NhanLucCnttQuery, System.Threading.CancellationToken) on controller ThucLuc.Api.Controllers.V1.NhanLucCnttController (ThucLuc.Api).
2026-04-22 14:13:13.424 +07:00 [INF] Executing OkObjectResult, writing value of type 'ThucLuc.Api.Common.Models.ApiResponse`1[[ThucLuc.Application.Common.Models.PagedResult`1[[ThucLuc.Application.Features.NhanLucCntt.NhanLucCnttDto, ThucLuc.Application, Version=1.0.0.0, Culture=neutral, PublicKeyToken=null]], ThucLuc.Application, Version=1.0.0.0, Culture=neutral, PublicKeyToken=null]]'.
2026-04-22 14:13:13.425 +07:00 [INF] Executed action ThucLuc.Api.Controllers.V1.NhanLucCnttController.GetAll (ThucLuc.Api) in 7.0892ms
2026-04-22 14:13:13.426 +07:00 [INF] Executed endpoint 'ThucLuc.Api.Controllers.V1.NhanLucCnttController.GetAll (ThucLuc.Api)'
2026-04-22 14:13:13.427 +07:00 [INF] HTTP GET /api/v1/nhan-luc-cntt => 200 in 12.1301 ms CorrelationId=4b95077a238d48178a926a368d016f61 UserId=5001
2026-04-22 14:13:13.428 +07:00 [INF] HTTP GET /api/v1/nhan-luc-cntt responded 200 in 13.3916 ms
2026-04-22 14:13:13.429 +07:00 [INF] Request finished HTTP/1.1 GET http://localhost:5283/api/v1/nhan-luc-cntt?page=1&pageSize=10&namBaoCao=2026 - 200 null application/json; charset=utf-8 15.999ms
2026-04-22 14:13:13.746 +07:00 [INF] Request starting HTTP/1.1 OPTIONS http://localhost:5283/api/v1/codes/by-code/NOI_DUNG_DAO_TAO_HV - null null
2026-04-22 14:13:13.748 +07:00 [INF] CORS policy execution successful.
2026-04-22 14:13:13.748 +07:00 [INF] HTTP OPTIONS /api/v1/codes/by-code/NOI_DUNG_DAO_TAO_HV => 204 in 0.4201 ms CorrelationId=5df743de95244ba39f5dce68aa8e54d5 UserId=anonymous
2026-04-22 14:13:13.749 +07:00 [INF] HTTP OPTIONS /api/v1/codes/by-code/NOI_DUNG_DAO_TAO_HV responded 204 in 1.4555 ms
2026-04-22 14:13:13.750 +07:00 [INF] Request finished HTTP/1.1 OPTIONS http://localhost:5283/api/v1/codes/by-code/NOI_DUNG_DAO_TAO_HV - 204 null null 3.7588ms
2026-04-22 14:13:13.751 +07:00 [INF] Request starting HTTP/1.1 GET http://localhost:5283/api/v1/codes/by-code/NOI_DUNG_DAO_TAO_HV - null null
2026-04-22 14:13:13.753 +07:00 [INF] CORS policy execution successful.
2026-04-22 14:13:13.754 +07:00 [INF] Executing endpoint 'ThucLuc.Api.Controllers.V1.CodesController.GetByCode (ThucLuc.Api)'
2026-04-22 14:13:13.754 +07:00 [INF] Route matched with {action = "GetByCode", controller = "Codes"}. Executing controller action with signature System.Threading.Tasks.Task`1[Microsoft.AspNetCore.Mvc.ActionResult`1[ThucLuc.Api.Common.Models.ApiResponse`1[ThucLuc.Application.Features.Codes.CodeDto]]] GetByCode(System.String, System.Threading.CancellationToken) on controller ThucLuc.Api.Controllers.V1.CodesController (ThucLuc.Api).
2026-04-22 14:13:13.757 +07:00 [INF] Executing OkObjectResult, writing value of type 'ThucLuc.Api.Common.Models.ApiResponse`1[[ThucLuc.Application.Features.Codes.CodeDto, ThucLuc.Application, Version=1.0.0.0, Culture=neutral, PublicKeyToken=null]]'.
2026-04-22 14:13:13.757 +07:00 [INF] Executed action ThucLuc.Api.Controllers.V1.CodesController.GetByCode (ThucLuc.Api) in 2.2844ms
2026-04-22 14:13:13.758 +07:00 [INF] Executed endpoint 'ThucLuc.Api.Controllers.V1.CodesController.GetByCode (ThucLuc.Api)'
2026-04-22 14:13:13.759 +07:00 [INF] HTTP GET /api/v1/codes/by-code/NOI_DUNG_DAO_TAO_HV => 200 in 6.0274 ms CorrelationId=6cec0f8f2c694ee1a7c9977c1272208d UserId=5001
2026-04-22 14:13:13.760 +07:00 [INF] HTTP GET /api/v1/codes/by-code/NOI_DUNG_DAO_TAO_HV responded 200 in 7.1130 ms
2026-04-22 14:13:13.761 +07:00 [INF] Request finished HTTP/1.1 GET http://localhost:5283/api/v1/codes/by-code/NOI_DUNG_DAO_TAO_HV - 200 null application/json; charset=utf-8 9.4923ms
2026-04-22 14:13:13.762 +07:00 [INF] Request starting HTTP/1.1 OPTIONS http://localhost:5283/api/v1/ky-bao-cao - null null
2026-04-22 14:13:13.763 +07:00 [INF] Request starting HTTP/1.1 OPTIONS http://localhost:5283/api/v1/ky-bao-cao/current - null null
2026-04-22 14:13:13.764 +07:00 [INF] CORS policy execution successful.
2026-04-22 14:13:13.765 +07:00 [INF] CORS policy execution successful.
2026-04-22 14:13:13.766 +07:00 [INF] HTTP OPTIONS /api/v1/ky-bao-cao => 204 in 1.5217 ms CorrelationId=976bc05792c94cf786601fcc32cd0d8a UserId=anonymous
2026-04-22 14:13:13.766 +07:00 [INF] HTTP OPTIONS /api/v1/ky-bao-cao/current => 204 in 0.7443 ms CorrelationId=334da3bf43a24273a8053a0006e9657a UserId=anonymous
2026-04-22 14:13:13.767 +07:00 [INF] HTTP OPTIONS /api/v1/ky-bao-cao responded 204 in 2.8978 ms
2026-04-22 14:13:13.768 +07:00 [INF] HTTP OPTIONS /api/v1/ky-bao-cao/current responded 204 in 2.6791 ms
2026-04-22 14:13:13.769 +07:00 [INF] Request finished HTTP/1.1 OPTIONS http://localhost:5283/api/v1/ky-bao-cao - 204 null null 6.2194ms
2026-04-22 14:13:13.770 +07:00 [INF] Request finished HTTP/1.1 OPTIONS http://localhost:5283/api/v1/ky-bao-cao/current - 204 null null 7.6221ms
2026-04-22 14:13:13.772 +07:00 [INF] Request starting HTTP/1.1 GET http://localhost:5283/api/v1/ky-bao-cao - null null
2026-04-22 14:13:13.773 +07:00 [INF] Request starting HTTP/1.1 GET http://localhost:5283/api/v1/ky-bao-cao/current - null null
2026-04-22 14:13:13.774 +07:00 [INF] CORS policy execution successful.
2026-04-22 14:13:13.775 +07:00 [INF] CORS policy execution successful.
2026-04-22 14:13:13.776 +07:00 [INF] Executing endpoint 'ThucLuc.Api.Controllers.V1.KyBaoCaoController.GetAll (ThucLuc.Api)'
2026-04-22 14:13:13.776 +07:00 [INF] Executing endpoint 'ThucLuc.Api.Controllers.V1.KyBaoCaoController.GetCurrent (ThucLuc.Api)'
2026-04-22 14:13:13.777 +07:00 [INF] Route matched with {action = "GetAll", controller = "KyBaoCao"}. Executing controller action with signature System.Threading.Tasks.Task`1[Microsoft.AspNetCore.Mvc.ActionResult`1[ThucLuc.Api.Common.Models.ApiResponse`1[System.Collections.Generic.IReadOnlyCollection`1[ThucLuc.Application.Features.KyBaoCao.KyBaoCaoDto]]]] GetAll(System.Threading.CancellationToken) on controller ThucLuc.Api.Controllers.V1.KyBaoCaoController (ThucLuc.Api).
2026-04-22 14:13:13.777 +07:00 [INF] Route matched with {action = "GetCurrent", controller = "KyBaoCao"}. Executing controller action with signature System.Threading.Tasks.Task`1[Microsoft.AspNetCore.Mvc.ActionResult`1[ThucLuc.Api.Common.Models.ApiResponse`1[ThucLuc.Application.Features.KyBaoCao.KyBaoCaoDto]]] GetCurrent(System.Threading.CancellationToken) on controller ThucLuc.Api.Controllers.V1.KyBaoCaoController (ThucLuc.Api).
2026-04-22 14:13:13.780 +07:00 [INF] Executing OkObjectResult, writing value of type 'ThucLuc.Api.Common.Models.ApiResponse`1[[System.Collections.Generic.IReadOnlyCollection`1[[ThucLuc.Application.Features.KyBaoCao.KyBaoCaoDto, ThucLuc.Application, Version=1.0.0.0, Culture=neutral, PublicKeyToken=null]], System.Private.CoreLib, Version=8.0.0.0, Culture=neutral, PublicKeyToken=7cec85d7bea7798e]]'.
2026-04-22 14:13:13.781 +07:00 [INF] Executing OkObjectResult, writing value of type 'ThucLuc.Api.Common.Models.ApiResponse`1[[ThucLuc.Application.Features.KyBaoCao.KyBaoCaoDto, ThucLuc.Application, Version=1.0.0.0, Culture=neutral, PublicKeyToken=null]]'.
2026-04-22 14:13:13.781 +07:00 [INF] Executed action ThucLuc.Api.Controllers.V1.KyBaoCaoController.GetAll (ThucLuc.Api) in 3.2568ms
2026-04-22 14:13:13.782 +07:00 [INF] Executed action ThucLuc.Api.Controllers.V1.KyBaoCaoController.GetCurrent (ThucLuc.Api) in 2.8286ms
2026-04-22 14:13:13.783 +07:00 [INF] Executed endpoint 'ThucLuc.Api.Controllers.V1.KyBaoCaoController.GetAll (ThucLuc.Api)'
2026-04-22 14:13:13.783 +07:00 [INF] Executed endpoint 'ThucLuc.Api.Controllers.V1.KyBaoCaoController.GetCurrent (ThucLuc.Api)'
2026-04-22 14:13:13.784 +07:00 [INF] HTTP GET /api/v1/ky-bao-cao => 200 in 9.6801 ms CorrelationId=1a61ff96055d481d8aa5fcbb49e40a9e UserId=5001
2026-04-22 14:13:13.785 +07:00 [INF] HTTP GET /api/v1/ky-bao-cao/current => 200 in 9.3001 ms CorrelationId=f26123af58e144d98527318d6034cf87 UserId=5001
2026-04-22 14:13:13.787 +07:00 [INF] HTTP GET /api/v1/ky-bao-cao responded 200 in 13.2433 ms
2026-04-22 14:13:13.789 +07:00 [INF] HTTP GET /api/v1/ky-bao-cao/current responded 200 in 13.8306 ms
2026-04-22 14:13:13.791 +07:00 [INF] Request finished HTTP/1.1 GET http://localhost:5283/api/v1/ky-bao-cao - 200 null application/json; charset=utf-8 18.9394ms
2026-04-22 14:13:13.792 +07:00 [INF] Request finished HTTP/1.1 GET http://localhost:5283/api/v1/ky-bao-cao/current - 200 null application/json; charset=utf-8 19.2812ms
2026-04-22 14:13:13.799 +07:00 [INF] Request starting HTTP/1.1 OPTIONS http://localhost:5283/api/v1/dao-tao-hoc-vien - null null
2026-04-22 14:13:13.802 +07:00 [INF] CORS policy execution successful.
2026-04-22 14:13:13.802 +07:00 [INF] HTTP OPTIONS /api/v1/dao-tao-hoc-vien => 204 in 0.8365 ms CorrelationId=f15e3296d4ce4e5fb273c749f91cc5e3 UserId=anonymous
2026-04-22 14:13:13.804 +07:00 [INF] HTTP OPTIONS /api/v1/dao-tao-hoc-vien responded 204 in 2.7482 ms
2026-04-22 14:13:13.806 +07:00 [INF] Request finished HTTP/1.1 OPTIONS http://localhost:5283/api/v1/dao-tao-hoc-vien - 204 null null 7.1368ms
2026-04-22 14:13:13.809 +07:00 [INF] Request starting HTTP/1.1 GET http://localhost:5283/api/v1/dao-tao-hoc-vien - null null
2026-04-22 14:13:13.811 +07:00 [INF] CORS policy execution successful.
2026-04-22 14:13:13.812 +07:00 [INF] Executing endpoint 'ThucLuc.Api.Controllers.V1.DaoTaoHocVienController.GetAll (ThucLuc.Api)'
2026-04-22 14:13:13.813 +07:00 [INF] Route matched with {action = "GetAll", controller = "DaoTaoHocVien"}. Executing controller action with signature System.Threading.Tasks.Task`1[Microsoft.AspNetCore.Mvc.ActionResult`1[ThucLuc.Api.Common.Models.ApiResponse`1[System.Collections.Generic.IReadOnlyCollection`1[ThucLuc.Application.Features.DaoTaoHocVien.DaoTaoHocVienDto]]]] GetAll(ThucLuc.Application.Features.DaoTaoHocVien.DaoTaoHocVienQuery, System.Threading.CancellationToken) on controller ThucLuc.Api.Controllers.V1.DaoTaoHocVienController (ThucLuc.Api).
2026-04-22 14:13:13.818 +07:00 [ERR] 2026-04-22 14:13:13.818220 ThreadID:56  (ERROR)   OracleRelationalCommand.ExecuteReaderAsync() :  Oracle.ManagedDataAccess.Client.OracleException (0x80004005): ORA-00904: "b"."IS_LATEST": invalid identifier
https://docs.oracle.com/error-help/db/ora-00904/
   at System.Threading.Tasks.ContinuationResultTaskFromResultTask`2.InnerInvoke()
   at System.Threading.ExecutionContext.RunInternal(ExecutionContext executionContext, ContextCallback callback, Object state)
--- End of stack trace from previous location ---
   at System.Threading.ExecutionContext.RunInternal(ExecutionContext executionContext, ContextCallback callback, Object state)
   at System.Threading.Tasks.Task.ExecuteWithThreadLocal(Task& currentTaskSlot, Thread threadPoolThread)
--- End of stack trace from previous location ---
   at Oracle.EntityFrameworkCore.Storage.Internal.OracleRelationalCommandBuilderFactory.OracleRelationalCommandBuilder.OracleRelationalCommand.ExecuteReaderAsync(RelationalCommandParameterObject parameterObject, CancellationToken cancellationToken)
2026-04-22 14:13:13.819 +07:00 [ERR] Failed executing DbCommand (4ms) [Parameters=[], CommandType='"Text"', CommandTimeout='0']
SELECT "b"."ID", "b"."CREATED_AT", "b"."CREATED_BY", "b"."DELETED_AT", "b"."DON_VI_ID", "b"."GHI_CHU", "b"."IS_LATEST", "b"."KY_BAO_CAO_CODE", "b"."NAM", "b"."NOI_DUNG_DAO_TAO", "b"."SNAPSHOT_BATCH_ID", "b"."SNAPSHOT_CREATED_AT", "b"."SNAPSHOT_VERSION", "b"."SO_CAO_DANG", "b"."SO_DAI_HOC", "b"."SO_THAC_SI", "b"."SO_TIEN_SI", "b"."SO_TRUNG_CAP", "b"."UPDATED_AT", "b"."UPDATED_BY"
FROM "CAND_QLCNTT"."BIZ_DAO_TAO_HOC_VIEN" "b"
WHERE (("b"."DELETED_AT" IS NULL) AND ("b"."IS_LATEST" = 1))
ORDER BY "b"."UPDATED_AT" DESC, "b"."CREATED_AT" DESC, "b"."ID" DESC
2026-04-22 14:13:13.822 +07:00 [ERR] 2026-04-22 14:13:13.822920 ThreadID:56  (ERROR)   OracleExecutionStrategy.ExecuteAsync() :  Oracle.ManagedDataAccess.Client.OracleException (0x80004005): ORA-00904: "b"."IS_LATEST": invalid identifier
https://docs.oracle.com/error-help/db/ora-00904/
   at System.Threading.Tasks.ContinuationResultTaskFromResultTask`2.InnerInvoke()
   at System.Threading.ExecutionContext.RunInternal(ExecutionContext executionContext, ContextCallback callback, Object state)
--- End of stack trace from previous location ---
   at System.Threading.ExecutionContext.RunInternal(ExecutionContext executionContext, ContextCallback callback, Object state)
   at System.Threading.Tasks.Task.ExecuteWithThreadLocal(Task& currentTaskSlot, Thread threadPoolThread)
--- End of stack trace from previous location ---
   at Oracle.EntityFrameworkCore.Storage.Internal.OracleRelationalCommandBuilderFactory.OracleRelationalCommandBuilder.OracleRelationalCommand.ExecuteReaderAsync(RelationalCommandParameterObject parameterObject, CancellationToken cancellationToken)
   at Oracle.EntityFrameworkCore.Storage.Internal.OracleRelationalCommandBuilderFactory.OracleRelationalCommandBuilder.OracleRelationalCommand.ExecuteReaderAsync(RelationalCommandParameterObject parameterObject, CancellationToken cancellationToken)
   at Oracle.EntityFrameworkCore.Storage.Internal.OracleRelationalCommandBuilderFactory.OracleRelationalCommandBuilder.OracleRelationalCommand.ExecuteReaderAsync(RelationalCommandParameterObject parameterObject, CancellationToken cancellationToken)
   at Microsoft.EntityFrameworkCore.Query.Internal.SingleQueryingEnumerable`1.AsyncEnumerator.InitializeReaderAsync(AsyncEnumerator enumerator, CancellationToken cancellationToken)
   at Oracle.EntityFrameworkCore.Storage.Internal.OracleExecutionStrategy.ExecuteAsync[TState,TResult](TState state, Func`4 operation, Func`4 verifySucceeded, CancellationToken cancellationToken)
2026-04-22 14:13:13.824 +07:00 [ERR] An exception occurred while iterating over the results of a query for context type 'ThucLuc.Infrastructure.Persistence.AppDbContext'.
Oracle.ManagedDataAccess.Client.OracleException (0x80004005): ORA-00904: "b"."IS_LATEST": invalid identifier
https://docs.oracle.com/error-help/db/ora-00904/
   at System.Threading.Tasks.ContinuationResultTaskFromResultTask`2.InnerInvoke()
   at System.Threading.ExecutionContext.RunInternal(ExecutionContext executionContext, ContextCallback callback, Object state)
--- End of stack trace from previous location ---
   at System.Threading.ExecutionContext.RunInternal(ExecutionContext executionContext, ContextCallback callback, Object state)
   at System.Threading.Tasks.Task.ExecuteWithThreadLocal(Task& currentTaskSlot, Thread threadPoolThread)
--- End of stack trace from previous location ---
   at Oracle.EntityFrameworkCore.Storage.Internal.OracleRelationalCommandBuilderFactory.OracleRelationalCommandBuilder.OracleRelationalCommand.ExecuteReaderAsync(RelationalCommandParameterObject parameterObject, CancellationToken cancellationToken)
   at Oracle.EntityFrameworkCore.Storage.Internal.OracleRelationalCommandBuilderFactory.OracleRelationalCommandBuilder.OracleRelationalCommand.ExecuteReaderAsync(RelationalCommandParameterObject parameterObject, CancellationToken cancellationToken)
   at Oracle.EntityFrameworkCore.Storage.Internal.OracleRelationalCommandBuilderFactory.OracleRelationalCommandBuilder.OracleRelationalCommand.ExecuteReaderAsync(RelationalCommandParameterObject parameterObject, CancellationToken cancellationToken)
   at Microsoft.EntityFrameworkCore.Query.Internal.SingleQueryingEnumerable`1.AsyncEnumerator.InitializeReaderAsync(AsyncEnumerator enumerator, CancellationToken cancellationToken)
   at Oracle.EntityFrameworkCore.Storage.Internal.OracleExecutionStrategy.ExecuteAsync[TState,TResult](TState state, Func`4 operation, Func`4 verifySucceeded, CancellationToken cancellationToken)
   at Microsoft.EntityFrameworkCore.Query.Internal.SingleQueryingEnumerable`1.AsyncEnumerator.MoveNextAsync()
Oracle.ManagedDataAccess.Client.OracleException (0x80004005): ORA-00904: "b"."IS_LATEST": invalid identifier
https://docs.oracle.com/error-help/db/ora-00904/
   at System.Threading.Tasks.ContinuationResultTaskFromResultTask`2.InnerInvoke()
   at System.Threading.ExecutionContext.RunInternal(ExecutionContext executionContext, ContextCallback callback, Object state)
--- End of stack trace from previous location ---
   at System.Threading.ExecutionContext.RunInternal(ExecutionContext executionContext, ContextCallback callback, Object state)
   at System.Threading.Tasks.Task.ExecuteWithThreadLocal(Task& currentTaskSlot, Thread threadPoolThread)
--- End of stack trace from previous location ---
   at Oracle.EntityFrameworkCore.Storage.Internal.OracleRelationalCommandBuilderFactory.OracleRelationalCommandBuilder.OracleRelationalCommand.ExecuteReaderAsync(RelationalCommandParameterObject parameterObject, CancellationToken cancellationToken)
   at Oracle.EntityFrameworkCore.Storage.Internal.OracleRelationalCommandBuilderFactory.OracleRelationalCommandBuilder.OracleRelationalCommand.ExecuteReaderAsync(RelationalCommandParameterObject parameterObject, CancellationToken cancellationToken)
   at Oracle.EntityFrameworkCore.Storage.Internal.OracleRelationalCommandBuilderFactory.OracleRelationalCommandBuilder.OracleRelationalCommand.ExecuteReaderAsync(RelationalCommandParameterObject parameterObject, CancellationToken cancellationToken)
   at Microsoft.EntityFrameworkCore.Query.Internal.SingleQueryingEnumerable`1.AsyncEnumerator.InitializeReaderAsync(AsyncEnumerator enumerator, CancellationToken cancellationToken)
   at Oracle.EntityFrameworkCore.Storage.Internal.OracleExecutionStrategy.ExecuteAsync[TState,TResult](TState state, Func`4 operation, Func`4 verifySucceeded, CancellationToken cancellationToken)
   at Microsoft.EntityFrameworkCore.Query.Internal.SingleQueryingEnumerable`1.AsyncEnumerator.MoveNextAsync()
2026-04-22 14:13:13.828 +07:00 [INF] Executed action ThucLuc.Api.Controllers.V1.DaoTaoHocVienController.GetAll (ThucLuc.Api) in 13.9717ms
2026-04-22 14:13:13.830 +07:00 [INF] Executed endpoint 'ThucLuc.Api.Controllers.V1.DaoTaoHocVienController.GetAll (ThucLuc.Api)'
2026-04-22 14:13:13.831 +07:00 [ERR] Unhandled exception. CorrelationId=8a1c4fd4a9a5406490909586a455ec7e
Oracle.ManagedDataAccess.Client.OracleException (0x80004005): ORA-00904: "b"."IS_LATEST": invalid identifier
https://docs.oracle.com/error-help/db/ora-00904/
   at System.Threading.Tasks.ContinuationResultTaskFromResultTask`2.InnerInvoke()
   at System.Threading.ExecutionContext.RunInternal(ExecutionContext executionContext, ContextCallback callback, Object state)
--- End of stack trace from previous location ---
   at System.Threading.ExecutionContext.RunInternal(ExecutionContext executionContext, ContextCallback callback, Object state)
   at System.Threading.Tasks.Task.ExecuteWithThreadLocal(Task& currentTaskSlot, Thread threadPoolThread)
--- End of stack trace from previous location ---
   at Oracle.EntityFrameworkCore.Storage.Internal.OracleRelationalCommandBuilderFactory.OracleRelationalCommandBuilder.OracleRelationalCommand.ExecuteReaderAsync(RelationalCommandParameterObject parameterObject, CancellationToken cancellationToken)
   at Oracle.EntityFrameworkCore.Storage.Internal.OracleRelationalCommandBuilderFactory.OracleRelationalCommandBuilder.OracleRelationalCommand.ExecuteReaderAsync(RelationalCommandParameterObject parameterObject, CancellationToken cancellationToken)
   at Oracle.EntityFrameworkCore.Storage.Internal.OracleRelationalCommandBuilderFactory.OracleRelationalCommandBuilder.OracleRelationalCommand.ExecuteReaderAsync(RelationalCommandParameterObject parameterObject, CancellationToken cancellationToken)
   at Microsoft.EntityFrameworkCore.Query.Internal.SingleQueryingEnumerable`1.AsyncEnumerator.InitializeReaderAsync(AsyncEnumerator enumerator, CancellationToken cancellationToken)
   at Oracle.EntityFrameworkCore.Storage.Internal.OracleExecutionStrategy.ExecuteAsync[TState,TResult](TState state, Func`4 operation, Func`4 verifySucceeded, CancellationToken cancellationToken)
   at Microsoft.EntityFrameworkCore.Query.Internal.SingleQueryingEnumerable`1.AsyncEnumerator.MoveNextAsync()
   at Microsoft.EntityFrameworkCore.EntityFrameworkQueryableExtensions.ToListAsync[TSource](IQueryable`1 source, CancellationToken cancellationToken)
   at Microsoft.EntityFrameworkCore.EntityFrameworkQueryableExtensions.ToListAsync[TSource](IQueryable`1 source, CancellationToken cancellationToken)
   at ThucLuc.Application.Features.DaoTaoHocVien.DaoTaoHocVienService.GetAllAsync(DaoTaoHocVienQuery query, CancellationToken cancellationToken) in D:\Projects\ThucLuc_V2\.sources\backend\src\Application\Features\DaoTaoHocVien\DaoTaoHocVienService.cs:line 60
   at ThucLuc.Api.Controllers.V1.DaoTaoHocVienController.GetAll(DaoTaoHocVienQuery query, CancellationToken cancellationToken) in D:\Projects\ThucLuc_V2\.sources\backend\src\api\Controllers\V1\DaoTaoHocVienController.cs:line 28
   at lambda_method2083(Closure, Object)
   at Microsoft.AspNetCore.Mvc.Infrastructure.ActionMethodExecutor.AwaitableObjectResultExecutor.Execute(ActionContext actionContext, IActionResultTypeMapper mapper, ObjectMethodExecutor executor, Object controller, Object[] arguments)
   at Microsoft.AspNetCore.Mvc.Infrastructure.ControllerActionInvoker.<InvokeActionMethodAsync>g__Awaited|12_0(ControllerActionInvoker invoker, ValueTask`1 actionResultValueTask)
   at Microsoft.AspNetCore.Mvc.Infrastructure.ControllerActionInvoker.<InvokeNextActionFilterAsync>g__Awaited|10_0(ControllerActionInvoker invoker, Task lastTask, State next, Scope scope, Object state, Boolean isCompleted)
   at Microsoft.AspNetCore.Mvc.Infrastructure.ControllerActionInvoker.Rethrow(ActionExecutedContextSealed context)
   at Microsoft.AspNetCore.Mvc.Infrastructure.ControllerActionInvoker.Next(State& next, Scope& scope, Object& state, Boolean& isCompleted)
   at Microsoft.AspNetCore.Mvc.Infrastructure.ControllerActionInvoker.<InvokeInnerFilterAsync>g__Awaited|13_0(ControllerActionInvoker invoker, Task lastTask, State next, Scope scope, Object state, Boolean isCompleted)
   at Microsoft.AspNetCore.Mvc.Infrastructure.ResourceInvoker.<InvokeFilterPipelineAsync>g__Awaited|20_0(ResourceInvoker invoker, Task lastTask, State next, Scope scope, Object state, Boolean isCompleted)
   at Microsoft.AspNetCore.Mvc.Infrastructure.ResourceInvoker.<InvokeAsync>g__Logged|17_1(ResourceInvoker invoker)
   at Microsoft.AspNetCore.Mvc.Infrastructure.ResourceInvoker.<InvokeAsync>g__Logged|17_1(ResourceInvoker invoker)
   at Microsoft.AspNetCore.Routing.EndpointMiddleware.<Invoke>g__AwaitRequestTask|7_0(Endpoint endpoint, Task requestTask, ILogger logger)
   at Microsoft.AspNetCore.Authorization.AuthorizationMiddleware.Invoke(HttpContext context)
   at Microsoft.AspNetCore.Authentication.AuthenticationMiddleware.Invoke(HttpContext context)
   at Swashbuckle.AspNetCore.SwaggerUI.SwaggerUIMiddleware.Invoke(HttpContext httpContext)
   at Swashbuckle.AspNetCore.Swagger.SwaggerMiddleware.Invoke(HttpContext httpContext, ISwaggerProvider swaggerProvider)
   at ThucLuc.Api.Common.Middleware.GlobalExceptionMiddleware.InvokeAsync(HttpContext context) in D:\Projects\ThucLuc_V2\.sources\backend\src\api\Common\Middleware\GlobalExceptionMiddleware.cs:line 23
2026-04-22 14:13:13.839 +07:00 [INF] HTTP GET /api/v1/dao-tao-hoc-vien => 500 in 27.5601 ms CorrelationId=8a1c4fd4a9a5406490909586a455ec7e UserId=5001
2026-04-22 14:13:13.841 +07:00 [ERR] HTTP GET /api/v1/dao-tao-hoc-vien responded 500 in 29.5049 ms
2026-04-22 14:13:13.842 +07:00 [INF] Request finished HTTP/1.1 GET http://localhost:5283/api/v1/dao-tao-hoc-vien - 500 null application/json 33.0716ms
2026-04-22 14:13:14.562 +07:00 [INF] Request starting HTTP/1.1 OPTIONS http://localhost:5283/api/v1/codes/by-code/NHOM_NANG_LUC_SO - null null
2026-04-22 14:13:14.564 +07:00 [INF] CORS policy execution successful.
2026-04-22 14:13:14.564 +07:00 [INF] HTTP OPTIONS /api/v1/codes/by-code/NHOM_NANG_LUC_SO => 204 in 0.5677 ms CorrelationId=23e6cf5ac9de496aa25501a965082a3d UserId=anonymous
2026-04-22 14:13:14.566 +07:00 [INF] HTTP OPTIONS /api/v1/codes/by-code/NHOM_NANG_LUC_SO responded 204 in 1.8005 ms
2026-04-22 14:13:14.567 +07:00 [INF] Request finished HTTP/1.1 OPTIONS http://localhost:5283/api/v1/codes/by-code/NHOM_NANG_LUC_SO - 204 null null 4.2247ms
2026-04-22 14:13:14.568 +07:00 [INF] Request starting HTTP/1.1 GET http://localhost:5283/api/v1/codes/by-code/NHOM_NANG_LUC_SO - null null
2026-04-22 14:13:14.570 +07:00 [INF] CORS policy execution successful.
2026-04-22 14:13:14.571 +07:00 [INF] Executing endpoint 'ThucLuc.Api.Controllers.V1.CodesController.GetByCode (ThucLuc.Api)'
2026-04-22 14:13:14.572 +07:00 [INF] Route matched with {action = "GetByCode", controller = "Codes"}. Executing controller action with signature System.Threading.Tasks.Task`1[Microsoft.AspNetCore.Mvc.ActionResult`1[ThucLuc.Api.Common.Models.ApiResponse`1[ThucLuc.Application.Features.Codes.CodeDto]]] GetByCode(System.String, System.Threading.CancellationToken) on controller ThucLuc.Api.Controllers.V1.CodesController (ThucLuc.Api).
2026-04-22 14:13:14.575 +07:00 [INF] Executing OkObjectResult, writing value of type 'ThucLuc.Api.Common.Models.ApiResponse`1[[ThucLuc.Application.Features.Codes.CodeDto, ThucLuc.Application, Version=1.0.0.0, Culture=neutral, PublicKeyToken=null]]'.
2026-04-22 14:13:14.576 +07:00 [INF] Executed action ThucLuc.Api.Controllers.V1.CodesController.GetByCode (ThucLuc.Api) in 2.9255ms
2026-04-22 14:13:14.577 +07:00 [INF] Executed endpoint 'ThucLuc.Api.Controllers.V1.CodesController.GetByCode (ThucLuc.Api)'
2026-04-22 14:13:14.578 +07:00 [INF] HTTP GET /api/v1/codes/by-code/NHOM_NANG_LUC_SO => 200 in 8.373 ms CorrelationId=b047944ae18e4841ba1cf79e8857468a UserId=5001
2026-04-22 14:13:14.579 +07:00 [INF] HTTP GET /api/v1/codes/by-code/NHOM_NANG_LUC_SO responded 200 in 9.6023 ms
2026-04-22 14:13:14.581 +07:00 [INF] Request finished HTTP/1.1 GET http://localhost:5283/api/v1/codes/by-code/NHOM_NANG_LUC_SO - 200 null application/json; charset=utf-8 12.3021ms
2026-04-22 14:13:14.583 +07:00 [INF] Request starting HTTP/1.1 GET http://localhost:5283/api/v1/ky-bao-cao - null null
2026-04-22 14:13:14.583 +07:00 [INF] Request starting HTTP/1.1 GET http://localhost:5283/api/v1/ky-bao-cao/current - null null
2026-04-22 14:13:14.585 +07:00 [INF] CORS policy execution successful.
2026-04-22 14:13:14.586 +07:00 [INF] CORS policy execution successful.
2026-04-22 14:13:14.587 +07:00 [INF] Executing endpoint 'ThucLuc.Api.Controllers.V1.KyBaoCaoController.GetAll (ThucLuc.Api)'
2026-04-22 14:13:14.587 +07:00 [INF] Executing endpoint 'ThucLuc.Api.Controllers.V1.KyBaoCaoController.GetCurrent (ThucLuc.Api)'
2026-04-22 14:13:14.589 +07:00 [INF] Route matched with {action = "GetAll", controller = "KyBaoCao"}. Executing controller action with signature System.Threading.Tasks.Task`1[Microsoft.AspNetCore.Mvc.ActionResult`1[ThucLuc.Api.Common.Models.ApiResponse`1[System.Collections.Generic.IReadOnlyCollection`1[ThucLuc.Application.Features.KyBaoCao.KyBaoCaoDto]]]] GetAll(System.Threading.CancellationToken) on controller ThucLuc.Api.Controllers.V1.KyBaoCaoController (ThucLuc.Api).
2026-04-22 14:13:14.590 +07:00 [INF] Route matched with {action = "GetCurrent", controller = "KyBaoCao"}. Executing controller action with signature System.Threading.Tasks.Task`1[Microsoft.AspNetCore.Mvc.ActionResult`1[ThucLuc.Api.Common.Models.ApiResponse`1[ThucLuc.Application.Features.KyBaoCao.KyBaoCaoDto]]] GetCurrent(System.Threading.CancellationToken) on controller ThucLuc.Api.Controllers.V1.KyBaoCaoController (ThucLuc.Api).
2026-04-22 14:13:14.593 +07:00 [INF] Executing OkObjectResult, writing value of type 'ThucLuc.Api.Common.Models.ApiResponse`1[[System.Collections.Generic.IReadOnlyCollection`1[[ThucLuc.Application.Features.KyBaoCao.KyBaoCaoDto, ThucLuc.Application, Version=1.0.0.0, Culture=neutral, PublicKeyToken=null]], System.Private.CoreLib, Version=8.0.0.0, Culture=neutral, PublicKeyToken=7cec85d7bea7798e]]'.
2026-04-22 14:13:14.593 +07:00 [INF] Executing OkObjectResult, writing value of type 'ThucLuc.Api.Common.Models.ApiResponse`1[[ThucLuc.Application.Features.KyBaoCao.KyBaoCaoDto, ThucLuc.Application, Version=1.0.0.0, Culture=neutral, PublicKeyToken=null]]'.
2026-04-22 14:13:14.594 +07:00 [INF] Executed action ThucLuc.Api.Controllers.V1.KyBaoCaoController.GetAll (ThucLuc.Api) in 2.9821ms
2026-04-22 14:13:14.595 +07:00 [INF] Executed action ThucLuc.Api.Controllers.V1.KyBaoCaoController.GetCurrent (ThucLuc.Api) in 2.9819ms
2026-04-22 14:13:14.597 +07:00 [INF] Executed endpoint 'ThucLuc.Api.Controllers.V1.KyBaoCaoController.GetAll (ThucLuc.Api)'
2026-04-22 14:13:14.598 +07:00 [INF] Executed endpoint 'ThucLuc.Api.Controllers.V1.KyBaoCaoController.GetCurrent (ThucLuc.Api)'
2026-04-22 14:13:14.600 +07:00 [INF] HTTP GET /api/v1/ky-bao-cao => 200 in 15.1251 ms CorrelationId=f1854c632c47453ba3ef67ad2f3686e6 UserId=5001
2026-04-22 14:13:14.603 +07:00 [INF] HTTP GET /api/v1/ky-bao-cao responded 200 in 17.9804 ms
2026-04-22 14:13:14.601 +07:00 [INF] HTTP GET /api/v1/ky-bao-cao/current => 200 in 15.3695 ms CorrelationId=c0bf47d8615848b8963d3699c4989681 UserId=5001
2026-04-22 14:13:14.605 +07:00 [INF] Request finished HTTP/1.1 GET http://localhost:5283/api/v1/ky-bao-cao - 200 null application/json; charset=utf-8 22.3861ms
2026-04-22 14:13:14.608 +07:00 [INF] HTTP GET /api/v1/ky-bao-cao/current responded 200 in 22.5483 ms
2026-04-22 14:13:14.612 +07:00 [INF] Request finished HTTP/1.1 GET http://localhost:5283/api/v1/ky-bao-cao/current - 200 null application/json; charset=utf-8 28.8469ms
2026-04-22 14:13:14.616 +07:00 [INF] Request starting HTTP/1.1 OPTIONS http://localhost:5283/api/v1/nang-luc-so?kyCode=2026Q1_NHAN_LUC&kyBaoCaoCode=2026Q1_NHAN_LUC&mode=live&nam=2026 - null null
2026-04-22 14:13:14.620 +07:00 [INF] CORS policy execution successful.
2026-04-22 14:13:14.621 +07:00 [INF] HTTP OPTIONS /api/v1/nang-luc-so => 204 in 1.0613 ms CorrelationId=0bf227ac40014de5ad3cfbd2e7ddd6ef UserId=anonymous
2026-04-22 14:13:14.624 +07:00 [INF] HTTP OPTIONS /api/v1/nang-luc-so responded 204 in 3.8153 ms
2026-04-22 14:13:14.627 +07:00 [INF] Request finished HTTP/1.1 OPTIONS http://localhost:5283/api/v1/nang-luc-so?kyCode=2026Q1_NHAN_LUC&kyBaoCaoCode=2026Q1_NHAN_LUC&mode=live&nam=2026 - 204 null null 10.4089ms
2026-04-22 14:13:14.631 +07:00 [INF] Request starting HTTP/1.1 GET http://localhost:5283/api/v1/nang-luc-so?kyCode=2026Q1_NHAN_LUC&kyBaoCaoCode=2026Q1_NHAN_LUC&mode=live&nam=2026 - null null
2026-04-22 14:13:14.633 +07:00 [INF] CORS policy execution successful.
2026-04-22 14:13:14.634 +07:00 [INF] Executing endpoint 'ThucLuc.Api.Controllers.V1.NangLucSoController.GetAll (ThucLuc.Api)'
2026-04-22 14:13:14.635 +07:00 [INF] Route matched with {action = "GetAll", controller = "NangLucSo"}. Executing controller action with signature System.Threading.Tasks.Task`1[Microsoft.AspNetCore.Mvc.ActionResult`1[ThucLuc.Api.Common.Models.ApiResponse`1[System.Collections.Generic.IReadOnlyCollection`1[ThucLuc.Application.Features.NangLucSo.NangLucSoDto]]]] GetAll(ThucLuc.Application.Features.NangLucSo.NangLucSoQuery, System.Threading.CancellationToken) on controller ThucLuc.Api.Controllers.V1.NangLucSoController (ThucLuc.Api).
2026-04-22 14:13:14.642 +07:00 [ERR] 2026-04-22 14:13:14.642194 ThreadID:59  (ERROR)   OracleRelationalCommand.ExecuteReaderAsync() :  Oracle.ManagedDataAccess.Client.OracleException (0x80004005): ORA-00904: "b"."KY_BAO_CAO_CODE": invalid identifier
https://docs.oracle.com/error-help/db/ora-00904/
   at System.Threading.Tasks.ContinuationResultTaskFromResultTask`2.InnerInvoke()
   at System.Threading.ExecutionContext.RunInternal(ExecutionContext executionContext, ContextCallback callback, Object state)
--- End of stack trace from previous location ---
   at System.Threading.ExecutionContext.RunInternal(ExecutionContext executionContext, ContextCallback callback, Object state)
   at System.Threading.Tasks.Task.ExecuteWithThreadLocal(Task& currentTaskSlot, Thread threadPoolThread)
--- End of stack trace from previous location ---
   at Oracle.EntityFrameworkCore.Storage.Internal.OracleRelationalCommandBuilderFactory.OracleRelationalCommandBuilder.OracleRelationalCommand.ExecuteReaderAsync(RelationalCommandParameterObject parameterObject, CancellationToken cancellationToken)
2026-04-22 14:13:14.643 +07:00 [ERR] Failed executing DbCommand (4ms) [Parameters=[:filter_KyBaoCaoCode_0='?' (Size = 50)], CommandType='"Text"', CommandTimeout='0']
SELECT "b"."ID", "b"."CREATED_AT", "b"."CREATED_BY", "b"."DELETED_AT", "b"."DON_VI_ID", "b"."GHI_CHU", "b"."IS_LATEST", "b"."KY_BAO_CAO_CODE", "b"."NHOM_VI_TRI", "b"."SNAPSHOT_BATCH_ID", "b"."SNAPSHOT_CREATED_AT", "b"."SNAPSHOT_VERSION", "b"."TONG_SO_CHUA_DAT", "b"."TONG_SO_DAT", "b"."TONG_SO_DIEN_DANH_GIA", "b"."UPDATED_AT", "b"."UPDATED_BY"
FROM "CAND_QLCNTT"."BIZ_NANG_LUC_SO" "b"
WHERE (("b"."DELETED_AT" IS NULL) AND ("b"."KY_BAO_CAO_CODE" = :filter_KyBaoCaoCode_0))
ORDER BY "b"."NHOM_VI_TRI", "b"."UPDATED_AT" DESC, "b"."CREATED_AT" DESC, "b"."ID" DESC
2026-04-22 14:13:14.646 +07:00 [ERR] 2026-04-22 14:13:14.646412 ThreadID:59  (ERROR)   OracleExecutionStrategy.ExecuteAsync() :  Oracle.ManagedDataAccess.Client.OracleException (0x80004005): ORA-00904: "b"."KY_BAO_CAO_CODE": invalid identifier
https://docs.oracle.com/error-help/db/ora-00904/
   at System.Threading.Tasks.ContinuationResultTaskFromResultTask`2.InnerInvoke()
   at System.Threading.ExecutionContext.RunInternal(ExecutionContext executionContext, ContextCallback callback, Object state)
--- End of stack trace from previous location ---
   at System.Threading.ExecutionContext.RunInternal(ExecutionContext executionContext, ContextCallback callback, Object state)
   at System.Threading.Tasks.Task.ExecuteWithThreadLocal(Task& currentTaskSlot, Thread threadPoolThread)
--- End of stack trace from previous location ---
   at Oracle.EntityFrameworkCore.Storage.Internal.OracleRelationalCommandBuilderFactory.OracleRelationalCommandBuilder.OracleRelationalCommand.ExecuteReaderAsync(RelationalCommandParameterObject parameterObject, CancellationToken cancellationToken)
   at Oracle.EntityFrameworkCore.Storage.Internal.OracleRelationalCommandBuilderFactory.OracleRelationalCommandBuilder.OracleRelationalCommand.ExecuteReaderAsync(RelationalCommandParameterObject parameterObject, CancellationToken cancellationToken)
   at Oracle.EntityFrameworkCore.Storage.Internal.OracleRelationalCommandBuilderFactory.OracleRelationalCommandBuilder.OracleRelationalCommand.ExecuteReaderAsync(RelationalCommandParameterObject parameterObject, CancellationToken cancellationToken)
   at Microsoft.EntityFrameworkCore.Query.Internal.SingleQueryingEnumerable`1.AsyncEnumerator.InitializeReaderAsync(AsyncEnumerator enumerator, CancellationToken cancellationToken)
   at Oracle.EntityFrameworkCore.Storage.Internal.OracleExecutionStrategy.ExecuteAsync[TState,TResult](TState state, Func`4 operation, Func`4 verifySucceeded, CancellationToken cancellationToken)
2026-04-22 14:13:14.647 +07:00 [ERR] An exception occurred while iterating over the results of a query for context type 'ThucLuc.Infrastructure.Persistence.AppDbContext'.
Oracle.ManagedDataAccess.Client.OracleException (0x80004005): ORA-00904: "b"."KY_BAO_CAO_CODE": invalid identifier
https://docs.oracle.com/error-help/db/ora-00904/
   at System.Threading.Tasks.ContinuationResultTaskFromResultTask`2.InnerInvoke()
   at System.Threading.ExecutionContext.RunInternal(ExecutionContext executionContext, ContextCallback callback, Object state)
--- End of stack trace from previous location ---
   at System.Threading.ExecutionContext.RunInternal(ExecutionContext executionContext, ContextCallback callback, Object state)
   at System.Threading.Tasks.Task.ExecuteWithThreadLocal(Task& currentTaskSlot, Thread threadPoolThread)
--- End of stack trace from previous location ---
   at Oracle.EntityFrameworkCore.Storage.Internal.OracleRelationalCommandBuilderFactory.OracleRelationalCommandBuilder.OracleRelationalCommand.ExecuteReaderAsync(RelationalCommandParameterObject parameterObject, CancellationToken cancellationToken)
   at Oracle.EntityFrameworkCore.Storage.Internal.OracleRelationalCommandBuilderFactory.OracleRelationalCommandBuilder.OracleRelationalCommand.ExecuteReaderAsync(RelationalCommandParameterObject parameterObject, CancellationToken cancellationToken)
   at Oracle.EntityFrameworkCore.Storage.Internal.OracleRelationalCommandBuilderFactory.OracleRelationalCommandBuilder.OracleRelationalCommand.ExecuteReaderAsync(RelationalCommandParameterObject parameterObject, CancellationToken cancellationToken)
   at Microsoft.EntityFrameworkCore.Query.Internal.SingleQueryingEnumerable`1.AsyncEnumerator.InitializeReaderAsync(AsyncEnumerator enumerator, CancellationToken cancellationToken)
   at Oracle.EntityFrameworkCore.Storage.Internal.OracleExecutionStrategy.ExecuteAsync[TState,TResult](TState state, Func`4 operation, Func`4 verifySucceeded, CancellationToken cancellationToken)
   at Microsoft.EntityFrameworkCore.Query.Internal.SingleQueryingEnumerable`1.AsyncEnumerator.MoveNextAsync()
Oracle.ManagedDataAccess.Client.OracleException (0x80004005): ORA-00904: "b"."KY_BAO_CAO_CODE": invalid identifier
https://docs.oracle.com/error-help/db/ora-00904/
   at System.Threading.Tasks.ContinuationResultTaskFromResultTask`2.InnerInvoke()
   at System.Threading.ExecutionContext.RunInternal(ExecutionContext executionContext, ContextCallback callback, Object state)
--- End of stack trace from previous location ---
   at System.Threading.ExecutionContext.RunInternal(ExecutionContext executionContext, ContextCallback callback, Object state)
   at System.Threading.Tasks.Task.ExecuteWithThreadLocal(Task& currentTaskSlot, Thread threadPoolThread)
--- End of stack trace from previous location ---
   at Oracle.EntityFrameworkCore.Storage.Internal.OracleRelationalCommandBuilderFactory.OracleRelationalCommandBuilder.OracleRelationalCommand.ExecuteReaderAsync(RelationalCommandParameterObject parameterObject, CancellationToken cancellationToken)
   at Oracle.EntityFrameworkCore.Storage.Internal.OracleRelationalCommandBuilderFactory.OracleRelationalCommandBuilder.OracleRelationalCommand.ExecuteReaderAsync(RelationalCommandParameterObject parameterObject, CancellationToken cancellationToken)
   at Oracle.EntityFrameworkCore.Storage.Internal.OracleRelationalCommandBuilderFactory.OracleRelationalCommandBuilder.OracleRelationalCommand.ExecuteReaderAsync(RelationalCommandParameterObject parameterObject, CancellationToken cancellationToken)
   at Microsoft.EntityFrameworkCore.Query.Internal.SingleQueryingEnumerable`1.AsyncEnumerator.InitializeReaderAsync(AsyncEnumerator enumerator, CancellationToken cancellationToken)
   at Oracle.EntityFrameworkCore.Storage.Internal.OracleExecutionStrategy.ExecuteAsync[TState,TResult](TState state, Func`4 operation, Func`4 verifySucceeded, CancellationToken cancellationToken)
   at Microsoft.EntityFrameworkCore.Query.Internal.SingleQueryingEnumerable`1.AsyncEnumerator.MoveNextAsync()
2026-04-22 14:13:14.652 +07:00 [INF] Executed action ThucLuc.Api.Controllers.V1.NangLucSoController.GetAll (ThucLuc.Api) in 14.314ms
2026-04-22 14:13:14.655 +07:00 [INF] Executed endpoint 'ThucLuc.Api.Controllers.V1.NangLucSoController.GetAll (ThucLuc.Api)'
2026-04-22 14:13:14.656 +07:00 [ERR] Unhandled exception. CorrelationId=602fc159e2ca430ab63093293f508fe0
Oracle.ManagedDataAccess.Client.OracleException (0x80004005): ORA-00904: "b"."KY_BAO_CAO_CODE": invalid identifier
https://docs.oracle.com/error-help/db/ora-00904/
   at System.Threading.Tasks.ContinuationResultTaskFromResultTask`2.InnerInvoke()
   at System.Threading.ExecutionContext.RunInternal(ExecutionContext executionContext, ContextCallback callback, Object state)
--- End of stack trace from previous location ---
   at System.Threading.ExecutionContext.RunInternal(ExecutionContext executionContext, ContextCallback callback, Object state)
   at System.Threading.Tasks.Task.ExecuteWithThreadLocal(Task& currentTaskSlot, Thread threadPoolThread)
--- End of stack trace from previous location ---
   at Oracle.EntityFrameworkCore.Storage.Internal.OracleRelationalCommandBuilderFactory.OracleRelationalCommandBuilder.OracleRelationalCommand.ExecuteReaderAsync(RelationalCommandParameterObject parameterObject, CancellationToken cancellationToken)
   at Oracle.EntityFrameworkCore.Storage.Internal.OracleRelationalCommandBuilderFactory.OracleRelationalCommandBuilder.OracleRelationalCommand.ExecuteReaderAsync(RelationalCommandParameterObject parameterObject, CancellationToken cancellationToken)
   at Oracle.EntityFrameworkCore.Storage.Internal.OracleRelationalCommandBuilderFactory.OracleRelationalCommandBuilder.OracleRelationalCommand.ExecuteReaderAsync(RelationalCommandParameterObject parameterObject, CancellationToken cancellationToken)
   at Microsoft.EntityFrameworkCore.Query.Internal.SingleQueryingEnumerable`1.AsyncEnumerator.InitializeReaderAsync(AsyncEnumerator enumerator, CancellationToken cancellationToken)
   at Oracle.EntityFrameworkCore.Storage.Internal.OracleExecutionStrategy.ExecuteAsync[TState,TResult](TState state, Func`4 operation, Func`4 verifySucceeded, CancellationToken cancellationToken)
   at Microsoft.EntityFrameworkCore.Query.Internal.SingleQueryingEnumerable`1.AsyncEnumerator.MoveNextAsync()
   at Microsoft.EntityFrameworkCore.EntityFrameworkQueryableExtensions.ToListAsync[TSource](IQueryable`1 source, CancellationToken cancellationToken)
   at Microsoft.EntityFrameworkCore.EntityFrameworkQueryableExtensions.ToListAsync[TSource](IQueryable`1 source, CancellationToken cancellationToken)
   at ThucLuc.Application.Features.NangLucSo.NangLucSoService.GetAllAsync(NangLucSoQuery query, CancellationToken cancellationToken) in D:\Projects\ThucLuc_V2\.sources\backend\src\Application\Features\NangLucSo\NangLucSoService.cs:line 56
   at ThucLuc.Api.Controllers.V1.NangLucSoController.GetAll(NangLucSoQuery query, CancellationToken cancellationToken) in D:\Projects\ThucLuc_V2\.sources\backend\src\api\Controllers\V1\NangLucSoController.cs:line 28
   at lambda_method2124(Closure, Object)
   at Microsoft.AspNetCore.Mvc.Infrastructure.ActionMethodExecutor.AwaitableObjectResultExecutor.Execute(ActionContext actionContext, IActionResultTypeMapper mapper, ObjectMethodExecutor executor, Object controller, Object[] arguments)
   at Microsoft.AspNetCore.Mvc.Infrastructure.ControllerActionInvoker.<InvokeActionMethodAsync>g__Awaited|12_0(ControllerActionInvoker invoker, ValueTask`1 actionResultValueTask)
   at Microsoft.AspNetCore.Mvc.Infrastructure.ControllerActionInvoker.<InvokeNextActionFilterAsync>g__Awaited|10_0(ControllerActionInvoker invoker, Task lastTask, State next, Scope scope, Object state, Boolean isCompleted)
   at Microsoft.AspNetCore.Mvc.Infrastructure.ControllerActionInvoker.Rethrow(ActionExecutedContextSealed context)
   at Microsoft.AspNetCore.Mvc.Infrastructure.ControllerActionInvoker.Next(State& next, Scope& scope, Object& state, Boolean& isCompleted)
   at Microsoft.AspNetCore.Mvc.Infrastructure.ControllerActionInvoker.<InvokeInnerFilterAsync>g__Awaited|13_0(ControllerActionInvoker invoker, Task lastTask, State next, Scope scope, Object state, Boolean isCompleted)
   at Microsoft.AspNetCore.Mvc.Infrastructure.ResourceInvoker.<InvokeFilterPipelineAsync>g__Awaited|20_0(ResourceInvoker invoker, Task lastTask, State next, Scope scope, Object state, Boolean isCompleted)
   at Microsoft.AspNetCore.Mvc.Infrastructure.ResourceInvoker.<InvokeAsync>g__Logged|17_1(ResourceInvoker invoker)
   at Microsoft.AspNetCore.Mvc.Infrastructure.ResourceInvoker.<InvokeAsync>g__Logged|17_1(ResourceInvoker invoker)
   at Microsoft.AspNetCore.Routing.EndpointMiddleware.<Invoke>g__AwaitRequestTask|7_0(Endpoint endpoint, Task requestTask, ILogger logger)
   at Microsoft.AspNetCore.Authorization.AuthorizationMiddleware.Invoke(HttpContext context)
   at Microsoft.AspNetCore.Authentication.AuthenticationMiddleware.Invoke(HttpContext context)
   at Swashbuckle.AspNetCore.SwaggerUI.SwaggerUIMiddleware.Invoke(HttpContext httpContext)
   at Swashbuckle.AspNetCore.Swagger.SwaggerMiddleware.Invoke(HttpContext httpContext, ISwaggerProvider swaggerProvider)
   at ThucLuc.Api.Common.Middleware.GlobalExceptionMiddleware.InvokeAsync(HttpContext context) in D:\Projects\ThucLuc_V2\.sources\backend\src\api\Common\Middleware\GlobalExceptionMiddleware.cs:line 23
2026-04-22 14:13:14.663 +07:00 [INF] HTTP GET /api/v1/nang-luc-so => 500 in 30.2137 ms CorrelationId=602fc159e2ca430ab63093293f508fe0 UserId=5001
2026-04-22 14:13:14.665 +07:00 [ERR] HTTP GET /api/v1/nang-luc-so responded 500 in 31.9682 ms
2026-04-22 14:13:14.666 +07:00 [INF] Request finished HTTP/1.1 GET http://localhost:5283/api/v1/nang-luc-so?kyCode=2026Q1_NHAN_LUC&kyBaoCaoCode=2026Q1_NHAN_LUC&mode=live&nam=2026 - 500 null application/json 35.4121ms
2026-04-22 14:13:22.208 +07:00 [INF] Request starting HTTP/1.1 OPTIONS http://localhost:5283/api/v1/codes/by-code/NOI_DUNG_DAO_TAO_HV - null null
2026-04-22 14:13:22.211 +07:00 [INF] CORS policy execution successful.
2026-04-22 14:13:22.212 +07:00 [INF] HTTP OPTIONS /api/v1/codes/by-code/NOI_DUNG_DAO_TAO_HV => 204 in 0.5531 ms CorrelationId=0a4b4234078e46b68532771237f9092b UserId=anonymous
2026-04-22 14:13:22.213 +07:00 [INF] HTTP OPTIONS /api/v1/codes/by-code/NOI_DUNG_DAO_TAO_HV responded 204 in 2.1538 ms
2026-04-22 14:13:22.215 +07:00 [INF] Request finished HTTP/1.1 OPTIONS http://localhost:5283/api/v1/codes/by-code/NOI_DUNG_DAO_TAO_HV - 204 null null 6.194ms
2026-04-22 14:13:22.217 +07:00 [INF] Request starting HTTP/1.1 GET http://localhost:5283/api/v1/codes/by-code/NOI_DUNG_DAO_TAO_HV - null null
2026-04-22 14:13:22.218 +07:00 [INF] CORS policy execution successful.
2026-04-22 14:13:22.218 +07:00 [INF] Executing endpoint 'ThucLuc.Api.Controllers.V1.CodesController.GetByCode (ThucLuc.Api)'
2026-04-22 14:13:22.219 +07:00 [INF] Route matched with {action = "GetByCode", controller = "Codes"}. Executing controller action with signature System.Threading.Tasks.Task`1[Microsoft.AspNetCore.Mvc.ActionResult`1[ThucLuc.Api.Common.Models.ApiResponse`1[ThucLuc.Application.Features.Codes.CodeDto]]] GetByCode(System.String, System.Threading.CancellationToken) on controller ThucLuc.Api.Controllers.V1.CodesController (ThucLuc.Api).
2026-04-22 14:13:22.223 +07:00 [INF] Executing OkObjectResult, writing value of type 'ThucLuc.Api.Common.Models.ApiResponse`1[[ThucLuc.Application.Features.Codes.CodeDto, ThucLuc.Application, Version=1.0.0.0, Culture=neutral, PublicKeyToken=null]]'.
2026-04-22 14:13:22.224 +07:00 [INF] Executed action ThucLuc.Api.Controllers.V1.CodesController.GetByCode (ThucLuc.Api) in 3.0057ms
2026-04-22 14:13:22.225 +07:00 [INF] Executed endpoint 'ThucLuc.Api.Controllers.V1.CodesController.GetByCode (ThucLuc.Api)'
2026-04-22 14:13:22.225 +07:00 [INF] HTTP GET /api/v1/codes/by-code/NOI_DUNG_DAO_TAO_HV => 200 in 7.6469 ms CorrelationId=979bc2d0f0dd4ad4958186397329e2ad UserId=5001
2026-04-22 14:13:22.227 +07:00 [INF] HTTP GET /api/v1/codes/by-code/NOI_DUNG_DAO_TAO_HV responded 200 in 8.8696 ms
2026-04-22 14:13:22.227 +07:00 [INF] Request finished HTTP/1.1 GET http://localhost:5283/api/v1/codes/by-code/NOI_DUNG_DAO_TAO_HV - 200 null application/json; charset=utf-8 10.962ms
2026-04-22 14:13:22.229 +07:00 [INF] Request starting HTTP/1.1 OPTIONS http://localhost:5283/api/v1/ky-bao-cao/current - null null
2026-04-22 14:13:22.229 +07:00 [INF] Request starting HTTP/1.1 OPTIONS http://localhost:5283/api/v1/ky-bao-cao - null null
2026-04-22 14:13:22.231 +07:00 [INF] CORS policy execution successful.
2026-04-22 14:13:22.232 +07:00 [INF] CORS policy execution successful.
2026-04-22 14:13:22.232 +07:00 [INF] HTTP OPTIONS /api/v1/ky-bao-cao/current => 204 in 1.5596 ms CorrelationId=3d4d995659fe46fc96e1667d9996dc73 UserId=anonymous
2026-04-22 14:13:22.232 +07:00 [INF] HTTP OPTIONS /api/v1/ky-bao-cao => 204 in 0.7076 ms CorrelationId=dafd8944e55b4cd1a8745b5389541d2b UserId=anonymous
2026-04-22 14:13:22.233 +07:00 [INF] HTTP OPTIONS /api/v1/ky-bao-cao/current responded 204 in 2.8336 ms
2026-04-22 14:13:22.234 +07:00 [INF] HTTP OPTIONS /api/v1/ky-bao-cao responded 204 in 2.5757 ms
2026-04-22 14:13:22.235 +07:00 [INF] Request finished HTTP/1.1 OPTIONS http://localhost:5283/api/v1/ky-bao-cao/current - 204 null null 5.8594ms
2026-04-22 14:13:22.237 +07:00 [INF] Request finished HTTP/1.1 OPTIONS http://localhost:5283/api/v1/ky-bao-cao - 204 null null 7.2209ms
2026-04-22 14:13:22.238 +07:00 [INF] Request starting HTTP/1.1 GET http://localhost:5283/api/v1/ky-bao-cao/current - null null
2026-04-22 14:13:22.240 +07:00 [INF] Request starting HTTP/1.1 GET http://localhost:5283/api/v1/ky-bao-cao - null null
2026-04-22 14:13:22.241 +07:00 [INF] CORS policy execution successful.
2026-04-22 14:13:22.242 +07:00 [INF] CORS policy execution successful.
2026-04-22 14:13:22.243 +07:00 [INF] Executing endpoint 'ThucLuc.Api.Controllers.V1.KyBaoCaoController.GetCurrent (ThucLuc.Api)'
2026-04-22 14:13:22.243 +07:00 [INF] Executing endpoint 'ThucLuc.Api.Controllers.V1.KyBaoCaoController.GetAll (ThucLuc.Api)'
2026-04-22 14:13:22.244 +07:00 [INF] Route matched with {action = "GetCurrent", controller = "KyBaoCao"}. Executing controller action with signature System.Threading.Tasks.Task`1[Microsoft.AspNetCore.Mvc.ActionResult`1[ThucLuc.Api.Common.Models.ApiResponse`1[ThucLuc.Application.Features.KyBaoCao.KyBaoCaoDto]]] GetCurrent(System.Threading.CancellationToken) on controller ThucLuc.Api.Controllers.V1.KyBaoCaoController (ThucLuc.Api).
2026-04-22 14:13:22.244 +07:00 [INF] Route matched with {action = "GetAll", controller = "KyBaoCao"}. Executing controller action with signature System.Threading.Tasks.Task`1[Microsoft.AspNetCore.Mvc.ActionResult`1[ThucLuc.Api.Common.Models.ApiResponse`1[System.Collections.Generic.IReadOnlyCollection`1[ThucLuc.Application.Features.KyBaoCao.KyBaoCaoDto]]]] GetAll(System.Threading.CancellationToken) on controller ThucLuc.Api.Controllers.V1.KyBaoCaoController (ThucLuc.Api).
2026-04-22 14:13:22.246 +07:00 [INF] Executing OkObjectResult, writing value of type 'ThucLuc.Api.Common.Models.ApiResponse`1[[ThucLuc.Application.Features.KyBaoCao.KyBaoCaoDto, ThucLuc.Application, Version=1.0.0.0, Culture=neutral, PublicKeyToken=null]]'.
2026-04-22 14:13:22.247 +07:00 [INF] Executing OkObjectResult, writing value of type 'ThucLuc.Api.Common.Models.ApiResponse`1[[System.Collections.Generic.IReadOnlyCollection`1[[ThucLuc.Application.Features.KyBaoCao.KyBaoCaoDto, ThucLuc.Application, Version=1.0.0.0, Culture=neutral, PublicKeyToken=null]], System.Private.CoreLib, Version=8.0.0.0, Culture=neutral, PublicKeyToken=7cec85d7bea7798e]]'.
2026-04-22 14:13:22.247 +07:00 [INF] Executed action ThucLuc.Api.Controllers.V1.KyBaoCaoController.GetCurrent (ThucLuc.Api) in 2.1625ms
2026-04-22 14:13:22.248 +07:00 [INF] Executed action ThucLuc.Api.Controllers.V1.KyBaoCaoController.GetAll (ThucLuc.Api) in 1.842ms
2026-04-22 14:13:22.249 +07:00 [INF] Executed endpoint 'ThucLuc.Api.Controllers.V1.KyBaoCaoController.GetCurrent (ThucLuc.Api)'
2026-04-22 14:13:22.249 +07:00 [INF] Executed endpoint 'ThucLuc.Api.Controllers.V1.KyBaoCaoController.GetAll (ThucLuc.Api)'
2026-04-22 14:13:22.250 +07:00 [INF] HTTP GET /api/v1/ky-bao-cao/current => 200 in 8.3308 ms CorrelationId=8d9f01e2f81f47bbbd6f11b4652bea71 UserId=5001
2026-04-22 14:13:22.250 +07:00 [INF] HTTP GET /api/v1/ky-bao-cao => 200 in 7.7775 ms CorrelationId=b5cf162108b349c09155cdc4716f6007 UserId=5001
2026-04-22 14:13:22.251 +07:00 [INF] HTTP GET /api/v1/ky-bao-cao/current responded 200 in 9.7582 ms
2026-04-22 14:13:22.252 +07:00 [INF] HTTP GET /api/v1/ky-bao-cao responded 200 in 9.8140 ms
2026-04-22 14:13:22.254 +07:00 [INF] Request finished HTTP/1.1 GET http://localhost:5283/api/v1/ky-bao-cao/current - 200 null application/json; charset=utf-8 15.3971ms
2026-04-22 14:13:22.255 +07:00 [INF] Request finished HTTP/1.1 GET http://localhost:5283/api/v1/ky-bao-cao - 200 null application/json; charset=utf-8 15.0187ms
2026-04-22 14:13:22.258 +07:00 [INF] Request starting HTTP/1.1 OPTIONS http://localhost:5283/api/v1/dao-tao-hoc-vien - null null
2026-04-22 14:13:22.260 +07:00 [INF] CORS policy execution successful.
2026-04-22 14:13:22.260 +07:00 [INF] HTTP OPTIONS /api/v1/dao-tao-hoc-vien => 204 in 0.442 ms CorrelationId=817e7cb2609a4921bbb8853049d6e2d4 UserId=anonymous
2026-04-22 14:13:22.261 +07:00 [INF] HTTP OPTIONS /api/v1/dao-tao-hoc-vien responded 204 in 1.4345 ms
2026-04-22 14:13:22.262 +07:00 [INF] Request finished HTTP/1.1 OPTIONS http://localhost:5283/api/v1/dao-tao-hoc-vien - 204 null null 3.4444ms
2026-04-22 14:13:22.263 +07:00 [INF] Request starting HTTP/1.1 GET http://localhost:5283/api/v1/dao-tao-hoc-vien - null null
2026-04-22 14:13:22.265 +07:00 [INF] CORS policy execution successful.
2026-04-22 14:13:22.265 +07:00 [INF] Executing endpoint 'ThucLuc.Api.Controllers.V1.DaoTaoHocVienController.GetAll (ThucLuc.Api)'
2026-04-22 14:13:22.266 +07:00 [INF] Route matched with {action = "GetAll", controller = "DaoTaoHocVien"}. Executing controller action with signature System.Threading.Tasks.Task`1[Microsoft.AspNetCore.Mvc.ActionResult`1[ThucLuc.Api.Common.Models.ApiResponse`1[System.Collections.Generic.IReadOnlyCollection`1[ThucLuc.Application.Features.DaoTaoHocVien.DaoTaoHocVienDto]]]] GetAll(ThucLuc.Application.Features.DaoTaoHocVien.DaoTaoHocVienQuery, System.Threading.CancellationToken) on controller ThucLuc.Api.Controllers.V1.DaoTaoHocVienController (ThucLuc.Api).
2026-04-22 14:13:22.270 +07:00 [ERR] 2026-04-22 14:13:22.270423 ThreadID:55  (ERROR)   OracleRelationalCommand.ExecuteReaderAsync() :  Oracle.ManagedDataAccess.Client.OracleException (0x80004005): ORA-00904: "b"."IS_LATEST": invalid identifier
https://docs.oracle.com/error-help/db/ora-00904/
   at System.Threading.Tasks.ContinuationResultTaskFromResultTask`2.InnerInvoke()
   at System.Threading.ExecutionContext.RunInternal(ExecutionContext executionContext, ContextCallback callback, Object state)
--- End of stack trace from previous location ---
   at System.Threading.ExecutionContext.RunInternal(ExecutionContext executionContext, ContextCallback callback, Object state)
   at System.Threading.Tasks.Task.ExecuteWithThreadLocal(Task& currentTaskSlot, Thread threadPoolThread)
--- End of stack trace from previous location ---
   at Oracle.EntityFrameworkCore.Storage.Internal.OracleRelationalCommandBuilderFactory.OracleRelationalCommandBuilder.OracleRelationalCommand.ExecuteReaderAsync(RelationalCommandParameterObject parameterObject, CancellationToken cancellationToken)
2026-04-22 14:13:22.271 +07:00 [ERR] Failed executing DbCommand (4ms) [Parameters=[], CommandType='"Text"', CommandTimeout='0']
SELECT "b"."ID", "b"."CREATED_AT", "b"."CREATED_BY", "b"."DELETED_AT", "b"."DON_VI_ID", "b"."GHI_CHU", "b"."IS_LATEST", "b"."KY_BAO_CAO_CODE", "b"."NAM", "b"."NOI_DUNG_DAO_TAO", "b"."SNAPSHOT_BATCH_ID", "b"."SNAPSHOT_CREATED_AT", "b"."SNAPSHOT_VERSION", "b"."SO_CAO_DANG", "b"."SO_DAI_HOC", "b"."SO_THAC_SI", "b"."SO_TIEN_SI", "b"."SO_TRUNG_CAP", "b"."UPDATED_AT", "b"."UPDATED_BY"
FROM "CAND_QLCNTT"."BIZ_DAO_TAO_HOC_VIEN" "b"
WHERE (("b"."DELETED_AT" IS NULL) AND ("b"."IS_LATEST" = 1))
ORDER BY "b"."UPDATED_AT" DESC, "b"."CREATED_AT" DESC, "b"."ID" DESC
2026-04-22 14:13:22.273 +07:00 [ERR] 2026-04-22 14:13:22.273323 ThreadID:55  (ERROR)   OracleExecutionStrategy.ExecuteAsync() :  Oracle.ManagedDataAccess.Client.OracleException (0x80004005): ORA-00904: "b"."IS_LATEST": invalid identifier
https://docs.oracle.com/error-help/db/ora-00904/
   at System.Threading.Tasks.ContinuationResultTaskFromResultTask`2.InnerInvoke()
   at System.Threading.ExecutionContext.RunInternal(ExecutionContext executionContext, ContextCallback callback, Object state)
--- End of stack trace from previous location ---
   at System.Threading.ExecutionContext.RunInternal(ExecutionContext executionContext, ContextCallback callback, Object state)
   at System.Threading.Tasks.Task.ExecuteWithThreadLocal(Task& currentTaskSlot, Thread threadPoolThread)
--- End of stack trace from previous location ---
   at Oracle.EntityFrameworkCore.Storage.Internal.OracleRelationalCommandBuilderFactory.OracleRelationalCommandBuilder.OracleRelationalCommand.ExecuteReaderAsync(RelationalCommandParameterObject parameterObject, CancellationToken cancellationToken)
   at Oracle.EntityFrameworkCore.Storage.Internal.OracleRelationalCommandBuilderFactory.OracleRelationalCommandBuilder.OracleRelationalCommand.ExecuteReaderAsync(RelationalCommandParameterObject parameterObject, CancellationToken cancellationToken)
   at Oracle.EntityFrameworkCore.Storage.Internal.OracleRelationalCommandBuilderFactory.OracleRelationalCommandBuilder.OracleRelationalCommand.ExecuteReaderAsync(RelationalCommandParameterObject parameterObject, CancellationToken cancellationToken)
   at Microsoft.EntityFrameworkCore.Query.Internal.SingleQueryingEnumerable`1.AsyncEnumerator.InitializeReaderAsync(AsyncEnumerator enumerator, CancellationToken cancellationToken)
   at Oracle.EntityFrameworkCore.Storage.Internal.OracleExecutionStrategy.ExecuteAsync[TState,TResult](TState state, Func`4 operation, Func`4 verifySucceeded, CancellationToken cancellationToken)
2026-04-22 14:13:22.274 +07:00 [ERR] An exception occurred while iterating over the results of a query for context type 'ThucLuc.Infrastructure.Persistence.AppDbContext'.
Oracle.ManagedDataAccess.Client.OracleException (0x80004005): ORA-00904: "b"."IS_LATEST": invalid identifier
https://docs.oracle.com/error-help/db/ora-00904/
   at System.Threading.Tasks.ContinuationResultTaskFromResultTask`2.InnerInvoke()
   at System.Threading.ExecutionContext.RunInternal(ExecutionContext executionContext, ContextCallback callback, Object state)
--- End of stack trace from previous location ---
   at System.Threading.ExecutionContext.RunInternal(ExecutionContext executionContext, ContextCallback callback, Object state)
   at System.Threading.Tasks.Task.ExecuteWithThreadLocal(Task& currentTaskSlot, Thread threadPoolThread)
--- End of stack trace from previous location ---
   at Oracle.EntityFrameworkCore.Storage.Internal.OracleRelationalCommandBuilderFactory.OracleRelationalCommandBuilder.OracleRelationalCommand.ExecuteReaderAsync(RelationalCommandParameterObject parameterObject, CancellationToken cancellationToken)
   at Oracle.EntityFrameworkCore.Storage.Internal.OracleRelationalCommandBuilderFactory.OracleRelationalCommandBuilder.OracleRelationalCommand.ExecuteReaderAsync(RelationalCommandParameterObject parameterObject, CancellationToken cancellationToken)
   at Oracle.EntityFrameworkCore.Storage.Internal.OracleRelationalCommandBuilderFactory.OracleRelationalCommandBuilder.OracleRelationalCommand.ExecuteReaderAsync(RelationalCommandParameterObject parameterObject, CancellationToken cancellationToken)
   at Microsoft.EntityFrameworkCore.Query.Internal.SingleQueryingEnumerable`1.AsyncEnumerator.InitializeReaderAsync(AsyncEnumerator enumerator, CancellationToken cancellationToken)
   at Oracle.EntityFrameworkCore.Storage.Internal.OracleExecutionStrategy.ExecuteAsync[TState,TResult](TState state, Func`4 operation, Func`4 verifySucceeded, CancellationToken cancellationToken)
   at Microsoft.EntityFrameworkCore.Query.Internal.SingleQueryingEnumerable`1.AsyncEnumerator.MoveNextAsync()
Oracle.ManagedDataAccess.Client.OracleException (0x80004005): ORA-00904: "b"."IS_LATEST": invalid identifier
https://docs.oracle.com/error-help/db/ora-00904/
   at System.Threading.Tasks.ContinuationResultTaskFromResultTask`2.InnerInvoke()
   at System.Threading.ExecutionContext.RunInternal(ExecutionContext executionContext, ContextCallback callback, Object state)
--- End of stack trace from previous location ---
   at System.Threading.ExecutionContext.RunInternal(ExecutionContext executionContext, ContextCallback callback, Object state)
   at System.Threading.Tasks.Task.ExecuteWithThreadLocal(Task& currentTaskSlot, Thread threadPoolThread)
--- End of stack trace from previous location ---
   at Oracle.EntityFrameworkCore.Storage.Internal.OracleRelationalCommandBuilderFactory.OracleRelationalCommandBuilder.OracleRelationalCommand.ExecuteReaderAsync(RelationalCommandParameterObject parameterObject, CancellationToken cancellationToken)
   at Oracle.EntityFrameworkCore.Storage.Internal.OracleRelationalCommandBuilderFactory.OracleRelationalCommandBuilder.OracleRelationalCommand.ExecuteReaderAsync(RelationalCommandParameterObject parameterObject, CancellationToken cancellationToken)
   at Oracle.EntityFrameworkCore.Storage.Internal.OracleRelationalCommandBuilderFactory.OracleRelationalCommandBuilder.OracleRelationalCommand.ExecuteReaderAsync(RelationalCommandParameterObject parameterObject, CancellationToken cancellationToken)
   at Microsoft.EntityFrameworkCore.Query.Internal.SingleQueryingEnumerable`1.AsyncEnumerator.InitializeReaderAsync(AsyncEnumerator enumerator, CancellationToken cancellationToken)
   at Oracle.EntityFrameworkCore.Storage.Internal.OracleExecutionStrategy.ExecuteAsync[TState,TResult](TState state, Func`4 operation, Func`4 verifySucceeded, CancellationToken cancellationToken)
   at Microsoft.EntityFrameworkCore.Query.Internal.SingleQueryingEnumerable`1.AsyncEnumerator.MoveNextAsync()
2026-04-22 14:13:22.277 +07:00 [INF] Executed action ThucLuc.Api.Controllers.V1.DaoTaoHocVienController.GetAll (ThucLuc.Api) in 10.3864ms
2026-04-22 14:13:22.278 +07:00 [INF] Executed endpoint 'ThucLuc.Api.Controllers.V1.DaoTaoHocVienController.GetAll (ThucLuc.Api)'
2026-04-22 14:13:22.278 +07:00 [ERR] Unhandled exception. CorrelationId=c4b64b4e4b594a5a9649b573d2cff11b
Oracle.ManagedDataAccess.Client.OracleException (0x80004005): ORA-00904: "b"."IS_LATEST": invalid identifier
https://docs.oracle.com/error-help/db/ora-00904/
   at System.Threading.Tasks.ContinuationResultTaskFromResultTask`2.InnerInvoke()
   at System.Threading.ExecutionContext.RunInternal(ExecutionContext executionContext, ContextCallback callback, Object state)
--- End of stack trace from previous location ---
   at System.Threading.ExecutionContext.RunInternal(ExecutionContext executionContext, ContextCallback callback, Object state)
   at System.Threading.Tasks.Task.ExecuteWithThreadLocal(Task& currentTaskSlot, Thread threadPoolThread)
--- End of stack trace from previous location ---
   at Oracle.EntityFrameworkCore.Storage.Internal.OracleRelationalCommandBuilderFactory.OracleRelationalCommandBuilder.OracleRelationalCommand.ExecuteReaderAsync(RelationalCommandParameterObject parameterObject, CancellationToken cancellationToken)
   at Oracle.EntityFrameworkCore.Storage.Internal.OracleRelationalCommandBuilderFactory.OracleRelationalCommandBuilder.OracleRelationalCommand.ExecuteReaderAsync(RelationalCommandParameterObject parameterObject, CancellationToken cancellationToken)
   at Oracle.EntityFrameworkCore.Storage.Internal.OracleRelationalCommandBuilderFactory.OracleRelationalCommandBuilder.OracleRelationalCommand.ExecuteReaderAsync(RelationalCommandParameterObject parameterObject, CancellationToken cancellationToken)
   at Microsoft.EntityFrameworkCore.Query.Internal.SingleQueryingEnumerable`1.AsyncEnumerator.InitializeReaderAsync(AsyncEnumerator enumerator, CancellationToken cancellationToken)
   at Oracle.EntityFrameworkCore.Storage.Internal.OracleExecutionStrategy.ExecuteAsync[TState,TResult](TState state, Func`4 operation, Func`4 verifySucceeded, CancellationToken cancellationToken)
   at Microsoft.EntityFrameworkCore.Query.Internal.SingleQueryingEnumerable`1.AsyncEnumerator.MoveNextAsync()
   at Microsoft.EntityFrameworkCore.EntityFrameworkQueryableExtensions.ToListAsync[TSource](IQueryable`1 source, CancellationToken cancellationToken)
   at Microsoft.EntityFrameworkCore.EntityFrameworkQueryableExtensions.ToListAsync[TSource](IQueryable`1 source, CancellationToken cancellationToken)
   at ThucLuc.Application.Features.DaoTaoHocVien.DaoTaoHocVienService.GetAllAsync(DaoTaoHocVienQuery query, CancellationToken cancellationToken) in D:\Projects\ThucLuc_V2\.sources\backend\src\Application\Features\DaoTaoHocVien\DaoTaoHocVienService.cs:line 60
   at ThucLuc.Api.Controllers.V1.DaoTaoHocVienController.GetAll(DaoTaoHocVienQuery query, CancellationToken cancellationToken) in D:\Projects\ThucLuc_V2\.sources\backend\src\api\Controllers\V1\DaoTaoHocVienController.cs:line 28
   at lambda_method2083(Closure, Object)
   at Microsoft.AspNetCore.Mvc.Infrastructure.ActionMethodExecutor.AwaitableObjectResultExecutor.Execute(ActionContext actionContext, IActionResultTypeMapper mapper, ObjectMethodExecutor executor, Object controller, Object[] arguments)
   at Microsoft.AspNetCore.Mvc.Infrastructure.ControllerActionInvoker.<InvokeActionMethodAsync>g__Awaited|12_0(ControllerActionInvoker invoker, ValueTask`1 actionResultValueTask)
   at Microsoft.AspNetCore.Mvc.Infrastructure.ControllerActionInvoker.<InvokeNextActionFilterAsync>g__Awaited|10_0(ControllerActionInvoker invoker, Task lastTask, State next, Scope scope, Object state, Boolean isCompleted)
   at Microsoft.AspNetCore.Mvc.Infrastructure.ControllerActionInvoker.Rethrow(ActionExecutedContextSealed context)
   at Microsoft.AspNetCore.Mvc.Infrastructure.ControllerActionInvoker.Next(State& next, Scope& scope, Object& state, Boolean& isCompleted)
   at Microsoft.AspNetCore.Mvc.Infrastructure.ControllerActionInvoker.<InvokeInnerFilterAsync>g__Awaited|13_0(ControllerActionInvoker invoker, Task lastTask, State next, Scope scope, Object state, Boolean isCompleted)
   at Microsoft.AspNetCore.Mvc.Infrastructure.ResourceInvoker.<InvokeFilterPipelineAsync>g__Awaited|20_0(ResourceInvoker invoker, Task lastTask, State next, Scope scope, Object state, Boolean isCompleted)
   at Microsoft.AspNetCore.Mvc.Infrastructure.ResourceInvoker.<InvokeAsync>g__Logged|17_1(ResourceInvoker invoker)
   at Microsoft.AspNetCore.Mvc.Infrastructure.ResourceInvoker.<InvokeAsync>g__Logged|17_1(ResourceInvoker invoker)
   at Microsoft.AspNetCore.Routing.EndpointMiddleware.<Invoke>g__AwaitRequestTask|7_0(Endpoint endpoint, Task requestTask, ILogger logger)
   at Microsoft.AspNetCore.Authorization.AuthorizationMiddleware.Invoke(HttpContext context)
   at Microsoft.AspNetCore.Authentication.AuthenticationMiddleware.Invoke(HttpContext context)
   at Swashbuckle.AspNetCore.SwaggerUI.SwaggerUIMiddleware.Invoke(HttpContext httpContext)
   at Swashbuckle.AspNetCore.Swagger.SwaggerMiddleware.Invoke(HttpContext httpContext, ISwaggerProvider swaggerProvider)
   at ThucLuc.Api.Common.Middleware.GlobalExceptionMiddleware.InvokeAsync(HttpContext context) in D:\Projects\ThucLuc_V2\.sources\backend\src\api\Common\Middleware\GlobalExceptionMiddleware.cs:line 23
2026-04-22 14:13:22.283 +07:00 [INF] HTTP GET /api/v1/dao-tao-hoc-vien => 500 in 18.6152 ms CorrelationId=c4b64b4e4b594a5a9649b573d2cff11b UserId=5001
2026-04-22 14:13:22.284 +07:00 [ERR] HTTP GET /api/v1/dao-tao-hoc-vien responded 500 in 19.6642 ms
2026-04-22 14:13:22.285 +07:00 [INF] Request finished HTTP/1.1 GET http://localhost:5283/api/v1/dao-tao-hoc-vien - 500 null application/json 21.7169ms
2026-04-22 14:13:24.060 +07:00 [INF] Request starting HTTP/1.1 OPTIONS http://localhost:5283/api/v1/don-vi/2001 - null null
2026-04-22 14:13:24.063 +07:00 [INF] CORS policy execution successful.
2026-04-22 14:13:24.063 +07:00 [INF] Request starting HTTP/1.1 GET http://localhost:5283/api/v1/codes/by-code/NOI_DUNG_DAO_TAO_HV - null null
2026-04-22 14:13:24.063 +07:00 [INF] HTTP OPTIONS /api/v1/don-vi/2001 => 204 in 0.7801 ms CorrelationId=caa05bfff0e144d1822beadd88df2c23 UserId=anonymous
2026-04-22 14:13:24.065 +07:00 [INF] CORS policy execution successful.
2026-04-22 14:13:24.067 +07:00 [INF] HTTP OPTIONS /api/v1/don-vi/2001 responded 204 in 4.7953 ms
2026-04-22 14:13:24.069 +07:00 [INF] Executing endpoint 'ThucLuc.Api.Controllers.V1.CodesController.GetByCode (ThucLuc.Api)'
2026-04-22 14:13:24.071 +07:00 [INF] Request finished HTTP/1.1 OPTIONS http://localhost:5283/api/v1/don-vi/2001 - 204 null null 11.2031ms
2026-04-22 14:13:24.072 +07:00 [INF] Route matched with {action = "GetByCode", controller = "Codes"}. Executing controller action with signature System.Threading.Tasks.Task`1[Microsoft.AspNetCore.Mvc.ActionResult`1[ThucLuc.Api.Common.Models.ApiResponse`1[ThucLuc.Application.Features.Codes.CodeDto]]] GetByCode(System.String, System.Threading.CancellationToken) on controller ThucLuc.Api.Controllers.V1.CodesController (ThucLuc.Api).
2026-04-22 14:13:24.075 +07:00 [INF] Request starting HTTP/1.1 GET http://localhost:5283/api/v1/don-vi/2001 - null null
2026-04-22 14:13:24.080 +07:00 [INF] CORS policy execution successful.
2026-04-22 14:13:24.080 +07:00 [INF] Executing OkObjectResult, writing value of type 'ThucLuc.Api.Common.Models.ApiResponse`1[[ThucLuc.Application.Features.Codes.CodeDto, ThucLuc.Application, Version=1.0.0.0, Culture=neutral, PublicKeyToken=null]]'.
2026-04-22 14:13:24.080 +07:00 [INF] Executing endpoint 'ThucLuc.Api.Controllers.V1.DonViController.GetById (ThucLuc.Api)'
2026-04-22 14:13:24.081 +07:00 [INF] Executed action ThucLuc.Api.Controllers.V1.CodesController.GetByCode (ThucLuc.Api) in 3.7678ms
2026-04-22 14:13:24.082 +07:00 [INF] Route matched with {action = "GetById", controller = "DonVi"}. Executing controller action with signature System.Threading.Tasks.Task`1[Microsoft.AspNetCore.Mvc.ActionResult`1[ThucLuc.Api.Common.Models.ApiResponse`1[ThucLuc.Application.Features.DonVi.DonViDto]]] GetById(Int64, System.Threading.CancellationToken) on controller ThucLuc.Api.Controllers.V1.DonViController (ThucLuc.Api).
2026-04-22 14:13:24.084 +07:00 [INF] Executed endpoint 'ThucLuc.Api.Controllers.V1.CodesController.GetByCode (ThucLuc.Api)'
2026-04-22 14:13:24.087 +07:00 [INF] HTTP GET /api/v1/codes/by-code/NOI_DUNG_DAO_TAO_HV => 200 in 21.8469 ms CorrelationId=2a68d9046f7d441baec6f8925270785d UserId=5001
2026-04-22 14:13:24.090 +07:00 [INF] Executing OkObjectResult, writing value of type 'ThucLuc.Api.Common.Models.ApiResponse`1[[ThucLuc.Application.Features.DonVi.DonViDto, ThucLuc.Application, Version=1.0.0.0, Culture=neutral, PublicKeyToken=null]]'.
2026-04-22 14:13:24.090 +07:00 [INF] HTTP GET /api/v1/codes/by-code/NOI_DUNG_DAO_TAO_HV responded 200 in 24.1938 ms
2026-04-22 14:13:24.091 +07:00 [INF] Executed action ThucLuc.Api.Controllers.V1.DonViController.GetById (ThucLuc.Api) in 5.0728ms
2026-04-22 14:13:24.092 +07:00 [INF] Request finished HTTP/1.1 GET http://localhost:5283/api/v1/codes/by-code/NOI_DUNG_DAO_TAO_HV - 200 null application/json; charset=utf-8 28.9887ms
2026-04-22 14:13:24.093 +07:00 [INF] Executed endpoint 'ThucLuc.Api.Controllers.V1.DonViController.GetById (ThucLuc.Api)'
2026-04-22 14:13:24.099 +07:00 [INF] Request starting HTTP/1.1 GET http://localhost:5283/api/v1/ky-bao-cao - null null
2026-04-22 14:13:24.099 +07:00 [INF] Request starting HTTP/1.1 GET http://localhost:5283/api/v1/ky-bao-cao/current - null null
2026-04-22 14:13:24.099 +07:00 [INF] HTTP GET /api/v1/don-vi/2001 => 200 in 19.3017 ms CorrelationId=dd3b7146f0c04d4c937409143eee6a96 UserId=5001
2026-04-22 14:13:24.101 +07:00 [INF] CORS policy execution successful.
2026-04-22 14:13:24.104 +07:00 [INF] CORS policy execution successful.
2026-04-22 14:13:24.105 +07:00 [INF] HTTP GET /api/v1/don-vi/2001 responded 200 in 25.6156 ms
2026-04-22 14:13:24.106 +07:00 [INF] Executing endpoint 'ThucLuc.Api.Controllers.V1.KyBaoCaoController.GetAll (ThucLuc.Api)'
2026-04-22 14:13:24.107 +07:00 [INF] Executing endpoint 'ThucLuc.Api.Controllers.V1.KyBaoCaoController.GetCurrent (ThucLuc.Api)'
2026-04-22 14:13:24.108 +07:00 [INF] Request finished HTTP/1.1 GET http://localhost:5283/api/v1/don-vi/2001 - 200 null application/json; charset=utf-8 32.9464ms
2026-04-22 14:13:24.109 +07:00 [INF] Route matched with {action = "GetAll", controller = "KyBaoCao"}. Executing controller action with signature System.Threading.Tasks.Task`1[Microsoft.AspNetCore.Mvc.ActionResult`1[ThucLuc.Api.Common.Models.ApiResponse`1[System.Collections.Generic.IReadOnlyCollection`1[ThucLuc.Application.Features.KyBaoCao.KyBaoCaoDto]]]] GetAll(System.Threading.CancellationToken) on controller ThucLuc.Api.Controllers.V1.KyBaoCaoController (ThucLuc.Api).
2026-04-22 14:13:24.110 +07:00 [INF] Route matched with {action = "GetCurrent", controller = "KyBaoCao"}. Executing controller action with signature System.Threading.Tasks.Task`1[Microsoft.AspNetCore.Mvc.ActionResult`1[ThucLuc.Api.Common.Models.ApiResponse`1[ThucLuc.Application.Features.KyBaoCao.KyBaoCaoDto]]] GetCurrent(System.Threading.CancellationToken) on controller ThucLuc.Api.Controllers.V1.KyBaoCaoController (ThucLuc.Api).
2026-04-22 14:13:24.116 +07:00 [INF] Executing OkObjectResult, writing value of type 'ThucLuc.Api.Common.Models.ApiResponse`1[[System.Collections.Generic.IReadOnlyCollection`1[[ThucLuc.Application.Features.KyBaoCao.KyBaoCaoDto, ThucLuc.Application, Version=1.0.0.0, Culture=neutral, PublicKeyToken=null]], System.Private.CoreLib, Version=8.0.0.0, Culture=neutral, PublicKeyToken=7cec85d7bea7798e]]'.
2026-04-22 14:13:24.116 +07:00 [INF] Executing OkObjectResult, writing value of type 'ThucLuc.Api.Common.Models.ApiResponse`1[[ThucLuc.Application.Features.KyBaoCao.KyBaoCaoDto, ThucLuc.Application, Version=1.0.0.0, Culture=neutral, PublicKeyToken=null]]'.
2026-04-22 14:13:24.117 +07:00 [INF] Executed action ThucLuc.Api.Controllers.V1.KyBaoCaoController.GetAll (ThucLuc.Api) in 3.0921ms
2026-04-22 14:13:24.118 +07:00 [INF] Executed action ThucLuc.Api.Controllers.V1.KyBaoCaoController.GetCurrent (ThucLuc.Api) in 2.829ms
2026-04-22 14:13:24.119 +07:00 [INF] Executed endpoint 'ThucLuc.Api.Controllers.V1.KyBaoCaoController.GetAll (ThucLuc.Api)'
2026-04-22 14:13:24.121 +07:00 [INF] Executed endpoint 'ThucLuc.Api.Controllers.V1.KyBaoCaoController.GetCurrent (ThucLuc.Api)'
2026-04-22 14:13:24.122 +07:00 [INF] HTTP GET /api/v1/ky-bao-cao => 200 in 20.2296 ms CorrelationId=3b0a94a0d9b540b7a3260c82157e1517 UserId=5001
2026-04-22 14:13:24.122 +07:00 [INF] HTTP GET /api/v1/ky-bao-cao/current => 200 in 18.6402 ms CorrelationId=93c0be7b3f274924baf2d6a78f5b4df0 UserId=5001
2026-04-22 14:13:24.124 +07:00 [INF] HTTP GET /api/v1/ky-bao-cao responded 200 in 22.2133 ms
2026-04-22 14:13:24.127 +07:00 [INF] HTTP GET /api/v1/ky-bao-cao/current responded 200 in 23.3583 ms
2026-04-22 14:13:24.128 +07:00 [INF] Request finished HTTP/1.1 GET http://localhost:5283/api/v1/ky-bao-cao - 200 null application/json; charset=utf-8 29.3688ms
2026-04-22 14:13:24.129 +07:00 [INF] Request finished HTTP/1.1 GET http://localhost:5283/api/v1/ky-bao-cao/current - 200 null application/json; charset=utf-8 30.6721ms
2026-04-22 14:13:24.133 +07:00 [INF] Request starting HTTP/1.1 GET http://localhost:5283/api/v1/dao-tao-hoc-vien - null null
2026-04-22 14:13:24.135 +07:00 [INF] CORS policy execution successful.
2026-04-22 14:13:24.136 +07:00 [INF] Executing endpoint 'ThucLuc.Api.Controllers.V1.DaoTaoHocVienController.GetAll (ThucLuc.Api)'
2026-04-22 14:13:24.137 +07:00 [INF] Route matched with {action = "GetAll", controller = "DaoTaoHocVien"}. Executing controller action with signature System.Threading.Tasks.Task`1[Microsoft.AspNetCore.Mvc.ActionResult`1[ThucLuc.Api.Common.Models.ApiResponse`1[System.Collections.Generic.IReadOnlyCollection`1[ThucLuc.Application.Features.DaoTaoHocVien.DaoTaoHocVienDto]]]] GetAll(ThucLuc.Application.Features.DaoTaoHocVien.DaoTaoHocVienQuery, System.Threading.CancellationToken) on controller ThucLuc.Api.Controllers.V1.DaoTaoHocVienController (ThucLuc.Api).
2026-04-22 14:13:24.142 +07:00 [ERR] 2026-04-22 14:13:24.142162 ThreadID:55  (ERROR)   OracleRelationalCommand.ExecuteReaderAsync() :  Oracle.ManagedDataAccess.Client.OracleException (0x80004005): ORA-00904: "b"."IS_LATEST": invalid identifier
https://docs.oracle.com/error-help/db/ora-00904/
   at System.Threading.Tasks.ContinuationResultTaskFromResultTask`2.InnerInvoke()
   at System.Threading.ExecutionContext.RunInternal(ExecutionContext executionContext, ContextCallback callback, Object state)
--- End of stack trace from previous location ---
   at System.Threading.ExecutionContext.RunInternal(ExecutionContext executionContext, ContextCallback callback, Object state)
   at System.Threading.Tasks.Task.ExecuteWithThreadLocal(Task& currentTaskSlot, Thread threadPoolThread)
--- End of stack trace from previous location ---
   at Oracle.EntityFrameworkCore.Storage.Internal.OracleRelationalCommandBuilderFactory.OracleRelationalCommandBuilder.OracleRelationalCommand.ExecuteReaderAsync(RelationalCommandParameterObject parameterObject, CancellationToken cancellationToken)
2026-04-22 14:13:24.143 +07:00 [ERR] Failed executing DbCommand (4ms) [Parameters=[], CommandType='"Text"', CommandTimeout='0']
SELECT "b"."ID", "b"."CREATED_AT", "b"."CREATED_BY", "b"."DELETED_AT", "b"."DON_VI_ID", "b"."GHI_CHU", "b"."IS_LATEST", "b"."KY_BAO_CAO_CODE", "b"."NAM", "b"."NOI_DUNG_DAO_TAO", "b"."SNAPSHOT_BATCH_ID", "b"."SNAPSHOT_CREATED_AT", "b"."SNAPSHOT_VERSION", "b"."SO_CAO_DANG", "b"."SO_DAI_HOC", "b"."SO_THAC_SI", "b"."SO_TIEN_SI", "b"."SO_TRUNG_CAP", "b"."UPDATED_AT", "b"."UPDATED_BY"
FROM "CAND_QLCNTT"."BIZ_DAO_TAO_HOC_VIEN" "b"
WHERE (("b"."DELETED_AT" IS NULL) AND ("b"."IS_LATEST" = 1))
ORDER BY "b"."UPDATED_AT" DESC, "b"."CREATED_AT" DESC, "b"."ID" DESC
2026-04-22 14:13:24.145 +07:00 [ERR] 2026-04-22 14:13:24.145536 ThreadID:55  (ERROR)   OracleExecutionStrategy.ExecuteAsync() :  Oracle.ManagedDataAccess.Client.OracleException (0x80004005): ORA-00904: "b"."IS_LATEST": invalid identifier
https://docs.oracle.com/error-help/db/ora-00904/
   at System.Threading.Tasks.ContinuationResultTaskFromResultTask`2.InnerInvoke()
   at System.Threading.ExecutionContext.RunInternal(ExecutionContext executionContext, ContextCallback callback, Object state)
--- End of stack trace from previous location ---
   at System.Threading.ExecutionContext.RunInternal(ExecutionContext executionContext, ContextCallback callback, Object state)
   at System.Threading.Tasks.Task.ExecuteWithThreadLocal(Task& currentTaskSlot, Thread threadPoolThread)
--- End of stack trace from previous location ---
   at Oracle.EntityFrameworkCore.Storage.Internal.OracleRelationalCommandBuilderFactory.OracleRelationalCommandBuilder.OracleRelationalCommand.ExecuteReaderAsync(RelationalCommandParameterObject parameterObject, CancellationToken cancellationToken)
   at Oracle.EntityFrameworkCore.Storage.Internal.OracleRelationalCommandBuilderFactory.OracleRelationalCommandBuilder.OracleRelationalCommand.ExecuteReaderAsync(RelationalCommandParameterObject parameterObject, CancellationToken cancellationToken)
   at Oracle.EntityFrameworkCore.Storage.Internal.OracleRelationalCommandBuilderFactory.OracleRelationalCommandBuilder.OracleRelationalCommand.ExecuteReaderAsync(RelationalCommandParameterObject parameterObject, CancellationToken cancellationToken)
   at Microsoft.EntityFrameworkCore.Query.Internal.SingleQueryingEnumerable`1.AsyncEnumerator.InitializeReaderAsync(AsyncEnumerator enumerator, CancellationToken cancellationToken)
   at Oracle.EntityFrameworkCore.Storage.Internal.OracleExecutionStrategy.ExecuteAsync[TState,TResult](TState state, Func`4 operation, Func`4 verifySucceeded, CancellationToken cancellationToken)
2026-04-22 14:13:24.146 +07:00 [ERR] An exception occurred while iterating over the results of a query for context type 'ThucLuc.Infrastructure.Persistence.AppDbContext'.
Oracle.ManagedDataAccess.Client.OracleException (0x80004005): ORA-00904: "b"."IS_LATEST": invalid identifier
https://docs.oracle.com/error-help/db/ora-00904/
   at System.Threading.Tasks.ContinuationResultTaskFromResultTask`2.InnerInvoke()
   at System.Threading.ExecutionContext.RunInternal(ExecutionContext executionContext, ContextCallback callback, Object state)
--- End of stack trace from previous location ---
   at System.Threading.ExecutionContext.RunInternal(ExecutionContext executionContext, ContextCallback callback, Object state)
   at System.Threading.Tasks.Task.ExecuteWithThreadLocal(Task& currentTaskSlot, Thread threadPoolThread)
--- End of stack trace from previous location ---
   at Oracle.EntityFrameworkCore.Storage.Internal.OracleRelationalCommandBuilderFactory.OracleRelationalCommandBuilder.OracleRelationalCommand.ExecuteReaderAsync(RelationalCommandParameterObject parameterObject, CancellationToken cancellationToken)
   at Oracle.EntityFrameworkCore.Storage.Internal.OracleRelationalCommandBuilderFactory.OracleRelationalCommandBuilder.OracleRelationalCommand.ExecuteReaderAsync(RelationalCommandParameterObject parameterObject, CancellationToken cancellationToken)
   at Oracle.EntityFrameworkCore.Storage.Internal.OracleRelationalCommandBuilderFactory.OracleRelationalCommandBuilder.OracleRelationalCommand.ExecuteReaderAsync(RelationalCommandParameterObject parameterObject, CancellationToken cancellationToken)
   at Microsoft.EntityFrameworkCore.Query.Internal.SingleQueryingEnumerable`1.AsyncEnumerator.InitializeReaderAsync(AsyncEnumerator enumerator, CancellationToken cancellationToken)
   at Oracle.EntityFrameworkCore.Storage.Internal.OracleExecutionStrategy.ExecuteAsync[TState,TResult](TState state, Func`4 operation, Func`4 verifySucceeded, CancellationToken cancellationToken)
   at Microsoft.EntityFrameworkCore.Query.Internal.SingleQueryingEnumerable`1.AsyncEnumerator.MoveNextAsync()
Oracle.ManagedDataAccess.Client.OracleException (0x80004005): ORA-00904: "b"."IS_LATEST": invalid identifier
https://docs.oracle.com/error-help/db/ora-00904/
   at System.Threading.Tasks.ContinuationResultTaskFromResultTask`2.InnerInvoke()
   at System.Threading.ExecutionContext.RunInternal(ExecutionContext executionContext, ContextCallback callback, Object state)
--- End of stack trace from previous location ---
   at System.Threading.ExecutionContext.RunInternal(ExecutionContext executionContext, ContextCallback callback, Object state)
   at System.Threading.Tasks.Task.ExecuteWithThreadLocal(Task& currentTaskSlot, Thread threadPoolThread)
--- End of stack trace from previous location ---
   at Oracle.EntityFrameworkCore.Storage.Internal.OracleRelationalCommandBuilderFactory.OracleRelationalCommandBuilder.OracleRelationalCommand.ExecuteReaderAsync(RelationalCommandParameterObject parameterObject, CancellationToken cancellationToken)
   at Oracle.EntityFrameworkCore.Storage.Internal.OracleRelationalCommandBuilderFactory.OracleRelationalCommandBuilder.OracleRelationalCommand.ExecuteReaderAsync(RelationalCommandParameterObject parameterObject, CancellationToken cancellationToken)
   at Oracle.EntityFrameworkCore.Storage.Internal.OracleRelationalCommandBuilderFactory.OracleRelationalCommandBuilder.OracleRelationalCommand.ExecuteReaderAsync(RelationalCommandParameterObject parameterObject, CancellationToken cancellationToken)
   at Microsoft.EntityFrameworkCore.Query.Internal.SingleQueryingEnumerable`1.AsyncEnumerator.InitializeReaderAsync(AsyncEnumerator enumerator, CancellationToken cancellationToken)
   at Oracle.EntityFrameworkCore.Storage.Internal.OracleExecutionStrategy.ExecuteAsync[TState,TResult](TState state, Func`4 operation, Func`4 verifySucceeded, CancellationToken cancellationToken)
   at Microsoft.EntityFrameworkCore.Query.Internal.SingleQueryingEnumerable`1.AsyncEnumerator.MoveNextAsync()
2026-04-22 14:13:24.150 +07:00 [INF] Executed action ThucLuc.Api.Controllers.V1.DaoTaoHocVienController.GetAll (ThucLuc.Api) in 11.5549ms
2026-04-22 14:13:24.151 +07:00 [INF] Executed endpoint 'ThucLuc.Api.Controllers.V1.DaoTaoHocVienController.GetAll (ThucLuc.Api)'
2026-04-22 14:13:24.152 +07:00 [ERR] Unhandled exception. CorrelationId=067a8fd9efd242ee8aa1b790cdae4f5e
Oracle.ManagedDataAccess.Client.OracleException (0x80004005): ORA-00904: "b"."IS_LATEST": invalid identifier
https://docs.oracle.com/error-help/db/ora-00904/
   at System.Threading.Tasks.ContinuationResultTaskFromResultTask`2.InnerInvoke()
   at System.Threading.ExecutionContext.RunInternal(ExecutionContext executionContext, ContextCallback callback, Object state)
--- End of stack trace from previous location ---
   at System.Threading.ExecutionContext.RunInternal(ExecutionContext executionContext, ContextCallback callback, Object state)
   at System.Threading.Tasks.Task.ExecuteWithThreadLocal(Task& currentTaskSlot, Thread threadPoolThread)
--- End of stack trace from previous location ---
   at Oracle.EntityFrameworkCore.Storage.Internal.OracleRelationalCommandBuilderFactory.OracleRelationalCommandBuilder.OracleRelationalCommand.ExecuteReaderAsync(RelationalCommandParameterObject parameterObject, CancellationToken cancellationToken)
   at Oracle.EntityFrameworkCore.Storage.Internal.OracleRelationalCommandBuilderFactory.OracleRelationalCommandBuilder.OracleRelationalCommand.ExecuteReaderAsync(RelationalCommandParameterObject parameterObject, CancellationToken cancellationToken)
   at Oracle.EntityFrameworkCore.Storage.Internal.OracleRelationalCommandBuilderFactory.OracleRelationalCommandBuilder.OracleRelationalCommand.ExecuteReaderAsync(RelationalCommandParameterObject parameterObject, CancellationToken cancellationToken)
   at Microsoft.EntityFrameworkCore.Query.Internal.SingleQueryingEnumerable`1.AsyncEnumerator.InitializeReaderAsync(AsyncEnumerator enumerator, CancellationToken cancellationToken)
   at Oracle.EntityFrameworkCore.Storage.Internal.OracleExecutionStrategy.ExecuteAsync[TState,TResult](TState state, Func`4 operation, Func`4 verifySucceeded, CancellationToken cancellationToken)
   at Microsoft.EntityFrameworkCore.Query.Internal.SingleQueryingEnumerable`1.AsyncEnumerator.MoveNextAsync()
   at Microsoft.EntityFrameworkCore.EntityFrameworkQueryableExtensions.ToListAsync[TSource](IQueryable`1 source, CancellationToken cancellationToken)
   at Microsoft.EntityFrameworkCore.EntityFrameworkQueryableExtensions.ToListAsync[TSource](IQueryable`1 source, CancellationToken cancellationToken)
   at ThucLuc.Application.Features.DaoTaoHocVien.DaoTaoHocVienService.GetAllAsync(DaoTaoHocVienQuery query, CancellationToken cancellationToken) in D:\Projects\ThucLuc_V2\.sources\backend\src\Application\Features\DaoTaoHocVien\DaoTaoHocVienService.cs:line 60
   at ThucLuc.Api.Controllers.V1.DaoTaoHocVienController.GetAll(DaoTaoHocVienQuery query, CancellationToken cancellationToken) in D:\Projects\ThucLuc_V2\.sources\backend\src\api\Controllers\V1\DaoTaoHocVienController.cs:line 28
   at lambda_method2083(Closure, Object)
   at Microsoft.AspNetCore.Mvc.Infrastructure.ActionMethodExecutor.AwaitableObjectResultExecutor.Execute(ActionContext actionContext, IActionResultTypeMapper mapper, ObjectMethodExecutor executor, Object controller, Object[] arguments)
   at Microsoft.AspNetCore.Mvc.Infrastructure.ControllerActionInvoker.<InvokeActionMethodAsync>g__Awaited|12_0(ControllerActionInvoker invoker, ValueTask`1 actionResultValueTask)
   at Microsoft.AspNetCore.Mvc.Infrastructure.ControllerActionInvoker.<InvokeNextActionFilterAsync>g__Awaited|10_0(ControllerActionInvoker invoker, Task lastTask, State next, Scope scope, Object state, Boolean isCompleted)
   at Microsoft.AspNetCore.Mvc.Infrastructure.ControllerActionInvoker.Rethrow(ActionExecutedContextSealed context)
   at Microsoft.AspNetCore.Mvc.Infrastructure.ControllerActionInvoker.Next(State& next, Scope& scope, Object& state, Boolean& isCompleted)
   at Microsoft.AspNetCore.Mvc.Infrastructure.ControllerActionInvoker.<InvokeInnerFilterAsync>g__Awaited|13_0(ControllerActionInvoker invoker, Task lastTask, State next, Scope scope, Object state, Boolean isCompleted)
   at Microsoft.AspNetCore.Mvc.Infrastructure.ResourceInvoker.<InvokeFilterPipelineAsync>g__Awaited|20_0(ResourceInvoker invoker, Task lastTask, State next, Scope scope, Object state, Boolean isCompleted)
   at Microsoft.AspNetCore.Mvc.Infrastructure.ResourceInvoker.<InvokeAsync>g__Logged|17_1(ResourceInvoker invoker)
   at Microsoft.AspNetCore.Mvc.Infrastructure.ResourceInvoker.<InvokeAsync>g__Logged|17_1(ResourceInvoker invoker)
   at Microsoft.AspNetCore.Routing.EndpointMiddleware.<Invoke>g__AwaitRequestTask|7_0(Endpoint endpoint, Task requestTask, ILogger logger)
   at Microsoft.AspNetCore.Authorization.AuthorizationMiddleware.Invoke(HttpContext context)
   at Microsoft.AspNetCore.Authentication.AuthenticationMiddleware.Invoke(HttpContext context)
   at Swashbuckle.AspNetCore.SwaggerUI.SwaggerUIMiddleware.Invoke(HttpContext httpContext)
   at Swashbuckle.AspNetCore.Swagger.SwaggerMiddleware.Invoke(HttpContext httpContext, ISwaggerProvider swaggerProvider)
   at ThucLuc.Api.Common.Middleware.GlobalExceptionMiddleware.InvokeAsync(HttpContext context) in D:\Projects\ThucLuc_V2\.sources\backend\src\api\Common\Middleware\GlobalExceptionMiddleware.cs:line 23
2026-04-22 14:13:24.159 +07:00 [INF] HTTP GET /api/v1/dao-tao-hoc-vien => 500 in 24.271 ms CorrelationId=067a8fd9efd242ee8aa1b790cdae4f5e UserId=5001
2026-04-22 14:13:24.161 +07:00 [ERR] HTTP GET /api/v1/dao-tao-hoc-vien responded 500 in 25.7840 ms
2026-04-22 14:13:24.162 +07:00 [INF] Request finished HTTP/1.1 GET http://localhost:5283/api/v1/dao-tao-hoc-vien - 500 null application/json 28.8051ms
2026-04-22 14:13:24.643 +07:00 [INF] Request starting HTTP/1.1 GET http://localhost:5283/api/v1/don-vi/2001 - null null
2026-04-22 14:13:24.645 +07:00 [INF] Request starting HTTP/1.1 GET http://localhost:5283/api/v1/codes/by-code/NOI_DUNG_DAO_TAO_HV - null null
2026-04-22 14:13:24.646 +07:00 [INF] CORS policy execution successful.
2026-04-22 14:13:24.648 +07:00 [INF] CORS policy execution successful.
2026-04-22 14:13:24.649 +07:00 [INF] Executing endpoint 'ThucLuc.Api.Controllers.V1.DonViController.GetById (ThucLuc.Api)'
2026-04-22 14:13:24.650 +07:00 [INF] Executing endpoint 'ThucLuc.Api.Controllers.V1.CodesController.GetByCode (ThucLuc.Api)'
2026-04-22 14:13:24.653 +07:00 [INF] Route matched with {action = "GetById", controller = "DonVi"}. Executing controller action with signature System.Threading.Tasks.Task`1[Microsoft.AspNetCore.Mvc.ActionResult`1[ThucLuc.Api.Common.Models.ApiResponse`1[ThucLuc.Application.Features.DonVi.DonViDto]]] GetById(Int64, System.Threading.CancellationToken) on controller ThucLuc.Api.Controllers.V1.DonViController (ThucLuc.Api).
2026-04-22 14:13:24.656 +07:00 [INF] Route matched with {action = "GetByCode", controller = "Codes"}. Executing controller action with signature System.Threading.Tasks.Task`1[Microsoft.AspNetCore.Mvc.ActionResult`1[ThucLuc.Api.Common.Models.ApiResponse`1[ThucLuc.Application.Features.Codes.CodeDto]]] GetByCode(System.String, System.Threading.CancellationToken) on controller ThucLuc.Api.Controllers.V1.CodesController (ThucLuc.Api).
2026-04-22 14:13:24.660 +07:00 [INF] Executing OkObjectResult, writing value of type 'ThucLuc.Api.Common.Models.ApiResponse`1[[ThucLuc.Application.Features.DonVi.DonViDto, ThucLuc.Application, Version=1.0.0.0, Culture=neutral, PublicKeyToken=null]]'.
2026-04-22 14:13:24.661 +07:00 [INF] Executing OkObjectResult, writing value of type 'ThucLuc.Api.Common.Models.ApiResponse`1[[ThucLuc.Application.Features.Codes.CodeDto, ThucLuc.Application, Version=1.0.0.0, Culture=neutral, PublicKeyToken=null]]'.
2026-04-22 14:13:24.661 +07:00 [INF] Executed action ThucLuc.Api.Controllers.V1.DonViController.GetById (ThucLuc.Api) in 3.2741ms
2026-04-22 14:13:24.662 +07:00 [INF] Executed action ThucLuc.Api.Controllers.V1.CodesController.GetByCode (ThucLuc.Api) in 3.1358ms
2026-04-22 14:13:24.663 +07:00 [INF] Executed endpoint 'ThucLuc.Api.Controllers.V1.DonViController.GetById (ThucLuc.Api)'
2026-04-22 14:13:24.664 +07:00 [INF] Executed endpoint 'ThucLuc.Api.Controllers.V1.CodesController.GetByCode (ThucLuc.Api)'
2026-04-22 14:13:24.665 +07:00 [INF] HTTP GET /api/v1/don-vi/2001 => 200 in 18.4251 ms CorrelationId=4d8c6134c9834338a663029733eedc7d UserId=5001
2026-04-22 14:13:24.665 +07:00 [INF] HTTP GET /api/v1/codes/by-code/NOI_DUNG_DAO_TAO_HV => 200 in 17.459 ms CorrelationId=c56b6cac54d044c18d6f0ca198647f0a UserId=5001
2026-04-22 14:13:24.667 +07:00 [INF] HTTP GET /api/v1/don-vi/2001 responded 200 in 21.2343 ms
2026-04-22 14:13:24.669 +07:00 [INF] HTTP GET /api/v1/codes/by-code/NOI_DUNG_DAO_TAO_HV responded 200 in 20.9738 ms
2026-04-22 14:13:24.670 +07:00 [INF] Request finished HTTP/1.1 GET http://localhost:5283/api/v1/don-vi/2001 - 200 null application/json; charset=utf-8 27.3563ms
2026-04-22 14:13:24.672 +07:00 [INF] Request finished HTTP/1.1 GET http://localhost:5283/api/v1/codes/by-code/NOI_DUNG_DAO_TAO_HV - 200 null application/json; charset=utf-8 26.7992ms
2026-04-22 14:13:24.680 +07:00 [INF] Request starting HTTP/1.1 GET http://localhost:5283/api/v1/ky-bao-cao/current - null null
2026-04-22 14:13:24.680 +07:00 [INF] Request starting HTTP/1.1 GET http://localhost:5283/api/v1/ky-bao-cao - null null
2026-04-22 14:13:24.681 +07:00 [INF] CORS policy execution successful.
2026-04-22 14:13:24.683 +07:00 [INF] CORS policy execution successful.
2026-04-22 14:13:24.684 +07:00 [INF] Executing endpoint 'ThucLuc.Api.Controllers.V1.KyBaoCaoController.GetCurrent (ThucLuc.Api)'
2026-04-22 14:13:24.684 +07:00 [INF] Executing endpoint 'ThucLuc.Api.Controllers.V1.KyBaoCaoController.GetAll (ThucLuc.Api)'
2026-04-22 14:13:24.685 +07:00 [INF] Route matched with {action = "GetCurrent", controller = "KyBaoCao"}. Executing controller action with signature System.Threading.Tasks.Task`1[Microsoft.AspNetCore.Mvc.ActionResult`1[ThucLuc.Api.Common.Models.ApiResponse`1[ThucLuc.Application.Features.KyBaoCao.KyBaoCaoDto]]] GetCurrent(System.Threading.CancellationToken) on controller ThucLuc.Api.Controllers.V1.KyBaoCaoController (ThucLuc.Api).
2026-04-22 14:13:24.686 +07:00 [INF] Route matched with {action = "GetAll", controller = "KyBaoCao"}. Executing controller action with signature System.Threading.Tasks.Task`1[Microsoft.AspNetCore.Mvc.ActionResult`1[ThucLuc.Api.Common.Models.ApiResponse`1[System.Collections.Generic.IReadOnlyCollection`1[ThucLuc.Application.Features.KyBaoCao.KyBaoCaoDto]]]] GetAll(System.Threading.CancellationToken) on controller ThucLuc.Api.Controllers.V1.KyBaoCaoController (ThucLuc.Api).
2026-04-22 14:13:24.690 +07:00 [INF] Executing OkObjectResult, writing value of type 'ThucLuc.Api.Common.Models.ApiResponse`1[[ThucLuc.Application.Features.KyBaoCao.KyBaoCaoDto, ThucLuc.Application, Version=1.0.0.0, Culture=neutral, PublicKeyToken=null]]'.
2026-04-22 14:13:24.691 +07:00 [INF] Executing OkObjectResult, writing value of type 'ThucLuc.Api.Common.Models.ApiResponse`1[[System.Collections.Generic.IReadOnlyCollection`1[[ThucLuc.Application.Features.KyBaoCao.KyBaoCaoDto, ThucLuc.Application, Version=1.0.0.0, Culture=neutral, PublicKeyToken=null]], System.Private.CoreLib, Version=8.0.0.0, Culture=neutral, PublicKeyToken=7cec85d7bea7798e]]'.
2026-04-22 14:13:24.692 +07:00 [INF] Executed action ThucLuc.Api.Controllers.V1.KyBaoCaoController.GetCurrent (ThucLuc.Api) in 3.8712ms
2026-04-22 14:13:24.693 +07:00 [INF] Executed action ThucLuc.Api.Controllers.V1.KyBaoCaoController.GetAll (ThucLuc.Api) in 3.6807ms
2026-04-22 14:13:24.694 +07:00 [INF] Executed endpoint 'ThucLuc.Api.Controllers.V1.KyBaoCaoController.GetCurrent (ThucLuc.Api)'
2026-04-22 14:13:24.695 +07:00 [INF] Executed endpoint 'ThucLuc.Api.Controllers.V1.KyBaoCaoController.GetAll (ThucLuc.Api)'
2026-04-22 14:13:24.696 +07:00 [INF] HTTP GET /api/v1/ky-bao-cao/current => 200 in 14.3816 ms CorrelationId=621be8d408544af099e289cc45afcb97 UserId=5001
2026-04-22 14:13:24.697 +07:00 [INF] HTTP GET /api/v1/ky-bao-cao => 200 in 13.7609 ms CorrelationId=6c781b9f21974fa793d50be497b13db2 UserId=5001
2026-04-22 14:13:24.698 +07:00 [INF] HTTP GET /api/v1/ky-bao-cao/current responded 200 in 17.3150 ms
2026-04-22 14:13:24.701 +07:00 [INF] HTTP GET /api/v1/ky-bao-cao responded 200 in 17.7068 ms
2026-04-22 14:13:24.702 +07:00 [INF] Request finished HTTP/1.1 GET http://localhost:5283/api/v1/ky-bao-cao/current - 200 null application/json; charset=utf-8 22.1897ms
2026-04-22 14:13:24.704 +07:00 [INF] Request finished HTTP/1.1 GET http://localhost:5283/api/v1/ky-bao-cao - 200 null application/json; charset=utf-8 24.6664ms
2026-04-22 14:13:24.710 +07:00 [INF] Request starting HTTP/1.1 GET http://localhost:5283/api/v1/dao-tao-hoc-vien - null null
2026-04-22 14:13:24.711 +07:00 [INF] CORS policy execution successful.
2026-04-22 14:13:24.712 +07:00 [INF] Executing endpoint 'ThucLuc.Api.Controllers.V1.DaoTaoHocVienController.GetAll (ThucLuc.Api)'
2026-04-22 14:13:24.713 +07:00 [INF] Route matched with {action = "GetAll", controller = "DaoTaoHocVien"}. Executing controller action with signature System.Threading.Tasks.Task`1[Microsoft.AspNetCore.Mvc.ActionResult`1[ThucLuc.Api.Common.Models.ApiResponse`1[System.Collections.Generic.IReadOnlyCollection`1[ThucLuc.Application.Features.DaoTaoHocVien.DaoTaoHocVienDto]]]] GetAll(ThucLuc.Application.Features.DaoTaoHocVien.DaoTaoHocVienQuery, System.Threading.CancellationToken) on controller ThucLuc.Api.Controllers.V1.DaoTaoHocVienController (ThucLuc.Api).
2026-04-22 14:13:24.718 +07:00 [ERR] 2026-04-22 14:13:24.718006 ThreadID:59  (ERROR)   OracleRelationalCommand.ExecuteReaderAsync() :  Oracle.ManagedDataAccess.Client.OracleException (0x80004005): ORA-00904: "b"."IS_LATEST": invalid identifier
https://docs.oracle.com/error-help/db/ora-00904/
   at System.Threading.Tasks.ContinuationResultTaskFromResultTask`2.InnerInvoke()
   at System.Threading.ExecutionContext.RunInternal(ExecutionContext executionContext, ContextCallback callback, Object state)
--- End of stack trace from previous location ---
   at System.Threading.ExecutionContext.RunInternal(ExecutionContext executionContext, ContextCallback callback, Object state)
   at System.Threading.Tasks.Task.ExecuteWithThreadLocal(Task& currentTaskSlot, Thread threadPoolThread)
--- End of stack trace from previous location ---
   at Oracle.EntityFrameworkCore.Storage.Internal.OracleRelationalCommandBuilderFactory.OracleRelationalCommandBuilder.OracleRelationalCommand.ExecuteReaderAsync(RelationalCommandParameterObject parameterObject, CancellationToken cancellationToken)
2026-04-22 14:13:24.719 +07:00 [ERR] Failed executing DbCommand (4ms) [Parameters=[], CommandType='"Text"', CommandTimeout='0']
SELECT "b"."ID", "b"."CREATED_AT", "b"."CREATED_BY", "b"."DELETED_AT", "b"."DON_VI_ID", "b"."GHI_CHU", "b"."IS_LATEST", "b"."KY_BAO_CAO_CODE", "b"."NAM", "b"."NOI_DUNG_DAO_TAO", "b"."SNAPSHOT_BATCH_ID", "b"."SNAPSHOT_CREATED_AT", "b"."SNAPSHOT_VERSION", "b"."SO_CAO_DANG", "b"."SO_DAI_HOC", "b"."SO_THAC_SI", "b"."SO_TIEN_SI", "b"."SO_TRUNG_CAP", "b"."UPDATED_AT", "b"."UPDATED_BY"
FROM "CAND_QLCNTT"."BIZ_DAO_TAO_HOC_VIEN" "b"
WHERE (("b"."DELETED_AT" IS NULL) AND ("b"."IS_LATEST" = 1))
ORDER BY "b"."UPDATED_AT" DESC, "b"."CREATED_AT" DESC, "b"."ID" DESC
2026-04-22 14:13:24.721 +07:00 [ERR] 2026-04-22 14:13:24.721368 ThreadID:59  (ERROR)   OracleExecutionStrategy.ExecuteAsync() :  Oracle.ManagedDataAccess.Client.OracleException (0x80004005): ORA-00904: "b"."IS_LATEST": invalid identifier
https://docs.oracle.com/error-help/db/ora-00904/
   at System.Threading.Tasks.ContinuationResultTaskFromResultTask`2.InnerInvoke()
   at System.Threading.ExecutionContext.RunInternal(ExecutionContext executionContext, ContextCallback callback, Object state)
--- End of stack trace from previous location ---
   at System.Threading.ExecutionContext.RunInternal(ExecutionContext executionContext, ContextCallback callback, Object state)
   at System.Threading.Tasks.Task.ExecuteWithThreadLocal(Task& currentTaskSlot, Thread threadPoolThread)
--- End of stack trace from previous location ---
   at Oracle.EntityFrameworkCore.Storage.Internal.OracleRelationalCommandBuilderFactory.OracleRelationalCommandBuilder.OracleRelationalCommand.ExecuteReaderAsync(RelationalCommandParameterObject parameterObject, CancellationToken cancellationToken)
   at Oracle.EntityFrameworkCore.Storage.Internal.OracleRelationalCommandBuilderFactory.OracleRelationalCommandBuilder.OracleRelationalCommand.ExecuteReaderAsync(RelationalCommandParameterObject parameterObject, CancellationToken cancellationToken)
   at Oracle.EntityFrameworkCore.Storage.Internal.OracleRelationalCommandBuilderFactory.OracleRelationalCommandBuilder.OracleRelationalCommand.ExecuteReaderAsync(RelationalCommandParameterObject parameterObject, CancellationToken cancellationToken)
   at Microsoft.EntityFrameworkCore.Query.Internal.SingleQueryingEnumerable`1.AsyncEnumerator.InitializeReaderAsync(AsyncEnumerator enumerator, CancellationToken cancellationToken)
   at Oracle.EntityFrameworkCore.Storage.Internal.OracleExecutionStrategy.ExecuteAsync[TState,TResult](TState state, Func`4 operation, Func`4 verifySucceeded, CancellationToken cancellationToken)
2026-04-22 14:13:24.722 +07:00 [ERR] An exception occurred while iterating over the results of a query for context type 'ThucLuc.Infrastructure.Persistence.AppDbContext'.
Oracle.ManagedDataAccess.Client.OracleException (0x80004005): ORA-00904: "b"."IS_LATEST": invalid identifier
https://docs.oracle.com/error-help/db/ora-00904/
   at System.Threading.Tasks.ContinuationResultTaskFromResultTask`2.InnerInvoke()
   at System.Threading.ExecutionContext.RunInternal(ExecutionContext executionContext, ContextCallback callback, Object state)
--- End of stack trace from previous location ---
   at System.Threading.ExecutionContext.RunInternal(ExecutionContext executionContext, ContextCallback callback, Object state)
   at System.Threading.Tasks.Task.ExecuteWithThreadLocal(Task& currentTaskSlot, Thread threadPoolThread)
--- End of stack trace from previous location ---
   at Oracle.EntityFrameworkCore.Storage.Internal.OracleRelationalCommandBuilderFactory.OracleRelationalCommandBuilder.OracleRelationalCommand.ExecuteReaderAsync(RelationalCommandParameterObject parameterObject, CancellationToken cancellationToken)
   at Oracle.EntityFrameworkCore.Storage.Internal.OracleRelationalCommandBuilderFactory.OracleRelationalCommandBuilder.OracleRelationalCommand.ExecuteReaderAsync(RelationalCommandParameterObject parameterObject, CancellationToken cancellationToken)
   at Oracle.EntityFrameworkCore.Storage.Internal.OracleRelationalCommandBuilderFactory.OracleRelationalCommandBuilder.OracleRelationalCommand.ExecuteReaderAsync(RelationalCommandParameterObject parameterObject, CancellationToken cancellationToken)
   at Microsoft.EntityFrameworkCore.Query.Internal.SingleQueryingEnumerable`1.AsyncEnumerator.InitializeReaderAsync(AsyncEnumerator enumerator, CancellationToken cancellationToken)
   at Oracle.EntityFrameworkCore.Storage.Internal.OracleExecutionStrategy.ExecuteAsync[TState,TResult](TState state, Func`4 operation, Func`4 verifySucceeded, CancellationToken cancellationToken)
   at Microsoft.EntityFrameworkCore.Query.Internal.SingleQueryingEnumerable`1.AsyncEnumerator.MoveNextAsync()
Oracle.ManagedDataAccess.Client.OracleException (0x80004005): ORA-00904: "b"."IS_LATEST": invalid identifier
https://docs.oracle.com/error-help/db/ora-00904/
   at System.Threading.Tasks.ContinuationResultTaskFromResultTask`2.InnerInvoke()
   at System.Threading.ExecutionContext.RunInternal(ExecutionContext executionContext, ContextCallback callback, Object state)
--- End of stack trace from previous location ---
   at System.Threading.ExecutionContext.RunInternal(ExecutionContext executionContext, ContextCallback callback, Object state)
   at System.Threading.Tasks.Task.ExecuteWithThreadLocal(Task& currentTaskSlot, Thread threadPoolThread)
--- End of stack trace from previous location ---
   at Oracle.EntityFrameworkCore.Storage.Internal.OracleRelationalCommandBuilderFactory.OracleRelationalCommandBuilder.OracleRelationalCommand.ExecuteReaderAsync(RelationalCommandParameterObject parameterObject, CancellationToken cancellationToken)
   at Oracle.EntityFrameworkCore.Storage.Internal.OracleRelationalCommandBuilderFactory.OracleRelationalCommandBuilder.OracleRelationalCommand.ExecuteReaderAsync(RelationalCommandParameterObject parameterObject, CancellationToken cancellationToken)
   at Oracle.EntityFrameworkCore.Storage.Internal.OracleRelationalCommandBuilderFactory.OracleRelationalCommandBuilder.OracleRelationalCommand.ExecuteReaderAsync(RelationalCommandParameterObject parameterObject, CancellationToken cancellationToken)
   at Microsoft.EntityFrameworkCore.Query.Internal.SingleQueryingEnumerable`1.AsyncEnumerator.InitializeReaderAsync(AsyncEnumerator enumerator, CancellationToken cancellationToken)
   at Oracle.EntityFrameworkCore.Storage.Internal.OracleExecutionStrategy.ExecuteAsync[TState,TResult](TState state, Func`4 operation, Func`4 verifySucceeded, CancellationToken cancellationToken)
   at Microsoft.EntityFrameworkCore.Query.Internal.SingleQueryingEnumerable`1.AsyncEnumerator.MoveNextAsync()
2026-04-22 14:13:24.726 +07:00 [INF] Executed action ThucLuc.Api.Controllers.V1.DaoTaoHocVienController.GetAll (ThucLuc.Api) in 11.8823ms
2026-04-22 14:13:24.727 +07:00 [INF] Executed endpoint 'ThucLuc.Api.Controllers.V1.DaoTaoHocVienController.GetAll (ThucLuc.Api)'
2026-04-22 14:13:24.728 +07:00 [ERR] Unhandled exception. CorrelationId=46c840c9d2c845898c60fb340dc8e299
Oracle.ManagedDataAccess.Client.OracleException (0x80004005): ORA-00904: "b"."IS_LATEST": invalid identifier
https://docs.oracle.com/error-help/db/ora-00904/
   at System.Threading.Tasks.ContinuationResultTaskFromResultTask`2.InnerInvoke()
   at System.Threading.ExecutionContext.RunInternal(ExecutionContext executionContext, ContextCallback callback, Object state)
--- End of stack trace from previous location ---
   at System.Threading.ExecutionContext.RunInternal(ExecutionContext executionContext, ContextCallback callback, Object state)
   at System.Threading.Tasks.Task.ExecuteWithThreadLocal(Task& currentTaskSlot, Thread threadPoolThread)
--- End of stack trace from previous location ---
   at Oracle.EntityFrameworkCore.Storage.Internal.OracleRelationalCommandBuilderFactory.OracleRelationalCommandBuilder.OracleRelationalCommand.ExecuteReaderAsync(RelationalCommandParameterObject parameterObject, CancellationToken cancellationToken)
   at Oracle.EntityFrameworkCore.Storage.Internal.OracleRelationalCommandBuilderFactory.OracleRelationalCommandBuilder.OracleRelationalCommand.ExecuteReaderAsync(RelationalCommandParameterObject parameterObject, CancellationToken cancellationToken)
   at Oracle.EntityFrameworkCore.Storage.Internal.OracleRelationalCommandBuilderFactory.OracleRelationalCommandBuilder.OracleRelationalCommand.ExecuteReaderAsync(RelationalCommandParameterObject parameterObject, CancellationToken cancellationToken)
   at Microsoft.EntityFrameworkCore.Query.Internal.SingleQueryingEnumerable`1.AsyncEnumerator.InitializeReaderAsync(AsyncEnumerator enumerator, CancellationToken cancellationToken)
   at Oracle.EntityFrameworkCore.Storage.Internal.OracleExecutionStrategy.ExecuteAsync[TState,TResult](TState state, Func`4 operation, Func`4 verifySucceeded, CancellationToken cancellationToken)
   at Microsoft.EntityFrameworkCore.Query.Internal.SingleQueryingEnumerable`1.AsyncEnumerator.MoveNextAsync()
   at Microsoft.EntityFrameworkCore.EntityFrameworkQueryableExtensions.ToListAsync[TSource](IQueryable`1 source, CancellationToken cancellationToken)
   at Microsoft.EntityFrameworkCore.EntityFrameworkQueryableExtensions.ToListAsync[TSource](IQueryable`1 source, CancellationToken cancellationToken)
   at ThucLuc.Application.Features.DaoTaoHocVien.DaoTaoHocVienService.GetAllAsync(DaoTaoHocVienQuery query, CancellationToken cancellationToken) in D:\Projects\ThucLuc_V2\.sources\backend\src\Application\Features\DaoTaoHocVien\DaoTaoHocVienService.cs:line 60
   at ThucLuc.Api.Controllers.V1.DaoTaoHocVienController.GetAll(DaoTaoHocVienQuery query, CancellationToken cancellationToken) in D:\Projects\ThucLuc_V2\.sources\backend\src\api\Controllers\V1\DaoTaoHocVienController.cs:line 28
   at lambda_method2083(Closure, Object)
   at Microsoft.AspNetCore.Mvc.Infrastructure.ActionMethodExecutor.AwaitableObjectResultExecutor.Execute(ActionContext actionContext, IActionResultTypeMapper mapper, ObjectMethodExecutor executor, Object controller, Object[] arguments)
   at Microsoft.AspNetCore.Mvc.Infrastructure.ControllerActionInvoker.<InvokeActionMethodAsync>g__Awaited|12_0(ControllerActionInvoker invoker, ValueTask`1 actionResultValueTask)
   at Microsoft.AspNetCore.Mvc.Infrastructure.ControllerActionInvoker.<InvokeNextActionFilterAsync>g__Awaited|10_0(ControllerActionInvoker invoker, Task lastTask, State next, Scope scope, Object state, Boolean isCompleted)
   at Microsoft.AspNetCore.Mvc.Infrastructure.ControllerActionInvoker.Rethrow(ActionExecutedContextSealed context)
   at Microsoft.AspNetCore.Mvc.Infrastructure.ControllerActionInvoker.Next(State& next, Scope& scope, Object& state, Boolean& isCompleted)
   at Microsoft.AspNetCore.Mvc.Infrastructure.ControllerActionInvoker.<InvokeInnerFilterAsync>g__Awaited|13_0(ControllerActionInvoker invoker, Task lastTask, State next, Scope scope, Object state, Boolean isCompleted)
   at Microsoft.AspNetCore.Mvc.Infrastructure.ResourceInvoker.<InvokeFilterPipelineAsync>g__Awaited|20_0(ResourceInvoker invoker, Task lastTask, State next, Scope scope, Object state, Boolean isCompleted)
   at Microsoft.AspNetCore.Mvc.Infrastructure.ResourceInvoker.<InvokeAsync>g__Logged|17_1(ResourceInvoker invoker)
   at Microsoft.AspNetCore.Mvc.Infrastructure.ResourceInvoker.<InvokeAsync>g__Logged|17_1(ResourceInvoker invoker)
   at Microsoft.AspNetCore.Routing.EndpointMiddleware.<Invoke>g__AwaitRequestTask|7_0(Endpoint endpoint, Task requestTask, ILogger logger)
   at Microsoft.AspNetCore.Authorization.AuthorizationMiddleware.Invoke(HttpContext context)
   at Microsoft.AspNetCore.Authentication.AuthenticationMiddleware.Invoke(HttpContext context)
   at Swashbuckle.AspNetCore.SwaggerUI.SwaggerUIMiddleware.Invoke(HttpContext httpContext)
   at Swashbuckle.AspNetCore.Swagger.SwaggerMiddleware.Invoke(HttpContext httpContext, ISwaggerProvider swaggerProvider)
   at ThucLuc.Api.Common.Middleware.GlobalExceptionMiddleware.InvokeAsync(HttpContext context) in D:\Projects\ThucLuc_V2\.sources\backend\src\api\Common\Middleware\GlobalExceptionMiddleware.cs:line 23
2026-04-22 14:13:24.735 +07:00 [INF] HTTP GET /api/v1/dao-tao-hoc-vien => 500 in 23.0649 ms CorrelationId=46c840c9d2c845898c60fb340dc8e299 UserId=5001
2026-04-22 14:13:24.736 +07:00 [ERR] HTTP GET /api/v1/dao-tao-hoc-vien responded 500 in 24.6890 ms
2026-04-22 14:13:24.738 +07:00 [INF] Request finished HTTP/1.1 GET http://localhost:5283/api/v1/dao-tao-hoc-vien - 500 null application/json 27.9616ms
2026-04-22 14:13:24.885 +07:00 [INF] Request starting HTTP/1.1 GET http://localhost:5283/api/v1/don-vi/2001 - null null
2026-04-22 14:13:24.887 +07:00 [INF] CORS policy execution successful.
2026-04-22 14:13:24.888 +07:00 [INF] Executing endpoint 'ThucLuc.Api.Controllers.V1.DonViController.GetById (ThucLuc.Api)'
2026-04-22 14:13:24.889 +07:00 [INF] Route matched with {action = "GetById", controller = "DonVi"}. Executing controller action with signature System.Threading.Tasks.Task`1[Microsoft.AspNetCore.Mvc.ActionResult`1[ThucLuc.Api.Common.Models.ApiResponse`1[ThucLuc.Application.Features.DonVi.DonViDto]]] GetById(Int64, System.Threading.CancellationToken) on controller ThucLuc.Api.Controllers.V1.DonViController (ThucLuc.Api).
2026-04-22 14:13:24.890 +07:00 [INF] Request starting HTTP/1.1 GET http://localhost:5283/api/v1/codes/by-code/NOI_DUNG_DAO_TAO_HV - null null
2026-04-22 14:13:24.893 +07:00 [INF] CORS policy execution successful.
2026-04-22 14:13:24.893 +07:00 [INF] Executing OkObjectResult, writing value of type 'ThucLuc.Api.Common.Models.ApiResponse`1[[ThucLuc.Application.Features.DonVi.DonViDto, ThucLuc.Application, Version=1.0.0.0, Culture=neutral, PublicKeyToken=null]]'.
2026-04-22 14:13:24.894 +07:00 [INF] Executing endpoint 'ThucLuc.Api.Controllers.V1.CodesController.GetByCode (ThucLuc.Api)'
2026-04-22 14:13:24.894 +07:00 [INF] Executed action ThucLuc.Api.Controllers.V1.DonViController.GetById (ThucLuc.Api) in 3.2364ms
2026-04-22 14:13:24.895 +07:00 [INF] Route matched with {action = "GetByCode", controller = "Codes"}. Executing controller action with signature System.Threading.Tasks.Task`1[Microsoft.AspNetCore.Mvc.ActionResult`1[ThucLuc.Api.Common.Models.ApiResponse`1[ThucLuc.Application.Features.Codes.CodeDto]]] GetByCode(System.String, System.Threading.CancellationToken) on controller ThucLuc.Api.Controllers.V1.CodesController (ThucLuc.Api).
2026-04-22 14:13:24.896 +07:00 [INF] Executed endpoint 'ThucLuc.Api.Controllers.V1.DonViController.GetById (ThucLuc.Api)'
2026-04-22 14:13:24.898 +07:00 [INF] HTTP GET /api/v1/don-vi/2001 => 200 in 11.0491 ms CorrelationId=9f28cbdc4cfe45b6b80f546d8bacd888 UserId=5001
2026-04-22 14:13:24.899 +07:00 [INF] Executing OkObjectResult, writing value of type 'ThucLuc.Api.Common.Models.ApiResponse`1[[ThucLuc.Application.Features.Codes.CodeDto, ThucLuc.Application, Version=1.0.0.0, Culture=neutral, PublicKeyToken=null]]'.
2026-04-22 14:13:24.899 +07:00 [INF] HTTP GET /api/v1/don-vi/2001 responded 200 in 12.2933 ms
2026-04-22 14:13:24.900 +07:00 [INF] Executed action ThucLuc.Api.Controllers.V1.CodesController.GetByCode (ThucLuc.Api) in 2.5822ms
2026-04-22 14:13:24.901 +07:00 [INF] Request finished HTTP/1.1 GET http://localhost:5283/api/v1/don-vi/2001 - 200 null application/json; charset=utf-8 16.0578ms
2026-04-22 14:13:24.902 +07:00 [INF] Executed endpoint 'ThucLuc.Api.Controllers.V1.CodesController.GetByCode (ThucLuc.Api)'
2026-04-22 14:13:24.905 +07:00 [INF] HTTP GET /api/v1/codes/by-code/NOI_DUNG_DAO_TAO_HV => 200 in 12.0384 ms CorrelationId=09eefd6655264184a6aa365811d956f3 UserId=5001
2026-04-22 14:13:24.907 +07:00 [INF] HTTP GET /api/v1/codes/by-code/NOI_DUNG_DAO_TAO_HV responded 200 in 13.9478 ms
2026-04-22 14:13:24.908 +07:00 [INF] Request finished HTTP/1.1 GET http://localhost:5283/api/v1/codes/by-code/NOI_DUNG_DAO_TAO_HV - 200 null application/json; charset=utf-8 17.532ms
2026-04-22 14:13:24.920 +07:00 [INF] Request starting HTTP/1.1 GET http://localhost:5283/api/v1/ky-bao-cao/current - null null
2026-04-22 14:13:24.920 +07:00 [INF] Request starting HTTP/1.1 GET http://localhost:5283/api/v1/ky-bao-cao - null null
2026-04-22 14:13:24.922 +07:00 [INF] CORS policy execution successful.
2026-04-22 14:13:24.923 +07:00 [INF] CORS policy execution successful.
2026-04-22 14:13:24.924 +07:00 [INF] Executing endpoint 'ThucLuc.Api.Controllers.V1.KyBaoCaoController.GetCurrent (ThucLuc.Api)'
2026-04-22 14:13:24.924 +07:00 [INF] Executing endpoint 'ThucLuc.Api.Controllers.V1.KyBaoCaoController.GetAll (ThucLuc.Api)'
2026-04-22 14:13:24.925 +07:00 [INF] Route matched with {action = "GetCurrent", controller = "KyBaoCao"}. Executing controller action with signature System.Threading.Tasks.Task`1[Microsoft.AspNetCore.Mvc.ActionResult`1[ThucLuc.Api.Common.Models.ApiResponse`1[ThucLuc.Application.Features.KyBaoCao.KyBaoCaoDto]]] GetCurrent(System.Threading.CancellationToken) on controller ThucLuc.Api.Controllers.V1.KyBaoCaoController (ThucLuc.Api).
2026-04-22 14:13:24.925 +07:00 [INF] Route matched with {action = "GetAll", controller = "KyBaoCao"}. Executing controller action with signature System.Threading.Tasks.Task`1[Microsoft.AspNetCore.Mvc.ActionResult`1[ThucLuc.Api.Common.Models.ApiResponse`1[System.Collections.Generic.IReadOnlyCollection`1[ThucLuc.Application.Features.KyBaoCao.KyBaoCaoDto]]]] GetAll(System.Threading.CancellationToken) on controller ThucLuc.Api.Controllers.V1.KyBaoCaoController (ThucLuc.Api).
2026-04-22 14:13:24.928 +07:00 [INF] Executing OkObjectResult, writing value of type 'ThucLuc.Api.Common.Models.ApiResponse`1[[ThucLuc.Application.Features.KyBaoCao.KyBaoCaoDto, ThucLuc.Application, Version=1.0.0.0, Culture=neutral, PublicKeyToken=null]]'.
2026-04-22 14:13:24.929 +07:00 [INF] Executing OkObjectResult, writing value of type 'ThucLuc.Api.Common.Models.ApiResponse`1[[System.Collections.Generic.IReadOnlyCollection`1[[ThucLuc.Application.Features.KyBaoCao.KyBaoCaoDto, ThucLuc.Application, Version=1.0.0.0, Culture=neutral, PublicKeyToken=null]], System.Private.CoreLib, Version=8.0.0.0, Culture=neutral, PublicKeyToken=7cec85d7bea7798e]]'.
2026-04-22 14:13:24.929 +07:00 [INF] Executed action ThucLuc.Api.Controllers.V1.KyBaoCaoController.GetCurrent (ThucLuc.Api) in 2.6843ms
2026-04-22 14:13:24.930 +07:00 [INF] Executed action ThucLuc.Api.Controllers.V1.KyBaoCaoController.GetAll (ThucLuc.Api) in 2.4149ms
2026-04-22 14:13:24.931 +07:00 [INF] Executed endpoint 'ThucLuc.Api.Controllers.V1.KyBaoCaoController.GetCurrent (ThucLuc.Api)'
2026-04-22 14:13:24.932 +07:00 [INF] Executed endpoint 'ThucLuc.Api.Controllers.V1.KyBaoCaoController.GetAll (ThucLuc.Api)'
2026-04-22 14:13:24.933 +07:00 [INF] HTTP GET /api/v1/ky-bao-cao/current => 200 in 11.0613 ms CorrelationId=7b506ea1c8bf45cabbf6b0a963eac44a UserId=5001
2026-04-22 14:13:24.933 +07:00 [INF] HTTP GET /api/v1/ky-bao-cao => 200 in 10.6199 ms CorrelationId=6ce6bffbf0b54e3b9f5896416dd4a858 UserId=5001
2026-04-22 14:13:24.935 +07:00 [INF] HTTP GET /api/v1/ky-bao-cao/current responded 200 in 13.2461 ms
2026-04-22 14:13:24.937 +07:00 [INF] HTTP GET /api/v1/ky-bao-cao responded 200 in 14.3625 ms
2026-04-22 14:13:24.938 +07:00 [INF] Request finished HTTP/1.1 GET http://localhost:5283/api/v1/ky-bao-cao/current - 200 null application/json; charset=utf-8 18.3799ms
2026-04-22 14:13:24.939 +07:00 [INF] Request finished HTTP/1.1 GET http://localhost:5283/api/v1/ky-bao-cao - 200 null application/json; charset=utf-8 19.3161ms
2026-04-22 14:13:24.943 +07:00 [INF] Request starting HTTP/1.1 GET http://localhost:5283/api/v1/dao-tao-hoc-vien - null null
2026-04-22 14:13:24.945 +07:00 [INF] CORS policy execution successful.
2026-04-22 14:13:24.945 +07:00 [INF] Executing endpoint 'ThucLuc.Api.Controllers.V1.DaoTaoHocVienController.GetAll (ThucLuc.Api)'
2026-04-22 14:13:24.946 +07:00 [INF] Route matched with {action = "GetAll", controller = "DaoTaoHocVien"}. Executing controller action with signature System.Threading.Tasks.Task`1[Microsoft.AspNetCore.Mvc.ActionResult`1[ThucLuc.Api.Common.Models.ApiResponse`1[System.Collections.Generic.IReadOnlyCollection`1[ThucLuc.Application.Features.DaoTaoHocVien.DaoTaoHocVienDto]]]] GetAll(ThucLuc.Application.Features.DaoTaoHocVien.DaoTaoHocVienQuery, System.Threading.CancellationToken) on controller ThucLuc.Api.Controllers.V1.DaoTaoHocVienController (ThucLuc.Api).
2026-04-22 14:13:24.951 +07:00 [ERR] 2026-04-22 14:13:24.951282 ThreadID:46  (ERROR)   OracleRelationalCommand.ExecuteReaderAsync() :  Oracle.ManagedDataAccess.Client.OracleException (0x80004005): ORA-00904: "b"."IS_LATEST": invalid identifier
https://docs.oracle.com/error-help/db/ora-00904/
   at System.Threading.Tasks.ContinuationResultTaskFromResultTask`2.InnerInvoke()
   at System.Threading.ExecutionContext.RunInternal(ExecutionContext executionContext, ContextCallback callback, Object state)
--- End of stack trace from previous location ---
   at System.Threading.ExecutionContext.RunInternal(ExecutionContext executionContext, ContextCallback callback, Object state)
   at System.Threading.Tasks.Task.ExecuteWithThreadLocal(Task& currentTaskSlot, Thread threadPoolThread)
--- End of stack trace from previous location ---
   at Oracle.EntityFrameworkCore.Storage.Internal.OracleRelationalCommandBuilderFactory.OracleRelationalCommandBuilder.OracleRelationalCommand.ExecuteReaderAsync(RelationalCommandParameterObject parameterObject, CancellationToken cancellationToken)
2026-04-22 14:13:24.952 +07:00 [ERR] Failed executing DbCommand (4ms) [Parameters=[], CommandType='"Text"', CommandTimeout='0']
SELECT "b"."ID", "b"."CREATED_AT", "b"."CREATED_BY", "b"."DELETED_AT", "b"."DON_VI_ID", "b"."GHI_CHU", "b"."IS_LATEST", "b"."KY_BAO_CAO_CODE", "b"."NAM", "b"."NOI_DUNG_DAO_TAO", "b"."SNAPSHOT_BATCH_ID", "b"."SNAPSHOT_CREATED_AT", "b"."SNAPSHOT_VERSION", "b"."SO_CAO_DANG", "b"."SO_DAI_HOC", "b"."SO_THAC_SI", "b"."SO_TIEN_SI", "b"."SO_TRUNG_CAP", "b"."UPDATED_AT", "b"."UPDATED_BY"
FROM "CAND_QLCNTT"."BIZ_DAO_TAO_HOC_VIEN" "b"
WHERE (("b"."DELETED_AT" IS NULL) AND ("b"."IS_LATEST" = 1))
ORDER BY "b"."UPDATED_AT" DESC, "b"."CREATED_AT" DESC, "b"."ID" DESC
2026-04-22 14:13:24.954 +07:00 [ERR] 2026-04-22 14:13:24.954831 ThreadID:46  (ERROR)   OracleExecutionStrategy.ExecuteAsync() :  Oracle.ManagedDataAccess.Client.OracleException (0x80004005): ORA-00904: "b"."IS_LATEST": invalid identifier
https://docs.oracle.com/error-help/db/ora-00904/
   at System.Threading.Tasks.ContinuationResultTaskFromResultTask`2.InnerInvoke()
   at System.Threading.ExecutionContext.RunInternal(ExecutionContext executionContext, ContextCallback callback, Object state)
--- End of stack trace from previous location ---
   at System.Threading.ExecutionContext.RunInternal(ExecutionContext executionContext, ContextCallback callback, Object state)
   at System.Threading.Tasks.Task.ExecuteWithThreadLocal(Task& currentTaskSlot, Thread threadPoolThread)
--- End of stack trace from previous location ---
   at Oracle.EntityFrameworkCore.Storage.Internal.OracleRelationalCommandBuilderFactory.OracleRelationalCommandBuilder.OracleRelationalCommand.ExecuteReaderAsync(RelationalCommandParameterObject parameterObject, CancellationToken cancellationToken)
   at Oracle.EntityFrameworkCore.Storage.Internal.OracleRelationalCommandBuilderFactory.OracleRelationalCommandBuilder.OracleRelationalCommand.ExecuteReaderAsync(RelationalCommandParameterObject parameterObject, CancellationToken cancellationToken)
   at Oracle.EntityFrameworkCore.Storage.Internal.OracleRelationalCommandBuilderFactory.OracleRelationalCommandBuilder.OracleRelationalCommand.ExecuteReaderAsync(RelationalCommandParameterObject parameterObject, CancellationToken cancellationToken)
   at Microsoft.EntityFrameworkCore.Query.Internal.SingleQueryingEnumerable`1.AsyncEnumerator.InitializeReaderAsync(AsyncEnumerator enumerator, CancellationToken cancellationToken)
   at Oracle.EntityFrameworkCore.Storage.Internal.OracleExecutionStrategy.ExecuteAsync[TState,TResult](TState state, Func`4 operation, Func`4 verifySucceeded, CancellationToken cancellationToken)
2026-04-22 14:13:24.956 +07:00 [ERR] An exception occurred while iterating over the results of a query for context type 'ThucLuc.Infrastructure.Persistence.AppDbContext'.
Oracle.ManagedDataAccess.Client.OracleException (0x80004005): ORA-00904: "b"."IS_LATEST": invalid identifier
https://docs.oracle.com/error-help/db/ora-00904/
   at System.Threading.Tasks.ContinuationResultTaskFromResultTask`2.InnerInvoke()
   at System.Threading.ExecutionContext.RunInternal(ExecutionContext executionContext, ContextCallback callback, Object state)
--- End of stack trace from previous location ---
   at System.Threading.ExecutionContext.RunInternal(ExecutionContext executionContext, ContextCallback callback, Object state)
   at System.Threading.Tasks.Task.ExecuteWithThreadLocal(Task& currentTaskSlot, Thread threadPoolThread)
--- End of stack trace from previous location ---
   at Oracle.EntityFrameworkCore.Storage.Internal.OracleRelationalCommandBuilderFactory.OracleRelationalCommandBuilder.OracleRelationalCommand.ExecuteReaderAsync(RelationalCommandParameterObject parameterObject, CancellationToken cancellationToken)
   at Oracle.EntityFrameworkCore.Storage.Internal.OracleRelationalCommandBuilderFactory.OracleRelationalCommandBuilder.OracleRelationalCommand.ExecuteReaderAsync(RelationalCommandParameterObject parameterObject, CancellationToken cancellationToken)
   at Oracle.EntityFrameworkCore.Storage.Internal.OracleRelationalCommandBuilderFactory.OracleRelationalCommandBuilder.OracleRelationalCommand.ExecuteReaderAsync(RelationalCommandParameterObject parameterObject, CancellationToken cancellationToken)
   at Microsoft.EntityFrameworkCore.Query.Internal.SingleQueryingEnumerable`1.AsyncEnumerator.InitializeReaderAsync(AsyncEnumerator enumerator, CancellationToken cancellationToken)
   at Oracle.EntityFrameworkCore.Storage.Internal.OracleExecutionStrategy.ExecuteAsync[TState,TResult](TState state, Func`4 operation, Func`4 verifySucceeded, CancellationToken cancellationToken)
   at Microsoft.EntityFrameworkCore.Query.Internal.SingleQueryingEnumerable`1.AsyncEnumerator.MoveNextAsync()
Oracle.ManagedDataAccess.Client.OracleException (0x80004005): ORA-00904: "b"."IS_LATEST": invalid identifier
https://docs.oracle.com/error-help/db/ora-00904/
   at System.Threading.Tasks.ContinuationResultTaskFromResultTask`2.InnerInvoke()
   at System.Threading.ExecutionContext.RunInternal(ExecutionContext executionContext, ContextCallback callback, Object state)
--- End of stack trace from previous location ---
   at System.Threading.ExecutionContext.RunInternal(ExecutionContext executionContext, ContextCallback callback, Object state)
   at System.Threading.Tasks.Task.ExecuteWithThreadLocal(Task& currentTaskSlot, Thread threadPoolThread)
--- End of stack trace from previous location ---
   at Oracle.EntityFrameworkCore.Storage.Internal.OracleRelationalCommandBuilderFactory.OracleRelationalCommandBuilder.OracleRelationalCommand.ExecuteReaderAsync(RelationalCommandParameterObject parameterObject, CancellationToken cancellationToken)
   at Oracle.EntityFrameworkCore.Storage.Internal.OracleRelationalCommandBuilderFactory.OracleRelationalCommandBuilder.OracleRelationalCommand.ExecuteReaderAsync(RelationalCommandParameterObject parameterObject, CancellationToken cancellationToken)
   at Oracle.EntityFrameworkCore.Storage.Internal.OracleRelationalCommandBuilderFactory.OracleRelationalCommandBuilder.OracleRelationalCommand.ExecuteReaderAsync(RelationalCommandParameterObject parameterObject, CancellationToken cancellationToken)
   at Microsoft.EntityFrameworkCore.Query.Internal.SingleQueryingEnumerable`1.AsyncEnumerator.InitializeReaderAsync(AsyncEnumerator enumerator, CancellationToken cancellationToken)
   at Oracle.EntityFrameworkCore.Storage.Internal.OracleExecutionStrategy.ExecuteAsync[TState,TResult](TState state, Func`4 operation, Func`4 verifySucceeded, CancellationToken cancellationToken)
   at Microsoft.EntityFrameworkCore.Query.Internal.SingleQueryingEnumerable`1.AsyncEnumerator.MoveNextAsync()
2026-04-22 14:13:24.959 +07:00 [INF] Executed action ThucLuc.Api.Controllers.V1.DaoTaoHocVienController.GetAll (ThucLuc.Api) in 11.7003ms
2026-04-22 14:13:24.960 +07:00 [INF] Executed endpoint 'ThucLuc.Api.Controllers.V1.DaoTaoHocVienController.GetAll (ThucLuc.Api)'
2026-04-22 14:13:24.961 +07:00 [ERR] Unhandled exception. CorrelationId=20804ca59fbe44db85f4baff6b2a1369
Oracle.ManagedDataAccess.Client.OracleException (0x80004005): ORA-00904: "b"."IS_LATEST": invalid identifier
https://docs.oracle.com/error-help/db/ora-00904/
   at System.Threading.Tasks.ContinuationResultTaskFromResultTask`2.InnerInvoke()
   at System.Threading.ExecutionContext.RunInternal(ExecutionContext executionContext, ContextCallback callback, Object state)
--- End of stack trace from previous location ---
   at System.Threading.ExecutionContext.RunInternal(ExecutionContext executionContext, ContextCallback callback, Object state)
   at System.Threading.Tasks.Task.ExecuteWithThreadLocal(Task& currentTaskSlot, Thread threadPoolThread)
--- End of stack trace from previous location ---
   at Oracle.EntityFrameworkCore.Storage.Internal.OracleRelationalCommandBuilderFactory.OracleRelationalCommandBuilder.OracleRelationalCommand.ExecuteReaderAsync(RelationalCommandParameterObject parameterObject, CancellationToken cancellationToken)
   at Oracle.EntityFrameworkCore.Storage.Internal.OracleRelationalCommandBuilderFactory.OracleRelationalCommandBuilder.OracleRelationalCommand.ExecuteReaderAsync(RelationalCommandParameterObject parameterObject, CancellationToken cancellationToken)
   at Oracle.EntityFrameworkCore.Storage.Internal.OracleRelationalCommandBuilderFactory.OracleRelationalCommandBuilder.OracleRelationalCommand.ExecuteReaderAsync(RelationalCommandParameterObject parameterObject, CancellationToken cancellationToken)
   at Microsoft.EntityFrameworkCore.Query.Internal.SingleQueryingEnumerable`1.AsyncEnumerator.InitializeReaderAsync(AsyncEnumerator enumerator, CancellationToken cancellationToken)
   at Oracle.EntityFrameworkCore.Storage.Internal.OracleExecutionStrategy.ExecuteAsync[TState,TResult](TState state, Func`4 operation, Func`4 verifySucceeded, CancellationToken cancellationToken)
   at Microsoft.EntityFrameworkCore.Query.Internal.SingleQueryingEnumerable`1.AsyncEnumerator.MoveNextAsync()
   at Microsoft.EntityFrameworkCore.EntityFrameworkQueryableExtensions.ToListAsync[TSource](IQueryable`1 source, CancellationToken cancellationToken)
   at Microsoft.EntityFrameworkCore.EntityFrameworkQueryableExtensions.ToListAsync[TSource](IQueryable`1 source, CancellationToken cancellationToken)
   at ThucLuc.Application.Features.DaoTaoHocVien.DaoTaoHocVienService.GetAllAsync(DaoTaoHocVienQuery query, CancellationToken cancellationToken) in D:\Projects\ThucLuc_V2\.sources\backend\src\Application\Features\DaoTaoHocVien\DaoTaoHocVienService.cs:line 60
   at ThucLuc.Api.Controllers.V1.DaoTaoHocVienController.GetAll(DaoTaoHocVienQuery query, CancellationToken cancellationToken) in D:\Projects\ThucLuc_V2\.sources\backend\src\api\Controllers\V1\DaoTaoHocVienController.cs:line 28
   at lambda_method2083(Closure, Object)
   at Microsoft.AspNetCore.Mvc.Infrastructure.ActionMethodExecutor.AwaitableObjectResultExecutor.Execute(ActionContext actionContext, IActionResultTypeMapper mapper, ObjectMethodExecutor executor, Object controller, Object[] arguments)
   at Microsoft.AspNetCore.Mvc.Infrastructure.ControllerActionInvoker.<InvokeActionMethodAsync>g__Awaited|12_0(ControllerActionInvoker invoker, ValueTask`1 actionResultValueTask)
   at Microsoft.AspNetCore.Mvc.Infrastructure.ControllerActionInvoker.<InvokeNextActionFilterAsync>g__Awaited|10_0(ControllerActionInvoker invoker, Task lastTask, State next, Scope scope, Object state, Boolean isCompleted)
   at Microsoft.AspNetCore.Mvc.Infrastructure.ControllerActionInvoker.Rethrow(ActionExecutedContextSealed context)
   at Microsoft.AspNetCore.Mvc.Infrastructure.ControllerActionInvoker.Next(State& next, Scope& scope, Object& state, Boolean& isCompleted)
   at Microsoft.AspNetCore.Mvc.Infrastructure.ControllerActionInvoker.<InvokeInnerFilterAsync>g__Awaited|13_0(ControllerActionInvoker invoker, Task lastTask, State next, Scope scope, Object state, Boolean isCompleted)
   at Microsoft.AspNetCore.Mvc.Infrastructure.ResourceInvoker.<InvokeFilterPipelineAsync>g__Awaited|20_0(ResourceInvoker invoker, Task lastTask, State next, Scope scope, Object state, Boolean isCompleted)
   at Microsoft.AspNetCore.Mvc.Infrastructure.ResourceInvoker.<InvokeAsync>g__Logged|17_1(ResourceInvoker invoker)
   at Microsoft.AspNetCore.Mvc.Infrastructure.ResourceInvoker.<InvokeAsync>g__Logged|17_1(ResourceInvoker invoker)
   at Microsoft.AspNetCore.Routing.EndpointMiddleware.<Invoke>g__AwaitRequestTask|7_0(Endpoint endpoint, Task requestTask, ILogger logger)
   at Microsoft.AspNetCore.Authorization.AuthorizationMiddleware.Invoke(HttpContext context)
   at Microsoft.AspNetCore.Authentication.AuthenticationMiddleware.Invoke(HttpContext context)
   at Swashbuckle.AspNetCore.SwaggerUI.SwaggerUIMiddleware.Invoke(HttpContext httpContext)
   at Swashbuckle.AspNetCore.Swagger.SwaggerMiddleware.Invoke(HttpContext httpContext, ISwaggerProvider swaggerProvider)
   at ThucLuc.Api.Common.Middleware.GlobalExceptionMiddleware.InvokeAsync(HttpContext context) in D:\Projects\ThucLuc_V2\.sources\backend\src\api\Common\Middleware\GlobalExceptionMiddleware.cs:line 23
2026-04-22 14:13:24.967 +07:00 [INF] HTTP GET /api/v1/dao-tao-hoc-vien => 500 in 21.7791 ms CorrelationId=20804ca59fbe44db85f4baff6b2a1369 UserId=5001
2026-04-22 14:13:24.968 +07:00 [ERR] HTTP GET /api/v1/dao-tao-hoc-vien responded 500 in 23.4297 ms
2026-04-22 14:13:24.970 +07:00 [INF] Request finished HTTP/1.1 GET http://localhost:5283/api/v1/dao-tao-hoc-vien - 500 null application/json 26.6499ms
2026-04-22 14:13:25.054 +07:00 [INF] Request starting HTTP/1.1 GET http://localhost:5283/api/v1/don-vi/2001 - null null
2026-04-22 14:13:25.057 +07:00 [INF] CORS policy execution successful.
2026-04-22 14:13:25.057 +07:00 [INF] Request starting HTTP/1.1 GET http://localhost:5283/api/v1/codes/by-code/NOI_DUNG_DAO_TAO_HV - null null
2026-04-22 14:13:25.058 +07:00 [INF] Executing endpoint 'ThucLuc.Api.Controllers.V1.DonViController.GetById (ThucLuc.Api)'
2026-04-22 14:13:25.059 +07:00 [INF] CORS policy execution successful.
2026-04-22 14:13:25.060 +07:00 [INF] Route matched with {action = "GetById", controller = "DonVi"}. Executing controller action with signature System.Threading.Tasks.Task`1[Microsoft.AspNetCore.Mvc.ActionResult`1[ThucLuc.Api.Common.Models.ApiResponse`1[ThucLuc.Application.Features.DonVi.DonViDto]]] GetById(Int64, System.Threading.CancellationToken) on controller ThucLuc.Api.Controllers.V1.DonViController (ThucLuc.Api).
2026-04-22 14:13:25.061 +07:00 [INF] Executing endpoint 'ThucLuc.Api.Controllers.V1.CodesController.GetByCode (ThucLuc.Api)'
2026-04-22 14:13:25.063 +07:00 [INF] Route matched with {action = "GetByCode", controller = "Codes"}. Executing controller action with signature System.Threading.Tasks.Task`1[Microsoft.AspNetCore.Mvc.ActionResult`1[ThucLuc.Api.Common.Models.ApiResponse`1[ThucLuc.Application.Features.Codes.CodeDto]]] GetByCode(System.String, System.Threading.CancellationToken) on controller ThucLuc.Api.Controllers.V1.CodesController (ThucLuc.Api).
2026-04-22 14:13:25.064 +07:00 [INF] Executing OkObjectResult, writing value of type 'ThucLuc.Api.Common.Models.ApiResponse`1[[ThucLuc.Application.Features.DonVi.DonViDto, ThucLuc.Application, Version=1.0.0.0, Culture=neutral, PublicKeyToken=null]]'.
2026-04-22 14:13:25.066 +07:00 [INF] Executed action ThucLuc.Api.Controllers.V1.DonViController.GetById (ThucLuc.Api) in 3.8029ms
2026-04-22 14:13:25.066 +07:00 [INF] Executing OkObjectResult, writing value of type 'ThucLuc.Api.Common.Models.ApiResponse`1[[ThucLuc.Application.Features.Codes.CodeDto, ThucLuc.Application, Version=1.0.0.0, Culture=neutral, PublicKeyToken=null]]'.
2026-04-22 14:13:25.067 +07:00 [INF] Executed endpoint 'ThucLuc.Api.Controllers.V1.DonViController.GetById (ThucLuc.Api)'
2026-04-22 14:13:25.068 +07:00 [INF] Executed action ThucLuc.Api.Controllers.V1.CodesController.GetByCode (ThucLuc.Api) in 2.9643ms
2026-04-22 14:13:25.069 +07:00 [INF] HTTP GET /api/v1/don-vi/2001 => 200 in 11.6933 ms CorrelationId=36557b5eb01e46e385af98f0bf71280f UserId=5001
2026-04-22 14:13:25.070 +07:00 [INF] Executed endpoint 'ThucLuc.Api.Controllers.V1.CodesController.GetByCode (ThucLuc.Api)'
2026-04-22 14:13:25.072 +07:00 [INF] HTTP GET /api/v1/don-vi/2001 responded 200 in 14.8856 ms
2026-04-22 14:13:25.072 +07:00 [INF] HTTP GET /api/v1/codes/by-code/NOI_DUNG_DAO_TAO_HV => 200 in 13.4904 ms CorrelationId=3be52865dfe74566a2b47f2b1657393c UserId=5001
2026-04-22 14:13:25.074 +07:00 [INF] Request finished HTTP/1.1 GET http://localhost:5283/api/v1/don-vi/2001 - 200 null application/json; charset=utf-8 19.2689ms
2026-04-22 14:13:25.075 +07:00 [INF] HTTP GET /api/v1/codes/by-code/NOI_DUNG_DAO_TAO_HV responded 200 in 16.0283 ms
2026-04-22 14:13:25.078 +07:00 [INF] Request finished HTTP/1.1 GET http://localhost:5283/api/v1/codes/by-code/NOI_DUNG_DAO_TAO_HV - 200 null application/json; charset=utf-8 21.1959ms
2026-04-22 14:13:25.089 +07:00 [INF] Request starting HTTP/1.1 GET http://localhost:5283/api/v1/ky-bao-cao - null null
2026-04-22 14:13:25.089 +07:00 [INF] Request starting HTTP/1.1 GET http://localhost:5283/api/v1/ky-bao-cao/current - null null
2026-04-22 14:13:25.091 +07:00 [INF] CORS policy execution successful.
2026-04-22 14:13:25.092 +07:00 [INF] CORS policy execution successful.
2026-04-22 14:13:25.093 +07:00 [INF] Executing endpoint 'ThucLuc.Api.Controllers.V1.KyBaoCaoController.GetAll (ThucLuc.Api)'
2026-04-22 14:13:25.093 +07:00 [INF] Executing endpoint 'ThucLuc.Api.Controllers.V1.KyBaoCaoController.GetCurrent (ThucLuc.Api)'
2026-04-22 14:13:25.094 +07:00 [INF] Route matched with {action = "GetAll", controller = "KyBaoCao"}. Executing controller action with signature System.Threading.Tasks.Task`1[Microsoft.AspNetCore.Mvc.ActionResult`1[ThucLuc.Api.Common.Models.ApiResponse`1[System.Collections.Generic.IReadOnlyCollection`1[ThucLuc.Application.Features.KyBaoCao.KyBaoCaoDto]]]] GetAll(System.Threading.CancellationToken) on controller ThucLuc.Api.Controllers.V1.KyBaoCaoController (ThucLuc.Api).
2026-04-22 14:13:25.095 +07:00 [INF] Route matched with {action = "GetCurrent", controller = "KyBaoCao"}. Executing controller action with signature System.Threading.Tasks.Task`1[Microsoft.AspNetCore.Mvc.ActionResult`1[ThucLuc.Api.Common.Models.ApiResponse`1[ThucLuc.Application.Features.KyBaoCao.KyBaoCaoDto]]] GetCurrent(System.Threading.CancellationToken) on controller ThucLuc.Api.Controllers.V1.KyBaoCaoController (ThucLuc.Api).
2026-04-22 14:13:25.098 +07:00 [INF] Executing OkObjectResult, writing value of type 'ThucLuc.Api.Common.Models.ApiResponse`1[[System.Collections.Generic.IReadOnlyCollection`1[[ThucLuc.Application.Features.KyBaoCao.KyBaoCaoDto, ThucLuc.Application, Version=1.0.0.0, Culture=neutral, PublicKeyToken=null]], System.Private.CoreLib, Version=8.0.0.0, Culture=neutral, PublicKeyToken=7cec85d7bea7798e]]'.
2026-04-22 14:13:25.100 +07:00 [INF] Executed action ThucLuc.Api.Controllers.V1.KyBaoCaoController.GetAll (ThucLuc.Api) in 2.9783ms
2026-04-22 14:13:25.100 +07:00 [INF] Executing OkObjectResult, writing value of type 'ThucLuc.Api.Common.Models.ApiResponse`1[[ThucLuc.Application.Features.KyBaoCao.KyBaoCaoDto, ThucLuc.Application, Version=1.0.0.0, Culture=neutral, PublicKeyToken=null]]'.
2026-04-22 14:13:25.101 +07:00 [INF] Executed endpoint 'ThucLuc.Api.Controllers.V1.KyBaoCaoController.GetAll (ThucLuc.Api)'
2026-04-22 14:13:25.101 +07:00 [INF] Executed action ThucLuc.Api.Controllers.V1.KyBaoCaoController.GetCurrent (ThucLuc.Api) in 2.608ms
2026-04-22 14:13:25.103 +07:00 [INF] HTTP GET /api/v1/ky-bao-cao => 200 in 11.7607 ms CorrelationId=0725618de380466fa43d4c37d3d8a1cc UserId=5001
2026-04-22 14:13:25.103 +07:00 [INF] Executed endpoint 'ThucLuc.Api.Controllers.V1.KyBaoCaoController.GetCurrent (ThucLuc.Api)'
2026-04-22 14:13:25.105 +07:00 [INF] HTTP GET /api/v1/ky-bao-cao responded 200 in 14.1979 ms
2026-04-22 14:13:25.106 +07:00 [INF] HTTP GET /api/v1/ky-bao-cao/current => 200 in 13.8717 ms CorrelationId=4ae2e01e74184d79ae8a59ad0f6532e3 UserId=5001
2026-04-22 14:13:25.107 +07:00 [INF] Request finished HTTP/1.1 GET http://localhost:5283/api/v1/ky-bao-cao - 200 null application/json; charset=utf-8 18.0169ms
2026-04-22 14:13:25.109 +07:00 [INF] HTTP GET /api/v1/ky-bao-cao/current responded 200 in 17.1680 ms
2026-04-22 14:13:25.112 +07:00 [INF] Request finished HTTP/1.1 GET http://localhost:5283/api/v1/ky-bao-cao/current - 200 null application/json; charset=utf-8 22.6455ms
2026-04-22 14:13:25.114 +07:00 [INF] Request starting HTTP/1.1 GET http://localhost:5283/api/v1/dao-tao-hoc-vien - null null
2026-04-22 14:13:25.116 +07:00 [INF] CORS policy execution successful.
2026-04-22 14:13:25.117 +07:00 [INF] Executing endpoint 'ThucLuc.Api.Controllers.V1.DaoTaoHocVienController.GetAll (ThucLuc.Api)'
2026-04-22 14:13:25.118 +07:00 [INF] Route matched with {action = "GetAll", controller = "DaoTaoHocVien"}. Executing controller action with signature System.Threading.Tasks.Task`1[Microsoft.AspNetCore.Mvc.ActionResult`1[ThucLuc.Api.Common.Models.ApiResponse`1[System.Collections.Generic.IReadOnlyCollection`1[ThucLuc.Application.Features.DaoTaoHocVien.DaoTaoHocVienDto]]]] GetAll(ThucLuc.Application.Features.DaoTaoHocVien.DaoTaoHocVienQuery, System.Threading.CancellationToken) on controller ThucLuc.Api.Controllers.V1.DaoTaoHocVienController (ThucLuc.Api).
2026-04-22 14:13:25.123 +07:00 [ERR] 2026-04-22 14:13:25.123309 ThreadID:56  (ERROR)   OracleRelationalCommand.ExecuteReaderAsync() :  Oracle.ManagedDataAccess.Client.OracleException (0x80004005): ORA-00904: "b"."IS_LATEST": invalid identifier
https://docs.oracle.com/error-help/db/ora-00904/
   at System.Threading.Tasks.ContinuationResultTaskFromResultTask`2.InnerInvoke()
   at System.Threading.ExecutionContext.RunInternal(ExecutionContext executionContext, ContextCallback callback, Object state)
--- End of stack trace from previous location ---
   at System.Threading.ExecutionContext.RunInternal(ExecutionContext executionContext, ContextCallback callback, Object state)
   at System.Threading.Tasks.Task.ExecuteWithThreadLocal(Task& currentTaskSlot, Thread threadPoolThread)
--- End of stack trace from previous location ---
   at Oracle.EntityFrameworkCore.Storage.Internal.OracleRelationalCommandBuilderFactory.OracleRelationalCommandBuilder.OracleRelationalCommand.ExecuteReaderAsync(RelationalCommandParameterObject parameterObject, CancellationToken cancellationToken)
2026-04-22 14:13:25.124 +07:00 [ERR] Failed executing DbCommand (4ms) [Parameters=[], CommandType='"Text"', CommandTimeout='0']
SELECT "b"."ID", "b"."CREATED_AT", "b"."CREATED_BY", "b"."DELETED_AT", "b"."DON_VI_ID", "b"."GHI_CHU", "b"."IS_LATEST", "b"."KY_BAO_CAO_CODE", "b"."NAM", "b"."NOI_DUNG_DAO_TAO", "b"."SNAPSHOT_BATCH_ID", "b"."SNAPSHOT_CREATED_AT", "b"."SNAPSHOT_VERSION", "b"."SO_CAO_DANG", "b"."SO_DAI_HOC", "b"."SO_THAC_SI", "b"."SO_TIEN_SI", "b"."SO_TRUNG_CAP", "b"."UPDATED_AT", "b"."UPDATED_BY"
FROM "CAND_QLCNTT"."BIZ_DAO_TAO_HOC_VIEN" "b"
WHERE (("b"."DELETED_AT" IS NULL) AND ("b"."IS_LATEST" = 1))
ORDER BY "b"."UPDATED_AT" DESC, "b"."CREATED_AT" DESC, "b"."ID" DESC
2026-04-22 14:13:25.126 +07:00 [ERR] 2026-04-22 14:13:25.126233 ThreadID:56  (ERROR)   OracleExecutionStrategy.ExecuteAsync() :  Oracle.ManagedDataAccess.Client.OracleException (0x80004005): ORA-00904: "b"."IS_LATEST": invalid identifier
https://docs.oracle.com/error-help/db/ora-00904/
   at System.Threading.Tasks.ContinuationResultTaskFromResultTask`2.InnerInvoke()
   at System.Threading.ExecutionContext.RunInternal(ExecutionContext executionContext, ContextCallback callback, Object state)
--- End of stack trace from previous location ---
   at System.Threading.ExecutionContext.RunInternal(ExecutionContext executionContext, ContextCallback callback, Object state)
   at System.Threading.Tasks.Task.ExecuteWithThreadLocal(Task& currentTaskSlot, Thread threadPoolThread)
--- End of stack trace from previous location ---
   at Oracle.EntityFrameworkCore.Storage.Internal.OracleRelationalCommandBuilderFactory.OracleRelationalCommandBuilder.OracleRelationalCommand.ExecuteReaderAsync(RelationalCommandParameterObject parameterObject, CancellationToken cancellationToken)
   at Oracle.EntityFrameworkCore.Storage.Internal.OracleRelationalCommandBuilderFactory.OracleRelationalCommandBuilder.OracleRelationalCommand.ExecuteReaderAsync(RelationalCommandParameterObject parameterObject, CancellationToken cancellationToken)
   at Oracle.EntityFrameworkCore.Storage.Internal.OracleRelationalCommandBuilderFactory.OracleRelationalCommandBuilder.OracleRelationalCommand.ExecuteReaderAsync(RelationalCommandParameterObject parameterObject, CancellationToken cancellationToken)
   at Microsoft.EntityFrameworkCore.Query.Internal.SingleQueryingEnumerable`1.AsyncEnumerator.InitializeReaderAsync(AsyncEnumerator enumerator, CancellationToken cancellationToken)
   at Oracle.EntityFrameworkCore.Storage.Internal.OracleExecutionStrategy.ExecuteAsync[TState,TResult](TState state, Func`4 operation, Func`4 verifySucceeded, CancellationToken cancellationToken)
2026-04-22 14:13:25.127 +07:00 [ERR] An exception occurred while iterating over the results of a query for context type 'ThucLuc.Infrastructure.Persistence.AppDbContext'.
Oracle.ManagedDataAccess.Client.OracleException (0x80004005): ORA-00904: "b"."IS_LATEST": invalid identifier
https://docs.oracle.com/error-help/db/ora-00904/
   at System.Threading.Tasks.ContinuationResultTaskFromResultTask`2.InnerInvoke()
   at System.Threading.ExecutionContext.RunInternal(ExecutionContext executionContext, ContextCallback callback, Object state)
--- End of stack trace from previous location ---
   at System.Threading.ExecutionContext.RunInternal(ExecutionContext executionContext, ContextCallback callback, Object state)
   at System.Threading.Tasks.Task.ExecuteWithThreadLocal(Task& currentTaskSlot, Thread threadPoolThread)
--- End of stack trace from previous location ---
   at Oracle.EntityFrameworkCore.Storage.Internal.OracleRelationalCommandBuilderFactory.OracleRelationalCommandBuilder.OracleRelationalCommand.ExecuteReaderAsync(RelationalCommandParameterObject parameterObject, CancellationToken cancellationToken)
   at Oracle.EntityFrameworkCore.Storage.Internal.OracleRelationalCommandBuilderFactory.OracleRelationalCommandBuilder.OracleRelationalCommand.ExecuteReaderAsync(RelationalCommandParameterObject parameterObject, CancellationToken cancellationToken)
   at Oracle.EntityFrameworkCore.Storage.Internal.OracleRelationalCommandBuilderFactory.OracleRelationalCommandBuilder.OracleRelationalCommand.ExecuteReaderAsync(RelationalCommandParameterObject parameterObject, CancellationToken cancellationToken)
   at Microsoft.EntityFrameworkCore.Query.Internal.SingleQueryingEnumerable`1.AsyncEnumerator.InitializeReaderAsync(AsyncEnumerator enumerator, CancellationToken cancellationToken)
   at Oracle.EntityFrameworkCore.Storage.Internal.OracleExecutionStrategy.ExecuteAsync[TState,TResult](TState state, Func`4 operation, Func`4 verifySucceeded, CancellationToken cancellationToken)
   at Microsoft.EntityFrameworkCore.Query.Internal.SingleQueryingEnumerable`1.AsyncEnumerator.MoveNextAsync()
Oracle.ManagedDataAccess.Client.OracleException (0x80004005): ORA-00904: "b"."IS_LATEST": invalid identifier
https://docs.oracle.com/error-help/db/ora-00904/
   at System.Threading.Tasks.ContinuationResultTaskFromResultTask`2.InnerInvoke()
   at System.Threading.ExecutionContext.RunInternal(ExecutionContext executionContext, ContextCallback callback, Object state)
--- End of stack trace from previous location ---
   at System.Threading.ExecutionContext.RunInternal(ExecutionContext executionContext, ContextCallback callback, Object state)
   at System.Threading.Tasks.Task.ExecuteWithThreadLocal(Task& currentTaskSlot, Thread threadPoolThread)
--- End of stack trace from previous location ---
   at Oracle.EntityFrameworkCore.Storage.Internal.OracleRelationalCommandBuilderFactory.OracleRelationalCommandBuilder.OracleRelationalCommand.ExecuteReaderAsync(RelationalCommandParameterObject parameterObject, CancellationToken cancellationToken)
   at Oracle.EntityFrameworkCore.Storage.Internal.OracleRelationalCommandBuilderFactory.OracleRelationalCommandBuilder.OracleRelationalCommand.ExecuteReaderAsync(RelationalCommandParameterObject parameterObject, CancellationToken cancellationToken)
   at Oracle.EntityFrameworkCore.Storage.Internal.OracleRelationalCommandBuilderFactory.OracleRelationalCommandBuilder.OracleRelationalCommand.ExecuteReaderAsync(RelationalCommandParameterObject parameterObject, CancellationToken cancellationToken)
   at Microsoft.EntityFrameworkCore.Query.Internal.SingleQueryingEnumerable`1.AsyncEnumerator.InitializeReaderAsync(AsyncEnumerator enumerator, CancellationToken cancellationToken)
   at Oracle.EntityFrameworkCore.Storage.Internal.OracleExecutionStrategy.ExecuteAsync[TState,TResult](TState state, Func`4 operation, Func`4 verifySucceeded, CancellationToken cancellationToken)
   at Microsoft.EntityFrameworkCore.Query.Internal.SingleQueryingEnumerable`1.AsyncEnumerator.MoveNextAsync()
2026-04-22 14:13:25.131 +07:00 [INF] Executed action ThucLuc.Api.Controllers.V1.DaoTaoHocVienController.GetAll (ThucLuc.Api) in 11.2704ms
2026-04-22 14:13:25.132 +07:00 [INF] Executed endpoint 'ThucLuc.Api.Controllers.V1.DaoTaoHocVienController.GetAll (ThucLuc.Api)'
2026-04-22 14:13:25.133 +07:00 [ERR] Unhandled exception. CorrelationId=e052d19adf0d4b50a270090d554296c1
Oracle.ManagedDataAccess.Client.OracleException (0x80004005): ORA-00904: "b"."IS_LATEST": invalid identifier
https://docs.oracle.com/error-help/db/ora-00904/
   at System.Threading.Tasks.ContinuationResultTaskFromResultTask`2.InnerInvoke()
   at System.Threading.ExecutionContext.RunInternal(ExecutionContext executionContext, ContextCallback callback, Object state)
--- End of stack trace from previous location ---
   at System.Threading.ExecutionContext.RunInternal(ExecutionContext executionContext, ContextCallback callback, Object state)
   at System.Threading.Tasks.Task.ExecuteWithThreadLocal(Task& currentTaskSlot, Thread threadPoolThread)
--- End of stack trace from previous location ---
   at Oracle.EntityFrameworkCore.Storage.Internal.OracleRelationalCommandBuilderFactory.OracleRelationalCommandBuilder.OracleRelationalCommand.ExecuteReaderAsync(RelationalCommandParameterObject parameterObject, CancellationToken cancellationToken)
   at Oracle.EntityFrameworkCore.Storage.Internal.OracleRelationalCommandBuilderFactory.OracleRelationalCommandBuilder.OracleRelationalCommand.ExecuteReaderAsync(RelationalCommandParameterObject parameterObject, CancellationToken cancellationToken)
   at Oracle.EntityFrameworkCore.Storage.Internal.OracleRelationalCommandBuilderFactory.OracleRelationalCommandBuilder.OracleRelationalCommand.ExecuteReaderAsync(RelationalCommandParameterObject parameterObject, CancellationToken cancellationToken)
   at Microsoft.EntityFrameworkCore.Query.Internal.SingleQueryingEnumerable`1.AsyncEnumerator.InitializeReaderAsync(AsyncEnumerator enumerator, CancellationToken cancellationToken)
   at Oracle.EntityFrameworkCore.Storage.Internal.OracleExecutionStrategy.ExecuteAsync[TState,TResult](TState state, Func`4 operation, Func`4 verifySucceeded, CancellationToken cancellationToken)
   at Microsoft.EntityFrameworkCore.Query.Internal.SingleQueryingEnumerable`1.AsyncEnumerator.MoveNextAsync()
   at Microsoft.EntityFrameworkCore.EntityFrameworkQueryableExtensions.ToListAsync[TSource](IQueryable`1 source, CancellationToken cancellationToken)
   at Microsoft.EntityFrameworkCore.EntityFrameworkQueryableExtensions.ToListAsync[TSource](IQueryable`1 source, CancellationToken cancellationToken)
   at ThucLuc.Application.Features.DaoTaoHocVien.DaoTaoHocVienService.GetAllAsync(DaoTaoHocVienQuery query, CancellationToken cancellationToken) in D:\Projects\ThucLuc_V2\.sources\backend\src\Application\Features\DaoTaoHocVien\DaoTaoHocVienService.cs:line 60
   at ThucLuc.Api.Controllers.V1.DaoTaoHocVienController.GetAll(DaoTaoHocVienQuery query, CancellationToken cancellationToken) in D:\Projects\ThucLuc_V2\.sources\backend\src\api\Controllers\V1\DaoTaoHocVienController.cs:line 28
   at lambda_method2083(Closure, Object)
   at Microsoft.AspNetCore.Mvc.Infrastructure.ActionMethodExecutor.AwaitableObjectResultExecutor.Execute(ActionContext actionContext, IActionResultTypeMapper mapper, ObjectMethodExecutor executor, Object controller, Object[] arguments)
   at Microsoft.AspNetCore.Mvc.Infrastructure.ControllerActionInvoker.<InvokeActionMethodAsync>g__Awaited|12_0(ControllerActionInvoker invoker, ValueTask`1 actionResultValueTask)
   at Microsoft.AspNetCore.Mvc.Infrastructure.ControllerActionInvoker.<InvokeNextActionFilterAsync>g__Awaited|10_0(ControllerActionInvoker invoker, Task lastTask, State next, Scope scope, Object state, Boolean isCompleted)
   at Microsoft.AspNetCore.Mvc.Infrastructure.ControllerActionInvoker.Rethrow(ActionExecutedContextSealed context)
   at Microsoft.AspNetCore.Mvc.Infrastructure.ControllerActionInvoker.Next(State& next, Scope& scope, Object& state, Boolean& isCompleted)
   at Microsoft.AspNetCore.Mvc.Infrastructure.ControllerActionInvoker.<InvokeInnerFilterAsync>g__Awaited|13_0(ControllerActionInvoker invoker, Task lastTask, State next, Scope scope, Object state, Boolean isCompleted)
   at Microsoft.AspNetCore.Mvc.Infrastructure.ResourceInvoker.<InvokeFilterPipelineAsync>g__Awaited|20_0(ResourceInvoker invoker, Task lastTask, State next, Scope scope, Object state, Boolean isCompleted)
   at Microsoft.AspNetCore.Mvc.Infrastructure.ResourceInvoker.<InvokeAsync>g__Logged|17_1(ResourceInvoker invoker)
   at Microsoft.AspNetCore.Mvc.Infrastructure.ResourceInvoker.<InvokeAsync>g__Logged|17_1(ResourceInvoker invoker)
   at Microsoft.AspNetCore.Routing.EndpointMiddleware.<Invoke>g__AwaitRequestTask|7_0(Endpoint endpoint, Task requestTask, ILogger logger)
   at Microsoft.AspNetCore.Authorization.AuthorizationMiddleware.Invoke(HttpContext context)
   at Microsoft.AspNetCore.Authentication.AuthenticationMiddleware.Invoke(HttpContext context)
   at Swashbuckle.AspNetCore.SwaggerUI.SwaggerUIMiddleware.Invoke(HttpContext httpContext)
   at Swashbuckle.AspNetCore.Swagger.SwaggerMiddleware.Invoke(HttpContext httpContext, ISwaggerProvider swaggerProvider)
   at ThucLuc.Api.Common.Middleware.GlobalExceptionMiddleware.InvokeAsync(HttpContext context) in D:\Projects\ThucLuc_V2\.sources\backend\src\api\Common\Middleware\GlobalExceptionMiddleware.cs:line 23
2026-04-22 14:13:25.141 +07:00 [INF] HTTP GET /api/v1/dao-tao-hoc-vien => 500 in 25.1074 ms CorrelationId=e052d19adf0d4b50a270090d554296c1 UserId=5001
2026-04-22 14:13:25.143 +07:00 [ERR] HTTP GET /api/v1/dao-tao-hoc-vien responded 500 in 26.5797 ms
2026-04-22 14:13:25.144 +07:00 [INF] Request finished HTTP/1.1 GET http://localhost:5283/api/v1/dao-tao-hoc-vien - 500 null application/json 29.2398ms
2026-04-22 14:13:26.730 +07:00 [INF] Request starting HTTP/1.1 OPTIONS http://localhost:5283/api/v1/codes/by-code/NHOM_NANG_LUC_SO - null null
2026-04-22 14:13:26.733 +07:00 [INF] CORS policy execution successful.
2026-04-22 14:13:26.735 +07:00 [INF] HTTP OPTIONS /api/v1/codes/by-code/NHOM_NANG_LUC_SO => 204 in 1.2101 ms CorrelationId=8aed4e702c8e4900ab793c6dfd9ad745 UserId=anonymous
2026-04-22 14:13:26.738 +07:00 [INF] HTTP OPTIONS /api/v1/codes/by-code/NHOM_NANG_LUC_SO responded 204 in 4.5646 ms
2026-04-22 14:13:26.741 +07:00 [INF] Request finished HTTP/1.1 OPTIONS http://localhost:5283/api/v1/codes/by-code/NHOM_NANG_LUC_SO - 204 null null 11.0874ms
2026-04-22 14:13:26.745 +07:00 [INF] Request starting HTTP/1.1 GET http://localhost:5283/api/v1/codes/by-code/NHOM_NANG_LUC_SO - null null
2026-04-22 14:13:26.748 +07:00 [INF] CORS policy execution successful.
2026-04-22 14:13:26.749 +07:00 [INF] Executing endpoint 'ThucLuc.Api.Controllers.V1.CodesController.GetByCode (ThucLuc.Api)'
2026-04-22 14:13:26.751 +07:00 [INF] Route matched with {action = "GetByCode", controller = "Codes"}. Executing controller action with signature System.Threading.Tasks.Task`1[Microsoft.AspNetCore.Mvc.ActionResult`1[ThucLuc.Api.Common.Models.ApiResponse`1[ThucLuc.Application.Features.Codes.CodeDto]]] GetByCode(System.String, System.Threading.CancellationToken) on controller ThucLuc.Api.Controllers.V1.CodesController (ThucLuc.Api).
2026-04-22 14:13:26.756 +07:00 [INF] Executing OkObjectResult, writing value of type 'ThucLuc.Api.Common.Models.ApiResponse`1[[ThucLuc.Application.Features.Codes.CodeDto, ThucLuc.Application, Version=1.0.0.0, Culture=neutral, PublicKeyToken=null]]'.
2026-04-22 14:13:26.757 +07:00 [INF] Executed action ThucLuc.Api.Controllers.V1.CodesController.GetByCode (ThucLuc.Api) in 3.2237ms
2026-04-22 14:13:26.759 +07:00 [INF] Executed endpoint 'ThucLuc.Api.Controllers.V1.CodesController.GetByCode (ThucLuc.Api)'
2026-04-22 14:13:26.761 +07:00 [INF] HTTP GET /api/v1/codes/by-code/NHOM_NANG_LUC_SO => 200 in 12.7462 ms CorrelationId=50025f9c42ac40efbbccb6cce6ce235c UserId=5001
2026-04-22 14:13:26.765 +07:00 [INF] HTTP GET /api/v1/codes/by-code/NHOM_NANG_LUC_SO responded 200 in 16.2881 ms
2026-04-22 14:13:26.768 +07:00 [INF] Request finished HTTP/1.1 GET http://localhost:5283/api/v1/codes/by-code/NHOM_NANG_LUC_SO - 200 null application/json; charset=utf-8 22.8238ms
2026-04-22 14:13:26.770 +07:00 [INF] Request starting HTTP/1.1 GET http://localhost:5283/api/v1/ky-bao-cao - null null
2026-04-22 14:13:26.771 +07:00 [INF] Request starting HTTP/1.1 GET http://localhost:5283/api/v1/ky-bao-cao/current - null null
2026-04-22 14:13:26.775 +07:00 [INF] CORS policy execution successful.
2026-04-22 14:13:26.778 +07:00 [INF] CORS policy execution successful.
2026-04-22 14:13:26.778 +07:00 [INF] Executing endpoint 'ThucLuc.Api.Controllers.V1.KyBaoCaoController.GetAll (ThucLuc.Api)'
2026-04-22 14:13:26.779 +07:00 [INF] Executing endpoint 'ThucLuc.Api.Controllers.V1.KyBaoCaoController.GetCurrent (ThucLuc.Api)'
2026-04-22 14:13:26.780 +07:00 [INF] Route matched with {action = "GetAll", controller = "KyBaoCao"}. Executing controller action with signature System.Threading.Tasks.Task`1[Microsoft.AspNetCore.Mvc.ActionResult`1[ThucLuc.Api.Common.Models.ApiResponse`1[System.Collections.Generic.IReadOnlyCollection`1[ThucLuc.Application.Features.KyBaoCao.KyBaoCaoDto]]]] GetAll(System.Threading.CancellationToken) on controller ThucLuc.Api.Controllers.V1.KyBaoCaoController (ThucLuc.Api).
2026-04-22 14:13:26.781 +07:00 [INF] Route matched with {action = "GetCurrent", controller = "KyBaoCao"}. Executing controller action with signature System.Threading.Tasks.Task`1[Microsoft.AspNetCore.Mvc.ActionResult`1[ThucLuc.Api.Common.Models.ApiResponse`1[ThucLuc.Application.Features.KyBaoCao.KyBaoCaoDto]]] GetCurrent(System.Threading.CancellationToken) on controller ThucLuc.Api.Controllers.V1.KyBaoCaoController (ThucLuc.Api).
2026-04-22 14:13:26.784 +07:00 [INF] Executing OkObjectResult, writing value of type 'ThucLuc.Api.Common.Models.ApiResponse`1[[System.Collections.Generic.IReadOnlyCollection`1[[ThucLuc.Application.Features.KyBaoCao.KyBaoCaoDto, ThucLuc.Application, Version=1.0.0.0, Culture=neutral, PublicKeyToken=null]], System.Private.CoreLib, Version=8.0.0.0, Culture=neutral, PublicKeyToken=7cec85d7bea7798e]]'.
2026-04-22 14:13:26.785 +07:00 [INF] Executing OkObjectResult, writing value of type 'ThucLuc.Api.Common.Models.ApiResponse`1[[ThucLuc.Application.Features.KyBaoCao.KyBaoCaoDto, ThucLuc.Application, Version=1.0.0.0, Culture=neutral, PublicKeyToken=null]]'.
2026-04-22 14:13:26.785 +07:00 [INF] Executed action ThucLuc.Api.Controllers.V1.KyBaoCaoController.GetAll (ThucLuc.Api) in 2.8385ms
2026-04-22 14:13:26.787 +07:00 [INF] Executed action ThucLuc.Api.Controllers.V1.KyBaoCaoController.GetCurrent (ThucLuc.Api) in 2.6691ms
2026-04-22 14:13:26.788 +07:00 [INF] Executed endpoint 'ThucLuc.Api.Controllers.V1.KyBaoCaoController.GetAll (ThucLuc.Api)'
2026-04-22 14:13:26.789 +07:00 [INF] Executed endpoint 'ThucLuc.Api.Controllers.V1.KyBaoCaoController.GetCurrent (ThucLuc.Api)'
2026-04-22 14:13:26.790 +07:00 [INF] HTTP GET /api/v1/ky-bao-cao => 200 in 14.6224 ms CorrelationId=108ff5e26f634624ae8a08c0a64e2d23 UserId=5001
2026-04-22 14:13:26.790 +07:00 [INF] HTTP GET /api/v1/ky-bao-cao/current => 200 in 12.8279 ms CorrelationId=1bdecd31e3fa49b8b0351f73b28734ad UserId=5001
2026-04-22 14:13:26.792 +07:00 [INF] HTTP GET /api/v1/ky-bao-cao responded 200 in 17.1754 ms
2026-04-22 14:13:26.794 +07:00 [INF] HTTP GET /api/v1/ky-bao-cao/current responded 200 in 16.1464 ms
2026-04-22 14:13:26.795 +07:00 [INF] Request finished HTTP/1.1 GET http://localhost:5283/api/v1/ky-bao-cao - 200 null application/json; charset=utf-8 25.3578ms
2026-04-22 14:13:26.797 +07:00 [INF] Request finished HTTP/1.1 GET http://localhost:5283/api/v1/ky-bao-cao/current - 200 null application/json; charset=utf-8 25.3913ms
2026-04-22 14:13:26.801 +07:00 [INF] Request starting HTTP/1.1 OPTIONS http://localhost:5283/api/v1/nang-luc-so?kyCode=2026Q1_NHAN_LUC&kyBaoCaoCode=2026Q1_NHAN_LUC&mode=live&nam=2026 - null null
2026-04-22 14:13:26.803 +07:00 [INF] CORS policy execution successful.
2026-04-22 14:13:26.804 +07:00 [INF] HTTP OPTIONS /api/v1/nang-luc-so => 204 in 0.6032 ms CorrelationId=e03ba7f196f64d63b89ed6e69d50ca28 UserId=anonymous
2026-04-22 14:13:26.805 +07:00 [INF] HTTP OPTIONS /api/v1/nang-luc-so responded 204 in 1.9725 ms
2026-04-22 14:13:26.806 +07:00 [INF] Request finished HTTP/1.1 OPTIONS http://localhost:5283/api/v1/nang-luc-so?kyCode=2026Q1_NHAN_LUC&kyBaoCaoCode=2026Q1_NHAN_LUC&mode=live&nam=2026 - 204 null null 4.452ms
2026-04-22 14:13:26.808 +07:00 [INF] Request starting HTTP/1.1 GET http://localhost:5283/api/v1/nang-luc-so?kyCode=2026Q1_NHAN_LUC&kyBaoCaoCode=2026Q1_NHAN_LUC&mode=live&nam=2026 - null null
2026-04-22 14:13:26.810 +07:00 [INF] CORS policy execution successful.
2026-04-22 14:13:26.811 +07:00 [INF] Executing endpoint 'ThucLuc.Api.Controllers.V1.NangLucSoController.GetAll (ThucLuc.Api)'
2026-04-22 14:13:26.812 +07:00 [INF] Route matched with {action = "GetAll", controller = "NangLucSo"}. Executing controller action with signature System.Threading.Tasks.Task`1[Microsoft.AspNetCore.Mvc.ActionResult`1[ThucLuc.Api.Common.Models.ApiResponse`1[System.Collections.Generic.IReadOnlyCollection`1[ThucLuc.Application.Features.NangLucSo.NangLucSoDto]]]] GetAll(ThucLuc.Application.Features.NangLucSo.NangLucSoQuery, System.Threading.CancellationToken) on controller ThucLuc.Api.Controllers.V1.NangLucSoController (ThucLuc.Api).
2026-04-22 14:13:26.816 +07:00 [ERR] 2026-04-22 14:13:26.816714 ThreadID:55  (ERROR)   OracleRelationalCommand.ExecuteReaderAsync() :  Oracle.ManagedDataAccess.Client.OracleException (0x80004005): ORA-00904: "b"."KY_BAO_CAO_CODE": invalid identifier
https://docs.oracle.com/error-help/db/ora-00904/
   at System.Threading.Tasks.ContinuationResultTaskFromResultTask`2.InnerInvoke()
   at System.Threading.ExecutionContext.RunInternal(ExecutionContext executionContext, ContextCallback callback, Object state)
--- End of stack trace from previous location ---
   at System.Threading.ExecutionContext.RunInternal(ExecutionContext executionContext, ContextCallback callback, Object state)
   at System.Threading.Tasks.Task.ExecuteWithThreadLocal(Task& currentTaskSlot, Thread threadPoolThread)
--- End of stack trace from previous location ---
   at Oracle.EntityFrameworkCore.Storage.Internal.OracleRelationalCommandBuilderFactory.OracleRelationalCommandBuilder.OracleRelationalCommand.ExecuteReaderAsync(RelationalCommandParameterObject parameterObject, CancellationToken cancellationToken)
2026-04-22 14:13:26.817 +07:00 [ERR] Failed executing DbCommand (3ms) [Parameters=[:filter_KyBaoCaoCode_0='?' (Size = 50)], CommandType='"Text"', CommandTimeout='0']
SELECT "b"."ID", "b"."CREATED_AT", "b"."CREATED_BY", "b"."DELETED_AT", "b"."DON_VI_ID", "b"."GHI_CHU", "b"."IS_LATEST", "b"."KY_BAO_CAO_CODE", "b"."NHOM_VI_TRI", "b"."SNAPSHOT_BATCH_ID", "b"."SNAPSHOT_CREATED_AT", "b"."SNAPSHOT_VERSION", "b"."TONG_SO_CHUA_DAT", "b"."TONG_SO_DAT", "b"."TONG_SO_DIEN_DANH_GIA", "b"."UPDATED_AT", "b"."UPDATED_BY"
FROM "CAND_QLCNTT"."BIZ_NANG_LUC_SO" "b"
WHERE (("b"."DELETED_AT" IS NULL) AND ("b"."KY_BAO_CAO_CODE" = :filter_KyBaoCaoCode_0))
ORDER BY "b"."NHOM_VI_TRI", "b"."UPDATED_AT" DESC, "b"."CREATED_AT" DESC, "b"."ID" DESC
2026-04-22 14:13:26.819 +07:00 [ERR] 2026-04-22 14:13:26.819190 ThreadID:55  (ERROR)   OracleExecutionStrategy.ExecuteAsync() :  Oracle.ManagedDataAccess.Client.OracleException (0x80004005): ORA-00904: "b"."KY_BAO_CAO_CODE": invalid identifier
https://docs.oracle.com/error-help/db/ora-00904/
   at System.Threading.Tasks.ContinuationResultTaskFromResultTask`2.InnerInvoke()
   at System.Threading.ExecutionContext.RunInternal(ExecutionContext executionContext, ContextCallback callback, Object state)
--- End of stack trace from previous location ---
   at System.Threading.ExecutionContext.RunInternal(ExecutionContext executionContext, ContextCallback callback, Object state)
   at System.Threading.Tasks.Task.ExecuteWithThreadLocal(Task& currentTaskSlot, Thread threadPoolThread)
--- End of stack trace from previous location ---
   at Oracle.EntityFrameworkCore.Storage.Internal.OracleRelationalCommandBuilderFactory.OracleRelationalCommandBuilder.OracleRelationalCommand.ExecuteReaderAsync(RelationalCommandParameterObject parameterObject, CancellationToken cancellationToken)
   at Oracle.EntityFrameworkCore.Storage.Internal.OracleRelationalCommandBuilderFactory.OracleRelationalCommandBuilder.OracleRelationalCommand.ExecuteReaderAsync(RelationalCommandParameterObject parameterObject, CancellationToken cancellationToken)
   at Oracle.EntityFrameworkCore.Storage.Internal.OracleRelationalCommandBuilderFactory.OracleRelationalCommandBuilder.OracleRelationalCommand.ExecuteReaderAsync(RelationalCommandParameterObject parameterObject, CancellationToken cancellationToken)
   at Microsoft.EntityFrameworkCore.Query.Internal.SingleQueryingEnumerable`1.AsyncEnumerator.InitializeReaderAsync(AsyncEnumerator enumerator, CancellationToken cancellationToken)
   at Oracle.EntityFrameworkCore.Storage.Internal.OracleExecutionStrategy.ExecuteAsync[TState,TResult](TState state, Func`4 operation, Func`4 verifySucceeded, CancellationToken cancellationToken)
2026-04-22 14:13:26.820 +07:00 [ERR] An exception occurred while iterating over the results of a query for context type 'ThucLuc.Infrastructure.Persistence.AppDbContext'.
Oracle.ManagedDataAccess.Client.OracleException (0x80004005): ORA-00904: "b"."KY_BAO_CAO_CODE": invalid identifier
https://docs.oracle.com/error-help/db/ora-00904/
   at System.Threading.Tasks.ContinuationResultTaskFromResultTask`2.InnerInvoke()
   at System.Threading.ExecutionContext.RunInternal(ExecutionContext executionContext, ContextCallback callback, Object state)
--- End of stack trace from previous location ---
   at System.Threading.ExecutionContext.RunInternal(ExecutionContext executionContext, ContextCallback callback, Object state)
   at System.Threading.Tasks.Task.ExecuteWithThreadLocal(Task& currentTaskSlot, Thread threadPoolThread)
--- End of stack trace from previous location ---
   at Oracle.EntityFrameworkCore.Storage.Internal.OracleRelationalCommandBuilderFactory.OracleRelationalCommandBuilder.OracleRelationalCommand.ExecuteReaderAsync(RelationalCommandParameterObject parameterObject, CancellationToken cancellationToken)
   at Oracle.EntityFrameworkCore.Storage.Internal.OracleRelationalCommandBuilderFactory.OracleRelationalCommandBuilder.OracleRelationalCommand.ExecuteReaderAsync(RelationalCommandParameterObject parameterObject, CancellationToken cancellationToken)
   at Oracle.EntityFrameworkCore.Storage.Internal.OracleRelationalCommandBuilderFactory.OracleRelationalCommandBuilder.OracleRelationalCommand.ExecuteReaderAsync(RelationalCommandParameterObject parameterObject, CancellationToken cancellationToken)
   at Microsoft.EntityFrameworkCore.Query.Internal.SingleQueryingEnumerable`1.AsyncEnumerator.InitializeReaderAsync(AsyncEnumerator enumerator, CancellationToken cancellationToken)
   at Oracle.EntityFrameworkCore.Storage.Internal.OracleExecutionStrategy.ExecuteAsync[TState,TResult](TState state, Func`4 operation, Func`4 verifySucceeded, CancellationToken cancellationToken)
   at Microsoft.EntityFrameworkCore.Query.Internal.SingleQueryingEnumerable`1.AsyncEnumerator.MoveNextAsync()
Oracle.ManagedDataAccess.Client.OracleException (0x80004005): ORA-00904: "b"."KY_BAO_CAO_CODE": invalid identifier
https://docs.oracle.com/error-help/db/ora-00904/
   at System.Threading.Tasks.ContinuationResultTaskFromResultTask`2.InnerInvoke()
   at System.Threading.ExecutionContext.RunInternal(ExecutionContext executionContext, ContextCallback callback, Object state)
--- End of stack trace from previous location ---
   at System.Threading.ExecutionContext.RunInternal(ExecutionContext executionContext, ContextCallback callback, Object state)
   at System.Threading.Tasks.Task.ExecuteWithThreadLocal(Task& currentTaskSlot, Thread threadPoolThread)
--- End of stack trace from previous location ---
   at Oracle.EntityFrameworkCore.Storage.Internal.OracleRelationalCommandBuilderFactory.OracleRelationalCommandBuilder.OracleRelationalCommand.ExecuteReaderAsync(RelationalCommandParameterObject parameterObject, CancellationToken cancellationToken)
   at Oracle.EntityFrameworkCore.Storage.Internal.OracleRelationalCommandBuilderFactory.OracleRelationalCommandBuilder.OracleRelationalCommand.ExecuteReaderAsync(RelationalCommandParameterObject parameterObject, CancellationToken cancellationToken)
   at Oracle.EntityFrameworkCore.Storage.Internal.OracleRelationalCommandBuilderFactory.OracleRelationalCommandBuilder.OracleRelationalCommand.ExecuteReaderAsync(RelationalCommandParameterObject parameterObject, CancellationToken cancellationToken)
   at Microsoft.EntityFrameworkCore.Query.Internal.SingleQueryingEnumerable`1.AsyncEnumerator.InitializeReaderAsync(AsyncEnumerator enumerator, CancellationToken cancellationToken)
   at Oracle.EntityFrameworkCore.Storage.Internal.OracleExecutionStrategy.ExecuteAsync[TState,TResult](TState state, Func`4 operation, Func`4 verifySucceeded, CancellationToken cancellationToken)
   at Microsoft.EntityFrameworkCore.Query.Internal.SingleQueryingEnumerable`1.AsyncEnumerator.MoveNextAsync()
2026-04-22 14:13:26.824 +07:00 [INF] Executed action ThucLuc.Api.Controllers.V1.NangLucSoController.GetAll (ThucLuc.Api) in 11.0756ms
2026-04-22 14:13:26.825 +07:00 [INF] Executed endpoint 'ThucLuc.Api.Controllers.V1.NangLucSoController.GetAll (ThucLuc.Api)'
2026-04-22 14:13:26.826 +07:00 [ERR] Unhandled exception. CorrelationId=3b2c930388874d6ba55b71d7cf65e6f7
Oracle.ManagedDataAccess.Client.OracleException (0x80004005): ORA-00904: "b"."KY_BAO_CAO_CODE": invalid identifier
https://docs.oracle.com/error-help/db/ora-00904/
   at System.Threading.Tasks.ContinuationResultTaskFromResultTask`2.InnerInvoke()
   at System.Threading.ExecutionContext.RunInternal(ExecutionContext executionContext, ContextCallback callback, Object state)
--- End of stack trace from previous location ---
   at System.Threading.ExecutionContext.RunInternal(ExecutionContext executionContext, ContextCallback callback, Object state)
   at System.Threading.Tasks.Task.ExecuteWithThreadLocal(Task& currentTaskSlot, Thread threadPoolThread)
--- End of stack trace from previous location ---
   at Oracle.EntityFrameworkCore.Storage.Internal.OracleRelationalCommandBuilderFactory.OracleRelationalCommandBuilder.OracleRelationalCommand.ExecuteReaderAsync(RelationalCommandParameterObject parameterObject, CancellationToken cancellationToken)
   at Oracle.EntityFrameworkCore.Storage.Internal.OracleRelationalCommandBuilderFactory.OracleRelationalCommandBuilder.OracleRelationalCommand.ExecuteReaderAsync(RelationalCommandParameterObject parameterObject, CancellationToken cancellationToken)
   at Oracle.EntityFrameworkCore.Storage.Internal.OracleRelationalCommandBuilderFactory.OracleRelationalCommandBuilder.OracleRelationalCommand.ExecuteReaderAsync(RelationalCommandParameterObject parameterObject, CancellationToken cancellationToken)
   at Microsoft.EntityFrameworkCore.Query.Internal.SingleQueryingEnumerable`1.AsyncEnumerator.InitializeReaderAsync(AsyncEnumerator enumerator, CancellationToken cancellationToken)
   at Oracle.EntityFrameworkCore.Storage.Internal.OracleExecutionStrategy.ExecuteAsync[TState,TResult](TState state, Func`4 operation, Func`4 verifySucceeded, CancellationToken cancellationToken)
   at Microsoft.EntityFrameworkCore.Query.Internal.SingleQueryingEnumerable`1.AsyncEnumerator.MoveNextAsync()
   at Microsoft.EntityFrameworkCore.EntityFrameworkQueryableExtensions.ToListAsync[TSource](IQueryable`1 source, CancellationToken cancellationToken)
   at Microsoft.EntityFrameworkCore.EntityFrameworkQueryableExtensions.ToListAsync[TSource](IQueryable`1 source, CancellationToken cancellationToken)
   at ThucLuc.Application.Features.NangLucSo.NangLucSoService.GetAllAsync(NangLucSoQuery query, CancellationToken cancellationToken) in D:\Projects\ThucLuc_V2\.sources\backend\src\Application\Features\NangLucSo\NangLucSoService.cs:line 56
   at ThucLuc.Api.Controllers.V1.NangLucSoController.GetAll(NangLucSoQuery query, CancellationToken cancellationToken) in D:\Projects\ThucLuc_V2\.sources\backend\src\api\Controllers\V1\NangLucSoController.cs:line 28
   at lambda_method2124(Closure, Object)
   at Microsoft.AspNetCore.Mvc.Infrastructure.ActionMethodExecutor.AwaitableObjectResultExecutor.Execute(ActionContext actionContext, IActionResultTypeMapper mapper, ObjectMethodExecutor executor, Object controller, Object[] arguments)
   at Microsoft.AspNetCore.Mvc.Infrastructure.ControllerActionInvoker.<InvokeActionMethodAsync>g__Awaited|12_0(ControllerActionInvoker invoker, ValueTask`1 actionResultValueTask)
   at Microsoft.AspNetCore.Mvc.Infrastructure.ControllerActionInvoker.<InvokeNextActionFilterAsync>g__Awaited|10_0(ControllerActionInvoker invoker, Task lastTask, State next, Scope scope, Object state, Boolean isCompleted)
   at Microsoft.AspNetCore.Mvc.Infrastructure.ControllerActionInvoker.Rethrow(ActionExecutedContextSealed context)
   at Microsoft.AspNetCore.Mvc.Infrastructure.ControllerActionInvoker.Next(State& next, Scope& scope, Object& state, Boolean& isCompleted)
   at Microsoft.AspNetCore.Mvc.Infrastructure.ControllerActionInvoker.<InvokeInnerFilterAsync>g__Awaited|13_0(ControllerActionInvoker invoker, Task lastTask, State next, Scope scope, Object state, Boolean isCompleted)
   at Microsoft.AspNetCore.Mvc.Infrastructure.ResourceInvoker.<InvokeFilterPipelineAsync>g__Awaited|20_0(ResourceInvoker invoker, Task lastTask, State next, Scope scope, Object state, Boolean isCompleted)
   at Microsoft.AspNetCore.Mvc.Infrastructure.ResourceInvoker.<InvokeAsync>g__Logged|17_1(ResourceInvoker invoker)
   at Microsoft.AspNetCore.Mvc.Infrastructure.ResourceInvoker.<InvokeAsync>g__Logged|17_1(ResourceInvoker invoker)
   at Microsoft.AspNetCore.Routing.EndpointMiddleware.<Invoke>g__AwaitRequestTask|7_0(Endpoint endpoint, Task requestTask, ILogger logger)
   at Microsoft.AspNetCore.Authorization.AuthorizationMiddleware.Invoke(HttpContext context)
   at Microsoft.AspNetCore.Authentication.AuthenticationMiddleware.Invoke(HttpContext context)
   at Swashbuckle.AspNetCore.SwaggerUI.SwaggerUIMiddleware.Invoke(HttpContext httpContext)
   at Swashbuckle.AspNetCore.Swagger.SwaggerMiddleware.Invoke(HttpContext httpContext, ISwaggerProvider swaggerProvider)
   at ThucLuc.Api.Common.Middleware.GlobalExceptionMiddleware.InvokeAsync(HttpContext context) in D:\Projects\ThucLuc_V2\.sources\backend\src\api\Common\Middleware\GlobalExceptionMiddleware.cs:line 23
2026-04-22 14:13:26.831 +07:00 [INF] HTTP GET /api/v1/nang-luc-so => 500 in 21.3458 ms CorrelationId=3b2c930388874d6ba55b71d7cf65e6f7 UserId=5001
2026-04-22 14:13:26.833 +07:00 [ERR] HTTP GET /api/v1/nang-luc-so responded 500 in 22.8759 ms
2026-04-22 14:13:26.834 +07:00 [INF] Request finished HTTP/1.1 GET http://localhost:5283/api/v1/nang-luc-so?kyCode=2026Q1_NHAN_LUC&kyBaoCaoCode=2026Q1_NHAN_LUC&mode=live&nam=2026 - 500 null application/json 26.1296ms
2026-04-22 14:15:11.197 +07:00 [INF] Request starting HTTP/1.1 OPTIONS http://localhost:5283/api/v1/don-vi/2001 - null null
2026-04-22 14:15:11.200 +07:00 [INF] CORS policy execution successful.
2026-04-22 14:15:11.201 +07:00 [INF] HTTP OPTIONS /api/v1/don-vi/2001 => 204 in 0.9699 ms CorrelationId=4decccce0b4f4559a7eeaf9d3c6ad390 UserId=anonymous
2026-04-22 14:15:11.202 +07:00 [INF] Request starting HTTP/1.1 OPTIONS http://localhost:5283/api/v1/codes/by-code/NHOM_NANG_LUC_SO - null null
2026-04-22 14:15:11.203 +07:00 [INF] HTTP OPTIONS /api/v1/don-vi/2001 responded 204 in 3.2430 ms
2026-04-22 14:15:11.206 +07:00 [INF] CORS policy execution successful.
2026-04-22 14:15:11.207 +07:00 [INF] Request finished HTTP/1.1 OPTIONS http://localhost:5283/api/v1/don-vi/2001 - 204 null null 10.1716ms
2026-04-22 14:15:11.208 +07:00 [INF] HTTP OPTIONS /api/v1/codes/by-code/NHOM_NANG_LUC_SO => 204 in 2.5587 ms CorrelationId=c0f8a20b854144498aa56395c2cdafc4 UserId=anonymous
2026-04-22 14:15:11.214 +07:00 [INF] HTTP OPTIONS /api/v1/codes/by-code/NHOM_NANG_LUC_SO responded 204 in 8.6030 ms
2026-04-22 14:15:11.212 +07:00 [INF] Request starting HTTP/1.1 GET http://localhost:5283/api/v1/don-vi/2001 - null null
2026-04-22 14:15:11.217 +07:00 [INF] Request finished HTTP/1.1 OPTIONS http://localhost:5283/api/v1/codes/by-code/NHOM_NANG_LUC_SO - 204 null null 14.5008ms
2026-04-22 14:15:11.219 +07:00 [INF] CORS policy execution successful.
2026-04-22 14:15:11.221 +07:00 [INF] Request starting HTTP/1.1 GET http://localhost:5283/api/v1/codes/by-code/NHOM_NANG_LUC_SO - null null
2026-04-22 14:15:11.222 +07:00 [INF] Executing endpoint 'ThucLuc.Api.Controllers.V1.DonViController.GetById (ThucLuc.Api)'
2026-04-22 14:15:11.223 +07:00 [INF] CORS policy execution successful.
2026-04-22 14:15:11.225 +07:00 [INF] Route matched with {action = "GetById", controller = "DonVi"}. Executing controller action with signature System.Threading.Tasks.Task`1[Microsoft.AspNetCore.Mvc.ActionResult`1[ThucLuc.Api.Common.Models.ApiResponse`1[ThucLuc.Application.Features.DonVi.DonViDto]]] GetById(Int64, System.Threading.CancellationToken) on controller ThucLuc.Api.Controllers.V1.DonViController (ThucLuc.Api).
2026-04-22 14:15:11.225 +07:00 [INF] Executing endpoint 'ThucLuc.Api.Controllers.V1.CodesController.GetByCode (ThucLuc.Api)'
2026-04-22 14:15:11.227 +07:00 [INF] Route matched with {action = "GetByCode", controller = "Codes"}. Executing controller action with signature System.Threading.Tasks.Task`1[Microsoft.AspNetCore.Mvc.ActionResult`1[ThucLuc.Api.Common.Models.ApiResponse`1[ThucLuc.Application.Features.Codes.CodeDto]]] GetByCode(System.String, System.Threading.CancellationToken) on controller ThucLuc.Api.Controllers.V1.CodesController (ThucLuc.Api).
2026-04-22 14:15:11.269 +07:00 [INF] Executing OkObjectResult, writing value of type 'ThucLuc.Api.Common.Models.ApiResponse`1[[ThucLuc.Application.Features.DonVi.DonViDto, ThucLuc.Application, Version=1.0.0.0, Culture=neutral, PublicKeyToken=null]]'.
2026-04-22 14:15:11.271 +07:00 [INF] Executed action ThucLuc.Api.Controllers.V1.DonViController.GetById (ThucLuc.Api) in 45.3666ms
2026-04-22 14:15:11.273 +07:00 [INF] Executed endpoint 'ThucLuc.Api.Controllers.V1.DonViController.GetById (ThucLuc.Api)'
2026-04-22 14:15:11.273 +07:00 [INF] Executing OkObjectResult, writing value of type 'ThucLuc.Api.Common.Models.ApiResponse`1[[ThucLuc.Application.Features.Codes.CodeDto, ThucLuc.Application, Version=1.0.0.0, Culture=neutral, PublicKeyToken=null]]'.
2026-04-22 14:15:11.274 +07:00 [INF] HTTP GET /api/v1/don-vi/2001 => 200 in 55.0418 ms CorrelationId=56ee011d37cc4c6eafe72a59404e97ec UserId=5001
2026-04-22 14:15:11.275 +07:00 [INF] Executed action ThucLuc.Api.Controllers.V1.CodesController.GetByCode (ThucLuc.Api) in 45.7559ms
2026-04-22 14:15:11.279 +07:00 [INF] HTTP GET /api/v1/don-vi/2001 responded 200 in 59.8273 ms
2026-04-22 14:15:11.280 +07:00 [INF] Executed endpoint 'ThucLuc.Api.Controllers.V1.CodesController.GetByCode (ThucLuc.Api)'
2026-04-22 14:15:11.282 +07:00 [INF] Request finished HTTP/1.1 GET http://localhost:5283/api/v1/don-vi/2001 - 200 null application/json; charset=utf-8 70.0549ms
2026-04-22 14:15:11.283 +07:00 [INF] HTTP GET /api/v1/codes/by-code/NHOM_NANG_LUC_SO => 200 in 59.4898 ms CorrelationId=e7a666c710f9432a844ea55d3f687546 UserId=5001
2026-04-22 14:15:11.289 +07:00 [INF] HTTP GET /api/v1/codes/by-code/NHOM_NANG_LUC_SO responded 200 in 65.9225 ms
2026-04-22 14:15:11.292 +07:00 [INF] Request finished HTTP/1.1 GET http://localhost:5283/api/v1/codes/by-code/NHOM_NANG_LUC_SO - 200 null application/json; charset=utf-8 70.7559ms
2026-04-22 14:15:11.294 +07:00 [INF] Request starting HTTP/1.1 OPTIONS http://localhost:5283/api/v1/ky-bao-cao - null null
2026-04-22 14:15:11.295 +07:00 [INF] Request starting HTTP/1.1 OPTIONS http://localhost:5283/api/v1/ky-bao-cao/current - null null
2026-04-22 14:15:11.297 +07:00 [INF] CORS policy execution successful.
2026-04-22 14:15:11.300 +07:00 [INF] CORS policy execution successful.
2026-04-22 14:15:11.301 +07:00 [INF] HTTP OPTIONS /api/v1/ky-bao-cao => 204 in 3.5819 ms CorrelationId=00067b177b2441fa914fd74eb1483df1 UserId=anonymous
2026-04-22 14:15:11.302 +07:00 [INF] HTTP OPTIONS /api/v1/ky-bao-cao/current => 204 in 1.8305 ms CorrelationId=e7548ed7c68e4958873d5a1d95e4b058 UserId=anonymous
2026-04-22 14:15:11.305 +07:00 [INF] HTTP OPTIONS /api/v1/ky-bao-cao responded 204 in 7.2789 ms
2026-04-22 14:15:11.307 +07:00 [INF] HTTP OPTIONS /api/v1/ky-bao-cao/current responded 204 in 7.0480 ms
2026-04-22 14:15:11.309 +07:00 [INF] Request finished HTTP/1.1 OPTIONS http://localhost:5283/api/v1/ky-bao-cao - 204 null null 15.0968ms
2026-04-22 14:15:11.311 +07:00 [INF] Request finished HTTP/1.1 OPTIONS http://localhost:5283/api/v1/ky-bao-cao/current - 204 null null 16.732ms
2026-04-22 14:15:11.316 +07:00 [INF] Request starting HTTP/1.1 GET http://localhost:5283/api/v1/ky-bao-cao - null null
2026-04-22 14:15:11.319 +07:00 [INF] Request starting HTTP/1.1 GET http://localhost:5283/api/v1/ky-bao-cao/current - null null
2026-04-22 14:15:11.322 +07:00 [INF] CORS policy execution successful.
2026-04-22 14:15:11.325 +07:00 [INF] CORS policy execution successful.
2026-04-22 14:15:11.326 +07:00 [INF] Executing endpoint 'ThucLuc.Api.Controllers.V1.KyBaoCaoController.GetAll (ThucLuc.Api)'
2026-04-22 14:15:11.327 +07:00 [INF] Executing endpoint 'ThucLuc.Api.Controllers.V1.KyBaoCaoController.GetCurrent (ThucLuc.Api)'
2026-04-22 14:15:11.328 +07:00 [INF] Route matched with {action = "GetAll", controller = "KyBaoCao"}. Executing controller action with signature System.Threading.Tasks.Task`1[Microsoft.AspNetCore.Mvc.ActionResult`1[ThucLuc.Api.Common.Models.ApiResponse`1[System.Collections.Generic.IReadOnlyCollection`1[ThucLuc.Application.Features.KyBaoCao.KyBaoCaoDto]]]] GetAll(System.Threading.CancellationToken) on controller ThucLuc.Api.Controllers.V1.KyBaoCaoController (ThucLuc.Api).
2026-04-22 14:15:11.329 +07:00 [INF] Route matched with {action = "GetCurrent", controller = "KyBaoCao"}. Executing controller action with signature System.Threading.Tasks.Task`1[Microsoft.AspNetCore.Mvc.ActionResult`1[ThucLuc.Api.Common.Models.ApiResponse`1[ThucLuc.Application.Features.KyBaoCao.KyBaoCaoDto]]] GetCurrent(System.Threading.CancellationToken) on controller ThucLuc.Api.Controllers.V1.KyBaoCaoController (ThucLuc.Api).
2026-04-22 14:15:11.373 +07:00 [INF] Executing OkObjectResult, writing value of type 'ThucLuc.Api.Common.Models.ApiResponse`1[[System.Collections.Generic.IReadOnlyCollection`1[[ThucLuc.Application.Features.KyBaoCao.KyBaoCaoDto, ThucLuc.Application, Version=1.0.0.0, Culture=neutral, PublicKeyToken=null]], System.Private.CoreLib, Version=8.0.0.0, Culture=neutral, PublicKeyToken=7cec85d7bea7798e]]'.
2026-04-22 14:15:11.374 +07:00 [INF] Executed action ThucLuc.Api.Controllers.V1.KyBaoCaoController.GetAll (ThucLuc.Api) in 44.1967ms
2026-04-22 14:15:11.376 +07:00 [INF] Executed endpoint 'ThucLuc.Api.Controllers.V1.KyBaoCaoController.GetAll (ThucLuc.Api)'
2026-04-22 14:15:11.376 +07:00 [INF] HTTP GET /api/v1/ky-bao-cao => 200 in 54.179 ms CorrelationId=b266f6bbb9c84c7a9d391d9b5c81fb69 UserId=5001
2026-04-22 14:15:11.377 +07:00 [INF] Executing OkObjectResult, writing value of type 'ThucLuc.Api.Common.Models.ApiResponse`1[[ThucLuc.Application.Features.KyBaoCao.KyBaoCaoDto, ThucLuc.Application, Version=1.0.0.0, Culture=neutral, PublicKeyToken=null]]'.
2026-04-22 14:15:11.378 +07:00 [INF] HTTP GET /api/v1/ky-bao-cao responded 200 in 55.5208 ms
2026-04-22 14:15:11.378 +07:00 [INF] Executed action ThucLuc.Api.Controllers.V1.KyBaoCaoController.GetCurrent (ThucLuc.Api) in 45.5118ms
2026-04-22 14:15:11.379 +07:00 [INF] Request finished HTTP/1.1 GET http://localhost:5283/api/v1/ky-bao-cao - 200 null application/json; charset=utf-8 63.369ms
2026-04-22 14:15:11.380 +07:00 [INF] Executed endpoint 'ThucLuc.Api.Controllers.V1.KyBaoCaoController.GetCurrent (ThucLuc.Api)'
2026-04-22 14:15:11.385 +07:00 [INF] HTTP GET /api/v1/ky-bao-cao/current => 200 in 59.4173 ms CorrelationId=b09cbd1be57a4b50af5c702532baec47 UserId=5001
2026-04-22 14:15:11.386 +07:00 [INF] HTTP GET /api/v1/ky-bao-cao/current responded 200 in 60.9652 ms
2026-04-22 14:15:11.387 +07:00 [INF] Request finished HTTP/1.1 GET http://localhost:5283/api/v1/ky-bao-cao/current - 200 null application/json; charset=utf-8 68.1818ms
2026-04-22 14:15:11.389 +07:00 [INF] Request starting HTTP/1.1 OPTIONS http://localhost:5283/api/v1/nang-luc-so?kyCode=2026Q1_NHAN_LUC&kyBaoCaoCode=2026Q1_NHAN_LUC&mode=live&nam=2026 - null null
2026-04-22 14:15:11.391 +07:00 [INF] CORS policy execution successful.
2026-04-22 14:15:11.392 +07:00 [INF] HTTP OPTIONS /api/v1/nang-luc-so => 204 in 0.699 ms CorrelationId=549cd40c9ca0448cb144789f97d28a31 UserId=anonymous
2026-04-22 14:15:11.393 +07:00 [INF] HTTP OPTIONS /api/v1/nang-luc-so responded 204 in 1.9270 ms
2026-04-22 14:15:11.394 +07:00 [INF] Request finished HTTP/1.1 OPTIONS http://localhost:5283/api/v1/nang-luc-so?kyCode=2026Q1_NHAN_LUC&kyBaoCaoCode=2026Q1_NHAN_LUC&mode=live&nam=2026 - 204 null null 4.2174ms
2026-04-22 14:15:11.395 +07:00 [INF] Request starting HTTP/1.1 GET http://localhost:5283/api/v1/nang-luc-so?kyCode=2026Q1_NHAN_LUC&kyBaoCaoCode=2026Q1_NHAN_LUC&mode=live&nam=2026 - null null
2026-04-22 14:15:11.396 +07:00 [INF] CORS policy execution successful.
2026-04-22 14:15:11.397 +07:00 [INF] Executing endpoint 'ThucLuc.Api.Controllers.V1.NangLucSoController.GetAll (ThucLuc.Api)'
2026-04-22 14:15:11.398 +07:00 [INF] Route matched with {action = "GetAll", controller = "NangLucSo"}. Executing controller action with signature System.Threading.Tasks.Task`1[Microsoft.AspNetCore.Mvc.ActionResult`1[ThucLuc.Api.Common.Models.ApiResponse`1[System.Collections.Generic.IReadOnlyCollection`1[ThucLuc.Application.Features.NangLucSo.NangLucSoDto]]]] GetAll(ThucLuc.Application.Features.NangLucSo.NangLucSoQuery, System.Threading.CancellationToken) on controller ThucLuc.Api.Controllers.V1.NangLucSoController (ThucLuc.Api).
2026-04-22 14:15:11.447 +07:00 [ERR] 2026-04-22 14:15:11.447234 ThreadID:52  (ERROR)   OracleRelationalCommand.ExecuteReaderAsync() :  Oracle.ManagedDataAccess.Client.OracleException (0x80004005): ORA-00904: "b"."KY_BAO_CAO_CODE": invalid identifier
https://docs.oracle.com/error-help/db/ora-00904/
   at System.Threading.Tasks.ContinuationResultTaskFromResultTask`2.InnerInvoke()
   at System.Threading.ExecutionContext.RunInternal(ExecutionContext executionContext, ContextCallback callback, Object state)
--- End of stack trace from previous location ---
   at System.Threading.ExecutionContext.RunInternal(ExecutionContext executionContext, ContextCallback callback, Object state)
   at System.Threading.Tasks.Task.ExecuteWithThreadLocal(Task& currentTaskSlot, Thread threadPoolThread)
--- End of stack trace from previous location ---
   at Oracle.EntityFrameworkCore.Storage.Internal.OracleRelationalCommandBuilderFactory.OracleRelationalCommandBuilder.OracleRelationalCommand.ExecuteReaderAsync(RelationalCommandParameterObject parameterObject, CancellationToken cancellationToken)
2026-04-22 14:15:11.449 +07:00 [ERR] Failed executing DbCommand (49ms) [Parameters=[:filter_KyBaoCaoCode_0='?' (Size = 50)], CommandType='"Text"', CommandTimeout='0']
SELECT "b"."ID", "b"."CREATED_AT", "b"."CREATED_BY", "b"."DELETED_AT", "b"."DON_VI_ID", "b"."GHI_CHU", "b"."IS_LATEST", "b"."KY_BAO_CAO_CODE", "b"."NHOM_VI_TRI", "b"."SNAPSHOT_BATCH_ID", "b"."SNAPSHOT_CREATED_AT", "b"."SNAPSHOT_VERSION", "b"."TONG_SO_CHUA_DAT", "b"."TONG_SO_DAT", "b"."TONG_SO_DIEN_DANH_GIA", "b"."UPDATED_AT", "b"."UPDATED_BY"
FROM "CAND_QLCNTT"."BIZ_NANG_LUC_SO" "b"
WHERE (("b"."DELETED_AT" IS NULL) AND ("b"."KY_BAO_CAO_CODE" = :filter_KyBaoCaoCode_0))
ORDER BY "b"."NHOM_VI_TRI", "b"."UPDATED_AT" DESC, "b"."CREATED_AT" DESC, "b"."ID" DESC
2026-04-22 14:15:11.451 +07:00 [ERR] 2026-04-22 14:15:11.451436 ThreadID:52  (ERROR)   OracleExecutionStrategy.ExecuteAsync() :  Oracle.ManagedDataAccess.Client.OracleException (0x80004005): ORA-00904: "b"."KY_BAO_CAO_CODE": invalid identifier
https://docs.oracle.com/error-help/db/ora-00904/
   at System.Threading.Tasks.ContinuationResultTaskFromResultTask`2.InnerInvoke()
   at System.Threading.ExecutionContext.RunInternal(ExecutionContext executionContext, ContextCallback callback, Object state)
--- End of stack trace from previous location ---
   at System.Threading.ExecutionContext.RunInternal(ExecutionContext executionContext, ContextCallback callback, Object state)
   at System.Threading.Tasks.Task.ExecuteWithThreadLocal(Task& currentTaskSlot, Thread threadPoolThread)
--- End of stack trace from previous location ---
   at Oracle.EntityFrameworkCore.Storage.Internal.OracleRelationalCommandBuilderFactory.OracleRelationalCommandBuilder.OracleRelationalCommand.ExecuteReaderAsync(RelationalCommandParameterObject parameterObject, CancellationToken cancellationToken)
   at Oracle.EntityFrameworkCore.Storage.Internal.OracleRelationalCommandBuilderFactory.OracleRelationalCommandBuilder.OracleRelationalCommand.ExecuteReaderAsync(RelationalCommandParameterObject parameterObject, CancellationToken cancellationToken)
   at Oracle.EntityFrameworkCore.Storage.Internal.OracleRelationalCommandBuilderFactory.OracleRelationalCommandBuilder.OracleRelationalCommand.ExecuteReaderAsync(RelationalCommandParameterObject parameterObject, CancellationToken cancellationToken)
   at Microsoft.EntityFrameworkCore.Query.Internal.SingleQueryingEnumerable`1.AsyncEnumerator.InitializeReaderAsync(AsyncEnumerator enumerator, CancellationToken cancellationToken)
   at Oracle.EntityFrameworkCore.Storage.Internal.OracleExecutionStrategy.ExecuteAsync[TState,TResult](TState state, Func`4 operation, Func`4 verifySucceeded, CancellationToken cancellationToken)
2026-04-22 14:15:11.452 +07:00 [ERR] An exception occurred while iterating over the results of a query for context type 'ThucLuc.Infrastructure.Persistence.AppDbContext'.
Oracle.ManagedDataAccess.Client.OracleException (0x80004005): ORA-00904: "b"."KY_BAO_CAO_CODE": invalid identifier
https://docs.oracle.com/error-help/db/ora-00904/
   at System.Threading.Tasks.ContinuationResultTaskFromResultTask`2.InnerInvoke()
   at System.Threading.ExecutionContext.RunInternal(ExecutionContext executionContext, ContextCallback callback, Object state)
--- End of stack trace from previous location ---
   at System.Threading.ExecutionContext.RunInternal(ExecutionContext executionContext, ContextCallback callback, Object state)
   at System.Threading.Tasks.Task.ExecuteWithThreadLocal(Task& currentTaskSlot, Thread threadPoolThread)
--- End of stack trace from previous location ---
   at Oracle.EntityFrameworkCore.Storage.Internal.OracleRelationalCommandBuilderFactory.OracleRelationalCommandBuilder.OracleRelationalCommand.ExecuteReaderAsync(RelationalCommandParameterObject parameterObject, CancellationToken cancellationToken)
   at Oracle.EntityFrameworkCore.Storage.Internal.OracleRelationalCommandBuilderFactory.OracleRelationalCommandBuilder.OracleRelationalCommand.ExecuteReaderAsync(RelationalCommandParameterObject parameterObject, CancellationToken cancellationToken)
   at Oracle.EntityFrameworkCore.Storage.Internal.OracleRelationalCommandBuilderFactory.OracleRelationalCommandBuilder.OracleRelationalCommand.ExecuteReaderAsync(RelationalCommandParameterObject parameterObject, CancellationToken cancellationToken)
   at Microsoft.EntityFrameworkCore.Query.Internal.SingleQueryingEnumerable`1.AsyncEnumerator.InitializeReaderAsync(AsyncEnumerator enumerator, CancellationToken cancellationToken)
   at Oracle.EntityFrameworkCore.Storage.Internal.OracleExecutionStrategy.ExecuteAsync[TState,TResult](TState state, Func`4 operation, Func`4 verifySucceeded, CancellationToken cancellationToken)
   at Microsoft.EntityFrameworkCore.Query.Internal.SingleQueryingEnumerable`1.AsyncEnumerator.MoveNextAsync()
Oracle.ManagedDataAccess.Client.OracleException (0x80004005): ORA-00904: "b"."KY_BAO_CAO_CODE": invalid identifier
https://docs.oracle.com/error-help/db/ora-00904/
   at System.Threading.Tasks.ContinuationResultTaskFromResultTask`2.InnerInvoke()
   at System.Threading.ExecutionContext.RunInternal(ExecutionContext executionContext, ContextCallback callback, Object state)
--- End of stack trace from previous location ---
   at System.Threading.ExecutionContext.RunInternal(ExecutionContext executionContext, ContextCallback callback, Object state)
   at System.Threading.Tasks.Task.ExecuteWithThreadLocal(Task& currentTaskSlot, Thread threadPoolThread)
--- End of stack trace from previous location ---
   at Oracle.EntityFrameworkCore.Storage.Internal.OracleRelationalCommandBuilderFactory.OracleRelationalCommandBuilder.OracleRelationalCommand.ExecuteReaderAsync(RelationalCommandParameterObject parameterObject, CancellationToken cancellationToken)
   at Oracle.EntityFrameworkCore.Storage.Internal.OracleRelationalCommandBuilderFactory.OracleRelationalCommandBuilder.OracleRelationalCommand.ExecuteReaderAsync(RelationalCommandParameterObject parameterObject, CancellationToken cancellationToken)
   at Oracle.EntityFrameworkCore.Storage.Internal.OracleRelationalCommandBuilderFactory.OracleRelationalCommandBuilder.OracleRelationalCommand.ExecuteReaderAsync(RelationalCommandParameterObject parameterObject, CancellationToken cancellationToken)
   at Microsoft.EntityFrameworkCore.Query.Internal.SingleQueryingEnumerable`1.AsyncEnumerator.InitializeReaderAsync(AsyncEnumerator enumerator, CancellationToken cancellationToken)
   at Oracle.EntityFrameworkCore.Storage.Internal.OracleExecutionStrategy.ExecuteAsync[TState,TResult](TState state, Func`4 operation, Func`4 verifySucceeded, CancellationToken cancellationToken)
   at Microsoft.EntityFrameworkCore.Query.Internal.SingleQueryingEnumerable`1.AsyncEnumerator.MoveNextAsync()
2026-04-22 14:15:11.455 +07:00 [INF] Executed action ThucLuc.Api.Controllers.V1.NangLucSoController.GetAll (ThucLuc.Api) in 55.7047ms
2026-04-22 14:15:11.456 +07:00 [INF] Executed endpoint 'ThucLuc.Api.Controllers.V1.NangLucSoController.GetAll (ThucLuc.Api)'
2026-04-22 14:15:11.456 +07:00 [ERR] Unhandled exception. CorrelationId=75b65a840d7a48edaa1c7090f674b66e
Oracle.ManagedDataAccess.Client.OracleException (0x80004005): ORA-00904: "b"."KY_BAO_CAO_CODE": invalid identifier
https://docs.oracle.com/error-help/db/ora-00904/
   at System.Threading.Tasks.ContinuationResultTaskFromResultTask`2.InnerInvoke()
   at System.Threading.ExecutionContext.RunInternal(ExecutionContext executionContext, ContextCallback callback, Object state)
--- End of stack trace from previous location ---
   at System.Threading.ExecutionContext.RunInternal(ExecutionContext executionContext, ContextCallback callback, Object state)
   at System.Threading.Tasks.Task.ExecuteWithThreadLocal(Task& currentTaskSlot, Thread threadPoolThread)
--- End of stack trace from previous location ---
   at Oracle.EntityFrameworkCore.Storage.Internal.OracleRelationalCommandBuilderFactory.OracleRelationalCommandBuilder.OracleRelationalCommand.ExecuteReaderAsync(RelationalCommandParameterObject parameterObject, CancellationToken cancellationToken)
   at Oracle.EntityFrameworkCore.Storage.Internal.OracleRelationalCommandBuilderFactory.OracleRelationalCommandBuilder.OracleRelationalCommand.ExecuteReaderAsync(RelationalCommandParameterObject parameterObject, CancellationToken cancellationToken)
   at Oracle.EntityFrameworkCore.Storage.Internal.OracleRelationalCommandBuilderFactory.OracleRelationalCommandBuilder.OracleRelationalCommand.ExecuteReaderAsync(RelationalCommandParameterObject parameterObject, CancellationToken cancellationToken)
   at Microsoft.EntityFrameworkCore.Query.Internal.SingleQueryingEnumerable`1.AsyncEnumerator.InitializeReaderAsync(AsyncEnumerator enumerator, CancellationToken cancellationToken)
   at Oracle.EntityFrameworkCore.Storage.Internal.OracleExecutionStrategy.ExecuteAsync[TState,TResult](TState state, Func`4 operation, Func`4 verifySucceeded, CancellationToken cancellationToken)
   at Microsoft.EntityFrameworkCore.Query.Internal.SingleQueryingEnumerable`1.AsyncEnumerator.MoveNextAsync()
   at Microsoft.EntityFrameworkCore.EntityFrameworkQueryableExtensions.ToListAsync[TSource](IQueryable`1 source, CancellationToken cancellationToken)
   at Microsoft.EntityFrameworkCore.EntityFrameworkQueryableExtensions.ToListAsync[TSource](IQueryable`1 source, CancellationToken cancellationToken)
   at ThucLuc.Application.Features.NangLucSo.NangLucSoService.GetAllAsync(NangLucSoQuery query, CancellationToken cancellationToken) in D:\Projects\ThucLuc_V2\.sources\backend\src\Application\Features\NangLucSo\NangLucSoService.cs:line 56
   at ThucLuc.Api.Controllers.V1.NangLucSoController.GetAll(NangLucSoQuery query, CancellationToken cancellationToken) in D:\Projects\ThucLuc_V2\.sources\backend\src\api\Controllers\V1\NangLucSoController.cs:line 28
   at lambda_method2124(Closure, Object)
   at Microsoft.AspNetCore.Mvc.Infrastructure.ActionMethodExecutor.AwaitableObjectResultExecutor.Execute(ActionContext actionContext, IActionResultTypeMapper mapper, ObjectMethodExecutor executor, Object controller, Object[] arguments)
   at Microsoft.AspNetCore.Mvc.Infrastructure.ControllerActionInvoker.<InvokeActionMethodAsync>g__Awaited|12_0(ControllerActionInvoker invoker, ValueTask`1 actionResultValueTask)
   at Microsoft.AspNetCore.Mvc.Infrastructure.ControllerActionInvoker.<InvokeNextActionFilterAsync>g__Awaited|10_0(ControllerActionInvoker invoker, Task lastTask, State next, Scope scope, Object state, Boolean isCompleted)
   at Microsoft.AspNetCore.Mvc.Infrastructure.ControllerActionInvoker.Rethrow(ActionExecutedContextSealed context)
   at Microsoft.AspNetCore.Mvc.Infrastructure.ControllerActionInvoker.Next(State& next, Scope& scope, Object& state, Boolean& isCompleted)
   at Microsoft.AspNetCore.Mvc.Infrastructure.ControllerActionInvoker.<InvokeInnerFilterAsync>g__Awaited|13_0(ControllerActionInvoker invoker, Task lastTask, State next, Scope scope, Object state, Boolean isCompleted)
   at Microsoft.AspNetCore.Mvc.Infrastructure.ResourceInvoker.<InvokeFilterPipelineAsync>g__Awaited|20_0(ResourceInvoker invoker, Task lastTask, State next, Scope scope, Object state, Boolean isCompleted)
   at Microsoft.AspNetCore.Mvc.Infrastructure.ResourceInvoker.<InvokeAsync>g__Logged|17_1(ResourceInvoker invoker)
   at Microsoft.AspNetCore.Mvc.Infrastructure.ResourceInvoker.<InvokeAsync>g__Logged|17_1(ResourceInvoker invoker)
   at Microsoft.AspNetCore.Routing.EndpointMiddleware.<Invoke>g__AwaitRequestTask|7_0(Endpoint endpoint, Task requestTask, ILogger logger)
   at Microsoft.AspNetCore.Authorization.AuthorizationMiddleware.Invoke(HttpContext context)
   at Microsoft.AspNetCore.Authentication.AuthenticationMiddleware.Invoke(HttpContext context)
   at Swashbuckle.AspNetCore.SwaggerUI.SwaggerUIMiddleware.Invoke(HttpContext httpContext)
   at Swashbuckle.AspNetCore.Swagger.SwaggerMiddleware.Invoke(HttpContext httpContext, ISwaggerProvider swaggerProvider)
   at ThucLuc.Api.Common.Middleware.GlobalExceptionMiddleware.InvokeAsync(HttpContext context) in D:\Projects\ThucLuc_V2\.sources\backend\src\api\Common\Middleware\GlobalExceptionMiddleware.cs:line 23
2026-04-22 14:15:11.461 +07:00 [INF] HTTP GET /api/v1/nang-luc-so => 500 in 64.716 ms CorrelationId=75b65a840d7a48edaa1c7090f674b66e UserId=5001
2026-04-22 14:15:11.462 +07:00 [ERR] HTTP GET /api/v1/nang-luc-so responded 500 in 65.7259 ms
2026-04-22 14:15:11.463 +07:00 [INF] Request finished HTTP/1.1 GET http://localhost:5283/api/v1/nang-luc-so?kyCode=2026Q1_NHAN_LUC&kyBaoCaoCode=2026Q1_NHAN_LUC&mode=live&nam=2026 - 500 null application/json 67.744ms
2026-04-22 14:15:13.390 +07:00 [INF] Request starting HTTP/1.1 OPTIONS http://localhost:5283/api/v1/codes/by-code/NOI_DUNG_DAO_TAO_HV - null null
2026-04-22 14:15:13.392 +07:00 [INF] CORS policy execution successful.
2026-04-22 14:15:13.393 +07:00 [INF] HTTP OPTIONS /api/v1/codes/by-code/NOI_DUNG_DAO_TAO_HV => 204 in 0.8479 ms CorrelationId=1859b009f1164a86a6cd9adfe9ffaa9c UserId=anonymous
2026-04-22 14:15:13.394 +07:00 [INF] HTTP OPTIONS /api/v1/codes/by-code/NOI_DUNG_DAO_TAO_HV responded 204 in 2.1264 ms
2026-04-22 14:15:13.396 +07:00 [INF] Request finished HTTP/1.1 OPTIONS http://localhost:5283/api/v1/codes/by-code/NOI_DUNG_DAO_TAO_HV - 204 null null 6.0183ms
2026-04-22 14:15:13.399 +07:00 [INF] Request starting HTTP/1.1 GET http://localhost:5283/api/v1/codes/by-code/NOI_DUNG_DAO_TAO_HV - null null
2026-04-22 14:15:13.401 +07:00 [INF] CORS policy execution successful.
2026-04-22 14:15:13.401 +07:00 [INF] Executing endpoint 'ThucLuc.Api.Controllers.V1.CodesController.GetByCode (ThucLuc.Api)'
2026-04-22 14:15:13.402 +07:00 [INF] Route matched with {action = "GetByCode", controller = "Codes"}. Executing controller action with signature System.Threading.Tasks.Task`1[Microsoft.AspNetCore.Mvc.ActionResult`1[ThucLuc.Api.Common.Models.ApiResponse`1[ThucLuc.Application.Features.Codes.CodeDto]]] GetByCode(System.String, System.Threading.CancellationToken) on controller ThucLuc.Api.Controllers.V1.CodesController (ThucLuc.Api).
2026-04-22 14:15:13.450 +07:00 [INF] Executing OkObjectResult, writing value of type 'ThucLuc.Api.Common.Models.ApiResponse`1[[ThucLuc.Application.Features.Codes.CodeDto, ThucLuc.Application, Version=1.0.0.0, Culture=neutral, PublicKeyToken=null]]'.
2026-04-22 14:15:13.452 +07:00 [INF] Executed action ThucLuc.Api.Controllers.V1.CodesController.GetByCode (ThucLuc.Api) in 48.4741ms
2026-04-22 14:15:13.454 +07:00 [INF] Executed endpoint 'ThucLuc.Api.Controllers.V1.CodesController.GetByCode (ThucLuc.Api)'
2026-04-22 14:15:13.455 +07:00 [INF] HTTP GET /api/v1/codes/by-code/NOI_DUNG_DAO_TAO_HV => 200 in 54.5372 ms CorrelationId=b05c31a7d54d4effb09ae1939aaf6fa0 UserId=5001
2026-04-22 14:15:13.458 +07:00 [INF] HTTP GET /api/v1/codes/by-code/NOI_DUNG_DAO_TAO_HV responded 200 in 57.4941 ms
2026-04-22 14:15:13.461 +07:00 [INF] Request finished HTTP/1.1 GET http://localhost:5283/api/v1/codes/by-code/NOI_DUNG_DAO_TAO_HV - 200 null application/json; charset=utf-8 61.8753ms
2026-04-22 14:15:13.464 +07:00 [INF] Request starting HTTP/1.1 GET http://localhost:5283/api/v1/ky-bao-cao - null null
2026-04-22 14:15:13.464 +07:00 [INF] Request starting HTTP/1.1 GET http://localhost:5283/api/v1/ky-bao-cao/current - null null
2026-04-22 14:15:13.466 +07:00 [INF] CORS policy execution successful.
2026-04-22 14:15:13.468 +07:00 [INF] CORS policy execution successful.
2026-04-22 14:15:13.469 +07:00 [INF] Executing endpoint 'ThucLuc.Api.Controllers.V1.KyBaoCaoController.GetAll (ThucLuc.Api)'
2026-04-22 14:15:13.469 +07:00 [INF] Executing endpoint 'ThucLuc.Api.Controllers.V1.KyBaoCaoController.GetCurrent (ThucLuc.Api)'
2026-04-22 14:15:13.470 +07:00 [INF] Route matched with {action = "GetAll", controller = "KyBaoCao"}. Executing controller action with signature System.Threading.Tasks.Task`1[Microsoft.AspNetCore.Mvc.ActionResult`1[ThucLuc.Api.Common.Models.ApiResponse`1[System.Collections.Generic.IReadOnlyCollection`1[ThucLuc.Application.Features.KyBaoCao.KyBaoCaoDto]]]] GetAll(System.Threading.CancellationToken) on controller ThucLuc.Api.Controllers.V1.KyBaoCaoController (ThucLuc.Api).
2026-04-22 14:15:13.471 +07:00 [INF] Route matched with {action = "GetCurrent", controller = "KyBaoCao"}. Executing controller action with signature System.Threading.Tasks.Task`1[Microsoft.AspNetCore.Mvc.ActionResult`1[ThucLuc.Api.Common.Models.ApiResponse`1[ThucLuc.Application.Features.KyBaoCao.KyBaoCaoDto]]] GetCurrent(System.Threading.CancellationToken) on controller ThucLuc.Api.Controllers.V1.KyBaoCaoController (ThucLuc.Api).
2026-04-22 14:15:13.475 +07:00 [INF] Executing OkObjectResult, writing value of type 'ThucLuc.Api.Common.Models.ApiResponse`1[[ThucLuc.Application.Features.KyBaoCao.KyBaoCaoDto, ThucLuc.Application, Version=1.0.0.0, Culture=neutral, PublicKeyToken=null]]'.
2026-04-22 14:15:13.476 +07:00 [INF] Executed action ThucLuc.Api.Controllers.V1.KyBaoCaoController.GetCurrent (ThucLuc.Api) in 2.294ms
2026-04-22 14:15:13.478 +07:00 [INF] Executed endpoint 'ThucLuc.Api.Controllers.V1.KyBaoCaoController.GetCurrent (ThucLuc.Api)'
2026-04-22 14:15:13.479 +07:00 [INF] HTTP GET /api/v1/ky-bao-cao/current => 200 in 10.9472 ms CorrelationId=c8a050b3af004f558ec3833b159b1f68 UserId=5001
2026-04-22 14:15:13.481 +07:00 [INF] HTTP GET /api/v1/ky-bao-cao/current responded 200 in 13.4998 ms
2026-04-22 14:15:13.483 +07:00 [INF] Request finished HTTP/1.1 GET http://localhost:5283/api/v1/ky-bao-cao/current - 200 null application/json; charset=utf-8 19.3047ms
2026-04-22 14:15:13.517 +07:00 [INF] Executing OkObjectResult, writing value of type 'ThucLuc.Api.Common.Models.ApiResponse`1[[System.Collections.Generic.IReadOnlyCollection`1[[ThucLuc.Application.Features.KyBaoCao.KyBaoCaoDto, ThucLuc.Application, Version=1.0.0.0, Culture=neutral, PublicKeyToken=null]], System.Private.CoreLib, Version=8.0.0.0, Culture=neutral, PublicKeyToken=7cec85d7bea7798e]]'.
2026-04-22 14:15:13.519 +07:00 [INF] Executed action ThucLuc.Api.Controllers.V1.KyBaoCaoController.GetAll (ThucLuc.Api) in 46.0118ms
2026-04-22 14:15:13.520 +07:00 [INF] Executed endpoint 'ThucLuc.Api.Controllers.V1.KyBaoCaoController.GetAll (ThucLuc.Api)'
2026-04-22 14:15:13.521 +07:00 [INF] HTTP GET /api/v1/ky-bao-cao => 200 in 55.4592 ms CorrelationId=9c3712fa536c429ca7fb906b498cc450 UserId=5001
2026-04-22 14:15:13.524 +07:00 [INF] HTTP GET /api/v1/ky-bao-cao responded 200 in 58.3653 ms
2026-04-22 14:15:13.526 +07:00 [INF] Request finished HTTP/1.1 GET http://localhost:5283/api/v1/ky-bao-cao - 200 null application/json; charset=utf-8 62.1171ms
2026-04-22 14:15:13.528 +07:00 [INF] Request starting HTTP/1.1 OPTIONS http://localhost:5283/api/v1/dao-tao-hoc-vien - null null
2026-04-22 14:15:13.529 +07:00 [INF] CORS policy execution successful.
2026-04-22 14:15:13.530 +07:00 [INF] HTTP OPTIONS /api/v1/dao-tao-hoc-vien => 204 in 0.5738 ms CorrelationId=44aaa03dae504a8982d542176a46172b UserId=anonymous
2026-04-22 14:15:13.531 +07:00 [INF] HTTP OPTIONS /api/v1/dao-tao-hoc-vien responded 204 in 2.3654 ms
2026-04-22 14:15:13.533 +07:00 [INF] Request finished HTTP/1.1 OPTIONS http://localhost:5283/api/v1/dao-tao-hoc-vien - 204 null null 5.3592ms
2026-04-22 14:15:13.536 +07:00 [INF] Request starting HTTP/1.1 GET http://localhost:5283/api/v1/dao-tao-hoc-vien - null null
2026-04-22 14:15:13.537 +07:00 [INF] CORS policy execution successful.
2026-04-22 14:15:13.538 +07:00 [INF] Executing endpoint 'ThucLuc.Api.Controllers.V1.DaoTaoHocVienController.GetAll (ThucLuc.Api)'
2026-04-22 14:15:13.539 +07:00 [INF] Route matched with {action = "GetAll", controller = "DaoTaoHocVien"}. Executing controller action with signature System.Threading.Tasks.Task`1[Microsoft.AspNetCore.Mvc.ActionResult`1[ThucLuc.Api.Common.Models.ApiResponse`1[System.Collections.Generic.IReadOnlyCollection`1[ThucLuc.Application.Features.DaoTaoHocVien.DaoTaoHocVienDto]]]] GetAll(ThucLuc.Application.Features.DaoTaoHocVien.DaoTaoHocVienQuery, System.Threading.CancellationToken) on controller ThucLuc.Api.Controllers.V1.DaoTaoHocVienController (ThucLuc.Api).
2026-04-22 14:15:13.543 +07:00 [ERR] 2026-04-22 14:15:13.543310 ThreadID:52  (ERROR)   OracleRelationalCommand.ExecuteReaderAsync() :  Oracle.ManagedDataAccess.Client.OracleException (0x80004005): ORA-00904: "b"."IS_LATEST": invalid identifier
https://docs.oracle.com/error-help/db/ora-00904/
   at System.Threading.Tasks.ContinuationResultTaskFromResultTask`2.InnerInvoke()
   at System.Threading.ExecutionContext.RunInternal(ExecutionContext executionContext, ContextCallback callback, Object state)
--- End of stack trace from previous location ---
   at System.Threading.ExecutionContext.RunInternal(ExecutionContext executionContext, ContextCallback callback, Object state)
   at System.Threading.Tasks.Task.ExecuteWithThreadLocal(Task& currentTaskSlot, Thread threadPoolThread)
--- End of stack trace from previous location ---
   at Oracle.EntityFrameworkCore.Storage.Internal.OracleRelationalCommandBuilderFactory.OracleRelationalCommandBuilder.OracleRelationalCommand.ExecuteReaderAsync(RelationalCommandParameterObject parameterObject, CancellationToken cancellationToken)
2026-04-22 14:15:13.544 +07:00 [ERR] Failed executing DbCommand (3ms) [Parameters=[], CommandType='"Text"', CommandTimeout='0']
SELECT "b"."ID", "b"."CREATED_AT", "b"."CREATED_BY", "b"."DELETED_AT", "b"."DON_VI_ID", "b"."GHI_CHU", "b"."IS_LATEST", "b"."KY_BAO_CAO_CODE", "b"."NAM", "b"."NOI_DUNG_DAO_TAO", "b"."SNAPSHOT_BATCH_ID", "b"."SNAPSHOT_CREATED_AT", "b"."SNAPSHOT_VERSION", "b"."SO_CAO_DANG", "b"."SO_DAI_HOC", "b"."SO_THAC_SI", "b"."SO_TIEN_SI", "b"."SO_TRUNG_CAP", "b"."UPDATED_AT", "b"."UPDATED_BY"
FROM "CAND_QLCNTT"."BIZ_DAO_TAO_HOC_VIEN" "b"
WHERE (("b"."DELETED_AT" IS NULL) AND ("b"."IS_LATEST" = 1))
ORDER BY "b"."UPDATED_AT" DESC, "b"."CREATED_AT" DESC, "b"."ID" DESC
2026-04-22 14:15:13.545 +07:00 [ERR] 2026-04-22 14:15:13.545748 ThreadID:52  (ERROR)   OracleExecutionStrategy.ExecuteAsync() :  Oracle.ManagedDataAccess.Client.OracleException (0x80004005): ORA-00904: "b"."IS_LATEST": invalid identifier
https://docs.oracle.com/error-help/db/ora-00904/
   at System.Threading.Tasks.ContinuationResultTaskFromResultTask`2.InnerInvoke()
   at System.Threading.ExecutionContext.RunInternal(ExecutionContext executionContext, ContextCallback callback, Object state)
--- End of stack trace from previous location ---
   at System.Threading.ExecutionContext.RunInternal(ExecutionContext executionContext, ContextCallback callback, Object state)
   at System.Threading.Tasks.Task.ExecuteWithThreadLocal(Task& currentTaskSlot, Thread threadPoolThread)
--- End of stack trace from previous location ---
   at Oracle.EntityFrameworkCore.Storage.Internal.OracleRelationalCommandBuilderFactory.OracleRelationalCommandBuilder.OracleRelationalCommand.ExecuteReaderAsync(RelationalCommandParameterObject parameterObject, CancellationToken cancellationToken)
   at Oracle.EntityFrameworkCore.Storage.Internal.OracleRelationalCommandBuilderFactory.OracleRelationalCommandBuilder.OracleRelationalCommand.ExecuteReaderAsync(RelationalCommandParameterObject parameterObject, CancellationToken cancellationToken)
   at Oracle.EntityFrameworkCore.Storage.Internal.OracleRelationalCommandBuilderFactory.OracleRelationalCommandBuilder.OracleRelationalCommand.ExecuteReaderAsync(RelationalCommandParameterObject parameterObject, CancellationToken cancellationToken)
   at Microsoft.EntityFrameworkCore.Query.Internal.SingleQueryingEnumerable`1.AsyncEnumerator.InitializeReaderAsync(AsyncEnumerator enumerator, CancellationToken cancellationToken)
   at Oracle.EntityFrameworkCore.Storage.Internal.OracleExecutionStrategy.ExecuteAsync[TState,TResult](TState state, Func`4 operation, Func`4 verifySucceeded, CancellationToken cancellationToken)
2026-04-22 14:15:13.546 +07:00 [ERR] An exception occurred while iterating over the results of a query for context type 'ThucLuc.Infrastructure.Persistence.AppDbContext'.
Oracle.ManagedDataAccess.Client.OracleException (0x80004005): ORA-00904: "b"."IS_LATEST": invalid identifier
https://docs.oracle.com/error-help/db/ora-00904/
   at System.Threading.Tasks.ContinuationResultTaskFromResultTask`2.InnerInvoke()
   at System.Threading.ExecutionContext.RunInternal(ExecutionContext executionContext, ContextCallback callback, Object state)
--- End of stack trace from previous location ---
   at System.Threading.ExecutionContext.RunInternal(ExecutionContext executionContext, ContextCallback callback, Object state)
   at System.Threading.Tasks.Task.ExecuteWithThreadLocal(Task& currentTaskSlot, Thread threadPoolThread)
--- End of stack trace from previous location ---
   at Oracle.EntityFrameworkCore.Storage.Internal.OracleRelationalCommandBuilderFactory.OracleRelationalCommandBuilder.OracleRelationalCommand.ExecuteReaderAsync(RelationalCommandParameterObject parameterObject, CancellationToken cancellationToken)
   at Oracle.EntityFrameworkCore.Storage.Internal.OracleRelationalCommandBuilderFactory.OracleRelationalCommandBuilder.OracleRelationalCommand.ExecuteReaderAsync(RelationalCommandParameterObject parameterObject, CancellationToken cancellationToken)
   at Oracle.EntityFrameworkCore.Storage.Internal.OracleRelationalCommandBuilderFactory.OracleRelationalCommandBuilder.OracleRelationalCommand.ExecuteReaderAsync(RelationalCommandParameterObject parameterObject, CancellationToken cancellationToken)
   at Microsoft.EntityFrameworkCore.Query.Internal.SingleQueryingEnumerable`1.AsyncEnumerator.InitializeReaderAsync(AsyncEnumerator enumerator, CancellationToken cancellationToken)
   at Oracle.EntityFrameworkCore.Storage.Internal.OracleExecutionStrategy.ExecuteAsync[TState,TResult](TState state, Func`4 operation, Func`4 verifySucceeded, CancellationToken cancellationToken)
   at Microsoft.EntityFrameworkCore.Query.Internal.SingleQueryingEnumerable`1.AsyncEnumerator.MoveNextAsync()
Oracle.ManagedDataAccess.Client.OracleException (0x80004005): ORA-00904: "b"."IS_LATEST": invalid identifier
https://docs.oracle.com/error-help/db/ora-00904/
   at System.Threading.Tasks.ContinuationResultTaskFromResultTask`2.InnerInvoke()
   at System.Threading.ExecutionContext.RunInternal(ExecutionContext executionContext, ContextCallback callback, Object state)
--- End of stack trace from previous location ---
   at System.Threading.ExecutionContext.RunInternal(ExecutionContext executionContext, ContextCallback callback, Object state)
   at System.Threading.Tasks.Task.ExecuteWithThreadLocal(Task& currentTaskSlot, Thread threadPoolThread)
--- End of stack trace from previous location ---
   at Oracle.EntityFrameworkCore.Storage.Internal.OracleRelationalCommandBuilderFactory.OracleRelationalCommandBuilder.OracleRelationalCommand.ExecuteReaderAsync(RelationalCommandParameterObject parameterObject, CancellationToken cancellationToken)
   at Oracle.EntityFrameworkCore.Storage.Internal.OracleRelationalCommandBuilderFactory.OracleRelationalCommandBuilder.OracleRelationalCommand.ExecuteReaderAsync(RelationalCommandParameterObject parameterObject, CancellationToken cancellationToken)
   at Oracle.EntityFrameworkCore.Storage.Internal.OracleRelationalCommandBuilderFactory.OracleRelationalCommandBuilder.OracleRelationalCommand.ExecuteReaderAsync(RelationalCommandParameterObject parameterObject, CancellationToken cancellationToken)
   at Microsoft.EntityFrameworkCore.Query.Internal.SingleQueryingEnumerable`1.AsyncEnumerator.InitializeReaderAsync(AsyncEnumerator enumerator, CancellationToken cancellationToken)
   at Oracle.EntityFrameworkCore.Storage.Internal.OracleExecutionStrategy.ExecuteAsync[TState,TResult](TState state, Func`4 operation, Func`4 verifySucceeded, CancellationToken cancellationToken)
   at Microsoft.EntityFrameworkCore.Query.Internal.SingleQueryingEnumerable`1.AsyncEnumerator.MoveNextAsync()
2026-04-22 14:15:13.551 +07:00 [INF] Executed action ThucLuc.Api.Controllers.V1.DaoTaoHocVienController.GetAll (ThucLuc.Api) in 10.3081ms
2026-04-22 14:15:13.551 +07:00 [INF] Executed endpoint 'ThucLuc.Api.Controllers.V1.DaoTaoHocVienController.GetAll (ThucLuc.Api)'
2026-04-22 14:15:13.552 +07:00 [ERR] Unhandled exception. CorrelationId=48c039b85dbd447db9b65e6398c7fc11
Oracle.ManagedDataAccess.Client.OracleException (0x80004005): ORA-00904: "b"."IS_LATEST": invalid identifier
https://docs.oracle.com/error-help/db/ora-00904/
   at System.Threading.Tasks.ContinuationResultTaskFromResultTask`2.InnerInvoke()
   at System.Threading.ExecutionContext.RunInternal(ExecutionContext executionContext, ContextCallback callback, Object state)
--- End of stack trace from previous location ---
   at System.Threading.ExecutionContext.RunInternal(ExecutionContext executionContext, ContextCallback callback, Object state)
   at System.Threading.Tasks.Task.ExecuteWithThreadLocal(Task& currentTaskSlot, Thread threadPoolThread)
--- End of stack trace from previous location ---
   at Oracle.EntityFrameworkCore.Storage.Internal.OracleRelationalCommandBuilderFactory.OracleRelationalCommandBuilder.OracleRelationalCommand.ExecuteReaderAsync(RelationalCommandParameterObject parameterObject, CancellationToken cancellationToken)
   at Oracle.EntityFrameworkCore.Storage.Internal.OracleRelationalCommandBuilderFactory.OracleRelationalCommandBuilder.OracleRelationalCommand.ExecuteReaderAsync(RelationalCommandParameterObject parameterObject, CancellationToken cancellationToken)
   at Oracle.EntityFrameworkCore.Storage.Internal.OracleRelationalCommandBuilderFactory.OracleRelationalCommandBuilder.OracleRelationalCommand.ExecuteReaderAsync(RelationalCommandParameterObject parameterObject, CancellationToken cancellationToken)
   at Microsoft.EntityFrameworkCore.Query.Internal.SingleQueryingEnumerable`1.AsyncEnumerator.InitializeReaderAsync(AsyncEnumerator enumerator, CancellationToken cancellationToken)
   at Oracle.EntityFrameworkCore.Storage.Internal.OracleExecutionStrategy.ExecuteAsync[TState,TResult](TState state, Func`4 operation, Func`4 verifySucceeded, CancellationToken cancellationToken)
   at Microsoft.EntityFrameworkCore.Query.Internal.SingleQueryingEnumerable`1.AsyncEnumerator.MoveNextAsync()
   at Microsoft.EntityFrameworkCore.EntityFrameworkQueryableExtensions.ToListAsync[TSource](IQueryable`1 source, CancellationToken cancellationToken)
   at Microsoft.EntityFrameworkCore.EntityFrameworkQueryableExtensions.ToListAsync[TSource](IQueryable`1 source, CancellationToken cancellationToken)
   at ThucLuc.Application.Features.DaoTaoHocVien.DaoTaoHocVienService.GetAllAsync(DaoTaoHocVienQuery query, CancellationToken cancellationToken) in D:\Projects\ThucLuc_V2\.sources\backend\src\Application\Features\DaoTaoHocVien\DaoTaoHocVienService.cs:line 60
   at ThucLuc.Api.Controllers.V1.DaoTaoHocVienController.GetAll(DaoTaoHocVienQuery query, CancellationToken cancellationToken) in D:\Projects\ThucLuc_V2\.sources\backend\src\api\Controllers\V1\DaoTaoHocVienController.cs:line 28
   at lambda_method2083(Closure, Object)
   at Microsoft.AspNetCore.Mvc.Infrastructure.ActionMethodExecutor.AwaitableObjectResultExecutor.Execute(ActionContext actionContext, IActionResultTypeMapper mapper, ObjectMethodExecutor executor, Object controller, Object[] arguments)
   at Microsoft.AspNetCore.Mvc.Infrastructure.ControllerActionInvoker.<InvokeActionMethodAsync>g__Awaited|12_0(ControllerActionInvoker invoker, ValueTask`1 actionResultValueTask)
   at Microsoft.AspNetCore.Mvc.Infrastructure.ControllerActionInvoker.<InvokeNextActionFilterAsync>g__Awaited|10_0(ControllerActionInvoker invoker, Task lastTask, State next, Scope scope, Object state, Boolean isCompleted)
   at Microsoft.AspNetCore.Mvc.Infrastructure.ControllerActionInvoker.Rethrow(ActionExecutedContextSealed context)
   at Microsoft.AspNetCore.Mvc.Infrastructure.ControllerActionInvoker.Next(State& next, Scope& scope, Object& state, Boolean& isCompleted)
   at Microsoft.AspNetCore.Mvc.Infrastructure.ControllerActionInvoker.<InvokeInnerFilterAsync>g__Awaited|13_0(ControllerActionInvoker invoker, Task lastTask, State next, Scope scope, Object state, Boolean isCompleted)
   at Microsoft.AspNetCore.Mvc.Infrastructure.ResourceInvoker.<InvokeFilterPipelineAsync>g__Awaited|20_0(ResourceInvoker invoker, Task lastTask, State next, Scope scope, Object state, Boolean isCompleted)
   at Microsoft.AspNetCore.Mvc.Infrastructure.ResourceInvoker.<InvokeAsync>g__Logged|17_1(ResourceInvoker invoker)
   at Microsoft.AspNetCore.Mvc.Infrastructure.ResourceInvoker.<InvokeAsync>g__Logged|17_1(ResourceInvoker invoker)
   at Microsoft.AspNetCore.Routing.EndpointMiddleware.<Invoke>g__AwaitRequestTask|7_0(Endpoint endpoint, Task requestTask, ILogger logger)
   at Microsoft.AspNetCore.Authorization.AuthorizationMiddleware.Invoke(HttpContext context)
   at Microsoft.AspNetCore.Authentication.AuthenticationMiddleware.Invoke(HttpContext context)
   at Swashbuckle.AspNetCore.SwaggerUI.SwaggerUIMiddleware.Invoke(HttpContext httpContext)
   at Swashbuckle.AspNetCore.Swagger.SwaggerMiddleware.Invoke(HttpContext httpContext, ISwaggerProvider swaggerProvider)
   at ThucLuc.Api.Common.Middleware.GlobalExceptionMiddleware.InvokeAsync(HttpContext context) in D:\Projects\ThucLuc_V2\.sources\backend\src\api\Common\Middleware\GlobalExceptionMiddleware.cs:line 23
2026-04-22 14:15:13.559 +07:00 [INF] HTTP GET /api/v1/dao-tao-hoc-vien => 500 in 21.2482 ms CorrelationId=48c039b85dbd447db9b65e6398c7fc11 UserId=5001
2026-04-22 14:15:13.560 +07:00 [ERR] HTTP GET /api/v1/dao-tao-hoc-vien responded 500 in 22.4189 ms
2026-04-22 14:15:13.561 +07:00 [INF] Request finished HTTP/1.1 GET http://localhost:5283/api/v1/dao-tao-hoc-vien - 500 null application/json 24.7062ms
2026-04-22 14:15:23.823 +07:00 [INF] Request starting HTTP/1.1 OPTIONS http://localhost:5283/api/v1/codes?includeInactive=false - null null
2026-04-22 14:15:23.826 +07:00 [INF] CORS policy execution successful.
2026-04-22 14:15:23.827 +07:00 [INF] HTTP OPTIONS /api/v1/codes => 204 in 0.5629 ms CorrelationId=cbc97792f63648499e965bfd949d8649 UserId=anonymous
2026-04-22 14:15:23.829 +07:00 [INF] HTTP OPTIONS /api/v1/codes responded 204 in 2.6190 ms
2026-04-22 14:15:23.831 +07:00 [INF] Request finished HTTP/1.1 OPTIONS http://localhost:5283/api/v1/codes?includeInactive=false - 204 null null 8.0736ms
2026-04-22 14:15:23.834 +07:00 [INF] Request starting HTTP/1.1 GET http://localhost:5283/api/v1/codes?includeInactive=false - null null
2026-04-22 14:15:23.836 +07:00 [INF] CORS policy execution successful.
2026-04-22 14:15:23.837 +07:00 [INF] Executing endpoint 'ThucLuc.Api.Controllers.V1.CodesController.GetAll (ThucLuc.Api)'
2026-04-22 14:15:23.839 +07:00 [INF] Route matched with {action = "GetAll", controller = "Codes"}. Executing controller action with signature System.Threading.Tasks.Task`1[Microsoft.AspNetCore.Mvc.ActionResult`1[ThucLuc.Api.Common.Models.ApiResponse`1[System.Collections.Generic.IReadOnlyCollection`1[ThucLuc.Application.Features.Codes.CodeDto]]]] GetAll(Boolean, System.Threading.CancellationToken) on controller ThucLuc.Api.Controllers.V1.CodesController (ThucLuc.Api).
2026-04-22 14:15:23.850 +07:00 [INF] Executing OkObjectResult, writing value of type 'ThucLuc.Api.Common.Models.ApiResponse`1[[System.Collections.Generic.IReadOnlyCollection`1[[ThucLuc.Application.Features.Codes.CodeDto, ThucLuc.Application, Version=1.0.0.0, Culture=neutral, PublicKeyToken=null]], System.Private.CoreLib, Version=8.0.0.0, Culture=neutral, PublicKeyToken=7cec85d7bea7798e]]'.
2026-04-22 14:15:23.851 +07:00 [INF] Executed action ThucLuc.Api.Controllers.V1.CodesController.GetAll (ThucLuc.Api) in 9.517ms
2026-04-22 14:15:23.853 +07:00 [INF] Executed endpoint 'ThucLuc.Api.Controllers.V1.CodesController.GetAll (ThucLuc.Api)'
2026-04-22 14:15:23.855 +07:00 [INF] HTTP GET /api/v1/codes => 200 in 18.4184 ms CorrelationId=e08cbf115e734eada5f670e357dd8f91 UserId=5001
2026-04-22 14:15:23.856 +07:00 [INF] HTTP GET /api/v1/codes responded 200 in 20.0332 ms
2026-04-22 14:15:23.857 +07:00 [INF] Request finished HTTP/1.1 GET http://localhost:5283/api/v1/codes?includeInactive=false - 200 null application/json; charset=utf-8 23.1877ms
2026-04-22 14:15:23.860 +07:00 [INF] Request starting HTTP/1.1 OPTIONS http://localhost:5283/api/v1/codes/22 - null null
2026-04-22 14:15:23.862 +07:00 [INF] CORS policy execution successful.
2026-04-22 14:15:23.863 +07:00 [INF] HTTP OPTIONS /api/v1/codes/22 => 204 in 1.0546 ms CorrelationId=42ac45d2b039447cbac986a754b67e97 UserId=anonymous
2026-04-22 14:15:23.865 +07:00 [INF] HTTP OPTIONS /api/v1/codes/22 responded 204 in 3.2248 ms
2026-04-22 14:15:23.866 +07:00 [INF] Request finished HTTP/1.1 OPTIONS http://localhost:5283/api/v1/codes/22 - 204 null null 5.9877ms
2026-04-22 14:15:23.869 +07:00 [INF] Request starting HTTP/1.1 GET http://localhost:5283/api/v1/codes/22 - null null
2026-04-22 14:15:23.871 +07:00 [INF] CORS policy execution successful.
2026-04-22 14:15:23.872 +07:00 [INF] Executing endpoint 'ThucLuc.Api.Controllers.V1.CodesController.GetById (ThucLuc.Api)'
2026-04-22 14:15:23.872 +07:00 [INF] Route matched with {action = "GetById", controller = "Codes"}. Executing controller action with signature System.Threading.Tasks.Task`1[Microsoft.AspNetCore.Mvc.ActionResult`1[ThucLuc.Api.Common.Models.ApiResponse`1[ThucLuc.Application.Features.Codes.CodeDto]]] GetById(Int64, System.Threading.CancellationToken) on controller ThucLuc.Api.Controllers.V1.CodesController (ThucLuc.Api).
2026-04-22 14:15:23.877 +07:00 [INF] Executing OkObjectResult, writing value of type 'ThucLuc.Api.Common.Models.ApiResponse`1[[ThucLuc.Application.Features.Codes.CodeDto, ThucLuc.Application, Version=1.0.0.0, Culture=neutral, PublicKeyToken=null]]'.
2026-04-22 14:15:23.878 +07:00 [INF] Executed action ThucLuc.Api.Controllers.V1.CodesController.GetById (ThucLuc.Api) in 3.9318ms
2026-04-22 14:15:23.879 +07:00 [INF] Executed endpoint 'ThucLuc.Api.Controllers.V1.CodesController.GetById (ThucLuc.Api)'
2026-04-22 14:15:23.881 +07:00 [INF] HTTP GET /api/v1/codes/22 => 200 in 9.8697 ms CorrelationId=9f36883b7ece42f0bd2d5addcc14496e UserId=5001
2026-04-22 14:15:23.883 +07:00 [INF] HTTP GET /api/v1/codes/22 responded 200 in 11.8894 ms
2026-04-22 14:15:23.884 +07:00 [INF] Request finished HTTP/1.1 GET http://localhost:5283/api/v1/codes/22 - 200 null application/json; charset=utf-8 15.3611ms
2026-04-22 14:15:30.730 +07:00 [INF] Request starting HTTP/1.1 OPTIONS http://localhost:5283/api/v1/codes/54 - null null
2026-04-22 14:15:30.739 +07:00 [INF] CORS policy execution successful.
2026-04-22 14:15:30.740 +07:00 [INF] HTTP OPTIONS /api/v1/codes/54 => 204 in 1.8267 ms CorrelationId=378ef4c7bcaa4b1b869ddbed97d77933 UserId=anonymous
2026-04-22 14:15:30.750 +07:00 [INF] HTTP OPTIONS /api/v1/codes/54 responded 204 in 11.4927 ms
2026-04-22 14:15:30.752 +07:00 [INF] Request finished HTTP/1.1 OPTIONS http://localhost:5283/api/v1/codes/54 - 204 null null 21.3045ms
2026-04-22 14:15:30.759 +07:00 [INF] Request starting HTTP/1.1 GET http://localhost:5283/api/v1/codes/54 - null null
2026-04-22 14:15:30.763 +07:00 [INF] CORS policy execution successful.
2026-04-22 14:15:30.765 +07:00 [INF] Executing endpoint 'ThucLuc.Api.Controllers.V1.CodesController.GetById (ThucLuc.Api)'
2026-04-22 14:15:30.766 +07:00 [INF] Route matched with {action = "GetById", controller = "Codes"}. Executing controller action with signature System.Threading.Tasks.Task`1[Microsoft.AspNetCore.Mvc.ActionResult`1[ThucLuc.Api.Common.Models.ApiResponse`1[ThucLuc.Application.Features.Codes.CodeDto]]] GetById(Int64, System.Threading.CancellationToken) on controller ThucLuc.Api.Controllers.V1.CodesController (ThucLuc.Api).
2026-04-22 14:15:30.769 +07:00 [INF] Executing OkObjectResult, writing value of type 'ThucLuc.Api.Common.Models.ApiResponse`1[[ThucLuc.Application.Features.Codes.CodeDto, ThucLuc.Application, Version=1.0.0.0, Culture=neutral, PublicKeyToken=null]]'.
2026-04-22 14:15:30.770 +07:00 [INF] Executed action ThucLuc.Api.Controllers.V1.CodesController.GetById (ThucLuc.Api) in 3.2221ms
2026-04-22 14:15:30.771 +07:00 [INF] Executed endpoint 'ThucLuc.Api.Controllers.V1.CodesController.GetById (ThucLuc.Api)'
2026-04-22 14:15:30.772 +07:00 [INF] HTTP GET /api/v1/codes/54 => 200 in 9.3967 ms CorrelationId=ed9813a6a6d346c2a94a8cecb5edc9d6 UserId=5001
2026-04-22 14:15:30.773 +07:00 [INF] HTTP GET /api/v1/codes/54 responded 200 in 10.5610 ms
2026-04-22 14:15:30.774 +07:00 [INF] Request finished HTTP/1.1 GET http://localhost:5283/api/v1/codes/54 - 200 null application/json; charset=utf-8 15.4235ms
2026-04-22 14:15:35.116 +07:00 [INF] Request starting HTTP/1.1 OPTIONS http://localhost:5283/api/v1/codes/by-code/NHOM_NANG_LUC_SO - null null
2026-04-22 14:15:35.123 +07:00 [INF] CORS policy execution successful.
2026-04-22 14:15:35.123 +07:00 [INF] HTTP OPTIONS /api/v1/codes/by-code/NHOM_NANG_LUC_SO => 204 in 0.7387 ms CorrelationId=7eae480458844523b7a5d4a43d395b4c UserId=anonymous
2026-04-22 14:15:35.127 +07:00 [INF] HTTP OPTIONS /api/v1/codes/by-code/NHOM_NANG_LUC_SO responded 204 in 4.8495 ms
2026-04-22 14:15:35.132 +07:00 [INF] Request finished HTTP/1.1 OPTIONS http://localhost:5283/api/v1/codes/by-code/NHOM_NANG_LUC_SO - 204 null null 15.7009ms
2026-04-22 14:15:35.136 +07:00 [INF] Request starting HTTP/1.1 GET http://localhost:5283/api/v1/codes/by-code/NHOM_NANG_LUC_SO - null null
2026-04-22 14:15:35.141 +07:00 [INF] CORS policy execution successful.
2026-04-22 14:15:35.142 +07:00 [INF] Executing endpoint 'ThucLuc.Api.Controllers.V1.CodesController.GetByCode (ThucLuc.Api)'
2026-04-22 14:15:35.143 +07:00 [INF] Route matched with {action = "GetByCode", controller = "Codes"}. Executing controller action with signature System.Threading.Tasks.Task`1[Microsoft.AspNetCore.Mvc.ActionResult`1[ThucLuc.Api.Common.Models.ApiResponse`1[ThucLuc.Application.Features.Codes.CodeDto]]] GetByCode(System.String, System.Threading.CancellationToken) on controller ThucLuc.Api.Controllers.V1.CodesController (ThucLuc.Api).
2026-04-22 14:15:35.146 +07:00 [INF] Executing OkObjectResult, writing value of type 'ThucLuc.Api.Common.Models.ApiResponse`1[[ThucLuc.Application.Features.Codes.CodeDto, ThucLuc.Application, Version=1.0.0.0, Culture=neutral, PublicKeyToken=null]]'.
2026-04-22 14:15:35.148 +07:00 [INF] Executed action ThucLuc.Api.Controllers.V1.CodesController.GetByCode (ThucLuc.Api) in 3.3852ms
2026-04-22 14:15:35.149 +07:00 [INF] Executed endpoint 'ThucLuc.Api.Controllers.V1.CodesController.GetByCode (ThucLuc.Api)'
2026-04-22 14:15:35.150 +07:00 [INF] HTTP GET /api/v1/codes/by-code/NHOM_NANG_LUC_SO => 200 in 8.8066 ms CorrelationId=3b85dbb6aa094418b56eb6d8249a7c26 UserId=5001
2026-04-22 14:15:35.152 +07:00 [INF] HTTP GET /api/v1/codes/by-code/NHOM_NANG_LUC_SO responded 200 in 10.6054 ms
2026-04-22 14:15:35.153 +07:00 [INF] Request finished HTTP/1.1 GET http://localhost:5283/api/v1/codes/by-code/NHOM_NANG_LUC_SO - 200 null application/json; charset=utf-8 16.4485ms
2026-04-22 14:15:35.155 +07:00 [INF] Request starting HTTP/1.1 OPTIONS http://localhost:5283/api/v1/ky-bao-cao - null null
2026-04-22 14:15:35.155 +07:00 [INF] Request starting HTTP/1.1 OPTIONS http://localhost:5283/api/v1/ky-bao-cao/current - null null
2026-04-22 14:15:35.157 +07:00 [INF] CORS policy execution successful.
2026-04-22 14:15:35.159 +07:00 [INF] CORS policy execution successful.
2026-04-22 14:15:35.159 +07:00 [INF] HTTP OPTIONS /api/v1/ky-bao-cao => 204 in 2.3032 ms CorrelationId=47d3482893364310851c14975196c4ea UserId=anonymous
2026-04-22 14:15:35.160 +07:00 [INF] HTTP OPTIONS /api/v1/ky-bao-cao/current => 204 in 1.4182 ms CorrelationId=e2b7b20249584ea8a01b13fa485dde85 UserId=anonymous
2026-04-22 14:15:35.162 +07:00 [INF] HTTP OPTIONS /api/v1/ky-bao-cao responded 204 in 4.4711 ms
2026-04-22 14:15:35.163 +07:00 [INF] HTTP OPTIONS /api/v1/ky-bao-cao/current responded 204 in 3.9183 ms
2026-04-22 14:15:35.164 +07:00 [INF] Request finished HTTP/1.1 OPTIONS http://localhost:5283/api/v1/ky-bao-cao - 204 null null 8.9364ms
2026-04-22 14:15:35.166 +07:00 [INF] Request finished HTTP/1.1 OPTIONS http://localhost:5283/api/v1/ky-bao-cao/current - 204 null null 10.0514ms
2026-04-22 14:15:35.167 +07:00 [INF] Request starting HTTP/1.1 GET http://localhost:5283/api/v1/ky-bao-cao - null null
2026-04-22 14:15:35.169 +07:00 [INF] Request starting HTTP/1.1 GET http://localhost:5283/api/v1/ky-bao-cao/current - null null
2026-04-22 14:15:35.170 +07:00 [INF] CORS policy execution successful.
2026-04-22 14:15:35.171 +07:00 [INF] CORS policy execution successful.
2026-04-22 14:15:35.172 +07:00 [INF] Executing endpoint 'ThucLuc.Api.Controllers.V1.KyBaoCaoController.GetAll (ThucLuc.Api)'
2026-04-22 14:15:35.173 +07:00 [INF] Executing endpoint 'ThucLuc.Api.Controllers.V1.KyBaoCaoController.GetCurrent (ThucLuc.Api)'
2026-04-22 14:15:35.173 +07:00 [INF] Route matched with {action = "GetAll", controller = "KyBaoCao"}. Executing controller action with signature System.Threading.Tasks.Task`1[Microsoft.AspNetCore.Mvc.ActionResult`1[ThucLuc.Api.Common.Models.ApiResponse`1[System.Collections.Generic.IReadOnlyCollection`1[ThucLuc.Application.Features.KyBaoCao.KyBaoCaoDto]]]] GetAll(System.Threading.CancellationToken) on controller ThucLuc.Api.Controllers.V1.KyBaoCaoController (ThucLuc.Api).
2026-04-22 14:15:35.174 +07:00 [INF] Route matched with {action = "GetCurrent", controller = "KyBaoCao"}. Executing controller action with signature System.Threading.Tasks.Task`1[Microsoft.AspNetCore.Mvc.ActionResult`1[ThucLuc.Api.Common.Models.ApiResponse`1[ThucLuc.Application.Features.KyBaoCao.KyBaoCaoDto]]] GetCurrent(System.Threading.CancellationToken) on controller ThucLuc.Api.Controllers.V1.KyBaoCaoController (ThucLuc.Api).
2026-04-22 14:15:35.177 +07:00 [INF] Executing OkObjectResult, writing value of type 'ThucLuc.Api.Common.Models.ApiResponse`1[[System.Collections.Generic.IReadOnlyCollection`1[[ThucLuc.Application.Features.KyBaoCao.KyBaoCaoDto, ThucLuc.Application, Version=1.0.0.0, Culture=neutral, PublicKeyToken=null]], System.Private.CoreLib, Version=8.0.0.0, Culture=neutral, PublicKeyToken=7cec85d7bea7798e]]'.
2026-04-22 14:15:35.178 +07:00 [INF] Executed action ThucLuc.Api.Controllers.V1.KyBaoCaoController.GetAll (ThucLuc.Api) in 3.4032ms
2026-04-22 14:15:35.178 +07:00 [INF] Executing OkObjectResult, writing value of type 'ThucLuc.Api.Common.Models.ApiResponse`1[[ThucLuc.Application.Features.KyBaoCao.KyBaoCaoDto, ThucLuc.Application, Version=1.0.0.0, Culture=neutral, PublicKeyToken=null]]'.
2026-04-22 14:15:35.179 +07:00 [INF] Executed endpoint 'ThucLuc.Api.Controllers.V1.KyBaoCaoController.GetAll (ThucLuc.Api)'
2026-04-22 14:15:35.180 +07:00 [INF] Executed action ThucLuc.Api.Controllers.V1.KyBaoCaoController.GetCurrent (ThucLuc.Api) in 3.3113ms
2026-04-22 14:15:35.181 +07:00 [INF] HTTP GET /api/v1/ky-bao-cao => 200 in 10.6284 ms CorrelationId=96179888d91f43a6a59fd42435c69d48 UserId=5001
2026-04-22 14:15:35.182 +07:00 [INF] Executed endpoint 'ThucLuc.Api.Controllers.V1.KyBaoCaoController.GetCurrent (ThucLuc.Api)'
2026-04-22 14:15:35.183 +07:00 [INF] HTTP GET /api/v1/ky-bao-cao responded 200 in 12.6864 ms
2026-04-22 14:15:35.184 +07:00 [INF] HTTP GET /api/v1/ky-bao-cao/current => 200 in 12.0873 ms CorrelationId=4365700b680844498afed7cfdaf9a5dd UserId=5001
2026-04-22 14:15:35.184 +07:00 [INF] Request finished HTTP/1.1 GET http://localhost:5283/api/v1/ky-bao-cao - 200 null application/json; charset=utf-8 17.0557ms
2026-04-22 14:15:35.186 +07:00 [INF] HTTP GET /api/v1/ky-bao-cao/current responded 200 in 14.3627 ms
2026-04-22 14:15:35.189 +07:00 [INF] Request finished HTTP/1.1 GET http://localhost:5283/api/v1/ky-bao-cao/current - 200 null application/json; charset=utf-8 20.4188ms
2026-04-22 14:15:35.192 +07:00 [INF] Request starting HTTP/1.1 OPTIONS http://localhost:5283/api/v1/nang-luc-so?kyCode=2026Q1_NHAN_LUC&kyBaoCaoCode=2026Q1_NHAN_LUC&mode=live&nam=2026 - null null
2026-04-22 14:15:35.194 +07:00 [INF] CORS policy execution successful.
2026-04-22 14:15:35.195 +07:00 [INF] HTTP OPTIONS /api/v1/nang-luc-so => 204 in 0.6464 ms CorrelationId=e986ed491f1243a2a2bf92c58b5cebb4 UserId=anonymous
2026-04-22 14:15:35.196 +07:00 [INF] HTTP OPTIONS /api/v1/nang-luc-so responded 204 in 1.9126 ms
2026-04-22 14:15:35.197 +07:00 [INF] Request finished HTTP/1.1 OPTIONS http://localhost:5283/api/v1/nang-luc-so?kyCode=2026Q1_NHAN_LUC&kyBaoCaoCode=2026Q1_NHAN_LUC&mode=live&nam=2026 - 204 null null 5.2798ms
2026-04-22 14:15:35.200 +07:00 [INF] Request starting HTTP/1.1 GET http://localhost:5283/api/v1/nang-luc-so?kyCode=2026Q1_NHAN_LUC&kyBaoCaoCode=2026Q1_NHAN_LUC&mode=live&nam=2026 - null null
2026-04-22 14:15:35.202 +07:00 [INF] CORS policy execution successful.
2026-04-22 14:15:35.202 +07:00 [INF] Executing endpoint 'ThucLuc.Api.Controllers.V1.NangLucSoController.GetAll (ThucLuc.Api)'
2026-04-22 14:15:35.203 +07:00 [INF] Route matched with {action = "GetAll", controller = "NangLucSo"}. Executing controller action with signature System.Threading.Tasks.Task`1[Microsoft.AspNetCore.Mvc.ActionResult`1[ThucLuc.Api.Common.Models.ApiResponse`1[System.Collections.Generic.IReadOnlyCollection`1[ThucLuc.Application.Features.NangLucSo.NangLucSoDto]]]] GetAll(ThucLuc.Application.Features.NangLucSo.NangLucSoQuery, System.Threading.CancellationToken) on controller ThucLuc.Api.Controllers.V1.NangLucSoController (ThucLuc.Api).
2026-04-22 14:15:35.208 +07:00 [ERR] 2026-04-22 14:15:35.208196 ThreadID:61  (ERROR)   OracleRelationalCommand.ExecuteReaderAsync() :  Oracle.ManagedDataAccess.Client.OracleException (0x80004005): ORA-00904: "b"."KY_BAO_CAO_CODE": invalid identifier
https://docs.oracle.com/error-help/db/ora-00904/
   at System.Threading.Tasks.ContinuationResultTaskFromResultTask`2.InnerInvoke()
   at System.Threading.ExecutionContext.RunInternal(ExecutionContext executionContext, ContextCallback callback, Object state)
--- End of stack trace from previous location ---
   at System.Threading.ExecutionContext.RunInternal(ExecutionContext executionContext, ContextCallback callback, Object state)
   at System.Threading.Tasks.Task.ExecuteWithThreadLocal(Task& currentTaskSlot, Thread threadPoolThread)
--- End of stack trace from previous location ---
   at Oracle.EntityFrameworkCore.Storage.Internal.OracleRelationalCommandBuilderFactory.OracleRelationalCommandBuilder.OracleRelationalCommand.ExecuteReaderAsync(RelationalCommandParameterObject parameterObject, CancellationToken cancellationToken)
2026-04-22 14:15:35.209 +07:00 [ERR] Failed executing DbCommand (4ms) [Parameters=[:filter_KyBaoCaoCode_0='?' (Size = 50)], CommandType='"Text"', CommandTimeout='0']
SELECT "b"."ID", "b"."CREATED_AT", "b"."CREATED_BY", "b"."DELETED_AT", "b"."DON_VI_ID", "b"."GHI_CHU", "b"."IS_LATEST", "b"."KY_BAO_CAO_CODE", "b"."NHOM_VI_TRI", "b"."SNAPSHOT_BATCH_ID", "b"."SNAPSHOT_CREATED_AT", "b"."SNAPSHOT_VERSION", "b"."TONG_SO_CHUA_DAT", "b"."TONG_SO_DAT", "b"."TONG_SO_DIEN_DANH_GIA", "b"."UPDATED_AT", "b"."UPDATED_BY"
FROM "CAND_QLCNTT"."BIZ_NANG_LUC_SO" "b"
WHERE (("b"."DELETED_AT" IS NULL) AND ("b"."KY_BAO_CAO_CODE" = :filter_KyBaoCaoCode_0))
ORDER BY "b"."NHOM_VI_TRI", "b"."UPDATED_AT" DESC, "b"."CREATED_AT" DESC, "b"."ID" DESC
2026-04-22 14:15:35.210 +07:00 [ERR] 2026-04-22 14:15:35.210871 ThreadID:61  (ERROR)   OracleExecutionStrategy.ExecuteAsync() :  Oracle.ManagedDataAccess.Client.OracleException (0x80004005): ORA-00904: "b"."KY_BAO_CAO_CODE": invalid identifier
https://docs.oracle.com/error-help/db/ora-00904/
   at System.Threading.Tasks.ContinuationResultTaskFromResultTask`2.InnerInvoke()
   at System.Threading.ExecutionContext.RunInternal(ExecutionContext executionContext, ContextCallback callback, Object state)
--- End of stack trace from previous location ---
   at System.Threading.ExecutionContext.RunInternal(ExecutionContext executionContext, ContextCallback callback, Object state)
   at System.Threading.Tasks.Task.ExecuteWithThreadLocal(Task& currentTaskSlot, Thread threadPoolThread)
--- End of stack trace from previous location ---
   at Oracle.EntityFrameworkCore.Storage.Internal.OracleRelationalCommandBuilderFactory.OracleRelationalCommandBuilder.OracleRelationalCommand.ExecuteReaderAsync(RelationalCommandParameterObject parameterObject, CancellationToken cancellationToken)
   at Oracle.EntityFrameworkCore.Storage.Internal.OracleRelationalCommandBuilderFactory.OracleRelationalCommandBuilder.OracleRelationalCommand.ExecuteReaderAsync(RelationalCommandParameterObject parameterObject, CancellationToken cancellationToken)
   at Oracle.EntityFrameworkCore.Storage.Internal.OracleRelationalCommandBuilderFactory.OracleRelationalCommandBuilder.OracleRelationalCommand.ExecuteReaderAsync(RelationalCommandParameterObject parameterObject, CancellationToken cancellationToken)
   at Microsoft.EntityFrameworkCore.Query.Internal.SingleQueryingEnumerable`1.AsyncEnumerator.InitializeReaderAsync(AsyncEnumerator enumerator, CancellationToken cancellationToken)
   at Oracle.EntityFrameworkCore.Storage.Internal.OracleExecutionStrategy.ExecuteAsync[TState,TResult](TState state, Func`4 operation, Func`4 verifySucceeded, CancellationToken cancellationToken)
2026-04-22 14:15:35.212 +07:00 [ERR] An exception occurred while iterating over the results of a query for context type 'ThucLuc.Infrastructure.Persistence.AppDbContext'.
Oracle.ManagedDataAccess.Client.OracleException (0x80004005): ORA-00904: "b"."KY_BAO_CAO_CODE": invalid identifier
https://docs.oracle.com/error-help/db/ora-00904/
   at System.Threading.Tasks.ContinuationResultTaskFromResultTask`2.InnerInvoke()
   at System.Threading.ExecutionContext.RunInternal(ExecutionContext executionContext, ContextCallback callback, Object state)
--- End of stack trace from previous location ---
   at System.Threading.ExecutionContext.RunInternal(ExecutionContext executionContext, ContextCallback callback, Object state)
   at System.Threading.Tasks.Task.ExecuteWithThreadLocal(Task& currentTaskSlot, Thread threadPoolThread)
--- End of stack trace from previous location ---
   at Oracle.EntityFrameworkCore.Storage.Internal.OracleRelationalCommandBuilderFactory.OracleRelationalCommandBuilder.OracleRelationalCommand.ExecuteReaderAsync(RelationalCommandParameterObject parameterObject, CancellationToken cancellationToken)
   at Oracle.EntityFrameworkCore.Storage.Internal.OracleRelationalCommandBuilderFactory.OracleRelationalCommandBuilder.OracleRelationalCommand.ExecuteReaderAsync(RelationalCommandParameterObject parameterObject, CancellationToken cancellationToken)
   at Oracle.EntityFrameworkCore.Storage.Internal.OracleRelationalCommandBuilderFactory.OracleRelationalCommandBuilder.OracleRelationalCommand.ExecuteReaderAsync(RelationalCommandParameterObject parameterObject, CancellationToken cancellationToken)
   at Microsoft.EntityFrameworkCore.Query.Internal.SingleQueryingEnumerable`1.AsyncEnumerator.InitializeReaderAsync(AsyncEnumerator enumerator, CancellationToken cancellationToken)
   at Oracle.EntityFrameworkCore.Storage.Internal.OracleExecutionStrategy.ExecuteAsync[TState,TResult](TState state, Func`4 operation, Func`4 verifySucceeded, CancellationToken cancellationToken)
   at Microsoft.EntityFrameworkCore.Query.Internal.SingleQueryingEnumerable`1.AsyncEnumerator.MoveNextAsync()
Oracle.ManagedDataAccess.Client.OracleException (0x80004005): ORA-00904: "b"."KY_BAO_CAO_CODE": invalid identifier
https://docs.oracle.com/error-help/db/ora-00904/
   at System.Threading.Tasks.ContinuationResultTaskFromResultTask`2.InnerInvoke()
   at System.Threading.ExecutionContext.RunInternal(ExecutionContext executionContext, ContextCallback callback, Object state)
--- End of stack trace from previous location ---
   at System.Threading.ExecutionContext.RunInternal(ExecutionContext executionContext, ContextCallback callback, Object state)
   at System.Threading.Tasks.Task.ExecuteWithThreadLocal(Task& currentTaskSlot, Thread threadPoolThread)
--- End of stack trace from previous location ---
   at Oracle.EntityFrameworkCore.Storage.Internal.OracleRelationalCommandBuilderFactory.OracleRelationalCommandBuilder.OracleRelationalCommand.ExecuteReaderAsync(RelationalCommandParameterObject parameterObject, CancellationToken cancellationToken)
   at Oracle.EntityFrameworkCore.Storage.Internal.OracleRelationalCommandBuilderFactory.OracleRelationalCommandBuilder.OracleRelationalCommand.ExecuteReaderAsync(RelationalCommandParameterObject parameterObject, CancellationToken cancellationToken)
   at Oracle.EntityFrameworkCore.Storage.Internal.OracleRelationalCommandBuilderFactory.OracleRelationalCommandBuilder.OracleRelationalCommand.ExecuteReaderAsync(RelationalCommandParameterObject parameterObject, CancellationToken cancellationToken)
   at Microsoft.EntityFrameworkCore.Query.Internal.SingleQueryingEnumerable`1.AsyncEnumerator.InitializeReaderAsync(AsyncEnumerator enumerator, CancellationToken cancellationToken)
   at Oracle.EntityFrameworkCore.Storage.Internal.OracleExecutionStrategy.ExecuteAsync[TState,TResult](TState state, Func`4 operation, Func`4 verifySucceeded, CancellationToken cancellationToken)
   at Microsoft.EntityFrameworkCore.Query.Internal.SingleQueryingEnumerable`1.AsyncEnumerator.MoveNextAsync()
2026-04-22 14:15:35.217 +07:00 [INF] Executed action ThucLuc.Api.Controllers.V1.NangLucSoController.GetAll (ThucLuc.Api) in 12.869ms
2026-04-22 14:15:35.218 +07:00 [INF] Executed endpoint 'ThucLuc.Api.Controllers.V1.NangLucSoController.GetAll (ThucLuc.Api)'
2026-04-22 14:15:35.219 +07:00 [ERR] Unhandled exception. CorrelationId=64e1acd019f54bd48a7dff7fb98d4a58
Oracle.ManagedDataAccess.Client.OracleException (0x80004005): ORA-00904: "b"."KY_BAO_CAO_CODE": invalid identifier
https://docs.oracle.com/error-help/db/ora-00904/
   at System.Threading.Tasks.ContinuationResultTaskFromResultTask`2.InnerInvoke()
   at System.Threading.ExecutionContext.RunInternal(ExecutionContext executionContext, ContextCallback callback, Object state)
--- End of stack trace from previous location ---
   at System.Threading.ExecutionContext.RunInternal(ExecutionContext executionContext, ContextCallback callback, Object state)
   at System.Threading.Tasks.Task.ExecuteWithThreadLocal(Task& currentTaskSlot, Thread threadPoolThread)
--- End of stack trace from previous location ---
   at Oracle.EntityFrameworkCore.Storage.Internal.OracleRelationalCommandBuilderFactory.OracleRelationalCommandBuilder.OracleRelationalCommand.ExecuteReaderAsync(RelationalCommandParameterObject parameterObject, CancellationToken cancellationToken)
   at Oracle.EntityFrameworkCore.Storage.Internal.OracleRelationalCommandBuilderFactory.OracleRelationalCommandBuilder.OracleRelationalCommand.ExecuteReaderAsync(RelationalCommandParameterObject parameterObject, CancellationToken cancellationToken)
   at Oracle.EntityFrameworkCore.Storage.Internal.OracleRelationalCommandBuilderFactory.OracleRelationalCommandBuilder.OracleRelationalCommand.ExecuteReaderAsync(RelationalCommandParameterObject parameterObject, CancellationToken cancellationToken)
   at Microsoft.EntityFrameworkCore.Query.Internal.SingleQueryingEnumerable`1.AsyncEnumerator.InitializeReaderAsync(AsyncEnumerator enumerator, CancellationToken cancellationToken)
   at Oracle.EntityFrameworkCore.Storage.Internal.OracleExecutionStrategy.ExecuteAsync[TState,TResult](TState state, Func`4 operation, Func`4 verifySucceeded, CancellationToken cancellationToken)
   at Microsoft.EntityFrameworkCore.Query.Internal.SingleQueryingEnumerable`1.AsyncEnumerator.MoveNextAsync()
   at Microsoft.EntityFrameworkCore.EntityFrameworkQueryableExtensions.ToListAsync[TSource](IQueryable`1 source, CancellationToken cancellationToken)
   at Microsoft.EntityFrameworkCore.EntityFrameworkQueryableExtensions.ToListAsync[TSource](IQueryable`1 source, CancellationToken cancellationToken)
   at ThucLuc.Application.Features.NangLucSo.NangLucSoService.GetAllAsync(NangLucSoQuery query, CancellationToken cancellationToken) in D:\Projects\ThucLuc_V2\.sources\backend\src\Application\Features\NangLucSo\NangLucSoService.cs:line 56
   at ThucLuc.Api.Controllers.V1.NangLucSoController.GetAll(NangLucSoQuery query, CancellationToken cancellationToken) in D:\Projects\ThucLuc_V2\.sources\backend\src\api\Controllers\V1\NangLucSoController.cs:line 28
   at lambda_method2124(Closure, Object)
   at Microsoft.AspNetCore.Mvc.Infrastructure.ActionMethodExecutor.AwaitableObjectResultExecutor.Execute(ActionContext actionContext, IActionResultTypeMapper mapper, ObjectMethodExecutor executor, Object controller, Object[] arguments)
   at Microsoft.AspNetCore.Mvc.Infrastructure.ControllerActionInvoker.<InvokeActionMethodAsync>g__Awaited|12_0(ControllerActionInvoker invoker, ValueTask`1 actionResultValueTask)
   at Microsoft.AspNetCore.Mvc.Infrastructure.ControllerActionInvoker.<InvokeNextActionFilterAsync>g__Awaited|10_0(ControllerActionInvoker invoker, Task lastTask, State next, Scope scope, Object state, Boolean isCompleted)
   at Microsoft.AspNetCore.Mvc.Infrastructure.ControllerActionInvoker.Rethrow(ActionExecutedContextSealed context)
   at Microsoft.AspNetCore.Mvc.Infrastructure.ControllerActionInvoker.Next(State& next, Scope& scope, Object& state, Boolean& isCompleted)
   at Microsoft.AspNetCore.Mvc.Infrastructure.ControllerActionInvoker.<InvokeInnerFilterAsync>g__Awaited|13_0(ControllerActionInvoker invoker, Task lastTask, State next, Scope scope, Object state, Boolean isCompleted)
   at Microsoft.AspNetCore.Mvc.Infrastructure.ResourceInvoker.<InvokeFilterPipelineAsync>g__Awaited|20_0(ResourceInvoker invoker, Task lastTask, State next, Scope scope, Object state, Boolean isCompleted)
   at Microsoft.AspNetCore.Mvc.Infrastructure.ResourceInvoker.<InvokeAsync>g__Logged|17_1(ResourceInvoker invoker)
   at Microsoft.AspNetCore.Mvc.Infrastructure.ResourceInvoker.<InvokeAsync>g__Logged|17_1(ResourceInvoker invoker)
   at Microsoft.AspNetCore.Routing.EndpointMiddleware.<Invoke>g__AwaitRequestTask|7_0(Endpoint endpoint, Task requestTask, ILogger logger)
   at Microsoft.AspNetCore.Authorization.AuthorizationMiddleware.Invoke(HttpContext context)
   at Microsoft.AspNetCore.Authentication.AuthenticationMiddleware.Invoke(HttpContext context)
   at Swashbuckle.AspNetCore.SwaggerUI.SwaggerUIMiddleware.Invoke(HttpContext httpContext)
   at Swashbuckle.AspNetCore.Swagger.SwaggerMiddleware.Invoke(HttpContext httpContext, ISwaggerProvider swaggerProvider)
   at ThucLuc.Api.Common.Middleware.GlobalExceptionMiddleware.InvokeAsync(HttpContext context) in D:\Projects\ThucLuc_V2\.sources\backend\src\api\Common\Middleware\GlobalExceptionMiddleware.cs:line 23
2026-04-22 14:15:35.225 +07:00 [INF] HTTP GET /api/v1/nang-luc-so => 500 in 23.8179 ms CorrelationId=64e1acd019f54bd48a7dff7fb98d4a58 UserId=5001
2026-04-22 14:15:35.227 +07:00 [ERR] HTTP GET /api/v1/nang-luc-so responded 500 in 25.7477 ms
2026-04-22 14:15:35.229 +07:00 [INF] Request finished HTTP/1.1 GET http://localhost:5283/api/v1/nang-luc-so?kyCode=2026Q1_NHAN_LUC&kyBaoCaoCode=2026Q1_NHAN_LUC&mode=live&nam=2026 - 500 null application/json 28.7437ms
2026-04-22 14:15:40.585 +07:00 [INF] Request starting HTTP/1.1 OPTIONS http://localhost:5283/api/v1/don-vi/2001 - null null
2026-04-22 14:15:40.588 +07:00 [INF] Request starting HTTP/1.1 OPTIONS http://localhost:5283/api/v1/codes/by-code/NHOM_NANG_LUC_SO - null null
2026-04-22 14:15:40.588 +07:00 [INF] CORS policy execution successful.
2026-04-22 14:15:40.590 +07:00 [INF] CORS policy execution successful.
2026-04-22 14:15:40.591 +07:00 [INF] HTTP OPTIONS /api/v1/don-vi/2001 => 204 in 2.8278 ms CorrelationId=1e5ee3bbb21e4c9f89fad3c239d4d4ba UserId=anonymous
2026-04-22 14:15:40.592 +07:00 [INF] HTTP OPTIONS /api/v1/codes/by-code/NHOM_NANG_LUC_SO => 204 in 1.1161 ms CorrelationId=9d6531b3fba84dffa865ea7e5f0cf71d UserId=anonymous
2026-04-22 14:15:40.593 +07:00 [INF] HTTP OPTIONS /api/v1/don-vi/2001 responded 204 in 5.3042 ms
2026-04-22 14:15:40.597 +07:00 [INF] HTTP OPTIONS /api/v1/codes/by-code/NHOM_NANG_LUC_SO responded 204 in 6.7500 ms
2026-04-22 14:15:40.601 +07:00 [INF] Request finished HTTP/1.1 OPTIONS http://localhost:5283/api/v1/don-vi/2001 - 204 null null 15.8663ms
2026-04-22 14:15:40.602 +07:00 [INF] Request finished HTTP/1.1 OPTIONS http://localhost:5283/api/v1/codes/by-code/NHOM_NANG_LUC_SO - 204 null null 14.4235ms
2026-04-22 14:15:40.606 +07:00 [INF] Request starting HTTP/1.1 GET http://localhost:5283/api/v1/don-vi/2001 - null null
2026-04-22 14:15:40.609 +07:00 [INF] Request starting HTTP/1.1 GET http://localhost:5283/api/v1/codes/by-code/NHOM_NANG_LUC_SO - null null
2026-04-22 14:15:40.611 +07:00 [INF] CORS policy execution successful.
2026-04-22 14:15:40.614 +07:00 [INF] CORS policy execution successful.
2026-04-22 14:15:40.615 +07:00 [INF] Executing endpoint 'ThucLuc.Api.Controllers.V1.DonViController.GetById (ThucLuc.Api)'
2026-04-22 14:15:40.616 +07:00 [INF] Executing endpoint 'ThucLuc.Api.Controllers.V1.CodesController.GetByCode (ThucLuc.Api)'
2026-04-22 14:15:40.617 +07:00 [INF] Route matched with {action = "GetById", controller = "DonVi"}. Executing controller action with signature System.Threading.Tasks.Task`1[Microsoft.AspNetCore.Mvc.ActionResult`1[ThucLuc.Api.Common.Models.ApiResponse`1[ThucLuc.Application.Features.DonVi.DonViDto]]] GetById(Int64, System.Threading.CancellationToken) on controller ThucLuc.Api.Controllers.V1.DonViController (ThucLuc.Api).
2026-04-22 14:15:40.618 +07:00 [INF] Route matched with {action = "GetByCode", controller = "Codes"}. Executing controller action with signature System.Threading.Tasks.Task`1[Microsoft.AspNetCore.Mvc.ActionResult`1[ThucLuc.Api.Common.Models.ApiResponse`1[ThucLuc.Application.Features.Codes.CodeDto]]] GetByCode(System.String, System.Threading.CancellationToken) on controller ThucLuc.Api.Controllers.V1.CodesController (ThucLuc.Api).
2026-04-22 14:15:40.622 +07:00 [INF] Executing OkObjectResult, writing value of type 'ThucLuc.Api.Common.Models.ApiResponse`1[[ThucLuc.Application.Features.DonVi.DonViDto, ThucLuc.Application, Version=1.0.0.0, Culture=neutral, PublicKeyToken=null]]'.
2026-04-22 14:15:40.623 +07:00 [INF] Executed action ThucLuc.Api.Controllers.V1.DonViController.GetById (ThucLuc.Api) in 3.3313ms
2026-04-22 14:15:40.623 +07:00 [INF] Executing OkObjectResult, writing value of type 'ThucLuc.Api.Common.Models.ApiResponse`1[[ThucLuc.Application.Features.Codes.CodeDto, ThucLuc.Application, Version=1.0.0.0, Culture=neutral, PublicKeyToken=null]]'.
2026-04-22 14:15:40.624 +07:00 [INF] Executed endpoint 'ThucLuc.Api.Controllers.V1.DonViController.GetById (ThucLuc.Api)'
2026-04-22 14:15:40.625 +07:00 [INF] Executed action ThucLuc.Api.Controllers.V1.CodesController.GetByCode (ThucLuc.Api) in 3.87ms
2026-04-22 14:15:40.626 +07:00 [INF] HTTP GET /api/v1/don-vi/2001 => 200 in 14.2722 ms CorrelationId=6f06f46aa81148d1b3a7be23b1fb9c4e UserId=5001
2026-04-22 14:15:40.627 +07:00 [INF] Executed endpoint 'ThucLuc.Api.Controllers.V1.CodesController.GetByCode (ThucLuc.Api)'
2026-04-22 14:15:40.628 +07:00 [INF] HTTP GET /api/v1/don-vi/2001 responded 200 in 16.1922 ms
2026-04-22 14:15:40.628 +07:00 [INF] HTTP GET /api/v1/codes/by-code/NHOM_NANG_LUC_SO => 200 in 14.1708 ms CorrelationId=e1179e69322d47e49ade78194aa08d51 UserId=5001
2026-04-22 14:15:40.630 +07:00 [INF] Request finished HTTP/1.1 GET http://localhost:5283/api/v1/don-vi/2001 - 200 null application/json; charset=utf-8 24.1007ms
2026-04-22 14:15:40.632 +07:00 [INF] HTTP GET /api/v1/codes/by-code/NHOM_NANG_LUC_SO responded 200 in 18.1851 ms
2026-04-22 14:15:40.636 +07:00 [INF] Request finished HTTP/1.1 GET http://localhost:5283/api/v1/codes/by-code/NHOM_NANG_LUC_SO - 200 null application/json; charset=utf-8 26.4821ms
2026-04-22 14:15:40.638 +07:00 [INF] Request starting HTTP/1.1 OPTIONS http://localhost:5283/api/v1/ky-bao-cao - null null
2026-04-22 14:15:40.638 +07:00 [INF] Request starting HTTP/1.1 OPTIONS http://localhost:5283/api/v1/ky-bao-cao/current - null null
2026-04-22 14:15:40.640 +07:00 [INF] CORS policy execution successful.
2026-04-22 14:15:40.641 +07:00 [INF] CORS policy execution successful.
2026-04-22 14:15:40.642 +07:00 [INF] HTTP OPTIONS /api/v1/ky-bao-cao => 204 in 2.2219 ms CorrelationId=b0cb692af2f5487faf15681089060f1f UserId=anonymous
2026-04-22 14:15:40.642 +07:00 [INF] HTTP OPTIONS /api/v1/ky-bao-cao/current => 204 in 0.8998 ms CorrelationId=f07eb648490043eab404555577a50070 UserId=anonymous
2026-04-22 14:15:40.643 +07:00 [INF] HTTP OPTIONS /api/v1/ky-bao-cao responded 204 in 3.9733 ms
2026-04-22 14:15:40.645 +07:00 [INF] HTTP OPTIONS /api/v1/ky-bao-cao/current responded 204 in 3.2627 ms
2026-04-22 14:15:40.646 +07:00 [INF] Request finished HTTP/1.1 OPTIONS http://localhost:5283/api/v1/ky-bao-cao - 204 null null 7.7306ms
2026-04-22 14:15:40.647 +07:00 [INF] Request finished HTTP/1.1 OPTIONS http://localhost:5283/api/v1/ky-bao-cao/current - 204 null null 9.5136ms
2026-04-22 14:15:40.650 +07:00 [INF] Request starting HTTP/1.1 GET http://localhost:5283/api/v1/ky-bao-cao - null null
2026-04-22 14:15:40.652 +07:00 [INF] Request starting HTTP/1.1 GET http://localhost:5283/api/v1/ky-bao-cao/current - null null
2026-04-22 14:15:40.654 +07:00 [INF] CORS policy execution successful.
2026-04-22 14:15:40.656 +07:00 [INF] CORS policy execution successful.
2026-04-22 14:15:40.657 +07:00 [INF] Executing endpoint 'ThucLuc.Api.Controllers.V1.KyBaoCaoController.GetAll (ThucLuc.Api)'
2026-04-22 14:15:40.657 +07:00 [INF] Executing endpoint 'ThucLuc.Api.Controllers.V1.KyBaoCaoController.GetCurrent (ThucLuc.Api)'
2026-04-22 14:15:40.658 +07:00 [INF] Route matched with {action = "GetAll", controller = "KyBaoCao"}. Executing controller action with signature System.Threading.Tasks.Task`1[Microsoft.AspNetCore.Mvc.ActionResult`1[ThucLuc.Api.Common.Models.ApiResponse`1[System.Collections.Generic.IReadOnlyCollection`1[ThucLuc.Application.Features.KyBaoCao.KyBaoCaoDto]]]] GetAll(System.Threading.CancellationToken) on controller ThucLuc.Api.Controllers.V1.KyBaoCaoController (ThucLuc.Api).
2026-04-22 14:15:40.659 +07:00 [INF] Route matched with {action = "GetCurrent", controller = "KyBaoCao"}. Executing controller action with signature System.Threading.Tasks.Task`1[Microsoft.AspNetCore.Mvc.ActionResult`1[ThucLuc.Api.Common.Models.ApiResponse`1[ThucLuc.Application.Features.KyBaoCao.KyBaoCaoDto]]] GetCurrent(System.Threading.CancellationToken) on controller ThucLuc.Api.Controllers.V1.KyBaoCaoController (ThucLuc.Api).
2026-04-22 14:15:40.662 +07:00 [INF] Executing OkObjectResult, writing value of type 'ThucLuc.Api.Common.Models.ApiResponse`1[[System.Collections.Generic.IReadOnlyCollection`1[[ThucLuc.Application.Features.KyBaoCao.KyBaoCaoDto, ThucLuc.Application, Version=1.0.0.0, Culture=neutral, PublicKeyToken=null]], System.Private.CoreLib, Version=8.0.0.0, Culture=neutral, PublicKeyToken=7cec85d7bea7798e]]'.
2026-04-22 14:15:40.663 +07:00 [INF] Executing OkObjectResult, writing value of type 'ThucLuc.Api.Common.Models.ApiResponse`1[[ThucLuc.Application.Features.KyBaoCao.KyBaoCaoDto, ThucLuc.Application, Version=1.0.0.0, Culture=neutral, PublicKeyToken=null]]'.
2026-04-22 14:15:40.664 +07:00 [INF] Executed action ThucLuc.Api.Controllers.V1.KyBaoCaoController.GetAll (ThucLuc.Api) in 3.1167ms
2026-04-22 14:15:40.665 +07:00 [INF] Executed action ThucLuc.Api.Controllers.V1.KyBaoCaoController.GetCurrent (ThucLuc.Api) in 3.0595ms
2026-04-22 14:15:40.666 +07:00 [INF] Executed endpoint 'ThucLuc.Api.Controllers.V1.KyBaoCaoController.GetAll (ThucLuc.Api)'
2026-04-22 14:15:40.667 +07:00 [INF] Executed endpoint 'ThucLuc.Api.Controllers.V1.KyBaoCaoController.GetCurrent (ThucLuc.Api)'
2026-04-22 14:15:40.668 +07:00 [INF] HTTP GET /api/v1/ky-bao-cao => 200 in 14.5816 ms CorrelationId=ec163f0ab7964f138dace15f54b6802f UserId=5001
2026-04-22 14:15:40.669 +07:00 [INF] HTTP GET /api/v1/ky-bao-cao/current => 200 in 13.1187 ms CorrelationId=9378276ced914d8aae60e48e48483abc UserId=5001
2026-04-22 14:15:40.671 +07:00 [INF] HTTP GET /api/v1/ky-bao-cao responded 200 in 17.0908 ms
2026-04-22 14:15:40.672 +07:00 [INF] HTTP GET /api/v1/ky-bao-cao/current responded 200 in 16.1076 ms
2026-04-22 14:15:40.673 +07:00 [INF] Request finished HTTP/1.1 GET http://localhost:5283/api/v1/ky-bao-cao - 200 null application/json; charset=utf-8 23.1821ms
2026-04-22 14:15:40.674 +07:00 [INF] Request finished HTTP/1.1 GET http://localhost:5283/api/v1/ky-bao-cao/current - 200 null application/json; charset=utf-8 22.2981ms
2026-04-22 14:15:40.679 +07:00 [INF] Request starting HTTP/1.1 OPTIONS http://localhost:5283/api/v1/nang-luc-so?kyCode=2026Q1_NHAN_LUC&kyBaoCaoCode=2026Q1_NHAN_LUC&mode=live&nam=2026 - null null
2026-04-22 14:15:40.681 +07:00 [INF] CORS policy execution successful.
2026-04-22 14:15:40.682 +07:00 [INF] HTTP OPTIONS /api/v1/nang-luc-so => 204 in 0.7607 ms CorrelationId=c838bc08b3dc47be96df79d543ce4c12 UserId=anonymous
2026-04-22 14:15:40.684 +07:00 [INF] HTTP OPTIONS /api/v1/nang-luc-so responded 204 in 2.3825 ms
2026-04-22 14:15:40.685 +07:00 [INF] Request finished HTTP/1.1 OPTIONS http://localhost:5283/api/v1/nang-luc-so?kyCode=2026Q1_NHAN_LUC&kyBaoCaoCode=2026Q1_NHAN_LUC&mode=live&nam=2026 - 204 null null 6.4652ms
2026-04-22 14:15:40.759 +07:00 [INF] Request starting HTTP/1.1 GET http://localhost:5283/api/v1/don-vi/2001 - null null
2026-04-22 14:15:40.762 +07:00 [INF] CORS policy execution successful.
2026-04-22 14:15:40.763 +07:00 [INF] Executing endpoint 'ThucLuc.Api.Controllers.V1.DonViController.GetById (ThucLuc.Api)'
2026-04-22 14:15:40.763 +07:00 [INF] Request starting HTTP/1.1 GET http://localhost:5283/api/v1/codes/by-code/NHOM_NANG_LUC_SO - null null
2026-04-22 14:15:40.764 +07:00 [INF] Route matched with {action = "GetById", controller = "DonVi"}. Executing controller action with signature System.Threading.Tasks.Task`1[Microsoft.AspNetCore.Mvc.ActionResult`1[ThucLuc.Api.Common.Models.ApiResponse`1[ThucLuc.Application.Features.DonVi.DonViDto]]] GetById(Int64, System.Threading.CancellationToken) on controller ThucLuc.Api.Controllers.V1.DonViController (ThucLuc.Api).
2026-04-22 14:15:40.766 +07:00 [INF] CORS policy execution successful.
2026-04-22 14:15:40.768 +07:00 [INF] Executing endpoint 'ThucLuc.Api.Controllers.V1.CodesController.GetByCode (ThucLuc.Api)'
2026-04-22 14:15:40.769 +07:00 [INF] Route matched with {action = "GetByCode", controller = "Codes"}. Executing controller action with signature System.Threading.Tasks.Task`1[Microsoft.AspNetCore.Mvc.ActionResult`1[ThucLuc.Api.Common.Models.ApiResponse`1[ThucLuc.Application.Features.Codes.CodeDto]]] GetByCode(System.String, System.Threading.CancellationToken) on controller ThucLuc.Api.Controllers.V1.CodesController (ThucLuc.Api).
2026-04-22 14:15:40.769 +07:00 [INF] Executing OkObjectResult, writing value of type 'ThucLuc.Api.Common.Models.ApiResponse`1[[ThucLuc.Application.Features.DonVi.DonViDto, ThucLuc.Application, Version=1.0.0.0, Culture=neutral, PublicKeyToken=null]]'.
2026-04-22 14:15:40.772 +07:00 [INF] Executed action ThucLuc.Api.Controllers.V1.DonViController.GetById (ThucLuc.Api) in 4.2733ms
2026-04-22 14:15:40.772 +07:00 [INF] Executing OkObjectResult, writing value of type 'ThucLuc.Api.Common.Models.ApiResponse`1[[ThucLuc.Application.Features.Codes.CodeDto, ThucLuc.Application, Version=1.0.0.0, Culture=neutral, PublicKeyToken=null]]'.
2026-04-22 14:15:40.772 +07:00 [INF] Executed endpoint 'ThucLuc.Api.Controllers.V1.DonViController.GetById (ThucLuc.Api)'
2026-04-22 14:15:40.774 +07:00 [INF] Executed action ThucLuc.Api.Controllers.V1.CodesController.GetByCode (ThucLuc.Api) in 3.1097ms
2026-04-22 14:15:40.774 +07:00 [INF] HTTP GET /api/v1/don-vi/2001 => 200 in 12.7176 ms CorrelationId=5e8fb56e674f4f2db81d61c103def85b UserId=5001
2026-04-22 14:15:40.775 +07:00 [INF] Executed endpoint 'ThucLuc.Api.Controllers.V1.CodesController.GetByCode (ThucLuc.Api)'
2026-04-22 14:15:40.777 +07:00 [INF] HTTP GET /api/v1/don-vi/2001 responded 200 in 15.1130 ms
2026-04-22 14:15:40.778 +07:00 [INF] HTTP GET /api/v1/codes/by-code/NHOM_NANG_LUC_SO => 200 in 11.8045 ms CorrelationId=1c5be3fe71214bd680bba51a5912f417 UserId=5001
2026-04-22 14:15:40.779 +07:00 [INF] Request finished HTTP/1.1 GET http://localhost:5283/api/v1/don-vi/2001 - 200 null application/json; charset=utf-8 19.4525ms
2026-04-22 14:15:40.781 +07:00 [INF] HTTP GET /api/v1/codes/by-code/NHOM_NANG_LUC_SO responded 200 in 15.1656 ms
2026-04-22 14:15:40.785 +07:00 [INF] Request finished HTTP/1.1 GET http://localhost:5283/api/v1/codes/by-code/NHOM_NANG_LUC_SO - 200 null application/json; charset=utf-8 22.424ms
2026-04-22 14:15:40.789 +07:00 [INF] Request starting HTTP/1.1 GET http://localhost:5283/api/v1/ky-bao-cao - null null
2026-04-22 14:15:40.789 +07:00 [INF] Request starting HTTP/1.1 GET http://localhost:5283/api/v1/ky-bao-cao/current - null null
2026-04-22 14:15:40.791 +07:00 [INF] CORS policy execution successful.
2026-04-22 14:15:40.793 +07:00 [INF] CORS policy execution successful.
2026-04-22 14:15:40.794 +07:00 [INF] Executing endpoint 'ThucLuc.Api.Controllers.V1.KyBaoCaoController.GetAll (ThucLuc.Api)'
2026-04-22 14:15:40.794 +07:00 [INF] Executing endpoint 'ThucLuc.Api.Controllers.V1.KyBaoCaoController.GetCurrent (ThucLuc.Api)'
2026-04-22 14:15:40.795 +07:00 [INF] Route matched with {action = "GetAll", controller = "KyBaoCao"}. Executing controller action with signature System.Threading.Tasks.Task`1[Microsoft.AspNetCore.Mvc.ActionResult`1[ThucLuc.Api.Common.Models.ApiResponse`1[System.Collections.Generic.IReadOnlyCollection`1[ThucLuc.Application.Features.KyBaoCao.KyBaoCaoDto]]]] GetAll(System.Threading.CancellationToken) on controller ThucLuc.Api.Controllers.V1.KyBaoCaoController (ThucLuc.Api).
2026-04-22 14:15:40.796 +07:00 [INF] Route matched with {action = "GetCurrent", controller = "KyBaoCao"}. Executing controller action with signature System.Threading.Tasks.Task`1[Microsoft.AspNetCore.Mvc.ActionResult`1[ThucLuc.Api.Common.Models.ApiResponse`1[ThucLuc.Application.Features.KyBaoCao.KyBaoCaoDto]]] GetCurrent(System.Threading.CancellationToken) on controller ThucLuc.Api.Controllers.V1.KyBaoCaoController (ThucLuc.Api).
2026-04-22 14:15:40.800 +07:00 [INF] Executing OkObjectResult, writing value of type 'ThucLuc.Api.Common.Models.ApiResponse`1[[System.Collections.Generic.IReadOnlyCollection`1[[ThucLuc.Application.Features.KyBaoCao.KyBaoCaoDto, ThucLuc.Application, Version=1.0.0.0, Culture=neutral, PublicKeyToken=null]], System.Private.CoreLib, Version=8.0.0.0, Culture=neutral, PublicKeyToken=7cec85d7bea7798e]]'.
2026-04-22 14:15:40.800 +07:00 [INF] Executing OkObjectResult, writing value of type 'ThucLuc.Api.Common.Models.ApiResponse`1[[ThucLuc.Application.Features.KyBaoCao.KyBaoCaoDto, ThucLuc.Application, Version=1.0.0.0, Culture=neutral, PublicKeyToken=null]]'.
2026-04-22 14:15:40.801 +07:00 [INF] Executed action ThucLuc.Api.Controllers.V1.KyBaoCaoController.GetAll (ThucLuc.Api) in 3.5796ms
2026-04-22 14:15:40.802 +07:00 [INF] Executed action ThucLuc.Api.Controllers.V1.KyBaoCaoController.GetCurrent (ThucLuc.Api) in 2.6322ms
2026-04-22 14:15:40.803 +07:00 [INF] Executed endpoint 'ThucLuc.Api.Controllers.V1.KyBaoCaoController.GetAll (ThucLuc.Api)'
2026-04-22 14:15:40.804 +07:00 [INF] Executed endpoint 'ThucLuc.Api.Controllers.V1.KyBaoCaoController.GetCurrent (ThucLuc.Api)'
2026-04-22 14:15:40.804 +07:00 [INF] HTTP GET /api/v1/ky-bao-cao => 200 in 13.221 ms CorrelationId=b16f812c147644b4a931c0f4dd00068b UserId=5001
2026-04-22 14:15:40.805 +07:00 [INF] HTTP GET /api/v1/ky-bao-cao/current => 200 in 11.7815 ms CorrelationId=1c5a892048d94124aeac4e119b3ba079 UserId=5001
2026-04-22 14:15:40.806 +07:00 [INF] HTTP GET /api/v1/ky-bao-cao responded 200 in 15.0703 ms
2026-04-22 14:15:40.808 +07:00 [INF] HTTP GET /api/v1/ky-bao-cao/current responded 200 in 14.5648 ms
2026-04-22 14:15:40.809 +07:00 [INF] Request finished HTTP/1.1 GET http://localhost:5283/api/v1/ky-bao-cao - 200 null application/json; charset=utf-8 20.2975ms
2026-04-22 14:15:40.810 +07:00 [INF] Request finished HTTP/1.1 GET http://localhost:5283/api/v1/ky-bao-cao/current - 200 null application/json; charset=utf-8 21.4899ms
2026-04-22 14:15:40.815 +07:00 [INF] Request starting HTTP/1.1 GET http://localhost:5283/api/v1/nang-luc-so?kyCode=2026Q1_NHAN_LUC&kyBaoCaoCode=2026Q1_NHAN_LUC&mode=live&nam=2026 - null null
2026-04-22 14:15:40.818 +07:00 [INF] CORS policy execution successful.
2026-04-22 14:15:40.819 +07:00 [INF] Executing endpoint 'ThucLuc.Api.Controllers.V1.NangLucSoController.GetAll (ThucLuc.Api)'
2026-04-22 14:15:40.819 +07:00 [INF] Route matched with {action = "GetAll", controller = "NangLucSo"}. Executing controller action with signature System.Threading.Tasks.Task`1[Microsoft.AspNetCore.Mvc.ActionResult`1[ThucLuc.Api.Common.Models.ApiResponse`1[System.Collections.Generic.IReadOnlyCollection`1[ThucLuc.Application.Features.NangLucSo.NangLucSoDto]]]] GetAll(ThucLuc.Application.Features.NangLucSo.NangLucSoQuery, System.Threading.CancellationToken) on controller ThucLuc.Api.Controllers.V1.NangLucSoController (ThucLuc.Api).
2026-04-22 14:15:40.824 +07:00 [ERR] 2026-04-22 14:15:40.824971 ThreadID:62  (ERROR)   OracleRelationalCommand.ExecuteReaderAsync() :  Oracle.ManagedDataAccess.Client.OracleException (0x80004005): ORA-00904: "b"."KY_BAO_CAO_CODE": invalid identifier
https://docs.oracle.com/error-help/db/ora-00904/
   at System.Threading.Tasks.ContinuationResultTaskFromResultTask`2.InnerInvoke()
   at System.Threading.ExecutionContext.RunInternal(ExecutionContext executionContext, ContextCallback callback, Object state)
--- End of stack trace from previous location ---
   at System.Threading.ExecutionContext.RunInternal(ExecutionContext executionContext, ContextCallback callback, Object state)
   at System.Threading.Tasks.Task.ExecuteWithThreadLocal(Task& currentTaskSlot, Thread threadPoolThread)
--- End of stack trace from previous location ---
   at Oracle.EntityFrameworkCore.Storage.Internal.OracleRelationalCommandBuilderFactory.OracleRelationalCommandBuilder.OracleRelationalCommand.ExecuteReaderAsync(RelationalCommandParameterObject parameterObject, CancellationToken cancellationToken)
2026-04-22 14:15:40.826 +07:00 [ERR] Failed executing DbCommand (4ms) [Parameters=[:filter_KyBaoCaoCode_0='?' (Size = 50)], CommandType='"Text"', CommandTimeout='0']
SELECT "b"."ID", "b"."CREATED_AT", "b"."CREATED_BY", "b"."DELETED_AT", "b"."DON_VI_ID", "b"."GHI_CHU", "b"."IS_LATEST", "b"."KY_BAO_CAO_CODE", "b"."NHOM_VI_TRI", "b"."SNAPSHOT_BATCH_ID", "b"."SNAPSHOT_CREATED_AT", "b"."SNAPSHOT_VERSION", "b"."TONG_SO_CHUA_DAT", "b"."TONG_SO_DAT", "b"."TONG_SO_DIEN_DANH_GIA", "b"."UPDATED_AT", "b"."UPDATED_BY"
FROM "CAND_QLCNTT"."BIZ_NANG_LUC_SO" "b"
WHERE (("b"."DELETED_AT" IS NULL) AND ("b"."KY_BAO_CAO_CODE" = :filter_KyBaoCaoCode_0))
ORDER BY "b"."NHOM_VI_TRI", "b"."UPDATED_AT" DESC, "b"."CREATED_AT" DESC, "b"."ID" DESC
2026-04-22 14:15:40.828 +07:00 [ERR] 2026-04-22 14:15:40.828356 ThreadID:62  (ERROR)   OracleExecutionStrategy.ExecuteAsync() :  Oracle.ManagedDataAccess.Client.OracleException (0x80004005): ORA-00904: "b"."KY_BAO_CAO_CODE": invalid identifier
https://docs.oracle.com/error-help/db/ora-00904/
   at System.Threading.Tasks.ContinuationResultTaskFromResultTask`2.InnerInvoke()
   at System.Threading.ExecutionContext.RunInternal(ExecutionContext executionContext, ContextCallback callback, Object state)
--- End of stack trace from previous location ---
   at System.Threading.ExecutionContext.RunInternal(ExecutionContext executionContext, ContextCallback callback, Object state)
   at System.Threading.Tasks.Task.ExecuteWithThreadLocal(Task& currentTaskSlot, Thread threadPoolThread)
--- End of stack trace from previous location ---
   at Oracle.EntityFrameworkCore.Storage.Internal.OracleRelationalCommandBuilderFactory.OracleRelationalCommandBuilder.OracleRelationalCommand.ExecuteReaderAsync(RelationalCommandParameterObject parameterObject, CancellationToken cancellationToken)
   at Oracle.EntityFrameworkCore.Storage.Internal.OracleRelationalCommandBuilderFactory.OracleRelationalCommandBuilder.OracleRelationalCommand.ExecuteReaderAsync(RelationalCommandParameterObject parameterObject, CancellationToken cancellationToken)
   at Oracle.EntityFrameworkCore.Storage.Internal.OracleRelationalCommandBuilderFactory.OracleRelationalCommandBuilder.OracleRelationalCommand.ExecuteReaderAsync(RelationalCommandParameterObject parameterObject, CancellationToken cancellationToken)
   at Microsoft.EntityFrameworkCore.Query.Internal.SingleQueryingEnumerable`1.AsyncEnumerator.InitializeReaderAsync(AsyncEnumerator enumerator, CancellationToken cancellationToken)
   at Oracle.EntityFrameworkCore.Storage.Internal.OracleExecutionStrategy.ExecuteAsync[TState,TResult](TState state, Func`4 operation, Func`4 verifySucceeded, CancellationToken cancellationToken)
2026-04-22 14:15:40.830 +07:00 [ERR] An exception occurred while iterating over the results of a query for context type 'ThucLuc.Infrastructure.Persistence.AppDbContext'.
Oracle.ManagedDataAccess.Client.OracleException (0x80004005): ORA-00904: "b"."KY_BAO_CAO_CODE": invalid identifier
https://docs.oracle.com/error-help/db/ora-00904/
   at System.Threading.Tasks.ContinuationResultTaskFromResultTask`2.InnerInvoke()
   at System.Threading.ExecutionContext.RunInternal(ExecutionContext executionContext, ContextCallback callback, Object state)
--- End of stack trace from previous location ---
   at System.Threading.ExecutionContext.RunInternal(ExecutionContext executionContext, ContextCallback callback, Object state)
   at System.Threading.Tasks.Task.ExecuteWithThreadLocal(Task& currentTaskSlot, Thread threadPoolThread)
--- End of stack trace from previous location ---
   at Oracle.EntityFrameworkCore.Storage.Internal.OracleRelationalCommandBuilderFactory.OracleRelationalCommandBuilder.OracleRelationalCommand.ExecuteReaderAsync(RelationalCommandParameterObject parameterObject, CancellationToken cancellationToken)
   at Oracle.EntityFrameworkCore.Storage.Internal.OracleRelationalCommandBuilderFactory.OracleRelationalCommandBuilder.OracleRelationalCommand.ExecuteReaderAsync(RelationalCommandParameterObject parameterObject, CancellationToken cancellationToken)
   at Oracle.EntityFrameworkCore.Storage.Internal.OracleRelationalCommandBuilderFactory.OracleRelationalCommandBuilder.OracleRelationalCommand.ExecuteReaderAsync(RelationalCommandParameterObject parameterObject, CancellationToken cancellationToken)
   at Microsoft.EntityFrameworkCore.Query.Internal.SingleQueryingEnumerable`1.AsyncEnumerator.InitializeReaderAsync(AsyncEnumerator enumerator, CancellationToken cancellationToken)
   at Oracle.EntityFrameworkCore.Storage.Internal.OracleExecutionStrategy.ExecuteAsync[TState,TResult](TState state, Func`4 operation, Func`4 verifySucceeded, CancellationToken cancellationToken)
   at Microsoft.EntityFrameworkCore.Query.Internal.SingleQueryingEnumerable`1.AsyncEnumerator.MoveNextAsync()
Oracle.ManagedDataAccess.Client.OracleException (0x80004005): ORA-00904: "b"."KY_BAO_CAO_CODE": invalid identifier
https://docs.oracle.com/error-help/db/ora-00904/
   at System.Threading.Tasks.ContinuationResultTaskFromResultTask`2.InnerInvoke()
   at System.Threading.ExecutionContext.RunInternal(ExecutionContext executionContext, ContextCallback callback, Object state)
--- End of stack trace from previous location ---
   at System.Threading.ExecutionContext.RunInternal(ExecutionContext executionContext, ContextCallback callback, Object state)
   at System.Threading.Tasks.Task.ExecuteWithThreadLocal(Task& currentTaskSlot, Thread threadPoolThread)
--- End of stack trace from previous location ---
   at Oracle.EntityFrameworkCore.Storage.Internal.OracleRelationalCommandBuilderFactory.OracleRelationalCommandBuilder.OracleRelationalCommand.ExecuteReaderAsync(RelationalCommandParameterObject parameterObject, CancellationToken cancellationToken)
   at Oracle.EntityFrameworkCore.Storage.Internal.OracleRelationalCommandBuilderFactory.OracleRelationalCommandBuilder.OracleRelationalCommand.ExecuteReaderAsync(RelationalCommandParameterObject parameterObject, CancellationToken cancellationToken)
   at Oracle.EntityFrameworkCore.Storage.Internal.OracleRelationalCommandBuilderFactory.OracleRelationalCommandBuilder.OracleRelationalCommand.ExecuteReaderAsync(RelationalCommandParameterObject parameterObject, CancellationToken cancellationToken)
   at Microsoft.EntityFrameworkCore.Query.Internal.SingleQueryingEnumerable`1.AsyncEnumerator.InitializeReaderAsync(AsyncEnumerator enumerator, CancellationToken cancellationToken)
   at Oracle.EntityFrameworkCore.Storage.Internal.OracleExecutionStrategy.ExecuteAsync[TState,TResult](TState state, Func`4 operation, Func`4 verifySucceeded, CancellationToken cancellationToken)
   at Microsoft.EntityFrameworkCore.Query.Internal.SingleQueryingEnumerable`1.AsyncEnumerator.MoveNextAsync()
2026-04-22 14:15:40.835 +07:00 [INF] Executed action ThucLuc.Api.Controllers.V1.NangLucSoController.GetAll (ThucLuc.Api) in 13.7825ms
2026-04-22 14:15:40.836 +07:00 [INF] Executed endpoint 'ThucLuc.Api.Controllers.V1.NangLucSoController.GetAll (ThucLuc.Api)'
2026-04-22 14:15:40.836 +07:00 [ERR] Unhandled exception. CorrelationId=1933f2bb751e4cca912aca12818cefab
Oracle.ManagedDataAccess.Client.OracleException (0x80004005): ORA-00904: "b"."KY_BAO_CAO_CODE": invalid identifier
https://docs.oracle.com/error-help/db/ora-00904/
   at System.Threading.Tasks.ContinuationResultTaskFromResultTask`2.InnerInvoke()
   at System.Threading.ExecutionContext.RunInternal(ExecutionContext executionContext, ContextCallback callback, Object state)
--- End of stack trace from previous location ---
   at System.Threading.ExecutionContext.RunInternal(ExecutionContext executionContext, ContextCallback callback, Object state)
   at System.Threading.Tasks.Task.ExecuteWithThreadLocal(Task& currentTaskSlot, Thread threadPoolThread)
--- End of stack trace from previous location ---
   at Oracle.EntityFrameworkCore.Storage.Internal.OracleRelationalCommandBuilderFactory.OracleRelationalCommandBuilder.OracleRelationalCommand.ExecuteReaderAsync(RelationalCommandParameterObject parameterObject, CancellationToken cancellationToken)
   at Oracle.EntityFrameworkCore.Storage.Internal.OracleRelationalCommandBuilderFactory.OracleRelationalCommandBuilder.OracleRelationalCommand.ExecuteReaderAsync(RelationalCommandParameterObject parameterObject, CancellationToken cancellationToken)
   at Oracle.EntityFrameworkCore.Storage.Internal.OracleRelationalCommandBuilderFactory.OracleRelationalCommandBuilder.OracleRelationalCommand.ExecuteReaderAsync(RelationalCommandParameterObject parameterObject, CancellationToken cancellationToken)
   at Microsoft.EntityFrameworkCore.Query.Internal.SingleQueryingEnumerable`1.AsyncEnumerator.InitializeReaderAsync(AsyncEnumerator enumerator, CancellationToken cancellationToken)
   at Oracle.EntityFrameworkCore.Storage.Internal.OracleExecutionStrategy.ExecuteAsync[TState,TResult](TState state, Func`4 operation, Func`4 verifySucceeded, CancellationToken cancellationToken)
   at Microsoft.EntityFrameworkCore.Query.Internal.SingleQueryingEnumerable`1.AsyncEnumerator.MoveNextAsync()
   at Microsoft.EntityFrameworkCore.EntityFrameworkQueryableExtensions.ToListAsync[TSource](IQueryable`1 source, CancellationToken cancellationToken)
   at Microsoft.EntityFrameworkCore.EntityFrameworkQueryableExtensions.ToListAsync[TSource](IQueryable`1 source, CancellationToken cancellationToken)
   at ThucLuc.Application.Features.NangLucSo.NangLucSoService.GetAllAsync(NangLucSoQuery query, CancellationToken cancellationToken) in D:\Projects\ThucLuc_V2\.sources\backend\src\Application\Features\NangLucSo\NangLucSoService.cs:line 56
   at ThucLuc.Api.Controllers.V1.NangLucSoController.GetAll(NangLucSoQuery query, CancellationToken cancellationToken) in D:\Projects\ThucLuc_V2\.sources\backend\src\api\Controllers\V1\NangLucSoController.cs:line 28
   at lambda_method2124(Closure, Object)
   at Microsoft.AspNetCore.Mvc.Infrastructure.ActionMethodExecutor.AwaitableObjectResultExecutor.Execute(ActionContext actionContext, IActionResultTypeMapper mapper, ObjectMethodExecutor executor, Object controller, Object[] arguments)
   at Microsoft.AspNetCore.Mvc.Infrastructure.ControllerActionInvoker.<InvokeActionMethodAsync>g__Awaited|12_0(ControllerActionInvoker invoker, ValueTask`1 actionResultValueTask)
   at Microsoft.AspNetCore.Mvc.Infrastructure.ControllerActionInvoker.<InvokeNextActionFilterAsync>g__Awaited|10_0(ControllerActionInvoker invoker, Task lastTask, State next, Scope scope, Object state, Boolean isCompleted)
   at Microsoft.AspNetCore.Mvc.Infrastructure.ControllerActionInvoker.Rethrow(ActionExecutedContextSealed context)
   at Microsoft.AspNetCore.Mvc.Infrastructure.ControllerActionInvoker.Next(State& next, Scope& scope, Object& state, Boolean& isCompleted)
   at Microsoft.AspNetCore.Mvc.Infrastructure.ControllerActionInvoker.<InvokeInnerFilterAsync>g__Awaited|13_0(ControllerActionInvoker invoker, Task lastTask, State next, Scope scope, Object state, Boolean isCompleted)
   at Microsoft.AspNetCore.Mvc.Infrastructure.ResourceInvoker.<InvokeFilterPipelineAsync>g__Awaited|20_0(ResourceInvoker invoker, Task lastTask, State next, Scope scope, Object state, Boolean isCompleted)
   at Microsoft.AspNetCore.Mvc.Infrastructure.ResourceInvoker.<InvokeAsync>g__Logged|17_1(ResourceInvoker invoker)
   at Microsoft.AspNetCore.Mvc.Infrastructure.ResourceInvoker.<InvokeAsync>g__Logged|17_1(ResourceInvoker invoker)
   at Microsoft.AspNetCore.Routing.EndpointMiddleware.<Invoke>g__AwaitRequestTask|7_0(Endpoint endpoint, Task requestTask, ILogger logger)
   at Microsoft.AspNetCore.Authorization.AuthorizationMiddleware.Invoke(HttpContext context)
   at Microsoft.AspNetCore.Authentication.AuthenticationMiddleware.Invoke(HttpContext context)
   at Swashbuckle.AspNetCore.SwaggerUI.SwaggerUIMiddleware.Invoke(HttpContext httpContext)
   at Swashbuckle.AspNetCore.Swagger.SwaggerMiddleware.Invoke(HttpContext httpContext, ISwaggerProvider swaggerProvider)
   at ThucLuc.Api.Common.Middleware.GlobalExceptionMiddleware.InvokeAsync(HttpContext context) in D:\Projects\ThucLuc_V2\.sources\backend\src\api\Common\Middleware\GlobalExceptionMiddleware.cs:line 23
2026-04-22 14:15:40.843 +07:00 [INF] HTTP GET /api/v1/nang-luc-so => 500 in 24.8438 ms CorrelationId=1933f2bb751e4cca912aca12818cefab UserId=5001
2026-04-22 14:15:40.845 +07:00 [ERR] HTTP GET /api/v1/nang-luc-so responded 500 in 26.5682 ms
2026-04-22 14:15:40.847 +07:00 [INF] Request finished HTTP/1.1 GET http://localhost:5283/api/v1/nang-luc-so?kyCode=2026Q1_NHAN_LUC&kyBaoCaoCode=2026Q1_NHAN_LUC&mode=live&nam=2026 - 500 null application/json 31.9257ms
2026-04-22 14:16:45.699 +07:00 [INF] Request starting HTTP/1.1 OPTIONS http://localhost:5283/api/v1/don-vi/2001 - null null
2026-04-22 14:16:45.702 +07:00 [INF] Request starting HTTP/1.1 OPTIONS http://localhost:5283/api/v1/codes/by-code/NHOM_NANG_LUC_SO - null null
2026-04-22 14:16:45.703 +07:00 [INF] CORS policy execution successful.
2026-04-22 14:16:45.705 +07:00 [INF] CORS policy execution successful.
2026-04-22 14:16:45.706 +07:00 [INF] HTTP OPTIONS /api/v1/don-vi/2001 => 204 in 3.4032 ms CorrelationId=6298641795984c1f827b7a44034c48ea UserId=anonymous
2026-04-22 14:16:45.707 +07:00 [INF] HTTP OPTIONS /api/v1/codes/by-code/NHOM_NANG_LUC_SO => 204 in 1.7689 ms CorrelationId=77038cf8a25d400a80a3e85edd41957d UserId=anonymous
2026-04-22 14:16:45.709 +07:00 [INF] HTTP OPTIONS /api/v1/don-vi/2001 responded 204 in 5.9311 ms
2026-04-22 14:16:45.712 +07:00 [INF] HTTP OPTIONS /api/v1/codes/by-code/NHOM_NANG_LUC_SO responded 204 in 6.4263 ms
2026-04-22 14:16:45.713 +07:00 [INF] Request finished HTTP/1.1 OPTIONS http://localhost:5283/api/v1/don-vi/2001 - 204 null null 14.0007ms
2026-04-22 14:16:45.716 +07:00 [INF] Request finished HTTP/1.1 OPTIONS http://localhost:5283/api/v1/codes/by-code/NHOM_NANG_LUC_SO - 204 null null 14.0992ms
2026-04-22 14:16:45.720 +07:00 [INF] Request starting HTTP/1.1 GET http://localhost:5283/api/v1/don-vi/2001 - null null
2026-04-22 14:16:45.723 +07:00 [INF] Request starting HTTP/1.1 GET http://localhost:5283/api/v1/codes/by-code/NHOM_NANG_LUC_SO - null null
2026-04-22 14:16:45.725 +07:00 [INF] CORS policy execution successful.
2026-04-22 14:16:45.727 +07:00 [INF] CORS policy execution successful.
2026-04-22 14:16:45.728 +07:00 [INF] Executing endpoint 'ThucLuc.Api.Controllers.V1.DonViController.GetById (ThucLuc.Api)'
2026-04-22 14:16:45.729 +07:00 [INF] Executing endpoint 'ThucLuc.Api.Controllers.V1.CodesController.GetByCode (ThucLuc.Api)'
2026-04-22 14:16:45.730 +07:00 [INF] Route matched with {action = "GetById", controller = "DonVi"}. Executing controller action with signature System.Threading.Tasks.Task`1[Microsoft.AspNetCore.Mvc.ActionResult`1[ThucLuc.Api.Common.Models.ApiResponse`1[ThucLuc.Application.Features.DonVi.DonViDto]]] GetById(Int64, System.Threading.CancellationToken) on controller ThucLuc.Api.Controllers.V1.DonViController (ThucLuc.Api).
2026-04-22 14:16:45.732 +07:00 [INF] Route matched with {action = "GetByCode", controller = "Codes"}. Executing controller action with signature System.Threading.Tasks.Task`1[Microsoft.AspNetCore.Mvc.ActionResult`1[ThucLuc.Api.Common.Models.ApiResponse`1[ThucLuc.Application.Features.Codes.CodeDto]]] GetByCode(System.String, System.Threading.CancellationToken) on controller ThucLuc.Api.Controllers.V1.CodesController (ThucLuc.Api).
2026-04-22 14:16:45.779 +07:00 [INF] Executing OkObjectResult, writing value of type 'ThucLuc.Api.Common.Models.ApiResponse`1[[ThucLuc.Application.Features.DonVi.DonViDto, ThucLuc.Application, Version=1.0.0.0, Culture=neutral, PublicKeyToken=null]]'.
2026-04-22 14:16:45.781 +07:00 [INF] Executed action ThucLuc.Api.Controllers.V1.DonViController.GetById (ThucLuc.Api) in 46.606ms
2026-04-22 14:16:45.782 +07:00 [INF] Executing OkObjectResult, writing value of type 'ThucLuc.Api.Common.Models.ApiResponse`1[[ThucLuc.Application.Features.Codes.CodeDto, ThucLuc.Application, Version=1.0.0.0, Culture=neutral, PublicKeyToken=null]]'.
2026-04-22 14:16:45.782 +07:00 [INF] Executed endpoint 'ThucLuc.Api.Controllers.V1.DonViController.GetById (ThucLuc.Api)'
2026-04-22 14:16:45.784 +07:00 [INF] Executed action ThucLuc.Api.Controllers.V1.CodesController.GetByCode (ThucLuc.Api) in 47.2832ms
2026-04-22 14:16:45.785 +07:00 [INF] HTTP GET /api/v1/don-vi/2001 => 200 in 59.7084 ms CorrelationId=2b6ada0a38d348beb6ac2a7015a4ec85 UserId=5001
2026-04-22 14:16:45.787 +07:00 [INF] Executed endpoint 'ThucLuc.Api.Controllers.V1.CodesController.GetByCode (ThucLuc.Api)'
2026-04-22 14:16:45.790 +07:00 [INF] HTTP GET /api/v1/don-vi/2001 responded 200 in 64.7909 ms
2026-04-22 14:16:45.791 +07:00 [INF] HTTP GET /api/v1/codes/by-code/NHOM_NANG_LUC_SO => 200 in 64.5609 ms CorrelationId=7e515fb376c44d5fa93de82b6db2f02e UserId=5001
2026-04-22 14:16:45.794 +07:00 [INF] Request finished HTTP/1.1 GET http://localhost:5283/api/v1/don-vi/2001 - 200 null application/json; charset=utf-8 74.6669ms
2026-04-22 14:16:45.797 +07:00 [INF] HTTP GET /api/v1/codes/by-code/NHOM_NANG_LUC_SO responded 200 in 69.9150 ms
2026-04-22 14:16:45.802 +07:00 [INF] Request finished HTTP/1.1 GET http://localhost:5283/api/v1/codes/by-code/NHOM_NANG_LUC_SO - 200 null application/json; charset=utf-8 78.8044ms
2026-04-22 14:16:45.805 +07:00 [INF] Request starting HTTP/1.1 OPTIONS http://localhost:5283/api/v1/ky-bao-cao/current - null null
2026-04-22 14:16:45.805 +07:00 [INF] Request starting HTTP/1.1 OPTIONS http://localhost:5283/api/v1/ky-bao-cao - null null
2026-04-22 14:16:45.808 +07:00 [INF] CORS policy execution successful.
2026-04-22 14:16:45.811 +07:00 [INF] CORS policy execution successful.
2026-04-22 14:16:45.812 +07:00 [INF] HTTP OPTIONS /api/v1/ky-bao-cao/current => 204 in 3.7938 ms CorrelationId=b038bcacfbe84c6aae541a5a9510e15b UserId=anonymous
2026-04-22 14:16:45.817 +07:00 [INF] HTTP OPTIONS /api/v1/ky-bao-cao/current responded 204 in 8.2804 ms
2026-04-22 14:16:45.813 +07:00 [INF] HTTP OPTIONS /api/v1/ky-bao-cao => 204 in 1.8875 ms CorrelationId=180545b73f454bb4955e69ee043d3738 UserId=anonymous
2026-04-22 14:16:45.819 +07:00 [INF] Request finished HTTP/1.1 OPTIONS http://localhost:5283/api/v1/ky-bao-cao/current - 204 null null 13.6779ms
2026-04-22 14:16:45.821 +07:00 [INF] HTTP OPTIONS /api/v1/ky-bao-cao responded 204 in 10.0096 ms
2026-04-22 14:16:45.823 +07:00 [INF] Request starting HTTP/1.1 GET http://localhost:5283/api/v1/ky-bao-cao/current - null null
2026-04-22 14:16:45.824 +07:00 [INF] Request finished HTTP/1.1 OPTIONS http://localhost:5283/api/v1/ky-bao-cao - 204 null null 18.9435ms
2026-04-22 14:16:45.827 +07:00 [INF] CORS policy execution successful.
2026-04-22 14:16:45.830 +07:00 [INF] Request starting HTTP/1.1 GET http://localhost:5283/api/v1/ky-bao-cao - null null
2026-04-22 14:16:45.831 +07:00 [INF] Executing endpoint 'ThucLuc.Api.Controllers.V1.KyBaoCaoController.GetCurrent (ThucLuc.Api)'
2026-04-22 14:16:45.833 +07:00 [INF] CORS policy execution successful.
2026-04-22 14:16:45.834 +07:00 [INF] Route matched with {action = "GetCurrent", controller = "KyBaoCao"}. Executing controller action with signature System.Threading.Tasks.Task`1[Microsoft.AspNetCore.Mvc.ActionResult`1[ThucLuc.Api.Common.Models.ApiResponse`1[ThucLuc.Application.Features.KyBaoCao.KyBaoCaoDto]]] GetCurrent(System.Threading.CancellationToken) on controller ThucLuc.Api.Controllers.V1.KyBaoCaoController (ThucLuc.Api).
2026-04-22 14:16:45.835 +07:00 [INF] Executing endpoint 'ThucLuc.Api.Controllers.V1.KyBaoCaoController.GetAll (ThucLuc.Api)'
2026-04-22 14:16:45.838 +07:00 [INF] Route matched with {action = "GetAll", controller = "KyBaoCao"}. Executing controller action with signature System.Threading.Tasks.Task`1[Microsoft.AspNetCore.Mvc.ActionResult`1[ThucLuc.Api.Common.Models.ApiResponse`1[System.Collections.Generic.IReadOnlyCollection`1[ThucLuc.Application.Features.KyBaoCao.KyBaoCaoDto]]]] GetAll(System.Threading.CancellationToken) on controller ThucLuc.Api.Controllers.V1.KyBaoCaoController (ThucLuc.Api).
2026-04-22 14:16:45.882 +07:00 [INF] Executing OkObjectResult, writing value of type 'ThucLuc.Api.Common.Models.ApiResponse`1[[System.Collections.Generic.IReadOnlyCollection`1[[ThucLuc.Application.Features.KyBaoCao.KyBaoCaoDto, ThucLuc.Application, Version=1.0.0.0, Culture=neutral, PublicKeyToken=null]], System.Private.CoreLib, Version=8.0.0.0, Culture=neutral, PublicKeyToken=7cec85d7bea7798e]]'.
2026-04-22 14:16:45.882 +07:00 [INF] Executing OkObjectResult, writing value of type 'ThucLuc.Api.Common.Models.ApiResponse`1[[ThucLuc.Application.Features.KyBaoCao.KyBaoCaoDto, ThucLuc.Application, Version=1.0.0.0, Culture=neutral, PublicKeyToken=null]]'.
2026-04-22 14:16:45.884 +07:00 [INF] Executed action ThucLuc.Api.Controllers.V1.KyBaoCaoController.GetAll (ThucLuc.Api) in 44.136ms
2026-04-22 14:16:45.885 +07:00 [INF] Executed action ThucLuc.Api.Controllers.V1.KyBaoCaoController.GetCurrent (ThucLuc.Api) in 48.271ms
2026-04-22 14:16:45.886 +07:00 [INF] Executed endpoint 'ThucLuc.Api.Controllers.V1.KyBaoCaoController.GetAll (ThucLuc.Api)'
2026-04-22 14:16:45.887 +07:00 [INF] Executed endpoint 'ThucLuc.Api.Controllers.V1.KyBaoCaoController.GetCurrent (ThucLuc.Api)'
2026-04-22 14:16:45.888 +07:00 [INF] HTTP GET /api/v1/ky-bao-cao => 200 in 54.7673 ms CorrelationId=9841b7bcbbd947ce90a7f281f4ef6633 UserId=5001
2026-04-22 14:16:45.888 +07:00 [INF] HTTP GET /api/v1/ky-bao-cao/current => 200 in 61.5048 ms CorrelationId=c76e46b6f0ce41d3a380ae59346c28d4 UserId=5001
2026-04-22 14:16:45.890 +07:00 [INF] HTTP GET /api/v1/ky-bao-cao responded 200 in 57.1473 ms
2026-04-22 14:16:45.891 +07:00 [INF] HTTP GET /api/v1/ky-bao-cao/current responded 200 in 64.4257 ms
2026-04-22 14:16:45.892 +07:00 [INF] Request finished HTTP/1.1 GET http://localhost:5283/api/v1/ky-bao-cao - 200 null application/json; charset=utf-8 62.1325ms
2026-04-22 14:16:45.894 +07:00 [INF] Request finished HTTP/1.1 GET http://localhost:5283/api/v1/ky-bao-cao/current - 200 null application/json; charset=utf-8 70.7843ms
2026-04-22 14:16:45.899 +07:00 [INF] Request starting HTTP/1.1 OPTIONS http://localhost:5283/api/v1/nang-luc-so?kyCode=2026Q1_NHAN_LUC&kyBaoCaoCode=2026Q1_NHAN_LUC&mode=live&nam=2026 - null null
2026-04-22 14:16:45.902 +07:00 [INF] CORS policy execution successful.
2026-04-22 14:16:45.903 +07:00 [INF] HTTP OPTIONS /api/v1/nang-luc-so => 204 in 1.0134 ms CorrelationId=ca43940638f141318f3c0fa8ca14cf1d UserId=anonymous
2026-04-22 14:16:45.904 +07:00 [INF] HTTP OPTIONS /api/v1/nang-luc-so responded 204 in 2.9961 ms
2026-04-22 14:16:45.906 +07:00 [INF] Request finished HTTP/1.1 OPTIONS http://localhost:5283/api/v1/nang-luc-so?kyCode=2026Q1_NHAN_LUC&kyBaoCaoCode=2026Q1_NHAN_LUC&mode=live&nam=2026 - 204 null null 6.4444ms
2026-04-22 14:16:45.908 +07:00 [INF] Request starting HTTP/1.1 GET http://localhost:5283/api/v1/nang-luc-so?kyCode=2026Q1_NHAN_LUC&kyBaoCaoCode=2026Q1_NHAN_LUC&mode=live&nam=2026 - null null
2026-04-22 14:16:45.910 +07:00 [INF] CORS policy execution successful.
2026-04-22 14:16:45.911 +07:00 [INF] Executing endpoint 'ThucLuc.Api.Controllers.V1.NangLucSoController.GetAll (ThucLuc.Api)'
2026-04-22 14:16:45.912 +07:00 [INF] Route matched with {action = "GetAll", controller = "NangLucSo"}. Executing controller action with signature System.Threading.Tasks.Task`1[Microsoft.AspNetCore.Mvc.ActionResult`1[ThucLuc.Api.Common.Models.ApiResponse`1[System.Collections.Generic.IReadOnlyCollection`1[ThucLuc.Application.Features.NangLucSo.NangLucSoDto]]]] GetAll(ThucLuc.Application.Features.NangLucSo.NangLucSoQuery, System.Threading.CancellationToken) on controller ThucLuc.Api.Controllers.V1.NangLucSoController (ThucLuc.Api).
2026-04-22 14:16:45.964 +07:00 [ERR] 2026-04-22 14:16:45.964359 ThreadID:59  (ERROR)   OracleRelationalCommand.ExecuteReaderAsync() :  Oracle.ManagedDataAccess.Client.OracleException (0x80004005): ORA-00904: "b"."KY_BAO_CAO_CODE": invalid identifier
https://docs.oracle.com/error-help/db/ora-00904/
   at System.Threading.Tasks.ContinuationResultTaskFromResultTask`2.InnerInvoke()
   at System.Threading.ExecutionContext.RunInternal(ExecutionContext executionContext, ContextCallback callback, Object state)
--- End of stack trace from previous location ---
   at System.Threading.ExecutionContext.RunInternal(ExecutionContext executionContext, ContextCallback callback, Object state)
   at System.Threading.Tasks.Task.ExecuteWithThreadLocal(Task& currentTaskSlot, Thread threadPoolThread)
--- End of stack trace from previous location ---
   at Oracle.EntityFrameworkCore.Storage.Internal.OracleRelationalCommandBuilderFactory.OracleRelationalCommandBuilder.OracleRelationalCommand.ExecuteReaderAsync(RelationalCommandParameterObject parameterObject, CancellationToken cancellationToken)
2026-04-22 14:16:45.965 +07:00 [ERR] Failed executing DbCommand (50ms) [Parameters=[:filter_KyBaoCaoCode_0='?' (Size = 50)], CommandType='"Text"', CommandTimeout='0']
SELECT "b"."ID", "b"."CREATED_AT", "b"."CREATED_BY", "b"."DELETED_AT", "b"."DON_VI_ID", "b"."GHI_CHU", "b"."IS_LATEST", "b"."KY_BAO_CAO_CODE", "b"."NHOM_VI_TRI", "b"."SNAPSHOT_BATCH_ID", "b"."SNAPSHOT_CREATED_AT", "b"."SNAPSHOT_VERSION", "b"."TONG_SO_CHUA_DAT", "b"."TONG_SO_DAT", "b"."TONG_SO_DIEN_DANH_GIA", "b"."UPDATED_AT", "b"."UPDATED_BY"
FROM "CAND_QLCNTT"."BIZ_NANG_LUC_SO" "b"
WHERE (("b"."DELETED_AT" IS NULL) AND ("b"."KY_BAO_CAO_CODE" = :filter_KyBaoCaoCode_0))
ORDER BY "b"."NHOM_VI_TRI", "b"."UPDATED_AT" DESC, "b"."CREATED_AT" DESC, "b"."ID" DESC
2026-04-22 14:16:45.966 +07:00 [ERR] 2026-04-22 14:16:45.966525 ThreadID:59  (ERROR)   OracleExecutionStrategy.ExecuteAsync() :  Oracle.ManagedDataAccess.Client.OracleException (0x80004005): ORA-00904: "b"."KY_BAO_CAO_CODE": invalid identifier
https://docs.oracle.com/error-help/db/ora-00904/
   at System.Threading.Tasks.ContinuationResultTaskFromResultTask`2.InnerInvoke()
   at System.Threading.ExecutionContext.RunInternal(ExecutionContext executionContext, ContextCallback callback, Object state)
--- End of stack trace from previous location ---
   at System.Threading.ExecutionContext.RunInternal(ExecutionContext executionContext, ContextCallback callback, Object state)
   at System.Threading.Tasks.Task.ExecuteWithThreadLocal(Task& currentTaskSlot, Thread threadPoolThread)
--- End of stack trace from previous location ---
   at Oracle.EntityFrameworkCore.Storage.Internal.OracleRelationalCommandBuilderFactory.OracleRelationalCommandBuilder.OracleRelationalCommand.ExecuteReaderAsync(RelationalCommandParameterObject parameterObject, CancellationToken cancellationToken)
   at Oracle.EntityFrameworkCore.Storage.Internal.OracleRelationalCommandBuilderFactory.OracleRelationalCommandBuilder.OracleRelationalCommand.ExecuteReaderAsync(RelationalCommandParameterObject parameterObject, CancellationToken cancellationToken)
   at Oracle.EntityFrameworkCore.Storage.Internal.OracleRelationalCommandBuilderFactory.OracleRelationalCommandBuilder.OracleRelationalCommand.ExecuteReaderAsync(RelationalCommandParameterObject parameterObject, CancellationToken cancellationToken)
   at Microsoft.EntityFrameworkCore.Query.Internal.SingleQueryingEnumerable`1.AsyncEnumerator.InitializeReaderAsync(AsyncEnumerator enumerator, CancellationToken cancellationToken)
   at Oracle.EntityFrameworkCore.Storage.Internal.OracleExecutionStrategy.ExecuteAsync[TState,TResult](TState state, Func`4 operation, Func`4 verifySucceeded, CancellationToken cancellationToken)
2026-04-22 14:16:45.967 +07:00 [ERR] An exception occurred while iterating over the results of a query for context type 'ThucLuc.Infrastructure.Persistence.AppDbContext'.
Oracle.ManagedDataAccess.Client.OracleException (0x80004005): ORA-00904: "b"."KY_BAO_CAO_CODE": invalid identifier
https://docs.oracle.com/error-help/db/ora-00904/
   at System.Threading.Tasks.ContinuationResultTaskFromResultTask`2.InnerInvoke()
   at System.Threading.ExecutionContext.RunInternal(ExecutionContext executionContext, ContextCallback callback, Object state)
--- End of stack trace from previous location ---
   at System.Threading.ExecutionContext.RunInternal(ExecutionContext executionContext, ContextCallback callback, Object state)
   at System.Threading.Tasks.Task.ExecuteWithThreadLocal(Task& currentTaskSlot, Thread threadPoolThread)
--- End of stack trace from previous location ---
   at Oracle.EntityFrameworkCore.Storage.Internal.OracleRelationalCommandBuilderFactory.OracleRelationalCommandBuilder.OracleRelationalCommand.ExecuteReaderAsync(RelationalCommandParameterObject parameterObject, CancellationToken cancellationToken)
   at Oracle.EntityFrameworkCore.Storage.Internal.OracleRelationalCommandBuilderFactory.OracleRelationalCommandBuilder.OracleRelationalCommand.ExecuteReaderAsync(RelationalCommandParameterObject parameterObject, CancellationToken cancellationToken)
   at Oracle.EntityFrameworkCore.Storage.Internal.OracleRelationalCommandBuilderFactory.OracleRelationalCommandBuilder.OracleRelationalCommand.ExecuteReaderAsync(RelationalCommandParameterObject parameterObject, CancellationToken cancellationToken)
   at Microsoft.EntityFrameworkCore.Query.Internal.SingleQueryingEnumerable`1.AsyncEnumerator.InitializeReaderAsync(AsyncEnumerator enumerator, CancellationToken cancellationToken)
   at Oracle.EntityFrameworkCore.Storage.Internal.OracleExecutionStrategy.ExecuteAsync[TState,TResult](TState state, Func`4 operation, Func`4 verifySucceeded, CancellationToken cancellationToken)
   at Microsoft.EntityFrameworkCore.Query.Internal.SingleQueryingEnumerable`1.AsyncEnumerator.MoveNextAsync()
Oracle.ManagedDataAccess.Client.OracleException (0x80004005): ORA-00904: "b"."KY_BAO_CAO_CODE": invalid identifier
https://docs.oracle.com/error-help/db/ora-00904/
   at System.Threading.Tasks.ContinuationResultTaskFromResultTask`2.InnerInvoke()
   at System.Threading.ExecutionContext.RunInternal(ExecutionContext executionContext, ContextCallback callback, Object state)
--- End of stack trace from previous location ---
   at System.Threading.ExecutionContext.RunInternal(ExecutionContext executionContext, ContextCallback callback, Object state)
   at System.Threading.Tasks.Task.ExecuteWithThreadLocal(Task& currentTaskSlot, Thread threadPoolThread)
--- End of stack trace from previous location ---
   at Oracle.EntityFrameworkCore.Storage.Internal.OracleRelationalCommandBuilderFactory.OracleRelationalCommandBuilder.OracleRelationalCommand.ExecuteReaderAsync(RelationalCommandParameterObject parameterObject, CancellationToken cancellationToken)
   at Oracle.EntityFrameworkCore.Storage.Internal.OracleRelationalCommandBuilderFactory.OracleRelationalCommandBuilder.OracleRelationalCommand.ExecuteReaderAsync(RelationalCommandParameterObject parameterObject, CancellationToken cancellationToken)
   at Oracle.EntityFrameworkCore.Storage.Internal.OracleRelationalCommandBuilderFactory.OracleRelationalCommandBuilder.OracleRelationalCommand.ExecuteReaderAsync(RelationalCommandParameterObject parameterObject, CancellationToken cancellationToken)
   at Microsoft.EntityFrameworkCore.Query.Internal.SingleQueryingEnumerable`1.AsyncEnumerator.InitializeReaderAsync(AsyncEnumerator enumerator, CancellationToken cancellationToken)
   at Oracle.EntityFrameworkCore.Storage.Internal.OracleExecutionStrategy.ExecuteAsync[TState,TResult](TState state, Func`4 operation, Func`4 verifySucceeded, CancellationToken cancellationToken)
   at Microsoft.EntityFrameworkCore.Query.Internal.SingleQueryingEnumerable`1.AsyncEnumerator.MoveNextAsync()
2026-04-22 14:16:45.970 +07:00 [INF] Executed action ThucLuc.Api.Controllers.V1.NangLucSoController.GetAll (ThucLuc.Api) in 55.9655ms
2026-04-22 14:16:45.970 +07:00 [INF] Executed endpoint 'ThucLuc.Api.Controllers.V1.NangLucSoController.GetAll (ThucLuc.Api)'
2026-04-22 14:16:45.971 +07:00 [ERR] Unhandled exception. CorrelationId=b6532aa550ae4fb78bbe027f60d515b4
Oracle.ManagedDataAccess.Client.OracleException (0x80004005): ORA-00904: "b"."KY_BAO_CAO_CODE": invalid identifier
https://docs.oracle.com/error-help/db/ora-00904/
   at System.Threading.Tasks.ContinuationResultTaskFromResultTask`2.InnerInvoke()
   at System.Threading.ExecutionContext.RunInternal(ExecutionContext executionContext, ContextCallback callback, Object state)
--- End of stack trace from previous location ---
   at System.Threading.ExecutionContext.RunInternal(ExecutionContext executionContext, ContextCallback callback, Object state)
   at System.Threading.Tasks.Task.ExecuteWithThreadLocal(Task& currentTaskSlot, Thread threadPoolThread)
--- End of stack trace from previous location ---
   at Oracle.EntityFrameworkCore.Storage.Internal.OracleRelationalCommandBuilderFactory.OracleRelationalCommandBuilder.OracleRelationalCommand.ExecuteReaderAsync(RelationalCommandParameterObject parameterObject, CancellationToken cancellationToken)
   at Oracle.EntityFrameworkCore.Storage.Internal.OracleRelationalCommandBuilderFactory.OracleRelationalCommandBuilder.OracleRelationalCommand.ExecuteReaderAsync(RelationalCommandParameterObject parameterObject, CancellationToken cancellationToken)
   at Oracle.EntityFrameworkCore.Storage.Internal.OracleRelationalCommandBuilderFactory.OracleRelationalCommandBuilder.OracleRelationalCommand.ExecuteReaderAsync(RelationalCommandParameterObject parameterObject, CancellationToken cancellationToken)
   at Microsoft.EntityFrameworkCore.Query.Internal.SingleQueryingEnumerable`1.AsyncEnumerator.InitializeReaderAsync(AsyncEnumerator enumerator, CancellationToken cancellationToken)
   at Oracle.EntityFrameworkCore.Storage.Internal.OracleExecutionStrategy.ExecuteAsync[TState,TResult](TState state, Func`4 operation, Func`4 verifySucceeded, CancellationToken cancellationToken)
   at Microsoft.EntityFrameworkCore.Query.Internal.SingleQueryingEnumerable`1.AsyncEnumerator.MoveNextAsync()
   at Microsoft.EntityFrameworkCore.EntityFrameworkQueryableExtensions.ToListAsync[TSource](IQueryable`1 source, CancellationToken cancellationToken)
   at Microsoft.EntityFrameworkCore.EntityFrameworkQueryableExtensions.ToListAsync[TSource](IQueryable`1 source, CancellationToken cancellationToken)
   at ThucLuc.Application.Features.NangLucSo.NangLucSoService.GetAllAsync(NangLucSoQuery query, CancellationToken cancellationToken) in D:\Projects\ThucLuc_V2\.sources\backend\src\Application\Features\NangLucSo\NangLucSoService.cs:line 56
   at ThucLuc.Api.Controllers.V1.NangLucSoController.GetAll(NangLucSoQuery query, CancellationToken cancellationToken) in D:\Projects\ThucLuc_V2\.sources\backend\src\api\Controllers\V1\NangLucSoController.cs:line 28
   at lambda_method2124(Closure, Object)
   at Microsoft.AspNetCore.Mvc.Infrastructure.ActionMethodExecutor.AwaitableObjectResultExecutor.Execute(ActionContext actionContext, IActionResultTypeMapper mapper, ObjectMethodExecutor executor, Object controller, Object[] arguments)
   at Microsoft.AspNetCore.Mvc.Infrastructure.ControllerActionInvoker.<InvokeActionMethodAsync>g__Awaited|12_0(ControllerActionInvoker invoker, ValueTask`1 actionResultValueTask)
   at Microsoft.AspNetCore.Mvc.Infrastructure.ControllerActionInvoker.<InvokeNextActionFilterAsync>g__Awaited|10_0(ControllerActionInvoker invoker, Task lastTask, State next, Scope scope, Object state, Boolean isCompleted)
   at Microsoft.AspNetCore.Mvc.Infrastructure.ControllerActionInvoker.Rethrow(ActionExecutedContextSealed context)
   at Microsoft.AspNetCore.Mvc.Infrastructure.ControllerActionInvoker.Next(State& next, Scope& scope, Object& state, Boolean& isCompleted)
   at Microsoft.AspNetCore.Mvc.Infrastructure.ControllerActionInvoker.<InvokeInnerFilterAsync>g__Awaited|13_0(ControllerActionInvoker invoker, Task lastTask, State next, Scope scope, Object state, Boolean isCompleted)
   at Microsoft.AspNetCore.Mvc.Infrastructure.ResourceInvoker.<InvokeFilterPipelineAsync>g__Awaited|20_0(ResourceInvoker invoker, Task lastTask, State next, Scope scope, Object state, Boolean isCompleted)
   at Microsoft.AspNetCore.Mvc.Infrastructure.ResourceInvoker.<InvokeAsync>g__Logged|17_1(ResourceInvoker invoker)
   at Microsoft.AspNetCore.Mvc.Infrastructure.ResourceInvoker.<InvokeAsync>g__Logged|17_1(ResourceInvoker invoker)
   at Microsoft.AspNetCore.Routing.EndpointMiddleware.<Invoke>g__AwaitRequestTask|7_0(Endpoint endpoint, Task requestTask, ILogger logger)
   at Microsoft.AspNetCore.Authorization.AuthorizationMiddleware.Invoke(HttpContext context)
   at Microsoft.AspNetCore.Authentication.AuthenticationMiddleware.Invoke(HttpContext context)
   at Swashbuckle.AspNetCore.SwaggerUI.SwaggerUIMiddleware.Invoke(HttpContext httpContext)
   at Swashbuckle.AspNetCore.Swagger.SwaggerMiddleware.Invoke(HttpContext httpContext, ISwaggerProvider swaggerProvider)
   at ThucLuc.Api.Common.Middleware.GlobalExceptionMiddleware.InvokeAsync(HttpContext context) in D:\Projects\ThucLuc_V2\.sources\backend\src\api\Common\Middleware\GlobalExceptionMiddleware.cs:line 23
2026-04-22 14:16:45.976 +07:00 [INF] HTTP GET /api/v1/nang-luc-so => 500 in 65.6378 ms CorrelationId=b6532aa550ae4fb78bbe027f60d515b4 UserId=5001
2026-04-22 14:16:45.978 +07:00 [ERR] HTTP GET /api/v1/nang-luc-so responded 500 in 67.5649 ms
2026-04-22 14:16:45.979 +07:00 [INF] Request finished HTTP/1.1 GET http://localhost:5283/api/v1/nang-luc-so?kyCode=2026Q1_NHAN_LUC&kyBaoCaoCode=2026Q1_NHAN_LUC&mode=live&nam=2026 - 500 null application/json 70.6125ms
2026-04-22 14:16:52.422 +07:00 [INF] Request starting HTTP/1.1 OPTIONS http://localhost:5283/api/v1/codes/by-code/NOI_DUNG_DAO_TAO_HV - null null
2026-04-22 14:16:52.424 +07:00 [INF] CORS policy execution successful.
2026-04-22 14:16:52.425 +07:00 [INF] HTTP OPTIONS /api/v1/codes/by-code/NOI_DUNG_DAO_TAO_HV => 204 in 0.4343 ms CorrelationId=d97414f55ca14e4cbdfa57641500d29c UserId=anonymous
2026-04-22 14:16:52.426 +07:00 [INF] HTTP OPTIONS /api/v1/codes/by-code/NOI_DUNG_DAO_TAO_HV responded 204 in 1.8766 ms
2026-04-22 14:16:52.428 +07:00 [INF] Request finished HTTP/1.1 OPTIONS http://localhost:5283/api/v1/codes/by-code/NOI_DUNG_DAO_TAO_HV - 204 null null 5.2292ms
2026-04-22 14:16:52.429 +07:00 [INF] Request starting HTTP/1.1 GET http://localhost:5283/api/v1/codes/by-code/NOI_DUNG_DAO_TAO_HV - null null
2026-04-22 14:16:52.431 +07:00 [INF] CORS policy execution successful.
2026-04-22 14:16:52.431 +07:00 [INF] Executing endpoint 'ThucLuc.Api.Controllers.V1.CodesController.GetByCode (ThucLuc.Api)'
2026-04-22 14:16:52.432 +07:00 [INF] Route matched with {action = "GetByCode", controller = "Codes"}. Executing controller action with signature System.Threading.Tasks.Task`1[Microsoft.AspNetCore.Mvc.ActionResult`1[ThucLuc.Api.Common.Models.ApiResponse`1[ThucLuc.Application.Features.Codes.CodeDto]]] GetByCode(System.String, System.Threading.CancellationToken) on controller ThucLuc.Api.Controllers.V1.CodesController (ThucLuc.Api).
2026-04-22 14:16:52.478 +07:00 [INF] Executing OkObjectResult, writing value of type 'ThucLuc.Api.Common.Models.ApiResponse`1[[ThucLuc.Application.Features.Codes.CodeDto, ThucLuc.Application, Version=1.0.0.0, Culture=neutral, PublicKeyToken=null]]'.
2026-04-22 14:16:52.479 +07:00 [INF] Executed action ThucLuc.Api.Controllers.V1.CodesController.GetByCode (ThucLuc.Api) in 46.6842ms
2026-04-22 14:16:52.480 +07:00 [INF] Executed endpoint 'ThucLuc.Api.Controllers.V1.CodesController.GetByCode (ThucLuc.Api)'
2026-04-22 14:16:52.481 +07:00 [INF] HTTP GET /api/v1/codes/by-code/NOI_DUNG_DAO_TAO_HV => 200 in 50.0777 ms CorrelationId=1e09d257bebc4a9c9f3961f0ca6f7f72 UserId=5001
2026-04-22 14:16:52.482 +07:00 [INF] HTTP GET /api/v1/codes/by-code/NOI_DUNG_DAO_TAO_HV responded 200 in 51.0749 ms
2026-04-22 14:16:52.482 +07:00 [INF] Request finished HTTP/1.1 GET http://localhost:5283/api/v1/codes/by-code/NOI_DUNG_DAO_TAO_HV - 200 null application/json; charset=utf-8 53.0412ms
2026-04-22 14:16:52.484 +07:00 [INF] Request starting HTTP/1.1 OPTIONS http://localhost:5283/api/v1/ky-bao-cao - null null
2026-04-22 14:16:52.485 +07:00 [INF] Request starting HTTP/1.1 OPTIONS http://localhost:5283/api/v1/ky-bao-cao/current - null null
2026-04-22 14:16:52.486 +07:00 [INF] CORS policy execution successful.
2026-04-22 14:16:52.487 +07:00 [INF] CORS policy execution successful.
2026-04-22 14:16:52.488 +07:00 [INF] HTTP OPTIONS /api/v1/ky-bao-cao => 204 in 2.1081 ms CorrelationId=a1a8d1cc2cf64779aac9acb0d911fb77 UserId=anonymous
2026-04-22 14:16:52.488 +07:00 [INF] HTTP OPTIONS /api/v1/ky-bao-cao/current => 204 in 0.8477 ms CorrelationId=165bb21b4d39435f8c7970e1116ea00e UserId=anonymous
2026-04-22 14:16:52.489 +07:00 [INF] HTTP OPTIONS /api/v1/ky-bao-cao responded 204 in 3.5558 ms
2026-04-22 14:16:52.490 +07:00 [INF] HTTP OPTIONS /api/v1/ky-bao-cao/current responded 204 in 3.0581 ms
2026-04-22 14:16:52.492 +07:00 [INF] Request finished HTTP/1.1 OPTIONS http://localhost:5283/api/v1/ky-bao-cao/current - 204 null null 7.8321ms
2026-04-22 14:16:52.491 +07:00 [INF] Request finished HTTP/1.1 OPTIONS http://localhost:5283/api/v1/ky-bao-cao - 204 null null 7.4797ms
2026-04-22 14:16:52.495 +07:00 [INF] Request starting HTTP/1.1 GET http://localhost:5283/api/v1/ky-bao-cao/current - null null
2026-04-22 14:16:52.497 +07:00 [INF] Request starting HTTP/1.1 GET http://localhost:5283/api/v1/ky-bao-cao - null null
2026-04-22 14:16:52.498 +07:00 [INF] CORS policy execution successful.
2026-04-22 14:16:52.499 +07:00 [INF] CORS policy execution successful.
2026-04-22 14:16:52.499 +07:00 [INF] Executing endpoint 'ThucLuc.Api.Controllers.V1.KyBaoCaoController.GetCurrent (ThucLuc.Api)'
2026-04-22 14:16:52.499 +07:00 [INF] Executing endpoint 'ThucLuc.Api.Controllers.V1.KyBaoCaoController.GetAll (ThucLuc.Api)'
2026-04-22 14:16:52.500 +07:00 [INF] Route matched with {action = "GetCurrent", controller = "KyBaoCao"}. Executing controller action with signature System.Threading.Tasks.Task`1[Microsoft.AspNetCore.Mvc.ActionResult`1[ThucLuc.Api.Common.Models.ApiResponse`1[ThucLuc.Application.Features.KyBaoCao.KyBaoCaoDto]]] GetCurrent(System.Threading.CancellationToken) on controller ThucLuc.Api.Controllers.V1.KyBaoCaoController (ThucLuc.Api).
2026-04-22 14:16:52.500 +07:00 [INF] Route matched with {action = "GetAll", controller = "KyBaoCao"}. Executing controller action with signature System.Threading.Tasks.Task`1[Microsoft.AspNetCore.Mvc.ActionResult`1[ThucLuc.Api.Common.Models.ApiResponse`1[System.Collections.Generic.IReadOnlyCollection`1[ThucLuc.Application.Features.KyBaoCao.KyBaoCaoDto]]]] GetAll(System.Threading.CancellationToken) on controller ThucLuc.Api.Controllers.V1.KyBaoCaoController (ThucLuc.Api).
2026-04-22 14:16:52.503 +07:00 [INF] Executing OkObjectResult, writing value of type 'ThucLuc.Api.Common.Models.ApiResponse`1[[System.Collections.Generic.IReadOnlyCollection`1[[ThucLuc.Application.Features.KyBaoCao.KyBaoCaoDto, ThucLuc.Application, Version=1.0.0.0, Culture=neutral, PublicKeyToken=null]], System.Private.CoreLib, Version=8.0.0.0, Culture=neutral, PublicKeyToken=7cec85d7bea7798e]]'.
2026-04-22 14:16:52.504 +07:00 [INF] Executed action ThucLuc.Api.Controllers.V1.KyBaoCaoController.GetAll (ThucLuc.Api) in 1.5993ms
2026-04-22 14:16:52.505 +07:00 [INF] Executed endpoint 'ThucLuc.Api.Controllers.V1.KyBaoCaoController.GetAll (ThucLuc.Api)'
2026-04-22 14:16:52.505 +07:00 [INF] HTTP GET /api/v1/ky-bao-cao => 200 in 6.3995 ms CorrelationId=d7ed386070c04bc084adabf8ecb21ccb UserId=5001
2026-04-22 14:16:52.506 +07:00 [INF] HTTP GET /api/v1/ky-bao-cao responded 200 in 7.3329 ms
2026-04-22 14:16:52.507 +07:00 [INF] Request finished HTTP/1.1 GET http://localhost:5283/api/v1/ky-bao-cao - 200 null application/json; charset=utf-8 10.2304ms
2026-04-22 14:16:52.546 +07:00 [INF] Executing OkObjectResult, writing value of type 'ThucLuc.Api.Common.Models.ApiResponse`1[[ThucLuc.Application.Features.KyBaoCao.KyBaoCaoDto, ThucLuc.Application, Version=1.0.0.0, Culture=neutral, PublicKeyToken=null]]'.
2026-04-22 14:16:52.547 +07:00 [INF] Executed action ThucLuc.Api.Controllers.V1.KyBaoCaoController.GetCurrent (ThucLuc.Api) in 45.6128ms
2026-04-22 14:16:52.547 +07:00 [INF] Executed endpoint 'ThucLuc.Api.Controllers.V1.KyBaoCaoController.GetCurrent (ThucLuc.Api)'
2026-04-22 14:16:52.548 +07:00 [INF] HTTP GET /api/v1/ky-bao-cao/current => 200 in 50.3206 ms CorrelationId=cab68800f5024ed1820671001c0a57bb UserId=5001
2026-04-22 14:16:52.549 +07:00 [INF] HTTP GET /api/v1/ky-bao-cao/current responded 200 in 51.3402 ms
2026-04-22 14:16:52.550 +07:00 [INF] Request finished HTTP/1.1 GET http://localhost:5283/api/v1/ky-bao-cao/current - 200 null application/json; charset=utf-8 54.8072ms
2026-04-22 14:16:52.551 +07:00 [INF] Request starting HTTP/1.1 OPTIONS http://localhost:5283/api/v1/dao-tao-hoc-vien - null null
2026-04-22 14:16:52.552 +07:00 [INF] CORS policy execution successful.
2026-04-22 14:16:52.553 +07:00 [INF] HTTP OPTIONS /api/v1/dao-tao-hoc-vien => 204 in 0.3744 ms CorrelationId=30a28b27a8774b758eb339bf1d4a31ad UserId=anonymous
2026-04-22 14:16:52.554 +07:00 [INF] HTTP OPTIONS /api/v1/dao-tao-hoc-vien responded 204 in 1.3576 ms
2026-04-22 14:16:52.555 +07:00 [INF] Request finished HTTP/1.1 OPTIONS http://localhost:5283/api/v1/dao-tao-hoc-vien - 204 null null 3.2299ms
2026-04-22 14:16:52.556 +07:00 [INF] Request starting HTTP/1.1 GET http://localhost:5283/api/v1/dao-tao-hoc-vien - null null
2026-04-22 14:16:52.557 +07:00 [INF] CORS policy execution successful.
2026-04-22 14:16:52.557 +07:00 [INF] Executing endpoint 'ThucLuc.Api.Controllers.V1.DaoTaoHocVienController.GetAll (ThucLuc.Api)'
2026-04-22 14:16:52.558 +07:00 [INF] Route matched with {action = "GetAll", controller = "DaoTaoHocVien"}. Executing controller action with signature System.Threading.Tasks.Task`1[Microsoft.AspNetCore.Mvc.ActionResult`1[ThucLuc.Api.Common.Models.ApiResponse`1[System.Collections.Generic.IReadOnlyCollection`1[ThucLuc.Application.Features.DaoTaoHocVien.DaoTaoHocVienDto]]]] GetAll(ThucLuc.Application.Features.DaoTaoHocVien.DaoTaoHocVienQuery, System.Threading.CancellationToken) on controller ThucLuc.Api.Controllers.V1.DaoTaoHocVienController (ThucLuc.Api).
2026-04-22 14:16:52.562 +07:00 [ERR] 2026-04-22 14:16:52.562372 ThreadID:59  (ERROR)   OracleRelationalCommand.ExecuteReaderAsync() :  Oracle.ManagedDataAccess.Client.OracleException (0x80004005): ORA-00904: "b"."IS_LATEST": invalid identifier
https://docs.oracle.com/error-help/db/ora-00904/
   at System.Threading.Tasks.ContinuationResultTaskFromResultTask`2.InnerInvoke()
   at System.Threading.ExecutionContext.RunInternal(ExecutionContext executionContext, ContextCallback callback, Object state)
--- End of stack trace from previous location ---
   at System.Threading.ExecutionContext.RunInternal(ExecutionContext executionContext, ContextCallback callback, Object state)
   at System.Threading.Tasks.Task.ExecuteWithThreadLocal(Task& currentTaskSlot, Thread threadPoolThread)
--- End of stack trace from previous location ---
   at Oracle.EntityFrameworkCore.Storage.Internal.OracleRelationalCommandBuilderFactory.OracleRelationalCommandBuilder.OracleRelationalCommand.ExecuteReaderAsync(RelationalCommandParameterObject parameterObject, CancellationToken cancellationToken)
2026-04-22 14:16:52.563 +07:00 [ERR] Failed executing DbCommand (3ms) [Parameters=[], CommandType='"Text"', CommandTimeout='0']
SELECT "b"."ID", "b"."CREATED_AT", "b"."CREATED_BY", "b"."DELETED_AT", "b"."DON_VI_ID", "b"."GHI_CHU", "b"."IS_LATEST", "b"."KY_BAO_CAO_CODE", "b"."NAM", "b"."NOI_DUNG_DAO_TAO", "b"."SNAPSHOT_BATCH_ID", "b"."SNAPSHOT_CREATED_AT", "b"."SNAPSHOT_VERSION", "b"."SO_CAO_DANG", "b"."SO_DAI_HOC", "b"."SO_THAC_SI", "b"."SO_TIEN_SI", "b"."SO_TRUNG_CAP", "b"."UPDATED_AT", "b"."UPDATED_BY"
FROM "CAND_QLCNTT"."BIZ_DAO_TAO_HOC_VIEN" "b"
WHERE (("b"."DELETED_AT" IS NULL) AND ("b"."IS_LATEST" = 1))
ORDER BY "b"."UPDATED_AT" DESC, "b"."CREATED_AT" DESC, "b"."ID" DESC
2026-04-22 14:16:52.564 +07:00 [ERR] 2026-04-22 14:16:52.564418 ThreadID:59  (ERROR)   OracleExecutionStrategy.ExecuteAsync() :  Oracle.ManagedDataAccess.Client.OracleException (0x80004005): ORA-00904: "b"."IS_LATEST": invalid identifier
https://docs.oracle.com/error-help/db/ora-00904/
   at System.Threading.Tasks.ContinuationResultTaskFromResultTask`2.InnerInvoke()
   at System.Threading.ExecutionContext.RunInternal(ExecutionContext executionContext, ContextCallback callback, Object state)
--- End of stack trace from previous location ---
   at System.Threading.ExecutionContext.RunInternal(ExecutionContext executionContext, ContextCallback callback, Object state)
   at System.Threading.Tasks.Task.ExecuteWithThreadLocal(Task& currentTaskSlot, Thread threadPoolThread)
--- End of stack trace from previous location ---
   at Oracle.EntityFrameworkCore.Storage.Internal.OracleRelationalCommandBuilderFactory.OracleRelationalCommandBuilder.OracleRelationalCommand.ExecuteReaderAsync(RelationalCommandParameterObject parameterObject, CancellationToken cancellationToken)
   at Oracle.EntityFrameworkCore.Storage.Internal.OracleRelationalCommandBuilderFactory.OracleRelationalCommandBuilder.OracleRelationalCommand.ExecuteReaderAsync(RelationalCommandParameterObject parameterObject, CancellationToken cancellationToken)
   at Oracle.EntityFrameworkCore.Storage.Internal.OracleRelationalCommandBuilderFactory.OracleRelationalCommandBuilder.OracleRelationalCommand.ExecuteReaderAsync(RelationalCommandParameterObject parameterObject, CancellationToken cancellationToken)
   at Microsoft.EntityFrameworkCore.Query.Internal.SingleQueryingEnumerable`1.AsyncEnumerator.InitializeReaderAsync(AsyncEnumerator enumerator, CancellationToken cancellationToken)
   at Oracle.EntityFrameworkCore.Storage.Internal.OracleExecutionStrategy.ExecuteAsync[TState,TResult](TState state, Func`4 operation, Func`4 verifySucceeded, CancellationToken cancellationToken)
2026-04-22 14:16:52.565 +07:00 [ERR] An exception occurred while iterating over the results of a query for context type 'ThucLuc.Infrastructure.Persistence.AppDbContext'.
Oracle.ManagedDataAccess.Client.OracleException (0x80004005): ORA-00904: "b"."IS_LATEST": invalid identifier
https://docs.oracle.com/error-help/db/ora-00904/
   at System.Threading.Tasks.ContinuationResultTaskFromResultTask`2.InnerInvoke()
   at System.Threading.ExecutionContext.RunInternal(ExecutionContext executionContext, ContextCallback callback, Object state)
--- End of stack trace from previous location ---
   at System.Threading.ExecutionContext.RunInternal(ExecutionContext executionContext, ContextCallback callback, Object state)
   at System.Threading.Tasks.Task.ExecuteWithThreadLocal(Task& currentTaskSlot, Thread threadPoolThread)
--- End of stack trace from previous location ---
   at Oracle.EntityFrameworkCore.Storage.Internal.OracleRelationalCommandBuilderFactory.OracleRelationalCommandBuilder.OracleRelationalCommand.ExecuteReaderAsync(RelationalCommandParameterObject parameterObject, CancellationToken cancellationToken)
   at Oracle.EntityFrameworkCore.Storage.Internal.OracleRelationalCommandBuilderFactory.OracleRelationalCommandBuilder.OracleRelationalCommand.ExecuteReaderAsync(RelationalCommandParameterObject parameterObject, CancellationToken cancellationToken)
   at Oracle.EntityFrameworkCore.Storage.Internal.OracleRelationalCommandBuilderFactory.OracleRelationalCommandBuilder.OracleRelationalCommand.ExecuteReaderAsync(RelationalCommandParameterObject parameterObject, CancellationToken cancellationToken)
   at Microsoft.EntityFrameworkCore.Query.Internal.SingleQueryingEnumerable`1.AsyncEnumerator.InitializeReaderAsync(AsyncEnumerator enumerator, CancellationToken cancellationToken)
   at Oracle.EntityFrameworkCore.Storage.Internal.OracleExecutionStrategy.ExecuteAsync[TState,TResult](TState state, Func`4 operation, Func`4 verifySucceeded, CancellationToken cancellationToken)
   at Microsoft.EntityFrameworkCore.Query.Internal.SingleQueryingEnumerable`1.AsyncEnumerator.MoveNextAsync()
Oracle.ManagedDataAccess.Client.OracleException (0x80004005): ORA-00904: "b"."IS_LATEST": invalid identifier
https://docs.oracle.com/error-help/db/ora-00904/
   at System.Threading.Tasks.ContinuationResultTaskFromResultTask`2.InnerInvoke()
   at System.Threading.ExecutionContext.RunInternal(ExecutionContext executionContext, ContextCallback callback, Object state)
--- End of stack trace from previous location ---
   at System.Threading.ExecutionContext.RunInternal(ExecutionContext executionContext, ContextCallback callback, Object state)
   at System.Threading.Tasks.Task.ExecuteWithThreadLocal(Task& currentTaskSlot, Thread threadPoolThread)
--- End of stack trace from previous location ---
   at Oracle.EntityFrameworkCore.Storage.Internal.OracleRelationalCommandBuilderFactory.OracleRelationalCommandBuilder.OracleRelationalCommand.ExecuteReaderAsync(RelationalCommandParameterObject parameterObject, CancellationToken cancellationToken)
   at Oracle.EntityFrameworkCore.Storage.Internal.OracleRelationalCommandBuilderFactory.OracleRelationalCommandBuilder.OracleRelationalCommand.ExecuteReaderAsync(RelationalCommandParameterObject parameterObject, CancellationToken cancellationToken)
   at Oracle.EntityFrameworkCore.Storage.Internal.OracleRelationalCommandBuilderFactory.OracleRelationalCommandBuilder.OracleRelationalCommand.ExecuteReaderAsync(RelationalCommandParameterObject parameterObject, CancellationToken cancellationToken)
   at Microsoft.EntityFrameworkCore.Query.Internal.SingleQueryingEnumerable`1.AsyncEnumerator.InitializeReaderAsync(AsyncEnumerator enumerator, CancellationToken cancellationToken)
   at Oracle.EntityFrameworkCore.Storage.Internal.OracleExecutionStrategy.ExecuteAsync[TState,TResult](TState state, Func`4 operation, Func`4 verifySucceeded, CancellationToken cancellationToken)
   at Microsoft.EntityFrameworkCore.Query.Internal.SingleQueryingEnumerable`1.AsyncEnumerator.MoveNextAsync()
2026-04-22 14:16:52.568 +07:00 [INF] Executed action ThucLuc.Api.Controllers.V1.DaoTaoHocVienController.GetAll (ThucLuc.Api) in 8.6888ms
2026-04-22 14:16:52.568 +07:00 [INF] Executed endpoint 'ThucLuc.Api.Controllers.V1.DaoTaoHocVienController.GetAll (ThucLuc.Api)'
2026-04-22 14:16:52.569 +07:00 [ERR] Unhandled exception. CorrelationId=182dacfb91c045fd8d80249b0939c31d
Oracle.ManagedDataAccess.Client.OracleException (0x80004005): ORA-00904: "b"."IS_LATEST": invalid identifier
https://docs.oracle.com/error-help/db/ora-00904/
   at System.Threading.Tasks.ContinuationResultTaskFromResultTask`2.InnerInvoke()
   at System.Threading.ExecutionContext.RunInternal(ExecutionContext executionContext, ContextCallback callback, Object state)
--- End of stack trace from previous location ---
   at System.Threading.ExecutionContext.RunInternal(ExecutionContext executionContext, ContextCallback callback, Object state)
   at System.Threading.Tasks.Task.ExecuteWithThreadLocal(Task& currentTaskSlot, Thread threadPoolThread)
--- End of stack trace from previous location ---
   at Oracle.EntityFrameworkCore.Storage.Internal.OracleRelationalCommandBuilderFactory.OracleRelationalCommandBuilder.OracleRelationalCommand.ExecuteReaderAsync(RelationalCommandParameterObject parameterObject, CancellationToken cancellationToken)
   at Oracle.EntityFrameworkCore.Storage.Internal.OracleRelationalCommandBuilderFactory.OracleRelationalCommandBuilder.OracleRelationalCommand.ExecuteReaderAsync(RelationalCommandParameterObject parameterObject, CancellationToken cancellationToken)
   at Oracle.EntityFrameworkCore.Storage.Internal.OracleRelationalCommandBuilderFactory.OracleRelationalCommandBuilder.OracleRelationalCommand.ExecuteReaderAsync(RelationalCommandParameterObject parameterObject, CancellationToken cancellationToken)
   at Microsoft.EntityFrameworkCore.Query.Internal.SingleQueryingEnumerable`1.AsyncEnumerator.InitializeReaderAsync(AsyncEnumerator enumerator, CancellationToken cancellationToken)
   at Oracle.EntityFrameworkCore.Storage.Internal.OracleExecutionStrategy.ExecuteAsync[TState,TResult](TState state, Func`4 operation, Func`4 verifySucceeded, CancellationToken cancellationToken)
   at Microsoft.EntityFrameworkCore.Query.Internal.SingleQueryingEnumerable`1.AsyncEnumerator.MoveNextAsync()
   at Microsoft.EntityFrameworkCore.EntityFrameworkQueryableExtensions.ToListAsync[TSource](IQueryable`1 source, CancellationToken cancellationToken)
   at Microsoft.EntityFrameworkCore.EntityFrameworkQueryableExtensions.ToListAsync[TSource](IQueryable`1 source, CancellationToken cancellationToken)
   at ThucLuc.Application.Features.DaoTaoHocVien.DaoTaoHocVienService.GetAllAsync(DaoTaoHocVienQuery query, CancellationToken cancellationToken) in D:\Projects\ThucLuc_V2\.sources\backend\src\Application\Features\DaoTaoHocVien\DaoTaoHocVienService.cs:line 60
   at ThucLuc.Api.Controllers.V1.DaoTaoHocVienController.GetAll(DaoTaoHocVienQuery query, CancellationToken cancellationToken) in D:\Projects\ThucLuc_V2\.sources\backend\src\api\Controllers\V1\DaoTaoHocVienController.cs:line 28
   at lambda_method2083(Closure, Object)
   at Microsoft.AspNetCore.Mvc.Infrastructure.ActionMethodExecutor.AwaitableObjectResultExecutor.Execute(ActionContext actionContext, IActionResultTypeMapper mapper, ObjectMethodExecutor executor, Object controller, Object[] arguments)
   at Microsoft.AspNetCore.Mvc.Infrastructure.ControllerActionInvoker.<InvokeActionMethodAsync>g__Awaited|12_0(ControllerActionInvoker invoker, ValueTask`1 actionResultValueTask)
   at Microsoft.AspNetCore.Mvc.Infrastructure.ControllerActionInvoker.<InvokeNextActionFilterAsync>g__Awaited|10_0(ControllerActionInvoker invoker, Task lastTask, State next, Scope scope, Object state, Boolean isCompleted)
   at Microsoft.AspNetCore.Mvc.Infrastructure.ControllerActionInvoker.Rethrow(ActionExecutedContextSealed context)
   at Microsoft.AspNetCore.Mvc.Infrastructure.ControllerActionInvoker.Next(State& next, Scope& scope, Object& state, Boolean& isCompleted)
   at Microsoft.AspNetCore.Mvc.Infrastructure.ControllerActionInvoker.<InvokeInnerFilterAsync>g__Awaited|13_0(ControllerActionInvoker invoker, Task lastTask, State next, Scope scope, Object state, Boolean isCompleted)
   at Microsoft.AspNetCore.Mvc.Infrastructure.ResourceInvoker.<InvokeFilterPipelineAsync>g__Awaited|20_0(ResourceInvoker invoker, Task lastTask, State next, Scope scope, Object state, Boolean isCompleted)
   at Microsoft.AspNetCore.Mvc.Infrastructure.ResourceInvoker.<InvokeAsync>g__Logged|17_1(ResourceInvoker invoker)
   at Microsoft.AspNetCore.Mvc.Infrastructure.ResourceInvoker.<InvokeAsync>g__Logged|17_1(ResourceInvoker invoker)
   at Microsoft.AspNetCore.Routing.EndpointMiddleware.<Invoke>g__AwaitRequestTask|7_0(Endpoint endpoint, Task requestTask, ILogger logger)
   at Microsoft.AspNetCore.Authorization.AuthorizationMiddleware.Invoke(HttpContext context)
   at Microsoft.AspNetCore.Authentication.AuthenticationMiddleware.Invoke(HttpContext context)
   at Swashbuckle.AspNetCore.SwaggerUI.SwaggerUIMiddleware.Invoke(HttpContext httpContext)
   at Swashbuckle.AspNetCore.Swagger.SwaggerMiddleware.Invoke(HttpContext httpContext, ISwaggerProvider swaggerProvider)
   at ThucLuc.Api.Common.Middleware.GlobalExceptionMiddleware.InvokeAsync(HttpContext context) in D:\Projects\ThucLuc_V2\.sources\backend\src\api\Common\Middleware\GlobalExceptionMiddleware.cs:line 23
2026-04-22 14:16:52.575 +07:00 [INF] HTTP GET /api/v1/dao-tao-hoc-vien => 500 in 17.7273 ms CorrelationId=182dacfb91c045fd8d80249b0939c31d UserId=5001
2026-04-22 14:16:52.576 +07:00 [ERR] HTTP GET /api/v1/dao-tao-hoc-vien responded 500 in 18.9773 ms
2026-04-22 14:16:52.577 +07:00 [INF] Request finished HTTP/1.1 GET http://localhost:5283/api/v1/dao-tao-hoc-vien - 500 null application/json 21.3716ms
2026-04-22 14:16:54.547 +07:00 [INF] Request starting HTTP/1.1 OPTIONS http://localhost:5283/api/v1/don-vi/2001 - null null
2026-04-22 14:16:54.549 +07:00 [INF] Request starting HTTP/1.1 OPTIONS http://localhost:5283/api/v1/codes/by-code/NOI_DUNG_DAO_TAO_HV - null null
2026-04-22 14:16:54.551 +07:00 [INF] CORS policy execution successful.
2026-04-22 14:16:54.552 +07:00 [INF] CORS policy execution successful.
2026-04-22 14:16:54.553 +07:00 [INF] HTTP OPTIONS /api/v1/don-vi/2001 => 204 in 1.9774 ms CorrelationId=c48b617073d94a10ab3c759c2bd91f32 UserId=anonymous
2026-04-22 14:16:54.553 +07:00 [INF] HTTP OPTIONS /api/v1/codes/by-code/NOI_DUNG_DAO_TAO_HV => 204 in 1.096 ms CorrelationId=957427a36a5444ce9535cb58342db27b UserId=anonymous
2026-04-22 14:16:54.555 +07:00 [INF] HTTP OPTIONS /api/v1/don-vi/2001 responded 204 in 4.5327 ms
2026-04-22 14:16:54.557 +07:00 [INF] HTTP OPTIONS /api/v1/codes/by-code/NOI_DUNG_DAO_TAO_HV responded 204 in 4.3175 ms
2026-04-22 14:16:54.558 +07:00 [INF] Request finished HTTP/1.1 OPTIONS http://localhost:5283/api/v1/don-vi/2001 - 204 null null 10.6356ms
2026-04-22 14:16:54.560 +07:00 [INF] Request finished HTTP/1.1 OPTIONS http://localhost:5283/api/v1/codes/by-code/NOI_DUNG_DAO_TAO_HV - 204 null null 11.0913ms
2026-04-22 14:16:54.563 +07:00 [INF] Request starting HTTP/1.1 GET http://localhost:5283/api/v1/don-vi/2001 - null null
2026-04-22 14:16:54.564 +07:00 [INF] Request starting HTTP/1.1 GET http://localhost:5283/api/v1/codes/by-code/NOI_DUNG_DAO_TAO_HV - null null
2026-04-22 14:16:54.566 +07:00 [INF] CORS policy execution successful.
2026-04-22 14:16:54.568 +07:00 [INF] CORS policy execution successful.
2026-04-22 14:16:54.569 +07:00 [INF] Executing endpoint 'ThucLuc.Api.Controllers.V1.DonViController.GetById (ThucLuc.Api)'
2026-04-22 14:16:54.569 +07:00 [INF] Executing endpoint 'ThucLuc.Api.Controllers.V1.CodesController.GetByCode (ThucLuc.Api)'
2026-04-22 14:16:54.570 +07:00 [INF] Route matched with {action = "GetById", controller = "DonVi"}. Executing controller action with signature System.Threading.Tasks.Task`1[Microsoft.AspNetCore.Mvc.ActionResult`1[ThucLuc.Api.Common.Models.ApiResponse`1[ThucLuc.Application.Features.DonVi.DonViDto]]] GetById(Int64, System.Threading.CancellationToken) on controller ThucLuc.Api.Controllers.V1.DonViController (ThucLuc.Api).
2026-04-22 14:16:54.571 +07:00 [INF] Route matched with {action = "GetByCode", controller = "Codes"}. Executing controller action with signature System.Threading.Tasks.Task`1[Microsoft.AspNetCore.Mvc.ActionResult`1[ThucLuc.Api.Common.Models.ApiResponse`1[ThucLuc.Application.Features.Codes.CodeDto]]] GetByCode(System.String, System.Threading.CancellationToken) on controller ThucLuc.Api.Controllers.V1.CodesController (ThucLuc.Api).
2026-04-22 14:16:54.575 +07:00 [INF] Executing OkObjectResult, writing value of type 'ThucLuc.Api.Common.Models.ApiResponse`1[[ThucLuc.Application.Features.DonVi.DonViDto, ThucLuc.Application, Version=1.0.0.0, Culture=neutral, PublicKeyToken=null]]'.
2026-04-22 14:16:54.578 +07:00 [INF] Executing OkObjectResult, writing value of type 'ThucLuc.Api.Common.Models.ApiResponse`1[[ThucLuc.Application.Features.Codes.CodeDto, ThucLuc.Application, Version=1.0.0.0, Culture=neutral, PublicKeyToken=null]]'.
2026-04-22 14:16:54.578 +07:00 [INF] Executed action ThucLuc.Api.Controllers.V1.DonViController.GetById (ThucLuc.Api) in 5.6899ms
2026-04-22 14:16:54.580 +07:00 [INF] Executed action ThucLuc.Api.Controllers.V1.CodesController.GetByCode (ThucLuc.Api) in 5.5287ms
2026-04-22 14:16:54.582 +07:00 [INF] Executed endpoint 'ThucLuc.Api.Controllers.V1.DonViController.GetById (ThucLuc.Api)'
2026-04-22 14:16:54.583 +07:00 [INF] Executed endpoint 'ThucLuc.Api.Controllers.V1.CodesController.GetByCode (ThucLuc.Api)'
2026-04-22 14:16:54.583 +07:00 [INF] HTTP GET /api/v1/don-vi/2001 => 200 in 17.4715 ms CorrelationId=65595324d5e9436c9375a8064fb32df5 UserId=5001
2026-04-22 14:16:54.584 +07:00 [INF] HTTP GET /api/v1/codes/by-code/NOI_DUNG_DAO_TAO_HV => 200 in 16.4151 ms CorrelationId=0b21e1742dc94fd8b8c6f2b516ee88e0 UserId=5001
2026-04-22 14:16:54.586 +07:00 [INF] HTTP GET /api/v1/don-vi/2001 responded 200 in 20.1460 ms
2026-04-22 14:16:54.587 +07:00 [INF] HTTP GET /api/v1/codes/by-code/NOI_DUNG_DAO_TAO_HV responded 200 in 19.4047 ms
2026-04-22 14:16:54.588 +07:00 [INF] Request finished HTTP/1.1 GET http://localhost:5283/api/v1/don-vi/2001 - 200 null application/json; charset=utf-8 25.4263ms
2026-04-22 14:16:54.589 +07:00 [INF] Request finished HTTP/1.1 GET http://localhost:5283/api/v1/codes/by-code/NOI_DUNG_DAO_TAO_HV - 200 null application/json; charset=utf-8 24.8146ms
2026-04-22 14:16:54.594 +07:00 [INF] Request starting HTTP/1.1 OPTIONS http://localhost:5283/api/v1/ky-bao-cao/current - null null
2026-04-22 14:16:54.594 +07:00 [INF] Request starting HTTP/1.1 OPTIONS http://localhost:5283/api/v1/ky-bao-cao - null null
2026-04-22 14:16:54.596 +07:00 [INF] CORS policy execution successful.
2026-04-22 14:16:54.598 +07:00 [INF] CORS policy execution successful.
2026-04-22 14:16:54.599 +07:00 [INF] HTTP OPTIONS /api/v1/ky-bao-cao/current => 204 in 2.4527 ms CorrelationId=41083a1d21e04d0fb0f7c2804a6cac48 UserId=anonymous
2026-04-22 14:16:54.599 +07:00 [INF] HTTP OPTIONS /api/v1/ky-bao-cao => 204 in 0.9366 ms CorrelationId=6e479799f90c4bd28fd41a2c4c0fdbe9 UserId=anonymous
2026-04-22 14:16:54.601 +07:00 [INF] HTTP OPTIONS /api/v1/ky-bao-cao/current responded 204 in 4.5057 ms
2026-04-22 14:16:54.602 +07:00 [INF] HTTP OPTIONS /api/v1/ky-bao-cao responded 204 in 4.1805 ms
2026-04-22 14:16:54.603 +07:00 [INF] Request finished HTTP/1.1 OPTIONS http://localhost:5283/api/v1/ky-bao-cao/current - 204 null null 9.0023ms
2026-04-22 14:16:54.604 +07:00 [INF] Request finished HTTP/1.1 OPTIONS http://localhost:5283/api/v1/ky-bao-cao - 204 null null 9.9854ms
2026-04-22 14:16:54.606 +07:00 [INF] Request starting HTTP/1.1 GET http://localhost:5283/api/v1/ky-bao-cao/current - null null
2026-04-22 14:16:54.608 +07:00 [INF] Request starting HTTP/1.1 GET http://localhost:5283/api/v1/ky-bao-cao - null null
2026-04-22 14:16:54.610 +07:00 [INF] CORS policy execution successful.
2026-04-22 14:16:54.612 +07:00 [INF] CORS policy execution successful.
2026-04-22 14:16:54.612 +07:00 [INF] Executing endpoint 'ThucLuc.Api.Controllers.V1.KyBaoCaoController.GetCurrent (ThucLuc.Api)'
2026-04-22 14:16:54.613 +07:00 [INF] Executing endpoint 'ThucLuc.Api.Controllers.V1.KyBaoCaoController.GetAll (ThucLuc.Api)'
2026-04-22 14:16:54.614 +07:00 [INF] Route matched with {action = "GetCurrent", controller = "KyBaoCao"}. Executing controller action with signature System.Threading.Tasks.Task`1[Microsoft.AspNetCore.Mvc.ActionResult`1[ThucLuc.Api.Common.Models.ApiResponse`1[ThucLuc.Application.Features.KyBaoCao.KyBaoCaoDto]]] GetCurrent(System.Threading.CancellationToken) on controller ThucLuc.Api.Controllers.V1.KyBaoCaoController (ThucLuc.Api).
2026-04-22 14:16:54.614 +07:00 [INF] Route matched with {action = "GetAll", controller = "KyBaoCao"}. Executing controller action with signature System.Threading.Tasks.Task`1[Microsoft.AspNetCore.Mvc.ActionResult`1[ThucLuc.Api.Common.Models.ApiResponse`1[System.Collections.Generic.IReadOnlyCollection`1[ThucLuc.Application.Features.KyBaoCao.KyBaoCaoDto]]]] GetAll(System.Threading.CancellationToken) on controller ThucLuc.Api.Controllers.V1.KyBaoCaoController (ThucLuc.Api).
2026-04-22 14:16:54.617 +07:00 [INF] Executing OkObjectResult, writing value of type 'ThucLuc.Api.Common.Models.ApiResponse`1[[ThucLuc.Application.Features.KyBaoCao.KyBaoCaoDto, ThucLuc.Application, Version=1.0.0.0, Culture=neutral, PublicKeyToken=null]]'.
2026-04-22 14:16:54.618 +07:00 [INF] Executing OkObjectResult, writing value of type 'ThucLuc.Api.Common.Models.ApiResponse`1[[System.Collections.Generic.IReadOnlyCollection`1[[ThucLuc.Application.Features.KyBaoCao.KyBaoCaoDto, ThucLuc.Application, Version=1.0.0.0, Culture=neutral, PublicKeyToken=null]], System.Private.CoreLib, Version=8.0.0.0, Culture=neutral, PublicKeyToken=7cec85d7bea7798e]]'.
2026-04-22 14:16:54.618 +07:00 [INF] Executed action ThucLuc.Api.Controllers.V1.KyBaoCaoController.GetCurrent (ThucLuc.Api) in 2.8967ms
2026-04-22 14:16:54.619 +07:00 [INF] Executed action ThucLuc.Api.Controllers.V1.KyBaoCaoController.GetAll (ThucLuc.Api) in 2.7447ms
2026-04-22 14:16:54.620 +07:00 [INF] Executed endpoint 'ThucLuc.Api.Controllers.V1.KyBaoCaoController.GetCurrent (ThucLuc.Api)'
2026-04-22 14:16:54.621 +07:00 [INF] Executed endpoint 'ThucLuc.Api.Controllers.V1.KyBaoCaoController.GetAll (ThucLuc.Api)'
2026-04-22 14:16:54.621 +07:00 [INF] HTTP GET /api/v1/ky-bao-cao/current => 200 in 11.4597 ms CorrelationId=42864734c0bb4e1c8800cef8e0a0cb0a UserId=5001
2026-04-22 14:16:54.622 +07:00 [INF] HTTP GET /api/v1/ky-bao-cao => 200 in 10.3122 ms CorrelationId=fdbbb9c308194e1ab9eba06b01d09c52 UserId=5001
2026-04-22 14:16:54.623 +07:00 [INF] HTTP GET /api/v1/ky-bao-cao/current responded 200 in 13.2258 ms
2026-04-22 14:16:54.624 +07:00 [INF] HTTP GET /api/v1/ky-bao-cao responded 200 in 12.7452 ms
2026-04-22 14:16:54.625 +07:00 [INF] Request finished HTTP/1.1 GET http://localhost:5283/api/v1/ky-bao-cao/current - 200 null application/json; charset=utf-8 18.8906ms
2026-04-22 14:16:54.627 +07:00 [INF] Request finished HTTP/1.1 GET http://localhost:5283/api/v1/ky-bao-cao - 200 null application/json; charset=utf-8 18.8994ms
2026-04-22 14:16:54.633 +07:00 [INF] Request starting HTTP/1.1 OPTIONS http://localhost:5283/api/v1/dao-tao-hoc-vien - null null
2026-04-22 14:16:54.634 +07:00 [INF] CORS policy execution successful.
2026-04-22 14:16:54.635 +07:00 [INF] HTTP OPTIONS /api/v1/dao-tao-hoc-vien => 204 in 0.5308 ms CorrelationId=6016721161a54413a22f67fa398c6f22 UserId=anonymous
2026-04-22 14:16:54.637 +07:00 [INF] HTTP OPTIONS /api/v1/dao-tao-hoc-vien responded 204 in 3.1469 ms
2026-04-22 14:16:54.638 +07:00 [INF] Request finished HTTP/1.1 OPTIONS http://localhost:5283/api/v1/dao-tao-hoc-vien - 204 null null 5.538ms
2026-04-22 14:16:54.640 +07:00 [INF] Request starting HTTP/1.1 GET http://localhost:5283/api/v1/dao-tao-hoc-vien - null null
2026-04-22 14:16:54.641 +07:00 [INF] CORS policy execution successful.
2026-04-22 14:16:54.643 +07:00 [INF] Executing endpoint 'ThucLuc.Api.Controllers.V1.DaoTaoHocVienController.GetAll (ThucLuc.Api)'
2026-04-22 14:16:54.644 +07:00 [INF] Route matched with {action = "GetAll", controller = "DaoTaoHocVien"}. Executing controller action with signature System.Threading.Tasks.Task`1[Microsoft.AspNetCore.Mvc.ActionResult`1[ThucLuc.Api.Common.Models.ApiResponse`1[System.Collections.Generic.IReadOnlyCollection`1[ThucLuc.Application.Features.DaoTaoHocVien.DaoTaoHocVienDto]]]] GetAll(ThucLuc.Application.Features.DaoTaoHocVien.DaoTaoHocVienQuery, System.Threading.CancellationToken) on controller ThucLuc.Api.Controllers.V1.DaoTaoHocVienController (ThucLuc.Api).
2026-04-22 14:16:54.649 +07:00 [ERR] 2026-04-22 14:16:54.649647 ThreadID:55  (ERROR)   OracleRelationalCommand.ExecuteReaderAsync() :  Oracle.ManagedDataAccess.Client.OracleException (0x80004005): ORA-00904: "b"."IS_LATEST": invalid identifier
https://docs.oracle.com/error-help/db/ora-00904/
   at System.Threading.Tasks.ContinuationResultTaskFromResultTask`2.InnerInvoke()
   at System.Threading.ExecutionContext.RunInternal(ExecutionContext executionContext, ContextCallback callback, Object state)
--- End of stack trace from previous location ---
   at System.Threading.ExecutionContext.RunInternal(ExecutionContext executionContext, ContextCallback callback, Object state)
   at System.Threading.Tasks.Task.ExecuteWithThreadLocal(Task& currentTaskSlot, Thread threadPoolThread)
--- End of stack trace from previous location ---
   at Oracle.EntityFrameworkCore.Storage.Internal.OracleRelationalCommandBuilderFactory.OracleRelationalCommandBuilder.OracleRelationalCommand.ExecuteReaderAsync(RelationalCommandParameterObject parameterObject, CancellationToken cancellationToken)
2026-04-22 14:16:54.650 +07:00 [ERR] Failed executing DbCommand (4ms) [Parameters=[], CommandType='"Text"', CommandTimeout='0']
SELECT "b"."ID", "b"."CREATED_AT", "b"."CREATED_BY", "b"."DELETED_AT", "b"."DON_VI_ID", "b"."GHI_CHU", "b"."IS_LATEST", "b"."KY_BAO_CAO_CODE", "b"."NAM", "b"."NOI_DUNG_DAO_TAO", "b"."SNAPSHOT_BATCH_ID", "b"."SNAPSHOT_CREATED_AT", "b"."SNAPSHOT_VERSION", "b"."SO_CAO_DANG", "b"."SO_DAI_HOC", "b"."SO_THAC_SI", "b"."SO_TIEN_SI", "b"."SO_TRUNG_CAP", "b"."UPDATED_AT", "b"."UPDATED_BY"
FROM "CAND_QLCNTT"."BIZ_DAO_TAO_HOC_VIEN" "b"
WHERE (("b"."DELETED_AT" IS NULL) AND ("b"."IS_LATEST" = 1))
ORDER BY "b"."UPDATED_AT" DESC, "b"."CREATED_AT" DESC, "b"."ID" DESC
2026-04-22 14:16:54.652 +07:00 [ERR] 2026-04-22 14:16:54.652124 ThreadID:55  (ERROR)   OracleExecutionStrategy.ExecuteAsync() :  Oracle.ManagedDataAccess.Client.OracleException (0x80004005): ORA-00904: "b"."IS_LATEST": invalid identifier
https://docs.oracle.com/error-help/db/ora-00904/
   at System.Threading.Tasks.ContinuationResultTaskFromResultTask`2.InnerInvoke()
   at System.Threading.ExecutionContext.RunInternal(ExecutionContext executionContext, ContextCallback callback, Object state)
--- End of stack trace from previous location ---
   at System.Threading.ExecutionContext.RunInternal(ExecutionContext executionContext, ContextCallback callback, Object state)
   at System.Threading.Tasks.Task.ExecuteWithThreadLocal(Task& currentTaskSlot, Thread threadPoolThread)
--- End of stack trace from previous location ---
   at Oracle.EntityFrameworkCore.Storage.Internal.OracleRelationalCommandBuilderFactory.OracleRelationalCommandBuilder.OracleRelationalCommand.ExecuteReaderAsync(RelationalCommandParameterObject parameterObject, CancellationToken cancellationToken)
   at Oracle.EntityFrameworkCore.Storage.Internal.OracleRelationalCommandBuilderFactory.OracleRelationalCommandBuilder.OracleRelationalCommand.ExecuteReaderAsync(RelationalCommandParameterObject parameterObject, CancellationToken cancellationToken)
   at Oracle.EntityFrameworkCore.Storage.Internal.OracleRelationalCommandBuilderFactory.OracleRelationalCommandBuilder.OracleRelationalCommand.ExecuteReaderAsync(RelationalCommandParameterObject parameterObject, CancellationToken cancellationToken)
   at Microsoft.EntityFrameworkCore.Query.Internal.SingleQueryingEnumerable`1.AsyncEnumerator.InitializeReaderAsync(AsyncEnumerator enumerator, CancellationToken cancellationToken)
   at Oracle.EntityFrameworkCore.Storage.Internal.OracleExecutionStrategy.ExecuteAsync[TState,TResult](TState state, Func`4 operation, Func`4 verifySucceeded, CancellationToken cancellationToken)
2026-04-22 14:16:54.653 +07:00 [ERR] An exception occurred while iterating over the results of a query for context type 'ThucLuc.Infrastructure.Persistence.AppDbContext'.
Oracle.ManagedDataAccess.Client.OracleException (0x80004005): ORA-00904: "b"."IS_LATEST": invalid identifier
https://docs.oracle.com/error-help/db/ora-00904/
   at System.Threading.Tasks.ContinuationResultTaskFromResultTask`2.InnerInvoke()
   at System.Threading.ExecutionContext.RunInternal(ExecutionContext executionContext, ContextCallback callback, Object state)
--- End of stack trace from previous location ---
   at System.Threading.ExecutionContext.RunInternal(ExecutionContext executionContext, ContextCallback callback, Object state)
   at System.Threading.Tasks.Task.ExecuteWithThreadLocal(Task& currentTaskSlot, Thread threadPoolThread)
--- End of stack trace from previous location ---
   at Oracle.EntityFrameworkCore.Storage.Internal.OracleRelationalCommandBuilderFactory.OracleRelationalCommandBuilder.OracleRelationalCommand.ExecuteReaderAsync(RelationalCommandParameterObject parameterObject, CancellationToken cancellationToken)
   at Oracle.EntityFrameworkCore.Storage.Internal.OracleRelationalCommandBuilderFactory.OracleRelationalCommandBuilder.OracleRelationalCommand.ExecuteReaderAsync(RelationalCommandParameterObject parameterObject, CancellationToken cancellationToken)
   at Oracle.EntityFrameworkCore.Storage.Internal.OracleRelationalCommandBuilderFactory.OracleRelationalCommandBuilder.OracleRelationalCommand.ExecuteReaderAsync(RelationalCommandParameterObject parameterObject, CancellationToken cancellationToken)
   at Microsoft.EntityFrameworkCore.Query.Internal.SingleQueryingEnumerable`1.AsyncEnumerator.InitializeReaderAsync(AsyncEnumerator enumerator, CancellationToken cancellationToken)
   at Oracle.EntityFrameworkCore.Storage.Internal.OracleExecutionStrategy.ExecuteAsync[TState,TResult](TState state, Func`4 operation, Func`4 verifySucceeded, CancellationToken cancellationToken)
   at Microsoft.EntityFrameworkCore.Query.Internal.SingleQueryingEnumerable`1.AsyncEnumerator.MoveNextAsync()
Oracle.ManagedDataAccess.Client.OracleException (0x80004005): ORA-00904: "b"."IS_LATEST": invalid identifier
https://docs.oracle.com/error-help/db/ora-00904/
   at System.Threading.Tasks.ContinuationResultTaskFromResultTask`2.InnerInvoke()
   at System.Threading.ExecutionContext.RunInternal(ExecutionContext executionContext, ContextCallback callback, Object state)
--- End of stack trace from previous location ---
   at System.Threading.ExecutionContext.RunInternal(ExecutionContext executionContext, ContextCallback callback, Object state)
   at System.Threading.Tasks.Task.ExecuteWithThreadLocal(Task& currentTaskSlot, Thread threadPoolThread)
--- End of stack trace from previous location ---
   at Oracle.EntityFrameworkCore.Storage.Internal.OracleRelationalCommandBuilderFactory.OracleRelationalCommandBuilder.OracleRelationalCommand.ExecuteReaderAsync(RelationalCommandParameterObject parameterObject, CancellationToken cancellationToken)
   at Oracle.EntityFrameworkCore.Storage.Internal.OracleRelationalCommandBuilderFactory.OracleRelationalCommandBuilder.OracleRelationalCommand.ExecuteReaderAsync(RelationalCommandParameterObject parameterObject, CancellationToken cancellationToken)
   at Oracle.EntityFrameworkCore.Storage.Internal.OracleRelationalCommandBuilderFactory.OracleRelationalCommandBuilder.OracleRelationalCommand.ExecuteReaderAsync(RelationalCommandParameterObject parameterObject, CancellationToken cancellationToken)
   at Microsoft.EntityFrameworkCore.Query.Internal.SingleQueryingEnumerable`1.AsyncEnumerator.InitializeReaderAsync(AsyncEnumerator enumerator, CancellationToken cancellationToken)
   at Oracle.EntityFrameworkCore.Storage.Internal.OracleExecutionStrategy.ExecuteAsync[TState,TResult](TState state, Func`4 operation, Func`4 verifySucceeded, CancellationToken cancellationToken)
   at Microsoft.EntityFrameworkCore.Query.Internal.SingleQueryingEnumerable`1.AsyncEnumerator.MoveNextAsync()
2026-04-22 14:16:54.656 +07:00 [INF] Executed action ThucLuc.Api.Controllers.V1.DaoTaoHocVienController.GetAll (ThucLuc.Api) in 10.6868ms
2026-04-22 14:16:54.657 +07:00 [INF] Executed endpoint 'ThucLuc.Api.Controllers.V1.DaoTaoHocVienController.GetAll (ThucLuc.Api)'
2026-04-22 14:16:54.658 +07:00 [ERR] Unhandled exception. CorrelationId=20fdfead9d9b4a6b9ada2041f1f7ddbd
Oracle.ManagedDataAccess.Client.OracleException (0x80004005): ORA-00904: "b"."IS_LATEST": invalid identifier
https://docs.oracle.com/error-help/db/ora-00904/
   at System.Threading.Tasks.ContinuationResultTaskFromResultTask`2.InnerInvoke()
   at System.Threading.ExecutionContext.RunInternal(ExecutionContext executionContext, ContextCallback callback, Object state)
--- End of stack trace from previous location ---
   at System.Threading.ExecutionContext.RunInternal(ExecutionContext executionContext, ContextCallback callback, Object state)
   at System.Threading.Tasks.Task.ExecuteWithThreadLocal(Task& currentTaskSlot, Thread threadPoolThread)
--- End of stack trace from previous location ---
   at Oracle.EntityFrameworkCore.Storage.Internal.OracleRelationalCommandBuilderFactory.OracleRelationalCommandBuilder.OracleRelationalCommand.ExecuteReaderAsync(RelationalCommandParameterObject parameterObject, CancellationToken cancellationToken)
   at Oracle.EntityFrameworkCore.Storage.Internal.OracleRelationalCommandBuilderFactory.OracleRelationalCommandBuilder.OracleRelationalCommand.ExecuteReaderAsync(RelationalCommandParameterObject parameterObject, CancellationToken cancellationToken)
   at Oracle.EntityFrameworkCore.Storage.Internal.OracleRelationalCommandBuilderFactory.OracleRelationalCommandBuilder.OracleRelationalCommand.ExecuteReaderAsync(RelationalCommandParameterObject parameterObject, CancellationToken cancellationToken)
   at Microsoft.EntityFrameworkCore.Query.Internal.SingleQueryingEnumerable`1.AsyncEnumerator.InitializeReaderAsync(AsyncEnumerator enumerator, CancellationToken cancellationToken)
   at Oracle.EntityFrameworkCore.Storage.Internal.OracleExecutionStrategy.ExecuteAsync[TState,TResult](TState state, Func`4 operation, Func`4 verifySucceeded, CancellationToken cancellationToken)
   at Microsoft.EntityFrameworkCore.Query.Internal.SingleQueryingEnumerable`1.AsyncEnumerator.MoveNextAsync()
   at Microsoft.EntityFrameworkCore.EntityFrameworkQueryableExtensions.ToListAsync[TSource](IQueryable`1 source, CancellationToken cancellationToken)
   at Microsoft.EntityFrameworkCore.EntityFrameworkQueryableExtensions.ToListAsync[TSource](IQueryable`1 source, CancellationToken cancellationToken)
   at ThucLuc.Application.Features.DaoTaoHocVien.DaoTaoHocVienService.GetAllAsync(DaoTaoHocVienQuery query, CancellationToken cancellationToken) in D:\Projects\ThucLuc_V2\.sources\backend\src\Application\Features\DaoTaoHocVien\DaoTaoHocVienService.cs:line 60
   at ThucLuc.Api.Controllers.V1.DaoTaoHocVienController.GetAll(DaoTaoHocVienQuery query, CancellationToken cancellationToken) in D:\Projects\ThucLuc_V2\.sources\backend\src\api\Controllers\V1\DaoTaoHocVienController.cs:line 28
   at lambda_method2083(Closure, Object)
   at Microsoft.AspNetCore.Mvc.Infrastructure.ActionMethodExecutor.AwaitableObjectResultExecutor.Execute(ActionContext actionContext, IActionResultTypeMapper mapper, ObjectMethodExecutor executor, Object controller, Object[] arguments)
   at Microsoft.AspNetCore.Mvc.Infrastructure.ControllerActionInvoker.<InvokeActionMethodAsync>g__Awaited|12_0(ControllerActionInvoker invoker, ValueTask`1 actionResultValueTask)
   at Microsoft.AspNetCore.Mvc.Infrastructure.ControllerActionInvoker.<InvokeNextActionFilterAsync>g__Awaited|10_0(ControllerActionInvoker invoker, Task lastTask, State next, Scope scope, Object state, Boolean isCompleted)
   at Microsoft.AspNetCore.Mvc.Infrastructure.ControllerActionInvoker.Rethrow(ActionExecutedContextSealed context)
   at Microsoft.AspNetCore.Mvc.Infrastructure.ControllerActionInvoker.Next(State& next, Scope& scope, Object& state, Boolean& isCompleted)
   at Microsoft.AspNetCore.Mvc.Infrastructure.ControllerActionInvoker.<InvokeInnerFilterAsync>g__Awaited|13_0(ControllerActionInvoker invoker, Task lastTask, State next, Scope scope, Object state, Boolean isCompleted)
   at Microsoft.AspNetCore.Mvc.Infrastructure.ResourceInvoker.<InvokeFilterPipelineAsync>g__Awaited|20_0(ResourceInvoker invoker, Task lastTask, State next, Scope scope, Object state, Boolean isCompleted)
   at Microsoft.AspNetCore.Mvc.Infrastructure.ResourceInvoker.<InvokeAsync>g__Logged|17_1(ResourceInvoker invoker)
   at Microsoft.AspNetCore.Mvc.Infrastructure.ResourceInvoker.<InvokeAsync>g__Logged|17_1(ResourceInvoker invoker)
   at Microsoft.AspNetCore.Routing.EndpointMiddleware.<Invoke>g__AwaitRequestTask|7_0(Endpoint endpoint, Task requestTask, ILogger logger)
   at Microsoft.AspNetCore.Authorization.AuthorizationMiddleware.Invoke(HttpContext context)
   at Microsoft.AspNetCore.Authentication.AuthenticationMiddleware.Invoke(HttpContext context)
   at Swashbuckle.AspNetCore.SwaggerUI.SwaggerUIMiddleware.Invoke(HttpContext httpContext)
   at Swashbuckle.AspNetCore.Swagger.SwaggerMiddleware.Invoke(HttpContext httpContext, ISwaggerProvider swaggerProvider)
   at ThucLuc.Api.Common.Middleware.GlobalExceptionMiddleware.InvokeAsync(HttpContext context) in D:\Projects\ThucLuc_V2\.sources\backend\src\api\Common\Middleware\GlobalExceptionMiddleware.cs:line 23
2026-04-22 14:16:54.666 +07:00 [INF] HTTP GET /api/v1/dao-tao-hoc-vien => 500 in 24.6538 ms CorrelationId=20fdfead9d9b4a6b9ada2041f1f7ddbd UserId=5001
2026-04-22 14:16:54.667 +07:00 [ERR] HTTP GET /api/v1/dao-tao-hoc-vien responded 500 in 26.1755 ms
2026-04-22 14:16:54.669 +07:00 [INF] Request finished HTTP/1.1 GET http://localhost:5283/api/v1/dao-tao-hoc-vien - 500 null application/json 28.7667ms
2026-04-22 14:17:08.210 +07:00 [INF] Request starting HTTP/1.1 OPTIONS http://localhost:5283/api/v1/don-vi/2001 - null null
2026-04-22 14:17:08.212 +07:00 [INF] CORS policy execution successful.
2026-04-22 14:17:08.213 +07:00 [INF] Request starting HTTP/1.1 OPTIONS http://localhost:5283/api/v1/codes/by-code/NOI_DUNG_DAO_TAO_HV - null null
2026-04-22 14:17:08.213 +07:00 [INF] HTTP OPTIONS /api/v1/don-vi/2001 => 204 in 0.9296 ms CorrelationId=f0efba19e55d4ad6886b98eb0f77732a UserId=anonymous
2026-04-22 14:17:08.215 +07:00 [INF] CORS policy execution successful.
2026-04-22 14:17:08.216 +07:00 [INF] HTTP OPTIONS /api/v1/don-vi/2001 responded 204 in 4.2391 ms
2026-04-22 14:17:08.217 +07:00 [INF] HTTP OPTIONS /api/v1/codes/by-code/NOI_DUNG_DAO_TAO_HV => 204 in 2.2217 ms CorrelationId=38db10ae9e5d47bb8384c2ecf9085ae2 UserId=anonymous
2026-04-22 14:17:08.218 +07:00 [INF] Request finished HTTP/1.1 OPTIONS http://localhost:5283/api/v1/don-vi/2001 - 204 null null 8.4041ms
2026-04-22 14:17:08.219 +07:00 [INF] HTTP OPTIONS /api/v1/codes/by-code/NOI_DUNG_DAO_TAO_HV responded 204 in 4.5558 ms
2026-04-22 14:17:08.221 +07:00 [INF] Request starting HTTP/1.1 GET http://localhost:5283/api/v1/don-vi/2001 - null null
2026-04-22 14:17:08.223 +07:00 [INF] Request finished HTTP/1.1 OPTIONS http://localhost:5283/api/v1/codes/by-code/NOI_DUNG_DAO_TAO_HV - 204 null null 10.3457ms
2026-04-22 14:17:08.225 +07:00 [INF] CORS policy execution successful.
2026-04-22 14:17:08.229 +07:00 [INF] Request starting HTTP/1.1 GET http://localhost:5283/api/v1/codes/by-code/NOI_DUNG_DAO_TAO_HV - null null
2026-04-22 14:17:08.230 +07:00 [INF] Executing endpoint 'ThucLuc.Api.Controllers.V1.DonViController.GetById (ThucLuc.Api)'
2026-04-22 14:17:08.231 +07:00 [INF] CORS policy execution successful.
2026-04-22 14:17:08.232 +07:00 [INF] Route matched with {action = "GetById", controller = "DonVi"}. Executing controller action with signature System.Threading.Tasks.Task`1[Microsoft.AspNetCore.Mvc.ActionResult`1[ThucLuc.Api.Common.Models.ApiResponse`1[ThucLuc.Application.Features.DonVi.DonViDto]]] GetById(Int64, System.Threading.CancellationToken) on controller ThucLuc.Api.Controllers.V1.DonViController (ThucLuc.Api).
2026-04-22 14:17:08.233 +07:00 [INF] Executing endpoint 'ThucLuc.Api.Controllers.V1.CodesController.GetByCode (ThucLuc.Api)'
2026-04-22 14:17:08.235 +07:00 [INF] Route matched with {action = "GetByCode", controller = "Codes"}. Executing controller action with signature System.Threading.Tasks.Task`1[Microsoft.AspNetCore.Mvc.ActionResult`1[ThucLuc.Api.Common.Models.ApiResponse`1[ThucLuc.Application.Features.Codes.CodeDto]]] GetByCode(System.String, System.Threading.CancellationToken) on controller ThucLuc.Api.Controllers.V1.CodesController (ThucLuc.Api).
2026-04-22 14:17:08.236 +07:00 [INF] Executing OkObjectResult, writing value of type 'ThucLuc.Api.Common.Models.ApiResponse`1[[ThucLuc.Application.Features.DonVi.DonViDto, ThucLuc.Application, Version=1.0.0.0, Culture=neutral, PublicKeyToken=null]]'.
2026-04-22 14:17:08.239 +07:00 [INF] Executed action ThucLuc.Api.Controllers.V1.DonViController.GetById (ThucLuc.Api) in 5.1519ms
2026-04-22 14:17:08.240 +07:00 [INF] Executing OkObjectResult, writing value of type 'ThucLuc.Api.Common.Models.ApiResponse`1[[ThucLuc.Application.Features.Codes.CodeDto, ThucLuc.Application, Version=1.0.0.0, Culture=neutral, PublicKeyToken=null]]'.
2026-04-22 14:17:08.241 +07:00 [INF] Executed endpoint 'ThucLuc.Api.Controllers.V1.DonViController.GetById (ThucLuc.Api)'
2026-04-22 14:17:08.243 +07:00 [INF] Executed action ThucLuc.Api.Controllers.V1.CodesController.GetByCode (ThucLuc.Api) in 6.3944ms
2026-04-22 14:17:08.244 +07:00 [INF] HTTP GET /api/v1/don-vi/2001 => 200 in 18.8193 ms CorrelationId=608f06789b6746688221d9dad017e845 UserId=5001
2026-04-22 14:17:08.245 +07:00 [INF] Executed endpoint 'ThucLuc.Api.Controllers.V1.CodesController.GetByCode (ThucLuc.Api)'
2026-04-22 14:17:08.247 +07:00 [INF] HTTP GET /api/v1/don-vi/2001 responded 200 in 21.3251 ms
2026-04-22 14:17:08.247 +07:00 [INF] HTTP GET /api/v1/codes/by-code/NOI_DUNG_DAO_TAO_HV => 200 in 16.0132 ms CorrelationId=c8791f27b0524c768280031e7f57cb17 UserId=5001
2026-04-22 14:17:08.248 +07:00 [INF] Request finished HTTP/1.1 GET http://localhost:5283/api/v1/don-vi/2001 - 200 null application/json; charset=utf-8 27.7783ms
2026-04-22 14:17:08.250 +07:00 [INF] HTTP GET /api/v1/codes/by-code/NOI_DUNG_DAO_TAO_HV responded 200 in 18.3798 ms
2026-04-22 14:17:08.252 +07:00 [INF] Request finished HTTP/1.1 GET http://localhost:5283/api/v1/codes/by-code/NOI_DUNG_DAO_TAO_HV - 200 null application/json; charset=utf-8 22.989ms
2026-04-22 14:17:08.254 +07:00 [INF] Request starting HTTP/1.1 OPTIONS http://localhost:5283/api/v1/ky-bao-cao - null null
2026-04-22 14:17:08.254 +07:00 [INF] Request starting HTTP/1.1 OPTIONS http://localhost:5283/api/v1/ky-bao-cao/current - null null
2026-04-22 14:17:08.256 +07:00 [INF] CORS policy execution successful.
2026-04-22 14:17:08.257 +07:00 [INF] CORS policy execution successful.
2026-04-22 14:17:08.258 +07:00 [INF] HTTP OPTIONS /api/v1/ky-bao-cao => 204 in 2.1658 ms CorrelationId=05e23203e5964ffe9561e7921b2c4d17 UserId=anonymous
2026-04-22 14:17:08.258 +07:00 [INF] HTTP OPTIONS /api/v1/ky-bao-cao/current => 204 in 1.3075 ms CorrelationId=9f9d2244141f4e34b740363456ce6da6 UserId=anonymous
2026-04-22 14:17:08.261 +07:00 [INF] HTTP OPTIONS /api/v1/ky-bao-cao responded 204 in 5.0576 ms
2026-04-22 14:17:08.262 +07:00 [INF] HTTP OPTIONS /api/v1/ky-bao-cao/current responded 204 in 4.7781 ms
2026-04-22 14:17:08.263 +07:00 [INF] Request finished HTTP/1.1 OPTIONS http://localhost:5283/api/v1/ky-bao-cao - 204 null null 8.7773ms
2026-04-22 14:17:08.264 +07:00 [INF] Request finished HTTP/1.1 OPTIONS http://localhost:5283/api/v1/ky-bao-cao/current - 204 null null 9.8461ms
2026-04-22 14:17:08.266 +07:00 [INF] Request starting HTTP/1.1 GET http://localhost:5283/api/v1/ky-bao-cao - null null
2026-04-22 14:17:08.268 +07:00 [INF] Request starting HTTP/1.1 GET http://localhost:5283/api/v1/ky-bao-cao/current - null null
2026-04-22 14:17:08.269 +07:00 [INF] CORS policy execution successful.
2026-04-22 14:17:08.270 +07:00 [INF] CORS policy execution successful.
2026-04-22 14:17:08.271 +07:00 [INF] Executing endpoint 'ThucLuc.Api.Controllers.V1.KyBaoCaoController.GetAll (ThucLuc.Api)'
2026-04-22 14:17:08.271 +07:00 [INF] Executing endpoint 'ThucLuc.Api.Controllers.V1.KyBaoCaoController.GetCurrent (ThucLuc.Api)'
2026-04-22 14:17:08.272 +07:00 [INF] Route matched with {action = "GetAll", controller = "KyBaoCao"}. Executing controller action with signature System.Threading.Tasks.Task`1[Microsoft.AspNetCore.Mvc.ActionResult`1[ThucLuc.Api.Common.Models.ApiResponse`1[System.Collections.Generic.IReadOnlyCollection`1[ThucLuc.Application.Features.KyBaoCao.KyBaoCaoDto]]]] GetAll(System.Threading.CancellationToken) on controller ThucLuc.Api.Controllers.V1.KyBaoCaoController (ThucLuc.Api).
2026-04-22 14:17:08.272 +07:00 [INF] Route matched with {action = "GetCurrent", controller = "KyBaoCao"}. Executing controller action with signature System.Threading.Tasks.Task`1[Microsoft.AspNetCore.Mvc.ActionResult`1[ThucLuc.Api.Common.Models.ApiResponse`1[ThucLuc.Application.Features.KyBaoCao.KyBaoCaoDto]]] GetCurrent(System.Threading.CancellationToken) on controller ThucLuc.Api.Controllers.V1.KyBaoCaoController (ThucLuc.Api).
2026-04-22 14:17:08.275 +07:00 [INF] Executing OkObjectResult, writing value of type 'ThucLuc.Api.Common.Models.ApiResponse`1[[System.Collections.Generic.IReadOnlyCollection`1[[ThucLuc.Application.Features.KyBaoCao.KyBaoCaoDto, ThucLuc.Application, Version=1.0.0.0, Culture=neutral, PublicKeyToken=null]], System.Private.CoreLib, Version=8.0.0.0, Culture=neutral, PublicKeyToken=7cec85d7bea7798e]]'.
2026-04-22 14:17:08.275 +07:00 [INF] Executing OkObjectResult, writing value of type 'ThucLuc.Api.Common.Models.ApiResponse`1[[ThucLuc.Application.Features.KyBaoCao.KyBaoCaoDto, ThucLuc.Application, Version=1.0.0.0, Culture=neutral, PublicKeyToken=null]]'.
2026-04-22 14:17:08.276 +07:00 [INF] Executed action ThucLuc.Api.Controllers.V1.KyBaoCaoController.GetAll (ThucLuc.Api) in 3.4897ms
2026-04-22 14:17:08.278 +07:00 [INF] Executed action ThucLuc.Api.Controllers.V1.KyBaoCaoController.GetCurrent (ThucLuc.Api) in 3.6602ms
2026-04-22 14:17:08.278 +07:00 [INF] Executed endpoint 'ThucLuc.Api.Controllers.V1.KyBaoCaoController.GetAll (ThucLuc.Api)'
2026-04-22 14:17:08.279 +07:00 [INF] Executed endpoint 'ThucLuc.Api.Controllers.V1.KyBaoCaoController.GetCurrent (ThucLuc.Api)'
2026-04-22 14:17:08.280 +07:00 [INF] HTTP GET /api/v1/ky-bao-cao => 200 in 11.2197 ms CorrelationId=11cfa5d8445643b8b47c3e1332f23e15 UserId=5001
2026-04-22 14:17:08.281 +07:00 [INF] HTTP GET /api/v1/ky-bao-cao/current => 200 in 10.3868 ms CorrelationId=2c582a4bbd304d578e7d8957b85a8029 UserId=5001
2026-04-22 14:17:08.282 +07:00 [INF] HTTP GET /api/v1/ky-bao-cao responded 200 in 12.9788 ms
2026-04-22 14:17:08.283 +07:00 [INF] HTTP GET /api/v1/ky-bao-cao/current responded 200 in 12.5241 ms
2026-04-22 14:17:08.284 +07:00 [INF] Request finished HTTP/1.1 GET http://localhost:5283/api/v1/ky-bao-cao - 200 null application/json; charset=utf-8 17.8714ms
2026-04-22 14:17:08.285 +07:00 [INF] Request finished HTTP/1.1 GET http://localhost:5283/api/v1/ky-bao-cao/current - 200 null application/json; charset=utf-8 17.4801ms
2026-04-22 14:17:08.289 +07:00 [INF] Request starting HTTP/1.1 OPTIONS http://localhost:5283/api/v1/dao-tao-hoc-vien - null null
2026-04-22 14:17:08.291 +07:00 [INF] CORS policy execution successful.
2026-04-22 14:17:08.291 +07:00 [INF] HTTP OPTIONS /api/v1/dao-tao-hoc-vien => 204 in 0.4896 ms CorrelationId=0803af6f41db4df7b5b77e05122493a2 UserId=anonymous
2026-04-22 14:17:08.293 +07:00 [INF] HTTP OPTIONS /api/v1/dao-tao-hoc-vien responded 204 in 2.1727 ms
2026-04-22 14:17:08.294 +07:00 [INF] Request finished HTTP/1.1 OPTIONS http://localhost:5283/api/v1/dao-tao-hoc-vien - 204 null null 5.0458ms
2026-04-22 14:17:08.296 +07:00 [INF] Request starting HTTP/1.1 GET http://localhost:5283/api/v1/dao-tao-hoc-vien - null null
2026-04-22 14:17:08.298 +07:00 [INF] CORS policy execution successful.
2026-04-22 14:17:08.299 +07:00 [INF] Executing endpoint 'ThucLuc.Api.Controllers.V1.DaoTaoHocVienController.GetAll (ThucLuc.Api)'
2026-04-22 14:17:08.299 +07:00 [INF] Route matched with {action = "GetAll", controller = "DaoTaoHocVien"}. Executing controller action with signature System.Threading.Tasks.Task`1[Microsoft.AspNetCore.Mvc.ActionResult`1[ThucLuc.Api.Common.Models.ApiResponse`1[System.Collections.Generic.IReadOnlyCollection`1[ThucLuc.Application.Features.DaoTaoHocVien.DaoTaoHocVienDto]]]] GetAll(ThucLuc.Application.Features.DaoTaoHocVien.DaoTaoHocVienQuery, System.Threading.CancellationToken) on controller ThucLuc.Api.Controllers.V1.DaoTaoHocVienController (ThucLuc.Api).
2026-04-22 14:17:08.304 +07:00 [ERR] 2026-04-22 14:17:08.304045 ThreadID:55  (ERROR)   OracleRelationalCommand.ExecuteReaderAsync() :  Oracle.ManagedDataAccess.Client.OracleException (0x80004005): ORA-00904: "b"."IS_LATEST": invalid identifier
https://docs.oracle.com/error-help/db/ora-00904/
   at System.Threading.Tasks.ContinuationResultTaskFromResultTask`2.InnerInvoke()
   at System.Threading.ExecutionContext.RunInternal(ExecutionContext executionContext, ContextCallback callback, Object state)
--- End of stack trace from previous location ---
   at System.Threading.ExecutionContext.RunInternal(ExecutionContext executionContext, ContextCallback callback, Object state)
   at System.Threading.Tasks.Task.ExecuteWithThreadLocal(Task& currentTaskSlot, Thread threadPoolThread)
--- End of stack trace from previous location ---
   at Oracle.EntityFrameworkCore.Storage.Internal.OracleRelationalCommandBuilderFactory.OracleRelationalCommandBuilder.OracleRelationalCommand.ExecuteReaderAsync(RelationalCommandParameterObject parameterObject, CancellationToken cancellationToken)
2026-04-22 14:17:08.305 +07:00 [ERR] Failed executing DbCommand (4ms) [Parameters=[], CommandType='"Text"', CommandTimeout='0']
SELECT "b"."ID", "b"."CREATED_AT", "b"."CREATED_BY", "b"."DELETED_AT", "b"."DON_VI_ID", "b"."GHI_CHU", "b"."IS_LATEST", "b"."KY_BAO_CAO_CODE", "b"."NAM", "b"."NOI_DUNG_DAO_TAO", "b"."SNAPSHOT_BATCH_ID", "b"."SNAPSHOT_CREATED_AT", "b"."SNAPSHOT_VERSION", "b"."SO_CAO_DANG", "b"."SO_DAI_HOC", "b"."SO_THAC_SI", "b"."SO_TIEN_SI", "b"."SO_TRUNG_CAP", "b"."UPDATED_AT", "b"."UPDATED_BY"
FROM "CAND_QLCNTT"."BIZ_DAO_TAO_HOC_VIEN" "b"
WHERE (("b"."DELETED_AT" IS NULL) AND ("b"."IS_LATEST" = 1))
ORDER BY "b"."UPDATED_AT" DESC, "b"."CREATED_AT" DESC, "b"."ID" DESC
2026-04-22 14:17:08.307 +07:00 [ERR] 2026-04-22 14:17:08.307155 ThreadID:55  (ERROR)   OracleExecutionStrategy.ExecuteAsync() :  Oracle.ManagedDataAccess.Client.OracleException (0x80004005): ORA-00904: "b"."IS_LATEST": invalid identifier
https://docs.oracle.com/error-help/db/ora-00904/
   at System.Threading.Tasks.ContinuationResultTaskFromResultTask`2.InnerInvoke()
   at System.Threading.ExecutionContext.RunInternal(ExecutionContext executionContext, ContextCallback callback, Object state)
--- End of stack trace from previous location ---
   at System.Threading.ExecutionContext.RunInternal(ExecutionContext executionContext, ContextCallback callback, Object state)
   at System.Threading.Tasks.Task.ExecuteWithThreadLocal(Task& currentTaskSlot, Thread threadPoolThread)
--- End of stack trace from previous location ---
   at Oracle.EntityFrameworkCore.Storage.Internal.OracleRelationalCommandBuilderFactory.OracleRelationalCommandBuilder.OracleRelationalCommand.ExecuteReaderAsync(RelationalCommandParameterObject parameterObject, CancellationToken cancellationToken)
   at Oracle.EntityFrameworkCore.Storage.Internal.OracleRelationalCommandBuilderFactory.OracleRelationalCommandBuilder.OracleRelationalCommand.ExecuteReaderAsync(RelationalCommandParameterObject parameterObject, CancellationToken cancellationToken)
   at Oracle.EntityFrameworkCore.Storage.Internal.OracleRelationalCommandBuilderFactory.OracleRelationalCommandBuilder.OracleRelationalCommand.ExecuteReaderAsync(RelationalCommandParameterObject parameterObject, CancellationToken cancellationToken)
   at Microsoft.EntityFrameworkCore.Query.Internal.SingleQueryingEnumerable`1.AsyncEnumerator.InitializeReaderAsync(AsyncEnumerator enumerator, CancellationToken cancellationToken)
   at Oracle.EntityFrameworkCore.Storage.Internal.OracleExecutionStrategy.ExecuteAsync[TState,TResult](TState state, Func`4 operation, Func`4 verifySucceeded, CancellationToken cancellationToken)
2026-04-22 14:17:08.308 +07:00 [ERR] An exception occurred while iterating over the results of a query for context type 'ThucLuc.Infrastructure.Persistence.AppDbContext'.
Oracle.ManagedDataAccess.Client.OracleException (0x80004005): ORA-00904: "b"."IS_LATEST": invalid identifier
https://docs.oracle.com/error-help/db/ora-00904/
   at System.Threading.Tasks.ContinuationResultTaskFromResultTask`2.InnerInvoke()
   at System.Threading.ExecutionContext.RunInternal(ExecutionContext executionContext, ContextCallback callback, Object state)
--- End of stack trace from previous location ---
   at System.Threading.ExecutionContext.RunInternal(ExecutionContext executionContext, ContextCallback callback, Object state)
   at System.Threading.Tasks.Task.ExecuteWithThreadLocal(Task& currentTaskSlot, Thread threadPoolThread)
--- End of stack trace from previous location ---
   at Oracle.EntityFrameworkCore.Storage.Internal.OracleRelationalCommandBuilderFactory.OracleRelationalCommandBuilder.OracleRelationalCommand.ExecuteReaderAsync(RelationalCommandParameterObject parameterObject, CancellationToken cancellationToken)
   at Oracle.EntityFrameworkCore.Storage.Internal.OracleRelationalCommandBuilderFactory.OracleRelationalCommandBuilder.OracleRelationalCommand.ExecuteReaderAsync(RelationalCommandParameterObject parameterObject, CancellationToken cancellationToken)
   at Oracle.EntityFrameworkCore.Storage.Internal.OracleRelationalCommandBuilderFactory.OracleRelationalCommandBuilder.OracleRelationalCommand.ExecuteReaderAsync(RelationalCommandParameterObject parameterObject, CancellationToken cancellationToken)
   at Microsoft.EntityFrameworkCore.Query.Internal.SingleQueryingEnumerable`1.AsyncEnumerator.InitializeReaderAsync(AsyncEnumerator enumerator, CancellationToken cancellationToken)
   at Oracle.EntityFrameworkCore.Storage.Internal.OracleExecutionStrategy.ExecuteAsync[TState,TResult](TState state, Func`4 operation, Func`4 verifySucceeded, CancellationToken cancellationToken)
   at Microsoft.EntityFrameworkCore.Query.Internal.SingleQueryingEnumerable`1.AsyncEnumerator.MoveNextAsync()
Oracle.ManagedDataAccess.Client.OracleException (0x80004005): ORA-00904: "b"."IS_LATEST": invalid identifier
https://docs.oracle.com/error-help/db/ora-00904/
   at System.Threading.Tasks.ContinuationResultTaskFromResultTask`2.InnerInvoke()
   at System.Threading.ExecutionContext.RunInternal(ExecutionContext executionContext, ContextCallback callback, Object state)
--- End of stack trace from previous location ---
   at System.Threading.ExecutionContext.RunInternal(ExecutionContext executionContext, ContextCallback callback, Object state)
   at System.Threading.Tasks.Task.ExecuteWithThreadLocal(Task& currentTaskSlot, Thread threadPoolThread)
--- End of stack trace from previous location ---
   at Oracle.EntityFrameworkCore.Storage.Internal.OracleRelationalCommandBuilderFactory.OracleRelationalCommandBuilder.OracleRelationalCommand.ExecuteReaderAsync(RelationalCommandParameterObject parameterObject, CancellationToken cancellationToken)
   at Oracle.EntityFrameworkCore.Storage.Internal.OracleRelationalCommandBuilderFactory.OracleRelationalCommandBuilder.OracleRelationalCommand.ExecuteReaderAsync(RelationalCommandParameterObject parameterObject, CancellationToken cancellationToken)
   at Oracle.EntityFrameworkCore.Storage.Internal.OracleRelationalCommandBuilderFactory.OracleRelationalCommandBuilder.OracleRelationalCommand.ExecuteReaderAsync(RelationalCommandParameterObject parameterObject, CancellationToken cancellationToken)
   at Microsoft.EntityFrameworkCore.Query.Internal.SingleQueryingEnumerable`1.AsyncEnumerator.InitializeReaderAsync(AsyncEnumerator enumerator, CancellationToken cancellationToken)
   at Oracle.EntityFrameworkCore.Storage.Internal.OracleExecutionStrategy.ExecuteAsync[TState,TResult](TState state, Func`4 operation, Func`4 verifySucceeded, CancellationToken cancellationToken)
   at Microsoft.EntityFrameworkCore.Query.Internal.SingleQueryingEnumerable`1.AsyncEnumerator.MoveNextAsync()
2026-04-22 14:17:08.312 +07:00 [INF] Executed action ThucLuc.Api.Controllers.V1.DaoTaoHocVienController.GetAll (ThucLuc.Api) in 11.7442ms
2026-04-22 14:17:08.313 +07:00 [INF] Executed endpoint 'ThucLuc.Api.Controllers.V1.DaoTaoHocVienController.GetAll (ThucLuc.Api)'
2026-04-22 14:17:08.314 +07:00 [ERR] Unhandled exception. CorrelationId=d76751924a6b4ad49bebd53a5ba2070a
Oracle.ManagedDataAccess.Client.OracleException (0x80004005): ORA-00904: "b"."IS_LATEST": invalid identifier
https://docs.oracle.com/error-help/db/ora-00904/
   at System.Threading.Tasks.ContinuationResultTaskFromResultTask`2.InnerInvoke()
   at System.Threading.ExecutionContext.RunInternal(ExecutionContext executionContext, ContextCallback callback, Object state)
--- End of stack trace from previous location ---
   at System.Threading.ExecutionContext.RunInternal(ExecutionContext executionContext, ContextCallback callback, Object state)
   at System.Threading.Tasks.Task.ExecuteWithThreadLocal(Task& currentTaskSlot, Thread threadPoolThread)
--- End of stack trace from previous location ---
   at Oracle.EntityFrameworkCore.Storage.Internal.OracleRelationalCommandBuilderFactory.OracleRelationalCommandBuilder.OracleRelationalCommand.ExecuteReaderAsync(RelationalCommandParameterObject parameterObject, CancellationToken cancellationToken)
   at Oracle.EntityFrameworkCore.Storage.Internal.OracleRelationalCommandBuilderFactory.OracleRelationalCommandBuilder.OracleRelationalCommand.ExecuteReaderAsync(RelationalCommandParameterObject parameterObject, CancellationToken cancellationToken)
   at Oracle.EntityFrameworkCore.Storage.Internal.OracleRelationalCommandBuilderFactory.OracleRelationalCommandBuilder.OracleRelationalCommand.ExecuteReaderAsync(RelationalCommandParameterObject parameterObject, CancellationToken cancellationToken)
   at Microsoft.EntityFrameworkCore.Query.Internal.SingleQueryingEnumerable`1.AsyncEnumerator.InitializeReaderAsync(AsyncEnumerator enumerator, CancellationToken cancellationToken)
   at Oracle.EntityFrameworkCore.Storage.Internal.OracleExecutionStrategy.ExecuteAsync[TState,TResult](TState state, Func`4 operation, Func`4 verifySucceeded, CancellationToken cancellationToken)
   at Microsoft.EntityFrameworkCore.Query.Internal.SingleQueryingEnumerable`1.AsyncEnumerator.MoveNextAsync()
   at Microsoft.EntityFrameworkCore.EntityFrameworkQueryableExtensions.ToListAsync[TSource](IQueryable`1 source, CancellationToken cancellationToken)
   at Microsoft.EntityFrameworkCore.EntityFrameworkQueryableExtensions.ToListAsync[TSource](IQueryable`1 source, CancellationToken cancellationToken)
   at ThucLuc.Application.Features.DaoTaoHocVien.DaoTaoHocVienService.GetAllAsync(DaoTaoHocVienQuery query, CancellationToken cancellationToken) in D:\Projects\ThucLuc_V2\.sources\backend\src\Application\Features\DaoTaoHocVien\DaoTaoHocVienService.cs:line 60
   at ThucLuc.Api.Controllers.V1.DaoTaoHocVienController.GetAll(DaoTaoHocVienQuery query, CancellationToken cancellationToken) in D:\Projects\ThucLuc_V2\.sources\backend\src\api\Controllers\V1\DaoTaoHocVienController.cs:line 28
   at lambda_method2083(Closure, Object)
   at Microsoft.AspNetCore.Mvc.Infrastructure.ActionMethodExecutor.AwaitableObjectResultExecutor.Execute(ActionContext actionContext, IActionResultTypeMapper mapper, ObjectMethodExecutor executor, Object controller, Object[] arguments)
   at Microsoft.AspNetCore.Mvc.Infrastructure.ControllerActionInvoker.<InvokeActionMethodAsync>g__Awaited|12_0(ControllerActionInvoker invoker, ValueTask`1 actionResultValueTask)
   at Microsoft.AspNetCore.Mvc.Infrastructure.ControllerActionInvoker.<InvokeNextActionFilterAsync>g__Awaited|10_0(ControllerActionInvoker invoker, Task lastTask, State next, Scope scope, Object state, Boolean isCompleted)
   at Microsoft.AspNetCore.Mvc.Infrastructure.ControllerActionInvoker.Rethrow(ActionExecutedContextSealed context)
   at Microsoft.AspNetCore.Mvc.Infrastructure.ControllerActionInvoker.Next(State& next, Scope& scope, Object& state, Boolean& isCompleted)
   at Microsoft.AspNetCore.Mvc.Infrastructure.ControllerActionInvoker.<InvokeInnerFilterAsync>g__Awaited|13_0(ControllerActionInvoker invoker, Task lastTask, State next, Scope scope, Object state, Boolean isCompleted)
   at Microsoft.AspNetCore.Mvc.Infrastructure.ResourceInvoker.<InvokeFilterPipelineAsync>g__Awaited|20_0(ResourceInvoker invoker, Task lastTask, State next, Scope scope, Object state, Boolean isCompleted)
   at Microsoft.AspNetCore.Mvc.Infrastructure.ResourceInvoker.<InvokeAsync>g__Logged|17_1(ResourceInvoker invoker)
   at Microsoft.AspNetCore.Mvc.Infrastructure.ResourceInvoker.<InvokeAsync>g__Logged|17_1(ResourceInvoker invoker)
   at Microsoft.AspNetCore.Routing.EndpointMiddleware.<Invoke>g__AwaitRequestTask|7_0(Endpoint endpoint, Task requestTask, ILogger logger)
   at Microsoft.AspNetCore.Authorization.AuthorizationMiddleware.Invoke(HttpContext context)
   at Microsoft.AspNetCore.Authentication.AuthenticationMiddleware.Invoke(HttpContext context)
   at Swashbuckle.AspNetCore.SwaggerUI.SwaggerUIMiddleware.Invoke(HttpContext httpContext)
   at Swashbuckle.AspNetCore.Swagger.SwaggerMiddleware.Invoke(HttpContext httpContext, ISwaggerProvider swaggerProvider)
   at ThucLuc.Api.Common.Middleware.GlobalExceptionMiddleware.InvokeAsync(HttpContext context) in D:\Projects\ThucLuc_V2\.sources\backend\src\api\Common\Middleware\GlobalExceptionMiddleware.cs:line 23
2026-04-22 14:17:08.319 +07:00 [INF] HTTP GET /api/v1/dao-tao-hoc-vien => 500 in 21.4707 ms CorrelationId=d76751924a6b4ad49bebd53a5ba2070a UserId=5001
2026-04-22 14:17:08.321 +07:00 [ERR] HTTP GET /api/v1/dao-tao-hoc-vien responded 500 in 22.5520 ms
2026-04-22 14:17:08.322 +07:00 [INF] Request finished HTTP/1.1 GET http://localhost:5283/api/v1/dao-tao-hoc-vien - 500 null application/json 25.519ms
